firm_id,year,industry,total_assets_musd,roa_pct,new_ceo_this_year,ceo_tenure_years
F001,2010,Materials,883,4.47,0,7
F001,2011,Materials,910,2.66,0,8
F001,2012,Materials,937,5.02,1,0
F001,2013,Materials,965,7.15,0,1
F001,2014,Materials,994,8.86,0,2
F001,2015,Materials,1024,5.54,0,3
F001,2016,Materials,1055,3.93,0,4
F001,2017,Materials,1086,4.35,0,5
F001,2018,Materials,1119,3.99,0,6
F001,2019,Materials,1152,2.72,0,7
F001,2020,Materials,1187,1.8,0,8
F001,2021,Materials,1222,1.99,0,9
F001,2022,Materials,1259,-3.16,1,0
F001,2023,Materials,1297,3.3,1,0
F001,2024,Materials,1336,3.32,0,1
F001,2025,Materials,1376,7.2,0,2
F002,2010,Services,654,7.22,0,4
F002,2011,Services,674,7.21,0,5
F002,2012,Services,694,6.52,0,6
F002,2013,Services,715,8.35,0,7
F002,2014,Services,736,-0.54,0,8
F002,2015,Services,758,4.58,0,9
F002,2016,Services,781,4.3,1,0
F002,2017,Services,804,5.2,0,1
F002,2018,Services,828,3.31,0,2
F002,2019,Services,853,8.42,0,3
F002,2020,Services,879,6.76,0,4
F002,2021,Services,905,5.99,0,5
F002,2022,Services,932,4.66,0,6
F002,2023,Services,960,1.56,0,7
F002,2024,Services,989,5.2,0,8
F002,2025,Services,1019,5.02,0,9
F003,2010,Consumer,585,6.56,0,7
F003,2011,Consumer,603,9.78,0,8
F003,2012,Consumer,621,13.6,0,9
F003,2013,Consumer,639,15.22,0,10
F003,2014,Consumer,659,13.28,0,11
F003,2015,Consumer,678,11.85,0,12
F003,2016,Consumer,699,8.57,0,13
F003,2017,Consumer,720,10.57,1,0
F003,2018,Consumer,741,12.44,0,1
F003,2019,Consumer,764,11.2,0,2
F003,2020,Consumer,786,10.42,0,3
F003,2021,Consumer,810,12.84,0,4
F003,2022,Consumer,834,10.27,0,5
F003,2023,Consumer,859,9.4,0,6
F003,2024,Consumer,885,7.28,0,7
F003,2025,Consumer,912,4.59,0,8
F004,2010,Materials,299,9.37,0,7
F004,2011,Materials,308,10.67,0,8
F004,2012,Materials,318,7.35,0,9
F004,2013,Materials,327,9.05,0,10
F004,2014,Materials,337,9.08,0,11
F004,2015,Materials,347,5.0,0,12
F004,2016,Materials,358,6.64,0,13
F004,2017,Materials,368,6.78,0,14
F004,2018,Materials,379,9.09,0,15
F004,2019,Materials,391,6.12,0,16
F004,2020,Materials,402,8.19,1,0
F004,2021,Materials,415,8.3,1,0
F004,2022,Materials,427,4.65,0,1
F004,2023,Materials,440,5.26,0,2
F004,2024,Materials,453,4.69,0,3
F004,2025,Materials,467,5.59,0,4
F005,2010,Materials,331,15.81,0,7
F005,2011,Materials,341,11.66,0,8
F005,2012,Materials,351,5.89,0,9
F005,2013,Materials,362,7.97,0,10
F005,2014,Materials,372,5.51,0,11
F005,2015,Materials,384,7.79,0,12
F005,2016,Materials,395,12.15,0,13
F005,2017,Materials,407,11.65,0,14
F005,2018,Materials,419,9.69,0,15
F005,2019,Materials,432,8.5,0,16
F005,2020,Materials,445,9.8,0,17
F005,2021,Materials,458,3.64,0,18
F005,2022,Materials,472,8.01,0,19
F005,2023,Materials,486,8.82,0,20
F005,2024,Materials,501,13.09,0,21
F005,2025,Materials,516,16.09,0,22
F006,2010,Industrial,525,5.59,0,3
F006,2011,Industrial,541,5.31,0,4
F006,2012,Industrial,557,8.29,0,5
F006,2013,Industrial,574,2.57,0,6
F006,2014,Industrial,591,4.84,0,7
F006,2015,Industrial,609,4.31,0,8
F006,2016,Industrial,627,1.44,1,0
F006,2017,Industrial,646,2.0,0,1
F006,2018,Industrial,666,4.05,0,2
F006,2019,Industrial,686,4.38,0,3
F006,2020,Industrial,706,5.71,0,4
F006,2021,Industrial,727,6.18,0,5
F006,2022,Industrial,749,5.3,0,6
F006,2023,Industrial,772,5.36,0,7
F006,2024,Industrial,795,1.96,1,0
F006,2025,Industrial,819,4.5,0,1
F007,2010,Consumer,487,5.79,0,3
F007,2011,Consumer,501,5.75,0,4
F007,2012,Consumer,517,4.21,0,5
F007,2013,Consumer,532,10.64,0,6
F007,2014,Consumer,548,3.59,0,7
F007,2015,Consumer,564,5.6,0,8
F007,2016,Consumer,581,6.65,1,0
F007,2017,Consumer,599,1.73,0,1
F007,2018,Consumer,617,4.0,0,2
F007,2019,Consumer,635,7.15,0,3
F007,2020,Consumer,654,5.88,0,4
F007,2021,Consumer,674,4.91,0,5
F007,2022,Consumer,694,5.52,0,6
F007,2023,Consumer,715,7.8,1,0
F007,2024,Consumer,736,7.76,0,1
F007,2025,Consumer,759,2.08,0,2
F008,2010,Services,439,12.94,0,7
F008,2011,Services,452,12.67,0,8
F008,2012,Services,466,13.02,0,9
F008,2013,Services,480,15.68,0,10
F008,2014,Services,494,11.49,0,11
F008,2015,Services,509,12.14,1,0
F008,2016,Services,524,8.01,0,1
F008,2017,Services,540,9.21,0,2
F008,2018,Services,556,8.54,0,3
F008,2019,Services,573,13.25,0,4
F008,2020,Services,590,15.02,0,5
F008,2021,Services,608,13.4,0,6
F008,2022,Services,626,12.7,0,7
F008,2023,Services,645,16.17,0,8
F008,2024,Services,664,17.24,0,9
F008,2025,Services,684,13.97,0,10
F009,2010,Consumer,896,6.03,0,0
F009,2011,Consumer,923,9.97,0,1
F009,2012,Consumer,951,7.64,0,2
F009,2013,Consumer,979,8.78,0,3
F009,2014,Consumer,1009,7.31,0,4
F009,2015,Consumer,1039,9.75,0,5
F009,2016,Consumer,1070,7.47,0,6
F009,2017,Consumer,1102,7.64,0,7
F009,2018,Consumer,1135,1.88,0,8
F009,2019,Consumer,1169,5.47,0,9
F009,2020,Consumer,1204,3.68,0,10
F009,2021,Consumer,1241,3.59,0,11
F009,2022,Consumer,1278,2.92,0,12
F009,2023,Consumer,1316,3.21,0,13
F009,2024,Consumer,1356,7.45,0,14
F009,2025,Consumer,1396,0.5,0,15
F010,2010,Materials,510,9.1,0,2
F010,2011,Materials,526,13.68,0,3
F010,2012,Materials,541,6.29,0,4
F010,2013,Materials,558,3.24,0,5
F010,2014,Materials,574,2.66,0,6
F010,2015,Materials,592,5.27,0,7
F010,2016,Materials,609,8.17,0,8
F010,2017,Materials,628,5.4,0,9
F010,2018,Materials,646,3.59,0,10
F010,2019,Materials,666,2.33,0,11
F010,2020,Materials,686,6.99,0,12
F010,2021,Materials,706,5.16,0,13
F010,2022,Materials,728,9.6,0,14
F010,2023,Materials,749,10.96,0,15
F010,2024,Materials,772,4.04,0,16
F010,2025,Materials,795,6.76,0,17
F011,2010,Tech,509,7.21,0,6
F011,2011,Tech,525,8.99,0,7
F011,2012,Tech,540,6.52,1,0
F011,2013,Tech,557,5.16,0,1
F011,2014,Tech,573,6.51,0,2
F011,2015,Tech,591,4.76,0,3
F011,2016,Tech,608,1.46,0,4
F011,2017,Tech,626,3.47,1,0
F011,2018,Tech,645,2.36,1,0
F011,2019,Tech,665,5.0,0,1
F011,2020,Tech,685,4.46,0,2
F011,2021,Tech,705,4.05,0,3
F011,2022,Tech,726,6.74,0,4
F011,2023,Tech,748,7.27,0,5
F011,2024,Tech,771,6.12,0,6
F011,2025,Tech,794,2.27,0,7
F012,2010,Healthcare,541,8.15,0,4
F012,2011,Healthcare,557,13.12,0,5
F012,2012,Healthcare,574,7.04,0,6
F012,2013,Healthcare,591,7.95,0,7
F012,2014,Healthcare,609,11.68,0,8
F012,2015,Healthcare,627,13.12,0,9
F012,2016,Healthcare,646,11.03,1,0
F012,2017,Healthcare,665,13.0,0,1
F012,2018,Healthcare,685,9.57,0,2
F012,2019,Healthcare,706,11.74,0,3
F012,2020,Healthcare,727,8.22,0,4
F012,2021,Healthcare,749,7.69,0,5
F012,2022,Healthcare,771,8.68,0,6
F012,2023,Healthcare,795,7.14,0,7
F012,2024,Healthcare,818,13.93,0,8
F012,2025,Healthcare,843,11.98,0,9
F013,2010,Materials,730,7.1,0,3
F013,2011,Materials,752,7.97,0,4
F013,2012,Materials,775,8.73,0,5
F013,2013,Materials,798,7.89,0,6
F013,2014,Materials,822,8.57,1,0
F013,2015,Materials,847,8.7,0,1
F013,2016,Materials,872,5.78,0,2
F013,2017,Materials,898,10.44,0,3
F013,2018,Materials,925,8.26,0,4
F013,2019,Materials,953,2.94,0,5
F013,2020,Materials,982,1.34,0,6
F013,2021,Materials,1011,7.45,0,7
F013,2022,Materials,1041,10.61,0,8
F013,2023,Materials,1073,9.12,0,9
F013,2024,Materials,1105,5.26,0,10
F013,2025,Materials,1138,3.59,0,11
F014,2010,Industrial,647,8.18,0,2
F014,2011,Industrial,666,8.63,0,3
F014,2012,Industrial,686,4.11,0,4
F014,2013,Industrial,707,7.38,0,5
F014,2014,Industrial,728,8.25,0,6
F014,2015,Industrial,750,10.5,0,7
F014,2016,Industrial,772,10.56,0,8
F014,2017,Industrial,795,8.03,0,9
F014,2018,Industrial,819,7.1,0,10
F014,2019,Industrial,844,8.93,0,11
F014,2020,Industrial,869,5.75,1,0
F014,2021,Industrial,895,7.92,1,0
F014,2022,Industrial,922,9.02,0,1
F014,2023,Industrial,950,9.18,0,2
F014,2024,Industrial,978,8.94,0,3
F014,2025,Industrial,1008,7.35,0,4
F015,2010,Consumer,705,3.74,0,4
F015,2011,Consumer,726,6.38,0,5
F015,2012,Consumer,748,6.8,0,6
F015,2013,Consumer,770,10.14,0,7
F015,2014,Consumer,793,11.63,1,0
F015,2015,Consumer,817,9.14,0,1
F015,2016,Consumer,842,6.61,0,2
F015,2017,Consumer,867,6.67,0,3
F015,2018,Consumer,893,10.11,0,4
F015,2019,Consumer,920,10.42,0,5
F015,2020,Consumer,947,9.71,0,6
F015,2021,Consumer,976,8.63,0,7
F015,2022,Consumer,1005,6.61,0,8
F015,2023,Consumer,1035,7.94,0,9
F015,2024,Consumer,1066,11.42,0,10
F015,2025,Consumer,1098,9.9,0,11
F016,2010,Consumer,736,10.34,0,3
F016,2011,Consumer,758,8.84,0,4
F016,2012,Consumer,781,6.01,0,5
F016,2013,Consumer,804,10.17,0,6
F016,2014,Consumer,828,6.44,0,7
F016,2015,Consumer,853,11.14,0,8
F016,2016,Consumer,879,12.35,0,9
F016,2017,Consumer,905,6.21,0,10
F016,2018,Consumer,932,4.28,0,11
F016,2019,Consumer,960,7.0,0,12
F016,2020,Consumer,989,5.85,0,13
F016,2021,Consumer,1019,2.58,0,14
F016,2022,Consumer,1049,1.01,0,15
F016,2023,Consumer,1081,3.04,0,16
F016,2024,Consumer,1113,5.49,1,0
F016,2025,Consumer,1146,4.24,0,1
F017,2010,Consumer,583,3.51,0,5
F017,2011,Consumer,600,2.53,1,0
F017,2012,Consumer,618,3.59,0,1
F017,2013,Consumer,637,7.53,0,2
F017,2014,Consumer,656,9.93,0,3
F017,2015,Consumer,675,8.02,0,4
F017,2016,Consumer,696,1.54,0,5
F017,2017,Consumer,716,5.06,1,0
F017,2018,Consumer,738,7.78,0,1
F017,2019,Consumer,760,3.59,0,2
F017,2020,Consumer,783,7.33,1,0
F017,2021,Consumer,806,2.93,0,1
F017,2022,Consumer,831,6.56,0,2
F017,2023,Consumer,856,6.86,0,3
F017,2024,Consumer,881,3.46,0,4
F017,2025,Consumer,908,-1.28,1,0
F018,2010,Materials,577,7.41,0,0
F018,2011,Materials,594,5.26,0,1
F018,2012,Materials,612,7.96,0,2
F018,2013,Materials,630,3.37,0,3
F018,2014,Materials,649,8.85,0,4
F018,2015,Materials,668,6.64,0,5
F018,2016,Materials,689,9.51,0,6
F018,2017,Materials,709,5.53,0,7
F018,2018,Materials,730,5.41,0,8
F018,2019,Materials,752,5.15,0,9
F018,2020,Materials,775,2.09,0,10
F018,2021,Materials,798,9.85,0,11
F018,2022,Materials,822,7.38,0,12
F018,2023,Materials,847,6.87,0,13
F018,2024,Materials,872,7.32,0,14
F018,2025,Materials,898,4.8,0,15
F019,2010,Services,305,8.3,0,0
F019,2011,Services,314,5.56,0,1
F019,2012,Services,323,10.71,0,2
F019,2013,Services,333,8.91,0,3
F019,2014,Services,343,9.22,0,4
F019,2015,Services,353,9.54,0,5
F019,2016,Services,364,9.18,0,6
F019,2017,Services,375,4.94,0,7
F019,2018,Services,386,11.28,0,8
F019,2019,Services,398,7.1,0,9
F019,2020,Services,410,3.93,0,10
F019,2021,Services,422,8.16,0,11
F019,2022,Services,435,8.2,0,12
F019,2023,Services,448,6.55,0,13
F019,2024,Services,461,7.19,0,14
F019,2025,Services,475,11.21,0,15
F020,2010,Materials,365,6.46,0,0
F020,2011,Materials,376,10.58,0,1
F020,2012,Materials,387,3.27,0,2
F020,2013,Materials,399,3.29,0,3
F020,2014,Materials,411,5.02,0,4
F020,2015,Materials,423,7.52,0,5
F020,2016,Materials,436,6.18,0,6
F020,2017,Materials,449,6.18,0,7
F020,2018,Materials,462,1.32,0,8
F020,2019,Materials,476,4.29,0,9
F020,2020,Materials,490,2.43,0,10
F020,2021,Materials,505,5.24,0,11
F020,2022,Materials,520,2.13,0,12
F020,2023,Materials,536,2.25,0,13
F020,2024,Materials,552,3.46,0,14
F020,2025,Materials,568,2.62,0,15
F021,2010,Consumer,852,8.38,0,2
F021,2011,Consumer,877,8.38,0,3
F021,2012,Consumer,904,5.93,0,4
F021,2013,Consumer,931,9.33,0,5
F021,2014,Consumer,959,11.46,0,6
F021,2015,Consumer,988,11.94,0,7
F021,2016,Consumer,1017,6.51,0,8
F021,2017,Consumer,1048,5.17,0,9
F021,2018,Consumer,1079,2.34,0,10
F021,2019,Consumer,1112,0.87,0,11
F021,2020,Consumer,1145,3.57,1,0
F021,2021,Consumer,1179,4.51,0,1
F021,2022,Consumer,1215,4.82,0,2
F021,2023,Consumer,1251,12.85,0,3
F021,2024,Consumer,1289,7.96,0,4
F021,2025,Consumer,1327,8.98,0,5
F022,2010,Materials,646,11.05,0,5
F022,2011,Materials,665,10.46,0,6
F022,2012,Materials,685,12.52,0,7
F022,2013,Materials,706,12.56,0,8
F022,2014,Materials,727,10.01,0,9
F022,2015,Materials,749,13.48,0,10
F022,2016,Materials,771,13.84,0,11
F022,2017,Materials,794,16.89,0,12
F022,2018,Materials,818,11.99,0,13
F022,2019,Materials,843,19.49,1,0
F022,2020,Materials,868,10.6,0,1
F022,2021,Materials,894,11.21,0,2
F022,2022,Materials,921,14.26,0,3
F022,2023,Materials,948,13.03,0,4
F022,2024,Materials,977,11.01,0,5
F022,2025,Materials,1006,12.43,0,6
F023,2010,Consumer,457,9.39,0,2
F023,2011,Consumer,471,8.77,0,3
F023,2012,Consumer,485,2.24,0,4
F023,2013,Consumer,500,5.18,0,5
F023,2014,Consumer,515,1.34,0,6
F023,2015,Consumer,530,-1.2,0,7
F023,2016,Consumer,546,-3.38,1,0
F023,2017,Consumer,562,3.66,1,0
F023,2018,Consumer,579,4.1,0,1
F023,2019,Consumer,597,3.69,0,2
F023,2020,Consumer,614,6.2,0,3
F023,2021,Consumer,633,6.42,0,4
F023,2022,Consumer,652,5.06,0,5
F023,2023,Consumer,671,7.14,0,6
F023,2024,Consumer,692,6.41,0,7
F023,2025,Consumer,712,8.87,0,8
F024,2010,Services,446,4.01,0,7
F024,2011,Services,460,0.62,0,8
F024,2012,Services,473,6.29,1,0
F024,2013,Services,488,4.36,0,1
F024,2014,Services,502,0.13,0,2
F024,2015,Services,517,-2.52,0,3
F024,2016,Services,533,-2.16,0,4
F024,2017,Services,549,-1.84,0,5
F024,2018,Services,565,4.37,1,0
F024,2019,Services,582,6.13,0,1
F024,2020,Services,600,7.65,0,2
F024,2021,Services,618,8.67,0,3
F024,2022,Services,636,4.42,0,4
F024,2023,Services,655,4.72,1,0
F024,2024,Services,675,2.78,0,1
F024,2025,Services,695,5.1,0,2
F025,2010,Materials,891,5.75,0,1
F025,2011,Materials,918,7.57,0,2
F025,2012,Materials,946,7.97,0,3
F025,2013,Materials,974,3.11,0,4
F025,2014,Materials,1003,9.45,0,5
F025,2015,Materials,1033,6.24,0,6
F025,2016,Materials,1064,5.27,0,7
F025,2017,Materials,1096,10.88,0,8
F025,2018,Materials,1129,7.86,0,9
F025,2019,Materials,1163,5.96,0,10
F025,2020,Materials,1198,5.72,0,11
F025,2021,Materials,1234,9.24,0,12
F025,2022,Materials,1271,10.16,0,13
F025,2023,Materials,1309,9.67,0,14
F025,2024,Materials,1348,10.29,0,15
F025,2025,Materials,1389,5.07,0,16
F026,2010,Healthcare,744,7.05,0,6
F026,2011,Healthcare,766,5.02,0,7
F026,2012,Healthcare,789,-0.21,0,8
F026,2013,Healthcare,813,2.1,0,9
F026,2014,Healthcare,837,2.07,0,10
F026,2015,Healthcare,862,9.34,0,11
F026,2016,Healthcare,888,5.58,0,12
F026,2017,Healthcare,915,1.69,0,13
F026,2018,Healthcare,942,3.66,0,14
F026,2019,Healthcare,970,4.19,0,15
F026,2020,Healthcare,999,1.11,0,16
F026,2021,Healthcare,1029,2.33,1,0
F026,2022,Healthcare,1060,3.2,0,1
F026,2023,Healthcare,1092,0.95,0,2
F026,2024,Healthcare,1125,4.12,0,3
F026,2025,Healthcare,1159,4.08,0,4
F027,2010,Healthcare,159,3.83,0,4
F027,2011,Healthcare,164,6.97,0,5
F027,2012,Healthcare,168,4.54,0,6
F027,2013,Healthcare,173,4.54,0,7
F027,2014,Healthcare,179,6.37,0,8
F027,2015,Healthcare,184,11.0,0,9
F027,2016,Healthcare,190,8.78,0,10
F027,2017,Healthcare,195,11.25,0,11
F027,2018,Healthcare,201,8.58,0,12
F027,2019,Healthcare,207,7.06,0,13
F027,2020,Healthcare,213,7.89,0,14
F027,2021,Healthcare,220,1.86,0,15
F027,2022,Healthcare,226,8.45,0,16
F027,2023,Healthcare,233,3.5,0,17
F027,2024,Healthcare,240,7.67,1,0
F027,2025,Healthcare,247,3.46,0,1
F028,2010,Consumer,400,3.62,0,3
F028,2011,Consumer,412,4.08,0,4
F028,2012,Consumer,424,3.68,0,5
F028,2013,Consumer,437,4.67,0,6
F028,2014,Consumer,450,5.7,0,7
F028,2015,Consumer,463,4.31,0,8
F028,2016,Consumer,477,6.32,0,9
F028,2017,Consumer,491,0.01,0,10
F028,2018,Consumer,506,2.43,0,11
F028,2019,Consumer,521,6.2,0,12
F028,2020,Consumer,537,4.13,0,13
F028,2021,Consumer,553,2.84,0,14
F028,2022,Consumer,570,6.15,0,15
F028,2023,Consumer,587,3.55,0,16
F028,2024,Consumer,604,6.92,0,17
F028,2025,Consumer,623,0.48,0,18
F029,2010,Tech,293,5.32,0,5
F029,2011,Tech,302,11.22,0,6
F029,2012,Tech,311,10.77,0,7
F029,2013,Tech,320,8.88,0,8
F029,2014,Tech,330,7.16,0,9
F029,2015,Tech,340,7.29,0,10
F029,2016,Tech,350,8.43,0,11
F029,2017,Tech,360,7.28,0,12
F029,2018,Tech,371,14.93,0,13
F029,2019,Tech,382,15.15,0,14
F029,2020,Tech,394,11.3,0,15
F029,2021,Tech,406,5.71,1,0
F029,2022,Tech,418,9.49,0,1
F029,2023,Tech,430,7.46,0,2
F029,2024,Tech,443,6.63,0,3
F029,2025,Tech,457,8.05,0,4
F030,2010,Consumer,667,9.91,0,6
F030,2011,Consumer,687,8.26,0,7
F030,2012,Consumer,708,6.42,0,8
F030,2013,Consumer,729,4.34,0,9
F030,2014,Consumer,751,7.43,0,10
F030,2015,Consumer,774,9.36,0,11
F030,2016,Consumer,797,9.95,0,12
F030,2017,Consumer,821,10.74,0,13
F030,2018,Consumer,845,5.05,0,14
F030,2019,Consumer,871,6.47,0,15
F030,2020,Consumer,897,4.94,0,16
F030,2021,Consumer,924,6.34,0,17
F030,2022,Consumer,952,9.66,0,18
F030,2023,Consumer,980,12.77,0,19
F030,2024,Consumer,1009,10.2,0,20
F030,2025,Consumer,1040,10.46,0,21
F031,2010,Services,428,11.18,0,7
F031,2011,Services,440,8.57,1,0
F031,2012,Services,454,7.48,0,1
F031,2013,Services,467,2.14,0,2
F031,2014,Services,481,8.47,1,0
F031,2015,Services,496,10.82,0,1
F031,2016,Services,511,9.83,0,2
F031,2017,Services,526,8.45,0,3
F031,2018,Services,542,4.24,0,4
F031,2019,Services,558,5.47,0,5
F031,2020,Services,575,10.08,0,6
F031,2021,Services,592,8.29,0,7
F031,2022,Services,610,10.84,0,8
F031,2023,Services,628,9.1,0,9
F031,2024,Services,647,11.25,0,10
F031,2025,Services,666,8.41,1,0
F032,2010,Services,474,12.56,0,4
F032,2011,Services,488,12.22,1,0
F032,2012,Services,502,8.88,0,1
F032,2013,Services,517,10.52,0,2
F032,2014,Services,533,11.17,0,3
F032,2015,Services,549,9.28,1,0
F032,2016,Services,565,9.28,0,1
F032,2017,Services,582,17.28,0,2
F032,2018,Services,600,11.48,0,3
F032,2019,Services,618,10.13,0,4
F032,2020,Services,636,8.59,0,5
F032,2021,Services,656,10.32,0,6
F032,2022,Services,675,12.1,0,7
F032,2023,Services,695,18.73,0,8
F032,2024,Services,716,12.0,0,9
F032,2025,Services,738,11.97,0,10
F033,2010,Healthcare,867,4.37,0,1
F033,2011,Healthcare,893,8.58,0,2
F033,2012,Healthcare,920,5.52,0,3
F033,2013,Healthcare,948,1.81,0,4
F033,2014,Healthcare,976,3.79,0,5
F033,2015,Healthcare,1005,7.09,0,6
F033,2016,Healthcare,1036,-2.08,0,7
F033,2017,Healthcare,1067,5.43,1,0
F033,2018,Healthcare,1099,4.82,0,1
F033,2019,Healthcare,1132,4.41,0,2
F033,2020,Healthcare,1166,4.7,0,3
F033,2021,Healthcare,1201,-0.65,0,4
F033,2022,Healthcare,1237,-1.04,0,5
F033,2023,Healthcare,1274,3.16,0,6
F033,2024,Healthcare,1312,8.9,0,7
F033,2025,Healthcare,1351,8.79,0,8
F034,2010,Healthcare,547,5.77,0,3
F034,2011,Healthcare,563,8.78,0,4
F034,2012,Healthcare,580,12.06,0,5
F034,2013,Healthcare,597,5.75,0,6
F034,2014,Healthcare,615,3.19,0,7
F034,2015,Healthcare,634,8.47,0,8
F034,2016,Healthcare,653,5.7,0,9
F034,2017,Healthcare,672,1.93,0,10
F034,2018,Healthcare,693,5.28,0,11
F034,2019,Healthcare,713,12.68,0,12
F034,2020,Healthcare,735,9.68,0,13
F034,2021,Healthcare,757,6.83,0,14
F034,2022,Healthcare,780,11.38,0,15
F034,2023,Healthcare,803,5.78,1,0
F034,2024,Healthcare,827,5.83,0,1
F034,2025,Healthcare,852,1.39,0,2
F035,2010,Industrial,235,5.52,0,0
F035,2011,Industrial,243,6.8,0,1
F035,2012,Industrial,250,4.65,0,2
F035,2013,Industrial,257,6.1,0,3
F035,2014,Industrial,265,5.39,0,4
F035,2015,Industrial,273,4.3,0,5
F035,2016,Industrial,281,6.61,1,0
F035,2017,Industrial,290,6.69,0,1
F035,2018,Industrial,298,9.01,0,2
F035,2019,Industrial,307,2.77,0,3
F035,2020,Industrial,316,5.13,0,4
F035,2021,Industrial,326,10.11,0,5
F035,2022,Industrial,336,9.08,0,6
F035,2023,Industrial,346,12.16,0,7
F035,2024,Industrial,356,7.74,0,8
F035,2025,Industrial,367,11.4,0,9
F036,2010,Healthcare,302,1.97,0,5
F036,2011,Healthcare,311,4.24,0,6
F036,2012,Healthcare,321,4.69,0,7
F036,2013,Healthcare,330,1.56,0,8
F036,2014,Healthcare,340,-1.7,0,9
F036,2015,Healthcare,350,1.77,1,0
F036,2016,Healthcare,361,5.38,0,1
F036,2017,Healthcare,372,1.29,0,2
F036,2018,Healthcare,383,3.18,0,3
F036,2019,Healthcare,394,0.79,0,4
F036,2020,Healthcare,406,-2.93,0,5
F036,2021,Healthcare,418,-1.84,1,0
F036,2022,Healthcare,431,-0.29,0,1
F036,2023,Healthcare,444,-5.35,0,2
F036,2024,Healthcare,457,3.34,0,3
F036,2025,Healthcare,471,0.63,0,4
F037,2010,Healthcare,214,6.75,0,3
F037,2011,Healthcare,221,8.79,0,4
F037,2012,Healthcare,228,9.64,0,5
F037,2013,Healthcare,234,6.0,0,6
F037,2014,Healthcare,241,9.11,1,0
F037,2015,Healthcare,249,5.24,0,1
F037,2016,Healthcare,256,13.7,0,2
F037,2017,Healthcare,264,5.02,0,3
F037,2018,Healthcare,272,7.94,0,4
F037,2019,Healthcare,280,8.2,0,5
F037,2020,Healthcare,288,3.07,0,6
F037,2021,Healthcare,297,5.92,0,7
F037,2022,Healthcare,306,6.26,0,8
F037,2023,Healthcare,315,6.81,0,9
F037,2024,Healthcare,324,11.29,1,0
F037,2025,Healthcare,334,7.17,0,1
F038,2010,Tech,725,9.01,0,3
F038,2011,Tech,747,11.92,0,4
F038,2012,Tech,769,6.19,0,5
F038,2013,Tech,792,5.69,0,6
F038,2014,Tech,816,4.92,1,0
F038,2015,Tech,840,3.47,0,1
F038,2016,Tech,865,3.06,0,2
F038,2017,Tech,891,15.33,1,0
F038,2018,Tech,918,13.14,0,1
F038,2019,Tech,946,8.2,0,2
F038,2020,Tech,974,6.24,0,3
F038,2021,Tech,1003,8.73,0,4
F038,2022,Tech,1033,5.37,1,0
F038,2023,Tech,1064,9.99,0,1
F038,2024,Tech,1096,4.49,0,2
F038,2025,Tech,1129,11.07,0,3
F039,2010,Services,385,7.57,0,7
F039,2011,Services,397,12.4,0,8
F039,2012,Services,409,10.87,0,9
F039,2013,Services,421,10.46,0,10
F039,2014,Services,434,10.84,0,11
F039,2015,Services,447,8.89,1,0
F039,2016,Services,460,7.62,0,1
F039,2017,Services,474,4.06,0,2
F039,2018,Services,488,10.83,1,0
F039,2019,Services,503,4.67,0,1
F039,2020,Services,518,6.26,1,0
F039,2021,Services,533,7.26,0,1
F039,2022,Services,549,12.26,0,2
F039,2023,Services,566,15.82,0,3
F039,2024,Services,583,7.51,0,4
F039,2025,Services,600,8.83,0,5
F040,2010,Materials,627,6.37,0,6
F040,2011,Materials,646,4.94,0,7
F040,2012,Materials,665,4.87,0,8
F040,2013,Materials,685,8.58,0,9
F040,2014,Materials,706,5.0,0,10
F040,2015,Materials,727,6.04,1,0
F040,2016,Materials,749,6.88,0,1
F040,2017,Materials,771,8.37,0,2
F040,2018,Materials,794,4.9,0,3
F040,2019,Materials,818,5.2,0,4
F040,2020,Materials,843,10.15,0,5
F040,2021,Materials,868,9.71,0,6
F040,2022,Materials,894,7.77,0,7
F040,2023,Materials,921,10.5,0,8
F040,2024,Materials,949,5.65,0,9
F040,2025,Materials,977,10.22,0,10
F041,2010,Materials,509,8.98,0,1
F041,2011,Materials,525,6.87,0,2
F041,2012,Materials,540,7.96,0,3
F041,2013,Materials,557,5.13,0,4
F041,2014,Materials,573,4.87,0,5
F041,2015,Materials,590,7.83,0,6
F041,2016,Materials,608,5.81,0,7
F041,2017,Materials,626,8.48,1,0
F041,2018,Materials,645,6.92,0,1
F041,2019,Materials,665,7.42,0,2
F041,2020,Materials,684,4.94,0,3
F041,2021,Materials,705,7.07,0,4
F041,2022,Materials,726,11.87,0,5
F041,2023,Materials,748,11.53,0,6
F041,2024,Materials,770,7.06,0,7
F041,2025,Materials,793,5.08,0,8
F042,2010,Tech,736,4.54,0,7
F042,2011,Tech,758,4.19,0,8
F042,2012,Tech,781,2.18,0,9
F042,2013,Tech,805,2.36,0,10
F042,2014,Tech,829,4.52,0,11
F042,2015,Tech,854,4.89,0,12
F042,2016,Tech,879,2.15,1,0
F042,2017,Tech,906,5.73,0,1
F042,2018,Tech,933,3.42,0,2
F042,2019,Tech,961,8.15,0,3
F042,2020,Tech,989,7.45,0,4
F042,2021,Tech,1019,4.84,0,5
F042,2022,Tech,1050,0.69,0,6
F042,2023,Tech,1081,-0.67,0,7
F042,2024,Tech,1114,7.0,0,8
F042,2025,Tech,1147,4.73,0,9
F043,2010,Tech,377,3.08,0,3
F043,2011,Tech,388,6.57,0,4
F043,2012,Tech,400,6.0,0,5
F043,2013,Tech,412,4.1,0,6
F043,2014,Tech,424,9.73,0,7
F043,2015,Tech,437,8.16,0,8
F043,2016,Tech,450,4.09,0,9
F043,2017,Tech,464,3.96,0,10
F043,2018,Tech,478,0.95,0,11
F043,2019,Tech,492,5.59,0,12
F043,2020,Tech,507,4.59,0,13
F043,2021,Tech,522,8.38,0,14
F043,2022,Tech,537,2.84,0,15
F043,2023,Tech,554,8.27,0,16
F043,2024,Tech,570,4.72,0,17
F043,2025,Tech,587,5.76,0,18
F044,2010,Tech,377,10.57,0,5
F044,2011,Tech,389,9.02,0,6
F044,2012,Tech,400,2.68,0,7
F044,2013,Tech,412,7.55,0,8
F044,2014,Tech,425,6.9,0,9
F044,2015,Tech,438,6.38,0,10
F044,2016,Tech,451,-0.49,0,11
F044,2017,Tech,464,0.72,1,0
F044,2018,Tech,478,2.75,0,1
F044,2019,Tech,493,0.61,0,2
F044,2020,Tech,507,4.88,1,0
F044,2021,Tech,523,3.2,0,1
F044,2022,Tech,538,-2.99,0,2
F044,2023,Tech,554,1.69,1,0
F044,2024,Tech,571,1.28,0,1
F044,2025,Tech,588,6.81,1,0
F045,2010,Healthcare,881,5.44,0,4
F045,2011,Healthcare,908,4.51,1,0
F045,2012,Healthcare,935,7.27,0,1
F045,2013,Healthcare,963,1.68,0,2
F045,2014,Healthcare,992,5.36,0,3
F045,2015,Healthcare,1021,2.05,0,4
F045,2016,Healthcare,1052,-1.09,0,5
F045,2017,Healthcare,1084,-0.34,0,6
F045,2018,Healthcare,1116,1.97,0,7
F045,2019,Healthcare,1150,3.54,0,8
F045,2020,Healthcare,1184,-2.09,0,9
F045,2021,Healthcare,1220,-3.49,1,0
F045,2022,Healthcare,1256,3.99,1,0
F045,2023,Healthcare,1294,2.05,0,1
F045,2024,Healthcare,1333,0.39,0,2
F045,2025,Healthcare,1373,1.57,0,3
F046,2010,Services,461,8.98,0,2
F046,2011,Services,474,9.6,0,3
F046,2012,Services,489,12.0,0,4
F046,2013,Services,503,8.98,0,5
F046,2014,Services,518,6.02,0,6
F046,2015,Services,534,6.69,1,0
F046,2016,Services,550,8.9,0,1
F046,2017,Services,566,7.87,1,0
F046,2018,Services,583,13.61,0,1
F046,2019,Services,601,16.12,0,2
F046,2020,Services,619,13.38,0,3
F046,2021,Services,637,12.85,0,4
F046,2022,Services,657,11.43,0,5
F046,2023,Services,676,11.68,0,6
F046,2024,Services,697,10.66,0,7
F046,2025,Services,717,16.37,0,8
F047,2010,Consumer,730,3.52,0,0
F047,2011,Consumer,752,4.12,0,1
F047,2012,Consumer,774,2.28,0,2
F047,2013,Consumer,797,1.07,0,3
F047,2014,Consumer,821,-1.2,0,4
F047,2015,Consumer,846,7.55,1,0
F047,2016,Consumer,871,1.57,0,1
F047,2017,Consumer,897,7.66,0,2
F047,2018,Consumer,924,7.86,0,3
F047,2019,Consumer,952,5.75,0,4
F047,2020,Consumer,981,7.71,0,5
F047,2021,Consumer,1010,6.04,0,6
F047,2022,Consumer,1040,5.47,0,7
F047,2023,Consumer,1072,7.24,0,8
F047,2024,Consumer,1104,2.69,0,9
F047,2025,Consumer,1137,9.09,0,10
F048,2010,Tech,371,0.65,0,7
F048,2011,Tech,383,0.4,0,8
F048,2012,Tech,394,1.85,1,0
F048,2013,Tech,406,7.43,0,1
F048,2014,Tech,418,4.31,0,2
F048,2015,Tech,431,6.38,0,3
F048,2016,Tech,444,-0.37,0,4
F048,2017,Tech,457,6.88,0,5
F048,2018,Tech,471,8.27,0,6
F048,2019,Tech,485,4.72,0,7
F048,2020,Tech,499,8.21,0,8
F048,2021,Tech,514,7.38,0,9
F048,2022,Tech,530,3.4,0,10
F048,2023,Tech,546,4.54,0,11
F048,2024,Tech,562,3.22,0,12
F048,2025,Tech,579,2.01,0,13
F049,2010,Tech,434,5.96,0,5
F049,2011,Tech,447,6.1,0,6
F049,2012,Tech,461,7.23,0,7
F049,2013,Tech,475,8.01,0,8
F049,2014,Tech,489,7.56,0,9
F049,2015,Tech,504,6.55,0,10
F049,2016,Tech,519,2.83,0,11
F049,2017,Tech,534,3.7,1,0
F049,2018,Tech,550,8.21,1,0
F049,2019,Tech,567,11.59,0,1
F049,2020,Tech,584,10.61,0,2
F049,2021,Tech,601,10.81,0,3
F049,2022,Tech,619,2.71,0,4
F049,2023,Tech,638,5.49,0,5
F049,2024,Tech,657,4.33,0,6
F049,2025,Tech,677,7.98,0,7
F050,2010,Tech,456,11.15,0,7
F050,2011,Tech,470,9.37,1,0
F050,2012,Tech,484,12.65,0,1
F050,2013,Tech,498,9.24,0,2
F050,2014,Tech,513,11.88,0,3
F050,2015,Tech,528,14.55,1,0
F050,2016,Tech,544,7.86,0,1
F050,2017,Tech,561,10.85,1,0
F050,2018,Tech,577,10.56,0,1
F050,2019,Tech,595,11.59,0,2
F050,2020,Tech,613,10.72,0,3
F050,2021,Tech,631,12.59,0,4
F050,2022,Tech,650,8.49,0,5
F050,2023,Tech,669,17.4,0,6
F050,2024,Tech,689,12.88,0,7
F050,2025,Tech,710,11.31,0,8
F051,2010,Tech,786,0.86,0,6
F051,2011,Tech,810,1.98,0,7
F051,2012,Tech,834,0.47,0,8
F051,2013,Tech,859,3.87,0,9
F051,2014,Tech,885,-0.6,0,10
F051,2015,Tech,911,-1.55,0,11
F051,2016,Tech,939,-2.74,0,12
F051,2017,Tech,967,-1.01,0,13
F051,2018,Tech,996,0.31,0,14
F051,2019,Tech,1026,1.76,0,15
F051,2020,Tech,1057,0.68,0,16
F051,2021,Tech,1088,3.38,0,17
F051,2022,Tech,1121,1.4,0,18
F051,2023,Tech,1154,3.37,0,19
F051,2024,Tech,1189,3.7,0,20
F051,2025,Tech,1225,1.72,0,21
F052,2010,Materials,596,2.2,0,1
F052,2011,Materials,614,7.26,0,2
F052,2012,Materials,632,2.6,0,3
F052,2013,Materials,651,6.84,0,4
F052,2014,Materials,670,10.23,0,5
F052,2015,Materials,691,4.59,0,6
F052,2016,Materials,711,7.78,0,7
F052,2017,Materials,733,6.62,0,8
F052,2018,Materials,755,-2.74,1,0
F052,2019,Materials,777,2.18,1,0
F052,2020,Materials,801,8.72,1,0
F052,2021,Materials,825,4.59,0,1
F052,2022,Materials,849,5.31,0,2
F052,2023,Materials,875,5.41,0,3
F052,2024,Materials,901,8.77,0,4
F052,2025,Materials,928,6.54,0,5
F053,2010,Materials,1130,1.31,0,6
F053,2011,Materials,1163,-0.81,0,7
F053,2012,Materials,1198,-0.76,0,8
F053,2013,Materials,1234,-0.24,1,0
F053,2014,Materials,1271,7.46,1,0
F053,2015,Materials,1309,7.44,0,1
F053,2016,Materials,1349,6.76,0,2
F053,2017,Materials,1389,0.89,0,3
F053,2018,Materials,1431,6.12,0,4
F053,2019,Materials,1474,6.81,0,5
F053,2020,Materials,1518,8.58,0,6
F053,2021,Materials,1564,1.87,0,7
F053,2022,Materials,1610,2.49,0,8
F053,2023,Materials,1659,6.59,0,9
F053,2024,Materials,1709,5.27,0,10
F053,2025,Materials,1760,2.74,0,11
F054,2010,Healthcare,786,4.65,0,7
F054,2011,Healthcare,810,2.89,0,8
F054,2012,Healthcare,834,2.88,0,9
F054,2013,Healthcare,859,0.26,0,10
F054,2014,Healthcare,885,-0.64,1,0
F054,2015,Healthcare,912,1.1,0,1
F054,2016,Healthcare,939,3.01,0,2
F054,2017,Healthcare,967,1.79,0,3
F054,2018,Healthcare,996,-1.4,0,4
F054,2019,Healthcare,1026,6.96,1,0
F054,2020,Healthcare,1057,3.21,0,1
F054,2021,Healthcare,1088,3.3,0,2
F054,2022,Healthcare,1121,3.32,0,3
F054,2023,Healthcare,1155,3.7,0,4
F054,2024,Healthcare,1189,8.51,0,5
F054,2025,Healthcare,1225,1.85,0,6
F055,2010,Tech,552,3.7,0,1
F055,2011,Tech,568,8.81,0,2
F055,2012,Tech,586,4.18,0,3
F055,2013,Tech,603,2.56,0,4
F055,2014,Tech,621,2.55,0,5
F055,2015,Tech,640,3.43,0,6
F055,2016,Tech,659,-2.01,0,7
F055,2017,Tech,679,0.41,1,0
F055,2018,Tech,699,6.54,0,1
F055,2019,Tech,720,1.02,0,2
F055,2020,Tech,742,1.64,0,3
F055,2021,Tech,764,0.62,0,4
F055,2022,Tech,787,1.41,1,0
F055,2023,Tech,810,0.47,0,1
F055,2024,Tech,835,1.72,0,2
F055,2025,Tech,860,5.4,0,3
F056,2010,Services,453,7.38,0,4
F056,2011,Services,467,6.45,0,5
F056,2012,Services,481,9.0,0,6
F056,2013,Services,495,7.32,1,0
F056,2014,Services,510,4.0,0,1
F056,2015,Services,526,-1.25,1,0
F056,2016,Services,541,3.75,1,0
F056,2017,Services,558,5.87,0,1
F056,2018,Services,574,5.56,0,2
F056,2019,Services,592,1.28,0,3
F056,2020,Services,609,1.74,0,4
F056,2021,Services,628,6.34,0,5
F056,2022,Services,646,4.4,0,6
F056,2023,Services,666,6.89,0,7
F056,2024,Services,686,4.84,0,8
F056,2025,Services,706,6.73,0,9
F057,2010,Tech,376,9.1,0,2
F057,2011,Tech,387,10.93,0,3
F057,2012,Tech,398,11.89,0,4
F057,2013,Tech,410,8.92,0,5
F057,2014,Tech,423,3.39,0,6
F057,2015,Tech,435,7.13,0,7
F057,2016,Tech,449,5.97,0,8
F057,2017,Tech,462,12.18,0,9
F057,2018,Tech,476,10.85,0,10
F057,2019,Tech,490,8.12,0,11
F057,2020,Tech,505,7.75,0,12
F057,2021,Tech,520,6.73,0,13
F057,2022,Tech,536,5.34,0,14
F057,2023,Tech,552,11.53,1,0
F057,2024,Tech,568,5.74,0,1
F057,2025,Tech,585,8.48,0,2
F058,2010,Services,1705,7.5,0,4
F058,2011,Services,1756,10.01,0,5
F058,2012,Services,1808,11.65,0,6
F058,2013,Services,1863,10.16,0,7
F058,2014,Services,1918,7.05,0,8
F058,2015,Services,1976,6.76,0,9
F058,2016,Services,2035,7.03,0,10
F058,2017,Services,2096,7.48,0,11
F058,2018,Services,2159,9.48,0,12
F058,2019,Services,2224,10.73,0,13
F058,2020,Services,2291,9.72,0,14
F058,2021,Services,2360,13.92,0,15
F058,2022,Services,2430,11.75,0,16
F058,2023,Services,2503,4.64,0,17
F058,2024,Services,2578,3.9,1,0
F058,2025,Services,2656,8.27,1,0
F059,2010,Healthcare,464,9.97,0,4
F059,2011,Healthcare,478,9.21,0,5
F059,2012,Healthcare,492,11.28,0,6
F059,2013,Healthcare,507,4.34,0,7
F059,2014,Healthcare,522,6.25,0,8
F059,2015,Healthcare,538,10.46,0,9
F059,2016,Healthcare,554,9.15,0,10
F059,2017,Healthcare,571,8.45,0,11
F059,2018,Healthcare,588,8.02,0,12
F059,2019,Healthcare,605,9.62,0,13
F059,2020,Healthcare,624,8.23,0,14
F059,2021,Healthcare,642,4.43,0,15
F059,2022,Healthcare,662,5.77,0,16
F059,2023,Healthcare,681,9.5,0,17
F059,2024,Healthcare,702,8.4,0,18
F059,2025,Healthcare,723,8.34,1,0
F060,2010,Industrial,264,4.06,0,1
F060,2011,Industrial,272,2.73,0,2
F060,2012,Industrial,280,7.62,0,3
F060,2013,Industrial,288,5.26,0,4
F060,2014,Industrial,297,5.32,0,5
F060,2015,Industrial,306,5.16,0,6
F060,2016,Industrial,315,8.38,0,7
F060,2017,Industrial,324,8.27,0,8
F060,2018,Industrial,334,3.55,0,9
F060,2019,Industrial,344,-1.14,0,10
F060,2020,Industrial,354,2.96,1,0
F060,2021,Industrial,365,10.29,0,1
F060,2022,Industrial,376,12.22,0,2
F060,2023,Industrial,387,7.72,0,3
F060,2024,Industrial,399,2.45,0,4
F060,2025,Industrial,411,10.09,0,5
F061,2010,Industrial,644,5.18,0,2
F061,2011,Industrial,663,7.09,0,3
F061,2012,Industrial,683,10.38,0,4
F061,2013,Industrial,704,11.6,0,5
F061,2014,Industrial,725,12.06,1,0
F061,2015,Industrial,747,7.56,0,1
F061,2016,Industrial,769,10.03,0,2
F061,2017,Industrial,792,8.72,0,3
F061,2018,Industrial,816,10.9,0,4
F061,2019,Industrial,840,9.99,0,5
F061,2020,Industrial,866,4.92,0,6
F061,2021,Industrial,891,9.09,1,0
F061,2022,Industrial,918,11.46,0,1
F061,2023,Industrial,946,14.2,0,2
F061,2024,Industrial,974,10.33,0,3
F061,2025,Industrial,1003,7.16,0,4
F062,2010,Materials,582,9.33,0,3
F062,2011,Materials,599,6.29,0,4
F062,2012,Materials,617,8.85,0,5
F062,2013,Materials,636,7.69,1,0
F062,2014,Materials,655,11.58,0,1
F062,2015,Materials,674,13.39,0,2
F062,2016,Materials,695,14.85,0,3
F062,2017,Materials,715,11.27,0,4
F062,2018,Materials,737,9.19,0,5
F062,2019,Materials,759,7.77,0,6
F062,2020,Materials,782,9.09,0,7
F062,2021,Materials,805,9.48,0,8
F062,2022,Materials,829,8.24,0,9
F062,2023,Materials,854,12.78,1,0
F062,2024,Materials,880,6.18,0,1
F062,2025,Materials,906,12.1,0,2
F063,2010,Materials,665,5.24,0,6
F063,2011,Materials,685,4.52,1,0
F063,2012,Materials,706,4.87,0,1
F063,2013,Materials,727,6.32,1,0
F063,2014,Materials,749,7.73,0,1
F063,2015,Materials,771,1.05,0,2
F063,2016,Materials,794,2.86,0,3
F063,2017,Materials,818,4.14,0,4
F063,2018,Materials,843,7.55,0,5
F063,2019,Materials,868,7.85,0,6
F063,2020,Materials,894,6.98,0,7
F063,2021,Materials,921,10.63,0,8
F063,2022,Materials,948,7.5,0,9
F063,2023,Materials,977,4.67,1,0
F063,2024,Materials,1006,9.69,0,1
F063,2025,Materials,1036,12.74,0,2
F064,2010,Services,343,8.4,0,6
F064,2011,Services,353,6.16,0,7
F064,2012,Services,364,9.85,0,8
F064,2013,Services,375,7.32,0,9
F064,2014,Services,386,-0.1,0,10
F064,2015,Services,397,10.74,0,11
F064,2016,Services,409,8.78,0,12
F064,2017,Services,422,8.63,0,13
F064,2018,Services,434,9.19,0,14
F064,2019,Services,447,12.11,0,15
F064,2020,Services,461,7.03,0,16
F064,2021,Services,474,4.01,0,17
F064,2022,Services,489,6.61,0,18
F064,2023,Services,503,6.05,0,19
F064,2024,Services,518,3.89,0,20
F064,2025,Services,534,4.05,0,21
F065,2010,Tech,305,6.01,0,3
F065,2011,Tech,314,3.29,0,4
F065,2012,Tech,323,10.55,0,5
F065,2013,Tech,333,4.9,0,6
F065,2014,Tech,343,7.32,0,7
F065,2015,Tech,353,9.45,0,8
F065,2016,Tech,364,8.52,0,9
F065,2017,Tech,375,11.42,0,10
F065,2018,Tech,386,10.0,0,11
F065,2019,Tech,398,11.93,0,12
F065,2020,Tech,409,11.86,0,13
F065,2021,Tech,422,11.04,1,0
F065,2022,Tech,434,7.77,0,1
F065,2023,Tech,447,8.15,0,2
F065,2024,Tech,461,11.5,0,3
F065,2025,Tech,475,8.79,0,4
F066,2010,Tech,797,5.83,0,7
F066,2011,Tech,821,9.08,0,8
F066,2012,Tech,845,8.42,0,9
F066,2013,Tech,871,10.37,0,10
F066,2014,Tech,897,8.16,0,11
F066,2015,Tech,924,10.14,0,12
F066,2016,Tech,951,11.32,0,13
F066,2017,Tech,980,11.31,0,14
F066,2018,Tech,1009,5.75,0,15
F066,2019,Tech,1040,11.45,0,16
F066,2020,Tech,1071,11.14,0,17
F066,2021,Tech,1103,12.14,0,18
F066,2022,Tech,1136,4.88,0,19
F066,2023,Tech,1170,5.78,0,20
F066,2024,Tech,1205,5.75,0,21
F066,2025,Tech,1241,7.52,0,22
F067,2010,Consumer,437,5.02,0,1
F067,2011,Consumer,450,2.59,0,2
F067,2012,Consumer,463,0.78,0,3
F067,2013,Consumer,477,4.68,1,0
F067,2014,Consumer,492,1.18,0,1
F067,2015,Consumer,506,8.51,0,2
F067,2016,Consumer,522,5.06,0,3
F067,2017,Consumer,537,0.84,0,4
F067,2018,Consumer,553,-1.29,1,0
F067,2019,Consumer,570,-2.07,1,0
F067,2020,Consumer,587,3.54,0,1
F067,2021,Consumer,605,-3.78,0,2
F067,2022,Consumer,623,1.42,1,0
F067,2023,Consumer,641,1.28,0,1
F067,2024,Consumer,661,4.01,0,2
F067,2025,Consumer,680,5.28,0,3
F068,2010,Materials,568,10.18,0,1
F068,2011,Materials,585,8.89,0,2
F068,2012,Materials,603,6.54,0,3
F068,2013,Materials,621,4.92,0,4
F068,2014,Materials,640,8.01,0,5
F068,2015,Materials,659,0.26,0,6
F068,2016,Materials,679,2.03,1,0
F068,2017,Materials,699,7.61,0,1
F068,2018,Materials,720,4.52,0,2
F068,2019,Materials,742,11.64,0,3
F068,2020,Materials,764,10.37,0,4
F068,2021,Materials,787,5.61,0,5
F068,2022,Materials,810,5.48,1,0
F068,2023,Materials,835,4.3,0,1
F068,2024,Materials,860,5.43,0,2
F068,2025,Materials,885,5.24,0,3
F069,2010,Materials,446,-1.44,0,7
F069,2011,Materials,459,3.09,0,8
F069,2012,Materials,473,0.67,0,9
F069,2013,Materials,487,-1.5,0,10
F069,2014,Materials,502,-1.93,0,11
F069,2015,Materials,517,3.64,1,0
F069,2016,Materials,532,6.56,0,1
F069,2017,Materials,548,5.24,0,2
F069,2018,Materials,565,2.57,0,3
F069,2019,Materials,582,1.98,0,4
F069,2020,Materials,599,2.2,0,5
F069,2021,Materials,617,0.81,0,6
F069,2022,Materials,636,-2.99,0,7
F069,2023,Materials,655,3.95,0,8
F069,2024,Materials,674,3.05,0,9
F069,2025,Materials,695,2.31,0,10
F070,2010,Materials,312,1.57,0,3
F070,2011,Materials,321,2.66,0,4
F070,2012,Materials,331,1.42,0,5
F070,2013,Materials,341,-1.04,0,6
F070,2014,Materials,351,3.39,0,7
F070,2015,Materials,361,3.31,0,8
F070,2016,Materials,372,5.26,0,9
F070,2017,Materials,383,7.78,0,10
F070,2018,Materials,395,7.32,0,11
F070,2019,Materials,407,3.96,0,12
F070,2020,Materials,419,4.43,0,13
F070,2021,Materials,431,2.35,0,14
F070,2022,Materials,444,4.67,0,15
F070,2023,Materials,458,10.27,0,16
F070,2024,Materials,471,3.01,0,17
F070,2025,Materials,486,3.63,0,18
F071,2010,Consumer,207,3.87,0,3
F071,2011,Consumer,213,4.23,0,4
F071,2012,Consumer,220,-1.62,0,5
F071,2013,Consumer,226,2.71,0,6
F071,2014,Consumer,233,7.0,0,7
F071,2015,Consumer,240,8.29,0,8
F071,2016,Consumer,247,2.86,0,9
F071,2017,Consumer,255,-0.9,0,10
F071,2018,Consumer,263,3.12,0,11
F071,2019,Consumer,270,3.29,0,12
F071,2020,Consumer,279,1.47,1,0
F071,2021,Consumer,287,0.54,0,1
F071,2022,Consumer,296,2.7,1,0
F071,2023,Consumer,304,3.0,0,1
F071,2024,Consumer,314,8.03,0,2
F071,2025,Consumer,323,1.77,0,3
F072,2010,Materials,1352,7.31,0,0
F072,2011,Materials,1392,6.01,0,1
F072,2012,Materials,1434,2.16,0,2
F072,2013,Materials,1477,4.32,0,3
F072,2014,Materials,1521,1.02,1,0
F072,2015,Materials,1567,5.93,0,1
F072,2016,Materials,1614,0.82,0,2
F072,2017,Materials,1662,7.24,0,3
F072,2018,Materials,1712,6.16,1,0
F072,2019,Materials,1764,0.15,0,1
F072,2020,Materials,1816,5.73,0,2
F072,2021,Materials,1871,1.8,0,3
F072,2022,Materials,1927,5.28,0,4
F072,2023,Materials,1985,9.89,0,5
F072,2024,Materials,2044,2.78,0,6
F072,2025,Materials,2106,4.94,0,7
F073,2010,Tech,926,10.94,0,5
F073,2011,Tech,954,13.1,0,6
F073,2012,Tech,983,7.04,0,7
F073,2013,Tech,1012,11.34,0,8
F073,2014,Tech,1043,7.29,0,9
F073,2015,Tech,1074,12.31,0,10
F073,2016,Tech,1106,7.0,0,11
F073,2017,Tech,1139,7.83,0,12
F073,2018,Tech,1174,10.15,0,13
F073,2019,Tech,1209,14.03,0,14
F073,2020,Tech,1245,10.29,0,15
F073,2021,Tech,1282,7.79,0,16
F073,2022,Tech,1321,5.47,0,17
F073,2023,Tech,1360,9.41,0,18
F073,2024,Tech,1401,6.57,0,19
F073,2025,Tech,1443,12.36,0,20
F074,2010,Tech,685,0.05,0,2
F074,2011,Tech,706,7.37,0,3
F074,2012,Tech,727,6.55,0,4
F074,2013,Tech,749,6.44,0,5
F074,2014,Tech,771,7.27,0,6
F074,2015,Tech,794,4.72,0,7
F074,2016,Tech,818,2.78,0,8
F074,2017,Tech,843,0.06,0,9
F074,2018,Tech,868,4.9,0,10
F074,2019,Tech,894,6.94,0,11
F074,2020,Tech,921,1.39,0,12
F074,2021,Tech,948,1.56,0,13
F074,2022,Tech,977,3.48,0,14
F074,2023,Tech,1006,5.54,0,15
F074,2024,Tech,1036,6.6,0,16
F074,2025,Tech,1068,0.96,0,17
F075,2010,Consumer,355,5.51,0,2
F075,2011,Consumer,365,13.13,0,3
F075,2012,Consumer,376,9.54,0,4
F075,2013,Consumer,388,8.49,1,0
F075,2014,Consumer,399,12.26,0,1
F075,2015,Consumer,411,9.89,0,2
F075,2016,Consumer,424,4.97,0,3
F075,2017,Consumer,436,3.06,0,4
F075,2018,Consumer,449,2.47,0,5
F075,2019,Consumer,463,2.9,0,6
F075,2020,Consumer,477,7.83,0,7
F075,2021,Consumer,491,11.0,0,8
F075,2022,Consumer,506,9.26,0,9
F075,2023,Consumer,521,9.3,0,10
F075,2024,Consumer,537,5.51,0,11
F075,2025,Consumer,553,10.27,0,12
F076,2010,Healthcare,532,3.29,0,6
F076,2011,Healthcare,548,0.93,1,0
F076,2012,Healthcare,564,2.27,0,1
F076,2013,Healthcare,581,1.57,0,2
F076,2014,Healthcare,599,3.3,0,3
F076,2015,Healthcare,617,3.98,0,4
F076,2016,Healthcare,635,-0.74,0,5
F076,2017,Healthcare,654,1.23,0,6
F076,2018,Healthcare,674,1.02,0,7
F076,2019,Healthcare,694,2.53,0,8
F076,2020,Healthcare,715,2.17,0,9
F076,2021,Healthcare,737,4.88,0,10
F076,2022,Healthcare,759,2.14,0,11
F076,2023,Healthcare,781,1.04,0,12
F076,2024,Healthcare,805,3.92,1,0
F076,2025,Healthcare,829,4.91,0,1
F077,2010,Services,536,3.21,0,2
F077,2011,Services,552,2.56,0,3
F077,2012,Services,568,8.73,0,4
F077,2013,Services,585,7.01,0,5
F077,2014,Services,603,4.51,0,6
F077,2015,Services,621,4.23,0,7
F077,2016,Services,639,4.94,0,8
F077,2017,Services,659,5.39,0,9
F077,2018,Services,678,8.81,0,10
F077,2019,Services,699,12.87,0,11
F077,2020,Services,720,12.67,0,12
F077,2021,Services,741,9.36,0,13
F077,2022,Services,764,11.4,0,14
F077,2023,Services,786,9.6,1,0
F077,2024,Services,810,5.66,0,1
F077,2025,Services,834,13.06,0,2
F078,2010,Materials,447,7.44,0,0
F078,2011,Materials,460,7.33,0,1
F078,2012,Materials,474,6.94,0,2
F078,2013,Materials,488,4.99,0,3
F078,2014,Materials,503,8.25,0,4
F078,2015,Materials,518,11.21,0,5
F078,2016,Materials,534,8.98,0,6
F078,2017,Materials,550,0.99,0,7
F078,2018,Materials,566,4.85,1,0
F078,2019,Materials,583,1.79,0,1
F078,2020,Materials,601,3.0,0,2
F078,2021,Materials,619,-0.5,0,3
F078,2022,Materials,637,9.25,0,4
F078,2023,Materials,656,8.63,0,5
F078,2024,Materials,676,3.2,0,6
F078,2025,Materials,696,8.3,0,7
F079,2010,Healthcare,982,13.48,0,3
F079,2011,Healthcare,1012,9.91,0,4
F079,2012,Healthcare,1042,4.37,0,5
F079,2013,Healthcare,1073,10.41,0,6
F079,2014,Healthcare,1105,8.58,0,7
F079,2015,Healthcare,1139,8.25,1,0
F079,2016,Healthcare,1173,11.51,0,1
F079,2017,Healthcare,1208,9.49,0,2
F079,2018,Healthcare,1244,11.73,0,3
F079,2019,Healthcare,1281,8.51,0,4
F079,2020,Healthcare,1320,0.27,0,5
F079,2021,Healthcare,1359,7.82,1,0
F079,2022,Healthcare,1400,14.79,0,1
F079,2023,Healthcare,1442,8.16,0,2
F079,2024,Healthcare,1486,5.92,0,3
F079,2025,Healthcare,1530,10.11,0,4
F080,2010,Tech,290,7.67,0,2
F080,2011,Tech,299,13.34,0,3
F080,2012,Tech,308,9.29,0,4
F080,2013,Tech,317,10.21,0,5
F080,2014,Tech,327,7.75,0,6
F080,2015,Tech,336,12.15,0,7
F080,2016,Tech,346,6.46,0,8
F080,2017,Tech,357,8.4,0,9
F080,2018,Tech,368,6.94,0,10
F080,2019,Tech,379,11.34,0,11
F080,2020,Tech,390,7.97,0,12
F080,2021,Tech,402,11.34,0,13
F080,2022,Tech,414,8.27,0,14
F080,2023,Tech,426,10.27,0,15
F080,2024,Tech,439,8.7,0,16
F080,2025,Tech,452,12.47,0,17
F081,2010,Healthcare,306,7.27,0,0
F081,2011,Healthcare,316,8.4,0,1
F081,2012,Healthcare,325,6.88,0,2
F081,2013,Healthcare,335,5.6,0,3
F081,2014,Healthcare,345,4.45,0,4
F081,2015,Healthcare,355,11.17,0,5
F081,2016,Healthcare,366,7.69,0,6
F081,2017,Healthcare,377,8.98,0,7
F081,2018,Healthcare,388,8.66,0,8
F081,2019,Healthcare,400,4.6,0,9
F081,2020,Healthcare,412,3.63,1,0
F081,2021,Healthcare,424,-0.01,0,1
F081,2022,Healthcare,437,8.37,1,0
F081,2023,Healthcare,450,5.22,0,1
F081,2024,Healthcare,464,10.78,0,2
F081,2025,Healthcare,478,3.17,0,3
F082,2010,Industrial,379,5.18,0,4
F082,2011,Industrial,391,0.93,0,5
F082,2012,Industrial,402,5.85,0,6
F082,2013,Industrial,414,4.6,0,7
F082,2014,Industrial,427,8.88,0,8
F082,2015,Industrial,440,3.42,0,9
F082,2016,Industrial,453,5.48,0,10
F082,2017,Industrial,466,4.12,0,11
F082,2018,Industrial,480,3.73,0,12
F082,2019,Industrial,495,0.26,0,13
F082,2020,Industrial,510,5.89,1,0
F082,2021,Industrial,525,9.13,0,1
F082,2022,Industrial,541,8.46,0,2
F082,2023,Industrial,557,8.69,0,3
F082,2024,Industrial,574,7.96,0,4
F082,2025,Industrial,591,9.88,0,5
F083,2010,Healthcare,376,5.05,0,3
F083,2011,Healthcare,387,5.99,0,4
F083,2012,Healthcare,398,5.06,0,5
F083,2013,Healthcare,410,4.77,0,6
F083,2014,Healthcare,423,7.67,0,7
F083,2015,Healthcare,435,12.4,0,8
F083,2016,Healthcare,449,7.76,0,9
F083,2017,Healthcare,462,6.4,0,10
F083,2018,Healthcare,476,4.92,1,0
F083,2019,Healthcare,490,2.76,0,1
F083,2020,Healthcare,505,1.39,0,2
F083,2021,Healthcare,520,1.56,0,3
F083,2022,Healthcare,536,10.91,1,0
F083,2023,Healthcare,552,2.66,0,1
F083,2024,Healthcare,568,5.06,0,2
F083,2025,Healthcare,585,5.31,0,3
F084,2010,Industrial,418,5.48,0,3
F084,2011,Industrial,431,6.81,0,4
F084,2012,Industrial,443,6.14,0,5
F084,2013,Industrial,457,7.52,0,6
F084,2014,Industrial,470,11.72,1,0
F084,2015,Industrial,485,10.3,0,1
F084,2016,Industrial,499,8.42,0,2
F084,2017,Industrial,514,5.19,0,3
F084,2018,Industrial,529,4.08,1,0
F084,2019,Industrial,545,1.59,0,1
F084,2020,Industrial,562,4.57,1,0
F084,2021,Industrial,579,6.35,0,1
F084,2022,Industrial,596,3.53,0,2
F084,2023,Industrial,614,3.15,0,3
F084,2024,Industrial,632,2.18,0,4
F084,2025,Industrial,651,6.94,0,5
F085,2010,Services,507,7.09,0,7
F085,2011,Services,522,6.01,0,8
F085,2012,Services,537,2.53,1,0
F085,2013,Services,554,6.24,0,1
F085,2014,Services,570,-0.47,0,2
F085,2015,Services,587,4.33,0,3
F085,2016,Services,605,2.54,0,4
F085,2017,Services,623,7.61,0,5
F085,2018,Services,642,5.97,0,6
F085,2019,Services,661,2.73,1,0
F085,2020,Services,681,3.23,0,1
F085,2021,Services,701,4.96,0,2
F085,2022,Services,722,6.61,0,3
F085,2023,Services,744,7.77,0,4
F085,2024,Services,766,6.14,0,5
F085,2025,Services,789,5.52,0,6
F086,2010,Materials,1342,5.27,0,1
F086,2011,Materials,1382,9.52,0,2
F086,2012,Materials,1424,8.67,0,3
F086,2013,Materials,1466,2.92,0,4
F086,2014,Materials,1510,4.3,0,5
F086,2015,Materials,1556,5.73,0,6
F086,2016,Materials,1602,12.24,0,7
F086,2017,Materials,1650,7.87,0,8
F086,2018,Materials,1700,6.49,0,9
F086,2019,Materials,1751,3.44,0,10
F086,2020,Materials,1803,6.27,0,11
F086,2021,Materials,1857,6.34,0,12
F086,2022,Materials,1913,3.48,0,13
F086,2023,Materials,1971,5.4,0,14
F086,2024,Materials,2030,6.25,0,15
F086,2025,Materials,2091,6.79,0,16
F087,2010,Industrial,400,4.15,0,6
F087,2011,Industrial,412,2.86,0,7
F087,2012,Industrial,424,1.18,0,8
F087,2013,Industrial,437,1.93,0,9
F087,2014,Industrial,450,3.6,0,10
F087,2015,Industrial,463,8.85,0,11
F087,2016,Industrial,477,2.72,0,12
F087,2017,Industrial,492,7.94,0,13
F087,2018,Industrial,506,5.47,0,14
F087,2019,Industrial,521,3.22,0,15
F087,2020,Industrial,537,3.7,1,0
F087,2021,Industrial,553,2.22,0,1
F087,2022,Industrial,570,6.47,0,2
F087,2023,Industrial,587,1.89,0,3
F087,2024,Industrial,605,-0.37,0,4
F087,2025,Industrial,623,4.8,1,0
F088,2010,Services,536,2.59,0,0
F088,2011,Services,552,2.71,0,1
F088,2012,Services,569,4.48,0,2
F088,2013,Services,586,7.74,0,3
F088,2014,Services,604,2.78,0,4
F088,2015,Services,622,1.15,0,5
F088,2016,Services,640,1.72,0,6
F088,2017,Services,660,2.47,0,7
F088,2018,Services,679,4.77,0,8
F088,2019,Services,700,6.72,0,9
F088,2020,Services,721,6.95,0,10
F088,2021,Services,742,7.5,0,11
F088,2022,Services,765,5.25,1,0
F088,2023,Services,788,-0.42,0,1
F088,2024,Services,811,0.86,0,2
F088,2025,Services,835,0.78,0,3
F089,2010,Tech,495,5.86,0,0
F089,2011,Tech,510,6.19,0,1
F089,2012,Tech,525,4.22,0,2
F089,2013,Tech,541,2.31,0,3
F089,2014,Tech,557,5.94,0,4
F089,2015,Tech,574,7.39,0,5
F089,2016,Tech,591,9.6,0,6
F089,2017,Tech,609,7.17,0,7
F089,2018,Tech,627,7.53,0,8
F089,2019,Tech,646,6.45,0,9
F089,2020,Tech,665,4.41,0,10
F089,2021,Tech,685,9.68,0,11
F089,2022,Tech,706,4.19,0,12
F089,2023,Tech,727,9.01,0,13
F089,2024,Tech,749,8.12,0,14
F089,2025,Tech,771,11.2,0,15
F090,2010,Consumer,506,5.45,0,7
F090,2011,Consumer,521,-1.22,0,8
F090,2012,Consumer,537,2.68,1,0
F090,2013,Consumer,553,4.5,0,1
F090,2014,Consumer,570,5.83,0,2
F090,2015,Consumer,587,4.35,0,3
F090,2016,Consumer,605,2.9,1,0
F090,2017,Consumer,623,3.2,0,1
F090,2018,Consumer,641,-0.13,0,2
F090,2019,Consumer,661,-2.34,1,0
F090,2020,Consumer,680,1.72,1,0
F090,2021,Consumer,701,2.07,0,1
F090,2022,Consumer,722,4.27,0,2
F090,2023,Consumer,744,3.28,0,3
F090,2024,Consumer,766,8.06,0,4
F090,2025,Consumer,789,6.83,0,5
F091,2010,Tech,537,4.58,0,3
F091,2011,Tech,553,-0.39,0,4
F091,2012,Tech,570,5.71,0,5
F091,2013,Tech,587,-0.68,0,6
F091,2014,Tech,605,1.37,0,7
F091,2015,Tech,623,9.95,1,0
F091,2016,Tech,641,2.36,0,1
F091,2017,Tech,661,6.98,0,2
F091,2018,Tech,680,7.76,0,3
F091,2019,Tech,701,5.76,0,4
F091,2020,Tech,722,6.43,0,5
F091,2021,Tech,744,4.85,0,6
F091,2022,Tech,766,6.16,0,7
F091,2023,Tech,789,10.58,0,8
F091,2024,Tech,812,5.34,0,9
F091,2025,Tech,837,3.01,0,10
F092,2010,Services,313,7.04,0,3
F092,2011,Services,323,6.05,0,4
F092,2012,Services,332,8.45,0,5
F092,2013,Services,342,6.68,0,6
F092,2014,Services,353,6.23,0,7
F092,2015,Services,363,2.44,0,8
F092,2016,Services,374,6.35,0,9
F092,2017,Services,385,6.25,0,10
F092,2018,Services,397,9.52,0,11
F092,2019,Services,409,10.65,0,12
F092,2020,Services,421,7.07,1,0
F092,2021,Services,434,4.47,0,1
F092,2022,Services,447,7.22,1,0
F092,2023,Services,460,8.56,0,1
F092,2024,Services,474,9.77,0,2
F092,2025,Services,488,5.11,0,3
F093,2010,Consumer,766,4.15,0,7
F093,2011,Consumer,789,4.2,0,8
F093,2012,Consumer,813,-0.19,0,9
F093,2013,Consumer,837,2.12,1,0
F093,2014,Consumer,862,-0.03,0,1
F093,2015,Consumer,888,9.22,1,0
F093,2016,Consumer,915,7.48,0,1
F093,2017,Consumer,942,8.48,0,2
F093,2018,Consumer,970,5.01,0,3
F093,2019,Consumer,1000,8.88,0,4
F093,2020,Consumer,1030,5.24,0,5
F093,2021,Consumer,1060,5.74,0,6
F093,2022,Consumer,1092,7.45,0,7
F093,2023,Consumer,1125,4.54,0,8
F093,2024,Consumer,1159,2.94,0,9
F093,2025,Consumer,1194,5.79,0,10
F094,2010,Consumer,446,6.64,0,3
F094,2011,Consumer,459,8.65,0,4
F094,2012,Consumer,473,7.09,0,5
F094,2013,Consumer,487,8.6,0,6
F094,2014,Consumer,502,8.51,0,7
F094,2015,Consumer,517,4.73,0,8
F094,2016,Consumer,532,6.7,0,9
F094,2017,Consumer,548,8.84,0,10
F094,2018,Consumer,565,7.09,0,11
F094,2019,Consumer,582,7.58,0,12
F094,2020,Consumer,599,3.17,0,13
F094,2021,Consumer,617,1.89,0,14
F094,2022,Consumer,636,4.5,1,0
F094,2023,Consumer,655,7.01,1,0
F094,2024,Consumer,674,5.87,0,1
F094,2025,Consumer,695,1.67,0,2
F095,2010,Services,740,2.38,0,5
F095,2011,Services,762,5.36,0,6
F095,2012,Services,785,6.05,0,7
F095,2013,Services,809,5.25,0,8
F095,2014,Services,833,4.05,0,9
F095,2015,Services,858,10.77,0,10
F095,2016,Services,884,5.45,0,11
F095,2017,Services,910,2.19,0,12
F095,2018,Services,938,3.19,0,13
F095,2019,Services,966,6.75,1,0
F095,2020,Services,995,7.04,0,1
F095,2021,Services,1025,3.5,0,2
F095,2022,Services,1055,8.24,0,3
F095,2023,Services,1087,7.59,0,4
F095,2024,Services,1120,4.95,0,5
F095,2025,Services,1153,7.13,1,0
F096,2010,Materials,295,8.33,0,2
F096,2011,Materials,304,10.7,0,3
F096,2012,Materials,313,2.35,0,4
F096,2013,Materials,323,7.26,0,5
F096,2014,Materials,332,7.96,0,6
F096,2015,Materials,342,8.11,1,0
F096,2016,Materials,352,8.52,0,1
F096,2017,Materials,363,8.02,0,2
F096,2018,Materials,374,9.68,0,3
F096,2019,Materials,385,9.94,0,4
F096,2020,Materials,397,11.65,0,5
F096,2021,Materials,409,8.62,0,6
F096,2022,Materials,421,10.38,0,7
F096,2023,Materials,434,9.28,0,8
F096,2024,Materials,447,7.9,0,9
F096,2025,Materials,460,9.28,0,10
F097,2010,Healthcare,490,7.14,0,7
F097,2011,Healthcare,505,6.32,0,8
F097,2012,Healthcare,520,11.0,0,9
F097,2013,Healthcare,536,5.46,0,10
F097,2014,Healthcare,552,7.56,0,11
F097,2015,Healthcare,568,5.25,0,12
F097,2016,Healthcare,585,4.56,0,13
F097,2017,Healthcare,603,8.66,0,14
F097,2018,Healthcare,621,8.26,0,15
F097,2019,Healthcare,640,1.92,0,16
F097,2020,Healthcare,659,0.76,0,17
F097,2021,Healthcare,678,2.71,1,0
F097,2022,Healthcare,699,7.45,1,0
F097,2023,Healthcare,720,4.96,0,1
F097,2024,Healthcare,741,6.03,0,2
F097,2025,Healthcare,764,3.07,0,3
F098,2010,Materials,1313,4.44,0,6
F098,2011,Materials,1352,7.97,0,7
F098,2012,Materials,1393,4.67,0,8
F098,2013,Materials,1435,5.82,0,9
F098,2014,Materials,1478,7.61,0,10
F098,2015,Materials,1522,6.68,0,11
F098,2016,Materials,1568,12.17,0,12
F098,2017,Materials,1615,8.23,0,13
F098,2018,Materials,1663,7.85,0,14
F098,2019,Materials,1713,5.9,0,15
F098,2020,Materials,1765,7.79,0,16
F098,2021,Materials,1817,4.16,0,17
F098,2022,Materials,1872,9.45,1,0
F098,2023,Materials,1928,10.84,0,1
F098,2024,Materials,1986,8.26,0,2
F098,2025,Materials,2046,10.8,0,3
F099,2010,Industrial,1071,-1.47,0,5
F099,2011,Industrial,1103,-0.21,0,6
F099,2012,Industrial,1136,3.89,1,0
F099,2013,Industrial,1170,9.16,0,1
F099,2014,Industrial,1205,10.46,0,2
F099,2015,Industrial,1241,8.14,0,3
F099,2016,Industrial,1278,3.95,0,4
F099,2017,Industrial,1317,9.66,0,5
F099,2018,Industrial,1356,6.06,0,6
F099,2019,Industrial,1397,6.77,0,7
F099,2020,Industrial,1439,8.78,0,8
F099,2021,Industrial,1482,-1.64,1,0
F099,2022,Industrial,1526,3.43,1,0
F099,2023,Industrial,1572,2.92,0,1
F099,2024,Industrial,1619,1.42,0,2
F099,2025,Industrial,1668,6.13,0,3
F100,2010,Healthcare,397,3.42,0,6
F100,2011,Healthcare,409,5.36,1,0
F100,2012,Healthcare,422,4.64,0,1
F100,2013,Healthcare,434,9.71,0,2
F100,2014,Healthcare,447,10.19,0,3
F100,2015,Healthcare,461,9.12,0,4
F100,2016,Healthcare,475,7.82,0,5
F100,2017,Healthcare,489,7.1,1,0
F100,2018,Healthcare,504,5.82,0,1
F100,2019,Healthcare,519,9.92,0,2
F100,2020,Healthcare,534,9.49,0,3
F100,2021,Healthcare,550,7.21,0,4
F100,2022,Healthcare,567,7.33,0,5
F100,2023,Healthcare,584,-2.31,1,0
F100,2024,Healthcare,601,5.22,0,1
F100,2025,Healthcare,619,4.09,1,0
F101,2010,Materials,456,9.48,0,0
F101,2011,Materials,469,7.2,0,1
F101,2012,Materials,483,3.65,0,2
F101,2013,Materials,498,5.62,0,3
F101,2014,Materials,513,7.66,0,4
F101,2015,Materials,528,5.0,0,5
F101,2016,Materials,544,3.6,0,6
F101,2017,Materials,560,6.55,0,7
F101,2018,Materials,577,11.55,0,8
F101,2019,Materials,595,7.39,0,9
F101,2020,Materials,612,10.6,0,10
F101,2021,Materials,631,10.87,0,11
F101,2022,Materials,650,12.69,0,12
F101,2023,Materials,669,13.85,0,13
F101,2024,Materials,689,5.9,0,14
F101,2025,Materials,710,9.12,0,15
F102,2010,Tech,616,8.36,0,4
F102,2011,Tech,634,10.16,0,5
F102,2012,Tech,653,7.74,0,6
F102,2013,Tech,673,6.54,0,7
F102,2014,Tech,693,5.83,0,8
F102,2015,Tech,714,10.98,0,9
F102,2016,Tech,735,10.0,0,10
F102,2017,Tech,757,13.04,0,11
F102,2018,Tech,780,7.8,0,12
F102,2019,Tech,803,8.51,0,13
F102,2020,Tech,828,9.59,0,14
F102,2021,Tech,852,2.97,0,15
F102,2022,Tech,878,4.21,0,16
F102,2023,Tech,904,7.16,0,17
F102,2024,Tech,931,7.82,0,18
F102,2025,Tech,959,4.47,0,19
F103,2010,Services,503,3.01,0,3
F103,2011,Services,518,3.86,1,0
F103,2012,Services,534,5.74,1,0
F103,2013,Services,550,10.24,0,1
F103,2014,Services,566,8.56,0,2
F103,2015,Services,583,9.75,0,3
F103,2016,Services,601,7.3,0,4
F103,2017,Services,619,9.7,0,5
F103,2018,Services,637,10.66,0,6
F103,2019,Services,657,4.39,0,7
F103,2020,Services,676,3.04,0,8
F103,2021,Services,697,8.34,0,9
F103,2022,Services,717,8.15,0,10
F103,2023,Services,739,8.4,0,11
F103,2024,Services,761,5.44,0,12
F103,2025,Services,784,11.21,0,13
F104,2010,Services,487,2.16,0,0
F104,2011,Services,502,3.93,0,1
F104,2012,Services,517,8.1,0,2
F104,2013,Services,533,3.93,0,3
F104,2014,Services,549,-2.34,0,4
F104,2015,Services,565,2.46,0,5
F104,2016,Services,582,7.86,0,6
F104,2017,Services,600,4.6,1,0
F104,2018,Services,618,5.34,0,1
F104,2019,Services,636,2.28,0,2
F104,2020,Services,655,1.04,0,3
F104,2021,Services,675,7.0,0,4
F104,2022,Services,695,5.14,0,5
F104,2023,Services,716,3.46,0,6
F104,2024,Services,737,1.25,0,7
F104,2025,Services,759,2.34,0,8
F105,2010,Consumer,319,8.18,0,7
F105,2011,Consumer,329,9.85,0,8
F105,2012,Consumer,339,12.6,0,9
F105,2013,Consumer,349,6.96,0,10
F105,2014,Consumer,359,2.49,0,11
F105,2015,Consumer,370,7.43,1,0
F105,2016,Consumer,381,7.22,0,1
F105,2017,Consumer,393,9.03,0,2
F105,2018,Consumer,404,9.7,0,3
F105,2019,Consumer,416,5.4,0,4
F105,2020,Consumer,429,5.98,0,5
F105,2021,Consumer,442,0.36,0,6
F105,2022,Consumer,455,5.76,0,7
F105,2023,Consumer,469,6.11,0,8
F105,2024,Consumer,483,6.68,0,9
F105,2025,Consumer,497,10.02,0,10
F106,2010,Materials,441,4.07,0,6
F106,2011,Materials,454,1.29,0,7
F106,2012,Materials,468,9.27,1,0
F106,2013,Materials,482,7.17,0,1
F106,2014,Materials,496,9.68,0,2
F106,2015,Materials,511,6.78,0,3
F106,2016,Materials,526,7.61,0,4
F106,2017,Materials,542,8.25,0,5
F106,2018,Materials,558,8.26,0,6
F106,2019,Materials,575,5.75,0,7
F106,2020,Materials,592,10.0,0,8
F106,2021,Materials,610,10.5,0,9
F106,2022,Materials,629,10.84,0,10
F106,2023,Materials,647,7.11,0,11
F106,2024,Materials,667,10.48,0,12
F106,2025,Materials,687,9.0,0,13
F107,2010,Healthcare,599,-2.72,0,2
F107,2011,Healthcare,617,3.83,1,0
F107,2012,Healthcare,635,6.46,0,1
F107,2013,Healthcare,655,5.36,0,2
F107,2014,Healthcare,674,10.22,0,3
F107,2015,Healthcare,694,13.29,0,4
F107,2016,Healthcare,715,9.61,0,5
F107,2017,Healthcare,737,7.36,0,6
F107,2018,Healthcare,759,11.51,0,7
F107,2019,Healthcare,782,12.49,0,8
F107,2020,Healthcare,805,6.99,0,9
F107,2021,Healthcare,829,6.07,0,10
F107,2022,Healthcare,854,9.36,0,11
F107,2023,Healthcare,880,7.15,0,12
F107,2024,Healthcare,906,6.84,0,13
F107,2025,Healthcare,933,8.51,0,14
F108,2010,Materials,314,0.41,0,0
F108,2011,Materials,323,3.74,1,0
F108,2012,Materials,333,2.22,0,1
F108,2013,Materials,343,0.35,0,2
F108,2014,Materials,353,2.02,0,3
F108,2015,Materials,364,5.21,0,4
F108,2016,Materials,375,9.58,0,5
F108,2017,Materials,386,1.6,0,6
F108,2018,Materials,398,1.89,0,7
F108,2019,Materials,409,4.12,0,8
F108,2020,Materials,422,2.42,0,9
F108,2021,Materials,434,-0.19,0,10
F108,2022,Materials,447,-2.19,1,0
F108,2023,Materials,461,3.63,1,0
F108,2024,Materials,475,0.78,0,1
F108,2025,Materials,489,2.81,0,2
F109,2010,Services,599,6.27,0,7
F109,2011,Services,617,2.06,0,8
F109,2012,Services,636,2.56,1,0
F109,2013,Services,655,2.26,0,1
F109,2014,Services,674,1.73,0,2
F109,2015,Services,694,-0.42,1,0
F109,2016,Services,715,5.77,1,0
F109,2017,Services,737,4.63,0,1
F109,2018,Services,759,6.82,0,2
F109,2019,Services,782,4.26,1,0
F109,2020,Services,805,7.54,0,1
F109,2021,Services,829,8.75,0,2
F109,2022,Services,854,10.2,0,3
F109,2023,Services,880,7.11,1,0
F109,2024,Services,906,1.84,0,1
F109,2025,Services,933,0.98,1,0
F110,2010,Tech,673,1.28,0,2
F110,2011,Tech,693,3.52,0,3
F110,2012,Tech,714,2.29,0,4
F110,2013,Tech,735,-1.65,0,5
F110,2014,Tech,757,2.66,1,0
F110,2015,Tech,780,-1.69,0,1
F110,2016,Tech,803,0.04,0,2
F110,2017,Tech,828,7.26,0,3
F110,2018,Tech,852,4.12,0,4
F110,2019,Tech,878,4.94,0,5
F110,2020,Tech,904,4.84,0,6
F110,2021,Tech,931,3.91,0,7
F110,2022,Tech,959,3.02,0,8
F110,2023,Tech,988,4.41,0,9
F110,2024,Tech,1018,0.65,0,10
F110,2025,Tech,1048,2.58,0,11
F111,2010,Industrial,925,6.84,0,4
F111,2011,Industrial,953,4.12,0,5
F111,2012,Industrial,981,3.51,0,6
F111,2013,Industrial,1011,7.76,0,7
F111,2014,Industrial,1041,8.64,0,8
F111,2015,Industrial,1072,6.26,0,9
F111,2016,Industrial,1105,7.12,0,10
F111,2017,Industrial,1138,10.78,0,11
F111,2018,Industrial,1172,15.43,0,12
F111,2019,Industrial,1207,10.89,0,13
F111,2020,Industrial,1243,12.3,0,14
F111,2021,Industrial,1281,9.1,0,15
F111,2022,Industrial,1319,6.42,0,16
F111,2023,Industrial,1359,5.64,0,17
F111,2024,Industrial,1399,-0.84,0,18
F111,2025,Industrial,1441,6.81,1,0
F112,2010,Materials,513,6.4,0,2
F112,2011,Materials,528,0.5,0,3
F112,2012,Materials,544,2.4,0,4
F112,2013,Materials,560,0.59,0,5
F112,2014,Materials,577,3.98,0,6
F112,2015,Materials,595,2.27,0,7
F112,2016,Materials,612,7.74,0,8
F112,2017,Materials,631,7.28,0,9
F112,2018,Materials,650,2.59,0,10
F112,2019,Materials,669,5.01,0,11
F112,2020,Materials,689,2.57,1,0
F112,2021,Materials,710,4.66,0,1
F112,2022,Materials,731,4.72,0,2
F112,2023,Materials,753,4.06,0,3
F112,2024,Materials,776,2.48,0,4
F112,2025,Materials,799,4.81,0,5
F113,2010,Healthcare,1007,5.13,0,4
F113,2011,Healthcare,1037,7.67,0,5
F113,2012,Healthcare,1069,9.48,0,6
F113,2013,Healthcare,1101,8.83,0,7
F113,2014,Healthcare,1134,9.72,0,8
F113,2015,Healthcare,1168,12.14,0,9
F113,2016,Healthcare,1203,6.43,0,10
F113,2017,Healthcare,1239,12.34,1,0
F113,2018,Healthcare,1276,11.31,0,1
F113,2019,Healthcare,1314,9.1,0,2
F113,2020,Healthcare,1354,8.96,0,3
F113,2021,Healthcare,1394,5.82,0,4
F113,2022,Healthcare,1436,8.29,0,5
F113,2023,Healthcare,1479,7.35,0,6
F113,2024,Healthcare,1523,4.64,0,7
F113,2025,Healthcare,1569,8.96,0,8
F114,2010,Services,353,3.36,0,5
F114,2011,Services,363,-0.17,0,6
F114,2012,Services,374,0.19,1,0
F114,2013,Services,385,5.38,0,1
F114,2014,Services,397,4.43,0,2
F114,2015,Services,409,-0.99,0,3
F114,2016,Services,421,-0.52,0,4
F114,2017,Services,434,4.12,1,0
F114,2018,Services,447,4.69,0,1
F114,2019,Services,460,4.11,0,2
F114,2020,Services,474,3.74,0,3
F114,2021,Services,488,2.4,0,4
F114,2022,Services,503,4.96,0,5
F114,2023,Services,518,7.47,0,6
F114,2024,Services,533,-1.68,0,7
F114,2025,Services,550,1.25,1,0
F115,2010,Materials,548,7.42,0,5
F115,2011,Materials,564,9.19,0,6
F115,2012,Materials,581,3.09,0,7
F115,2013,Materials,599,5.05,0,8
F115,2014,Materials,617,7.66,0,9
F115,2015,Materials,635,11.07,1,0
F115,2016,Materials,654,9.71,0,1
F115,2017,Materials,674,8.06,0,2
F115,2018,Materials,694,8.42,0,3
F115,2019,Materials,715,9.96,0,4
F115,2020,Materials,736,5.09,1,0
F115,2021,Materials,758,8.66,1,0
F115,2022,Materials,781,10.42,0,1
F115,2023,Materials,804,9.76,0,2
F115,2024,Materials,829,12.16,0,3
F115,2025,Materials,853,13.03,0,4
F116,2010,Industrial,584,-4.6,0,6
F116,2011,Industrial,602,3.85,1,0
F116,2012,Industrial,620,5.63,0,1
F116,2013,Industrial,639,5.59,0,2
F116,2014,Industrial,658,9.75,0,3
F116,2015,Industrial,677,5.8,0,4
F116,2016,Industrial,698,3.16,0,5
F116,2017,Industrial,719,1.72,0,6
F116,2018,Industrial,740,-0.79,0,7
F116,2019,Industrial,762,-4.11,1,0
F116,2020,Industrial,785,-1.55,1,0
F116,2021,Industrial,809,-2.26,1,0
F116,2022,Industrial,833,-2.83,0,1
F116,2023,Industrial,858,-3.65,0,2
F116,2024,Industrial,884,0.36,1,0
F116,2025,Industrial,910,2.77,0,1
F117,2010,Consumer,326,8.68,0,4
F117,2011,Consumer,335,10.15,0,5
F117,2012,Consumer,345,6.8,0,6
F117,2013,Consumer,356,8.94,0,7
F117,2014,Consumer,366,8.5,0,8
F117,2015,Consumer,377,10.92,0,9
F117,2016,Consumer,389,8.29,0,10
F117,2017,Consumer,400,8.79,0,11
F117,2018,Consumer,412,5.33,1,0
F117,2019,Consumer,425,10.85,0,1
F117,2020,Consumer,438,5.5,0,2
F117,2021,Consumer,451,4.93,0,3
F117,2022,Consumer,464,7.9,0,4
F117,2023,Consumer,478,6.13,0,5
F117,2024,Consumer,493,8.25,0,6
F117,2025,Consumer,507,2.71,0,7
F118,2010,Consumer,879,0.56,0,3
F118,2011,Consumer,905,-0.81,0,4
F118,2012,Consumer,932,3.96,0,5
F118,2013,Consumer,960,5.16,0,6
F118,2014,Consumer,989,9.5,0,7
F118,2015,Consumer,1019,7.13,0,8
F118,2016,Consumer,1049,6.63,0,9
F118,2017,Consumer,1081,5.4,0,10
F118,2018,Consumer,1113,0.89,0,11
F118,2019,Consumer,1146,3.92,0,12
F118,2020,Consumer,1181,8.42,0,13
F118,2021,Consumer,1216,3.39,0,14
F118,2022,Consumer,1253,1.78,0,15
F118,2023,Consumer,1290,0.32,1,0
F118,2024,Consumer,1329,6.47,0,1
F118,2025,Consumer,1369,6.11,0,2
F119,2010,Services,474,7.28,0,7
F119,2011,Services,488,9.03,0,8
F119,2012,Services,502,9.58,0,9
F119,2013,Services,517,12.42,1,0
F119,2014,Services,533,7.37,0,1
F119,2015,Services,549,6.43,0,2
F119,2016,Services,565,9.84,0,3
F119,2017,Services,582,9.4,0,4
F119,2018,Services,600,10.05,0,5
F119,2019,Services,618,10.03,0,6
F119,2020,Services,636,11.17,0,7
F119,2021,Services,656,4.9,1,0
F119,2022,Services,675,4.56,0,1
F119,2023,Services,695,4.85,0,2
F119,2024,Services,716,0.56,0,3
F119,2025,Services,738,4.86,1,0
F120,2010,Consumer,457,1.67,0,1
F120,2011,Consumer,471,1.28,0,2
F120,2012,Consumer,485,2.31,0,3
F120,2013,Consumer,499,-1.4,0,4
F120,2014,Consumer,514,1.21,1,0
F120,2015,Consumer,530,4.17,0,1
F120,2016,Consumer,546,-0.24,0,2
F120,2017,Consumer,562,6.11,0,3
F120,2018,Consumer,579,2.13,0,4
F120,2019,Consumer,596,1.05,0,5
F120,2020,Consumer,614,2.48,0,6
F120,2021,Consumer,632,3.44,0,7
F120,2022,Consumer,651,5.83,0,8
F120,2023,Consumer,671,2.82,0,9
F120,2024,Consumer,691,4.01,1,0
F120,2025,Consumer,712,-0.51,0,1
F121,2010,Materials,490,7.28,0,3
F121,2011,Materials,505,3.88,0,4
F121,2012,Materials,520,4.55,0,5
F121,2013,Materials,536,4.63,0,6
F121,2014,Materials,552,5.01,0,7
F121,2015,Materials,568,4.22,0,8
F121,2016,Materials,586,10.99,0,9
F121,2017,Materials,603,9.59,0,10
F121,2018,Materials,621,6.98,0,11
F121,2019,Materials,640,3.11,0,12
F121,2020,Materials,659,6.33,0,13
F121,2021,Materials,679,5.45,0,14
F121,2022,Materials,699,6.43,0,15
F121,2023,Materials,720,6.48,0,16
F121,2024,Materials,742,4.57,0,17
F121,2025,Materials,764,6.22,0,18
F122,2010,Materials,633,3.18,0,1
F122,2011,Materials,652,7.82,1,0
F122,2012,Materials,671,10.53,0,1
F122,2013,Materials,691,7.46,0,2
F122,2014,Materials,712,9.88,0,3
F122,2015,Materials,733,5.74,0,4
F122,2016,Materials,755,9.23,0,5
F122,2017,Materials,778,11.78,1,0
F122,2018,Materials,801,6.67,0,1
F122,2019,Materials,825,7.48,0,2
F122,2020,Materials,850,14.4,0,3
F122,2021,Materials,876,10.14,0,4
F122,2022,Materials,902,7.56,0,5
F122,2023,Materials,929,7.54,0,6
F122,2024,Materials,957,8.7,0,7
F122,2025,Materials,986,7.75,0,8
F123,2010,Tech,343,6.6,0,1
F123,2011,Tech,353,13.11,0,2
F123,2012,Tech,364,4.64,0,3
F123,2013,Tech,375,10.73,0,4
F123,2014,Tech,386,6.89,0,5
F123,2015,Tech,398,4.88,0,6
F123,2016,Tech,409,5.54,0,7
F123,2017,Tech,422,3.7,0,8
F123,2018,Tech,434,6.07,0,9
F123,2019,Tech,447,5.87,0,10
F123,2020,Tech,461,9.26,0,11
F123,2021,Tech,475,7.32,0,12
F123,2022,Tech,489,5.62,0,13
F123,2023,Tech,504,6.6,0,14
F123,2024,Tech,519,6.08,0,15
F123,2025,Tech,534,8.19,0,16
F124,2010,Tech,257,7.53,0,0
F124,2011,Tech,265,3.1,0,1
F124,2012,Tech,273,6.58,0,2
F124,2013,Tech,281,8.1,0,3
F124,2014,Tech,289,10.48,0,4
F124,2015,Tech,298,11.93,0,5
F124,2016,Tech,307,5.96,0,6
F124,2017,Tech,316,6.46,0,7
F124,2018,Tech,325,9.87,0,8
F124,2019,Tech,335,8.32,0,9
F124,2020,Tech,345,11.65,0,10
F124,2021,Tech,356,7.52,0,11
F124,2022,Tech,366,7.94,0,12
F124,2023,Tech,377,13.98,1,0
F124,2024,Tech,389,9.45,0,1
F124,2025,Tech,400,6.31,0,2
F125,2010,Industrial,260,-2.55,0,7
F125,2011,Industrial,268,-2.27,0,8
F125,2012,Industrial,276,0.35,0,9
F125,2013,Industrial,284,-1.02,1,0
F125,2014,Industrial,293,-0.47,0,1
F125,2015,Industrial,302,1.44,0,2
F125,2016,Industrial,311,3.56,0,3
F125,2017,Industrial,320,2.06,0,4
F125,2018,Industrial,330,3.49,0,5
F125,2019,Industrial,340,-2.39,0,6
F125,2020,Industrial,350,1.15,0,7
F125,2021,Industrial,360,4.67,0,8
F125,2022,Industrial,371,5.98,0,9
F125,2023,Industrial,382,3.39,0,10
F125,2024,Industrial,394,0.36,0,11
F125,2025,Industrial,405,6.23,0,12
F126,2010,Healthcare,390,5.33,0,4
F126,2011,Healthcare,401,7.45,0,5
F126,2012,Healthcare,413,6.13,0,6
F126,2013,Healthcare,426,6.2,1,0
F126,2014,Healthcare,439,0.91,0,1
F126,2015,Healthcare,452,1.28,0,2
F126,2016,Healthcare,465,-0.46,0,3
F126,2017,Healthcare,479,6.32,1,0
F126,2018,Healthcare,494,6.93,0,1
F126,2019,Healthcare,508,7.46,0,2
F126,2020,Healthcare,524,7.59,0,3
F126,2021,Healthcare,539,4.27,0,4
F126,2022,Healthcare,555,2.36,0,5
F126,2023,Healthcare,572,4.76,0,6
F126,2024,Healthcare,589,3.15,1,0
F126,2025,Healthcare,607,2.77,0,1
F127,2010,Healthcare,584,3.09,0,1
F127,2011,Healthcare,602,6.02,0,2
F127,2012,Healthcare,620,7.77,0,3
F127,2013,Healthcare,638,1.53,0,4
F127,2014,Healthcare,657,3.48,0,5
F127,2015,Healthcare,677,7.99,0,6
F127,2016,Healthcare,698,10.2,1,0
F127,2017,Healthcare,718,0.39,0,1
F127,2018,Healthcare,740,0.02,1,0
F127,2019,Healthcare,762,5.37,0,1
F127,2020,Healthcare,785,3.87,0,2
F127,2021,Healthcare,809,5.7,0,3
F127,2022,Healthcare,833,-0.46,1,0
F127,2023,Healthcare,858,3.25,0,1
F127,2024,Healthcare,884,4.47,0,2
F127,2025,Healthcare,910,2.71,0,3
F128,2010,Tech,372,4.99,0,5
F128,2011,Tech,383,8.02,0,6
F128,2012,Tech,395,4.3,0,7
F128,2013,Tech,407,2.35,0,8
F128,2014,Tech,419,3.99,0,9
F128,2015,Tech,431,2.43,0,10
F128,2016,Tech,444,0.44,0,11
F128,2017,Tech,458,2.45,1,0
F128,2018,Tech,471,6.3,0,1
F128,2019,Tech,485,4.34,0,2
F128,2020,Tech,500,6.55,0,3
F128,2021,Tech,515,9.84,0,4
F128,2022,Tech,530,4.82,0,5
F128,2023,Tech,546,10.12,0,6
F128,2024,Tech,563,8.23,0,7
F128,2025,Tech,580,4.67,0,8
F129,2010,Consumer,1127,8.79,0,3
F129,2011,Consumer,1161,11.81,0,4
F129,2012,Consumer,1196,5.34,1,0
F129,2013,Consumer,1232,5.76,0,1
F129,2014,Consumer,1269,3.5,0,2
F129,2015,Consumer,1307,5.72,0,3
F129,2016,Consumer,1346,7.78,0,4
F129,2017,Consumer,1386,1.49,0,5
F129,2018,Consumer,1428,1.22,0,6
F129,2019,Consumer,1471,4.28,0,7
F129,2020,Consumer,1515,2.5,0,8
F129,2021,Consumer,1560,4.06,0,9
F129,2022,Consumer,1607,1.19,0,10
F129,2023,Consumer,1655,1.15,1,0
F129,2024,Consumer,1705,3.55,0,1
F129,2025,Consumer,1756,4.22,0,2
F130,2010,Consumer,577,3.59,0,4
F130,2011,Consumer,595,7.83,0,5
F130,2012,Consumer,613,4.41,0,6
F130,2013,Consumer,631,4.02,0,7
F130,2014,Consumer,650,7.95,0,8
F130,2015,Consumer,669,10.91,0,9
F130,2016,Consumer,689,2.43,0,10
F130,2017,Consumer,710,5.67,0,11
F130,2018,Consumer,731,3.78,0,12
F130,2019,Consumer,753,8.35,0,13
F130,2020,Consumer,776,7.1,0,14
F130,2021,Consumer,799,3.38,0,15
F130,2022,Consumer,823,4.31,0,16
F130,2023,Consumer,848,7.61,0,17
F130,2024,Consumer,873,3.26,0,18
F130,2025,Consumer,899,5.75,0,19
F131,2010,Services,230,2.65,0,0
F131,2011,Services,237,3.0,0,1
F131,2012,Services,244,1.7,0,2
F131,2013,Services,251,1.96,0,3
F131,2014,Services,259,0.28,0,4
F131,2015,Services,266,-0.58,0,5
F131,2016,Services,274,3.16,0,6
F131,2017,Services,283,-2.82,0,7
F131,2018,Services,291,-3.05,0,8
F131,2019,Services,300,-0.0,0,9
F131,2020,Services,309,6.5,0,10
F131,2021,Services,318,2.87,0,11
F131,2022,Services,328,2.95,0,12
F131,2023,Services,337,2.37,0,13
F131,2024,Services,347,3.79,0,14
F131,2025,Services,358,4.15,0,15
F132,2010,Tech,556,13.02,0,1
F132,2011,Tech,572,18.02,0,2
F132,2012,Tech,590,11.55,0,3
F132,2013,Tech,607,14.53,0,4
F132,2014,Tech,625,10.54,0,5
F132,2015,Tech,644,13.23,0,6
F132,2016,Tech,664,8.72,0,7
F132,2017,Tech,683,10.55,0,8
F132,2018,Tech,704,10.13,0,9
F132,2019,Tech,725,7.51,0,10
F132,2020,Tech,747,9.54,0,11
F132,2021,Tech,769,10.31,0,12
F132,2022,Tech,792,1.98,0,13
F132,2023,Tech,816,7.08,0,14
F132,2024,Tech,841,9.08,0,15
F132,2025,Tech,866,4.62,0,16
F133,2010,Tech,522,7.49,0,2
F133,2011,Tech,538,10.03,0,3
F133,2012,Tech,554,6.7,0,4
F133,2013,Tech,571,3.54,1,0
F133,2014,Tech,588,4.27,0,1
F133,2015,Tech,605,1.68,0,2
F133,2016,Tech,624,-0.41,1,0
F133,2017,Tech,642,7.69,0,1
F133,2018,Tech,661,8.58,0,2
F133,2019,Tech,681,8.84,0,3
F133,2020,Tech,702,14.19,0,4
F133,2021,Tech,723,9.54,0,5
F133,2022,Tech,745,4.89,0,6
F133,2023,Tech,767,8.57,0,7
F133,2024,Tech,790,11.04,0,8
F133,2025,Tech,814,8.9,0,9
F134,2010,Materials,695,2.37,0,7
F134,2011,Materials,716,5.15,0,8
F134,2012,Materials,737,0.87,0,9
F134,2013,Materials,759,-0.54,0,10
F134,2014,Materials,782,2.17,0,11
F134,2015,Materials,805,-0.58,0,12
F134,2016,Materials,829,0.65,0,13
F134,2017,Materials,854,-1.22,0,14
F134,2018,Materials,880,-0.26,0,15
F134,2019,Materials,906,1.84,0,16
F134,2020,Materials,934,3.08,0,17
F134,2021,Materials,962,0.28,0,18
F134,2022,Materials,990,4.77,0,19
F134,2023,Materials,1020,3.19,0,20
F134,2024,Materials,1051,0.09,0,21
F134,2025,Materials,1082,3.92,1,0
F135,2010,Healthcare,612,5.27,0,2
F135,2011,Healthcare,630,7.51,0,3
F135,2012,Healthcare,649,8.48,0,4
F135,2013,Healthcare,669,2.12,0,5
F135,2014,Healthcare,689,3.29,0,6
F135,2015,Healthcare,709,2.51,0,7
F135,2016,Healthcare,731,1.8,0,8
F135,2017,Healthcare,752,3.23,0,9
F135,2018,Healthcare,775,5.16,0,10
F135,2019,Healthcare,798,5.98,0,11
F135,2020,Healthcare,822,5.03,0,12
F135,2021,Healthcare,847,4.44,0,13
F135,2022,Healthcare,872,4.18,0,14
F135,2023,Healthcare,898,2.49,0,15
F135,2024,Healthcare,925,4.69,0,16
F135,2025,Healthcare,953,2.42,0,17
F136,2010,Industrial,427,4.71,0,1
F136,2011,Industrial,439,0.67,0,2
F136,2012,Industrial,453,1.07,0,3
F136,2013,Industrial,466,2.0,0,4
F136,2014,Industrial,480,4.86,1,0
F136,2015,Industrial,495,10.79,1,0
F136,2016,Industrial,509,9.73,0,1
F136,2017,Industrial,525,9.23,0,2
F136,2018,Industrial,540,5.8,0,3
F136,2019,Industrial,557,8.52,0,4
F136,2020,Industrial,573,2.85,0,5
F136,2021,Industrial,590,4.13,0,6
F136,2022,Industrial,608,0.86,0,7
F136,2023,Industrial,626,6.08,0,8
F136,2024,Industrial,645,5.37,0,9
F136,2025,Industrial,665,5.67,0,10
F137,2010,Tech,809,3.99,0,7
F137,2011,Tech,833,3.22,0,8
F137,2012,Tech,858,2.16,0,9
F137,2013,Tech,884,3.2,1,0
F137,2014,Tech,910,5.01,0,1
F137,2015,Tech,938,6.07,0,2
F137,2016,Tech,966,0.23,0,3
F137,2017,Tech,995,2.58,1,0
F137,2018,Tech,1024,2.36,0,1
F137,2019,Tech,1055,5.87,0,2
F137,2020,Tech,1087,5.67,0,3
F137,2021,Tech,1119,7.1,0,4
F137,2022,Tech,1153,2.37,0,5
F137,2023,Tech,1188,4.51,1,0
F137,2024,Tech,1223,3.49,0,1
F137,2025,Tech,1260,9.33,0,2
F138,2010,Materials,371,7.49,0,3
F138,2011,Materials,382,8.36,0,4
F138,2012,Materials,394,1.07,0,5
F138,2013,Materials,405,0.35,0,6
F138,2014,Materials,418,8.96,1,0
F138,2015,Materials,430,10.12,0,1
F138,2016,Materials,443,8.66,0,2
F138,2017,Materials,456,3.05,0,3
F138,2018,Materials,470,0.91,0,4
F138,2019,Materials,484,3.12,1,0
F138,2020,Materials,499,2.79,0,1
F138,2021,Materials,514,2.28,0,2
F138,2022,Materials,529,5.52,0,3
F138,2023,Materials,545,5.43,0,4
F138,2024,Materials,561,5.55,0,5
F138,2025,Materials,578,4.96,0,6
F139,2010,Tech,643,5.08,0,2
F139,2011,Tech,662,8.08,0,3
F139,2012,Tech,682,7.28,0,4
F139,2013,Tech,703,5.92,0,5
F139,2014,Tech,724,6.63,0,6
F139,2015,Tech,746,10.25,1,0
F139,2016,Tech,768,12.56,0,1
F139,2017,Tech,791,15.32,0,2
F139,2018,Tech,815,13.74,0,3
F139,2019,Tech,839,8.44,0,4
F139,2020,Tech,864,7.82,1,0
F139,2021,Tech,890,3.19,0,1
F139,2022,Tech,917,1.72,0,2
F139,2023,Tech,944,2.97,0,3
F139,2024,Tech,973,6.02,0,4
F139,2025,Tech,1002,6.74,0,5
F140,2010,Services,430,2.97,0,6
F140,2011,Services,443,4.11,0,7
F140,2012,Services,457,6.06,0,8
F140,2013,Services,470,5.62,0,9
F140,2014,Services,484,6.3,0,10
F140,2015,Services,499,-0.58,0,11
F140,2016,Services,514,2.11,0,12
F140,2017,Services,529,1.84,0,13
F140,2018,Services,545,-0.71,0,14
F140,2019,Services,561,-0.94,0,15
F140,2020,Services,578,1.02,1,0
F140,2021,Services,596,1.72,0,1
F140,2022,Services,614,-1.55,0,2
F140,2023,Services,632,2.59,1,0
F140,2024,Services,651,2.83,0,1
F140,2025,Services,670,1.32,0,2
F141,2010,Materials,597,2.5,0,6
F141,2011,Materials,615,2.31,0,7
F141,2012,Materials,633,4.63,0,8
F141,2013,Materials,652,7.22,0,9
F141,2014,Materials,672,5.96,0,10
F141,2015,Materials,692,7.45,0,11
F141,2016,Materials,712,-0.37,0,12
F141,2017,Materials,734,4.69,0,13
F141,2018,Materials,756,3.0,0,14
F141,2019,Materials,778,4.82,0,15
F141,2020,Materials,802,2.66,0,16
F141,2021,Materials,826,2.52,0,17
F141,2022,Materials,851,3.76,0,18
F141,2023,Materials,876,3.94,0,19
F141,2024,Materials,902,3.91,1,0
F141,2025,Materials,930,7.96,0,1
F142,2010,Materials,537,4.25,0,2
F142,2011,Materials,553,4.73,0,3
F142,2012,Materials,570,4.95,1,0
F142,2013,Materials,587,3.29,0,1
F142,2014,Materials,604,3.17,0,2
F142,2015,Materials,622,5.73,0,3
F142,2016,Materials,641,6.71,0,4
F142,2017,Materials,660,9.1,0,5
F142,2018,Materials,680,2.94,0,6
F142,2019,Materials,700,1.02,0,7
F142,2020,Materials,721,2.16,1,0
F142,2021,Materials,743,1.94,0,1
F142,2022,Materials,765,3.94,0,2
F142,2023,Materials,788,5.38,0,3
F142,2024,Materials,812,5.08,0,4
F142,2025,Materials,836,4.49,0,5
F143,2010,Healthcare,444,4.04,0,2
F143,2011,Healthcare,458,1.8,0,3
F143,2012,Healthcare,471,3.43,0,4
F143,2013,Healthcare,486,2.4,0,5
F143,2014,Healthcare,500,1.21,0,6
F143,2015,Healthcare,515,2.34,0,7
F143,2016,Healthcare,531,-1.95,0,8
F143,2017,Healthcare,547,3.15,1,0
F143,2018,Healthcare,563,6.71,0,1
F143,2019,Healthcare,580,3.95,0,2
F143,2020,Healthcare,597,6.25,0,3
F143,2021,Healthcare,615,4.1,0,4
F143,2022,Healthcare,634,2.85,0,5
F143,2023,Healthcare,653,-2.34,0,6
F143,2024,Healthcare,672,-3.72,0,7
F143,2025,Healthcare,692,0.51,1,0
F144,2010,Services,407,9.81,0,7
F144,2011,Services,419,9.07,0,8
F144,2012,Services,432,8.35,0,9
F144,2013,Services,445,8.67,0,10
F144,2014,Services,458,5.42,0,11
F144,2015,Services,472,7.28,0,12
F144,2016,Services,486,7.2,0,13
F144,2017,Services,501,6.23,0,14
F144,2018,Services,516,7.62,0,15
F144,2019,Services,531,6.71,1,0
F144,2020,Services,547,7.94,0,1
F144,2021,Services,564,4.35,0,2
F144,2022,Services,580,10.48,0,3
F144,2023,Services,598,6.1,0,4
F144,2024,Services,616,5.67,0,5
F144,2025,Services,634,6.91,0,6
F145,2010,Industrial,462,7.02,0,6
F145,2011,Industrial,476,6.86,0,7
F145,2012,Industrial,490,8.86,0,8
F145,2013,Industrial,505,10.27,0,9
F145,2014,Industrial,520,12.22,0,10
F145,2015,Industrial,536,9.48,0,11
F145,2016,Industrial,552,9.24,0,12
F145,2017,Industrial,569,9.98,0,13
F145,2018,Industrial,586,11.3,0,14
F145,2019,Industrial,603,6.8,0,15
F145,2020,Industrial,621,7.56,0,16
F145,2021,Industrial,640,9.26,0,17
F145,2022,Industrial,659,11.88,0,18
F145,2023,Industrial,679,12.3,0,19
F145,2024,Industrial,699,12.67,0,20
F145,2025,Industrial,720,15.86,0,21
F146,2010,Healthcare,409,3.06,0,3
F146,2011,Healthcare,421,3.86,0,4
F146,2012,Healthcare,434,4.87,1,0
F146,2013,Healthcare,447,5.94,0,1
F146,2014,Healthcare,460,9.61,0,2
F146,2015,Healthcare,474,7.98,0,3
F146,2016,Healthcare,488,8.08,0,4
F146,2017,Healthcare,503,5.57,0,5
F146,2018,Healthcare,518,5.23,0,6
F146,2019,Healthcare,534,6.69,0,7
F146,2020,Healthcare,550,6.17,0,8
F146,2021,Healthcare,566,11.8,0,9
F146,2022,Healthcare,583,7.79,0,10
F146,2023,Healthcare,601,7.43,0,11
F146,2024,Healthcare,619,8.99,0,12
F146,2025,Healthcare,637,4.08,0,13
F147,2010,Healthcare,489,6.09,0,1
F147,2011,Healthcare,503,5.79,0,2
F147,2012,Healthcare,518,7.48,0,3
F147,2013,Healthcare,534,6.19,0,4
F147,2014,Healthcare,550,8.59,0,5
F147,2015,Healthcare,566,8.0,0,6
F147,2016,Healthcare,583,1.14,0,7
F147,2017,Healthcare,601,-1.96,0,8
F147,2018,Healthcare,619,1.9,1,0
F147,2019,Healthcare,637,-0.98,1,0
F147,2020,Healthcare,657,5.93,0,1
F147,2021,Healthcare,676,7.01,0,2
F147,2022,Healthcare,696,7.27,0,3
F147,2023,Healthcare,717,9.0,0,4
F147,2024,Healthcare,739,3.14,1,0
F147,2025,Healthcare,761,5.15,0,1
F148,2010,Tech,759,-2.29,0,0
F148,2011,Tech,782,0.37,0,1
F148,2012,Tech,806,2.59,0,2
F148,2013,Tech,830,6.5,0,3
F148,2014,Tech,855,1.88,0,4
F148,2015,Tech,880,5.66,0,5
F148,2016,Tech,907,2.26,1,0
F148,2017,Tech,934,1.31,0,1
F148,2018,Tech,962,2.96,0,2
F148,2019,Tech,991,4.65,0,3
F148,2020,Tech,1020,3.29,0,4
F148,2021,Tech,1051,-2.9,0,5
F148,2022,Tech,1083,-0.83,1,0
F148,2023,Tech,1115,-0.14,0,1
F148,2024,Tech,1149,-0.25,0,2
F148,2025,Tech,1183,3.84,0,3
F149,2010,Healthcare,841,3.6,0,0
F149,2011,Healthcare,866,1.58,0,1
F149,2012,Healthcare,892,2.11,1,0
F149,2013,Healthcare,919,4.17,0,1
F149,2014,Healthcare,946,0.8,0,2
F149,2015,Healthcare,975,2.93,0,3
F149,2016,Healthcare,1004,-1.22,0,4
F149,2017,Healthcare,1034,4.6,1,0
F149,2018,Healthcare,1065,5.92,0,1
F149,2019,Healthcare,1097,8.78,0,2
F149,2020,Healthcare,1130,4.01,0,3
F149,2021,Healthcare,1164,3.23,0,4
F149,2022,Healthcare,1199,2.21,0,5
F149,2023,Healthcare,1235,3.58,0,6
F149,2024,Healthcare,1272,8.11,0,7
F149,2025,Healthcare,1310,2.76,0,8
F150,2010,Tech,342,3.87,0,4
F150,2011,Tech,353,5.83,0,5
F150,2012,Tech,363,3.13,0,6
F150,2013,Tech,374,0.52,0,7
F150,2014,Tech,385,0.69,0,8
F150,2015,Tech,397,1.48,0,9
F150,2016,Tech,409,-3.87,0,10
F150,2017,Tech,421,1.3,1,0
F150,2018,Tech,434,3.59,0,1
F150,2019,Tech,447,5.43,0,2
F150,2020,Tech,460,6.49,0,3
F150,2021,Tech,474,2.71,0,4
F150,2022,Tech,488,0.29,0,5
F150,2023,Tech,503,0.11,0,6
F150,2024,Tech,518,2.88,0,7
F150,2025,Tech,533,2.15,1,0
F151,2010,Services,652,3.48,0,1
F151,2011,Services,672,6.23,1,0
F151,2012,Services,692,6.88,0,1
F151,2013,Services,713,9.19,0,2
F151,2014,Services,734,3.69,0,3
F151,2015,Services,756,7.3,0,4
F151,2016,Services,779,4.78,0,5
F151,2017,Services,802,-0.19,0,6
F151,2018,Services,827,5.41,1,0
F151,2019,Services,851,4.04,0,1
F151,2020,Services,877,5.55,0,2
F151,2021,Services,903,7.13,0,3
F151,2022,Services,930,10.22,0,4
F151,2023,Services,958,6.58,0,5
F151,2024,Services,987,5.49,0,6
F151,2025,Services,1017,10.46,0,7
F152,2010,Tech,477,2.1,0,3
F152,2011,Tech,492,3.94,0,4
F152,2012,Tech,507,2.36,0,5
F152,2013,Tech,522,4.68,0,6
F152,2014,Tech,537,0.84,0,7
F152,2015,Tech,554,-0.01,0,8
F152,2016,Tech,570,0.76,0,9
F152,2017,Tech,587,4.52,0,10
F152,2018,Tech,605,5.82,0,11
F152,2019,Tech,623,3.83,0,12
F152,2020,Tech,642,0.79,0,13
F152,2021,Tech,661,-2.72,0,14
F152,2022,Tech,681,2.32,0,15
F152,2023,Tech,701,1.64,0,16
F152,2024,Tech,722,-1.19,0,17
F152,2025,Tech,744,0.32,0,18
F153,2010,Healthcare,517,2.1,0,0
F153,2011,Healthcare,532,-0.2,0,1
F153,2012,Healthcare,548,-0.53,0,2
F153,2013,Healthcare,565,5.18,1,0
F153,2014,Healthcare,582,0.2,0,1
F153,2015,Healthcare,599,5.23,0,2
F153,2016,Healthcare,617,1.33,0,3
F153,2017,Healthcare,636,0.63,0,4
F153,2018,Healthcare,655,3.54,0,5
F153,2019,Healthcare,674,1.34,0,6
F153,2020,Healthcare,694,2.48,0,7
F153,2021,Healthcare,715,-1.57,0,8
F153,2022,Healthcare,737,6.33,1,0
F153,2023,Healthcare,759,0.36,0,1
F153,2024,Healthcare,782,4.65,0,2
F153,2025,Healthcare,805,5.02,0,3
F154,2010,Materials,708,4.67,0,6
F154,2011,Materials,729,7.3,0,7
F154,2012,Materials,751,7.85,0,8
F154,2013,Materials,773,6.31,0,9
F154,2014,Materials,796,5.61,0,10
F154,2015,Materials,820,7.17,0,11
F154,2016,Materials,845,8.74,0,12
F154,2017,Materials,870,12.08,0,13
F154,2018,Materials,896,6.99,0,14
F154,2019,Materials,923,5.44,1,0
F154,2020,Materials,951,4.66,0,1
F154,2021,Materials,979,8.06,0,2
F154,2022,Materials,1009,9.96,0,3
F154,2023,Materials,1039,12.29,0,4
F154,2024,Materials,1070,13.33,0,5
F154,2025,Materials,1102,7.54,0,6
F155,2010,Services,526,6.88,0,2
F155,2011,Services,542,11.09,0,3
F155,2012,Services,558,7.58,0,4
F155,2013,Services,575,8.7,0,5
F155,2014,Services,592,7.3,0,6
F155,2015,Services,610,5.38,0,7
F155,2016,Services,628,5.95,1,0
F155,2017,Services,647,2.86,0,1
F155,2018,Services,666,6.65,0,2
F155,2019,Services,686,9.22,0,3
F155,2020,Services,707,14.1,0,4
F155,2021,Services,728,10.89,1,0
F155,2022,Services,750,8.53,0,1
F155,2023,Services,773,13.45,0,2
F155,2024,Services,796,11.46,0,3
F155,2025,Services,820,10.58,0,4
F156,2010,Services,870,9.6,0,2
F156,2011,Services,896,8.79,0,3
F156,2012,Services,923,11.84,1,0
F156,2013,Services,951,9.51,0,1
F156,2014,Services,979,7.41,0,2
F156,2015,Services,1009,5.78,0,3
F156,2016,Services,1039,6.6,1,0
F156,2017,Services,1070,9.0,0,1
F156,2018,Services,1102,16.7,0,2
F156,2019,Services,1135,6.71,0,3
F156,2020,Services,1169,10.27,0,4
F156,2021,Services,1205,6.73,0,5
F156,2022,Services,1241,8.97,0,6
F156,2023,Services,1278,7.58,1,0
F156,2024,Services,1316,11.01,0,1
F156,2025,Services,1356,15.44,0,2
F157,2010,Healthcare,575,1.43,0,3
F157,2011,Healthcare,592,5.94,0,4
F157,2012,Healthcare,610,4.09,0,5
F157,2013,Healthcare,628,6.54,0,6
F157,2014,Healthcare,647,8.7,0,7
F157,2015,Healthcare,667,6.48,0,8
F157,2016,Healthcare,687,4.27,0,9
F157,2017,Healthcare,707,0.47,0,10
F157,2018,Healthcare,728,4.51,0,11
F157,2019,Healthcare,750,1.4,0,12
F157,2020,Healthcare,773,1.37,0,13
F157,2021,Healthcare,796,3.85,1,0
F157,2022,Healthcare,820,1.13,0,1
F157,2023,Healthcare,845,0.17,0,2
F157,2024,Healthcare,870,5.1,1,0
F157,2025,Healthcare,896,0.54,0,1
F158,2010,Tech,525,5.49,0,7
F158,2011,Tech,541,7.96,0,8
F158,2012,Tech,557,8.67,0,9
F158,2013,Tech,574,3.26,1,0
F158,2014,Tech,591,3.95,0,1
F158,2015,Tech,609,-1.14,0,2
F158,2016,Tech,627,1.52,0,3
F158,2017,Tech,646,4.3,1,0
F158,2018,Tech,665,2.44,0,1
F158,2019,Tech,685,3.97,0,2
F158,2020,Tech,706,-0.17,0,3
F158,2021,Tech,727,0.54,0,4
F158,2022,Tech,749,-2.29,0,5
F158,2023,Tech,771,5.57,0,6
F158,2024,Tech,794,0.84,0,7
F158,2025,Tech,818,-2.19,0,8
F159,2010,Healthcare,485,2.35,0,5
F159,2011,Healthcare,499,1.9,0,6
F159,2012,Healthcare,514,1.55,0,7
F159,2013,Healthcare,530,-0.6,1,0
F159,2014,Healthcare,546,2.3,0,1
F159,2015,Healthcare,562,4.85,0,2
F159,2016,Healthcare,579,1.82,0,3
F159,2017,Healthcare,596,4.1,0,4
F159,2018,Healthcare,614,5.0,0,5
F159,2019,Healthcare,633,4.55,0,6
F159,2020,Healthcare,652,4.37,0,7
F159,2021,Healthcare,671,4.93,0,8
F159,2022,Healthcare,691,4.64,0,9
F159,2023,Healthcare,712,3.45,0,10
F159,2024,Healthcare,733,6.28,0,11
F159,2025,Healthcare,755,3.47,0,12
F160,2010,Industrial,485,12.66,0,2
F160,2011,Industrial,499,6.1,0,3
F160,2012,Industrial,514,3.18,0,4
F160,2013,Industrial,530,12.04,1,0
F160,2014,Industrial,546,10.3,0,1
F160,2015,Industrial,562,7.89,0,2
F160,2016,Industrial,579,3.66,0,3
F160,2017,Industrial,596,7.13,1,0
F160,2018,Industrial,614,9.64,0,1
F160,2019,Industrial,632,10.92,0,2
F160,2020,Industrial,651,13.08,0,3
F160,2021,Industrial,671,4.72,0,4
F160,2022,Industrial,691,3.51,0,5
F160,2023,Industrial,712,8.91,1,0
F160,2024,Industrial,733,7.96,0,1
F160,2025,Industrial,755,7.36,0,2
F161,2010,Tech,550,2.73,0,0
F161,2011,Tech,567,8.81,0,1
F161,2012,Tech,584,5.72,0,2
F161,2013,Tech,601,8.25,0,3
F161,2014,Tech,619,4.59,0,4
F161,2015,Tech,638,9.8,0,5
F161,2016,Tech,657,11.77,0,6
F161,2017,Tech,677,11.52,0,7
F161,2018,Tech,697,7.67,0,8
F161,2019,Tech,718,7.39,0,9
F161,2020,Tech,739,4.93,1,0
F161,2021,Tech,762,7.47,0,1
F161,2022,Tech,784,1.05,0,2
F161,2023,Tech,808,1.05,1,0
F161,2024,Tech,832,8.39,0,1
F161,2025,Tech,857,7.54,0,2
F162,2010,Industrial,348,6.52,0,0
F162,2011,Industrial,358,7.44,0,1
F162,2012,Industrial,369,7.77,0,2
F162,2013,Industrial,380,6.3,0,3
F162,2014,Industrial,391,3.6,0,4
F162,2015,Industrial,403,5.24,1,0
F162,2016,Industrial,415,8.83,0,1
F162,2017,Industrial,428,8.0,0,2
F162,2018,Industrial,440,6.97,0,3
F162,2019,Industrial,454,5.68,0,4
F162,2020,Industrial,467,7.96,1,0
F162,2021,Industrial,481,6.36,0,1
F162,2022,Industrial,496,8.75,0,2
F162,2023,Industrial,510,9.17,0,3
F162,2024,Industrial,526,-0.29,0,4
F162,2025,Industrial,542,2.82,0,5
F163,2010,Consumer,512,4.67,0,3
F163,2011,Consumer,528,5.43,0,4
F163,2012,Consumer,543,6.27,1,0
F163,2013,Consumer,560,8.48,0,1
F163,2014,Consumer,576,3.39,0,2
F163,2015,Consumer,594,5.94,0,3
F163,2016,Consumer,612,6.26,0,4
F163,2017,Consumer,630,8.93,0,5
F163,2018,Consumer,649,4.11,0,6
F163,2019,Consumer,668,5.37,0,7
F163,2020,Consumer,688,4.86,0,8
F163,2021,Consumer,709,5.19,0,9
F163,2022,Consumer,730,5.98,0,10
F163,2023,Consumer,752,5.32,0,11
F163,2024,Consumer,775,11.08,0,12
F163,2025,Consumer,798,5.62,0,13
F164,2010,Healthcare,376,10.17,0,0
F164,2011,Healthcare,387,6.83,0,1
F164,2012,Healthcare,399,13.34,0,2
F164,2013,Healthcare,411,8.63,0,3
F164,2014,Healthcare,423,13.1,0,4
F164,2015,Healthcare,436,12.34,0,5
F164,2016,Healthcare,449,12.61,0,6
F164,2017,Healthcare,463,11.55,0,7
F164,2018,Healthcare,476,7.26,0,8
F164,2019,Healthcare,491,8.47,0,9
F164,2020,Healthcare,505,9.77,0,10
F164,2021,Healthcare,521,9.84,0,11
F164,2022,Healthcare,536,11.58,0,12
F164,2023,Healthcare,552,9.32,0,13
F164,2024,Healthcare,569,11.46,0,14
F164,2025,Healthcare,586,9.17,0,15
F165,2010,Healthcare,1497,6.41,0,0
F165,2011,Healthcare,1542,6.55,0,1
F165,2012,Healthcare,1588,4.77,0,2
F165,2013,Healthcare,1636,5.24,0,3
F165,2014,Healthcare,1685,3.21,1,0
F165,2015,Healthcare,1735,7.01,0,1
F165,2016,Healthcare,1787,5.72,0,2
F165,2017,Healthcare,1841,3.46,0,3
F165,2018,Healthcare,1896,5.62,1,0
F165,2019,Healthcare,1953,10.99,0,1
F165,2020,Healthcare,2012,6.05,0,2
F165,2021,Healthcare,2072,9.36,0,3
F165,2022,Healthcare,2134,10.52,0,4
F165,2023,Healthcare,2198,4.35,0,5
F165,2024,Healthcare,2264,6.94,0,6
F165,2025,Healthcare,2332,10.11,0,7
F166,2010,Services,1049,10.28,0,5
F166,2011,Services,1081,9.63,0,6
F166,2012,Services,1113,8.46,1,0
F166,2013,Services,1146,5.9,0,1
F166,2014,Services,1181,6.65,0,2
F166,2015,Services,1216,8.78,1,0
F166,2016,Services,1253,8.67,0,1
F166,2017,Services,1290,9.86,0,2
F166,2018,Services,1329,3.87,0,3
F166,2019,Services,1369,8.65,0,4
F166,2020,Services,1410,13.43,1,0
F166,2021,Services,1452,13.1,0,1
F166,2022,Services,1496,9.91,0,2
F166,2023,Services,1541,11.17,0,3
F166,2024,Services,1587,9.9,0,4
F166,2025,Services,1635,9.49,0,5
F167,2010,Services,589,6.59,0,7
F167,2011,Services,607,5.49,0,8
F167,2012,Services,625,1.94,1,0
F167,2013,Services,644,7.91,1,0
F167,2014,Services,663,2.88,0,1
F167,2015,Services,683,2.59,0,2
F167,2016,Services,704,8.45,0,3
F167,2017,Services,725,8.36,0,4
F167,2018,Services,746,4.53,0,5
F167,2019,Services,769,5.33,0,6
F167,2020,Services,792,3.27,0,7
F167,2021,Services,816,5.55,0,8
F167,2022,Services,840,5.82,0,9
F167,2023,Services,865,8.32,0,10
F167,2024,Services,891,4.55,0,11
F167,2025,Services,918,7.63,0,12
F168,2010,Materials,348,4.86,0,6
F168,2011,Materials,359,4.97,0,7
F168,2012,Materials,369,3.45,1,0
F168,2013,Materials,380,5.47,0,1
F168,2014,Materials,392,8.65,0,2
F168,2015,Materials,404,5.89,0,3
F168,2016,Materials,416,7.81,0,4
F168,2017,Materials,428,8.12,0,5
F168,2018,Materials,441,7.08,0,6
F168,2019,Materials,454,6.72,0,7
F168,2020,Materials,468,9.21,0,8
F168,2021,Materials,482,8.24,0,9
F168,2022,Materials,496,0.93,1,0
F168,2023,Materials,511,7.91,1,0
F168,2024,Materials,527,2.67,0,1
F168,2025,Materials,542,2.5,0,2
F169,2010,Tech,407,0.58,0,6
F169,2011,Tech,419,2.8,0,7
F169,2012,Tech,432,-1.9,0,8
F169,2013,Tech,445,1.42,0,9
F169,2014,Tech,458,0.37,0,10
F169,2015,Tech,472,-0.69,0,11
F169,2016,Tech,486,-3.4,0,12
F169,2017,Tech,501,4.83,0,13
F169,2018,Tech,516,1.14,0,14
F169,2019,Tech,531,3.22,0,15
F169,2020,Tech,547,3.55,0,16
F169,2021,Tech,563,1.45,0,17
F169,2022,Tech,580,3.16,0,18
F169,2023,Tech,598,1.13,0,19
F169,2024,Tech,616,4.39,0,20
F169,2025,Tech,634,-0.01,0,21
F170,2010,Consumer,267,5.89,0,2
F170,2011,Consumer,275,6.15,0,3
F170,2012,Consumer,283,5.25,0,4
F170,2013,Consumer,292,5.18,0,5
F170,2014,Consumer,300,8.11,0,6
F170,2015,Consumer,309,7.96,0,7
F170,2016,Consumer,319,4.66,0,8
F170,2017,Consumer,328,4.22,0,9
F170,2018,Consumer,338,9.46,0,10
F170,2019,Consumer,348,11.1,0,11
F170,2020,Consumer,359,6.33,0,12
F170,2021,Consumer,369,5.08,0,13
F170,2022,Consumer,380,8.29,0,14
F170,2023,Consumer,392,7.35,0,15
F170,2024,Consumer,404,6.93,0,16
F170,2025,Consumer,416,4.97,0,17
F171,2010,Materials,566,6.59,0,6
F171,2011,Materials,583,7.95,0,7
F171,2012,Materials,600,8.34,1,0
F171,2013,Materials,618,9.6,0,1
F171,2014,Materials,637,8.14,0,2
F171,2015,Materials,656,6.66,0,3
F171,2016,Materials,676,10.52,0,4
F171,2017,Materials,696,10.13,0,5
F171,2018,Materials,717,6.34,0,6
F171,2019,Materials,738,8.93,0,7
F171,2020,Materials,760,9.17,0,8
F171,2021,Materials,783,10.22,0,9
F171,2022,Materials,807,12.52,0,10
F171,2023,Materials,831,14.79,0,11
F171,2024,Materials,856,6.8,0,12
F171,2025,Materials,882,5.8,0,13
F172,2010,Tech,241,9.93,0,2
F172,2011,Tech,248,13.88,0,3
F172,2012,Tech,255,8.29,0,4
F172,2013,Tech,263,9.31,0,5
F172,2014,Tech,271,9.09,0,6
F172,2015,Tech,279,13.62,0,7
F172,2016,Tech,288,6.01,0,8
F172,2017,Tech,296,8.28,0,9
F172,2018,Tech,305,14.56,0,10
F172,2019,Tech,314,13.48,0,11
F172,2020,Tech,324,7.18,1,0
F172,2021,Tech,333,5.0,0,1
F172,2022,Tech,343,6.12,0,2
F172,2023,Tech,354,2.8,0,3
F172,2024,Tech,364,7.64,1,0
F172,2025,Tech,375,7.58,0,1
F173,2010,Consumer,631,10.27,0,1
F173,2011,Consumer,650,13.0,0,2
F173,2012,Consumer,670,9.55,0,3
F173,2013,Consumer,690,9.35,0,4
F173,2014,Consumer,711,9.89,0,5
F173,2015,Consumer,732,4.46,0,6
F173,2016,Consumer,754,7.51,0,7
F173,2017,Consumer,776,5.12,0,8
F173,2018,Consumer,800,8.29,0,9
F173,2019,Consumer,824,9.41,0,10
F173,2020,Consumer,848,6.78,0,11
F173,2021,Consumer,874,8.74,0,12
F173,2022,Consumer,900,17.27,0,13
F173,2023,Consumer,927,10.94,0,14
F173,2024,Consumer,955,11.37,1,0
F173,2025,Consumer,984,13.17,0,1
F174,2010,Industrial,860,1.73,0,0
F174,2011,Industrial,886,7.74,1,0
F174,2012,Industrial,912,7.35,0,1
F174,2013,Industrial,940,10.03,0,2
F174,2014,Industrial,968,9.28,0,3
F174,2015,Industrial,997,11.24,0,4
F174,2016,Industrial,1027,9.87,0,5
F174,2017,Industrial,1058,13.83,0,6
F174,2018,Industrial,1089,11.13,0,7
F174,2019,Industrial,1122,9.17,0,8
F174,2020,Industrial,1156,7.2,0,9
F174,2021,Industrial,1190,3.49,0,10
F174,2022,Industrial,1226,5.74,0,11
F174,2023,Industrial,1263,7.68,0,12
F174,2024,Industrial,1301,8.3,0,13
F174,2025,Industrial,1340,9.93,0,14
F175,2010,Industrial,904,2.6,0,4
F175,2011,Industrial,931,5.7,0,5
F175,2012,Industrial,959,7.7,0,6
F175,2013,Industrial,988,4.42,0,7
F175,2014,Industrial,1018,7.37,0,8
F175,2015,Industrial,1048,5.74,0,9
F175,2016,Industrial,1080,4.48,0,10
F175,2017,Industrial,1112,5.39,0,11
F175,2018,Industrial,1146,2.07,0,12
F175,2019,Industrial,1180,3.27,0,13
F175,2020,Industrial,1215,6.11,0,14
F175,2021,Industrial,1252,2.53,0,15
F175,2022,Industrial,1289,6.23,0,16
F175,2023,Industrial,1328,5.19,0,17
F175,2024,Industrial,1368,6.04,0,18
F175,2025,Industrial,1409,3.79,0,19
F176,2010,Industrial,455,6.89,0,7
F176,2011,Industrial,469,4.69,0,8
F176,2012,Industrial,483,6.06,1,0
F176,2013,Industrial,498,4.22,0,1
F176,2014,Industrial,512,9.12,0,2
F176,2015,Industrial,528,12.9,0,3
F176,2016,Industrial,544,5.42,0,4
F176,2017,Industrial,560,6.55,1,0
F176,2018,Industrial,577,7.22,0,1
F176,2019,Industrial,594,7.64,0,2
F176,2020,Industrial,612,11.24,0,3
F176,2021,Industrial,630,9.74,0,4
F176,2022,Industrial,649,7.22,0,5
F176,2023,Industrial,669,9.32,0,6
F176,2024,Industrial,689,6.53,0,7
F176,2025,Industrial,709,9.94,0,8
F177,2010,Materials,630,6.95,0,1
F177,2011,Materials,648,10.02,0,2
F177,2012,Materials,668,12.0,0,3
F177,2013,Materials,688,10.41,0,4
F177,2014,Materials,709,9.19,0,5
F177,2015,Materials,730,8.69,0,6
F177,2016,Materials,752,9.01,0,7
F177,2017,Materials,774,10.68,0,8
F177,2018,Materials,798,8.4,0,9
F177,2019,Materials,821,8.14,0,10
F177,2020,Materials,846,13.53,0,11
F177,2021,Materials,872,10.35,0,12
F177,2022,Materials,898,9.16,0,13
F177,2023,Materials,925,9.44,0,14
F177,2024,Materials,952,12.15,0,15
F177,2025,Materials,981,5.35,0,16
F178,2010,Services,534,4.69,0,6
F178,2011,Services,550,9.08,0,7
F178,2012,Services,566,4.23,0,8
F178,2013,Services,583,4.72,0,9
F178,2014,Services,601,1.81,0,10
F178,2015,Services,619,6.32,0,11
F178,2016,Services,637,3.49,0,12
F178,2017,Services,657,9.33,0,13
F178,2018,Services,676,8.8,0,14
F178,2019,Services,696,4.06,0,15
F178,2020,Services,717,4.12,1,0
F178,2021,Services,739,4.0,0,1
F178,2022,Services,761,8.81,0,2
F178,2023,Services,784,7.21,0,3
F178,2024,Services,807,5.0,0,4
F178,2025,Services,832,12.2,0,5
F179,2010,Services,675,2.41,0,0
F179,2011,Services,695,-0.19,0,1
F179,2012,Services,716,3.4,0,2
F179,2013,Services,737,3.08,0,3
F179,2014,Services,760,0.5,0,4
F179,2015,Services,782,2.7,1,0
F179,2016,Services,806,4.38,0,1
F179,2017,Services,830,4.13,0,2
F179,2018,Services,855,7.16,0,3
F179,2019,Services,881,6.3,0,4
F179,2020,Services,907,3.84,0,5
F179,2021,Services,934,4.58,0,6
F179,2022,Services,962,6.0,0,7
F179,2023,Services,991,9.7,0,8
F179,2024,Services,1021,12.53,0,9
F179,2025,Services,1051,9.87,0,10
F180,2010,Consumer,442,3.95,0,6
F180,2011,Consumer,455,6.87,0,7
F180,2012,Consumer,469,4.49,0,8
F180,2013,Consumer,483,4.75,0,9
F180,2014,Consumer,498,2.8,0,10
F180,2015,Consumer,513,1.94,0,11
F180,2016,Consumer,528,5.25,0,12
F180,2017,Consumer,544,5.63,0,13
F180,2018,Consumer,560,1.11,0,14
F180,2019,Consumer,577,0.49,0,15
F180,2020,Consumer,594,4.17,0,16
F180,2021,Consumer,612,2.91,0,17
F180,2022,Consumer,630,6.02,0,18
F180,2023,Consumer,649,3.77,0,19
F180,2024,Consumer,669,-1.63,0,20
F180,2025,Consumer,689,2.65,0,21
F181,2010,Healthcare,328,5.2,0,0
F181,2011,Healthcare,338,4.94,0,1
F181,2012,Healthcare,348,0.84,0,2
F181,2013,Healthcare,359,0.75,0,3
F181,2014,Healthcare,369,5.81,0,4
F181,2015,Healthcare,380,0.3,0,5
F181,2016,Healthcare,392,2.22,0,6
F181,2017,Healthcare,404,-0.93,0,7
F181,2018,Healthcare,416,-0.5,0,8
F181,2019,Healthcare,428,7.69,0,9
F181,2020,Healthcare,441,4.68,0,10
F181,2021,Healthcare,454,1.11,0,11
F181,2022,Healthcare,468,1.45,1,0
F181,2023,Healthcare,482,-2.99,0,1
F181,2024,Healthcare,496,2.0,1,0
F181,2025,Healthcare,511,5.83,0,1
F182,2010,Materials,832,6.22,0,1
F182,2011,Materials,857,6.23,0,2
F182,2012,Materials,883,4.53,0,3
F182,2013,Materials,909,4.03,0,4
F182,2014,Materials,937,11.18,0,5
F182,2015,Materials,965,9.86,0,6
F182,2016,Materials,994,7.52,0,7
F182,2017,Materials,1024,5.16,0,8
F182,2018,Materials,1054,9.17,0,9
F182,2019,Materials,1086,11.66,0,10
F182,2020,Materials,1118,15.07,0,11
F182,2021,Materials,1152,9.46,1,0
F182,2022,Materials,1187,5.44,0,1
F182,2023,Materials,1222,11.63,0,2
F182,2024,Materials,1259,4.38,0,3
F182,2025,Materials,1297,1.25,0,4
F183,2010,Services,348,2.1,0,7
F183,2011,Services,359,2.67,0,8
F183,2012,Services,369,4.21,0,9
F183,2013,Services,380,2.62,0,10
F183,2014,Services,392,5.59,0,11
F183,2015,Services,404,2.57,0,12
F183,2016,Services,416,-1.31,0,13
F183,2017,Services,428,-0.11,0,14
F183,2018,Services,441,-1.35,0,15
F183,2019,Services,454,1.19,0,16
F183,2020,Services,468,1.14,0,17
F183,2021,Services,482,2.07,0,18
F183,2022,Services,496,3.28,0,19
F183,2023,Services,511,7.43,0,20
F183,2024,Services,527,1.71,0,21
F183,2025,Services,542,4.89,0,22
F184,2010,Consumer,270,4.8,0,2
F184,2011,Consumer,278,6.6,0,3
F184,2012,Consumer,286,1.85,0,4
F184,2013,Consumer,295,3.32,0,5
F184,2014,Consumer,304,1.09,0,6
F184,2015,Consumer,313,8.66,1,0
F184,2016,Consumer,322,5.75,0,1
F184,2017,Consumer,332,7.93,0,2
F184,2018,Consumer,342,6.84,0,3
F184,2019,Consumer,352,5.59,0,4
F184,2020,Consumer,363,7.67,0,5
F184,2021,Consumer,374,7.91,0,6
F184,2022,Consumer,385,6.88,0,7
F184,2023,Consumer,396,7.48,0,8
F184,2024,Consumer,408,3.26,1,0
F184,2025,Consumer,420,5.09,0,1
F185,2010,Materials,810,5.19,0,7
F185,2011,Materials,834,2.08,0,8
F185,2012,Materials,859,4.22,0,9
F185,2013,Materials,885,2.68,1,0
F185,2014,Materials,911,2.01,0,1
F185,2015,Materials,939,7.34,0,2
F185,2016,Materials,967,3.63,0,3
F185,2017,Materials,996,6.77,0,4
F185,2018,Materials,1026,1.41,0,5
F185,2019,Materials,1056,0.34,0,6
F185,2020,Materials,1088,-1.67,0,7
F185,2021,Materials,1121,-1.53,0,8
F185,2022,Materials,1154,-0.97,1,0
F185,2023,Materials,1189,3.13,0,1
F185,2024,Materials,1225,0.51,0,2
F185,2025,Materials,1262,-1.46,0,3
F186,2010,Tech,680,1.28,0,1
F186,2011,Tech,701,8.64,0,2
F186,2012,Tech,722,7.03,0,3
F186,2013,Tech,744,2.1,0,4
F186,2014,Tech,766,1.56,1,0
F186,2015,Tech,789,10.99,1,0
F186,2016,Tech,812,4.28,0,1
F186,2017,Tech,837,9.74,0,2
F186,2018,Tech,862,8.41,0,3
F186,2019,Tech,888,5.62,0,4
F186,2020,Tech,914,5.67,0,5
F186,2021,Tech,942,6.81,0,6
F186,2022,Tech,970,5.88,0,7
F186,2023,Tech,999,7.86,0,8
F186,2024,Tech,1029,7.67,0,9
F186,2025,Tech,1060,7.47,0,10
F187,2010,Healthcare,239,9.47,0,1
F187,2011,Healthcare,246,9.52,0,2
F187,2012,Healthcare,253,9.77,0,3
F187,2013,Healthcare,261,9.51,0,4
F187,2014,Healthcare,269,8.29,1,0
F187,2015,Healthcare,277,7.67,0,1
F187,2016,Healthcare,285,3.9,0,2
F187,2017,Healthcare,293,8.41,0,3
F187,2018,Healthcare,302,6.7,0,4
F187,2019,Healthcare,311,8.68,0,5
F187,2020,Healthcare,321,5.25,0,6
F187,2021,Healthcare,330,5.65,1,0
F187,2022,Healthcare,340,12.49,0,1
F187,2023,Healthcare,350,4.77,0,2
F187,2024,Healthcare,361,11.3,0,3
F187,2025,Healthcare,372,8.87,0,4
F188,2010,Industrial,311,-1.81,0,7
F188,2011,Industrial,320,0.59,1,0
F188,2012,Industrial,330,-3.02,0,1
F188,2013,Industrial,340,2.74,1,0
F188,2014,Industrial,350,7.94,0,1
F188,2015,Industrial,361,5.86,0,2
F188,2016,Industrial,371,1.93,0,3
F188,2017,Industrial,383,1.2,0,4
F188,2018,Industrial,394,7.31,0,5
F188,2019,Industrial,406,5.45,0,6
F188,2020,Industrial,418,9.59,0,7
F188,2021,Industrial,431,6.29,0,8
F188,2022,Industrial,443,9.25,0,9
F188,2023,Industrial,457,6.96,0,10
F188,2024,Industrial,470,3.63,0,11
F188,2025,Industrial,485,5.45,0,12
F189,2010,Tech,480,7.56,0,0
F189,2011,Tech,494,4.03,0,1
F189,2012,Tech,509,0.17,0,2
F189,2013,Tech,525,0.38,0,3
F189,2014,Tech,540,-4.81,0,4
F189,2015,Tech,556,-0.59,1,0
F189,2016,Tech,573,-1.3,0,1
F189,2017,Tech,590,5.26,0,2
F189,2018,Tech,608,1.56,0,3
F189,2019,Tech,626,-1.0,0,4
F189,2020,Tech,645,5.4,1,0
F189,2021,Tech,664,1.35,0,1
F189,2022,Tech,684,1.16,0,2
F189,2023,Tech,705,3.2,0,3
F189,2024,Tech,726,-2.13,0,4
F189,2025,Tech,748,2.41,0,5
F190,2010,Services,740,3.53,0,0
F190,2011,Services,762,4.37,0,1
F190,2012,Services,785,8.15,0,2
F190,2013,Services,808,6.07,0,3
F190,2014,Services,833,3.83,0,4
F190,2015,Services,858,7.36,0,5
F190,2016,Services,883,9.06,0,6
F190,2017,Services,910,6.75,0,7
F190,2018,Services,937,4.73,0,8
F190,2019,Services,965,5.76,0,9
F190,2020,Services,994,0.84,1,0
F190,2021,Services,1024,1.07,0,1
F190,2022,Services,1055,1.4,0,2
F190,2023,Services,1086,1.22,0,3
F190,2024,Services,1119,1.04,0,4
F190,2025,Services,1153,4.8,1,0
F191,2010,Services,519,7.09,0,4
F191,2011,Services,535,6.55,0,5
F191,2012,Services,551,12.76,0,6
F191,2013,Services,567,9.26,0,7
F191,2014,Services,584,7.4,0,8
F191,2015,Services,602,8.67,0,9
F191,2016,Services,620,7.67,0,10
F191,2017,Services,639,9.7,0,11
F191,2018,Services,658,12.19,1,0
F191,2019,Services,678,9.74,0,1
F191,2020,Services,698,3.83,0,2
F191,2021,Services,719,4.45,0,3
F191,2022,Services,740,6.23,0,4
F191,2023,Services,763,11.28,0,5
F191,2024,Services,785,8.62,1,0
F191,2025,Services,809,7.32,0,1
F192,2010,Industrial,977,5.5,0,7
F192,2011,Industrial,1006,9.04,0,8
F192,2012,Industrial,1037,6.88,0,9
F192,2013,Industrial,1068,4.39,0,10
F192,2014,Industrial,1100,9.6,1,0
F192,2015,Industrial,1133,11.86,0,1
F192,2016,Industrial,1167,9.31,0,2
F192,2017,Industrial,1202,8.95,0,3
F192,2018,Industrial,1238,7.08,0,4
F192,2019,Industrial,1275,5.68,0,5
F192,2020,Industrial,1313,9.26,0,6
F192,2021,Industrial,1352,7.1,0,7
F192,2022,Industrial,1393,10.07,0,8
F192,2023,Industrial,1435,11.75,0,9
F192,2024,Industrial,1478,5.14,0,10
F192,2025,Industrial,1522,8.23,0,11
F193,2010,Consumer,246,4.57,0,2
F193,2011,Consumer,253,6.84,0,3
F193,2012,Consumer,261,7.71,0,4
F193,2013,Consumer,268,5.52,0,5
F193,2014,Consumer,276,2.2,0,6
F193,2015,Consumer,285,7.28,0,7
F193,2016,Consumer,293,4.75,0,8
F193,2017,Consumer,302,7.37,0,9
F193,2018,Consumer,311,6.07,0,10
F193,2019,Consumer,320,4.59,0,11
F193,2020,Consumer,330,7.78,0,12
F193,2021,Consumer,340,6.11,0,13
F193,2022,Consumer,350,3.49,0,14
F193,2023,Consumer,361,5.26,0,15
F193,2024,Consumer,372,8.18,0,16
F193,2025,Consumer,383,3.04,0,17
F194,2010,Healthcare,487,10.7,0,0
F194,2011,Healthcare,502,9.37,0,1
F194,2012,Healthcare,517,2.73,0,2
F194,2013,Healthcare,532,7.73,1,0
F194,2014,Healthcare,548,11.04,0,1
F194,2015,Healthcare,565,8.84,0,2
F194,2016,Healthcare,582,10.93,0,3
F194,2017,Healthcare,599,11.74,0,4
F194,2018,Healthcare,617,7.25,0,5
F194,2019,Healthcare,635,4.66,0,6
F194,2020,Healthcare,655,11.13,0,7
F194,2021,Healthcare,674,5.35,0,8
F194,2022,Healthcare,694,3.11,0,9
F194,2023,Healthcare,715,0.36,1,0
F194,2024,Healthcare,737,2.53,1,0
F194,2025,Healthcare,759,7.41,1,0
F195,2010,Services,424,2.85,0,3
F195,2011,Services,437,-1.22,0,4
F195,2012,Services,450,0.65,0,5
F195,2013,Services,463,3.32,0,6
F195,2014,Services,477,-0.62,1,0
F195,2015,Services,492,2.91,0,1
F195,2016,Services,506,0.64,0,2
F195,2017,Services,522,-1.11,0,3
F195,2018,Services,537,-2.69,0,4
F195,2019,Services,553,3.2,0,5
F195,2020,Services,570,6.6,0,6
F195,2021,Services,587,1.26,0,7
F195,2022,Services,605,2.93,1,0
F195,2023,Services,623,3.27,0,1
F195,2024,Services,641,3.81,0,2
F195,2025,Services,661,-0.73,0,3
F196,2010,Industrial,620,-0.32,0,1
F196,2011,Industrial,639,5.15,1,0
F196,2012,Industrial,658,6.76,0,1
F196,2013,Industrial,678,4.23,0,2
F196,2014,Industrial,698,9.94,0,3
F196,2015,Industrial,719,3.0,0,4
F196,2016,Industrial,741,6.13,0,5
F196,2017,Industrial,763,9.17,0,6
F196,2018,Industrial,786,8.12,0,7
F196,2019,Industrial,810,5.82,0,8
F196,2020,Industrial,834,4.43,0,9
F196,2021,Industrial,859,7.43,0,10
F196,2022,Industrial,885,9.63,0,11
F196,2023,Industrial,911,11.3,0,12
F196,2024,Industrial,938,7.56,0,13
F196,2025,Industrial,967,9.47,0,14
F197,2010,Healthcare,606,5.89,0,0
F197,2011,Healthcare,625,11.74,0,1
F197,2012,Healthcare,643,5.65,0,2
F197,2013,Healthcare,663,7.83,0,3
F197,2014,Healthcare,682,8.22,0,4
F197,2015,Healthcare,703,11.97,1,0
F197,2016,Healthcare,724,11.65,0,1
F197,2017,Healthcare,746,4.92,0,2
F197,2018,Healthcare,768,9.19,1,0
F197,2019,Healthcare,791,8.31,0,1
F197,2020,Healthcare,815,3.42,0,2
F197,2021,Healthcare,839,2.92,0,3
F197,2022,Healthcare,864,6.84,1,0
F197,2023,Healthcare,890,4.62,0,1
F197,2024,Healthcare,917,7.59,1,0
F197,2025,Healthcare,945,1.3,0,1
F198,2010,Materials,523,2.84,0,4
F198,2011,Materials,539,4.44,0,5
F198,2012,Materials,555,4.25,1,0
F198,2013,Materials,571,5.21,0,1
F198,2014,Materials,589,8.84,0,2
F198,2015,Materials,606,7.69,0,3
F198,2016,Materials,624,9.23,0,4
F198,2017,Materials,643,10.25,0,5
F198,2018,Materials,662,6.26,0,6
F198,2019,Materials,682,12.0,0,7
F198,2020,Materials,703,7.69,0,8
F198,2021,Materials,724,7.35,0,9
F198,2022,Materials,746,11.47,0,10
F198,2023,Materials,768,9.87,0,11
F198,2024,Materials,791,8.17,1,0
F198,2025,Materials,815,8.13,0,1
F199,2010,Services,411,3.92,0,7
F199,2011,Services,423,6.88,1,0
F199,2012,Services,436,5.04,0,1
F199,2013,Services,449,4.31,0,2
F199,2014,Services,462,3.51,0,3
F199,2015,Services,476,2.97,0,4
F199,2016,Services,490,-1.13,0,5
F199,2017,Services,505,-1.2,1,0
F199,2018,Services,520,4.46,1,0
F199,2019,Services,536,6.51,0,1
F199,2020,Services,552,9.82,0,2
F199,2021,Services,568,3.49,0,3
F199,2022,Services,585,7.89,0,4
F199,2023,Services,603,6.15,0,5
F199,2024,Services,621,0.07,1,0
F199,2025,Services,640,5.27,1,0
F200,2010,Industrial,680,7.76,0,1
F200,2011,Industrial,700,8.91,0,2
F200,2012,Industrial,721,10.9,0,3
F200,2013,Industrial,743,8.1,0,4
F200,2014,Industrial,765,11.5,0,5
F200,2015,Industrial,788,8.75,0,6
F200,2016,Industrial,811,8.81,0,7
F200,2017,Industrial,836,8.84,0,8
F200,2018,Industrial,861,12.31,0,9
F200,2019,Industrial,887,6.9,0,10
F200,2020,Industrial,913,8.1,0,11
F200,2021,Industrial,941,7.18,0,12
F200,2022,Industrial,969,7.29,0,13
F200,2023,Industrial,998,7.43,0,14
F200,2024,Industrial,1028,4.63,0,15
F200,2025,Industrial,1059,7.67,0,16
F201,2010,Healthcare,571,13.7,0,2
F201,2011,Healthcare,588,10.02,0,3
F201,2012,Healthcare,606,17.03,0,4
F201,2013,Healthcare,624,14.2,0,5
F201,2014,Healthcare,642,10.64,0,6
F201,2015,Healthcare,662,11.08,0,7
F201,2016,Healthcare,682,15.24,0,8
F201,2017,Healthcare,702,7.16,1,0
F201,2018,Healthcare,723,8.07,0,1
F201,2019,Healthcare,745,6.56,0,2
F201,2020,Healthcare,767,4.19,0,3
F201,2021,Healthcare,790,0.9,0,4
F201,2022,Healthcare,814,7.57,0,5
F201,2023,Healthcare,838,8.06,0,6
F201,2024,Healthcare,863,3.38,0,7
F201,2025,Healthcare,889,5.84,0,8
F202,2010,Healthcare,445,13.51,0,7
F202,2011,Healthcare,459,13.2,0,8
F202,2012,Healthcare,472,10.88,0,9
F202,2013,Healthcare,487,12.58,1,0
F202,2014,Healthcare,501,12.47,0,1
F202,2015,Healthcare,516,11.7,0,2
F202,2016,Healthcare,532,4.51,0,3
F202,2017,Healthcare,548,9.26,0,4
F202,2018,Healthcare,564,8.56,0,5
F202,2019,Healthcare,581,11.28,0,6
F202,2020,Healthcare,599,8.47,0,7
F202,2021,Healthcare,617,7.43,0,8
F202,2022,Healthcare,635,12.2,0,9
F202,2023,Healthcare,654,8.45,0,10
F202,2024,Healthcare,674,10.74,1,0
F202,2025,Healthcare,694,11.06,0,1
F203,2010,Industrial,447,1.41,0,3
F203,2011,Industrial,461,6.97,0,4
F203,2012,Industrial,475,2.17,0,5
F203,2013,Industrial,489,-0.75,0,6
F203,2014,Industrial,504,4.19,0,7
F203,2015,Industrial,519,1.16,0,8
F203,2016,Industrial,534,1.0,0,9
F203,2017,Industrial,550,1.08,0,10
F203,2018,Industrial,567,5.06,0,11
F203,2019,Industrial,584,9.04,0,12
F203,2020,Industrial,601,4.43,1,0
F203,2021,Industrial,619,1.77,0,1
F203,2022,Industrial,638,6.41,0,2
F203,2023,Industrial,657,3.07,0,3
F203,2024,Industrial,677,0.23,0,4
F203,2025,Industrial,697,2.1,0,5
F204,2010,Services,588,8.38,0,2
F204,2011,Services,605,9.67,0,3
F204,2012,Services,624,8.5,0,4
F204,2013,Services,642,10.85,0,5
F204,2014,Services,661,7.08,1,0
F204,2015,Services,681,1.26,0,1
F204,2016,Services,702,4.42,0,2
F204,2017,Services,723,3.75,0,3
F204,2018,Services,745,8.65,0,4
F204,2019,Services,767,5.1,0,5
F204,2020,Services,790,10.57,0,6
F204,2021,Services,814,10.26,0,7
F204,2022,Services,838,8.39,0,8
F204,2023,Services,863,7.25,0,9
F204,2024,Services,889,7.65,0,10
F204,2025,Services,916,10.59,0,11
F205,2010,Healthcare,622,4.8,0,1
F205,2011,Healthcare,640,9.73,0,2
F205,2012,Healthcare,660,4.82,0,3
F205,2013,Healthcare,679,0.77,0,4
F205,2014,Healthcare,700,3.38,1,0
F205,2015,Healthcare,721,1.34,0,1
F205,2016,Healthcare,742,5.43,0,2
F205,2017,Healthcare,765,6.07,0,3
F205,2018,Healthcare,788,6.5,0,4
F205,2019,Healthcare,811,4.9,1,0
F205,2020,Healthcare,836,6.94,0,1
F205,2021,Healthcare,861,3.64,0,2
F205,2022,Healthcare,887,4.91,0,3
F205,2023,Healthcare,913,-2.4,0,4
F205,2024,Healthcare,941,-1.06,1,0
F205,2025,Healthcare,969,3.24,1,0
F206,2010,Tech,368,6.59,0,2
F206,2011,Tech,379,13.27,0,3
F206,2012,Tech,390,3.35,0,4
F206,2013,Tech,402,7.41,1,0
F206,2014,Tech,414,12.31,0,1
F206,2015,Tech,426,7.84,0,2
F206,2016,Tech,439,7.0,0,3
F206,2017,Tech,452,10.34,0,4
F206,2018,Tech,466,9.43,1,0
F206,2019,Tech,480,4.16,0,1
F206,2020,Tech,494,5.84,0,2
F206,2021,Tech,509,6.06,0,3
F206,2022,Tech,524,1.21,0,4
F206,2023,Tech,540,4.24,1,0
F206,2024,Tech,556,3.64,0,1
F206,2025,Tech,573,7.79,0,2
F207,2010,Tech,287,0.94,0,1
F207,2011,Tech,295,0.53,0,2
F207,2012,Tech,304,1.98,1,0
F207,2013,Tech,313,6.89,0,1
F207,2014,Tech,323,4.48,0,2
F207,2015,Tech,333,3.59,0,3
F207,2016,Tech,343,4.21,0,4
F207,2017,Tech,353,10.15,0,5
F207,2018,Tech,363,5.39,0,6
F207,2019,Tech,374,6.87,0,7
F207,2020,Tech,386,3.44,0,8
F207,2021,Tech,397,5.19,0,9
F207,2022,Tech,409,-0.67,0,10
F207,2023,Tech,421,1.28,1,0
F207,2024,Tech,434,5.45,0,1
F207,2025,Tech,447,-1.32,0,2
F208,2010,Healthcare,414,4.06,0,2
F208,2011,Healthcare,426,2.52,0,3
F208,2012,Healthcare,439,3.77,0,4
F208,2013,Healthcare,452,2.84,0,5
F208,2014,Healthcare,466,6.23,1,0
F208,2015,Healthcare,480,6.25,0,1
F208,2016,Healthcare,494,2.01,0,2
F208,2017,Healthcare,509,6.46,0,3
F208,2018,Healthcare,524,11.13,0,4
F208,2019,Healthcare,540,9.08,0,5
F208,2020,Healthcare,556,4.72,0,6
F208,2021,Healthcare,573,8.69,0,7
F208,2022,Healthcare,590,3.9,0,8
F208,2023,Healthcare,608,6.95,0,9
F208,2024,Healthcare,626,5.61,0,10
F208,2025,Healthcare,645,6.12,0,11
F209,2010,Healthcare,915,7.46,0,6
F209,2011,Healthcare,943,6.52,0,7
F209,2012,Healthcare,971,6.15,0,8
F209,2013,Healthcare,1000,1.13,0,9
F209,2014,Healthcare,1030,5.45,0,10
F209,2015,Healthcare,1061,0.26,1,0
F209,2016,Healthcare,1093,2.08,0,1
F209,2017,Healthcare,1126,3.14,0,2
F209,2018,Healthcare,1159,0.93,0,3
F209,2019,Healthcare,1194,7.07,0,4
F209,2020,Healthcare,1230,5.67,0,5
F209,2021,Healthcare,1267,1.78,0,6
F209,2022,Healthcare,1305,5.72,0,7
F209,2023,Healthcare,1344,-1.12,0,8
F209,2024,Healthcare,1384,0.7,0,9
F209,2025,Healthcare,1426,5.24,0,10
F210,2010,Industrial,487,8.81,0,7
F210,2011,Industrial,502,6.79,0,8
F210,2012,Industrial,517,8.2,0,9
F210,2013,Industrial,532,5.76,0,10
F210,2014,Industrial,548,6.45,0,11
F210,2015,Industrial,565,6.63,0,12
F210,2016,Industrial,581,7.55,0,13
F210,2017,Industrial,599,9.23,0,14
F210,2018,Industrial,617,12.39,0,15
F210,2019,Industrial,635,12.62,0,16
F210,2020,Industrial,654,9.12,0,17
F210,2021,Industrial,674,8.43,0,18
F210,2022,Industrial,694,10.76,0,19
F210,2023,Industrial,715,11.68,0,20
F210,2024,Industrial,737,10.56,0,21
F210,2025,Industrial,759,11.21,0,22
F211,2010,Industrial,370,7.49,0,4
F211,2011,Industrial,381,9.44,0,5
F211,2012,Industrial,393,5.6,0,6
F211,2013,Industrial,405,8.21,0,7
F211,2014,Industrial,417,12.06,0,8
F211,2015,Industrial,429,10.62,0,9
F211,2016,Industrial,442,7.28,0,10
F211,2017,Industrial,456,5.78,0,11
F211,2018,Industrial,469,10.98,0,12
F211,2019,Industrial,483,9.64,0,13
F211,2020,Industrial,498,7.61,0,14
F211,2021,Industrial,513,6.6,0,15
F211,2022,Industrial,528,4.38,0,16
F211,2023,Industrial,544,11.14,0,17
F211,2024,Industrial,560,6.18,0,18
F211,2025,Industrial,577,8.01,0,19
F212,2010,Consumer,920,11.02,0,1
F212,2011,Consumer,948,12.86,0,2
F212,2012,Consumer,976,11.68,0,3
F212,2013,Consumer,1006,11.31,0,4
F212,2014,Consumer,1036,5.4,0,5
F212,2015,Consumer,1067,6.4,0,6
F212,2016,Consumer,1099,6.72,0,7
F212,2017,Consumer,1132,5.02,0,8
F212,2018,Consumer,1166,5.34,0,9
F212,2019,Consumer,1201,1.55,0,10
F212,2020,Consumer,1237,7.49,0,11
F212,2021,Consumer,1274,1.37,0,12
F212,2022,Consumer,1312,3.76,0,13
F212,2023,Consumer,1351,4.02,0,14
F212,2024,Consumer,1392,6.23,0,15
F212,2025,Consumer,1434,10.15,0,16
F213,2010,Services,318,11.32,0,1
F213,2011,Services,327,13.9,0,2
F213,2012,Services,337,9.09,0,3
F213,2013,Services,347,10.22,0,4
F213,2014,Services,358,9.33,0,5
F213,2015,Services,369,9.59,0,6
F213,2016,Services,380,11.14,0,7
F213,2017,Services,391,8.21,0,8
F213,2018,Services,403,13.05,0,9
F213,2019,Services,415,9.78,0,10
F213,2020,Services,427,14.42,0,11
F213,2021,Services,440,12.55,0,12
F213,2022,Services,453,10.43,0,13
F213,2023,Services,467,9.18,0,14
F213,2024,Services,481,10.1,0,15
F213,2025,Services,495,10.84,0,16
F214,2010,Services,629,4.76,0,2
F214,2011,Services,648,1.45,0,3
F214,2012,Services,667,3.93,0,4
F214,2013,Services,688,8.03,1,0
F214,2014,Services,708,2.11,0,1
F214,2015,Services,729,4.06,0,2
F214,2016,Services,751,3.63,1,0
F214,2017,Services,774,0.82,0,1
F214,2018,Services,797,1.85,0,2
F214,2019,Services,821,1.69,0,3
F214,2020,Services,846,4.99,1,0
F214,2021,Services,871,10.82,0,1
F214,2022,Services,897,9.46,0,2
F214,2023,Services,924,9.51,0,3
F214,2024,Services,952,6.61,0,4
F214,2025,Services,980,7.39,0,5
F215,2010,Healthcare,224,-1.19,0,7
F215,2011,Healthcare,230,6.06,1,0
F215,2012,Healthcare,237,6.97,0,1
F215,2013,Healthcare,244,9.98,0,2
F215,2014,Healthcare,252,9.57,0,3
F215,2015,Healthcare,259,0.42,0,4
F215,2016,Healthcare,267,8.45,0,5
F215,2017,Healthcare,275,-2.15,0,6
F215,2018,Healthcare,283,2.02,1,0
F215,2019,Healthcare,292,-0.84,0,1
F215,2020,Healthcare,300,-1.22,0,2
F215,2021,Healthcare,309,1.75,1,0
F215,2022,Healthcare,319,7.37,0,1
F215,2023,Healthcare,328,2.26,0,2
F215,2024,Healthcare,338,8.95,0,3
F215,2025,Healthcare,348,3.58,0,4
F216,2010,Materials,619,4.86,0,0
F216,2011,Materials,638,8.77,0,1
F216,2012,Materials,657,7.77,0,2
F216,2013,Materials,676,4.25,0,3
F216,2014,Materials,697,6.48,0,4
F216,2015,Materials,718,9.26,0,5
F216,2016,Materials,739,5.2,0,6
F216,2017,Materials,761,8.13,0,7
F216,2018,Materials,784,4.98,0,8
F216,2019,Materials,808,5.34,0,9
F216,2020,Materials,832,7.52,0,10
F216,2021,Materials,857,9.86,0,11
F216,2022,Materials,883,7.41,0,12
F216,2023,Materials,909,9.32,0,13
F216,2024,Materials,936,6.5,0,14
F216,2025,Materials,965,4.56,0,15
F217,2010,Services,460,8.06,0,4
F217,2011,Services,473,15.05,0,5
F217,2012,Services,488,9.57,0,6
F217,2013,Services,502,9.89,0,7
F217,2014,Services,517,6.85,0,8
F217,2015,Services,533,8.69,0,9
F217,2016,Services,549,3.82,0,10
F217,2017,Services,565,3.21,1,0
F217,2018,Services,582,8.57,1,0
F217,2019,Services,600,10.87,0,1
F217,2020,Services,618,11.73,0,2
F217,2021,Services,636,11.91,0,3
F217,2022,Services,655,15.26,0,4
F217,2023,Services,675,8.45,0,5
F217,2024,Services,695,10.54,0,6
F217,2025,Services,716,10.09,0,7
F218,2010,Consumer,270,3.68,0,1
F218,2011,Consumer,278,4.71,0,2
F218,2012,Consumer,286,3.66,0,3
F218,2013,Consumer,295,6.64,0,4
F218,2014,Consumer,304,3.25,0,5
F218,2015,Consumer,313,4.21,1,0
F218,2016,Consumer,322,1.12,0,1
F218,2017,Consumer,332,4.38,0,2
F218,2018,Consumer,342,4.88,0,3
F218,2019,Consumer,352,7.51,0,4
F218,2020,Consumer,362,12.89,0,5
F218,2021,Consumer,373,3.57,0,6
F218,2022,Consumer,384,6.22,0,7
F218,2023,Consumer,396,5.88,0,8
F218,2024,Consumer,408,3.89,0,9
F218,2025,Consumer,420,-3.29,1,0
F219,2010,Consumer,848,4.61,0,5
F219,2011,Consumer,873,6.54,1,0
F219,2012,Consumer,900,4.89,0,1
F219,2013,Consumer,927,6.24,0,2
F219,2014,Consumer,954,5.17,0,3
F219,2015,Consumer,983,5.18,0,4
F219,2016,Consumer,1013,2.42,0,5
F219,2017,Consumer,1043,6.42,0,6
F219,2018,Consumer,1074,1.25,0,7
F219,2019,Consumer,1106,6.72,0,8
F219,2020,Consumer,1140,8.39,0,9
F219,2021,Consumer,1174,4.19,0,10
F219,2022,Consumer,1209,5.84,0,11
F219,2023,Consumer,1245,8.15,0,12
F219,2024,Consumer,1283,3.97,0,13
F219,2025,Consumer,1321,0.24,0,14
F220,2010,Materials,459,8.56,0,2
F220,2011,Materials,473,11.88,0,3
F220,2012,Materials,487,10.01,0,4
F220,2013,Materials,502,6.38,0,5
F220,2014,Materials,517,12.0,0,6
F220,2015,Materials,532,9.18,0,7
F220,2016,Materials,548,11.73,0,8
F220,2017,Materials,565,12.03,0,9
F220,2018,Materials,582,10.37,0,10
F220,2019,Materials,599,5.87,0,11
F220,2020,Materials,617,10.55,0,12
F220,2021,Materials,636,11.19,0,13
F220,2022,Materials,655,6.46,0,14
F220,2023,Materials,674,8.94,0,15
F220,2024,Materials,694,11.68,0,16
F220,2025,Materials,715,6.74,1,0
F221,2010,Industrial,727,10.84,0,6
F221,2011,Industrial,749,13.35,0,7
F221,2012,Industrial,771,10.84,0,8
F221,2013,Industrial,795,8.76,0,9
F221,2014,Industrial,818,10.7,0,10
F221,2015,Industrial,843,9.33,0,11
F221,2016,Industrial,868,10.42,0,12
F221,2017,Industrial,894,7.98,0,13
F221,2018,Industrial,921,11.6,0,14
F221,2019,Industrial,949,5.38,0,15
F221,2020,Industrial,977,11.27,0,16
F221,2021,Industrial,1007,7.34,0,17
F221,2022,Industrial,1037,8.33,1,0
F221,2023,Industrial,1068,11.06,0,1
F221,2024,Industrial,1100,4.92,0,2
F221,2025,Industrial,1133,6.41,0,3
F222,2010,Healthcare,291,4.78,0,5
F222,2011,Healthcare,300,4.37,0,6
F222,2012,Healthcare,309,4.39,0,7
F222,2013,Healthcare,318,9.99,0,8
F222,2014,Healthcare,327,12.55,0,9
F222,2015,Healthcare,337,9.84,0,10
F222,2016,Healthcare,347,6.67,0,11
F222,2017,Healthcare,358,7.53,0,12
F222,2018,Healthcare,368,10.67,0,13
F222,2019,Healthcare,379,7.14,0,14
F222,2020,Healthcare,391,9.8,0,15
F222,2021,Healthcare,403,6.16,0,16
F222,2022,Healthcare,415,10.47,1,0
F222,2023,Healthcare,427,12.92,0,1
F222,2024,Healthcare,440,10.91,0,2
F222,2025,Healthcare,453,9.9,0,3
F223,2010,Tech,611,4.29,0,0
F223,2011,Tech,630,-0.09,0,1
F223,2012,Tech,648,2.26,0,2
F223,2013,Tech,668,4.03,0,3
F223,2014,Tech,688,2.74,0,4
F223,2015,Tech,709,3.34,1,0
F223,2016,Tech,730,0.5,0,1
F223,2017,Tech,752,2.2,1,0
F223,2018,Tech,774,-2.19,0,1
F223,2019,Tech,798,-2.45,1,0
F223,2020,Tech,821,0.45,0,1
F223,2021,Tech,846,0.86,0,2
F223,2022,Tech,872,4.87,0,3
F223,2023,Tech,898,6.07,0,4
F223,2024,Tech,925,-0.44,0,5
F223,2025,Tech,952,2.16,0,6
F224,2010,Materials,1099,11.04,0,2
F224,2011,Materials,1132,10.6,0,3
F224,2012,Materials,1166,9.52,0,4
F224,2013,Materials,1201,8.17,0,5
F224,2014,Materials,1237,10.0,0,6
F224,2015,Materials,1274,13.03,0,7
F224,2016,Materials,1312,14.45,0,8
F224,2017,Materials,1351,13.31,0,9
F224,2018,Materials,1392,10.41,1,0
F224,2019,Materials,1433,16.12,0,1
F224,2020,Materials,1476,11.46,0,2
F224,2021,Materials,1521,9.11,0,3
F224,2022,Materials,1566,10.45,0,4
F224,2023,Materials,1613,14.1,0,5
F224,2024,Materials,1662,10.44,1,0
F224,2025,Materials,1712,5.69,0,1
F225,2010,Consumer,469,6.77,0,2
F225,2011,Consumer,483,8.68,0,3
F225,2012,Consumer,497,3.66,0,4
F225,2013,Consumer,512,10.58,1,0
F225,2014,Consumer,528,8.55,0,1
F225,2015,Consumer,544,10.95,0,2
F225,2016,Consumer,560,8.96,0,3
F225,2017,Consumer,577,6.92,0,4
F225,2018,Consumer,594,11.63,0,5
F225,2019,Consumer,612,10.62,0,6
F225,2020,Consumer,630,10.25,0,7
F225,2021,Consumer,649,8.28,0,8
F225,2022,Consumer,669,8.61,0,9
F225,2023,Consumer,689,13.58,0,10
F225,2024,Consumer,709,13.4,0,11
F225,2025,Consumer,731,14.14,0,12
F226,2010,Industrial,447,0.77,0,5
F226,2011,Industrial,460,-3.2,0,6
F226,2012,Industrial,474,1.98,1,0
F226,2013,Industrial,488,-1.73,0,1
F226,2014,Industrial,503,0.41,0,2
F226,2015,Industrial,518,0.28,0,3
F226,2016,Industrial,533,-0.35,0,4
F226,2017,Industrial,549,1.75,0,5
F226,2018,Industrial,566,2.11,0,6
F226,2019,Industrial,583,-2.35,0,7
F226,2020,Industrial,600,-2.39,0,8
F226,2021,Industrial,618,-1.25,0,9
F226,2022,Industrial,637,1.29,0,10
F226,2023,Industrial,656,2.71,0,11
F226,2024,Industrial,675,0.36,0,12
F226,2025,Industrial,696,4.37,0,13
F227,2010,Healthcare,548,2.25,0,4
F227,2011,Healthcare,564,-0.24,0,5
F227,2012,Healthcare,581,4.71,1,0
F227,2013,Healthcare,599,1.4,0,1
F227,2014,Healthcare,616,2.85,0,2
F227,2015,Healthcare,635,7.27,0,3
F227,2016,Healthcare,654,1.53,0,4
F227,2017,Healthcare,674,-0.07,0,5
F227,2018,Healthcare,694,1.13,1,0
F227,2019,Healthcare,715,4.11,0,1
F227,2020,Healthcare,736,0.29,0,2
F227,2021,Healthcare,758,6.05,0,3
F227,2022,Healthcare,781,4.85,0,4
F227,2023,Healthcare,804,4.2,0,5
F227,2024,Healthcare,828,1.95,0,6
F227,2025,Healthcare,853,6.62,0,7
F228,2010,Healthcare,405,2.87,0,7
F228,2011,Healthcare,417,0.64,0,8
F228,2012,Healthcare,429,6.19,1,0
F228,2013,Healthcare,442,3.35,0,1
F228,2014,Healthcare,455,2.62,0,2
F228,2015,Healthcare,469,5.42,0,3
F228,2016,Healthcare,483,5.78,0,4
F228,2017,Healthcare,498,5.46,0,5
F228,2018,Healthcare,513,6.24,0,6
F228,2019,Healthcare,528,8.24,0,7
F228,2020,Healthcare,544,8.69,0,8
F228,2021,Healthcare,560,1.74,0,9
F228,2022,Healthcare,577,7.06,0,10
F228,2023,Healthcare,594,4.21,0,11
F228,2024,Healthcare,612,5.25,0,12
F228,2025,Healthcare,630,0.56,0,13
F229,2010,Healthcare,705,0.27,0,3
F229,2011,Healthcare,727,-1.65,0,4
F229,2012,Healthcare,748,-3.22,0,5
F229,2013,Healthcare,771,-1.74,0,6
F229,2014,Healthcare,794,0.53,0,7
F229,2015,Healthcare,818,4.67,0,8
F229,2016,Healthcare,842,1.93,1,0
F229,2017,Healthcare,868,1.19,0,1
F229,2018,Healthcare,894,5.59,0,2
F229,2019,Healthcare,920,0.9,0,3
F229,2020,Healthcare,948,-5.14,0,4
F229,2021,Healthcare,976,-1.47,1,0
F229,2022,Healthcare,1006,-0.89,0,1
F229,2023,Healthcare,1036,0.06,1,0
F229,2024,Healthcare,1067,2.08,0,1
F229,2025,Healthcare,1099,-1.72,0,2
F230,2010,Services,373,5.47,0,4
F230,2011,Services,384,10.51,1,0
F230,2012,Services,396,13.05,0,1
F230,2013,Services,408,12.5,0,2
F230,2014,Services,420,10.06,0,3
F230,2015,Services,432,10.68,0,4
F230,2016,Services,445,11.55,0,5
F230,2017,Services,459,8.8,0,6
F230,2018,Services,473,14.68,0,7
F230,2019,Services,487,8.75,0,8
F230,2020,Services,501,17.38,0,9
F230,2021,Services,516,12.58,0,10
F230,2022,Services,532,12.5,0,11
F230,2023,Services,548,11.75,0,12
F230,2024,Services,564,7.99,0,13
F230,2025,Services,581,12.68,0,14
F231,2010,Consumer,854,1.52,0,2
F231,2011,Consumer,880,8.31,0,3
F231,2012,Consumer,906,7.71,1,0
F231,2013,Consumer,933,9.71,0,1
F231,2014,Consumer,961,7.79,0,2
F231,2015,Consumer,990,10.45,0,3
F231,2016,Consumer,1020,8.76,0,4
F231,2017,Consumer,1050,8.79,0,5
F231,2018,Consumer,1082,8.23,0,6
F231,2019,Consumer,1114,6.24,0,7
F231,2020,Consumer,1148,3.64,0,8
F231,2021,Consumer,1182,5.92,0,9
F231,2022,Consumer,1218,9.15,0,10
F231,2023,Consumer,1254,10.4,0,11
F231,2024,Consumer,1292,10.16,0,12
F231,2025,Consumer,1331,7.58,0,13
F232,2010,Consumer,312,5.74,0,2
F232,2011,Consumer,321,9.29,0,3
F232,2012,Consumer,331,13.41,0,4
F232,2013,Consumer,341,8.19,0,5
F232,2014,Consumer,351,11.54,0,6
F232,2015,Consumer,361,9.51,1,0
F232,2016,Consumer,372,5.5,0,1
F232,2017,Consumer,383,5.4,0,2
F232,2018,Consumer,395,6.24,0,3
F232,2019,Consumer,407,6.06,0,4
F232,2020,Consumer,419,5.78,0,5
F232,2021,Consumer,432,0.49,0,6
F232,2022,Consumer,445,4.98,0,7
F232,2023,Consumer,458,6.53,0,8
F232,2024,Consumer,472,9.08,0,9
F232,2025,Consumer,486,9.11,0,10
F233,2010,Healthcare,664,-1.79,0,7
F233,2011,Healthcare,684,-1.21,1,0
F233,2012,Healthcare,705,1.73,0,1
F233,2013,Healthcare,726,1.12,0,2
F233,2014,Healthcare,747,-1.0,0,3
F233,2015,Healthcare,770,0.96,0,4
F233,2016,Healthcare,793,1.79,1,0
F233,2017,Healthcare,817,-2.38,0,1
F233,2018,Healthcare,841,3.92,0,2
F233,2019,Healthcare,867,1.04,1,0
F233,2020,Healthcare,892,1.15,0,1
F233,2021,Healthcare,919,1.69,0,2
F233,2022,Healthcare,947,4.05,0,3
F233,2023,Healthcare,975,2.05,0,4
F233,2024,Healthcare,1005,2.66,0,5
F233,2025,Healthcare,1035,4.65,0,6
F234,2010,Services,445,5.37,0,5
F234,2011,Services,458,3.74,0,6
F234,2012,Services,472,9.38,0,7
F234,2013,Services,486,10.33,0,8
F234,2014,Services,501,0.06,0,9
F234,2015,Services,516,4.22,1,0
F234,2016,Services,531,2.91,0,1
F234,2017,Services,547,7.78,0,2
F234,2018,Services,563,4.3,0,3
F234,2019,Services,580,5.33,0,4
F234,2020,Services,598,10.07,0,5
F234,2021,Services,616,11.65,1,0
F234,2022,Services,634,8.71,0,1
F234,2023,Services,653,8.63,0,2
F234,2024,Services,673,6.85,0,3
F234,2025,Services,693,8.79,0,4
F235,2010,Consumer,677,2.16,0,3
F235,2011,Consumer,697,0.59,0,4
F235,2012,Consumer,718,0.19,0,5
F235,2013,Consumer,740,1.86,1,0
F235,2014,Consumer,762,-0.34,0,1
F235,2015,Consumer,785,2.07,0,2
F235,2016,Consumer,808,-3.07,0,3
F235,2017,Consumer,832,1.12,0,4
F235,2018,Consumer,857,-1.31,0,5
F235,2019,Consumer,883,0.03,0,6
F235,2020,Consumer,910,-1.1,1,0
F235,2021,Consumer,937,-1.07,0,1
F235,2022,Consumer,965,0.55,0,2
F235,2023,Consumer,994,2.21,0,3
F235,2024,Consumer,1024,3.45,0,4
F235,2025,Consumer,1055,4.27,0,5
F236,2010,Healthcare,454,13.34,0,6
F236,2011,Healthcare,468,12.46,0,7
F236,2012,Healthcare,482,13.52,1,0
F236,2013,Healthcare,496,11.76,0,1
F236,2014,Healthcare,511,17.16,0,2
F236,2015,Healthcare,526,17.37,0,3
F236,2016,Healthcare,542,19.58,0,4
F236,2017,Healthcare,558,14.21,0,5
F236,2018,Healthcare,575,13.17,0,6
F236,2019,Healthcare,593,12.09,0,7
F236,2020,Healthcare,610,14.25,0,8
F236,2021,Healthcare,629,11.09,0,9
F236,2022,Healthcare,647,12.21,0,10
F236,2023,Healthcare,667,12.68,0,11
F236,2024,Healthcare,687,12.72,1,0
F236,2025,Healthcare,707,8.67,0,1
F237,2010,Materials,793,4.43,0,2
F237,2011,Materials,817,5.86,0,3
F237,2012,Materials,841,2.48,0,4
F237,2013,Materials,866,3.61,0,5
F237,2014,Materials,892,4.39,1,0
F237,2015,Materials,919,1.89,0,1
F237,2016,Materials,947,4.13,0,2
F237,2017,Materials,975,3.31,0,3
F237,2018,Materials,1004,5.27,0,4
F237,2019,Materials,1035,6.56,0,5
F237,2020,Materials,1066,8.64,0,6
F237,2021,Materials,1098,6.07,0,7
F237,2022,Materials,1130,6.6,0,8
F237,2023,Materials,1164,7.37,1,0
F237,2024,Materials,1199,3.16,0,1
F237,2025,Materials,1235,5.54,0,2
F238,2010,Healthcare,557,5.5,0,6
F238,2011,Healthcare,574,3.83,0,7
F238,2012,Healthcare,591,-0.74,0,8
F238,2013,Healthcare,609,-0.25,1,0
F238,2014,Healthcare,627,2.21,0,1
F238,2015,Healthcare,646,5.37,0,2
F238,2016,Healthcare,665,-0.66,0,3
F238,2017,Healthcare,685,4.86,1,0
F238,2018,Healthcare,705,9.63,0,1
F238,2019,Healthcare,727,4.99,0,2
F238,2020,Healthcare,748,1.61,0,3
F238,2021,Healthcare,771,-0.72,1,0
F238,2022,Healthcare,794,2.1,1,0
F238,2023,Healthcare,818,-0.75,0,1
F238,2024,Healthcare,842,3.79,1,0
F238,2025,Healthcare,868,1.94,0,1
F239,2010,Services,777,10.59,0,2
F239,2011,Services,800,5.63,0,3
F239,2012,Services,824,7.52,0,4
F239,2013,Services,849,9.33,0,5
F239,2014,Services,874,10.5,0,6
F239,2015,Services,900,5.32,0,7
F239,2016,Services,927,6.19,0,8
F239,2017,Services,955,5.0,0,9
F239,2018,Services,984,10.36,1,0
F239,2019,Services,1013,10.96,0,1
F239,2020,Services,1044,7.14,0,2
F239,2021,Services,1075,5.91,0,3
F239,2022,Services,1107,9.06,0,4
F239,2023,Services,1141,12.55,0,5
F239,2024,Services,1175,5.1,0,6
F239,2025,Services,1210,10.95,0,7
F240,2010,Industrial,399,2.48,0,1
F240,2011,Industrial,411,7.56,0,2
F240,2012,Industrial,423,3.1,0,3
F240,2013,Industrial,436,7.51,0,4
F240,2014,Industrial,449,4.65,0,5
F240,2015,Industrial,462,2.71,0,6
F240,2016,Industrial,476,10.65,0,7
F240,2017,Industrial,490,3.83,0,8
F240,2018,Industrial,505,3.55,0,9
F240,2019,Industrial,520,5.12,0,10
F240,2020,Industrial,536,5.56,0,11
F240,2021,Industrial,552,5.03,0,12
F240,2022,Industrial,569,4.01,0,13
F240,2023,Industrial,586,4.72,0,14
F240,2024,Industrial,603,4.33,0,15
F240,2025,Industrial,621,9.17,0,16
F241,2010,Materials,525,2.73,0,2
F241,2011,Materials,541,0.61,0,3
F241,2012,Materials,557,-2.66,0,4
F241,2013,Materials,574,1.59,1,0
F241,2014,Materials,591,2.55,0,1
F241,2015,Materials,609,6.53,0,2
F241,2016,Materials,627,-0.64,0,3
F241,2017,Materials,646,0.14,1,0
F241,2018,Materials,665,-3.3,1,0
F241,2019,Materials,685,3.57,1,0
F241,2020,Materials,706,9.06,0,1
F241,2021,Materials,727,3.58,0,2
F241,2022,Materials,749,4.55,0,3
F241,2023,Materials,771,5.36,0,4
F241,2024,Materials,794,-0.75,0,5
F241,2025,Materials,818,3.43,0,6
F242,2010,Industrial,340,6.21,0,5
F242,2011,Industrial,350,5.64,0,6
F242,2012,Industrial,361,2.99,0,7
F242,2013,Industrial,371,0.14,1,0
F242,2014,Industrial,383,3.37,0,1
F242,2015,Industrial,394,5.45,0,2
F242,2016,Industrial,406,3.57,0,3
F242,2017,Industrial,418,8.42,0,4
F242,2018,Industrial,431,6.29,0,5
F242,2019,Industrial,443,4.4,0,6
F242,2020,Industrial,457,6.54,0,7
F242,2021,Industrial,470,5.78,0,8
F242,2022,Industrial,485,8.78,0,9
F242,2023,Industrial,499,5.63,0,10
F242,2024,Industrial,514,1.76,1,0
F242,2025,Industrial,530,4.43,1,0
F243,2010,Healthcare,534,5.37,0,1
F243,2011,Healthcare,550,-1.49,0,2
F243,2012,Healthcare,566,5.88,0,3
F243,2013,Healthcare,583,4.52,0,4
F243,2014,Healthcare,601,-1.26,0,5
F243,2015,Healthcare,619,2.14,0,6
F243,2016,Healthcare,637,4.01,0,7
F243,2017,Healthcare,656,5.49,0,8
F243,2018,Healthcare,676,5.19,0,9
F243,2019,Healthcare,696,6.81,0,10
F243,2020,Healthcare,717,-2.87,1,0
F243,2021,Healthcare,739,0.72,0,1
F243,2022,Healthcare,761,6.56,1,0
F243,2023,Healthcare,784,3.85,0,1
F243,2024,Healthcare,807,0.42,0,2
F243,2025,Healthcare,832,4.03,0,3
F244,2010,Tech,197,0.56,0,5
F244,2011,Tech,203,3.61,1,0
F244,2012,Tech,209,2.5,0,1
F244,2013,Tech,216,4.89,0,2
F244,2014,Tech,222,3.21,0,3
F244,2015,Tech,229,8.1,0,4
F244,2016,Tech,236,4.74,0,5
F244,2017,Tech,243,3.88,0,6
F244,2018,Tech,250,8.01,0,7
F244,2019,Tech,258,3.66,0,8
F244,2020,Tech,265,1.57,1,0
F244,2021,Tech,273,12.44,1,0
F244,2022,Tech,281,11.07,0,1
F244,2023,Tech,290,9.55,0,2
F244,2024,Tech,299,8.56,0,3
F244,2025,Tech,308,8.32,0,4
F245,2010,Industrial,399,2.68,0,6
F245,2011,Industrial,411,6.19,0,7
F245,2012,Industrial,423,3.47,0,8
F245,2013,Industrial,436,4.54,0,9
F245,2014,Industrial,449,4.12,1,0
F245,2015,Industrial,462,6.72,0,1
F245,2016,Industrial,476,4.13,0,2
F245,2017,Industrial,490,5.61,0,3
F245,2018,Industrial,505,11.21,0,4
F245,2019,Industrial,520,4.75,0,5
F245,2020,Industrial,536,5.77,0,6
F245,2021,Industrial,552,4.52,0,7
F245,2022,Industrial,568,7.11,0,8
F245,2023,Industrial,585,4.47,0,9
F245,2024,Industrial,603,2.92,0,10
F245,2025,Industrial,621,3.81,0,11
F246,2010,Materials,397,7.74,0,0
F246,2011,Materials,409,2.69,0,1
F246,2012,Materials,421,2.96,0,2
F246,2013,Materials,434,4.81,0,3
F246,2014,Materials,447,2.18,0,4
F246,2015,Materials,460,3.56,0,5
F246,2016,Materials,474,7.3,0,6
F246,2017,Materials,488,7.14,1,0
F246,2018,Materials,503,3.14,0,1
F246,2019,Materials,518,1.12,0,2
F246,2020,Materials,534,0.62,0,3
F246,2021,Materials,550,6.92,0,4
F246,2022,Materials,566,8.77,0,5
F246,2023,Materials,583,10.27,0,6
F246,2024,Materials,601,6.16,0,7
F246,2025,Materials,619,7.68,0,8
F247,2010,Tech,459,10.07,0,1
F247,2011,Tech,472,5.79,0,2
F247,2012,Tech,486,9.83,0,3
F247,2013,Tech,501,5.41,0,4
F247,2014,Tech,516,7.04,0,5
F247,2015,Tech,532,8.54,0,6
F247,2016,Tech,547,8.88,0,7
F247,2017,Tech,564,6.49,0,8
F247,2018,Tech,581,14.66,0,9
F247,2019,Tech,598,6.35,0,10
F247,2020,Tech,616,5.47,0,11
F247,2021,Tech,635,9.83,0,12
F247,2022,Tech,654,9.06,0,13
F247,2023,Tech,673,12.46,0,14
F247,2024,Tech,694,7.03,0,15
F247,2025,Tech,714,5.97,0,16
F248,2010,Consumer,897,8.41,0,6
F248,2011,Consumer,924,10.96,0,7
F248,2012,Consumer,951,8.73,0,8
F248,2013,Consumer,980,4.83,0,9
F248,2014,Consumer,1009,5.0,0,10
F248,2015,Consumer,1040,4.44,0,11
F248,2016,Consumer,1071,0.81,0,12
F248,2017,Consumer,1103,5.4,1,0
F248,2018,Consumer,1136,1.66,0,1
F248,2019,Consumer,1170,5.99,0,2
F248,2020,Consumer,1205,5.46,0,3
F248,2021,Consumer,1241,2.18,0,4
F248,2022,Consumer,1279,7.89,0,5
F248,2023,Consumer,1317,9.48,0,6
F248,2024,Consumer,1356,10.2,1,0
F248,2025,Consumer,1397,4.59,0,1
F249,2010,Consumer,516,3.7,0,6
F249,2011,Consumer,532,4.08,0,7
F249,2012,Consumer,548,3.91,1,0
F249,2013,Consumer,564,6.88,1,0
F249,2014,Consumer,581,8.19,0,1
F249,2015,Consumer,598,8.26,0,2
F249,2016,Consumer,616,3.17,0,3
F249,2017,Consumer,635,3.07,0,4
F249,2018,Consumer,654,0.47,1,0
F249,2019,Consumer,673,8.56,1,0
F249,2020,Consumer,694,8.57,0,1
F249,2021,Consumer,714,2.34,0,2
F249,2022,Consumer,736,8.39,0,3
F249,2023,Consumer,758,7.46,0,4
F249,2024,Consumer,781,10.24,0,5
F249,2025,Consumer,804,8.07,0,6
F250,2010,Materials,236,9.75,0,3
F250,2011,Materials,243,9.94,0,4
F250,2012,Materials,250,7.95,0,5
F250,2013,Materials,258,6.6,0,6
F250,2014,Materials,265,8.06,0,7
F250,2015,Materials,273,10.91,0,8
F250,2016,Materials,281,10.04,0,9
F250,2017,Materials,290,12.62,0,10
F250,2018,Materials,299,3.11,0,11
F250,2019,Materials,308,5.69,1,0
F250,2020,Materials,317,4.89,0,1
F250,2021,Materials,326,6.03,0,2
F250,2022,Materials,336,14.49,0,3
F250,2023,Materials,346,13.56,0,4
F250,2024,Materials,357,9.96,0,5
F250,2025,Materials,367,8.14,0,6
F251,2010,Services,322,6.74,0,6
F251,2011,Services,332,5.64,0,7
F251,2012,Services,342,6.07,0,8
F251,2013,Services,352,4.7,0,9
F251,2014,Services,363,6.22,0,10
F251,2015,Services,374,2.37,0,11
F251,2016,Services,385,5.45,0,12
F251,2017,Services,397,4.81,0,13
F251,2018,Services,408,6.2,0,14
F251,2019,Services,421,5.07,0,15
F251,2020,Services,433,7.03,0,16
F251,2021,Services,446,5.05,0,17
F251,2022,Services,460,0.02,0,18
F251,2023,Services,474,1.61,1,0
F251,2024,Services,488,3.82,1,0
F251,2025,Services,502,5.02,0,1
F252,2010,Services,864,6.58,0,6
F252,2011,Services,890,4.62,0,7
F252,2012,Services,916,4.13,0,8
F252,2013,Services,944,8.17,0,9
F252,2014,Services,972,6.39,0,10
F252,2015,Services,1001,2.77,0,11
F252,2016,Services,1031,5.34,1,0
F252,2017,Services,1062,4.8,0,1
F252,2018,Services,1094,5.09,0,2
F252,2019,Services,1127,5.91,0,3
F252,2020,Services,1161,9.45,0,4
F252,2021,Services,1196,5.73,0,5
F252,2022,Services,1232,3.69,0,6
F252,2023,Services,1268,3.66,0,7
F252,2024,Services,1307,8.06,0,8
F252,2025,Services,1346,9.9,0,9
F253,2010,Healthcare,625,2.94,0,4
F253,2011,Healthcare,644,8.09,0,5
F253,2012,Healthcare,663,5.39,0,6
F253,2013,Healthcare,683,2.91,0,7
F253,2014,Healthcare,704,-0.82,0,8
F253,2015,Healthcare,725,1.65,0,9
F253,2016,Healthcare,747,5.64,0,10
F253,2017,Healthcare,769,-1.53,0,11
F253,2018,Healthcare,792,1.89,0,12
F253,2019,Healthcare,816,4.92,0,13
F253,2020,Healthcare,840,4.48,0,14
F253,2021,Healthcare,866,6.15,0,15
F253,2022,Healthcare,891,1.56,0,16
F253,2023,Healthcare,918,3.36,0,17
F253,2024,Healthcare,946,3.49,0,18
F253,2025,Healthcare,974,5.66,1,0
F254,2010,Healthcare,613,10.48,0,1
F254,2011,Healthcare,632,5.8,0,2
F254,2012,Healthcare,651,7.02,0,3
F254,2013,Healthcare,670,2.35,0,4
F254,2014,Healthcare,690,6.59,0,5
F254,2015,Healthcare,711,6.99,0,6
F254,2016,Healthcare,733,6.25,0,7
F254,2017,Healthcare,754,2.96,0,8
F254,2018,Healthcare,777,1.74,1,0
F254,2019,Healthcare,800,7.78,1,0
F254,2020,Healthcare,824,4.5,0,1
F254,2021,Healthcare,849,3.03,0,2
F254,2022,Healthcare,875,7.94,1,0
F254,2023,Healthcare,901,1.72,0,1
F254,2024,Healthcare,928,6.21,1,0
F254,2025,Healthcare,956,5.71,0,1
F255,2010,Industrial,847,-0.13,0,2
F255,2011,Industrial,872,-6.22,0,3
F255,2012,Industrial,898,-2.88,1,0
F255,2013,Industrial,925,2.27,0,1
F255,2014,Industrial,953,3.5,0,2
F255,2015,Industrial,982,1.32,0,3
F255,2016,Industrial,1011,3.8,0,4
F255,2017,Industrial,1042,2.41,0,5
F255,2018,Industrial,1073,-0.4,0,6
F255,2019,Industrial,1105,6.04,0,7
F255,2020,Industrial,1138,4.52,0,8
F255,2021,Industrial,1172,5.29,0,9
F255,2022,Industrial,1207,6.9,0,10
F255,2023,Industrial,1244,4.41,0,11
F255,2024,Industrial,1281,5.27,0,12
F255,2025,Industrial,1319,4.8,0,13
F256,2010,Consumer,330,7.93,0,0
F256,2011,Consumer,339,7.6,0,1
F256,2012,Consumer,350,7.33,0,2
F256,2013,Consumer,360,12.67,0,3
F256,2014,Consumer,371,12.71,0,4
F256,2015,Consumer,382,11.9,0,5
F256,2016,Consumer,393,8.72,0,6
F256,2017,Consumer,405,12.16,0,7
F256,2018,Consumer,417,10.13,0,8
F256,2019,Consumer,430,10.71,0,9
F256,2020,Consumer,443,13.32,0,10
F256,2021,Consumer,456,10.68,0,11
F256,2022,Consumer,470,15.42,0,12
F256,2023,Consumer,484,8.04,0,13
F256,2024,Consumer,498,3.81,1,0
F256,2025,Consumer,513,11.0,1,0
F257,2010,Consumer,920,-3.31,0,4
F257,2011,Consumer,948,0.98,1,0
F257,2012,Consumer,976,6.27,0,1
F257,2013,Consumer,1005,3.18,0,2
F257,2014,Consumer,1035,4.26,0,3
F257,2015,Consumer,1066,7.51,0,4
F257,2016,Consumer,1098,6.46,0,5
F257,2017,Consumer,1131,2.12,0,6
F257,2018,Consumer,1165,2.3,0,7
F257,2019,Consumer,1200,4.39,0,8
F257,2020,Consumer,1236,3.24,0,9
F257,2021,Consumer,1273,1.69,0,10
F257,2022,Consumer,1312,2.9,0,11
F257,2023,Consumer,1351,4.31,0,12
F257,2024,Consumer,1392,4.45,0,13
F257,2025,Consumer,1433,0.95,0,14
F258,2010,Tech,530,13.32,0,4
F258,2011,Tech,545,10.0,0,5
F258,2012,Tech,562,8.95,0,6
F258,2013,Tech,579,8.26,0,7
F258,2014,Tech,596,10.72,0,8
F258,2015,Tech,614,13.94,0,9
F258,2016,Tech,632,10.28,0,10
F258,2017,Tech,651,7.25,0,11
F258,2018,Tech,671,13.8,0,12
F258,2019,Tech,691,16.35,0,13
F258,2020,Tech,712,14.38,0,14
F258,2021,Tech,733,6.95,0,15
F258,2022,Tech,755,10.82,0,16
F258,2023,Tech,778,13.88,0,17
F258,2024,Tech,801,11.69,0,18
F258,2025,Tech,825,9.15,0,19
F259,2010,Industrial,422,7.75,0,4
F259,2011,Industrial,435,0.6,0,5
F259,2012,Industrial,448,3.64,1,0
F259,2013,Industrial,461,3.7,0,1
F259,2014,Industrial,475,7.02,0,2
F259,2015,Industrial,489,4.49,0,3
F259,2016,Industrial,504,4.0,0,4
F259,2017,Industrial,519,7.27,0,5
F259,2018,Industrial,535,0.08,0,6
F259,2019,Industrial,551,2.86,1,0
F259,2020,Industrial,567,5.92,0,1
F259,2021,Industrial,584,4.24,0,2
F259,2022,Industrial,602,0.06,0,3
F259,2023,Industrial,620,2.31,0,4
F259,2024,Industrial,638,1.23,0,5
F259,2025,Industrial,658,-1.17,1,0
F260,2010,Industrial,899,4.8,0,1
F260,2011,Industrial,926,5.66,0,2
F260,2012,Industrial,954,5.53,0,3
F260,2013,Industrial,983,6.7,0,4
F260,2014,Industrial,1012,12.76,0,5
F260,2015,Industrial,1043,12.17,0,6
F260,2016,Industrial,1074,9.07,0,7
F260,2017,Industrial,1106,11.9,0,8
F260,2018,Industrial,1139,7.14,0,9
F260,2019,Industrial,1173,8.22,0,10
F260,2020,Industrial,1209,7.9,0,11
F260,2021,Industrial,1245,4.02,0,12
F260,2022,Industrial,1282,7.18,1,0
F260,2023,Industrial,1321,8.53,0,1
F260,2024,Industrial,1360,10.1,0,2
F260,2025,Industrial,1401,13.78,0,3
F261,2010,Materials,431,4.71,0,0
F261,2011,Materials,444,9.43,0,1
F261,2012,Materials,457,8.39,0,2
F261,2013,Materials,471,1.84,0,3
F261,2014,Materials,485,6.1,1,0
F261,2015,Materials,500,11.26,0,1
F261,2016,Materials,515,9.01,0,2
F261,2017,Materials,530,12.19,0,3
F261,2018,Materials,546,7.9,0,4
F261,2019,Materials,563,10.24,0,5
F261,2020,Materials,580,8.03,0,6
F261,2021,Materials,597,1.63,0,7
F261,2022,Materials,615,6.11,1,0
F261,2023,Materials,633,3.43,0,1
F261,2024,Materials,652,6.56,1,0
F261,2025,Materials,672,7.72,0,1
F262,2010,Healthcare,361,10.32,0,7
F262,2011,Healthcare,372,14.41,0,8
F262,2012,Healthcare,383,11.49,0,9
F262,2013,Healthcare,395,12.84,0,10
F262,2014,Healthcare,407,13.14,1,0
F262,2015,Healthcare,419,17.01,0,1
F262,2016,Healthcare,432,12.07,0,2
F262,2017,Healthcare,445,13.77,0,3
F262,2018,Healthcare,458,7.31,0,4
F262,2019,Healthcare,472,10.04,0,5
F262,2020,Healthcare,486,7.62,0,6
F262,2021,Healthcare,500,6.88,1,0
F262,2022,Healthcare,515,8.59,0,1
F262,2023,Healthcare,531,9.94,0,2
F262,2024,Healthcare,547,18.19,0,3
F262,2025,Healthcare,563,13.55,0,4
F263,2010,Services,272,5.17,0,5
F263,2011,Services,281,6.83,0,6
F263,2012,Services,289,6.2,0,7
F263,2013,Services,298,3.32,0,8
F263,2014,Services,307,5.25,0,9
F263,2015,Services,316,0.5,0,10
F263,2016,Services,325,4.19,0,11
F263,2017,Services,335,7.29,0,12
F263,2018,Services,345,4.06,0,13
F263,2019,Services,355,3.02,1,0
F263,2020,Services,366,8.94,0,1
F263,2021,Services,377,8.42,0,2
F263,2022,Services,388,12.95,0,3
F263,2023,Services,400,10.85,0,4
F263,2024,Services,412,11.37,0,5
F263,2025,Services,424,3.79,0,6
F264,2010,Materials,427,10.57,0,1
F264,2011,Materials,440,2.9,0,2
F264,2012,Materials,453,0.4,0,3
F264,2013,Materials,467,1.68,0,4
F264,2014,Materials,481,0.57,0,5
F264,2015,Materials,496,6.77,0,6
F264,2016,Materials,510,5.69,0,7
F264,2017,Materials,526,8.84,0,8
F264,2018,Materials,541,0.31,0,9
F264,2019,Materials,558,0.95,0,10
F264,2020,Materials,574,4.42,0,11
F264,2021,Materials,592,7.04,0,12
F264,2022,Materials,609,9.7,0,13
F264,2023,Materials,628,12.15,0,14
F264,2024,Materials,647,4.69,0,15
F264,2025,Materials,666,1.63,0,16
F265,2010,Consumer,1083,10.05,0,1
F265,2011,Consumer,1115,10.42,1,0
F265,2012,Consumer,1149,15.13,0,1
F265,2013,Consumer,1183,16.45,0,2
F265,2014,Consumer,1219,13.17,0,3
F265,2015,Consumer,1255,15.69,0,4
F265,2016,Consumer,1293,14.61,0,5
F265,2017,Consumer,1332,11.26,0,6
F265,2018,Consumer,1372,12.43,0,7
F265,2019,Consumer,1413,13.33,0,8
F265,2020,Consumer,1455,14.23,0,9
F265,2021,Consumer,1499,14.89,0,10
F265,2022,Consumer,1544,10.73,0,11
F265,2023,Consumer,1590,11.4,0,12
F265,2024,Consumer,1638,12.03,0,13
F265,2025,Consumer,1687,11.77,0,14
F266,2010,Consumer,481,19.65,0,0
F266,2011,Consumer,495,14.78,0,1
F266,2012,Consumer,510,11.64,0,2
F266,2013,Consumer,525,15.5,0,3
F266,2014,Consumer,541,8.88,0,4
F266,2015,Consumer,557,4.58,0,5
F266,2016,Consumer,574,4.21,1,0
F266,2017,Consumer,591,6.32,1,0
F266,2018,Consumer,609,7.84,0,1
F266,2019,Consumer,627,9.62,0,2
F266,2020,Consumer,646,5.46,0,3
F266,2021,Consumer,665,10.63,0,4
F266,2022,Consumer,685,12.57,0,5
F266,2023,Consumer,706,11.29,0,6
F266,2024,Consumer,727,10.6,0,7
F266,2025,Consumer,749,13.78,0,8
F267,2010,Healthcare,612,0.2,0,3
F267,2011,Healthcare,630,0.73,0,4
F267,2012,Healthcare,649,-1.34,0,5
F267,2013,Healthcare,669,-4.41,1,0
F267,2014,Healthcare,689,1.87,0,1
F267,2015,Healthcare,709,3.17,0,2
F267,2016,Healthcare,731,0.67,0,3
F267,2017,Healthcare,752,-2.3,0,4
F267,2018,Healthcare,775,2.4,1,0
F267,2019,Healthcare,798,3.14,0,1
F267,2020,Healthcare,822,-0.41,0,2
F267,2021,Healthcare,847,-3.22,0,3
F267,2022,Healthcare,872,-3.22,0,4
F267,2023,Healthcare,898,-4.44,0,5
F267,2024,Healthcare,925,5.0,0,6
F267,2025,Healthcare,953,0.79,0,7
F268,2010,Services,490,6.31,0,6
F268,2011,Services,505,8.2,0,7
F268,2012,Services,520,4.85,0,8
F268,2013,Services,536,4.74,0,9
F268,2014,Services,552,7.65,0,10
F268,2015,Services,569,4.68,0,11
F268,2016,Services,586,6.61,0,12
F268,2017,Services,603,4.56,0,13
F268,2018,Services,621,4.12,0,14
F268,2019,Services,640,7.34,0,15
F268,2020,Services,659,6.09,0,16
F268,2021,Services,679,7.15,0,17
F268,2022,Services,699,11.53,0,18
F268,2023,Services,720,5.86,0,19
F268,2024,Services,742,1.64,0,20
F268,2025,Services,764,8.15,1,0
F269,2010,Tech,584,10.29,0,5
F269,2011,Tech,602,8.89,0,6
F269,2012,Tech,620,7.76,0,7
F269,2013,Tech,638,14.71,0,8
F269,2014,Tech,657,11.8,0,9
F269,2015,Tech,677,10.5,0,10
F269,2016,Tech,697,7.55,0,11
F269,2017,Tech,718,7.15,0,12
F269,2018,Tech,740,5.88,0,13
F269,2019,Tech,762,7.64,0,14
F269,2020,Tech,785,8.94,0,15
F269,2021,Tech,808,8.8,0,16
F269,2022,Tech,833,5.05,0,17
F269,2023,Tech,858,11.06,0,18
F269,2024,Tech,883,10.92,0,19
F269,2025,Tech,910,9.46,0,20
F270,2010,Materials,568,5.73,0,0
F270,2011,Materials,585,8.12,0,1
F270,2012,Materials,603,2.67,0,2
F270,2013,Materials,621,0.97,0,3
F270,2014,Materials,640,1.56,0,4
F270,2015,Materials,659,4.05,0,5
F270,2016,Materials,679,5.15,0,6
F270,2017,Materials,699,3.39,0,7
F270,2018,Materials,720,0.06,1,0
F270,2019,Materials,742,6.38,1,0
F270,2020,Materials,764,6.41,0,1
F270,2021,Materials,787,-1.42,0,2
F270,2022,Materials,810,3.64,1,0
F270,2023,Materials,835,2.21,0,1
F270,2024,Materials,860,1.42,0,2
F270,2025,Materials,886,0.94,0,3
F271,2010,Consumer,380,6.86,0,2
F271,2011,Consumer,392,7.9,0,3
F271,2012,Consumer,403,10.6,0,4
F271,2013,Consumer,416,10.13,0,5
F271,2014,Consumer,428,12.26,0,6
F271,2015,Consumer,441,5.23,0,7
F271,2016,Consumer,454,3.08,0,8
F271,2017,Consumer,468,8.19,0,9
F271,2018,Consumer,482,2.7,0,10
F271,2019,Consumer,496,7.29,1,0
F271,2020,Consumer,511,7.87,0,1
F271,2021,Consumer,526,6.59,0,2
F271,2022,Consumer,542,6.59,0,3
F271,2023,Consumer,558,11.71,0,4
F271,2024,Consumer,575,10.4,0,5
F271,2025,Consumer,592,10.04,0,6
F272,2010,Services,449,5.06,0,7
F272,2011,Services,462,6.34,0,8
F272,2012,Services,476,5.92,0,9
F272,2013,Services,490,1.48,0,10
F272,2014,Services,505,1.58,0,11
F272,2015,Services,520,2.53,0,12
F272,2016,Services,536,1.82,0,13
F272,2017,Services,552,1.15,0,14
F272,2018,Services,569,5.44,0,15
F272,2019,Services,586,8.79,0,16
F272,2020,Services,603,1.33,0,17
F272,2021,Services,621,0.16,1,0
F272,2022,Services,640,1.95,0,1
F272,2023,Services,659,5.48,0,2
F272,2024,Services,679,5.19,0,3
F272,2025,Services,699,6.23,0,4
F273,2010,Consumer,441,-0.68,0,2
F273,2011,Consumer,455,2.56,0,3
F273,2012,Consumer,468,6.66,0,4
F273,2013,Consumer,482,8.13,1,0
F273,2014,Consumer,497,8.34,0,1
F273,2015,Consumer,512,5.88,0,2
F273,2016,Consumer,527,3.2,0,3
F273,2017,Consumer,543,5.69,0,4
F273,2018,Consumer,559,2.87,1,0
F273,2019,Consumer,576,4.85,0,1
F273,2020,Consumer,593,3.97,0,2
F273,2021,Consumer,611,3.92,0,3
F273,2022,Consumer,629,6.55,0,4
F273,2023,Consumer,648,5.16,0,5
F273,2024,Consumer,668,4.25,0,6
F273,2025,Consumer,688,-0.79,1,0
F274,2010,Tech,562,5.83,0,4
F274,2011,Tech,579,7.56,0,5
F274,2012,Tech,596,1.99,0,6
F274,2013,Tech,614,3.29,0,7
F274,2014,Tech,632,0.61,0,8
F274,2015,Tech,651,2.48,0,9
F274,2016,Tech,671,-2.59,0,10
F274,2017,Tech,691,3.31,0,11
F274,2018,Tech,712,2.0,0,12
F274,2019,Tech,733,6.89,0,13
F274,2020,Tech,755,2.09,0,14
F274,2021,Tech,778,2.23,0,15
F274,2022,Tech,801,3.12,0,16
F274,2023,Tech,825,5.19,0,17
F274,2024,Tech,850,-1.54,0,18
F274,2025,Tech,875,6.11,1,0
F275,2010,Tech,541,3.98,0,6
F275,2011,Tech,557,-1.4,0,7
F275,2012,Tech,574,3.58,0,8
F275,2013,Tech,591,5.56,0,9
F275,2014,Tech,609,1.65,0,10
F275,2015,Tech,627,1.61,0,11
F275,2016,Tech,646,2.13,0,12
F275,2017,Tech,666,8.69,0,13
F275,2018,Tech,686,5.13,0,14
F275,2019,Tech,706,5.47,0,15
F275,2020,Tech,727,0.91,0,16
F275,2021,Tech,749,-1.37,0,17
F275,2022,Tech,772,4.09,1,0
F275,2023,Tech,795,6.95,0,1
F275,2024,Tech,819,4.67,0,2
F275,2025,Tech,843,7.38,0,3
F276,2010,Materials,434,8.48,0,5
F276,2011,Materials,447,4.07,0,6
F276,2012,Materials,460,6.26,0,7
F276,2013,Materials,474,6.2,0,8
F276,2014,Materials,489,8.05,0,9
F276,2015,Materials,503,5.57,0,10
F276,2016,Materials,518,8.62,0,11
F276,2017,Materials,534,5.2,0,12
F276,2018,Materials,550,4.26,0,13
F276,2019,Materials,566,0.56,0,14
F276,2020,Materials,583,9.33,0,15
F276,2021,Materials,601,2.86,0,16
F276,2022,Materials,619,7.26,0,17
F276,2023,Materials,637,6.97,0,18
F276,2024,Materials,657,1.29,0,19
F276,2025,Materials,676,3.49,0,20
F277,2010,Healthcare,307,5.91,0,4
F277,2011,Healthcare,316,9.77,0,5
F277,2012,Healthcare,326,7.66,0,6
F277,2013,Healthcare,336,6.14,0,7
F277,2014,Healthcare,346,8.55,0,8
F277,2015,Healthcare,356,5.84,0,9
F277,2016,Healthcare,367,10.15,0,10
F277,2017,Healthcare,378,7.4,0,11
F277,2018,Healthcare,389,14.69,0,12
F277,2019,Healthcare,401,13.28,0,13
F277,2020,Healthcare,413,7.21,0,14
F277,2021,Healthcare,425,5.98,0,15
F277,2022,Healthcare,438,4.16,0,16
F277,2023,Healthcare,451,5.16,0,17
F277,2024,Healthcare,465,6.8,0,18
F277,2025,Healthcare,479,6.81,1,0
F278,2010,Services,568,0.04,0,0
F278,2011,Services,585,3.49,0,1
F278,2012,Services,602,2.19,0,2
F278,2013,Services,620,-0.29,0,3
F278,2014,Services,639,-3.78,0,4
F278,2015,Services,658,-0.82,0,5
F278,2016,Services,678,-0.12,1,0
F278,2017,Services,698,-2.21,0,1
F278,2018,Services,719,0.15,0,2
F278,2019,Services,741,-0.12,0,3
F278,2020,Services,763,2.07,0,4
F278,2021,Services,786,1.72,0,5
F278,2022,Services,809,-6.35,0,6
F278,2023,Services,834,-1.39,1,0
F278,2024,Services,859,3.59,0,1
F278,2025,Services,884,4.7,0,2
F279,2010,Materials,402,8.84,0,2
F279,2011,Materials,414,11.42,0,3
F279,2012,Materials,426,11.64,0,4
F279,2013,Materials,439,10.59,0,5
F279,2014,Materials,452,11.91,0,6
F279,2015,Materials,466,11.77,0,7
F279,2016,Materials,480,9.73,0,8
F279,2017,Materials,494,10.21,0,9
F279,2018,Materials,509,8.18,0,10
F279,2019,Materials,524,7.33,0,11
F279,2020,Materials,540,7.3,0,12
F279,2021,Materials,556,5.59,1,0
F279,2022,Materials,573,8.21,0,1
F279,2023,Materials,590,11.65,0,2
F279,2024,Materials,608,11.17,0,3
F279,2025,Materials,626,6.34,0,4
F280,2010,Consumer,475,9.52,0,5
F280,2011,Consumer,490,9.53,0,6
F280,2012,Consumer,504,9.71,0,7
F280,2013,Consumer,520,13.67,0,8
F280,2014,Consumer,535,12.62,0,9
F280,2015,Consumer,551,15.73,0,10
F280,2016,Consumer,568,8.18,0,11
F280,2017,Consumer,585,12.61,1,0
F280,2018,Consumer,602,10.87,0,1
F280,2019,Consumer,620,14.17,0,2
F280,2020,Consumer,639,9.9,0,3
F280,2021,Consumer,658,7.36,0,4
F280,2022,Consumer,678,17.77,0,5
F280,2023,Consumer,698,16.82,0,6
F280,2024,Consumer,719,15.33,0,7
F280,2025,Consumer,741,12.67,0,8
F281,2010,Services,258,1.71,0,2
F281,2011,Services,266,3.31,0,3
F281,2012,Services,274,1.79,0,4
F281,2013,Services,282,7.25,0,5
F281,2014,Services,291,7.19,0,6
F281,2015,Services,299,5.85,0,7
F281,2016,Services,308,0.91,0,8
F281,2017,Services,318,4.17,1,0
F281,2018,Services,327,2.71,0,1
F281,2019,Services,337,2.77,0,2
F281,2020,Services,347,3.2,0,3
F281,2021,Services,357,4.55,0,4
F281,2022,Services,368,-0.05,0,5
F281,2023,Services,379,2.76,0,6
F281,2024,Services,391,0.54,0,7
F281,2025,Services,402,7.94,0,8
F282,2010,Tech,586,5.55,0,4
F282,2011,Tech,604,5.24,0,5
F282,2012,Tech,622,6.61,0,6
F282,2013,Tech,641,6.16,0,7
F282,2014,Tech,660,0.99,0,8
F282,2015,Tech,680,1.96,0,9
F282,2016,Tech,700,0.54,0,10
F282,2017,Tech,721,3.3,1,0
F282,2018,Tech,743,-1.56,0,1
F282,2019,Tech,765,1.91,0,2
F282,2020,Tech,788,1.13,0,3
F282,2021,Tech,812,5.09,0,4
F282,2022,Tech,836,4.39,0,5
F282,2023,Tech,861,3.94,0,6
F282,2024,Tech,887,0.82,0,7
F282,2025,Tech,914,-0.72,0,8
F283,2010,Materials,377,4.01,0,0
F283,2011,Materials,388,7.84,0,1
F283,2012,Materials,400,4.55,0,2
F283,2013,Materials,412,1.81,0,3
F283,2014,Materials,424,3.14,0,4
F283,2015,Materials,437,5.15,0,5
F283,2016,Materials,450,8.21,0,6
F283,2017,Materials,463,5.48,0,7
F283,2018,Materials,477,5.85,0,8
F283,2019,Materials,491,5.14,0,9
F283,2020,Materials,506,6.09,0,10
F283,2021,Materials,521,6.42,0,11
F283,2022,Materials,537,8.26,0,12
F283,2023,Materials,553,7.01,0,13
F283,2024,Materials,570,3.87,0,14
F283,2025,Materials,587,3.84,0,15
F284,2010,Healthcare,553,3.05,0,2
F284,2011,Healthcare,570,6.9,0,3
F284,2012,Healthcare,587,4.91,0,4
F284,2013,Healthcare,604,1.09,1,0
F284,2014,Healthcare,622,3.58,0,1
F284,2015,Healthcare,641,4.38,0,2
F284,2016,Healthcare,660,3.2,0,3
F284,2017,Healthcare,680,-1.1,0,4
F284,2018,Healthcare,701,3.46,0,5
F284,2019,Healthcare,722,1.69,0,6
F284,2020,Healthcare,743,3.67,0,7
F284,2021,Healthcare,766,8.03,0,8
F284,2022,Healthcare,789,4.74,1,0
F284,2023,Healthcare,812,2.76,0,1
F284,2024,Healthcare,837,4.42,0,2
F284,2025,Healthcare,862,5.35,0,3
F285,2010,Materials,480,5.35,0,7
F285,2011,Materials,495,4.63,0,8
F285,2012,Materials,510,9.43,0,9
F285,2013,Materials,525,3.42,0,10
F285,2014,Materials,541,10.25,0,11
F285,2015,Materials,557,6.6,0,12
F285,2016,Materials,573,5.55,0,13
F285,2017,Materials,591,8.13,1,0
F285,2018,Materials,608,6.32,1,0
F285,2019,Materials,627,6.28,0,1
F285,2020,Materials,645,5.18,0,2
F285,2021,Materials,665,4.23,0,3
F285,2022,Materials,685,14.13,0,4
F285,2023,Materials,705,16.85,0,5
F285,2024,Materials,726,10.88,0,6
F285,2025,Materials,748,7.63,0,7
F286,2010,Consumer,415,4.34,0,6
F286,2011,Consumer,428,6.62,1,0
F286,2012,Consumer,441,2.15,0,1
F286,2013,Consumer,454,6.99,0,2
F286,2014,Consumer,468,5.84,0,3
F286,2015,Consumer,482,9.58,0,4
F286,2016,Consumer,496,10.13,0,5
F286,2017,Consumer,511,8.25,0,6
F286,2018,Consumer,526,6.78,0,7
F286,2019,Consumer,542,5.33,0,8
F286,2020,Consumer,558,2.2,1,0
F286,2021,Consumer,575,8.36,0,1
F286,2022,Consumer,592,7.4,0,2
F286,2023,Consumer,610,7.79,0,3
F286,2024,Consumer,628,8.44,0,4
F286,2025,Consumer,647,6.48,0,5
F287,2010,Tech,388,4.09,0,2
F287,2011,Tech,400,4.88,0,3
F287,2012,Tech,412,8.32,0,4
F287,2013,Tech,424,6.27,0,5
F287,2014,Tech,437,1.41,0,6
F287,2015,Tech,450,6.02,0,7
F287,2016,Tech,463,4.46,0,8
F287,2017,Tech,477,5.76,1,0
F287,2018,Tech,492,6.59,0,1
F287,2019,Tech,506,5.41,0,2
F287,2020,Tech,522,3.06,0,3
F287,2021,Tech,537,1.84,0,4
F287,2022,Tech,553,4.02,1,0
F287,2023,Tech,570,9.44,1,0
F287,2024,Tech,587,9.05,1,0
F287,2025,Tech,605,11.68,0,1
F288,2010,Healthcare,384,8.19,0,7
F288,2011,Healthcare,396,11.66,0,8
F288,2012,Healthcare,408,7.82,0,9
F288,2013,Healthcare,420,5.96,0,10
F288,2014,Healthcare,432,8.62,0,11
F288,2015,Healthcare,445,10.37,0,12
F288,2016,Healthcare,459,9.47,0,13
F288,2017,Healthcare,473,10.09,0,14
F288,2018,Healthcare,487,5.12,0,15
F288,2019,Healthcare,501,7.03,0,16
F288,2020,Healthcare,516,7.3,0,17
F288,2021,Healthcare,532,4.58,1,0
F288,2022,Healthcare,548,8.93,0,1
F288,2023,Healthcare,564,6.38,0,2
F288,2024,Healthcare,581,7.74,0,3
F288,2025,Healthcare,599,7.96,0,4
F289,2010,Tech,1136,2.94,0,6
F289,2011,Tech,1170,5.78,1,0
F289,2012,Tech,1205,6.66,0,1
F289,2013,Tech,1241,8.58,0,2
F289,2014,Tech,1278,7.48,0,3
F289,2015,Tech,1317,8.65,0,4
F289,2016,Tech,1356,4.41,0,5
F289,2017,Tech,1397,0.63,0,6
F289,2018,Tech,1439,1.51,0,7
F289,2019,Tech,1482,5.59,0,8
F289,2020,Tech,1526,1.23,0,9
F289,2021,Tech,1572,9.15,0,10
F289,2022,Tech,1619,5.55,0,11
F289,2023,Tech,1668,4.87,0,12
F289,2024,Tech,1718,3.53,0,13
F289,2025,Tech,1769,4.54,0,14
F290,2010,Services,325,1.9,0,3
F290,2011,Services,335,4.62,0,4
F290,2012,Services,345,1.31,0,5
F290,2013,Services,355,3.54,1,0
F290,2014,Services,366,0.41,0,1
F290,2015,Services,377,9.02,1,0
F290,2016,Services,388,9.58,0,1
F290,2017,Services,400,2.94,0,2
F290,2018,Services,412,8.13,0,3
F290,2019,Services,424,4.62,0,4
F290,2020,Services,437,3.66,0,5
F290,2021,Services,450,11.04,0,6
F290,2022,Services,464,9.69,0,7
F290,2023,Services,477,12.65,0,8
F290,2024,Services,492,1.68,1,0
F290,2025,Services,506,4.97,0,1
F291,2010,Services,1030,8.13,0,4
F291,2011,Services,1061,6.42,0,5
F291,2012,Services,1093,6.52,0,6
F291,2013,Services,1126,7.33,0,7
F291,2014,Services,1160,5.64,0,8
F291,2015,Services,1194,13.79,1,0
F291,2016,Services,1230,11.0,0,1
F291,2017,Services,1267,12.75,0,2
F291,2018,Services,1305,10.13,0,3
F291,2019,Services,1344,5.35,0,4
F291,2020,Services,1385,10.39,0,5
F291,2021,Services,1426,13.63,0,6
F291,2022,Services,1469,9.7,1,0
F291,2023,Services,1513,11.99,0,1
F291,2024,Services,1558,9.62,0,2
F291,2025,Services,1605,13.14,0,3
F292,2010,Industrial,642,-0.22,0,7
F292,2011,Industrial,661,3.96,0,8
F292,2012,Industrial,681,3.7,0,9
F292,2013,Industrial,701,4.32,0,10
F292,2014,Industrial,722,10.15,0,11
F292,2015,Industrial,744,3.72,0,12
F292,2016,Industrial,766,7.37,0,13
F292,2017,Industrial,789,4.06,0,14
F292,2018,Industrial,813,7.87,0,15
F292,2019,Industrial,837,2.43,0,16
F292,2020,Industrial,863,4.02,0,17
F292,2021,Industrial,888,1.59,0,18
F292,2022,Industrial,915,3.24,0,19
F292,2023,Industrial,943,4.22,0,20
F292,2024,Industrial,971,3.69,0,21
F292,2025,Industrial,1000,6.13,0,22
F293,2010,Healthcare,259,8.47,0,7
F293,2011,Healthcare,267,4.19,0,8
F293,2012,Healthcare,275,5.66,0,9
F293,2013,Healthcare,283,5.17,0,10
F293,2014,Healthcare,292,4.38,0,11
F293,2015,Healthcare,301,6.25,0,12
F293,2016,Healthcare,310,4.75,0,13
F293,2017,Healthcare,319,4.6,0,14
F293,2018,Healthcare,328,5.72,0,15
F293,2019,Healthcare,338,6.19,0,16
F293,2020,Healthcare,348,4.02,0,17
F293,2021,Healthcare,359,3.18,0,18
F293,2022,Healthcare,370,5.59,0,19
F293,2023,Healthcare,381,7.51,0,20
F293,2024,Healthcare,392,6.69,0,21
F293,2025,Healthcare,404,5.24,0,22
F294,2010,Materials,332,9.17,0,1
F294,2011,Materials,342,9.3,0,2
F294,2012,Materials,352,3.73,0,3
F294,2013,Materials,363,3.09,0,4
F294,2014,Materials,374,9.25,0,5
F294,2015,Materials,385,11.09,0,6
F294,2016,Materials,396,7.77,0,7
F294,2017,Materials,408,11.11,0,8
F294,2018,Materials,421,5.78,0,9
F294,2019,Materials,433,4.47,0,10
F294,2020,Materials,446,2.27,0,11
F294,2021,Materials,460,1.96,0,12
F294,2022,Materials,473,0.62,1,0
F294,2023,Materials,488,7.69,1,0
F294,2024,Materials,502,7.43,0,1
F294,2025,Materials,517,10.79,0,2
F295,2010,Industrial,343,2.7,0,7
F295,2011,Industrial,354,2.61,0,8
F295,2012,Industrial,364,6.22,0,9
F295,2013,Industrial,375,7.32,0,10
F295,2014,Industrial,387,9.83,0,11
F295,2015,Industrial,398,-2.26,1,0
F295,2016,Industrial,410,0.83,1,0
F295,2017,Industrial,422,4.91,0,1
F295,2018,Industrial,435,4.66,0,2
F295,2019,Industrial,448,4.32,0,3
F295,2020,Industrial,462,5.22,0,4
F295,2021,Industrial,475,4.71,0,5
F295,2022,Industrial,490,1.81,0,6
F295,2023,Industrial,504,5.01,0,7
F295,2024,Industrial,520,2.21,1,0
F295,2025,Industrial,535,3.29,0,1
F296,2010,Healthcare,590,11.7,0,3
F296,2011,Healthcare,608,12.21,0,4
F296,2012,Healthcare,626,11.36,0,5
F296,2013,Healthcare,645,8.28,0,6
F296,2014,Healthcare,665,6.44,0,7
F296,2015,Healthcare,685,10.22,0,8
F296,2016,Healthcare,705,8.86,0,9
F296,2017,Healthcare,726,5.09,0,10
F296,2018,Healthcare,748,10.86,1,0
F296,2019,Healthcare,770,10.09,0,1
F296,2020,Healthcare,794,9.36,0,2
F296,2021,Healthcare,817,11.88,0,3
F296,2022,Healthcare,842,7.3,0,4
F296,2023,Healthcare,867,6.73,0,5
F296,2024,Healthcare,893,10.83,0,6
F296,2025,Healthcare,920,8.42,0,7
F297,2010,Services,300,13.01,0,4
F297,2011,Services,309,7.62,0,5
F297,2012,Services,318,7.37,0,6
F297,2013,Services,328,8.05,0,7
F297,2014,Services,337,8.89,0,8
F297,2015,Services,348,7.76,0,9
F297,2016,Services,358,8.35,0,10
F297,2017,Services,369,8.64,0,11
F297,2018,Services,380,6.09,1,0
F297,2019,Services,391,8.42,0,1
F297,2020,Services,403,9.61,0,2
F297,2021,Services,415,8.95,0,3
F297,2022,Services,427,6.75,0,4
F297,2023,Services,440,4.67,0,5
F297,2024,Services,454,3.65,0,6
F297,2025,Services,467,4.93,1,0
F298,2010,Consumer,551,8.14,0,3
F298,2011,Consumer,568,5.46,0,4
F298,2012,Consumer,585,3.67,0,5
F298,2013,Consumer,602,9.44,0,6
F298,2014,Consumer,620,7.84,1,0
F298,2015,Consumer,639,3.13,0,1
F298,2016,Consumer,658,1.93,0,2
F298,2017,Consumer,678,0.65,0,3
F298,2018,Consumer,698,4.0,0,4
F298,2019,Consumer,719,4.57,0,5
F298,2020,Consumer,741,2.91,0,6
F298,2021,Consumer,763,3.58,0,7
F298,2022,Consumer,786,3.89,0,8
F298,2023,Consumer,809,3.75,0,9
F298,2024,Consumer,834,5.83,0,10
F298,2025,Consumer,859,6.35,0,11
F299,2010,Tech,324,6.71,0,2
F299,2011,Tech,334,7.79,0,3
F299,2012,Tech,344,4.19,0,4
F299,2013,Tech,354,7.31,0,5
F299,2014,Tech,365,4.27,0,6
F299,2015,Tech,376,4.98,0,7
F299,2016,Tech,387,4.17,1,0
F299,2017,Tech,399,9.39,0,1
F299,2018,Tech,411,1.78,0,2
F299,2019,Tech,423,3.32,0,3
F299,2020,Tech,436,5.88,0,4
F299,2021,Tech,449,5.9,0,5
F299,2022,Tech,463,0.4,0,6
F299,2023,Tech,476,8.52,0,7
F299,2024,Tech,491,1.3,0,8
F299,2025,Tech,505,0.9,0,9
F300,2010,Materials,679,4.79,0,7
F300,2011,Materials,700,7.12,1,0
F300,2012,Materials,721,1.88,0,1
F300,2013,Materials,742,6.36,0,2
F300,2014,Materials,764,5.14,0,3
F300,2015,Materials,787,5.26,0,4
F300,2016,Materials,811,6.91,0,5
F300,2017,Materials,835,7.47,0,6
F300,2018,Materials,860,6.9,0,7
F300,2019,Materials,886,9.74,0,8
F300,2020,Materials,913,5.67,1,0
F300,2021,Materials,940,7.98,0,1
F300,2022,Materials,968,3.7,0,2
F300,2023,Materials,997,5.36,0,3
F300,2024,Materials,1027,6.52,0,4
F300,2025,Materials,1058,3.93,0,5
F301,2010,Healthcare,299,6.21,0,7
F301,2011,Healthcare,308,8.43,0,8
F301,2012,Healthcare,317,7.06,1,0
F301,2013,Healthcare,327,2.1,0,1
F301,2014,Healthcare,336,8.07,1,0
F301,2015,Healthcare,346,4.35,0,1
F301,2016,Healthcare,357,3.24,0,2
F301,2017,Healthcare,367,5.98,0,3
F301,2018,Healthcare,379,8.35,0,4
F301,2019,Healthcare,390,9.43,0,5
F301,2020,Healthcare,402,6.87,0,6
F301,2021,Healthcare,414,5.79,0,7
F301,2022,Healthcare,426,3.99,0,8
F301,2023,Healthcare,439,6.78,1,0
F301,2024,Healthcare,452,9.72,0,1
F301,2025,Healthcare,466,7.64,0,2
F302,2010,Services,182,2.08,0,3
F302,2011,Services,187,0.87,0,4
F302,2012,Services,193,2.33,0,5
F302,2013,Services,199,0.07,0,6
F302,2014,Services,205,1.01,0,7
F302,2015,Services,211,1.93,0,8
F302,2016,Services,217,2.16,0,9
F302,2017,Services,224,-1.65,0,10
F302,2018,Services,230,2.96,0,11
F302,2019,Services,237,-1.43,0,12
F302,2020,Services,244,-1.24,0,13
F302,2021,Services,252,-0.56,0,14
F302,2022,Services,259,-2.22,0,15
F302,2023,Services,267,1.25,1,0
F302,2024,Services,275,-0.24,0,1
F302,2025,Services,283,-2.38,0,2
F303,2010,Materials,750,8.46,0,0
F303,2011,Materials,772,8.74,0,1
F303,2012,Materials,795,8.7,0,2
F303,2013,Materials,819,5.76,0,3
F303,2014,Materials,844,8.27,0,4
F303,2015,Materials,869,10.3,0,5
F303,2016,Materials,895,7.82,0,6
F303,2017,Materials,922,11.04,0,7
F303,2018,Materials,950,4.63,0,8
F303,2019,Materials,978,7.31,1,0
F303,2020,Materials,1008,9.6,1,0
F303,2021,Materials,1038,8.3,0,1
F303,2022,Materials,1069,11.57,0,2
F303,2023,Materials,1101,8.72,0,3
F303,2024,Materials,1134,7.76,1,0
F303,2025,Materials,1168,8.18,0,1
F304,2010,Healthcare,510,7.79,0,4
F304,2011,Healthcare,525,8.35,0,5
F304,2012,Healthcare,541,10.55,0,6
F304,2013,Healthcare,557,7.81,0,7
F304,2014,Healthcare,574,7.03,0,8
F304,2015,Healthcare,591,7.28,0,9
F304,2016,Healthcare,608,6.53,0,10
F304,2017,Healthcare,627,7.49,0,11
F304,2018,Healthcare,646,4.67,0,12
F304,2019,Healthcare,665,1.09,0,13
F304,2020,Healthcare,685,5.65,1,0
F304,2021,Healthcare,705,4.37,0,1
F304,2022,Healthcare,727,4.81,0,2
F304,2023,Healthcare,748,7.76,0,3
F304,2024,Healthcare,771,9.52,0,4
F304,2025,Healthcare,794,6.68,0,5
F305,2010,Materials,686,12.72,0,1
F305,2011,Materials,707,11.13,0,2
F305,2012,Materials,728,6.02,0,3
F305,2013,Materials,750,9.93,0,4
F305,2014,Materials,772,14.86,1,0
F305,2015,Materials,795,10.22,0,1
F305,2016,Materials,819,11.77,0,2
F305,2017,Materials,844,14.05,0,3
F305,2018,Materials,869,13.67,0,4
F305,2019,Materials,895,13.04,0,5
F305,2020,Materials,922,11.38,0,6
F305,2021,Materials,950,8.02,0,7
F305,2022,Materials,978,15.22,0,8
F305,2023,Materials,1008,12.86,0,9
F305,2024,Materials,1038,11.39,0,10
F305,2025,Materials,1069,11.12,0,11
F306,2010,Materials,753,9.01,0,7
F306,2011,Materials,776,9.88,0,8
F306,2012,Materials,799,7.46,0,9
F306,2013,Materials,823,1.97,0,10
F306,2014,Materials,848,10.27,1,0
F306,2015,Materials,873,5.61,0,1
F306,2016,Materials,899,11.43,0,2
F306,2017,Materials,926,10.86,0,3
F306,2018,Materials,954,7.66,0,4
F306,2019,Materials,983,7.52,0,5
F306,2020,Materials,1012,3.53,0,6
F306,2021,Materials,1043,2.81,1,0
F306,2022,Materials,1074,12.82,1,0
F306,2023,Materials,1106,6.21,0,1
F306,2024,Materials,1139,9.29,0,2
F306,2025,Materials,1174,7.41,0,3
F307,2010,Tech,278,4.14,0,6
F307,2011,Tech,287,4.46,0,7
F307,2012,Tech,295,8.17,0,8
F307,2013,Tech,304,6.37,0,9
F307,2014,Tech,313,4.02,0,10
F307,2015,Tech,323,9.1,0,11
F307,2016,Tech,332,2.11,0,12
F307,2017,Tech,342,6.93,0,13
F307,2018,Tech,353,7.58,0,14
F307,2019,Tech,363,9.77,0,15
F307,2020,Tech,374,10.67,0,16
F307,2021,Tech,385,2.01,0,17
F307,2022,Tech,397,3.29,0,18
F307,2023,Tech,409,2.22,0,19
F307,2024,Tech,421,2.87,0,20
F307,2025,Tech,434,3.24,0,21
F308,2010,Materials,486,6.25,0,1
F308,2011,Materials,501,9.92,0,2
F308,2012,Materials,516,9.28,0,3
F308,2013,Materials,531,13.61,0,4
F308,2014,Materials,547,13.49,0,5
F308,2015,Materials,563,14.36,0,6
F308,2016,Materials,580,11.47,0,7
F308,2017,Materials,598,10.21,0,8
F308,2018,Materials,616,8.05,0,9
F308,2019,Materials,634,10.12,0,10
F308,2020,Materials,653,8.15,0,11
F308,2021,Materials,673,7.81,0,12
F308,2022,Materials,693,11.17,0,13
F308,2023,Materials,714,12.18,0,14
F308,2024,Materials,735,7.65,0,15
F308,2025,Materials,757,8.45,0,16
F309,2010,Tech,565,3.2,0,2
F309,2011,Tech,582,12.69,0,3
F309,2012,Tech,600,7.85,0,4
F309,2013,Tech,618,5.79,0,5
F309,2014,Tech,636,9.82,0,6
F309,2015,Tech,655,5.49,0,7
F309,2016,Tech,675,3.45,0,8
F309,2017,Tech,695,5.52,1,0
F309,2018,Tech,716,7.31,0,1
F309,2019,Tech,738,11.64,0,2
F309,2020,Tech,760,10.1,0,3
F309,2021,Tech,783,9.07,0,4
F309,2022,Tech,806,10.98,0,5
F309,2023,Tech,830,6.77,0,6
F309,2024,Tech,855,7.87,0,7
F309,2025,Tech,881,8.28,0,8
F310,2010,Services,632,11.32,0,2
F310,2011,Services,651,9.82,0,3
F310,2012,Services,670,11.6,0,4
F310,2013,Services,690,10.12,0,5
F310,2014,Services,711,8.31,0,6
F310,2015,Services,732,6.29,0,7
F310,2016,Services,754,7.03,0,8
F310,2017,Services,777,4.42,0,9
F310,2018,Services,800,5.39,1,0
F310,2019,Services,824,5.56,0,1
F310,2020,Services,849,3.32,0,2
F310,2021,Services,874,6.45,1,0
F310,2022,Services,901,5.57,0,1
F310,2023,Services,928,7.29,0,2
F310,2024,Services,956,13.33,0,3
F310,2025,Services,984,9.44,0,4
F311,2010,Tech,385,10.41,0,5
F311,2011,Tech,397,9.02,0,6
F311,2012,Tech,409,7.21,0,7
F311,2013,Tech,421,4.23,1,0
F311,2014,Tech,434,4.44,1,0
F311,2015,Tech,447,10.37,0,1
F311,2016,Tech,460,6.17,0,2
F311,2017,Tech,474,7.9,0,3
F311,2018,Tech,488,5.91,0,4
F311,2019,Tech,503,6.87,0,5
F311,2020,Tech,518,1.61,0,6
F311,2021,Tech,534,6.36,1,0
F311,2022,Tech,550,8.56,0,1
F311,2023,Tech,566,10.59,0,2
F311,2024,Tech,583,11.33,0,3
F311,2025,Tech,600,9.88,0,4
F312,2010,Tech,512,9.4,0,4
F312,2011,Tech,527,6.4,0,5
F312,2012,Tech,543,7.39,0,6
F312,2013,Tech,559,10.79,0,7
F312,2014,Tech,576,10.08,0,8
F312,2015,Tech,593,11.72,0,9
F312,2016,Tech,611,1.0,0,10
F312,2017,Tech,630,6.93,0,11
F312,2018,Tech,649,8.79,0,12
F312,2019,Tech,668,3.92,0,13
F312,2020,Tech,688,10.58,0,14
F312,2021,Tech,709,7.14,0,15
F312,2022,Tech,730,4.47,0,16
F312,2023,Tech,752,11.9,1,0
F312,2024,Tech,774,10.45,0,1
F312,2025,Tech,798,5.37,0,2
F313,2010,Materials,517,3.42,0,4
F313,2011,Materials,533,5.5,0,5
F313,2012,Materials,549,9.05,0,6
F313,2013,Materials,565,4.44,0,7
F313,2014,Materials,582,4.92,0,8
F313,2015,Materials,600,4.93,0,9
F313,2016,Materials,618,4.73,0,10
F313,2017,Materials,636,9.18,0,11
F313,2018,Materials,655,9.77,0,12
F313,2019,Materials,675,4.56,0,13
F313,2020,Materials,695,2.47,1,0
F313,2021,Materials,716,5.19,0,1
F313,2022,Materials,738,2.83,0,2
F313,2023,Materials,760,2.46,0,3
F313,2024,Materials,783,-0.99,0,4
F313,2025,Materials,806,2.43,0,5
F314,2010,Healthcare,619,10.73,0,6
F314,2011,Healthcare,638,12.61,0,7
F314,2012,Healthcare,657,12.4,0,8
F314,2013,Healthcare,676,9.59,0,9
F314,2014,Healthcare,697,3.61,0,10
F314,2015,Healthcare,718,9.7,0,11
F314,2016,Healthcare,739,3.27,1,0
F314,2017,Healthcare,761,6.0,1,0
F314,2018,Healthcare,784,8.06,0,1
F314,2019,Healthcare,808,8.64,0,2
F314,2020,Healthcare,832,4.36,0,3
F314,2021,Healthcare,857,9.31,0,4
F314,2022,Healthcare,883,7.65,0,5
F314,2023,Healthcare,909,10.67,0,6
F314,2024,Healthcare,936,11.76,0,7
F314,2025,Healthcare,964,13.24,0,8
F315,2010,Consumer,466,7.2,0,5
F315,2011,Consumer,480,0.75,0,6
F315,2012,Consumer,494,1.73,1,0
F315,2013,Consumer,509,8.7,0,1
F315,2014,Consumer,524,6.95,0,2
F315,2015,Consumer,540,6.87,0,3
F315,2016,Consumer,556,5.3,0,4
F315,2017,Consumer,573,5.57,0,5
F315,2018,Consumer,590,5.9,0,6
F315,2019,Consumer,608,0.47,0,7
F315,2020,Consumer,626,4.94,1,0
F315,2021,Consumer,645,8.5,0,1
F315,2022,Consumer,664,4.83,0,2
F315,2023,Consumer,684,4.2,0,3
F315,2024,Consumer,705,8.99,0,4
F315,2025,Consumer,726,7.13,0,5
F316,2010,Healthcare,738,10.13,0,4
F316,2011,Healthcare,760,11.12,0,5
F316,2012,Healthcare,783,10.64,0,6
F316,2013,Healthcare,806,11.77,0,7
F316,2014,Healthcare,831,11.1,0,8
F316,2015,Healthcare,856,10.85,0,9
F316,2016,Healthcare,881,8.12,0,10
F316,2017,Healthcare,908,16.12,0,11
F316,2018,Healthcare,935,9.11,0,12
F316,2019,Healthcare,963,8.27,0,13
F316,2020,Healthcare,992,5.17,0,14
F316,2021,Healthcare,1022,7.62,0,15
F316,2022,Healthcare,1052,10.35,0,16
F316,2023,Healthcare,1084,6.42,0,17
F316,2024,Healthcare,1116,7.28,0,18
F316,2025,Healthcare,1150,8.63,0,19
F317,2010,Industrial,796,9.48,0,6
F317,2011,Industrial,820,8.61,0,7
F317,2012,Industrial,845,3.8,0,8
F317,2013,Industrial,870,10.4,1,0
F317,2014,Industrial,896,10.88,0,1
F317,2015,Industrial,923,13.3,0,2
F317,2016,Industrial,951,12.01,0,3
F317,2017,Industrial,979,8.11,0,4
F317,2018,Industrial,1009,8.18,0,5
F317,2019,Industrial,1039,12.24,0,6
F317,2020,Industrial,1070,8.83,0,7
F317,2021,Industrial,1102,8.22,0,8
F317,2022,Industrial,1135,9.07,0,9
F317,2023,Industrial,1169,10.98,0,10
F317,2024,Industrial,1204,11.41,0,11
F317,2025,Industrial,1240,13.56,0,12
F318,2010,Consumer,473,4.94,0,6
F318,2011,Consumer,487,9.5,0,7
F318,2012,Consumer,502,9.2,0,8
F318,2013,Consumer,517,8.47,0,9
F318,2014,Consumer,532,8.65,0,10
F318,2015,Consumer,548,9.68,0,11
F318,2016,Consumer,565,9.99,0,12
F318,2017,Consumer,581,6.92,0,13
F318,2018,Consumer,599,9.77,0,14
F318,2019,Consumer,617,10.56,0,15
F318,2020,Consumer,635,9.0,0,16
F318,2021,Consumer,654,7.04,0,17
F318,2022,Consumer,674,9.85,0,18
F318,2023,Consumer,694,9.29,0,19
F318,2024,Consumer,715,12.49,0,20
F318,2025,Consumer,737,13.57,0,21
F319,2010,Materials,545,1.93,0,6
F319,2011,Materials,561,7.72,1,0
F319,2012,Materials,578,2.71,0,1
F319,2013,Materials,595,4.43,0,2
F319,2014,Materials,613,6.8,0,3
F319,2015,Materials,632,5.33,0,4
F319,2016,Materials,651,8.8,0,5
F319,2017,Materials,670,8.76,0,6
F319,2018,Materials,690,4.16,0,7
F319,2019,Materials,711,7.3,0,8
F319,2020,Materials,732,8.56,1,0
F319,2021,Materials,754,6.05,0,1
F319,2022,Materials,777,12.87,0,2
F319,2023,Materials,800,8.08,0,3
F319,2024,Materials,824,6.62,0,4
F319,2025,Materials,849,5.66,0,5
F320,2010,Services,677,8.05,0,4
F320,2011,Services,697,13.4,0,5
F320,2012,Services,718,8.65,0,6
F320,2013,Services,740,8.75,0,7
F320,2014,Services,762,4.01,0,8
F320,2015,Services,785,6.01,1,0
F320,2016,Services,808,6.18,0,1
F320,2017,Services,832,4.37,0,2
F320,2018,Services,857,7.16,0,3
F320,2019,Services,883,3.32,0,4
F320,2020,Services,910,7.13,0,5
F320,2021,Services,937,7.08,0,6
F320,2022,Services,965,10.02,0,7
F320,2023,Services,994,5.33,1,0
F320,2024,Services,1024,4.95,0,1
F320,2025,Services,1054,3.57,0,2
F321,2010,Services,515,3.82,0,1
F321,2011,Services,531,4.31,0,2
F321,2012,Services,547,0.88,0,3
F321,2013,Services,563,5.18,0,4
F321,2014,Services,580,8.61,0,5
F321,2015,Services,598,5.74,0,6
F321,2016,Services,616,7.14,0,7
F321,2017,Services,634,4.79,0,8
F321,2018,Services,653,2.53,0,9
F321,2019,Services,673,8.36,0,10
F321,2020,Services,693,6.95,0,11
F321,2021,Services,714,10.06,0,12
F321,2022,Services,735,5.29,0,13
F321,2023,Services,757,5.49,0,14
F321,2024,Services,780,5.35,0,15
F321,2025,Services,803,10.35,0,16
F322,2010,Industrial,654,9.58,0,7
F322,2011,Industrial,674,2.19,0,8
F322,2012,Industrial,694,2.75,0,9
F322,2013,Industrial,715,2.74,0,10
F322,2014,Industrial,736,3.13,0,11
F322,2015,Industrial,759,4.71,1,0
F322,2016,Industrial,781,3.43,0,1
F322,2017,Industrial,805,4.36,0,2
F322,2018,Industrial,829,4.84,0,3
F322,2019,Industrial,854,3.55,0,4
F322,2020,Industrial,879,7.67,0,5
F322,2021,Industrial,906,3.64,0,6
F322,2022,Industrial,933,7.81,0,7
F322,2023,Industrial,961,7.35,0,8
F322,2024,Industrial,990,6.59,0,9
F322,2025,Industrial,1019,1.34,0,10
F323,2010,Healthcare,366,4.98,0,7
F323,2011,Healthcare,377,8.0,0,8
F323,2012,Healthcare,388,1.66,0,9
F323,2013,Healthcare,400,4.8,0,10
F323,2014,Healthcare,412,7.36,0,11
F323,2015,Healthcare,424,6.71,1,0
F323,2016,Healthcare,437,5.03,0,1
F323,2017,Healthcare,450,6.4,0,2
F323,2018,Healthcare,464,2.28,0,3
F323,2019,Healthcare,478,5.81,0,4
F323,2020,Healthcare,492,3.48,1,0
F323,2021,Healthcare,507,3.62,1,0
F323,2022,Healthcare,522,4.95,0,1
F323,2023,Healthcare,538,4.22,0,2
F323,2024,Healthcare,554,2.45,0,3
F323,2025,Healthcare,570,-0.25,1,0
F324,2010,Industrial,544,6.21,0,5
F324,2011,Industrial,560,3.49,0,6
F324,2012,Industrial,577,0.66,0,7
F324,2013,Industrial,595,3.66,0,8
F324,2014,Industrial,612,4.47,0,9
F324,2015,Industrial,631,6.12,0,10
F324,2016,Industrial,650,6.78,0,11
F324,2017,Industrial,669,5.41,0,12
F324,2018,Industrial,689,8.29,0,13
F324,2019,Industrial,710,2.41,0,14
F324,2020,Industrial,731,8.9,1,0
F324,2021,Industrial,753,6.48,0,1
F324,2022,Industrial,776,8.59,0,2
F324,2023,Industrial,799,7.62,0,3
F324,2024,Industrial,823,5.63,0,4
F324,2025,Industrial,848,3.97,0,5
F325,2010,Healthcare,478,10.68,0,1
F325,2011,Healthcare,492,9.04,0,2
F325,2012,Healthcare,507,3.87,0,3
F325,2013,Healthcare,522,2.49,0,4
F325,2014,Healthcare,538,2.32,0,5
F325,2015,Healthcare,554,2.24,0,6
F325,2016,Healthcare,571,3.17,1,0
F325,2017,Healthcare,588,6.55,1,0
F325,2018,Healthcare,606,5.24,0,1
F325,2019,Healthcare,624,5.99,0,2
F325,2020,Healthcare,642,0.89,0,3
F325,2021,Healthcare,662,-0.73,0,4
F325,2022,Healthcare,682,5.76,0,5
F325,2023,Healthcare,702,6.59,0,6
F325,2024,Healthcare,723,6.05,0,7
F325,2025,Healthcare,745,8.1,0,8
F326,2010,Materials,318,3.74,0,0
F326,2011,Materials,328,3.14,0,1
F326,2012,Materials,337,0.09,0,2
F326,2013,Materials,348,-0.2,0,3
F326,2014,Materials,358,-0.11,0,4
F326,2015,Materials,369,-1.43,0,5
F326,2016,Materials,380,0.89,0,6
F326,2017,Materials,391,-1.2,0,7
F326,2018,Materials,403,1.37,0,8
F326,2019,Materials,415,7.69,0,9
F326,2020,Materials,427,5.99,0,10
F326,2021,Materials,440,2.02,0,11
F326,2022,Materials,453,3.12,0,12
F326,2023,Materials,467,2.5,0,13
F326,2024,Materials,481,-4.52,0,14
F326,2025,Materials,495,3.03,1,0
F327,2010,Industrial,459,10.03,0,2
F327,2011,Industrial,473,11.65,0,3
F327,2012,Industrial,487,6.82,0,4
F327,2013,Industrial,502,10.71,0,5
F327,2014,Industrial,517,12.41,0,6
F327,2015,Industrial,532,9.19,0,7
F327,2016,Industrial,548,10.33,0,8
F327,2017,Industrial,565,10.88,0,9
F327,2018,Industrial,582,9.89,0,10
F327,2019,Industrial,599,11.01,0,11
F327,2020,Industrial,617,8.73,0,12
F327,2021,Industrial,635,12.8,0,13
F327,2022,Industrial,655,13.08,0,14
F327,2023,Industrial,674,12.33,0,15
F327,2024,Industrial,694,7.14,0,16
F327,2025,Industrial,715,7.97,0,17
F328,2010,Materials,637,6.17,0,0
F328,2011,Materials,656,7.54,0,1
F328,2012,Materials,676,7.64,0,2
F328,2013,Materials,696,5.96,0,3
F328,2014,Materials,717,10.85,0,4
F328,2015,Materials,739,7.15,0,5
F328,2016,Materials,761,7.21,0,6
F328,2017,Materials,784,12.75,0,7
F328,2018,Materials,807,10.33,0,8
F328,2019,Materials,831,10.15,0,9
F328,2020,Materials,856,12.73,0,10
F328,2021,Materials,882,8.52,0,11
F328,2022,Materials,909,10.9,0,12
F328,2023,Materials,936,13.79,0,13
F328,2024,Materials,964,11.93,0,14
F328,2025,Materials,993,9.26,0,15
F329,2010,Industrial,940,3.04,0,1
F329,2011,Industrial,968,-2.2,0,2
F329,2012,Industrial,997,-1.54,1,0
F329,2013,Industrial,1027,1.92,1,0
F329,2014,Industrial,1058,3.78,0,1
F329,2015,Industrial,1090,5.69,0,2
F329,2016,Industrial,1122,4.36,0,3
F329,2017,Industrial,1156,8.06,0,4
F329,2018,Industrial,1191,5.6,0,5
F329,2019,Industrial,1226,5.55,0,6
F329,2020,Industrial,1263,4.41,0,7
F329,2021,Industrial,1301,5.1,0,8
F329,2022,Industrial,1340,3.88,1,0
F329,2023,Industrial,1380,5.15,0,1
F329,2024,Industrial,1422,6.08,0,2
F329,2025,Industrial,1464,5.63,0,3
F330,2010,Tech,261,-0.49,0,5
F330,2011,Tech,268,2.55,0,6
F330,2012,Tech,276,5.07,0,7
F330,2013,Tech,285,2.0,0,8
F330,2014,Tech,293,4.02,0,9
F330,2015,Tech,302,5.56,1,0
F330,2016,Tech,311,-1.17,0,1
F330,2017,Tech,321,1.58,0,2
F330,2018,Tech,330,5.74,0,3
F330,2019,Tech,340,1.89,0,4
F330,2020,Tech,350,7.05,0,5
F330,2021,Tech,361,6.21,0,6
F330,2022,Tech,372,2.49,0,7
F330,2023,Tech,383,5.01,0,8
F330,2024,Tech,394,3.8,0,9
F330,2025,Tech,406,6.73,0,10
F331,2010,Industrial,284,1.93,0,4
F331,2011,Industrial,292,-1.68,0,5
F331,2012,Industrial,301,6.22,0,6
F331,2013,Industrial,310,4.28,0,7
F331,2014,Industrial,319,10.49,0,8
F331,2015,Industrial,329,8.28,0,9
F331,2016,Industrial,339,7.37,0,10
F331,2017,Industrial,349,10.0,0,11
F331,2018,Industrial,359,6.54,0,12
F331,2019,Industrial,370,0.32,1,0
F331,2020,Industrial,381,4.72,1,0
F331,2021,Industrial,393,8.26,0,1
F331,2022,Industrial,405,5.03,0,2
F331,2023,Industrial,417,4.6,0,3
F331,2024,Industrial,429,-3.01,0,4
F331,2025,Industrial,442,1.42,1,0
F332,2010,Tech,683,0.42,0,4
F332,2011,Tech,703,2.36,0,5
F332,2012,Tech,724,-1.03,0,6
F332,2013,Tech,746,2.18,0,7
F332,2014,Tech,769,0.98,0,8
F332,2015,Tech,792,-0.05,0,9
F332,2016,Tech,815,0.45,0,10
F332,2017,Tech,840,4.36,0,11
F332,2018,Tech,865,1.62,1,0
F332,2019,Tech,891,2.0,0,1
F332,2020,Tech,918,7.76,1,0
F332,2021,Tech,945,3.1,0,1
F332,2022,Tech,974,-2.53,0,2
F332,2023,Tech,1003,4.91,0,3
F332,2024,Tech,1033,-0.19,0,4
F332,2025,Tech,1064,3.96,0,5
F333,2010,Consumer,347,2.16,0,5
F333,2011,Consumer,357,4.39,0,6
F333,2012,Consumer,368,5.84,0,7
F333,2013,Consumer,379,6.86,0,8
F333,2014,Consumer,391,3.59,0,9
F333,2015,Consumer,402,2.05,0,10
F333,2016,Consumer,414,1.91,0,11
F333,2017,Consumer,427,1.77,0,12
F333,2018,Consumer,440,-0.42,0,13
F333,2019,Consumer,453,6.14,1,0
F333,2020,Consumer,466,6.32,0,1
F333,2021,Consumer,480,2.85,0,2
F333,2022,Consumer,495,4.3,0,3
F333,2023,Consumer,510,12.1,0,4
F333,2024,Consumer,525,14.28,0,5
F333,2025,Consumer,541,8.35,0,6
F334,2010,Materials,358,7.65,0,3
F334,2011,Materials,369,8.39,0,4
F334,2012,Materials,380,7.89,0,5
F334,2013,Materials,391,8.27,0,6
F334,2014,Materials,403,8.37,0,7
F334,2015,Materials,415,8.85,0,8
F334,2016,Materials,427,11.15,0,9
F334,2017,Materials,440,10.86,0,10
F334,2018,Materials,453,5.57,0,11
F334,2019,Materials,467,6.94,0,12
F334,2020,Materials,481,5.35,0,13
F334,2021,Materials,495,4.48,0,14
F334,2022,Materials,510,6.47,0,15
F334,2023,Materials,526,8.15,0,16
F334,2024,Materials,541,9.52,0,17
F334,2025,Materials,558,6.1,0,18
F335,2010,Healthcare,331,0.83,0,2
F335,2011,Healthcare,341,8.71,1,0
F335,2012,Healthcare,351,11.5,0,1
F335,2013,Healthcare,362,9.18,0,2
F335,2014,Healthcare,373,6.19,0,3
F335,2015,Healthcare,384,10.87,0,4
F335,2016,Healthcare,395,8.45,0,5
F335,2017,Healthcare,407,9.38,0,6
F335,2018,Healthcare,419,9.7,0,7
F335,2019,Healthcare,432,9.38,0,8
F335,2020,Healthcare,445,9.81,0,9
F335,2021,Healthcare,458,9.56,0,10
F335,2022,Healthcare,472,5.76,0,11
F335,2023,Healthcare,486,0.89,0,12
F335,2024,Healthcare,501,4.79,0,13
F335,2025,Healthcare,516,7.76,0,14
F336,2010,Materials,353,2.87,0,1
F336,2011,Materials,363,-0.09,0,2
F336,2012,Materials,374,1.69,1,0
F336,2013,Materials,385,-1.68,0,1
F336,2014,Materials,397,3.51,0,2
F336,2015,Materials,409,2.32,0,3
F336,2016,Materials,421,5.84,0,4
F336,2017,Materials,434,5.44,0,5
F336,2018,Materials,447,4.67,0,6
F336,2019,Materials,460,7.14,0,7
F336,2020,Materials,474,5.41,0,8
F336,2021,Materials,488,3.81,1,0
F336,2022,Materials,503,4.49,0,1
F336,2023,Materials,518,5.23,0,2
F336,2024,Materials,533,5.13,0,3
F336,2025,Materials,549,4.47,0,4
F337,2010,Tech,469,9.58,0,2
F337,2011,Tech,483,12.97,0,3
F337,2012,Tech,497,9.72,0,4
F337,2013,Tech,512,10.72,0,5
F337,2014,Tech,528,6.13,0,6
F337,2015,Tech,543,10.63,0,7
F337,2016,Tech,560,4.48,0,8
F337,2017,Tech,576,15.49,0,9
F337,2018,Tech,594,15.42,0,10
F337,2019,Tech,612,20.5,0,11
F337,2020,Tech,630,13.89,0,12
F337,2021,Tech,649,11.59,0,13
F337,2022,Tech,668,3.27,0,14
F337,2023,Tech,688,10.69,0,15
F337,2024,Tech,709,8.05,0,16
F337,2025,Tech,730,7.77,1,0
F338,2010,Materials,520,4.06,0,1
F338,2011,Materials,536,5.38,1,0
F338,2012,Materials,552,4.01,0,1
F338,2013,Materials,568,3.68,0,2
F338,2014,Materials,585,6.49,1,0
F338,2015,Materials,603,5.77,0,1
F338,2016,Materials,621,8.12,0,2
F338,2017,Materials,640,8.73,0,3
F338,2018,Materials,659,8.28,0,4
F338,2019,Materials,678,5.01,0,5
F338,2020,Materials,699,4.32,0,6
F338,2021,Materials,720,8.8,0,7
F338,2022,Materials,741,6.7,0,8
F338,2023,Materials,764,9.42,0,9
F338,2024,Materials,787,11.64,1,0
F338,2025,Materials,810,12.12,0,1
F339,2010,Healthcare,493,11.74,0,2
F339,2011,Healthcare,508,11.08,0,3
F339,2012,Healthcare,523,12.13,0,4
F339,2013,Healthcare,539,11.91,0,5
F339,2014,Healthcare,555,9.0,0,6
F339,2015,Healthcare,572,7.82,0,7
F339,2016,Healthcare,589,11.21,0,8
F339,2017,Healthcare,606,6.65,0,9
F339,2018,Healthcare,625,6.53,0,10
F339,2019,Healthcare,643,8.17,1,0
F339,2020,Healthcare,663,8.39,0,1
F339,2021,Healthcare,682,8.08,0,2
F339,2022,Healthcare,703,9.08,0,3
F339,2023,Healthcare,724,6.84,1,0
F339,2024,Healthcare,746,9.08,0,1
F339,2025,Healthcare,768,11.35,0,2
F340,2010,Industrial,868,8.2,0,7
F340,2011,Industrial,894,1.28,0,8
F340,2012,Industrial,921,6.9,1,0
F340,2013,Industrial,948,8.31,0,1
F340,2014,Industrial,977,7.86,0,2
F340,2015,Industrial,1006,1.8,0,3
F340,2016,Industrial,1036,1.5,0,4
F340,2017,Industrial,1067,1.26,0,5
F340,2018,Industrial,1099,1.84,1,0
F340,2019,Industrial,1132,1.41,0,1
F340,2020,Industrial,1166,-0.29,0,2
F340,2021,Industrial,1201,0.93,1,0
F340,2022,Industrial,1237,9.43,1,0
F340,2023,Industrial,1275,7.4,0,1
F340,2024,Industrial,1313,6.22,0,2
F340,2025,Industrial,1352,6.97,0,3
F341,2010,Tech,448,9.68,0,5
F341,2011,Tech,461,6.51,0,6
F341,2012,Tech,475,7.89,0,7
F341,2013,Tech,489,8.24,0,8
F341,2014,Tech,504,7.62,0,9
F341,2015,Tech,519,11.66,0,10
F341,2016,Tech,534,5.27,0,11
F341,2017,Tech,550,9.06,0,12
F341,2018,Tech,567,5.75,0,13
F341,2019,Tech,584,12.14,0,14
F341,2020,Tech,602,6.25,1,0
F341,2021,Tech,620,10.5,1,0
F341,2022,Tech,638,12.09,0,1
F341,2023,Tech,657,9.55,0,2
F341,2024,Tech,677,7.23,0,3
F341,2025,Tech,697,7.87,0,4
F342,2010,Tech,652,3.93,0,2
F342,2011,Tech,672,5.85,0,3
F342,2012,Tech,692,2.51,0,4
F342,2013,Tech,712,6.17,0,5
F342,2014,Tech,734,3.88,0,6
F342,2015,Tech,756,-0.28,0,7
F342,2016,Tech,779,-1.58,0,8
F342,2017,Tech,802,8.84,1,0
F342,2018,Tech,826,4.74,0,1
F342,2019,Tech,851,9.06,0,2
F342,2020,Tech,876,3.79,0,3
F342,2021,Tech,902,5.66,0,4
F342,2022,Tech,930,4.52,0,5
F342,2023,Tech,957,5.04,0,6
F342,2024,Tech,986,6.34,0,7
F342,2025,Tech,1016,6.13,0,8
F343,2010,Materials,700,1.39,0,7
F343,2011,Materials,721,5.39,0,8
F343,2012,Materials,743,2.19,0,9
F343,2013,Materials,765,3.9,0,10
F343,2014,Materials,788,2.75,0,11
F343,2015,Materials,812,6.05,1,0
F343,2016,Materials,836,7.95,0,1
F343,2017,Materials,861,7.89,0,2
F343,2018,Materials,887,3.01,0,3
F343,2019,Materials,914,1.39,0,4
F343,2020,Materials,941,4.53,1,0
F343,2021,Materials,970,6.49,0,1
F343,2022,Materials,999,6.36,0,2
F343,2023,Materials,1029,3.68,0,3
F343,2024,Materials,1059,3.02,0,4
F343,2025,Materials,1091,-1.53,0,5
F344,2010,Industrial,397,5.83,0,7
F344,2011,Industrial,408,7.48,0,8
F344,2012,Industrial,421,1.0,0,9
F344,2013,Industrial,433,-2.1,0,10
F344,2014,Industrial,446,1.79,1,0
F344,2015,Industrial,460,3.57,0,1
F344,2016,Industrial,473,3.9,0,2
F344,2017,Industrial,488,1.24,0,3
F344,2018,Industrial,502,2.54,0,4
F344,2019,Industrial,517,1.33,0,5
F344,2020,Industrial,533,5.67,0,6
F344,2021,Industrial,549,3.87,0,7
F344,2022,Industrial,565,0.08,0,8
F344,2023,Industrial,582,3.23,0,9
F344,2024,Industrial,600,0.65,0,10
F344,2025,Industrial,618,3.29,0,11
F345,2010,Industrial,456,8.17,0,4
F345,2011,Industrial,470,4.85,0,5
F345,2012,Industrial,484,7.1,0,6
F345,2013,Industrial,499,7.67,0,7
F345,2014,Industrial,514,12.85,0,8
F345,2015,Industrial,529,14.34,0,9
F345,2016,Industrial,545,8.93,0,10
F345,2017,Industrial,561,8.16,0,11
F345,2018,Industrial,578,5.49,0,12
F345,2019,Industrial,595,6.34,0,13
F345,2020,Industrial,613,7.8,0,14
F345,2021,Industrial,632,8.89,1,0
F345,2022,Industrial,651,8.13,0,1
F345,2023,Industrial,670,9.1,0,2
F345,2024,Industrial,690,8.9,0,3
F345,2025,Industrial,711,8.34,0,4
F346,2010,Services,1024,1.03,0,0
F346,2011,Services,1055,3.43,0,1
F346,2012,Services,1087,4.24,1,0
F346,2013,Services,1119,9.92,1,0
F346,2014,Services,1153,9.89,0,1
F346,2015,Services,1187,4.64,0,2
F346,2016,Services,1223,4.5,0,3
F346,2017,Services,1260,2.65,0,4
F346,2018,Services,1297,1.65,0,5
F346,2019,Services,1336,2.29,0,6
F346,2020,Services,1376,8.02,0,7
F346,2021,Services,1418,9.51,0,8
F346,2022,Services,1460,4.56,0,9
F346,2023,Services,1504,3.24,1,0
F346,2024,Services,1549,4.75,1,0
F346,2025,Services,1596,8.89,0,1
F347,2010,Materials,448,11.12,0,4
F347,2011,Materials,461,14.08,0,5
F347,2012,Materials,475,8.88,0,6
F347,2013,Materials,490,12.05,0,7
F347,2014,Materials,504,7.23,1,0
F347,2015,Materials,519,8.49,1,0
F347,2016,Materials,535,11.17,0,1
F347,2017,Materials,551,14.74,0,2
F347,2018,Materials,567,11.23,0,3
F347,2019,Materials,584,8.81,0,4
F347,2020,Materials,602,10.94,0,5
F347,2021,Materials,620,8.83,0,6
F347,2022,Materials,639,12.03,0,7
F347,2023,Materials,658,16.65,0,8
F347,2024,Materials,678,9.02,0,9
F347,2025,Materials,698,11.73,0,10
F348,2010,Healthcare,457,8.2,0,4
F348,2011,Healthcare,471,8.01,0,5
F348,2012,Healthcare,485,4.26,0,6
F348,2013,Healthcare,499,11.11,0,7
F348,2014,Healthcare,514,13.02,0,8
F348,2015,Healthcare,530,13.85,0,9
F348,2016,Healthcare,546,6.56,0,10
F348,2017,Healthcare,562,7.62,0,11
F348,2018,Healthcare,579,12.48,0,12
F348,2019,Healthcare,596,14.64,0,13
F348,2020,Healthcare,614,14.25,0,14
F348,2021,Healthcare,633,11.89,0,15
F348,2022,Healthcare,652,12.09,0,16
F348,2023,Healthcare,671,12.96,0,17
F348,2024,Healthcare,691,11.63,0,18
F348,2025,Healthcare,712,10.11,0,19
F349,2010,Tech,860,-0.54,0,2
F349,2011,Tech,886,0.94,0,3
F349,2012,Tech,913,0.07,0,4
F349,2013,Tech,940,-1.58,0,5
F349,2014,Tech,968,-8.79,0,6
F349,2015,Tech,997,-3.26,1,0
F349,2016,Tech,1027,-1.38,0,1
F349,2017,Tech,1058,-0.38,0,2
F349,2018,Tech,1090,2.17,0,3
F349,2019,Tech,1122,-1.95,0,4
F349,2020,Tech,1156,-1.78,0,5
F349,2021,Tech,1191,0.28,0,6
F349,2022,Tech,1226,1.46,0,7
F349,2023,Tech,1263,1.22,0,8
F349,2024,Tech,1301,0.95,0,9
F349,2025,Tech,1340,-0.03,0,10
F350,2010,Services,484,4.3,0,5
F350,2011,Services,498,3.93,0,6
F350,2012,Services,513,3.49,1,0
F350,2013,Services,529,0.94,0,1
F350,2014,Services,545,0.57,0,2
F350,2015,Services,561,5.78,0,3
F350,2016,Services,578,6.17,0,4
F350,2017,Services,595,3.99,0,5
F350,2018,Services,613,1.99,0,6
F350,2019,Services,631,3.74,1,0
F350,2020,Services,650,6.87,0,1
F350,2021,Services,670,4.21,0,2
F350,2022,Services,690,6.27,0,3
F350,2023,Services,711,8.69,0,4
F350,2024,Services,732,5.3,0,5
F350,2025,Services,754,4.85,0,6
F351,2010,Materials,422,6.73,0,1
F351,2011,Materials,435,6.17,0,2
F351,2012,Materials,448,8.63,0,3
F351,2013,Materials,461,7.36,0,4
F351,2014,Materials,475,4.25,0,5
F351,2015,Materials,490,2.9,0,6
F351,2016,Materials,504,4.9,0,7
F351,2017,Materials,519,6.89,0,8
F351,2018,Materials,535,6.26,0,9
F351,2019,Materials,551,9.39,0,10
F351,2020,Materials,568,8.36,0,11
F351,2021,Materials,585,6.39,0,12
F351,2022,Materials,602,8.13,0,13
F351,2023,Materials,620,12.05,0,14
F351,2024,Materials,639,5.01,0,15
F351,2025,Materials,658,2.2,0,16
F352,2010,Consumer,743,9.71,0,0
F352,2011,Consumer,766,4.85,0,1
F352,2012,Consumer,789,5.89,0,2
F352,2013,Consumer,812,3.59,0,3
F352,2014,Consumer,837,7.03,0,4
F352,2015,Consumer,862,9.35,0,5
F352,2016,Consumer,887,5.73,0,6
F352,2017,Consumer,914,5.39,0,7
F352,2018,Consumer,942,2.6,0,8
F352,2019,Consumer,970,2.87,0,9
F352,2020,Consumer,999,10.31,0,10
F352,2021,Consumer,1029,9.16,0,11
F352,2022,Consumer,1060,8.56,0,12
F352,2023,Consumer,1091,10.35,0,13
F352,2024,Consumer,1124,3.86,0,14
F352,2025,Consumer,1158,6.91,0,15
F353,2010,Consumer,270,2.95,0,6
F353,2011,Consumer,279,1.29,0,7
F353,2012,Consumer,287,-5.15,0,8
F353,2013,Consumer,296,2.38,1,0
F353,2014,Consumer,304,6.18,0,1
F353,2015,Consumer,314,3.09,0,2
F353,2016,Consumer,323,0.78,0,3
F353,2017,Consumer,333,-3.23,0,4
F353,2018,Consumer,343,-2.69,0,5
F353,2019,Consumer,353,5.34,0,6
F353,2020,Consumer,363,3.86,0,7
F353,2021,Consumer,374,1.74,0,8
F353,2022,Consumer,386,0.88,0,9
F353,2023,Consumer,397,0.68,0,10
F353,2024,Consumer,409,1.64,0,11
F353,2025,Consumer,421,3.47,0,12
F354,2010,Healthcare,899,1.83,0,3
F354,2011,Healthcare,926,-2.21,0,4
F354,2012,Healthcare,954,0.97,0,5
F354,2013,Healthcare,982,6.32,1,0
F354,2014,Healthcare,1012,9.35,0,1
F354,2015,Healthcare,1042,2.36,0,2
F354,2016,Healthcare,1073,-0.05,0,3
F354,2017,Healthcare,1106,-4.0,1,0
F354,2018,Healthcare,1139,2.56,1,0
F354,2019,Healthcare,1173,3.07,0,1
F354,2020,Healthcare,1208,2.32,0,2
F354,2021,Healthcare,1244,2.22,0,3
F354,2022,Healthcare,1282,6.73,0,4
F354,2023,Healthcare,1320,5.83,0,5
F354,2024,Healthcare,1360,6.9,0,6
F354,2025,Healthcare,1401,6.31,0,7
F355,2010,Materials,889,4.94,0,5
F355,2011,Materials,915,5.86,0,6
F355,2012,Materials,943,8.38,0,7
F355,2013,Materials,971,5.03,0,8
F355,2014,Materials,1000,5.71,0,9
F355,2015,Materials,1030,5.32,1,0
F355,2016,Materials,1061,2.56,0,1
F355,2017,Materials,1093,3.84,0,2
F355,2018,Materials,1126,3.34,0,3
F355,2019,Materials,1159,-0.87,0,4
F355,2020,Materials,1194,2.43,1,0
F355,2021,Materials,1230,1.26,0,1
F355,2022,Materials,1267,7.65,0,2
F355,2023,Materials,1305,2.64,0,3
F355,2024,Materials,1344,2.91,0,4
F355,2025,Materials,1384,-3.21,0,5
F356,2010,Tech,391,4.47,0,6
F356,2011,Tech,403,4.39,1,0
F356,2012,Tech,415,-0.06,0,1
F356,2013,Tech,428,2.14,0,2
F356,2014,Tech,440,-0.11,0,3
F356,2015,Tech,454,0.8,0,4
F356,2016,Tech,467,-2.53,0,5
F356,2017,Tech,481,3.71,0,6
F356,2018,Tech,496,6.7,0,7
F356,2019,Tech,510,3.47,0,8
F356,2020,Tech,526,-0.32,0,9
F356,2021,Tech,542,4.16,0,10
F356,2022,Tech,558,-3.49,0,11
F356,2023,Tech,575,0.83,0,12
F356,2024,Tech,592,-0.89,0,13
F356,2025,Tech,610,1.71,0,14
F357,2010,Industrial,317,9.25,0,1
F357,2011,Industrial,327,8.06,0,2
F357,2012,Industrial,337,6.76,0,3
F357,2013,Industrial,347,6.41,0,4
F357,2014,Industrial,357,8.15,0,5
F357,2015,Industrial,368,5.67,0,6
F357,2016,Industrial,379,6.84,0,7
F357,2017,Industrial,390,4.28,0,8
F357,2018,Industrial,402,4.87,0,9
F357,2019,Industrial,414,6.55,0,10
F357,2020,Industrial,427,4.1,0,11
F357,2021,Industrial,439,3.86,0,12
F357,2022,Industrial,453,4.92,1,0
F357,2023,Industrial,466,3.77,0,1
F357,2024,Industrial,480,1.81,0,2
F357,2025,Industrial,495,5.51,1,0
F358,2010,Industrial,674,2.65,0,1
F358,2011,Industrial,694,3.3,1,0
F358,2012,Industrial,715,3.51,0,1
F358,2013,Industrial,736,9.84,1,0
F358,2014,Industrial,758,10.29,0,1
F358,2015,Industrial,781,10.33,0,2
F358,2016,Industrial,804,8.3,0,3
F358,2017,Industrial,828,11.26,0,4
F358,2018,Industrial,853,11.27,0,5
F358,2019,Industrial,879,8.67,0,6
F358,2020,Industrial,905,12.92,0,7
F358,2021,Industrial,932,6.58,0,8
F358,2022,Industrial,960,10.4,0,9
F358,2023,Industrial,989,5.02,0,10
F358,2024,Industrial,1019,11.26,0,11
F358,2025,Industrial,1050,7.66,0,12
F359,2010,Tech,544,12.98,0,2
F359,2011,Tech,561,9.49,0,3
F359,2012,Tech,577,10.06,0,4
F359,2013,Tech,595,7.55,0,5
F359,2014,Tech,613,3.48,0,6
F359,2015,Tech,631,5.39,0,7
F359,2016,Tech,650,3.87,0,8
F359,2017,Tech,669,10.5,0,9
F359,2018,Tech,689,9.97,0,10
F359,2019,Tech,710,12.97,0,11
F359,2020,Tech,731,13.51,0,12
F359,2021,Tech,753,11.27,0,13
F359,2022,Tech,776,6.82,1,0
F359,2023,Tech,799,7.68,0,1
F359,2024,Tech,823,12.06,0,2
F359,2025,Tech,848,11.21,0,3
F360,2010,Consumer,427,8.71,0,3
F360,2011,Consumer,439,4.15,0,4
F360,2012,Consumer,453,7.3,0,5
F360,2013,Consumer,466,7.09,0,6
F360,2014,Consumer,480,9.08,0,7
F360,2015,Consumer,495,8.12,0,8
F360,2016,Consumer,509,7.0,0,9
F360,2017,Consumer,525,10.09,0,10
F360,2018,Consumer,540,9.91,0,11
F360,2019,Consumer,557,10.55,0,12
F360,2020,Consumer,573,2.25,0,13
F360,2021,Consumer,591,3.63,0,14
F360,2022,Consumer,608,5.44,1,0
F360,2023,Consumer,627,6.7,0,1
F360,2024,Consumer,645,5.83,0,2
F360,2025,Consumer,665,3.97,0,3
F361,2010,Consumer,477,6.22,0,0
F361,2011,Consumer,491,5.37,0,1
F361,2012,Consumer,506,3.51,0,2
F361,2013,Consumer,521,2.36,0,3
F361,2014,Consumer,537,0.32,0,4
F361,2015,Consumer,553,5.0,1,0
F361,2016,Consumer,569,-0.15,0,1
F361,2017,Consumer,586,2.19,0,2
F361,2018,Consumer,604,3.56,0,3
F361,2019,Consumer,622,0.33,1,0
F361,2020,Consumer,641,5.64,0,1
F361,2021,Consumer,660,-3.38,0,2
F361,2022,Consumer,680,5.49,1,0
F361,2023,Consumer,700,12.47,0,1
F361,2024,Consumer,721,10.21,0,2
F361,2025,Consumer,743,5.87,0,3
F362,2010,Healthcare,653,8.82,0,6
F362,2011,Healthcare,672,6.52,0,7
F362,2012,Healthcare,693,4.78,0,8
F362,2013,Healthcare,713,6.17,0,9
F362,2014,Healthcare,735,5.96,0,10
F362,2015,Healthcare,757,2.52,0,11
F362,2016,Healthcare,779,4.18,0,12
F362,2017,Healthcare,803,-0.89,0,13
F362,2018,Healthcare,827,3.96,0,14
F362,2019,Healthcare,852,6.43,0,15
F362,2020,Healthcare,877,-0.49,0,16
F362,2021,Healthcare,904,2.53,0,17
F362,2022,Healthcare,931,3.77,0,18
F362,2023,Healthcare,959,2.07,1,0
F362,2024,Healthcare,987,2.26,1,0
F362,2025,Healthcare,1017,4.76,0,1
F363,2010,Tech,777,9.28,0,2
F363,2011,Tech,800,14.39,0,3
F363,2012,Tech,824,10.36,0,4
F363,2013,Tech,849,13.67,0,5
F363,2014,Tech,875,11.18,0,6
F363,2015,Tech,901,7.73,0,7
F363,2016,Tech,928,8.05,0,8
F363,2017,Tech,956,11.17,0,9
F363,2018,Tech,984,13.12,0,10
F363,2019,Tech,1014,11.07,0,11
F363,2020,Tech,1044,6.87,0,12
F363,2021,Tech,1076,10.9,0,13
F363,2022,Tech,1108,10.98,0,14
F363,2023,Tech,1141,15.37,0,15
F363,2024,Tech,1175,12.51,0,16
F363,2025,Tech,1211,10.82,0,17
F364,2010,Industrial,426,6.27,0,3
F364,2011,Industrial,438,9.51,0,4
F364,2012,Industrial,452,5.54,0,5
F364,2013,Industrial,465,8.44,0,6
F364,2014,Industrial,479,8.12,0,7
F364,2015,Industrial,493,3.05,0,8
F364,2016,Industrial,508,3.15,0,9
F364,2017,Industrial,524,7.33,0,10
F364,2018,Industrial,539,4.59,0,11
F364,2019,Industrial,555,6.63,0,12
F364,2020,Industrial,572,7.72,0,13
F364,2021,Industrial,589,6.08,0,14
F364,2022,Industrial,607,7.83,0,15
F364,2023,Industrial,625,3.77,1,0
F364,2024,Industrial,644,0.46,0,1
F364,2025,Industrial,663,1.47,0,2
F365,2010,Healthcare,384,5.42,0,1
F365,2011,Healthcare,396,7.0,0,2
F365,2012,Healthcare,407,5.83,0,3
F365,2013,Healthcare,420,7.47,0,4
F365,2014,Healthcare,432,7.41,0,5
F365,2015,Healthcare,445,11.03,0,6
F365,2016,Healthcare,458,6.65,0,7
F365,2017,Healthcare,472,1.29,0,8
F365,2018,Healthcare,486,6.4,1,0
F365,2019,Healthcare,501,6.83,0,1
F365,2020,Healthcare,516,3.83,0,2
F365,2021,Healthcare,532,1.26,0,3
F365,2022,Healthcare,547,5.54,0,4
F365,2023,Healthcare,564,2.23,0,5
F365,2024,Healthcare,581,5.68,0,6
F365,2025,Healthcare,598,5.74,0,7
F366,2010,Consumer,616,2.67,0,2
F366,2011,Consumer,634,7.01,0,3
F366,2012,Consumer,653,5.26,0,4
F366,2013,Consumer,673,5.57,0,5
F366,2014,Consumer,693,9.05,0,6
F366,2015,Consumer,714,8.44,0,7
F366,2016,Consumer,735,7.73,0,8
F366,2017,Consumer,757,8.25,0,9
F366,2018,Consumer,780,2.62,0,10
F366,2019,Consumer,803,2.14,0,11
F366,2020,Consumer,827,5.51,0,12
F366,2021,Consumer,852,-1.25,0,13
F366,2022,Consumer,878,2.42,0,14
F366,2023,Consumer,904,6.82,0,15
F366,2024,Consumer,931,6.57,0,16
F366,2025,Consumer,959,9.51,0,17
F367,2010,Services,521,6.07,0,0
F367,2011,Services,536,5.94,0,1
F367,2012,Services,552,3.03,0,2
F367,2013,Services,569,1.04,0,3
F367,2014,Services,586,-3.43,0,4
F367,2015,Services,604,2.52,0,5
F367,2016,Services,622,-1.27,0,6
F367,2017,Services,640,-2.22,1,0
F367,2018,Services,660,4.63,1,0
F367,2019,Services,679,5.19,0,1
F367,2020,Services,700,6.26,0,2
F367,2021,Services,721,6.9,0,3
F367,2022,Services,742,3.69,0,4
F367,2023,Services,765,5.27,0,5
F367,2024,Services,788,2.69,0,6
F367,2025,Services,811,3.74,0,7
F368,2010,Tech,626,7.46,0,3
F368,2011,Tech,645,12.94,0,4
F368,2012,Tech,665,11.57,0,5
F368,2013,Tech,685,10.72,0,6
F368,2014,Tech,705,10.77,0,7
F368,2015,Tech,726,9.25,0,8
F368,2016,Tech,748,5.54,0,9
F368,2017,Tech,770,13.77,0,10
F368,2018,Tech,794,9.62,0,11
F368,2019,Tech,817,7.01,0,12
F368,2020,Tech,842,11.2,0,13
F368,2021,Tech,867,11.52,0,14
F368,2022,Tech,893,8.01,0,15
F368,2023,Tech,920,12.84,0,16
F368,2024,Tech,948,8.49,0,17
F368,2025,Tech,976,6.69,0,18
F369,2010,Tech,347,10.53,0,0
F369,2011,Tech,357,8.75,0,1
F369,2012,Tech,368,9.28,0,2
F369,2013,Tech,379,7.4,0,3
F369,2014,Tech,390,11.12,0,4
F369,2015,Tech,402,7.11,0,5
F369,2016,Tech,414,5.12,0,6
F369,2017,Tech,426,10.58,0,7
F369,2018,Tech,439,12.93,0,8
F369,2019,Tech,452,6.11,0,9
F369,2020,Tech,466,12.29,0,10
F369,2021,Tech,480,10.41,0,11
F369,2022,Tech,494,7.19,0,12
F369,2023,Tech,509,11.42,0,13
F369,2024,Tech,524,14.69,1,0
F369,2025,Tech,540,17.2,0,1
F370,2010,Consumer,326,-0.92,0,5
F370,2011,Consumer,336,0.41,0,6
F370,2012,Consumer,346,1.14,0,7
F370,2013,Consumer,357,6.59,0,8
F370,2014,Consumer,367,1.13,0,9
F370,2015,Consumer,378,3.75,0,10
F370,2016,Consumer,390,0.38,0,11
F370,2017,Consumer,402,-0.59,0,12
F370,2018,Consumer,414,0.29,0,13
F370,2019,Consumer,426,2.61,0,14
F370,2020,Consumer,439,1.2,0,15
F370,2021,Consumer,452,-4.26,0,16
F370,2022,Consumer,465,0.82,1,0
F370,2023,Consumer,479,-1.39,0,1
F370,2024,Consumer,494,0.35,1,0
F370,2025,Consumer,509,1.62,0,1
F371,2010,Materials,396,4.48,0,6
F371,2011,Materials,408,5.61,0,7
F371,2012,Materials,420,-1.59,0,8
F371,2013,Materials,432,0.32,1,0
F371,2014,Materials,445,1.25,1,0
F371,2015,Materials,459,-0.89,0,1
F371,2016,Materials,473,4.3,1,0
F371,2017,Materials,487,5.72,0,1
F371,2018,Materials,501,7.93,0,2
F371,2019,Materials,516,9.33,0,3
F371,2020,Materials,532,7.93,0,4
F371,2021,Materials,548,3.74,0,5
F371,2022,Materials,564,6.85,0,6
F371,2023,Materials,581,8.01,0,7
F371,2024,Materials,599,1.67,1,0
F371,2025,Materials,617,4.52,0,1
F372,2010,Industrial,546,5.9,0,0
F372,2011,Industrial,562,4.89,0,1
F372,2012,Industrial,579,3.89,1,0
F372,2013,Industrial,597,5.04,0,1
F372,2014,Industrial,615,11.77,0,2
F372,2015,Industrial,633,6.3,0,3
F372,2016,Industrial,652,9.05,0,4
F372,2017,Industrial,672,8.8,0,5
F372,2018,Industrial,692,7.74,0,6
F372,2019,Industrial,712,10.18,0,7
F372,2020,Industrial,734,9.39,0,8
F372,2021,Industrial,756,13.54,0,9
F372,2022,Industrial,778,13.82,0,10
F372,2023,Industrial,802,11.8,0,11
F372,2024,Industrial,826,6.42,0,12
F372,2025,Industrial,851,11.64,0,13
F373,2010,Services,333,6.53,0,4
F373,2011,Services,343,3.06,0,5
F373,2012,Services,353,10.36,0,6
F373,2013,Services,364,11.42,0,7
F373,2014,Services,374,10.37,0,8
F373,2015,Services,386,13.09,0,9
F373,2016,Services,397,9.42,0,10
F373,2017,Services,409,6.72,0,11
F373,2018,Services,421,8.64,0,12
F373,2019,Services,434,7.75,0,13
F373,2020,Services,447,10.47,0,14
F373,2021,Services,460,6.7,0,15
F373,2022,Services,474,7.38,0,16
F373,2023,Services,489,8.65,0,17
F373,2024,Services,503,10.47,0,18
F373,2025,Services,518,12.73,1,0
F374,2010,Materials,249,7.39,0,7
F374,2011,Materials,256,5.06,0,8
F374,2012,Materials,264,5.62,0,9
F374,2013,Materials,272,1.54,0,10
F374,2014,Materials,280,3.87,0,11
F374,2015,Materials,288,1.79,0,12
F374,2016,Materials,297,7.37,0,13
F374,2017,Materials,306,10.35,0,14
F374,2018,Materials,315,4.25,0,15
F374,2019,Materials,325,7.71,0,16
F374,2020,Materials,334,7.79,0,17
F374,2021,Materials,344,3.94,0,18
F374,2022,Materials,355,3.53,1,0
F374,2023,Materials,365,10.49,0,1
F374,2024,Materials,376,7.35,0,2
F374,2025,Materials,387,2.8,0,3
F375,2010,Tech,480,0.87,0,4
F375,2011,Tech,495,8.16,0,5
F375,2012,Tech,509,5.75,0,6
F375,2013,Tech,525,6.21,1,0
F375,2014,Tech,540,4.98,0,1
F375,2015,Tech,557,11.95,0,2
F375,2016,Tech,573,4.93,0,3
F375,2017,Tech,591,9.38,0,4
F375,2018,Tech,608,9.53,0,5
F375,2019,Tech,627,9.24,0,6
F375,2020,Tech,645,11.34,0,7
F375,2021,Tech,665,6.15,1,0
F375,2022,Tech,685,4.97,0,1
F375,2023,Tech,705,6.09,1,0
F375,2024,Tech,726,6.72,0,1
F375,2025,Tech,748,6.74,0,2
F376,2010,Tech,442,5.95,0,5
F376,2011,Tech,456,6.35,0,6
F376,2012,Tech,469,4.69,0,7
F376,2013,Tech,483,9.27,0,8
F376,2014,Tech,498,2.06,0,9
F376,2015,Tech,513,0.83,0,10
F376,2016,Tech,528,0.63,1,0
F376,2017,Tech,544,6.16,0,1
F376,2018,Tech,560,2.78,0,2
F376,2019,Tech,577,8.76,0,3
F376,2020,Tech,594,7.84,0,4
F376,2021,Tech,612,3.48,0,5
F376,2022,Tech,631,3.99,0,6
F376,2023,Tech,650,3.27,0,7
F376,2024,Tech,669,2.54,0,8
F376,2025,Tech,689,-1.24,0,9
F377,2010,Services,503,6.71,0,7
F377,2011,Services,518,8.97,0,8
F377,2012,Services,534,13.27,0,9
F377,2013,Services,550,9.49,0,10
F377,2014,Services,567,3.44,0,11
F377,2015,Services,584,7.65,0,12
F377,2016,Services,601,7.99,0,13
F377,2017,Services,619,11.73,0,14
F377,2018,Services,638,6.06,0,15
F377,2019,Services,657,8.5,0,16
F377,2020,Services,676,7.4,0,17
F377,2021,Services,697,6.64,0,18
F377,2022,Services,718,5.76,0,19
F377,2023,Services,739,8.19,0,20
F377,2024,Services,761,11.17,0,21
F377,2025,Services,784,16.78,0,22
F378,2010,Tech,661,6.59,0,2
F378,2011,Tech,681,9.27,0,3
F378,2012,Tech,701,8.04,0,4
F378,2013,Tech,722,4.55,0,5
F378,2014,Tech,744,8.52,0,6
F378,2015,Tech,766,8.88,0,7
F378,2016,Tech,789,5.46,0,8
F378,2017,Tech,813,6.43,0,9
F378,2018,Tech,837,4.13,0,10
F378,2019,Tech,862,8.49,0,11
F378,2020,Tech,888,4.45,0,12
F378,2021,Tech,915,9.0,0,13
F378,2022,Tech,942,7.43,0,14
F378,2023,Tech,971,5.92,1,0
F378,2024,Tech,1000,5.31,0,1
F378,2025,Tech,1030,8.62,0,2
F379,2010,Materials,446,5.72,0,4
F379,2011,Materials,459,7.85,0,5
F379,2012,Materials,473,5.91,0,6
F379,2013,Materials,487,3.8,1,0
F379,2014,Materials,502,3.78,0,1
F379,2015,Materials,517,4.78,0,2
F379,2016,Materials,532,5.84,0,3
F379,2017,Materials,548,6.49,0,4
F379,2018,Materials,565,3.6,0,5
F379,2019,Materials,582,5.48,0,6
F379,2020,Materials,599,9.2,0,7
F379,2021,Materials,617,6.44,1,0
F379,2022,Materials,635,5.41,0,1
F379,2023,Materials,654,10.78,0,2
F379,2024,Materials,674,5.47,0,3
F379,2025,Materials,694,8.38,0,4
F380,2010,Consumer,530,2.44,0,5
F380,2011,Consumer,546,6.69,0,6
F380,2012,Consumer,562,10.15,0,7
F380,2013,Consumer,579,4.06,0,8
F380,2014,Consumer,596,3.25,0,9
F380,2015,Consumer,614,4.22,0,10
F380,2016,Consumer,633,7.24,0,11
F380,2017,Consumer,652,2.24,0,12
F380,2018,Consumer,671,4.08,0,13
F380,2019,Consumer,691,0.88,0,14
F380,2020,Consumer,712,9.82,1,0
F380,2021,Consumer,733,8.76,0,1
F380,2022,Consumer,755,7.06,0,2
F380,2023,Consumer,778,11.76,0,3
F380,2024,Consumer,801,9.82,0,4
F380,2025,Consumer,825,9.87,1,0
F381,2010,Industrial,765,10.05,0,3
F381,2011,Industrial,787,5.13,0,4
F381,2012,Industrial,811,3.32,0,5
F381,2013,Industrial,835,8.39,0,6
F381,2014,Industrial,860,5.99,0,7
F381,2015,Industrial,886,6.49,0,8
F381,2016,Industrial,913,3.98,1,0
F381,2017,Industrial,940,6.01,0,1
F381,2018,Industrial,968,3.56,0,2
F381,2019,Industrial,998,5.22,0,3
F381,2020,Industrial,1027,4.85,0,4
F381,2021,Industrial,1058,7.18,0,5
F381,2022,Industrial,1090,6.29,0,6
F381,2023,Industrial,1123,1.39,0,7
F381,2024,Industrial,1156,5.54,0,8
F381,2025,Industrial,1191,4.37,0,9
F382,2010,Consumer,839,6.36,0,6
F382,2011,Consumer,864,8.64,0,7
F382,2012,Consumer,890,9.85,0,8
F382,2013,Consumer,917,2.77,0,9
F382,2014,Consumer,945,3.54,0,10
F382,2015,Consumer,973,6.21,0,11
F382,2016,Consumer,1002,6.93,0,12
F382,2017,Consumer,1032,5.31,0,13
F382,2018,Consumer,1063,1.79,0,14
F382,2019,Consumer,1095,7.67,0,15
F382,2020,Consumer,1128,5.83,0,16
F382,2021,Consumer,1162,1.58,0,17
F382,2022,Consumer,1197,3.52,0,18
F382,2023,Consumer,1232,-1.48,0,19
F382,2024,Consumer,1269,3.2,1,0
F382,2025,Consumer,1308,2.39,1,0
F383,2010,Services,305,8.36,0,1
F383,2011,Services,314,6.98,0,2
F383,2012,Services,323,5.16,0,3
F383,2013,Services,333,5.82,0,4
F383,2014,Services,343,3.4,1,0
F383,2015,Services,353,4.36,0,1
F383,2016,Services,364,3.7,0,2
F383,2017,Services,375,3.27,0,3
F383,2018,Services,386,7.09,0,4
F383,2019,Services,398,5.89,0,5
F383,2020,Services,410,10.05,0,6
F383,2021,Services,422,7.98,0,7
F383,2022,Services,434,10.33,0,8
F383,2023,Services,448,8.84,0,9
F383,2024,Services,461,10.54,0,10
F383,2025,Services,475,4.4,0,11
F384,2010,Materials,623,6.22,0,3
F384,2011,Materials,642,4.3,0,4
F384,2012,Materials,661,1.1,0,5
F384,2013,Materials,681,0.64,1,0
F384,2014,Materials,701,5.45,0,1
F384,2015,Materials,722,5.87,0,2
F384,2016,Materials,744,12.49,0,3
F384,2017,Materials,766,13.26,1,0
F384,2018,Materials,789,9.21,0,1
F384,2019,Materials,813,5.89,0,2
F384,2020,Materials,837,5.36,0,3
F384,2021,Materials,862,3.28,0,4
F384,2022,Materials,888,2.95,1,0
F384,2023,Materials,915,3.86,1,0
F384,2024,Materials,942,0.97,1,0
F384,2025,Materials,970,4.99,1,0
F385,2010,Materials,549,5.05,0,5
F385,2011,Materials,565,1.04,0,6
F385,2012,Materials,582,0.59,0,7
F385,2013,Materials,600,0.8,0,8
F385,2014,Materials,618,1.08,0,9
F385,2015,Materials,636,7.69,0,10
F385,2016,Materials,655,5.87,0,11
F385,2017,Materials,675,8.45,0,12
F385,2018,Materials,695,4.85,0,13
F385,2019,Materials,716,2.32,0,14
F385,2020,Materials,737,5.18,0,15
F385,2021,Materials,760,3.84,0,16
F385,2022,Materials,782,4.69,0,17
F385,2023,Materials,806,10.11,0,18
F385,2024,Materials,830,4.34,1,0
F385,2025,Materials,855,7.33,0,1
F386,2010,Tech,449,5.07,0,7
F386,2011,Tech,463,9.48,0,8
F386,2012,Tech,477,6.48,0,9
F386,2013,Tech,491,7.59,0,10
F386,2014,Tech,506,3.91,0,11
F386,2015,Tech,521,1.35,0,12
F386,2016,Tech,537,-0.23,0,13
F386,2017,Tech,553,7.14,1,0
F386,2018,Tech,569,10.0,0,1
F386,2019,Tech,586,7.64,0,2
F386,2020,Tech,604,6.71,0,3
F386,2021,Tech,622,12.16,0,4
F386,2022,Tech,641,10.85,0,5
F386,2023,Tech,660,8.4,0,6
F386,2024,Tech,680,5.65,0,7
F386,2025,Tech,700,6.21,0,8
F387,2010,Consumer,482,7.89,0,6
F387,2011,Consumer,497,5.92,0,7
F387,2012,Consumer,512,8.47,0,8
F387,2013,Consumer,527,7.41,0,9
F387,2014,Consumer,543,11.04,0,10
F387,2015,Consumer,559,10.32,0,11
F387,2016,Consumer,576,6.12,0,12
F387,2017,Consumer,593,5.77,0,13
F387,2018,Consumer,611,6.48,0,14
F387,2019,Consumer,629,8.21,0,15
F387,2020,Consumer,648,10.75,0,16
F387,2021,Consumer,668,8.75,0,17
F387,2022,Consumer,688,6.51,0,18
F387,2023,Consumer,708,7.92,0,19
F387,2024,Consumer,730,4.42,0,20
F387,2025,Consumer,752,9.16,0,21
F388,2010,Tech,764,1.05,0,7
F388,2011,Tech,787,4.99,1,0
F388,2012,Tech,810,8.69,0,1
F388,2013,Tech,835,7.0,0,2
F388,2014,Tech,860,2.27,0,3
F388,2015,Tech,886,-1.58,0,4
F388,2016,Tech,912,0.68,1,0
F388,2017,Tech,940,4.88,0,1
F388,2018,Tech,968,4.79,0,2
F388,2019,Tech,997,3.86,0,3
F388,2020,Tech,1027,-1.29,0,4
F388,2021,Tech,1057,2.63,0,5
F388,2022,Tech,1089,1.63,0,6
F388,2023,Tech,1122,7.1,0,7
F388,2024,Tech,1155,6.61,0,8
F388,2025,Tech,1190,7.04,1,0
F389,2010,Industrial,537,6.8,0,3
F389,2011,Industrial,553,6.01,0,4
F389,2012,Industrial,570,9.46,0,5
F389,2013,Industrial,587,3.25,1,0
F389,2014,Industrial,604,-0.85,0,1
F389,2015,Industrial,622,4.97,1,0
F389,2016,Industrial,641,11.07,0,1
F389,2017,Industrial,660,10.22,0,2
F389,2018,Industrial,680,7.71,0,3
F389,2019,Industrial,701,5.39,0,4
F389,2020,Industrial,722,4.17,0,5
F389,2021,Industrial,743,2.06,0,6
F389,2022,Industrial,765,2.72,0,7
F389,2023,Industrial,788,5.69,0,8
F389,2024,Industrial,812,2.93,0,9
F389,2025,Industrial,836,4.36,0,10
F390,2010,Industrial,218,-3.3,0,1
F390,2011,Industrial,225,0.77,1,0
F390,2012,Industrial,232,1.23,1,0
F390,2013,Industrial,239,0.85,0,1
F390,2014,Industrial,246,-0.27,1,0
F390,2015,Industrial,253,4.35,1,0
F390,2016,Industrial,261,1.24,0,1
F390,2017,Industrial,269,4.31,0,2
F390,2018,Industrial,277,8.37,0,3
F390,2019,Industrial,285,-0.28,0,4
F390,2020,Industrial,294,10.75,1,0
F390,2021,Industrial,302,6.98,0,1
F390,2022,Industrial,311,9.33,0,2
F390,2023,Industrial,321,6.36,0,3
F390,2024,Industrial,330,5.55,0,4
F390,2025,Industrial,340,6.95,0,5
F391,2010,Consumer,554,8.12,0,7
F391,2011,Consumer,571,8.62,0,8
F391,2012,Consumer,588,6.29,0,9
F391,2013,Consumer,606,10.81,0,10
F391,2014,Consumer,624,7.77,0,11
F391,2015,Consumer,643,5.86,0,12
F391,2016,Consumer,662,1.04,0,13
F391,2017,Consumer,682,4.94,1,0
F391,2018,Consumer,702,3.04,0,1
F391,2019,Consumer,723,6.16,1,0
F391,2020,Consumer,745,5.58,0,1
F391,2021,Consumer,767,7.7,0,2
F391,2022,Consumer,790,9.97,0,3
F391,2023,Consumer,814,12.28,0,4
F391,2024,Consumer,838,10.6,0,5
F391,2025,Consumer,864,10.88,0,6
F392,2010,Consumer,224,5.62,0,6
F392,2011,Consumer,231,5.73,0,7
F392,2012,Consumer,238,4.37,0,8
F392,2013,Consumer,245,6.87,0,9
F392,2014,Consumer,252,5.89,0,10
F392,2015,Consumer,260,9.21,0,11
F392,2016,Consumer,267,8.0,0,12
F392,2017,Consumer,275,7.86,0,13
F392,2018,Consumer,284,1.81,0,14
F392,2019,Consumer,292,0.53,0,15
F392,2020,Consumer,301,4.37,0,16
F392,2021,Consumer,310,0.91,0,17
F392,2022,Consumer,319,4.24,0,18
F392,2023,Consumer,329,11.5,0,19
F392,2024,Consumer,339,7.97,0,20
F392,2025,Consumer,349,8.24,0,21
F393,2010,Consumer,362,-0.38,0,1
F393,2011,Consumer,373,5.54,0,2
F393,2012,Consumer,384,-0.96,0,3
F393,2013,Consumer,396,-3.07,0,4
F393,2014,Consumer,408,-6.42,0,5
F393,2015,Consumer,420,0.74,1,0
F393,2016,Consumer,432,1.37,0,1
F393,2017,Consumer,445,-0.66,0,2
F393,2018,Consumer,459,-5.61,0,3
F393,2019,Consumer,473,-3.91,0,4
F393,2020,Consumer,487,-2.4,0,5
F393,2021,Consumer,501,-2.3,0,6
F393,2022,Consumer,516,-3.33,0,7
F393,2023,Consumer,532,-2.9,1,0
F393,2024,Consumer,548,-2.1,0,1
F393,2025,Consumer,564,-0.31,0,2
F394,2010,Healthcare,550,13.0,0,5
F394,2011,Healthcare,566,4.4,0,6
F394,2012,Healthcare,583,9.19,0,7
F394,2013,Healthcare,601,11.17,0,8
F394,2014,Healthcare,619,12.14,0,9
F394,2015,Healthcare,637,15.13,0,10
F394,2016,Healthcare,656,11.48,0,11
F394,2017,Healthcare,676,9.09,0,12
F394,2018,Healthcare,696,12.53,0,13
F394,2019,Healthcare,717,8.51,0,14
F394,2020,Healthcare,739,5.09,0,15
F394,2021,Healthcare,761,6.27,0,16
F394,2022,Healthcare,784,8.14,0,17
F394,2023,Healthcare,807,6.41,0,18
F394,2024,Healthcare,831,12.79,0,19
F394,2025,Healthcare,856,8.95,0,20
F395,2010,Consumer,723,-4.15,0,1
F395,2011,Consumer,745,0.32,0,2
F395,2012,Consumer,767,-3.15,0,3
F395,2013,Consumer,790,-0.93,1,0
F395,2014,Consumer,814,-0.33,0,1
F395,2015,Consumer,838,2.32,0,2
F395,2016,Consumer,864,3.09,0,3
F395,2017,Consumer,889,0.85,0,4
F395,2018,Consumer,916,3.9,0,5
F395,2019,Consumer,944,0.13,0,6
F395,2020,Consumer,972,3.14,0,7
F395,2021,Consumer,1001,-0.57,0,8
F395,2022,Consumer,1031,0.48,0,9
F395,2023,Consumer,1062,4.6,0,10
F395,2024,Consumer,1094,-0.11,1,0
F395,2025,Consumer,1127,3.82,0,1
F396,2010,Industrial,1078,8.17,0,2
F396,2011,Industrial,1110,8.04,0,3
F396,2012,Industrial,1143,10.59,0,4
F396,2013,Industrial,1178,8.32,0,5
F396,2014,Industrial,1213,9.07,0,6
F396,2015,Industrial,1249,7.87,0,7
F396,2016,Industrial,1287,9.03,0,8
F396,2017,Industrial,1325,8.87,0,9
F396,2018,Industrial,1365,8.6,0,10
F396,2019,Industrial,1406,5.19,0,11
F396,2020,Industrial,1448,4.17,0,12
F396,2021,Industrial,1492,6.0,0,13
F396,2022,Industrial,1537,10.89,0,14
F396,2023,Industrial,1583,15.37,0,15
F396,2024,Industrial,1630,11.31,0,16
F396,2025,Industrial,1679,11.59,0,17
F397,2010,Materials,821,4.04,0,7
F397,2011,Materials,845,6.35,0,8
F397,2012,Materials,871,6.28,0,9
F397,2013,Materials,897,11.26,0,10
F397,2014,Materials,924,9.29,1,0
F397,2015,Materials,952,9.26,0,1
F397,2016,Materials,980,11.33,0,2
F397,2017,Materials,1009,12.74,0,3
F397,2018,Materials,1040,9.29,0,4
F397,2019,Materials,1071,9.52,0,5
F397,2020,Materials,1103,10.43,0,6
F397,2021,Materials,1136,11.22,0,7
F397,2022,Materials,1170,10.71,0,8
F397,2023,Materials,1205,8.25,0,9
F397,2024,Materials,1242,6.43,0,10
F397,2025,Materials,1279,8.18,0,11
F398,2010,Services,553,3.77,0,6
F398,2011,Services,569,4.44,0,7
F398,2012,Services,586,5.69,1,0
F398,2013,Services,604,6.32,0,1
F398,2014,Services,622,6.07,0,2
F398,2015,Services,641,3.09,0,3
F398,2016,Services,660,7.72,0,4
F398,2017,Services,680,3.62,0,5
F398,2018,Services,700,4.65,0,6
F398,2019,Services,721,3.13,0,7
F398,2020,Services,743,6.4,0,8
F398,2021,Services,765,9.57,0,9
F398,2022,Services,788,7.67,0,10
F398,2023,Services,812,5.02,0,11
F398,2024,Services,836,4.07,0,12
F398,2025,Services,861,6.82,0,13
F399,2010,Materials,566,9.43,0,0
F399,2011,Materials,583,10.43,0,1
F399,2012,Materials,601,9.52,0,2
F399,2013,Materials,619,6.94,0,3
F399,2014,Materials,637,12.33,0,4
F399,2015,Materials,656,11.44,0,5
F399,2016,Materials,676,11.8,0,6
F399,2017,Materials,696,16.75,1,0
F399,2018,Materials,717,9.72,0,1
F399,2019,Materials,739,8.44,0,2
F399,2020,Materials,761,11.05,0,3
F399,2021,Materials,784,6.93,0,4
F399,2022,Materials,807,7.72,0,5
F399,2023,Materials,832,9.04,0,6
F399,2024,Materials,857,2.02,0,7
F399,2025,Materials,882,8.76,1,0
F400,2010,Consumer,544,5.12,0,2
F400,2011,Consumer,560,6.35,0,3
F400,2012,Consumer,577,3.34,0,4
F400,2013,Consumer,594,8.03,0,5
F400,2014,Consumer,612,7.92,0,6
F400,2015,Consumer,630,6.21,0,7
F400,2016,Consumer,649,5.26,1,0
F400,2017,Consumer,669,6.64,0,1
F400,2018,Consumer,689,2.28,0,2
F400,2019,Consumer,710,2.78,0,3
F400,2020,Consumer,731,6.93,0,4
F400,2021,Consumer,753,5.61,1,0
F400,2022,Consumer,775,1.96,0,1
F400,2023,Consumer,799,3.51,1,0
F400,2024,Consumer,823,-0.07,0,1
F400,2025,Consumer,847,5.23,0,2
F401,2010,Consumer,290,-0.02,0,3
F401,2011,Consumer,299,8.58,0,4
F401,2012,Consumer,308,4.57,0,5
F401,2013,Consumer,317,2.98,0,6
F401,2014,Consumer,327,3.23,0,7
F401,2015,Consumer,336,6.01,0,8
F401,2016,Consumer,347,1.7,0,9
F401,2017,Consumer,357,3.34,0,10
F401,2018,Consumer,368,2.79,0,11
F401,2019,Consumer,379,3.92,0,12
F401,2020,Consumer,390,6.58,0,13
F401,2021,Consumer,402,1.77,0,14
F401,2022,Consumer,414,2.16,0,15
F401,2023,Consumer,426,4.03,0,16
F401,2024,Consumer,439,3.46,0,17
F401,2025,Consumer,452,5.32,1,0
F402,2010,Services,730,3.73,0,1
F402,2011,Services,752,2.02,1,0
F402,2012,Services,774,5.08,0,1
F402,2013,Services,798,5.41,0,2
F402,2014,Services,822,-0.41,0,3
F402,2015,Services,846,3.97,1,0
F402,2016,Services,872,9.4,0,1
F402,2017,Services,898,3.66,0,2
F402,2018,Services,925,10.67,0,3
F402,2019,Services,953,4.64,0,4
F402,2020,Services,981,3.52,0,5
F402,2021,Services,1011,8.86,0,6
F402,2022,Services,1041,7.48,1,0
F402,2023,Services,1072,2.02,0,1
F402,2024,Services,1104,2.33,1,0
F402,2025,Services,1137,5.59,1,0
F403,2010,Services,421,1.79,0,2
F403,2011,Services,433,0.78,0,3
F403,2012,Services,446,-0.38,0,4
F403,2013,Services,460,-0.67,0,5
F403,2014,Services,474,-1.76,0,6
F403,2015,Services,488,2.65,0,7
F403,2016,Services,503,2.17,0,8
F403,2017,Services,518,-0.22,0,9
F403,2018,Services,533,1.33,1,0
F403,2019,Services,549,0.3,0,1
F403,2020,Services,566,5.59,0,2
F403,2021,Services,583,1.96,0,3
F403,2022,Services,600,5.27,0,4
F403,2023,Services,618,2.46,0,5
F403,2024,Services,637,6.73,1,0
F403,2025,Services,656,3.21,0,1
F404,2010,Consumer,735,1.91,0,3
F404,2011,Consumer,757,4.33,0,4
F404,2012,Consumer,780,0.79,0,5
F404,2013,Consumer,803,7.4,0,6
F404,2014,Consumer,828,5.78,0,7
F404,2015,Consumer,852,0.07,0,8
F404,2016,Consumer,878,-4.43,0,9
F404,2017,Consumer,904,3.34,1,0
F404,2018,Consumer,931,4.76,0,1
F404,2019,Consumer,959,2.09,1,0
F404,2020,Consumer,988,2.03,0,1
F404,2021,Consumer,1018,1.79,0,2
F404,2022,Consumer,1048,2.46,1,0
F404,2023,Consumer,1080,1.12,0,1
F404,2024,Consumer,1112,-0.96,0,2
F404,2025,Consumer,1146,-1.99,1,0
F405,2010,Services,520,10.5,0,2
F405,2011,Services,536,12.64,0,3
F405,2012,Services,552,9.92,0,4
F405,2013,Services,568,14.0,0,5
F405,2014,Services,585,7.85,0,6
F405,2015,Services,603,6.8,0,7
F405,2016,Services,621,5.68,0,8
F405,2017,Services,640,9.61,0,9
F405,2018,Services,659,9.93,0,10
F405,2019,Services,679,6.33,0,11
F405,2020,Services,699,6.92,0,12
F405,2021,Services,720,11.34,0,13
F405,2022,Services,742,8.41,0,14
F405,2023,Services,764,9.58,0,15
F405,2024,Services,787,5.17,0,16
F405,2025,Services,810,5.06,0,17
F406,2010,Healthcare,466,5.27,0,5
F406,2011,Healthcare,480,8.87,0,6
F406,2012,Healthcare,495,5.35,0,7
F406,2013,Healthcare,510,7.3,0,8
F406,2014,Healthcare,525,10.91,0,9
F406,2015,Healthcare,541,10.19,0,10
F406,2016,Healthcare,557,6.83,0,11
F406,2017,Healthcare,573,7.45,0,12
F406,2018,Healthcare,591,11.39,0,13
F406,2019,Healthcare,608,7.85,0,14
F406,2020,Healthcare,627,5.56,0,15
F406,2021,Healthcare,645,6.83,0,16
F406,2022,Healthcare,665,9.28,0,17
F406,2023,Healthcare,685,4.79,0,18
F406,2024,Healthcare,705,9.6,0,19
F406,2025,Healthcare,726,10.28,0,20
F407,2010,Services,572,3.33,0,4
F407,2011,Services,589,2.42,0,5
F407,2012,Services,607,4.97,0,6
F407,2013,Services,625,7.31,0,7
F407,2014,Services,644,4.86,0,8
F407,2015,Services,663,0.74,0,9
F407,2016,Services,683,-1.42,0,10
F407,2017,Services,704,1.45,0,11
F407,2018,Services,725,4.8,0,12
F407,2019,Services,747,6.96,0,13
F407,2020,Services,769,9.82,0,14
F407,2021,Services,792,6.2,0,15
F407,2022,Services,816,7.01,0,16
F407,2023,Services,840,5.68,0,17
F407,2024,Services,865,2.89,0,18
F407,2025,Services,891,7.27,0,19
F408,2010,Services,795,10.09,0,4
F408,2011,Services,819,4.61,0,5
F408,2012,Services,844,11.08,0,6
F408,2013,Services,869,7.99,0,7
F408,2014,Services,895,2.67,0,8
F408,2015,Services,922,6.86,1,0
F408,2016,Services,949,9.45,0,1
F408,2017,Services,978,6.02,0,2
F408,2018,Services,1007,8.54,0,3
F408,2019,Services,1037,6.23,0,4
F408,2020,Services,1069,8.32,0,5
F408,2021,Services,1101,6.49,0,6
F408,2022,Services,1134,6.94,0,7
F408,2023,Services,1168,7.23,0,8
F408,2024,Services,1203,9.8,0,9
F408,2025,Services,1239,9.66,0,10
F409,2010,Materials,544,16.67,0,6
F409,2011,Materials,560,16.09,0,7
F409,2012,Materials,577,13.84,0,8
F409,2013,Materials,594,11.7,0,9
F409,2014,Materials,612,15.2,0,10
F409,2015,Materials,631,11.35,0,11
F409,2016,Materials,650,8.75,0,12
F409,2017,Materials,669,8.43,0,13
F409,2018,Materials,689,14.47,1,0
F409,2019,Materials,710,12.99,0,1
F409,2020,Materials,731,11.76,0,2
F409,2021,Materials,753,12.9,0,3
F409,2022,Materials,776,14.94,0,4
F409,2023,Materials,799,16.55,0,5
F409,2024,Materials,823,16.13,0,6
F409,2025,Materials,847,13.67,0,7
F410,2010,Tech,489,10.46,0,2
F410,2011,Tech,504,8.37,0,3
F410,2012,Tech,519,2.51,0,4
F410,2013,Tech,534,6.53,1,0
F410,2014,Tech,550,3.05,0,1
F410,2015,Tech,567,7.51,0,2
F410,2016,Tech,584,5.89,0,3
F410,2017,Tech,601,6.18,0,4
F410,2018,Tech,619,6.96,0,5
F410,2019,Tech,638,9.32,0,6
F410,2020,Tech,657,3.26,0,7
F410,2021,Tech,677,7.68,0,8
F410,2022,Tech,697,9.21,1,0
F410,2023,Tech,718,8.72,0,1
F410,2024,Tech,740,10.65,0,2
F410,2025,Tech,762,8.22,0,3
F411,2010,Services,598,4.23,0,2
F411,2011,Services,616,7.19,0,3
F411,2012,Services,635,6.67,0,4
F411,2013,Services,654,4.13,0,5
F411,2014,Services,673,-0.34,0,6
F411,2015,Services,693,7.25,1,0
F411,2016,Services,714,5.77,0,1
F411,2017,Services,736,7.03,0,2
F411,2018,Services,758,4.92,0,3
F411,2019,Services,780,7.08,0,4
F411,2020,Services,804,1.22,0,5
F411,2021,Services,828,1.85,1,0
F411,2022,Services,853,9.62,0,1
F411,2023,Services,878,4.73,0,2
F411,2024,Services,905,7.52,0,3
F411,2025,Services,932,6.13,0,4
F412,2010,Healthcare,399,0.33,0,4
F412,2011,Healthcare,411,0.22,0,5
F412,2012,Healthcare,424,2.04,0,6
F412,2013,Healthcare,436,-2.15,0,7
F412,2014,Healthcare,450,-5.75,1,0
F412,2015,Healthcare,463,-3.54,1,0
F412,2016,Healthcare,477,2.91,0,1
F412,2017,Healthcare,491,-5.13,0,2
F412,2018,Healthcare,506,-2.66,0,3
F412,2019,Healthcare,521,-1.23,0,4
F412,2020,Healthcare,537,-4.72,0,5
F412,2021,Healthcare,553,0.99,0,6
F412,2022,Healthcare,569,-2.85,0,7
F412,2023,Healthcare,587,-2.02,0,8
F412,2024,Healthcare,604,2.28,0,9
F412,2025,Healthcare,622,0.44,0,10
F413,2010,Tech,351,6.03,0,7
F413,2011,Tech,362,2.87,0,8
F413,2012,Tech,373,3.87,0,9
F413,2013,Tech,384,1.5,0,10
F413,2014,Tech,395,1.01,0,11
F413,2015,Tech,407,0.68,0,12
F413,2016,Tech,419,1.97,0,13
F413,2017,Tech,432,3.79,0,14
F413,2018,Tech,445,1.35,0,15
F413,2019,Tech,458,4.53,1,0
F413,2020,Tech,472,5.41,0,1
F413,2021,Tech,486,8.12,0,2
F413,2022,Tech,501,3.5,0,3
F413,2023,Tech,516,8.59,0,4
F413,2024,Tech,531,10.22,0,5
F413,2025,Tech,547,5.77,0,6
F414,2010,Services,265,8.97,0,6
F414,2011,Services,272,6.02,0,7
F414,2012,Services,281,10.13,0,8
F414,2013,Services,289,10.71,0,9
F414,2014,Services,298,6.37,0,10
F414,2015,Services,307,3.76,0,11
F414,2016,Services,316,0.47,0,12
F414,2017,Services,325,3.0,0,13
F414,2018,Services,335,2.74,0,14
F414,2019,Services,345,1.93,0,15
F414,2020,Services,355,-2.44,0,16
F414,2021,Services,366,6.48,1,0
F414,2022,Services,377,7.25,0,1
F414,2023,Services,388,4.61,0,2
F414,2024,Services,400,12.07,0,3
F414,2025,Services,412,5.18,0,4
F415,2010,Consumer,434,4.89,0,7
F415,2011,Consumer,447,5.28,0,8
F415,2012,Consumer,461,3.73,0,9
F415,2013,Consumer,475,3.14,0,10
F415,2014,Consumer,489,3.49,0,11
F415,2015,Consumer,503,5.41,0,12
F415,2016,Consumer,519,8.46,0,13
F415,2017,Consumer,534,3.57,0,14
F415,2018,Consumer,550,-0.16,0,15
F415,2019,Consumer,567,6.82,0,16
F415,2020,Consumer,584,1.66,0,17
F415,2021,Consumer,601,0.48,0,18
F415,2022,Consumer,619,-0.24,1,0
F415,2023,Consumer,638,2.99,0,1
F415,2024,Consumer,657,3.5,0,2
F415,2025,Consumer,677,5.95,0,3
F416,2010,Materials,464,7.69,0,1
F416,2011,Materials,478,8.25,0,2
F416,2012,Materials,492,8.63,0,3
F416,2013,Materials,507,8.79,0,4
F416,2014,Materials,522,8.4,0,5
F416,2015,Materials,538,2.82,0,6
F416,2016,Materials,554,10.59,0,7
F416,2017,Materials,570,7.97,0,8
F416,2018,Materials,587,9.25,0,9
F416,2019,Materials,605,8.26,0,10
F416,2020,Materials,623,8.45,0,11
F416,2021,Materials,642,4.47,0,12
F416,2022,Materials,661,11.62,0,13
F416,2023,Materials,681,10.61,0,14
F416,2024,Materials,701,11.64,0,15
F416,2025,Materials,722,8.32,0,16
F417,2010,Industrial,1112,10.98,0,2
F417,2011,Industrial,1146,7.1,0,3
F417,2012,Industrial,1180,6.58,0,4
F417,2013,Industrial,1215,9.42,0,5
F417,2014,Industrial,1252,13.12,0,6
F417,2015,Industrial,1289,8.47,0,7
F417,2016,Industrial,1328,6.67,1,0
F417,2017,Industrial,1368,10.17,0,1
F417,2018,Industrial,1409,11.4,1,0
F417,2019,Industrial,1451,10.74,0,1
F417,2020,Industrial,1495,5.16,0,2
F417,2021,Industrial,1539,2.25,0,3
F417,2022,Industrial,1586,7.68,1,0
F417,2023,Industrial,1633,7.82,0,1
F417,2024,Industrial,1682,8.19,0,2
F417,2025,Industrial,1733,6.22,0,3
F418,2010,Tech,412,2.62,0,4
F418,2011,Tech,424,3.21,0,5
F418,2012,Tech,437,5.48,0,6
F418,2013,Tech,450,-0.38,0,7
F418,2014,Tech,464,-0.04,0,8
F418,2015,Tech,478,1.86,0,9
F418,2016,Tech,492,2.86,0,10
F418,2017,Tech,507,3.07,0,11
F418,2018,Tech,522,3.78,0,12
F418,2019,Tech,538,4.54,0,13
F418,2020,Tech,554,3.97,0,14
F418,2021,Tech,570,1.33,0,15
F418,2022,Tech,587,-3.36,1,0
F418,2023,Tech,605,2.23,1,0
F418,2024,Tech,623,3.9,0,1
F418,2025,Tech,642,3.89,0,2
F419,2010,Services,538,10.79,0,4
F419,2011,Services,554,10.53,0,5
F419,2012,Services,571,7.97,0,6
F419,2013,Services,588,9.25,0,7
F419,2014,Services,606,3.78,0,8
F419,2015,Services,624,10.43,0,9
F419,2016,Services,643,6.93,0,10
F419,2017,Services,662,2.82,0,11
F419,2018,Services,682,8.78,0,12
F419,2019,Services,702,5.99,0,13
F419,2020,Services,723,11.49,0,14
F419,2021,Services,745,16.91,0,15
F419,2022,Services,767,15.37,0,16
F419,2023,Services,790,11.4,0,17
F419,2024,Services,814,12.95,0,18
F419,2025,Services,838,11.13,0,19
F420,2010,Materials,511,7.81,0,1
F420,2011,Materials,526,11.56,0,2
F420,2012,Materials,542,8.87,0,3
F420,2013,Materials,558,7.79,0,4
F420,2014,Materials,575,9.87,0,5
F420,2015,Materials,592,12.05,1,0
F420,2016,Materials,610,5.65,0,1
F420,2017,Materials,628,5.44,0,2
F420,2018,Materials,647,11.67,0,3
F420,2019,Materials,666,8.94,0,4
F420,2020,Materials,686,11.54,0,5
F420,2021,Materials,707,3.23,0,6
F420,2022,Materials,728,5.83,1,0
F420,2023,Materials,750,5.09,0,1
F420,2024,Materials,772,6.35,0,2
F420,2025,Materials,796,10.04,0,3
F421,2010,Industrial,462,9.43,0,1
F421,2011,Industrial,476,7.41,0,2
F421,2012,Industrial,490,6.22,0,3
F421,2013,Industrial,505,5.6,0,4
F421,2014,Industrial,520,7.85,0,5
F421,2015,Industrial,536,8.12,0,6
F421,2016,Industrial,552,-1.17,1,0
F421,2017,Industrial,568,6.59,1,0
F421,2018,Industrial,585,5.22,0,1
F421,2019,Industrial,603,4.38,0,2
F421,2020,Industrial,621,9.5,0,3
F421,2021,Industrial,640,5.97,0,4
F421,2022,Industrial,659,5.77,0,5
F421,2023,Industrial,679,5.7,0,6
F421,2024,Industrial,699,-0.43,0,7
F421,2025,Industrial,720,13.42,1,0
F422,2010,Consumer,713,8.07,0,2
F422,2011,Consumer,734,8.75,0,3
F422,2012,Consumer,756,7.2,0,4
F422,2013,Consumer,779,7.04,0,5
F422,2014,Consumer,802,9.77,0,6
F422,2015,Consumer,826,6.95,0,7
F422,2016,Consumer,851,6.99,0,8
F422,2017,Consumer,876,4.75,0,9
F422,2018,Consumer,903,3.37,0,10
F422,2019,Consumer,930,7.37,0,11
F422,2020,Consumer,958,13.76,0,12
F422,2021,Consumer,986,8.33,0,13
F422,2022,Consumer,1016,12.19,0,14
F422,2023,Consumer,1046,12.42,0,15
F422,2024,Consumer,1078,11.3,0,16
F422,2025,Consumer,1110,11.56,0,17
F423,2010,Materials,642,7.54,0,6
F423,2011,Materials,661,5.1,0,7
F423,2012,Materials,681,2.88,0,8
F423,2013,Materials,701,6.46,0,9
F423,2014,Materials,722,4.18,0,10
F423,2015,Materials,744,6.64,0,11
F423,2016,Materials,766,4.1,1,0
F423,2017,Materials,789,9.82,0,1
F423,2018,Materials,813,7.03,0,2
F423,2019,Materials,837,11.3,0,3
F423,2020,Materials,862,6.78,0,4
F423,2021,Materials,888,4.35,0,5
F423,2022,Materials,915,10.94,0,6
F423,2023,Materials,942,5.88,0,7
F423,2024,Materials,971,4.59,0,8
F423,2025,Materials,1000,3.53,0,9
F424,2010,Tech,245,2.27,0,6
F424,2011,Tech,253,2.1,0,7
F424,2012,Tech,260,3.84,0,8
F424,2013,Tech,268,2.55,0,9
F424,2014,Tech,276,2.13,0,10
F424,2015,Tech,284,1.7,0,11
F424,2016,Tech,293,3.61,0,12
F424,2017,Tech,302,1.71,0,13
F424,2018,Tech,311,-0.14,0,14
F424,2019,Tech,320,-0.75,0,15
F424,2020,Tech,330,3.94,0,16
F424,2021,Tech,340,2.0,0,17
F424,2022,Tech,350,-1.02,0,18
F424,2023,Tech,360,2.69,0,19
F424,2024,Tech,371,7.21,0,20
F424,2025,Tech,382,3.62,0,21
F425,2010,Consumer,530,6.76,0,4
F425,2011,Consumer,546,4.47,0,5
F425,2012,Consumer,562,8.9,0,6
F425,2013,Consumer,579,8.5,0,7
F425,2014,Consumer,596,9.9,0,8
F425,2015,Consumer,614,3.71,0,9
F425,2016,Consumer,633,1.79,0,10
F425,2017,Consumer,652,9.02,1,0
F425,2018,Consumer,671,11.62,0,1
F425,2019,Consumer,691,5.72,0,2
F425,2020,Consumer,712,7.39,0,3
F425,2021,Consumer,734,9.04,0,4
F425,2022,Consumer,756,8.76,0,5
F425,2023,Consumer,778,9.23,0,6
F425,2024,Consumer,802,12.44,0,7
F425,2025,Consumer,826,10.17,0,8
F426,2010,Tech,986,7.44,0,7
F426,2011,Tech,1016,3.85,1,0
F426,2012,Tech,1046,8.06,0,1
F426,2013,Tech,1078,8.8,0,2
F426,2014,Tech,1110,6.35,0,3
F426,2015,Tech,1144,3.27,0,4
F426,2016,Tech,1178,-0.17,0,5
F426,2017,Tech,1213,5.52,1,0
F426,2018,Tech,1250,4.8,0,1
F426,2019,Tech,1287,10.59,0,2
F426,2020,Tech,1326,6.9,0,3
F426,2021,Tech,1365,7.29,0,4
F426,2022,Tech,1406,5.04,0,5
F426,2023,Tech,1449,5.37,0,6
F426,2024,Tech,1492,4.47,0,7
F426,2025,Tech,1537,13.17,0,8
F427,2010,Healthcare,916,0.29,0,2
F427,2011,Healthcare,943,-0.66,0,3
F427,2012,Healthcare,971,0.73,0,4
F427,2013,Healthcare,1001,3.22,0,5
F427,2014,Healthcare,1031,1.16,0,6
F427,2015,Healthcare,1062,2.18,0,7
F427,2016,Healthcare,1093,1.54,0,8
F427,2017,Healthcare,1126,0.04,0,9
F427,2018,Healthcare,1160,3.95,0,10
F427,2019,Healthcare,1195,7.14,0,11
F427,2020,Healthcare,1231,4.81,1,0
F427,2021,Healthcare,1268,1.43,0,1
F427,2022,Healthcare,1306,-2.25,0,2
F427,2023,Healthcare,1345,0.68,0,3
F427,2024,Healthcare,1385,2.14,0,4
F427,2025,Healthcare,1427,1.12,0,5
F428,2010,Tech,466,15.29,0,0
F428,2011,Tech,480,14.14,0,1
F428,2012,Tech,494,11.31,0,2
F428,2013,Tech,509,15.83,0,3
F428,2014,Tech,524,13.47,0,4
F428,2015,Tech,540,14.78,0,5
F428,2016,Tech,556,10.78,0,6
F428,2017,Tech,573,12.86,0,7
F428,2018,Tech,590,14.1,1,0
F428,2019,Tech,608,13.51,0,1
F428,2020,Tech,626,13.69,0,2
F428,2021,Tech,645,10.9,0,3
F428,2022,Tech,664,12.79,0,4
F428,2023,Tech,684,11.35,0,5
F428,2024,Tech,705,9.83,0,6
F428,2025,Tech,726,10.17,0,7
F429,2010,Tech,459,9.25,0,0
F429,2011,Tech,473,9.63,0,1
F429,2012,Tech,487,10.07,0,2
F429,2013,Tech,502,12.54,0,3
F429,2014,Tech,517,7.57,0,4
F429,2015,Tech,532,8.06,0,5
F429,2016,Tech,548,7.11,0,6
F429,2017,Tech,565,10.63,0,7
F429,2018,Tech,582,9.3,0,8
F429,2019,Tech,599,11.06,0,9
F429,2020,Tech,617,5.96,0,10
F429,2021,Tech,636,10.03,0,11
F429,2022,Tech,655,9.92,0,12
F429,2023,Tech,675,10.27,0,13
F429,2024,Tech,695,6.55,0,14
F429,2025,Tech,716,9.09,0,15
F430,2010,Industrial,831,12.25,0,5
F430,2011,Industrial,856,9.73,0,6
F430,2012,Industrial,882,10.85,0,7
F430,2013,Industrial,908,6.63,0,8
F430,2014,Industrial,936,20.12,0,9
F430,2015,Industrial,964,14.82,0,10
F430,2016,Industrial,993,8.14,0,11
F430,2017,Industrial,1022,14.05,0,12
F430,2018,Industrial,1053,12.51,0,13
F430,2019,Industrial,1085,9.84,0,14
F430,2020,Industrial,1117,8.5,0,15
F430,2021,Industrial,1151,9.43,0,16
F430,2022,Industrial,1185,12.86,0,17
F430,2023,Industrial,1221,10.06,0,18
F430,2024,Industrial,1257,7.28,0,19
F430,2025,Industrial,1295,5.65,1,0
F431,2010,Consumer,827,9.31,0,5
F431,2011,Consumer,852,12.49,0,6
F431,2012,Consumer,877,8.25,0,7
F431,2013,Consumer,904,14.09,0,8
F431,2014,Consumer,931,5.7,0,9
F431,2015,Consumer,959,9.26,0,10
F431,2016,Consumer,987,6.72,1,0
F431,2017,Consumer,1017,3.01,0,1
F431,2018,Consumer,1048,3.0,1,0
F431,2019,Consumer,1079,7.71,0,1
F431,2020,Consumer,1111,7.9,0,2
F431,2021,Consumer,1145,7.03,0,3
F431,2022,Consumer,1179,11.98,0,4
F431,2023,Consumer,1214,10.86,0,5
F431,2024,Consumer,1251,10.63,1,0
F431,2025,Consumer,1288,4.69,0,1
F432,2010,Services,361,5.29,0,3
F432,2011,Services,372,4.4,0,4
F432,2012,Services,383,7.84,1,0
F432,2013,Services,395,6.83,0,1
F432,2014,Services,407,8.88,1,0
F432,2015,Services,419,9.76,0,1
F432,2016,Services,431,5.58,0,2
F432,2017,Services,444,8.6,0,3
F432,2018,Services,458,6.22,0,4
F432,2019,Services,471,6.83,0,5
F432,2020,Services,486,8.92,0,6
F432,2021,Services,500,5.34,0,7
F432,2022,Services,515,7.59,1,0
F432,2023,Services,531,9.87,0,1
F432,2024,Services,546,10.5,0,2
F432,2025,Services,563,10.22,0,3
F433,2010,Materials,409,8.5,0,0
F433,2011,Materials,421,11.75,0,1
F433,2012,Materials,434,1.02,0,2
F433,2013,Materials,447,-2.52,0,3
F433,2014,Materials,460,2.82,0,4
F433,2015,Materials,474,5.9,0,5
F433,2016,Materials,488,2.09,0,6
F433,2017,Materials,503,5.83,0,7
F433,2018,Materials,518,3.71,0,8
F433,2019,Materials,533,5.99,0,9
F433,2020,Materials,549,5.46,0,10
F433,2021,Materials,566,-0.81,0,11
F433,2022,Materials,583,7.33,0,12
F433,2023,Materials,600,4.43,0,13
F433,2024,Materials,618,1.25,0,14
F433,2025,Materials,637,3.7,0,15
F434,2010,Industrial,579,5.54,0,7
F434,2011,Industrial,596,10.7,0,8
F434,2012,Industrial,614,10.01,0,9
F434,2013,Industrial,632,5.83,0,10
F434,2014,Industrial,651,13.16,1,0
F434,2015,Industrial,671,6.54,0,1
F434,2016,Industrial,691,9.13,0,2
F434,2017,Industrial,712,8.52,0,3
F434,2018,Industrial,733,8.93,0,4
F434,2019,Industrial,755,12.7,0,5
F434,2020,Industrial,778,8.17,0,6
F434,2021,Industrial,801,10.19,0,7
F434,2022,Industrial,825,11.97,0,8
F434,2023,Industrial,850,1.75,0,9
F434,2024,Industrial,875,6.49,0,10
F434,2025,Industrial,902,9.82,0,11
F435,2010,Materials,310,3.45,0,0
F435,2011,Materials,319,6.06,0,1
F435,2012,Materials,329,-0.65,0,2
F435,2013,Materials,338,0.33,0,3
F435,2014,Materials,349,3.78,1,0
F435,2015,Materials,359,1.84,0,1
F435,2016,Materials,370,6.75,0,2
F435,2017,Materials,381,6.89,0,3
F435,2018,Materials,392,6.7,0,4
F435,2019,Materials,404,2.71,0,5
F435,2020,Materials,416,5.34,0,6
F435,2021,Materials,429,4.06,0,7
F435,2022,Materials,441,0.47,1,0
F435,2023,Materials,455,2.58,0,1
F435,2024,Materials,468,2.58,0,2
F435,2025,Materials,482,1.07,1,0
F436,2010,Materials,576,6.53,0,6
F436,2011,Materials,593,7.05,0,7
F436,2012,Materials,611,4.7,0,8
F436,2013,Materials,629,1.57,0,9
F436,2014,Materials,648,8.32,1,0
F436,2015,Materials,668,13.76,0,1
F436,2016,Materials,688,5.86,0,2
F436,2017,Materials,708,7.65,0,3
F436,2018,Materials,730,6.17,0,4
F436,2019,Materials,752,6.78,0,5
F436,2020,Materials,774,10.08,0,6
F436,2021,Materials,797,4.5,0,7
F436,2022,Materials,821,9.21,0,8
F436,2023,Materials,846,5.33,0,9
F436,2024,Materials,871,6.35,0,10
F436,2025,Materials,897,7.24,1,0
F437,2010,Materials,744,2.19,0,4
F437,2011,Materials,767,3.35,0,5
F437,2012,Materials,790,1.9,0,6
F437,2013,Materials,813,-2.51,0,7
F437,2014,Materials,838,4.31,0,8
F437,2015,Materials,863,2.62,0,9
F437,2016,Materials,889,2.46,0,10
F437,2017,Materials,915,5.56,0,11
F437,2018,Materials,943,5.55,0,12
F437,2019,Materials,971,-0.11,0,13
F437,2020,Materials,1000,2.86,1,0
F437,2021,Materials,1030,0.42,0,1
F437,2022,Materials,1061,-0.64,0,2
F437,2023,Materials,1093,4.81,0,3
F437,2024,Materials,1126,1.43,0,4
F437,2025,Materials,1159,4.07,0,5
F438,2010,Consumer,363,1.91,0,1
F438,2011,Consumer,373,6.93,0,2
F438,2012,Consumer,385,5.61,0,3
F438,2013,Consumer,396,11.81,0,4
F438,2014,Consumer,408,10.3,0,5
F438,2015,Consumer,420,7.35,0,6
F438,2016,Consumer,433,6.98,0,7
F438,2017,Consumer,446,5.96,0,8
F438,2018,Consumer,459,2.64,0,9
F438,2019,Consumer,473,3.55,0,10
F438,2020,Consumer,487,8.84,0,11
F438,2021,Consumer,502,5.37,0,12
F438,2022,Consumer,517,5.35,0,13
F438,2023,Consumer,532,6.69,0,14
F438,2024,Consumer,548,4.52,0,15
F438,2025,Consumer,565,7.82,0,16
F439,2010,Materials,493,-2.93,0,2
F439,2011,Materials,508,1.36,0,3
F439,2012,Materials,523,-0.02,0,4
F439,2013,Materials,539,-2.72,0,5
F439,2014,Materials,555,3.04,0,6
F439,2015,Materials,572,-2.58,1,0
F439,2016,Materials,589,-0.14,0,1
F439,2017,Materials,606,2.79,0,2
F439,2018,Materials,625,-3.49,0,3
F439,2019,Materials,643,3.62,0,4
F439,2020,Materials,663,4.26,0,5
F439,2021,Materials,682,4.39,0,6
F439,2022,Materials,703,2.67,0,7
F439,2023,Materials,724,5.4,0,8
F439,2024,Materials,746,-3.13,0,9
F439,2025,Materials,768,-0.08,1,0
F440,2010,Services,967,5.67,0,5
F440,2011,Services,996,7.52,0,6
F440,2012,Services,1026,6.66,0,7
F440,2013,Services,1056,8.8,0,8
F440,2014,Services,1088,7.0,0,9
F440,2015,Services,1121,13.3,0,10
F440,2016,Services,1154,8.31,0,11
F440,2017,Services,1189,5.13,0,12
F440,2018,Services,1225,5.46,0,13
F440,2019,Services,1261,10.62,1,0
F440,2020,Services,1299,6.87,0,1
F440,2021,Services,1338,11.08,0,2
F440,2022,Services,1378,11.02,0,3
F440,2023,Services,1420,7.48,0,4
F440,2024,Services,1462,11.37,0,5
F440,2025,Services,1506,14.86,0,6
F441,2010,Tech,506,1.87,0,7
F441,2011,Tech,521,6.25,0,8
F441,2012,Tech,537,3.68,0,9
F441,2013,Tech,553,1.82,0,10
F441,2014,Tech,570,2.32,0,11
F441,2015,Tech,587,6.85,1,0
F441,2016,Tech,604,5.35,0,1
F441,2017,Tech,622,0.51,0,2
F441,2018,Tech,641,5.36,0,3
F441,2019,Tech,660,4.83,0,4
F441,2020,Tech,680,9.84,0,5
F441,2021,Tech,700,6.9,0,6
F441,2022,Tech,722,3.32,0,7
F441,2023,Tech,743,5.32,1,0
F441,2024,Tech,765,2.44,0,1
F441,2025,Tech,788,1.52,0,2
F442,2010,Materials,554,5.21,0,7
F442,2011,Materials,570,8.54,0,8
F442,2012,Materials,587,4.0,0,9
F442,2013,Materials,605,3.37,0,10
F442,2014,Materials,623,8.16,1,0
F442,2015,Materials,642,9.61,0,1
F442,2016,Materials,661,9.21,0,2
F442,2017,Materials,681,9.74,0,3
F442,2018,Materials,701,10.14,0,4
F442,2019,Materials,722,5.0,0,5
F442,2020,Materials,744,6.09,1,0
F442,2021,Materials,766,2.09,0,1
F442,2022,Materials,789,5.69,0,2
F442,2023,Materials,813,2.46,0,3
F442,2024,Materials,837,3.07,0,4
F442,2025,Materials,862,6.14,0,5
F443,2010,Healthcare,378,4.15,0,5
F443,2011,Healthcare,389,3.03,0,6
F443,2012,Healthcare,401,4.93,0,7
F443,2013,Healthcare,413,3.61,0,8
F443,2014,Healthcare,425,2.92,0,9
F443,2015,Healthcare,438,3.21,0,10
F443,2016,Healthcare,451,3.76,0,11
F443,2017,Healthcare,464,6.35,0,12
F443,2018,Healthcare,478,9.41,0,13
F443,2019,Healthcare,493,10.49,0,14
F443,2020,Healthcare,508,6.57,0,15
F443,2021,Healthcare,523,6.51,0,16
F443,2022,Healthcare,538,6.6,0,17
F443,2023,Healthcare,555,11.41,0,18
F443,2024,Healthcare,571,9.48,0,19
F443,2025,Healthcare,588,4.52,1,0
F444,2010,Materials,791,3.55,0,2
F444,2011,Materials,815,5.52,0,3
F444,2012,Materials,839,7.71,0,4
F444,2013,Materials,864,11.25,0,5
F444,2014,Materials,890,9.59,1,0
F444,2015,Materials,917,8.21,0,1
F444,2016,Materials,944,9.17,0,2
F444,2017,Materials,973,7.0,0,3
F444,2018,Materials,1002,4.14,0,4
F444,2019,Materials,1032,5.12,0,5
F444,2020,Materials,1063,6.96,0,6
F444,2021,Materials,1095,7.59,0,7
F444,2022,Materials,1128,7.43,0,8
F444,2023,Materials,1161,6.05,0,9
F444,2024,Materials,1196,5.3,0,10
F444,2025,Materials,1232,10.93,0,11
F445,2010,Consumer,165,8.13,0,4
F445,2011,Consumer,170,3.78,0,5
F445,2012,Consumer,175,0.41,1,0
F445,2013,Consumer,180,8.5,0,1
F445,2014,Consumer,186,1.23,0,2
F445,2015,Consumer,191,5.45,1,0
F445,2016,Consumer,197,3.82,0,1
F445,2017,Consumer,203,7.72,0,2
F445,2018,Consumer,209,5.33,0,3
F445,2019,Consumer,215,5.02,0,4
F445,2020,Consumer,222,4.29,0,5
F445,2021,Consumer,228,-1.97,0,6
F445,2022,Consumer,235,-0.33,1,0
F445,2023,Consumer,242,1.3,0,1
F445,2024,Consumer,250,3.05,0,2
F445,2025,Consumer,257,1.53,0,3
F446,2010,Industrial,495,13.29,0,1
F446,2011,Industrial,510,7.76,0,2
F446,2012,Industrial,525,8.71,0,3
F446,2013,Industrial,541,12.17,0,4
F446,2014,Industrial,557,9.32,0,5
F446,2015,Industrial,574,8.15,0,6
F446,2016,Industrial,591,2.84,0,7
F446,2017,Industrial,609,5.29,0,8
F446,2018,Industrial,627,1.26,0,9
F446,2019,Industrial,646,5.25,0,10
F446,2020,Industrial,665,5.73,1,0
F446,2021,Industrial,685,3.91,0,1
F446,2022,Industrial,706,7.83,0,2
F446,2023,Industrial,727,2.82,0,3
F446,2024,Industrial,749,-0.4,0,4
F446,2025,Industrial,771,8.96,1,0
F447,2010,Tech,550,2.51,0,3
F447,2011,Tech,567,1.57,0,4
F447,2012,Tech,584,3.66,0,5
F447,2013,Tech,601,6.86,0,6
F447,2014,Tech,619,6.2,0,7
F447,2015,Tech,638,6.8,0,8
F447,2016,Tech,657,0.79,1,0
F447,2017,Tech,677,5.13,0,1
F447,2018,Tech,697,4.62,0,2
F447,2019,Tech,718,7.78,0,3
F447,2020,Tech,739,2.53,0,4
F447,2021,Tech,761,-2.01,0,5
F447,2022,Tech,784,0.57,0,6
F447,2023,Tech,808,6.74,0,7
F447,2024,Tech,832,2.71,0,8
F447,2025,Tech,857,4.64,0,9
F448,2010,Industrial,281,-1.4,0,1
F448,2011,Industrial,289,-8.7,0,2
F448,2012,Industrial,298,-3.94,1,0
F448,2013,Industrial,307,-3.44,0,1
F448,2014,Industrial,316,0.9,0,2
F448,2015,Industrial,326,-1.4,0,3
F448,2016,Industrial,335,-0.16,0,4
F448,2017,Industrial,345,-4.78,0,5
F448,2018,Industrial,356,-2.78,0,6
F448,2019,Industrial,366,-2.13,0,7
F448,2020,Industrial,377,-0.88,0,8
F448,2021,Industrial,389,1.77,0,9
F448,2022,Industrial,400,0.87,0,10
F448,2023,Industrial,412,1.3,1,0
F448,2024,Industrial,425,-5.35,0,1
F448,2025,Industrial,438,1.45,0,2
F449,2010,Services,432,8.93,0,1
F449,2011,Services,445,9.32,0,2
F449,2012,Services,458,7.69,0,3
F449,2013,Services,472,8.46,0,4
F449,2014,Services,486,2.25,0,5
F449,2015,Services,501,6.06,0,6
F449,2016,Services,516,8.94,0,7
F449,2017,Services,531,7.01,0,8
F449,2018,Services,547,7.26,0,9
F449,2019,Services,564,8.01,0,10
F449,2020,Services,581,7.48,0,11
F449,2021,Services,598,6.63,0,12
F449,2022,Services,616,10.77,0,13
F449,2023,Services,635,13.13,0,14
F449,2024,Services,654,4.48,0,15
F449,2025,Services,673,4.16,1,0
F450,2010,Consumer,379,7.8,0,1
F450,2011,Consumer,390,8.46,0,2
F450,2012,Consumer,402,5.84,0,3
F450,2013,Consumer,414,9.7,0,4
F450,2014,Consumer,426,9.09,0,5
F450,2015,Consumer,439,11.11,0,6
F450,2016,Consumer,452,7.57,0,7
F450,2017,Consumer,466,10.51,0,8
F450,2018,Consumer,480,8.79,0,9
F450,2019,Consumer,494,3.16,0,10
F450,2020,Consumer,509,8.16,0,11
F450,2021,Consumer,524,4.49,0,12
F450,2022,Consumer,540,8.77,0,13
F450,2023,Consumer,556,5.98,0,14
F450,2024,Consumer,573,6.43,0,15
F450,2025,Consumer,590,6.84,0,16
F451,2010,Services,751,3.57,0,7
F451,2011,Services,774,1.0,0,8
F451,2012,Services,797,0.91,0,9
F451,2013,Services,821,1.27,0,10
F451,2014,Services,846,1.72,0,11
F451,2015,Services,871,1.33,0,12
F451,2016,Services,897,-0.07,0,13
F451,2017,Services,924,2.7,0,14
F451,2018,Services,952,-2.31,0,15
F451,2019,Services,980,0.72,0,16
F451,2020,Services,1010,4.11,0,17
F451,2021,Services,1040,-0.26,0,18
F451,2022,Services,1071,-1.64,0,19
F451,2023,Services,1104,0.92,0,20
F451,2024,Services,1137,0.69,0,21
F451,2025,Services,1171,2.9,1,0
F452,2010,Tech,406,5.0,0,6
F452,2011,Tech,419,3.54,0,7
F452,2012,Tech,431,6.79,0,8
F452,2013,Tech,444,7.29,0,9
F452,2014,Tech,457,4.04,0,10
F452,2015,Tech,471,1.39,1,0
F452,2016,Tech,485,7.43,1,0
F452,2017,Tech,500,6.57,0,1
F452,2018,Tech,515,6.68,0,2
F452,2019,Tech,530,3.6,0,3
F452,2020,Tech,546,4.45,0,4
F452,2021,Tech,563,-0.1,0,5
F452,2022,Tech,579,2.91,1,0
F452,2023,Tech,597,8.12,0,1
F452,2024,Tech,615,6.78,0,2
F452,2025,Tech,633,7.47,0,3
F453,2010,Consumer,699,2.21,0,7
F453,2011,Consumer,720,3.07,0,8
F453,2012,Consumer,741,8.85,1,0
F453,2013,Consumer,764,10.97,0,1
F453,2014,Consumer,787,8.87,0,2
F453,2015,Consumer,810,6.29,0,3
F453,2016,Consumer,834,8.65,0,4
F453,2017,Consumer,859,10.74,0,5
F453,2018,Consumer,885,7.11,0,6
F453,2019,Consumer,912,13.07,0,7
F453,2020,Consumer,939,11.48,0,8
F453,2021,Consumer,967,5.68,1,0
F453,2022,Consumer,996,8.05,0,1
F453,2023,Consumer,1026,7.74,0,2
F453,2024,Consumer,1057,6.97,0,3
F453,2025,Consumer,1089,9.55,0,4
F454,2010,Consumer,600,3.13,0,7
F454,2011,Consumer,618,4.1,1,0
F454,2012,Consumer,636,4.76,0,1
F454,2013,Consumer,655,9.62,0,2
F454,2014,Consumer,675,6.42,0,3
F454,2015,Consumer,695,12.32,0,4
F454,2016,Consumer,716,6.72,0,5
F454,2017,Consumer,738,7.02,0,6
F454,2018,Consumer,760,7.38,0,7
F454,2019,Consumer,783,9.16,0,8
F454,2020,Consumer,806,7.52,0,9
F454,2021,Consumer,830,6.58,0,10
F454,2022,Consumer,855,10.29,0,11
F454,2023,Consumer,881,6.45,0,12
F454,2024,Consumer,907,9.36,0,13
F454,2025,Consumer,934,7.57,0,14
F455,2010,Healthcare,752,8.6,0,5
F455,2011,Healthcare,775,2.99,0,6
F455,2012,Healthcare,798,8.33,0,7
F455,2013,Healthcare,822,6.08,0,8
F455,2014,Healthcare,847,9.52,0,9
F455,2015,Healthcare,872,11.74,0,10
F455,2016,Healthcare,898,7.79,0,11
F455,2017,Healthcare,925,7.38,0,12
F455,2018,Healthcare,953,11.49,0,13
F455,2019,Healthcare,981,5.15,0,14
F455,2020,Healthcare,1011,3.49,0,15
F455,2021,Healthcare,1041,4.64,0,16
F455,2022,Healthcare,1072,2.5,1,0
F455,2023,Healthcare,1105,4.77,1,0
F455,2024,Healthcare,1138,7.5,0,1
F455,2025,Healthcare,1172,1.33,0,2
F456,2010,Consumer,862,6.02,0,3
F456,2011,Consumer,888,8.68,0,4
F456,2012,Consumer,915,8.27,0,5
F456,2013,Consumer,942,10.22,1,0
F456,2014,Consumer,970,10.46,0,1
F456,2015,Consumer,999,7.45,0,2
F456,2016,Consumer,1029,5.14,0,3
F456,2017,Consumer,1060,7.74,0,4
F456,2018,Consumer,1092,3.17,0,5
F456,2019,Consumer,1125,8.18,1,0
F456,2020,Consumer,1159,11.2,0,1
F456,2021,Consumer,1193,3.61,0,2
F456,2022,Consumer,1229,11.36,0,3
F456,2023,Consumer,1266,5.23,0,4
F456,2024,Consumer,1304,7.85,0,5
F456,2025,Consumer,1343,6.51,0,6
F457,2010,Healthcare,548,7.75,0,1
F457,2011,Healthcare,564,5.25,0,2
F457,2012,Healthcare,581,10.66,0,3
F457,2013,Healthcare,598,2.92,0,4
F457,2014,Healthcare,616,6.7,0,5
F457,2015,Healthcare,635,7.65,0,6
F457,2016,Healthcare,654,5.18,0,7
F457,2017,Healthcare,674,4.41,0,8
F457,2018,Healthcare,694,3.9,0,9
F457,2019,Healthcare,715,3.83,0,10
F457,2020,Healthcare,736,3.33,0,11
F457,2021,Healthcare,758,3.79,0,12
F457,2022,Healthcare,781,6.89,0,13
F457,2023,Healthcare,804,2.83,0,14
F457,2024,Healthcare,828,-2.42,1,0
F457,2025,Healthcare,853,2.22,1,0
F458,2010,Tech,462,7.53,0,4
F458,2011,Tech,476,10.81,0,5
F458,2012,Tech,490,8.83,0,6
F458,2013,Tech,504,5.84,0,7
F458,2014,Tech,520,8.73,0,8
F458,2015,Tech,535,7.71,0,9
F458,2016,Tech,551,2.54,0,10
F458,2017,Tech,568,7.6,1,0
F458,2018,Tech,585,13.33,0,1
F458,2019,Tech,602,10.39,0,2
F458,2020,Tech,620,5.41,0,3
F458,2021,Tech,639,4.88,0,4
F458,2022,Tech,658,4.45,0,5
F458,2023,Tech,678,7.04,0,6
F458,2024,Tech,698,6.37,0,7
F458,2025,Tech,719,6.83,0,8
F459,2010,Materials,641,6.16,0,6
F459,2011,Materials,660,7.75,0,7
F459,2012,Materials,680,3.71,0,8
F459,2013,Materials,701,5.28,0,9
F459,2014,Materials,722,10.35,0,10
F459,2015,Materials,743,7.24,0,11
F459,2016,Materials,766,9.1,0,12
F459,2017,Materials,789,3.91,0,13
F459,2018,Materials,812,3.96,0,14
F459,2019,Materials,837,3.71,0,15
F459,2020,Materials,862,7.99,0,16
F459,2021,Materials,888,2.24,0,17
F459,2022,Materials,914,7.16,1,0
F459,2023,Materials,942,12.08,0,1
F459,2024,Materials,970,5.39,0,2
F459,2025,Materials,999,5.69,0,3
F460,2010,Consumer,513,1.97,0,3
F460,2011,Consumer,528,4.36,0,4
F460,2012,Consumer,544,3.38,0,5
F460,2013,Consumer,561,1.97,0,6
F460,2014,Consumer,577,7.07,0,7
F460,2015,Consumer,595,3.71,0,8
F460,2016,Consumer,613,-1.12,0,9
F460,2017,Consumer,631,8.11,0,10
F460,2018,Consumer,650,9.76,0,11
F460,2019,Consumer,669,7.97,0,12
F460,2020,Consumer,690,6.02,0,13
F460,2021,Consumer,710,-2.16,1,0
F460,2022,Consumer,732,-2.23,1,0
F460,2023,Consumer,753,1.23,0,1
F460,2024,Consumer,776,0.93,0,2
F460,2025,Consumer,799,0.11,0,3
F461,2010,Healthcare,799,5.76,0,2
F461,2011,Healthcare,823,6.87,0,3
F461,2012,Healthcare,848,3.99,1,0
F461,2013,Healthcare,874,2.59,0,1
F461,2014,Healthcare,900,6.07,0,2
F461,2015,Healthcare,927,7.34,0,3
F461,2016,Healthcare,955,1.04,0,4
F461,2017,Healthcare,983,3.9,0,5
F461,2018,Healthcare,1013,4.69,1,0
F461,2019,Healthcare,1043,5.04,1,0
F461,2020,Healthcare,1074,5.4,0,1
F461,2021,Healthcare,1107,2.78,0,2
F461,2022,Healthcare,1140,8.29,1,0
F461,2023,Healthcare,1174,3.95,0,1
F461,2024,Healthcare,1209,7.18,0,2
F461,2025,Healthcare,1246,5.39,0,3
F462,2010,Industrial,613,7.33,0,2
F462,2011,Industrial,632,4.09,0,3
F462,2012,Industrial,651,3.2,0,4
F462,2013,Industrial,670,5.03,0,5
F462,2014,Industrial,690,7.58,0,6
F462,2015,Industrial,711,4.74,0,7
F462,2016,Industrial,732,5.63,0,8
F462,2017,Industrial,754,3.02,0,9
F462,2018,Industrial,777,4.27,0,10
F462,2019,Industrial,800,7.0,0,11
F462,2020,Industrial,824,8.19,0,12
F462,2021,Industrial,849,6.32,0,13
F462,2022,Industrial,874,8.64,0,14
F462,2023,Industrial,900,8.5,0,15
F462,2024,Industrial,927,6.26,1,0
F462,2025,Industrial,955,5.55,0,1
F463,2010,Tech,405,4.64,0,2
F463,2011,Tech,418,8.82,0,3
F463,2012,Tech,430,4.31,0,4
F463,2013,Tech,443,2.19,0,5
F463,2014,Tech,456,5.44,1,0
F463,2015,Tech,470,3.55,0,1
F463,2016,Tech,484,-1.23,0,2
F463,2017,Tech,499,2.82,1,0
F463,2018,Tech,514,4.81,0,1
F463,2019,Tech,529,8.22,0,2
F463,2020,Tech,545,6.48,0,3
F463,2021,Tech,561,0.75,0,4
F463,2022,Tech,578,3.02,0,5
F463,2023,Tech,595,5.62,0,6
F463,2024,Tech,613,5.23,0,7
F463,2025,Tech,632,-0.69,0,8
F464,2010,Consumer,624,8.26,0,3
F464,2011,Consumer,643,16.53,0,4
F464,2012,Consumer,662,7.99,0,5
F464,2013,Consumer,682,6.42,0,6
F464,2014,Consumer,703,4.38,0,7
F464,2015,Consumer,724,7.36,0,8
F464,2016,Consumer,745,6.14,0,9
F464,2017,Consumer,768,7.22,0,10
F464,2018,Consumer,791,7.79,0,11
F464,2019,Consumer,814,6.43,0,12
F464,2020,Consumer,839,7.73,0,13
F464,2021,Consumer,864,2.37,0,14
F464,2022,Consumer,890,8.8,0,15
F464,2023,Consumer,917,9.99,1,0
F464,2024,Consumer,944,9.1,0,1
F464,2025,Consumer,972,9.8,0,2
F465,2010,Materials,324,3.84,0,1
F465,2011,Materials,334,7.41,0,2
F465,2012,Materials,344,4.3,0,3
F465,2013,Materials,354,2.1,0,4
F465,2014,Materials,365,1.82,1,0
F465,2015,Materials,376,4.61,0,1
F465,2016,Materials,387,6.8,0,2
F465,2017,Materials,399,7.66,0,3
F465,2018,Materials,411,2.12,0,4
F465,2019,Materials,423,-0.83,0,5
F465,2020,Materials,436,2.56,1,0
F465,2021,Materials,449,2.52,0,1
F465,2022,Materials,462,1.51,0,2
F465,2023,Materials,476,5.99,1,0
F465,2024,Materials,491,2.1,0,1
F465,2025,Materials,505,4.99,0,2
F466,2010,Industrial,415,1.61,0,6
F466,2011,Industrial,427,0.37,1,0
F466,2012,Industrial,440,-0.39,0,1
F466,2013,Industrial,453,3.36,1,0
F466,2014,Industrial,467,3.3,0,1
F466,2015,Industrial,481,0.16,0,2
F466,2016,Industrial,495,0.64,1,0
F466,2017,Industrial,510,2.69,0,1
F466,2018,Industrial,525,6.94,0,2
F466,2019,Industrial,541,2.7,0,3
F466,2020,Industrial,557,2.02,0,4
F466,2021,Industrial,574,2.09,0,5
F466,2022,Industrial,591,5.02,0,6
F466,2023,Industrial,609,4.99,0,7
F466,2024,Industrial,627,2.63,0,8
F466,2025,Industrial,646,3.36,0,9
F467,2010,Tech,552,13.59,0,3
F467,2011,Tech,569,8.33,0,4
F467,2012,Tech,586,3.4,0,5
F467,2013,Tech,603,9.48,0,6
F467,2014,Tech,621,5.26,0,7
F467,2015,Tech,640,11.12,0,8
F467,2016,Tech,659,5.86,0,9
F467,2017,Tech,679,11.76,0,10
F467,2018,Tech,699,10.0,0,11
F467,2019,Tech,720,11.7,0,12
F467,2020,Tech,742,9.45,0,13
F467,2021,Tech,764,10.42,0,14
F467,2022,Tech,787,6.4,0,15
F467,2023,Tech,811,11.03,0,16
F467,2024,Tech,835,11.67,0,17
F467,2025,Tech,860,14.37,0,18
F468,2010,Consumer,490,5.97,0,7
F468,2011,Consumer,505,10.18,0,8
F468,2012,Consumer,520,5.23,0,9
F468,2013,Consumer,535,7.0,0,10
F468,2014,Consumer,551,4.85,0,11
F468,2015,Consumer,568,1.91,0,12
F468,2016,Consumer,585,-0.18,0,13
F468,2017,Consumer,602,4.71,0,14
F468,2018,Consumer,621,4.04,0,15
F468,2019,Consumer,639,8.09,0,16
F468,2020,Consumer,658,9.12,0,17
F468,2021,Consumer,678,6.11,1,0
F468,2022,Consumer,698,8.68,0,1
F468,2023,Consumer,719,8.9,0,2
F468,2024,Consumer,741,10.54,0,3
F468,2025,Consumer,763,6.33,0,4
F469,2010,Industrial,695,7.62,0,7
F469,2011,Industrial,716,3.26,0,8
F469,2012,Industrial,738,4.05,1,0
F469,2013,Industrial,760,5.63,0,1
F469,2014,Industrial,783,10.98,0,2
F469,2015,Industrial,806,10.01,0,3
F469,2016,Industrial,830,7.42,0,4
F469,2017,Industrial,855,11.52,0,5
F469,2018,Industrial,881,11.47,0,6
F469,2019,Industrial,907,11.71,0,7
F469,2020,Industrial,935,8.06,0,8
F469,2021,Industrial,963,7.8,0,9
F469,2022,Industrial,992,8.33,0,10
F469,2023,Industrial,1021,5.13,0,11
F469,2024,Industrial,1052,3.67,0,12
F469,2025,Industrial,1083,11.47,1,0
F470,2010,Healthcare,467,1.14,0,6
F470,2011,Healthcare,481,0.08,0,7
F470,2012,Healthcare,495,2.97,1,0
F470,2013,Healthcare,510,1.23,0,1
F470,2014,Healthcare,525,7.0,0,2
F470,2015,Healthcare,541,6.93,0,3
F470,2016,Healthcare,557,7.36,0,4
F470,2017,Healthcare,574,9.58,0,5
F470,2018,Healthcare,591,5.67,0,6
F470,2019,Healthcare,609,2.47,0,7
F470,2020,Healthcare,627,2.47,0,8
F470,2021,Healthcare,646,3.5,1,0
F470,2022,Healthcare,665,4.05,0,1
F470,2023,Healthcare,685,7.08,0,2
F470,2024,Healthcare,706,6.24,0,3
F470,2025,Healthcare,727,9.35,0,4
F471,2010,Consumer,332,-0.23,0,3
F471,2011,Consumer,342,-0.31,0,4
F471,2012,Consumer,352,-1.92,0,5
F471,2013,Consumer,362,2.45,0,6
F471,2014,Consumer,373,1.99,0,7
F471,2015,Consumer,384,4.35,0,8
F471,2016,Consumer,396,1.77,0,9
F471,2017,Consumer,408,1.24,0,10
F471,2018,Consumer,420,2.06,0,11
F471,2019,Consumer,433,-1.47,0,12
F471,2020,Consumer,446,0.24,0,13
F471,2021,Consumer,459,-1.61,0,14
F471,2022,Consumer,473,1.93,0,15
F471,2023,Consumer,487,3.89,0,16
F471,2024,Consumer,502,5.07,0,17
F471,2025,Consumer,517,1.31,0,18
F472,2010,Healthcare,336,8.14,0,7
F472,2011,Healthcare,346,3.33,0,8
F472,2012,Healthcare,357,2.01,0,9
F472,2013,Healthcare,367,0.65,0,10
F472,2014,Healthcare,378,4.95,1,0
F472,2015,Healthcare,390,9.9,1,0
F472,2016,Healthcare,401,7.4,0,1
F472,2017,Healthcare,413,7.89,0,2
F472,2018,Healthcare,426,5.89,0,3
F472,2019,Healthcare,439,8.52,0,4
F472,2020,Healthcare,452,8.3,0,5
F472,2021,Healthcare,465,2.83,0,6
F472,2022,Healthcare,479,3.22,1,0
F472,2023,Healthcare,494,-1.2,0,1
F472,2024,Healthcare,508,7.0,1,0
F472,2025,Healthcare,524,7.88,0,1
F473,2010,Tech,217,5.54,0,4
F473,2011,Tech,223,11.2,0,5
F473,2012,Tech,230,8.38,0,6
F473,2013,Tech,237,5.57,0,7
F473,2014,Tech,244,7.91,0,8
F473,2015,Tech,251,9.86,0,9
F473,2016,Tech,259,5.03,0,10
F473,2017,Tech,266,6.13,0,11
F473,2018,Tech,274,9.58,0,12
F473,2019,Tech,283,7.67,0,13
F473,2020,Tech,291,5.48,0,14
F473,2021,Tech,300,5.01,0,15
F473,2022,Tech,309,6.16,0,16
F473,2023,Tech,318,-0.21,1,0
F473,2024,Tech,328,1.72,1,0
F473,2025,Tech,338,-1.06,0,1
F474,2010,Consumer,1097,1.55,0,7
F474,2011,Consumer,1130,3.4,0,8
F474,2012,Consumer,1163,5.04,1,0
F474,2013,Consumer,1198,10.58,0,1
F474,2014,Consumer,1234,1.19,0,2
F474,2015,Consumer,1271,6.18,0,3
F474,2016,Consumer,1309,5.18,0,4
F474,2017,Consumer,1349,1.06,0,5
F474,2018,Consumer,1389,5.57,1,0
F474,2019,Consumer,1431,3.71,0,1
F474,2020,Consumer,1474,5.1,0,2
F474,2021,Consumer,1518,2.36,0,3
F474,2022,Consumer,1564,6.73,0,4
F474,2023,Consumer,1610,7.58,0,5
F474,2024,Consumer,1659,6.74,0,6
F474,2025,Consumer,1708,4.01,0,7
F475,2010,Materials,694,14.31,0,0
F475,2011,Materials,715,15.81,0,1
F475,2012,Materials,736,13.22,0,2
F475,2013,Materials,758,7.73,0,3
F475,2014,Materials,781,15.36,0,4
F475,2015,Materials,804,16.12,0,5
F475,2016,Materials,829,12.4,0,6
F475,2017,Materials,853,14.06,0,7
F475,2018,Materials,879,15.12,0,8
F475,2019,Materials,905,12.78,0,9
F475,2020,Materials,933,12.55,0,10
F475,2021,Materials,961,13.71,0,11
F475,2022,Materials,989,14.67,0,12
F475,2023,Materials,1019,10.31,0,13
F475,2024,Materials,1050,14.5,0,14
F475,2025,Materials,1081,11.77,0,15
F476,2010,Healthcare,477,8.86,0,4
F476,2011,Healthcare,491,13.1,0,5
F476,2012,Healthcare,506,5.58,1,0
F476,2013,Healthcare,521,11.59,0,1
F476,2014,Healthcare,537,7.42,0,2
F476,2015,Healthcare,553,5.21,0,3
F476,2016,Healthcare,569,6.64,0,4
F476,2017,Healthcare,586,5.08,0,5
F476,2018,Healthcare,604,8.24,0,6
F476,2019,Healthcare,622,10.79,1,0
F476,2020,Healthcare,641,6.67,0,1
F476,2021,Healthcare,660,6.66,0,2
F476,2022,Healthcare,680,3.47,0,3
F476,2023,Healthcare,700,3.91,1,0
F476,2024,Healthcare,721,3.94,0,1
F476,2025,Healthcare,743,1.94,0,2
F477,2010,Industrial,199,4.44,0,5
F477,2011,Industrial,205,8.91,0,6
F477,2012,Industrial,211,6.46,0,7
F477,2013,Industrial,217,5.67,0,8
F477,2014,Industrial,224,6.86,0,9
F477,2015,Industrial,231,7.65,0,10
F477,2016,Industrial,238,9.37,0,11
F477,2017,Industrial,245,8.53,0,12
F477,2018,Industrial,252,8.28,0,13
F477,2019,Industrial,260,8.05,0,14
F477,2020,Industrial,267,8.19,0,15
F477,2021,Industrial,275,12.1,0,16
F477,2022,Industrial,284,10.09,0,17
F477,2023,Industrial,292,10.86,0,18
F477,2024,Industrial,301,5.73,0,19
F477,2025,Industrial,310,4.83,0,20
F478,2010,Industrial,560,6.3,0,3
F478,2011,Industrial,576,4.4,0,4
F478,2012,Industrial,594,7.34,0,5
F478,2013,Industrial,612,4.03,0,6
F478,2014,Industrial,630,7.66,0,7
F478,2015,Industrial,649,4.49,0,8
F478,2016,Industrial,668,5.15,1,0
F478,2017,Industrial,688,8.34,0,1
F478,2018,Industrial,709,8.46,0,2
F478,2019,Industrial,730,4.75,0,3
F478,2020,Industrial,752,8.5,1,0
F478,2021,Industrial,775,10.87,0,1
F478,2022,Industrial,798,9.63,0,2
F478,2023,Industrial,822,7.88,0,3
F478,2024,Industrial,846,4.51,0,4
F478,2025,Industrial,872,3.95,0,5
F479,2010,Tech,541,8.7,0,2
F479,2011,Tech,557,11.57,0,3
F479,2012,Tech,574,10.35,0,4
F479,2013,Tech,591,8.56,1,0
F479,2014,Tech,609,9.44,0,1
F479,2015,Tech,627,14.73,0,2
F479,2016,Tech,646,7.11,0,3
F479,2017,Tech,665,12.5,0,4
F479,2018,Tech,685,9.94,0,5
F479,2019,Tech,706,7.72,1,0
F479,2020,Tech,727,9.38,0,1
F479,2021,Tech,749,6.7,0,2
F479,2022,Tech,771,7.95,0,3
F479,2023,Tech,794,6.11,0,4
F479,2024,Tech,818,5.93,0,5
F479,2025,Tech,843,4.57,0,6
F480,2010,Industrial,369,4.25,0,2
F480,2011,Industrial,380,-0.01,0,3
F480,2012,Industrial,391,4.87,0,4
F480,2013,Industrial,403,5.47,0,5
F480,2014,Industrial,415,2.66,0,6
F480,2015,Industrial,427,3.33,0,7
F480,2016,Industrial,440,0.51,0,8
F480,2017,Industrial,453,5.19,0,9
F480,2018,Industrial,467,1.04,1,0
F480,2019,Industrial,481,0.89,0,1
F480,2020,Industrial,495,5.28,1,0
F480,2021,Industrial,510,3.62,0,1
F480,2022,Industrial,526,6.48,1,0
F480,2023,Industrial,541,-2.96,0,1
F480,2024,Industrial,558,2.65,0,2
F480,2025,Industrial,574,6.47,0,3
F481,2010,Services,548,6.14,0,6
F481,2011,Services,564,6.98,0,7
F481,2012,Services,581,3.39,0,8
F481,2013,Services,599,6.89,0,9
F481,2014,Services,617,2.93,0,10
F481,2015,Services,635,2.6,0,11
F481,2016,Services,654,6.92,0,12
F481,2017,Services,674,7.92,0,13
F481,2018,Services,694,6.28,0,14
F481,2019,Services,715,3.69,0,15
F481,2020,Services,736,3.3,0,16
F481,2021,Services,759,7.56,0,17
F481,2022,Services,781,12.24,0,18
F481,2023,Services,805,11.35,0,19
F481,2024,Services,829,4.99,0,20
F481,2025,Services,854,7.78,0,21
F482,2010,Tech,852,4.47,0,2
F482,2011,Tech,878,2.86,0,3
F482,2012,Tech,904,-3.27,0,4
F482,2013,Tech,932,4.67,1,0
F482,2014,Tech,959,3.38,0,1
F482,2015,Tech,988,5.8,0,2
F482,2016,Tech,1018,-0.05,0,3
F482,2017,Tech,1048,5.2,0,4
F482,2018,Tech,1080,5.39,0,5
F482,2019,Tech,1112,8.06,0,6
F482,2020,Tech,1146,6.2,0,7
F482,2021,Tech,1180,7.64,0,8
F482,2022,Tech,1215,6.3,0,9
F482,2023,Tech,1252,9.43,0,10
F482,2024,Tech,1289,5.24,0,11
F482,2025,Tech,1328,1.98,0,12
F483,2010,Services,846,7.01,0,1
F483,2011,Services,872,4.93,0,2
F483,2012,Services,898,4.27,0,3
F483,2013,Services,925,7.65,0,4
F483,2014,Services,952,5.42,0,5
F483,2015,Services,981,5.48,0,6
F483,2016,Services,1010,7.29,0,7
F483,2017,Services,1041,5.9,0,8
F483,2018,Services,1072,7.31,0,9
F483,2019,Services,1104,2.58,0,10
F483,2020,Services,1137,4.23,1,0
F483,2021,Services,1171,3.44,0,1
F483,2022,Services,1207,4.49,1,0
F483,2023,Services,1243,5.34,0,1
F483,2024,Services,1280,12.11,0,2
F483,2025,Services,1318,9.69,0,3
F484,2010,Tech,308,5.79,0,0
F484,2011,Tech,317,4.67,0,1
F484,2012,Tech,326,8.62,0,2
F484,2013,Tech,336,10.71,0,3
F484,2014,Tech,346,6.23,0,4
F484,2015,Tech,357,5.83,0,5
F484,2016,Tech,367,1.21,1,0
F484,2017,Tech,378,5.78,0,1
F484,2018,Tech,390,5.35,0,2
F484,2019,Tech,401,6.22,0,3
F484,2020,Tech,413,5.27,0,4
F484,2021,Tech,426,7.5,0,5
F484,2022,Tech,439,1.61,0,6
F484,2023,Tech,452,4.19,0,7
F484,2024,Tech,465,6.98,0,8
F484,2025,Tech,479,4.14,0,9
F485,2010,Materials,404,1.59,0,1
F485,2011,Materials,416,6.1,0,2
F485,2012,Materials,429,-2.37,0,3
F485,2013,Materials,442,-1.23,0,4
F485,2014,Materials,455,2.33,0,5
F485,2015,Materials,469,7.54,0,6
F485,2016,Materials,483,5.04,0,7
F485,2017,Materials,497,5.63,1,0
F485,2018,Materials,512,1.66,0,1
F485,2019,Materials,527,-1.28,0,2
F485,2020,Materials,543,3.84,1,0
F485,2021,Materials,559,1.87,0,1
F485,2022,Materials,576,6.25,0,2
F485,2023,Materials,594,0.32,0,3
F485,2024,Materials,611,-0.33,0,4
F485,2025,Materials,630,2.98,1,0
F486,2010,Materials,465,11.02,0,6
F486,2011,Materials,479,12.8,0,7
F486,2012,Materials,494,7.4,0,8
F486,2013,Materials,509,5.21,0,9
F486,2014,Materials,524,14.45,0,10
F486,2015,Materials,540,13.28,0,11
F486,2016,Materials,556,14.19,0,12
F486,2017,Materials,572,14.9,0,13
F486,2018,Materials,590,7.07,0,14
F486,2019,Materials,607,8.57,0,15
F486,2020,Materials,626,9.97,0,16
F486,2021,Materials,644,10.32,0,17
F486,2022,Materials,664,14.3,0,18
F486,2023,Materials,684,12.65,0,19
F486,2024,Materials,704,9.94,0,20
F486,2025,Materials,725,9.63,0,21
F487,2010,Industrial,264,2.2,0,5
F487,2011,Industrial,272,0.8,0,6
F487,2012,Industrial,280,7.85,0,7
F487,2013,Industrial,288,4.37,0,8
F487,2014,Industrial,297,4.23,0,9
F487,2015,Industrial,306,5.67,0,10
F487,2016,Industrial,315,1.18,0,11
F487,2017,Industrial,325,6.43,1,0
F487,2018,Industrial,334,5.03,0,1
F487,2019,Industrial,344,6.64,0,2
F487,2020,Industrial,355,5.72,0,3
F487,2021,Industrial,365,5.97,0,4
F487,2022,Industrial,376,5.41,0,5
F487,2023,Industrial,388,3.73,0,6
F487,2024,Industrial,399,4.99,0,7
F487,2025,Industrial,411,4.88,0,8
F488,2010,Materials,479,4.82,0,4
F488,2011,Materials,493,12.58,0,5
F488,2012,Materials,508,5.64,0,6
F488,2013,Materials,523,5.38,0,7
F488,2014,Materials,539,6.47,0,8
F488,2015,Materials,555,3.48,0,9
F488,2016,Materials,571,8.17,0,10
F488,2017,Materials,589,6.66,0,11
F488,2018,Materials,606,3.89,0,12
F488,2019,Materials,624,4.63,0,13
F488,2020,Materials,643,3.44,0,14
F488,2021,Materials,662,2.84,0,15
F488,2022,Materials,682,1.57,0,16
F488,2023,Materials,703,2.66,1,0
F488,2024,Materials,724,6.28,1,0
F488,2025,Materials,746,12.07,0,1
F489,2010,Services,580,8.46,0,0
F489,2011,Services,597,7.18,0,1
F489,2012,Services,615,4.76,0,2
F489,2013,Services,634,2.59,1,0
F489,2014,Services,653,5.44,0,1
F489,2015,Services,672,8.34,0,2
F489,2016,Services,693,3.55,0,3
F489,2017,Services,713,3.45,0,4
F489,2018,Services,735,5.36,0,5
F489,2019,Services,757,4.99,0,6
F489,2020,Services,780,9.16,0,7
F489,2021,Services,803,6.58,0,8
F489,2022,Services,827,4.86,0,9
F489,2023,Services,852,7.02,0,10
F489,2024,Services,877,5.52,0,11
F489,2025,Services,904,5.27,0,12
F490,2010,Materials,969,2.09,0,1
F490,2011,Materials,998,2.08,0,2
F490,2012,Materials,1028,-1.07,0,3
F490,2013,Materials,1059,-1.89,0,4
F490,2014,Materials,1091,2.16,1,0
F490,2015,Materials,1124,-1.1,0,1
F490,2016,Materials,1157,2.39,0,2
F490,2017,Materials,1192,4.31,0,3
F490,2018,Materials,1228,0.86,0,4
F490,2019,Materials,1265,-0.56,0,5
F490,2020,Materials,1302,4.18,1,0
F490,2021,Materials,1342,4.84,0,1
F490,2022,Materials,1382,-0.1,0,2
F490,2023,Materials,1423,3.78,0,3
F490,2024,Materials,1466,3.4,0,4
F490,2025,Materials,1510,1.22,0,5
F491,2010,Services,598,4.85,0,7
F491,2011,Services,616,3.72,0,8
F491,2012,Services,635,3.53,0,9
F491,2013,Services,654,4.31,0,10
F491,2014,Services,673,0.79,0,11
F491,2015,Services,694,1.81,0,12
F491,2016,Services,714,3.1,1,0
F491,2017,Services,736,1.9,0,1
F491,2018,Services,758,2.78,0,2
F491,2019,Services,781,6.0,0,3
F491,2020,Services,804,2.06,0,4
F491,2021,Services,828,5.96,0,5
F491,2022,Services,853,2.07,0,6
F491,2023,Services,879,3.6,0,7
F491,2024,Services,905,2.58,0,8
F491,2025,Services,932,7.12,0,9
F492,2010,Healthcare,364,4.08,0,0
F492,2011,Healthcare,375,6.51,0,1
F492,2012,Healthcare,386,1.66,0,2
F492,2013,Healthcare,398,5.34,0,3
F492,2014,Healthcare,410,6.55,0,4
F492,2015,Healthcare,422,4.01,0,5
F492,2016,Healthcare,435,4.7,0,6
F492,2017,Healthcare,448,2.95,0,7
F492,2018,Healthcare,461,2.26,0,8
F492,2019,Healthcare,475,2.05,0,9
F492,2020,Healthcare,489,7.85,1,0
F492,2021,Healthcare,504,5.21,0,1
F492,2022,Healthcare,519,9.07,0,2
F492,2023,Healthcare,535,3.31,0,3
F492,2024,Healthcare,551,4.48,0,4
F492,2025,Healthcare,567,7.22,0,5
F493,2010,Services,251,12.41,0,6
F493,2011,Services,258,11.52,0,7
F493,2012,Services,266,11.58,0,8
F493,2013,Services,274,11.48,0,9
F493,2014,Services,282,9.31,0,10
F493,2015,Services,291,9.69,0,11
F493,2016,Services,299,7.3,0,12
F493,2017,Services,308,8.53,1,0
F493,2018,Services,318,14.03,0,1
F493,2019,Services,327,13.96,0,2
F493,2020,Services,337,10.75,0,3
F493,2021,Services,347,12.3,0,4
F493,2022,Services,357,13.3,0,5
F493,2023,Services,368,14.95,0,6
F493,2024,Services,379,11.39,0,7
F493,2025,Services,391,13.95,0,8
F494,2010,Healthcare,345,8.08,0,0
F494,2011,Healthcare,355,6.08,0,1
F494,2012,Healthcare,366,6.05,0,2
F494,2013,Healthcare,377,7.78,0,3
F494,2014,Healthcare,388,5.95,0,4
F494,2015,Healthcare,400,6.37,0,5
F494,2016,Healthcare,412,6.52,0,6
F494,2017,Healthcare,424,1.46,0,7
F494,2018,Healthcare,437,6.3,0,8
F494,2019,Healthcare,450,8.7,0,9
F494,2020,Healthcare,463,4.04,0,10
F494,2021,Healthcare,477,2.2,0,11
F494,2022,Healthcare,492,4.69,1,0
F494,2023,Healthcare,506,-4.95,0,1
F494,2024,Healthcare,522,0.57,1,0
F494,2025,Healthcare,537,6.69,0,1
F495,2010,Healthcare,295,1.63,0,2
F495,2011,Healthcare,304,5.65,1,0
F495,2012,Healthcare,313,5.32,0,1
F495,2013,Healthcare,322,4.57,0,2
F495,2014,Healthcare,332,9.22,0,3
F495,2015,Healthcare,342,4.16,0,4
F495,2016,Healthcare,352,-0.07,0,5
F495,2017,Healthcare,363,4.87,0,6
F495,2018,Healthcare,374,2.87,0,7
F495,2019,Healthcare,385,4.21,0,8
F495,2020,Healthcare,396,2.26,0,9
F495,2021,Healthcare,408,9.9,0,10
F495,2022,Healthcare,421,5.99,0,11
F495,2023,Healthcare,433,-3.67,0,12
F495,2024,Healthcare,446,1.58,0,13
F495,2025,Healthcare,460,3.88,0,14
F496,2010,Healthcare,576,8.52,0,7
F496,2011,Healthcare,593,8.13,0,8
F496,2012,Healthcare,611,9.62,0,9
F496,2013,Healthcare,629,10.78,0,10
F496,2014,Healthcare,648,7.56,0,11
F496,2015,Healthcare,667,5.87,0,12
F496,2016,Healthcare,687,7.6,0,13
F496,2017,Healthcare,708,7.56,0,14
F496,2018,Healthcare,729,6.31,0,15
F496,2019,Healthcare,751,6.44,0,16
F496,2020,Healthcare,774,9.4,0,17
F496,2021,Healthcare,797,9.03,0,18
F496,2022,Healthcare,821,6.71,0,19
F496,2023,Healthcare,845,3.07,0,20
F496,2024,Healthcare,871,5.92,0,21
F496,2025,Healthcare,897,12.64,0,22
F497,2010,Services,528,13.04,0,1
F497,2011,Services,544,16.14,0,2
F497,2012,Services,560,9.02,0,3
F497,2013,Services,577,11.45,0,4
F497,2014,Services,594,8.87,1,0
F497,2015,Services,612,9.83,0,1
F497,2016,Services,630,8.36,0,2
F497,2017,Services,649,6.79,0,3
F497,2018,Services,668,9.82,1,0
F497,2019,Services,689,8.7,0,1
F497,2020,Services,709,10.42,0,2
F497,2021,Services,730,16.4,0,3
F497,2022,Services,752,10.54,0,4
F497,2023,Services,775,10.92,0,5
F497,2024,Services,798,12.5,0,6
F497,2025,Services,822,10.06,0,7
F498,2010,Services,416,1.0,0,6
F498,2011,Services,428,3.09,0,7
F498,2012,Services,441,-1.04,0,8
F498,2013,Services,455,1.57,0,9
F498,2014,Services,468,-1.11,0,10
F498,2015,Services,482,-2.1,0,11
F498,2016,Services,497,0.58,0,12
F498,2017,Services,512,1.39,0,13
F498,2018,Services,527,6.12,0,14
F498,2019,Services,543,4.35,0,15
F498,2020,Services,559,5.47,0,16
F498,2021,Services,576,3.1,0,17
F498,2022,Services,593,3.48,0,18
F498,2023,Services,611,5.13,0,19
F498,2024,Services,629,6.78,0,20
F498,2025,Services,648,2.81,0,21
F499,2010,Consumer,354,9.96,0,2
F499,2011,Consumer,364,12.96,0,3
F499,2012,Consumer,375,5.66,0,4
F499,2013,Consumer,387,6.9,0,5
F499,2014,Consumer,398,7.96,0,6
F499,2015,Consumer,410,10.05,0,7
F499,2016,Consumer,423,7.95,0,8
F499,2017,Consumer,435,7.18,0,9
F499,2018,Consumer,448,2.36,0,10
F499,2019,Consumer,462,7.6,0,11
F499,2020,Consumer,476,6.08,0,12
F499,2021,Consumer,490,3.62,0,13
F499,2022,Consumer,505,1.61,0,14
F499,2023,Consumer,520,7.11,0,15
F499,2024,Consumer,535,7.19,0,16
F499,2025,Consumer,551,2.97,0,17
F500,2010,Industrial,648,7.49,0,5
F500,2011,Industrial,667,5.69,0,6
F500,2012,Industrial,687,6.83,0,7
F500,2013,Industrial,708,10.05,0,8
F500,2014,Industrial,729,14.07,0,9
F500,2015,Industrial,751,11.72,1,0
F500,2016,Industrial,773,6.86,0,1
F500,2017,Industrial,796,9.96,0,2
F500,2018,Industrial,820,11.84,0,3
F500,2019,Industrial,845,7.3,0,4
F500,2020,Industrial,870,9.77,0,5
F500,2021,Industrial,896,10.7,0,6
F500,2022,Industrial,923,12.49,0,7
F500,2023,Industrial,951,6.84,0,8
F500,2024,Industrial,979,7.03,1,0
F500,2025,Industrial,1009,10.59,0,1
F501,2010,Tech,616,3.95,0,2
F501,2011,Tech,635,2.77,0,3
F501,2012,Tech,654,4.96,0,4
F501,2013,Tech,673,-0.1,1,0
F501,2014,Tech,694,-2.34,0,1
F501,2015,Tech,714,3.0,0,2
F501,2016,Tech,736,-2.69,0,3
F501,2017,Tech,758,-0.41,0,4
F501,2018,Tech,781,5.31,1,0
F501,2019,Tech,804,7.83,0,1
F501,2020,Tech,828,5.81,0,2
F501,2021,Tech,853,3.85,0,3
F501,2022,Tech,879,2.77,0,4
F501,2023,Tech,905,0.05,0,5
F501,2024,Tech,932,0.48,0,6
F501,2025,Tech,960,0.05,0,7
F502,2010,Industrial,509,2.49,0,7
F502,2011,Industrial,524,0.6,0,8
F502,2012,Industrial,540,3.55,0,9
F502,2013,Industrial,556,-0.17,0,10
F502,2014,Industrial,572,5.58,0,11
F502,2015,Industrial,590,1.76,0,12
F502,2016,Industrial,607,-0.69,0,13
F502,2017,Industrial,626,-1.22,0,14
F502,2018,Industrial,644,-2.89,0,15
F502,2019,Industrial,664,-6.55,1,0
F502,2020,Industrial,684,-1.72,0,1
F502,2021,Industrial,704,-3.35,0,2
F502,2022,Industrial,725,-2.96,0,3
F502,2023,Industrial,747,-0.75,0,4
F502,2024,Industrial,769,-8.34,0,5
F502,2025,Industrial,792,0.49,1,0
F503,2010,Tech,382,7.2,0,6
F503,2011,Tech,394,8.38,0,7
F503,2012,Tech,406,6.24,0,8
F503,2013,Tech,418,7.07,0,9
F503,2014,Tech,430,6.83,0,10
F503,2015,Tech,443,6.81,0,11
F503,2016,Tech,457,3.55,0,12
F503,2017,Tech,470,9.74,0,13
F503,2018,Tech,484,7.54,0,14
F503,2019,Tech,499,9.2,0,15
F503,2020,Tech,514,6.16,0,16
F503,2021,Tech,529,7.09,0,17
F503,2022,Tech,545,1.36,0,18
F503,2023,Tech,562,2.32,0,19
F503,2024,Tech,578,2.69,0,20
F503,2025,Tech,596,6.94,0,21
F504,2010,Materials,250,8.13,0,1
F504,2011,Materials,257,7.14,0,2
F504,2012,Materials,265,2.29,0,3
F504,2013,Materials,273,1.2,0,4
F504,2014,Materials,281,1.96,0,5
F504,2015,Materials,290,1.97,0,6
F504,2016,Materials,298,7.64,0,7
F504,2017,Materials,307,8.38,0,8
F504,2018,Materials,317,6.12,0,9
F504,2019,Materials,326,8.84,0,10
F504,2020,Materials,336,8.53,0,11
F504,2021,Materials,346,4.2,0,12
F504,2022,Materials,356,10.7,1,0
F504,2023,Materials,367,9.77,0,1
F504,2024,Materials,378,5.48,0,2
F504,2025,Materials,389,6.38,0,3
F505,2010,Industrial,307,6.05,0,5
F505,2011,Industrial,316,2.4,0,6
F505,2012,Industrial,325,4.39,1,0
F505,2013,Industrial,335,5.79,0,1
F505,2014,Industrial,345,6.71,0,2
F505,2015,Industrial,356,8.05,0,3
F505,2016,Industrial,366,9.95,0,4
F505,2017,Industrial,377,9.85,0,5
F505,2018,Industrial,389,5.25,0,6
F505,2019,Industrial,400,5.11,0,7
F505,2020,Industrial,412,6.57,0,8
F505,2021,Industrial,425,8.3,0,9
F505,2022,Industrial,437,7.05,0,10
F505,2023,Industrial,451,9.96,0,11
F505,2024,Industrial,464,8.63,0,12
F505,2025,Industrial,478,9.73,0,13
F506,2010,Industrial,510,3.56,0,2
F506,2011,Industrial,526,-0.8,0,3
F506,2012,Industrial,541,2.38,0,4
F506,2013,Industrial,558,0.33,0,5
F506,2014,Industrial,574,1.18,0,6
F506,2015,Industrial,592,-0.14,0,7
F506,2016,Industrial,609,1.99,0,8
F506,2017,Industrial,628,0.99,0,9
F506,2018,Industrial,647,7.75,1,0
F506,2019,Industrial,666,2.44,0,1
F506,2020,Industrial,686,4.16,0,2
F506,2021,Industrial,706,1.24,0,3
F506,2022,Industrial,728,1.61,0,4
F506,2023,Industrial,750,-1.13,0,5
F506,2024,Industrial,772,0.35,1,0
F506,2025,Industrial,795,5.37,0,1
F507,2010,Tech,389,3.68,0,0
F507,2011,Tech,401,6.11,0,1
F507,2012,Tech,413,1.0,0,2
F507,2013,Tech,425,4.17,0,3
F507,2014,Tech,438,3.25,0,4
F507,2015,Tech,451,0.96,0,5
F507,2016,Tech,465,-3.82,0,6
F507,2017,Tech,479,4.3,1,0
F507,2018,Tech,493,2.24,0,1
F507,2019,Tech,508,1.96,0,2
F507,2020,Tech,523,0.47,0,3
F507,2021,Tech,539,3.78,0,4
F507,2022,Tech,555,2.97,0,5
F507,2023,Tech,571,2.97,0,6
F507,2024,Tech,589,2.58,0,7
F507,2025,Tech,606,2.62,1,0
F508,2010,Consumer,295,5.46,0,5
F508,2011,Consumer,304,12.12,0,6
F508,2012,Consumer,313,6.23,0,7
F508,2013,Consumer,322,5.33,0,8
F508,2014,Consumer,332,8.6,0,9
F508,2015,Consumer,342,8.03,0,10
F508,2016,Consumer,352,1.42,0,11
F508,2017,Consumer,363,0.87,0,12
F508,2018,Consumer,373,1.89,0,13
F508,2019,Consumer,385,1.27,0,14
F508,2020,Consumer,396,3.82,0,15
F508,2021,Consumer,408,-0.86,0,16
F508,2022,Consumer,420,-1.47,0,17
F508,2023,Consumer,433,2.97,0,18
F508,2024,Consumer,446,-1.82,0,19
F508,2025,Consumer,459,2.52,0,20
F509,2010,Services,845,8.52,0,7
F509,2011,Services,871,5.16,0,8
F509,2012,Services,897,7.85,0,9
F509,2013,Services,924,5.12,0,10
F509,2014,Services,952,4.23,0,11
F509,2015,Services,980,7.8,0,12
F509,2016,Services,1009,7.32,0,13
F509,2017,Services,1040,7.39,0,14
F509,2018,Services,1071,9.55,0,15
F509,2019,Services,1103,1.89,1,0
F509,2020,Services,1136,5.81,0,1
F509,2021,Services,1170,3.89,0,2
F509,2022,Services,1205,3.0,0,3
F509,2023,Services,1242,4.45,0,4
F509,2024,Services,1279,3.14,0,5
F509,2025,Services,1317,2.95,0,6
F510,2010,Consumer,786,5.22,0,0
F510,2011,Consumer,810,8.4,0,1
F510,2012,Consumer,834,2.5,1,0
F510,2013,Consumer,859,6.65,0,1
F510,2014,Consumer,885,-1.05,0,2
F510,2015,Consumer,911,4.45,0,3
F510,2016,Consumer,939,2.78,0,4
F510,2017,Consumer,967,-0.97,0,5
F510,2018,Consumer,996,-1.5,0,6
F510,2019,Consumer,1026,4.89,0,7
F510,2020,Consumer,1057,0.56,0,8
F510,2021,Consumer,1088,1.8,1,0
F510,2022,Consumer,1121,2.82,0,1
F510,2023,Consumer,1154,5.15,0,2
F510,2024,Consumer,1189,6.15,0,3
F510,2025,Consumer,1225,3.01,0,4
F511,2010,Materials,655,-1.17,0,6
F511,2011,Materials,675,3.66,0,7
F511,2012,Materials,695,1.82,0,8
F511,2013,Materials,716,0.1,0,9
F511,2014,Materials,737,3.6,0,10
F511,2015,Materials,759,0.37,0,11
F511,2016,Materials,782,3.07,0,12
F511,2017,Materials,805,1.69,0,13
F511,2018,Materials,830,1.44,0,14
F511,2019,Materials,854,3.49,0,15
F511,2020,Materials,880,3.48,1,0
F511,2021,Materials,906,4.3,0,1
F511,2022,Materials,934,5.44,0,2
F511,2023,Materials,962,4.24,0,3
F511,2024,Materials,991,4.74,0,4
F511,2025,Materials,1020,4.83,0,5
F512,2010,Services,583,3.99,0,3
F512,2011,Services,601,1.68,0,4
F512,2012,Services,619,-3.03,0,5
F512,2013,Services,638,2.55,1,0
F512,2014,Services,657,-0.8,0,1
F512,2015,Services,676,1.96,0,2
F512,2016,Services,697,-0.8,0,3
F512,2017,Services,718,-1.07,1,0
F512,2018,Services,739,-0.48,0,1
F512,2019,Services,761,0.87,0,2
F512,2020,Services,784,4.04,0,3
F512,2021,Services,808,2.35,0,4
F512,2022,Services,832,4.15,0,5
F512,2023,Services,857,5.42,0,6
F512,2024,Services,882,-0.94,0,7
F512,2025,Services,909,3.35,0,8
F513,2010,Healthcare,421,2.87,0,2
F513,2011,Healthcare,434,2.41,0,3
F513,2012,Healthcare,447,7.17,1,0
F513,2013,Healthcare,460,9.14,0,1
F513,2014,Healthcare,474,5.65,0,2
F513,2015,Healthcare,488,8.41,0,3
F513,2016,Healthcare,503,3.01,0,4
F513,2017,Healthcare,518,5.16,0,5
F513,2018,Healthcare,534,6.24,0,6
F513,2019,Healthcare,550,4.14,0,7
F513,2020,Healthcare,566,2.09,1,0
F513,2021,Healthcare,583,-1.13,0,1
F513,2022,Healthcare,601,1.19,1,0
F513,2023,Healthcare,619,-0.2,1,0
F513,2024,Healthcare,637,5.93,1,0
F513,2025,Healthcare,656,6.3,0,1
F514,2010,Consumer,382,5.64,0,7
F514,2011,Consumer,394,5.62,1,0
F514,2012,Consumer,405,8.44,0,1
F514,2013,Consumer,418,6.95,0,2
F514,2014,Consumer,430,5.26,1,0
F514,2015,Consumer,443,6.33,0,1
F514,2016,Consumer,456,2.83,0,2
F514,2017,Consumer,470,5.8,0,3
F514,2018,Consumer,484,1.81,0,4
F514,2019,Consumer,499,4.86,1,0
F514,2020,Consumer,514,7.75,0,1
F514,2021,Consumer,529,8.9,0,2
F514,2022,Consumer,545,10.88,0,3
F514,2023,Consumer,561,9.76,0,4
F514,2024,Consumer,578,7.19,0,5
F514,2025,Consumer,595,3.83,0,6
F515,2010,Materials,438,4.96,0,0
F515,2011,Materials,451,5.68,0,1
F515,2012,Materials,464,8.44,0,2
F515,2013,Materials,478,5.99,0,3
F515,2014,Materials,493,3.8,0,4
F515,2015,Materials,507,7.95,0,5
F515,2016,Materials,523,5.84,0,6
F515,2017,Materials,538,6.41,0,7
F515,2018,Materials,554,5.42,0,8
F515,2019,Materials,571,7.28,0,9
F515,2020,Materials,588,7.15,0,10
F515,2021,Materials,606,8.82,0,11
F515,2022,Materials,624,6.64,0,12
F515,2023,Materials,643,4.37,0,13
F515,2024,Materials,662,3.0,0,14
F515,2025,Materials,682,1.46,0,15
F516,2010,Materials,252,6.08,0,4
F516,2011,Materials,260,7.13,0,5
F516,2012,Materials,268,6.89,0,6
F516,2013,Materials,276,3.01,1,0
F516,2014,Materials,284,1.32,0,1
F516,2015,Materials,293,3.11,0,2
F516,2016,Materials,301,5.34,0,3
F516,2017,Materials,310,8.39,0,4
F516,2018,Materials,320,5.28,0,5
F516,2019,Materials,329,5.83,0,6
F516,2020,Materials,339,8.58,0,7
F516,2021,Materials,349,6.42,1,0
F516,2022,Materials,360,3.28,0,1
F516,2023,Materials,371,7.55,0,2
F516,2024,Materials,382,3.94,0,3
F516,2025,Materials,393,4.02,0,4
F517,2010,Materials,491,13.71,0,5
F517,2011,Materials,506,7.64,1,0
F517,2012,Materials,521,8.39,1,0
F517,2013,Materials,537,9.11,0,1
F517,2014,Materials,553,7.66,0,2
F517,2015,Materials,570,8.03,0,3
F517,2016,Materials,587,12.4,0,4
F517,2017,Materials,604,10.66,0,5
F517,2018,Materials,622,8.51,0,6
F517,2019,Materials,641,6.22,0,7
F517,2020,Materials,660,9.85,0,8
F517,2021,Materials,680,11.33,0,9
F517,2022,Materials,701,14.29,1,0
F517,2023,Materials,722,11.33,0,1
F517,2024,Materials,743,10.45,0,2
F517,2025,Materials,766,14.93,0,3
F518,2010,Consumer,541,9.84,0,0
F518,2011,Consumer,557,9.16,0,1
F518,2012,Consumer,573,12.74,0,2
F518,2013,Consumer,591,6.66,0,3
F518,2014,Consumer,608,10.36,0,4
F518,2015,Consumer,627,11.24,0,5
F518,2016,Consumer,645,8.62,0,6
F518,2017,Consumer,665,7.67,0,7
F518,2018,Consumer,685,12.82,0,8
F518,2019,Consumer,705,11.07,0,9
F518,2020,Consumer,726,13.26,0,10
F518,2021,Consumer,748,5.87,0,11
F518,2022,Consumer,771,12.64,0,12
F518,2023,Consumer,794,11.23,0,13
F518,2024,Consumer,818,8.56,0,14
F518,2025,Consumer,842,10.89,0,15
F519,2010,Healthcare,408,3.93,0,2
F519,2011,Healthcare,420,13.65,1,0
F519,2012,Healthcare,432,5.62,0,1
F519,2013,Healthcare,445,8.24,0,2
F519,2014,Healthcare,459,7.75,0,3
F519,2015,Healthcare,472,7.7,0,4
F519,2016,Healthcare,487,5.78,0,5
F519,2017,Healthcare,501,1.09,0,6
F519,2018,Healthcare,516,8.46,0,7
F519,2019,Healthcare,532,10.38,0,8
F519,2020,Healthcare,548,8.74,0,9
F519,2021,Healthcare,564,3.82,0,10
F519,2022,Healthcare,581,5.74,1,0
F519,2023,Healthcare,598,3.55,0,1
F519,2024,Healthcare,616,7.37,0,2
F519,2025,Healthcare,635,3.44,0,3
F520,2010,Tech,410,9.15,0,5
F520,2011,Tech,423,8.71,0,6
F520,2012,Tech,435,4.87,0,7
F520,2013,Tech,448,7.68,0,8
F520,2014,Tech,462,5.49,0,9
F520,2015,Tech,476,3.38,0,10
F520,2016,Tech,490,4.13,0,11
F520,2017,Tech,505,7.08,0,12
F520,2018,Tech,520,10.45,0,13
F520,2019,Tech,535,4.01,0,14
F520,2020,Tech,551,5.55,0,15
F520,2021,Tech,568,5.8,0,16
F520,2022,Tech,585,8.57,0,17
F520,2023,Tech,602,10.57,0,18
F520,2024,Tech,621,7.16,0,19
F520,2025,Tech,639,5.99,0,20
F521,2010,Healthcare,316,2.83,0,6
F521,2011,Healthcare,326,10.42,1,0
F521,2012,Healthcare,336,4.63,0,1
F521,2013,Healthcare,346,4.3,0,2
F521,2014,Healthcare,356,7.24,0,3
F521,2015,Healthcare,367,4.05,0,4
F521,2016,Healthcare,378,7.08,0,5
F521,2017,Healthcare,389,5.17,0,6
F521,2018,Healthcare,401,1.95,1,0
F521,2019,Healthcare,413,3.38,0,1
F521,2020,Healthcare,425,1.06,0,2
F521,2021,Healthcare,438,-0.2,1,0
F521,2022,Healthcare,451,-0.7,1,0
F521,2023,Healthcare,465,3.23,1,0
F521,2024,Healthcare,478,8.12,0,1
F521,2025,Healthcare,493,6.28,0,2
F522,2010,Healthcare,639,-0.85,0,0
F522,2011,Healthcare,659,3.43,0,1
F522,2012,Healthcare,678,-0.54,0,2
F522,2013,Healthcare,699,2.46,0,3
F522,2014,Healthcare,720,6.01,0,4
F522,2015,Healthcare,741,4.44,0,5
F522,2016,Healthcare,763,0.89,0,6
F522,2017,Healthcare,786,3.61,0,7
F522,2018,Healthcare,810,6.4,0,8
F522,2019,Healthcare,834,3.86,0,9
F522,2020,Healthcare,859,-1.73,0,10
F522,2021,Healthcare,885,-0.69,0,11
F522,2022,Healthcare,912,8.08,0,12
F522,2023,Healthcare,939,2.58,0,13
F522,2024,Healthcare,967,2.27,0,14
F522,2025,Healthcare,996,-1.72,0,15
F523,2010,Industrial,480,6.63,0,5
F523,2011,Industrial,495,3.6,0,6
F523,2012,Industrial,509,8.79,0,7
F523,2013,Industrial,525,8.19,0,8
F523,2014,Industrial,540,11.94,0,9
F523,2015,Industrial,557,7.4,0,10
F523,2016,Industrial,573,8.32,0,11
F523,2017,Industrial,591,8.82,0,12
F523,2018,Industrial,608,11.27,0,13
F523,2019,Industrial,626,7.99,0,14
F523,2020,Industrial,645,9.36,0,15
F523,2021,Industrial,665,9.46,0,16
F523,2022,Industrial,685,11.99,0,17
F523,2023,Industrial,705,12.51,0,18
F523,2024,Industrial,726,7.74,0,19
F523,2025,Industrial,748,15.81,0,20
F524,2010,Consumer,337,13.15,0,6
F524,2011,Consumer,347,9.66,0,7
F524,2012,Consumer,358,6.43,0,8
F524,2013,Consumer,369,7.86,1,0
F524,2014,Consumer,380,13.21,0,1
F524,2015,Consumer,391,7.95,0,2
F524,2016,Consumer,403,7.98,0,3
F524,2017,Consumer,415,7.23,0,4
F524,2018,Consumer,427,6.8,1,0
F524,2019,Consumer,440,10.18,0,1
F524,2020,Consumer,453,11.78,0,2
F524,2021,Consumer,467,3.12,0,3
F524,2022,Consumer,481,4.01,1,0
F524,2023,Consumer,495,2.33,0,1
F524,2024,Consumer,510,11.4,1,0
F524,2025,Consumer,525,9.06,0,1
F525,2010,Consumer,314,9.54,0,3
F525,2011,Consumer,323,5.29,0,4
F525,2012,Consumer,333,6.06,0,5
F525,2013,Consumer,343,14.72,0,6
F525,2014,Consumer,353,8.45,0,7
F525,2015,Consumer,364,12.77,0,8
F525,2016,Consumer,375,8.94,0,9
F525,2017,Consumer,386,9.01,0,10
F525,2018,Consumer,397,4.05,0,11
F525,2019,Consumer,409,7.76,0,12
F525,2020,Consumer,422,6.92,0,13
F525,2021,Consumer,434,8.38,0,14
F525,2022,Consumer,447,8.93,0,15
F525,2023,Consumer,461,8.99,0,16
F525,2024,Consumer,474,11.11,0,17
F525,2025,Consumer,489,14.65,0,18
F526,2010,Industrial,1250,2.31,0,5
F526,2011,Industrial,1288,-0.94,0,6
F526,2012,Industrial,1326,4.07,1,0
F526,2013,Industrial,1366,0.17,0,1
F526,2014,Industrial,1407,0.95,0,2
F526,2015,Industrial,1449,-2.42,0,3
F526,2016,Industrial,1493,4.95,1,0
F526,2017,Industrial,1538,4.59,0,1
F526,2018,Industrial,1584,5.71,0,2
F526,2019,Industrial,1631,7.77,0,3
F526,2020,Industrial,1680,11.51,0,4
F526,2021,Industrial,1730,6.02,0,5
F526,2022,Industrial,1782,9.85,0,6
F526,2023,Industrial,1836,6.62,0,7
F526,2024,Industrial,1891,6.62,0,8
F526,2025,Industrial,1948,7.36,0,9
F527,2010,Consumer,281,9.53,0,2
F527,2011,Consumer,289,7.31,0,3
F527,2012,Consumer,298,6.22,0,4
F527,2013,Consumer,307,9.44,0,5
F527,2014,Consumer,316,7.48,0,6
F527,2015,Consumer,326,6.47,0,7
F527,2016,Consumer,336,6.01,0,8
F527,2017,Consumer,346,4.18,0,9
F527,2018,Consumer,356,4.23,0,10
F527,2019,Consumer,367,1.45,0,11
F527,2020,Consumer,378,-1.14,1,0
F527,2021,Consumer,389,2.77,1,0
F527,2022,Consumer,401,9.58,1,0
F527,2023,Consumer,413,11.18,0,1
F527,2024,Consumer,425,9.46,0,2
F527,2025,Consumer,438,9.92,0,3
F528,2010,Materials,717,5.45,0,1
F528,2011,Materials,739,2.83,0,2
F528,2012,Materials,761,4.0,0,3
F528,2013,Materials,784,2.67,0,4
F528,2014,Materials,807,4.3,1,0
F528,2015,Materials,831,7.8,0,1
F528,2016,Materials,856,7.27,0,2
F528,2017,Materials,882,6.76,0,3
F528,2018,Materials,908,3.23,0,4
F528,2019,Materials,936,9.26,0,5
F528,2020,Materials,964,6.12,0,6
F528,2021,Materials,993,2.11,0,7
F528,2022,Materials,1022,3.89,0,8
F528,2023,Materials,1053,11.98,0,9
F528,2024,Materials,1085,6.66,0,10
F528,2025,Materials,1117,7.67,0,11
F529,2010,Industrial,629,5.22,0,0
F529,2011,Industrial,648,7.45,0,1
F529,2012,Industrial,668,8.38,0,2
F529,2013,Industrial,688,8.44,0,3
F529,2014,Industrial,708,10.42,0,4
F529,2015,Industrial,730,11.22,0,5
F529,2016,Industrial,751,12.23,0,6
F529,2017,Industrial,774,11.82,0,7
F529,2018,Industrial,797,8.07,0,8
F529,2019,Industrial,821,6.54,0,9
F529,2020,Industrial,846,7.06,0,10
F529,2021,Industrial,871,7.33,0,11
F529,2022,Industrial,897,10.95,0,12
F529,2023,Industrial,924,10.43,0,13
F529,2024,Industrial,952,6.61,0,14
F529,2025,Industrial,981,9.76,1,0
F530,2010,Services,325,12.4,0,7
F530,2011,Services,335,11.92,0,8
F530,2012,Services,345,13.33,0,9
F530,2013,Services,355,12.54,0,10
F530,2014,Services,366,14.73,1,0
F530,2015,Services,377,12.53,0,1
F530,2016,Services,388,10.34,0,2
F530,2017,Services,400,12.83,0,3
F530,2018,Services,412,17.7,0,4
F530,2019,Services,424,12.1,0,5
F530,2020,Services,437,11.21,1,0
F530,2021,Services,450,12.28,0,1
F530,2022,Services,464,16.04,0,2
F530,2023,Services,478,7.68,0,3
F530,2024,Services,492,10.38,0,4
F530,2025,Services,507,11.63,0,5
F531,2010,Tech,999,1.44,0,7
F531,2011,Tech,1029,-0.62,0,8
F531,2012,Tech,1060,2.87,0,9
F531,2013,Tech,1091,3.61,0,10
F531,2014,Tech,1124,4.83,0,11
F531,2015,Tech,1158,0.79,0,12
F531,2016,Tech,1193,-1.95,1,0
F531,2017,Tech,1228,0.89,1,0
F531,2018,Tech,1265,-1.24,0,1
F531,2019,Tech,1303,-5.54,0,2
F531,2020,Tech,1342,5.96,1,0
F531,2021,Tech,1382,8.11,0,1
F531,2022,Tech,1424,12.74,0,2
F531,2023,Tech,1467,7.02,0,3
F531,2024,Tech,1511,4.67,0,4
F531,2025,Tech,1556,4.53,0,5
F532,2010,Services,461,8.02,0,0
F532,2011,Services,475,11.5,0,1
F532,2012,Services,489,13.06,0,2
F532,2013,Services,504,10.96,0,3
F532,2014,Services,519,8.92,0,4
F532,2015,Services,534,9.26,0,5
F532,2016,Services,550,6.77,0,6
F532,2017,Services,567,6.5,0,7
F532,2018,Services,584,8.07,0,8
F532,2019,Services,601,6.96,0,9
F532,2020,Services,619,8.92,1,0
F532,2021,Services,638,4.37,0,1
F532,2022,Services,657,6.78,0,2
F532,2023,Services,677,13.68,0,3
F532,2024,Services,697,8.34,0,4
F532,2025,Services,718,8.66,0,5
F533,2010,Services,470,7.63,0,6
F533,2011,Services,484,10.85,0,7
F533,2012,Services,498,10.93,0,8
F533,2013,Services,513,7.71,0,9
F533,2014,Services,529,7.92,0,10
F533,2015,Services,545,2.08,0,11
F533,2016,Services,561,1.49,1,0
F533,2017,Services,578,7.0,1,0
F533,2018,Services,595,8.11,0,1
F533,2019,Services,613,7.13,0,2
F533,2020,Services,631,12.51,0,3
F533,2021,Services,650,8.05,0,4
F533,2022,Services,670,4.93,0,5
F533,2023,Services,690,-0.7,0,6
F533,2024,Services,711,3.62,1,0
F533,2025,Services,732,7.04,1,0
F534,2010,Materials,634,3.73,0,7
F534,2011,Materials,653,9.21,0,8
F534,2012,Materials,672,4.9,0,9
F534,2013,Materials,693,3.95,0,10
F534,2014,Materials,713,5.4,0,11
F534,2015,Materials,735,5.83,0,12
F534,2016,Materials,757,3.11,0,13
F534,2017,Materials,780,1.71,1,0
F534,2018,Materials,803,4.11,0,1
F534,2019,Materials,827,5.12,0,2
F534,2020,Materials,852,4.19,0,3
F534,2021,Materials,877,2.93,0,4
F534,2022,Materials,904,7.61,0,5
F534,2023,Materials,931,3.66,0,6
F534,2024,Materials,959,5.21,0,7
F534,2025,Materials,988,5.28,0,8
F535,2010,Healthcare,746,7.86,0,3
F535,2011,Healthcare,769,8.27,0,4
F535,2012,Healthcare,792,8.35,0,5
F535,2013,Healthcare,816,2.06,0,6
F535,2014,Healthcare,840,8.56,1,0
F535,2015,Healthcare,865,12.68,0,1
F535,2016,Healthcare,891,6.58,0,2
F535,2017,Healthcare,918,3.23,0,3
F535,2018,Healthcare,946,6.87,0,4
F535,2019,Healthcare,974,4.04,0,5
F535,2020,Healthcare,1003,0.51,0,6
F535,2021,Healthcare,1033,6.5,1,0
F535,2022,Healthcare,1064,7.1,0,1
F535,2023,Healthcare,1096,5.26,0,2
F535,2024,Healthcare,1129,2.75,0,3
F535,2025,Healthcare,1163,8.02,0,4
F536,2010,Materials,594,3.49,0,7
F536,2011,Materials,612,8.56,1,0
F536,2012,Materials,631,6.01,0,1
F536,2013,Materials,649,2.26,0,2
F536,2014,Materials,669,8.09,0,3
F536,2015,Materials,689,10.59,0,4
F536,2016,Materials,710,6.33,0,5
F536,2017,Materials,731,8.2,0,6
F536,2018,Materials,753,7.02,0,7
F536,2019,Materials,776,9.48,0,8
F536,2020,Materials,799,9.8,0,9
F536,2021,Materials,823,12.02,0,10
F536,2022,Materials,847,11.69,0,11
F536,2023,Materials,873,11.03,1,0
F536,2024,Materials,899,9.03,0,1
F536,2025,Materials,926,6.85,0,2
F537,2010,Industrial,307,7.09,0,1
F537,2011,Industrial,317,2.75,0,2
F537,2012,Industrial,326,0.93,0,3
F537,2013,Industrial,336,2.5,0,4
F537,2014,Industrial,346,7.64,0,5
F537,2015,Industrial,356,6.35,1,0
F537,2016,Industrial,367,5.64,0,1
F537,2017,Industrial,378,7.52,0,2
F537,2018,Industrial,389,8.07,0,3
F537,2019,Industrial,401,5.31,0,4
F537,2020,Industrial,413,6.48,0,5
F537,2021,Industrial,426,0.85,0,6
F537,2022,Industrial,438,4.77,0,7
F537,2023,Industrial,451,3.98,0,8
F537,2024,Industrial,465,3.7,0,9
F537,2025,Industrial,479,8.82,0,10
F538,2010,Tech,651,11.44,0,4
F538,2011,Tech,671,8.98,0,5
F538,2012,Tech,691,5.31,0,6
F538,2013,Tech,712,1.58,0,7
F538,2014,Tech,733,3.63,0,8
F538,2015,Tech,755,5.28,0,9
F538,2016,Tech,778,1.72,0,10
F538,2017,Tech,801,8.9,1,0
F538,2018,Tech,825,8.43,0,1
F538,2019,Tech,850,5.86,0,2
F538,2020,Tech,875,9.02,0,3
F538,2021,Tech,902,7.57,0,4
F538,2022,Tech,929,5.16,0,5
F538,2023,Tech,956,9.64,0,6
F538,2024,Tech,985,5.46,0,7
F538,2025,Tech,1015,8.91,0,8
F539,2010,Materials,370,11.76,0,0
F539,2011,Materials,381,9.7,0,1
F539,2012,Materials,392,3.87,0,2
F539,2013,Materials,404,3.82,0,3
F539,2014,Materials,416,3.99,0,4
F539,2015,Materials,429,6.95,0,5
F539,2016,Materials,442,6.16,0,6
F539,2017,Materials,455,6.13,0,7
F539,2018,Materials,468,7.65,0,8
F539,2019,Materials,483,10.17,0,9
F539,2020,Materials,497,9.75,0,10
F539,2021,Materials,512,9.07,0,11
F539,2022,Materials,527,7.53,0,12
F539,2023,Materials,543,11.58,0,13
F539,2024,Materials,559,3.32,0,14
F539,2025,Materials,576,6.3,0,15
F540,2010,Industrial,213,6.4,0,6
F540,2011,Industrial,219,9.02,1,0
F540,2012,Industrial,225,9.92,0,1
F540,2013,Industrial,232,6.83,0,2
F540,2014,Industrial,239,10.92,0,3
F540,2015,Industrial,246,2.4,0,4
F540,2016,Industrial,254,5.31,1,0
F540,2017,Industrial,261,7.01,0,1
F540,2018,Industrial,269,8.94,0,2
F540,2019,Industrial,277,9.29,0,3
F540,2020,Industrial,286,9.97,0,4
F540,2021,Industrial,294,7.65,0,5
F540,2022,Industrial,303,6.07,0,6
F540,2023,Industrial,312,4.41,0,7
F540,2024,Industrial,321,6.72,0,8
F540,2025,Industrial,331,6.42,0,9
F541,2010,Services,614,4.11,0,3
F541,2011,Services,633,2.16,0,4
F541,2012,Services,652,5.85,0,5
F541,2013,Services,671,4.29,0,6
F541,2014,Services,692,2.65,0,7
F541,2015,Services,712,2.64,0,8
F541,2016,Services,734,-2.84,0,9
F541,2017,Services,756,1.55,0,10
F541,2018,Services,778,-1.88,1,0
F541,2019,Services,802,-0.61,0,1
F541,2020,Services,826,2.41,0,2
F541,2021,Services,851,-0.56,0,3
F541,2022,Services,876,0.72,0,4
F541,2023,Services,902,3.81,1,0
F541,2024,Services,929,7.07,0,1
F541,2025,Services,957,7.71,0,2
F542,2010,Tech,649,10.28,0,4
F542,2011,Tech,669,11.47,0,5
F542,2012,Tech,689,8.69,0,6
F542,2013,Tech,709,6.52,0,7
F542,2014,Tech,731,6.66,0,8
F542,2015,Tech,752,10.2,0,9
F542,2016,Tech,775,8.33,0,10
F542,2017,Tech,798,8.07,0,11
F542,2018,Tech,822,2.39,1,0
F542,2019,Tech,847,7.02,0,1
F542,2020,Tech,872,3.36,0,2
F542,2021,Tech,898,1.91,0,3
F542,2022,Tech,925,4.05,0,4
F542,2023,Tech,953,9.04,1,0
F542,2024,Tech,982,0.94,0,1
F542,2025,Tech,1011,3.1,0,2
F543,2010,Industrial,359,5.7,0,1
F543,2011,Industrial,370,2.77,0,2
F543,2012,Industrial,381,3.77,0,3
F543,2013,Industrial,393,5.41,0,4
F543,2014,Industrial,404,5.26,0,5
F543,2015,Industrial,417,8.41,0,6
F543,2016,Industrial,429,6.47,0,7
F543,2017,Industrial,442,5.97,0,8
F543,2018,Industrial,455,6.61,0,9
F543,2019,Industrial,469,3.77,0,10
F543,2020,Industrial,483,0.95,0,11
F543,2021,Industrial,497,3.94,0,12
F543,2022,Industrial,512,13.67,0,13
F543,2023,Industrial,528,9.13,0,14
F543,2024,Industrial,544,2.21,0,15
F543,2025,Industrial,560,2.8,0,16
F544,2010,Services,377,1.45,0,2
F544,2011,Services,389,4.01,0,3
F544,2012,Services,400,3.27,0,4
F544,2013,Services,412,3.02,0,5
F544,2014,Services,425,-0.32,0,6
F544,2015,Services,437,7.72,0,7
F544,2016,Services,450,8.41,0,8
F544,2017,Services,464,8.29,0,9
F544,2018,Services,478,9.93,0,10
F544,2019,Services,492,5.92,0,11
F544,2020,Services,507,1.62,0,12
F544,2021,Services,522,8.26,0,13
F544,2022,Services,538,8.19,0,14
F544,2023,Services,554,0.94,0,15
F544,2024,Services,571,2.87,1,0
F544,2025,Services,588,2.74,0,1
F545,2010,Industrial,787,-1.02,0,2
F545,2011,Industrial,810,3.24,0,3
F545,2012,Industrial,835,2.14,1,0
F545,2013,Industrial,860,6.29,0,1
F545,2014,Industrial,885,5.96,0,2
F545,2015,Industrial,912,5.79,0,3
F545,2016,Industrial,939,1.33,0,4
F545,2017,Industrial,967,4.68,1,0
F545,2018,Industrial,997,5.52,0,1
F545,2019,Industrial,1026,1.09,0,2
F545,2020,Industrial,1057,1.82,0,3
F545,2021,Industrial,1089,-0.46,0,4
F545,2022,Industrial,1122,1.99,0,5
F545,2023,Industrial,1155,4.36,0,6
F545,2024,Industrial,1190,5.74,0,7
F545,2025,Industrial,1226,6.18,0,8
F546,2010,Industrial,303,10.6,0,3
F546,2011,Industrial,312,6.89,0,4
F546,2012,Industrial,321,6.52,0,5
F546,2013,Industrial,331,5.89,0,6
F546,2014,Industrial,341,9.95,0,7
F546,2015,Industrial,351,10.09,0,8
F546,2016,Industrial,361,9.02,0,9
F546,2017,Industrial,372,8.6,0,10
F546,2018,Industrial,383,9.59,1,0
F546,2019,Industrial,395,12.88,0,1
F546,2020,Industrial,407,9.01,0,2
F546,2021,Industrial,419,9.97,0,3
F546,2022,Industrial,431,7.36,0,4
F546,2023,Industrial,444,8.5,0,5
F546,2024,Industrial,458,8.63,0,6
F546,2025,Industrial,471,11.9,0,7
F547,2010,Industrial,409,4.8,0,7
F547,2011,Industrial,421,2.31,0,8
F547,2012,Industrial,434,6.77,0,9
F547,2013,Industrial,447,9.39,0,10
F547,2014,Industrial,460,8.22,0,11
F547,2015,Industrial,474,3.23,1,0
F547,2016,Industrial,488,6.17,0,1
F547,2017,Industrial,503,1.23,0,2
F547,2018,Industrial,518,8.98,1,0
F547,2019,Industrial,534,9.13,0,1
F547,2020,Industrial,550,7.49,0,2
F547,2021,Industrial,566,4.55,0,3
F547,2022,Industrial,583,3.99,0,4
F547,2023,Industrial,600,5.1,0,5
F547,2024,Industrial,618,6.18,1,0
F547,2025,Industrial,637,7.52,0,1
F548,2010,Healthcare,455,5.62,0,0
F548,2011,Healthcare,469,4.16,0,1
F548,2012,Healthcare,483,6.53,0,2
F548,2013,Healthcare,497,4.09,0,3
F548,2014,Healthcare,512,8.52,0,4
F548,2015,Healthcare,528,3.67,0,5
F548,2016,Healthcare,544,0.54,0,6
F548,2017,Healthcare,560,2.66,1,0
F548,2018,Healthcare,577,5.59,0,1
F548,2019,Healthcare,594,1.79,0,2
F548,2020,Healthcare,612,2.01,0,3
F548,2021,Healthcare,630,3.84,0,4
F548,2022,Healthcare,649,2.16,0,5
F548,2023,Healthcare,669,4.99,0,6
F548,2024,Healthcare,689,7.89,0,7
F548,2025,Healthcare,709,4.62,0,8
F549,2010,Materials,599,10.6,0,4
F549,2011,Materials,617,5.25,0,5
F549,2012,Materials,636,4.74,0,6
F549,2013,Materials,655,3.04,0,7
F549,2014,Materials,675,4.52,0,8
F549,2015,Materials,695,8.07,0,9
F549,2016,Materials,716,3.44,0,10
F549,2017,Materials,737,6.76,0,11
F549,2018,Materials,759,7.11,0,12
F549,2019,Materials,782,1.97,0,13
F549,2020,Materials,805,9.0,0,14
F549,2021,Materials,830,1.6,0,15
F549,2022,Materials,854,0.93,0,16
F549,2023,Materials,880,6.28,0,17
F549,2024,Materials,907,3.34,0,18
F549,2025,Materials,934,-0.39,1,0
F550,2010,Healthcare,422,5.39,0,2
F550,2011,Healthcare,435,2.58,0,3
F550,2012,Healthcare,448,5.03,0,4
F550,2013,Healthcare,461,4.58,0,5
F550,2014,Healthcare,475,7.21,0,6
F550,2015,Healthcare,489,6.28,0,7
F550,2016,Healthcare,504,4.78,0,8
F550,2017,Healthcare,519,2.73,0,9
F550,2018,Healthcare,535,0.14,1,0
F550,2019,Healthcare,551,4.5,0,1
F550,2020,Healthcare,567,-2.26,0,2
F550,2021,Healthcare,584,-1.14,1,0
F550,2022,Healthcare,602,3.93,1,0
F550,2023,Healthcare,620,4.84,0,1
F550,2024,Healthcare,639,12.0,0,2
F550,2025,Healthcare,658,4.6,0,3
F551,2010,Services,329,9.47,0,7
F551,2011,Services,339,12.42,0,8
F551,2012,Services,349,13.2,0,9
F551,2013,Services,360,11.24,0,10
F551,2014,Services,370,13.83,0,11
F551,2015,Services,382,7.21,0,12
F551,2016,Services,393,13.45,0,13
F551,2017,Services,405,10.86,0,14
F551,2018,Services,417,8.76,0,15
F551,2019,Services,429,10.93,0,16
F551,2020,Services,442,11.63,0,17
F551,2021,Services,456,11.91,0,18
F551,2022,Services,469,3.94,0,19
F551,2023,Services,483,7.93,1,0
F551,2024,Services,498,7.94,0,1
F551,2025,Services,513,8.5,1,0
F552,2010,Materials,544,10.11,0,2
F552,2011,Materials,560,12.27,0,3
F552,2012,Materials,577,13.06,0,4
F552,2013,Materials,594,12.5,0,5
F552,2014,Materials,612,9.63,1,0
F552,2015,Materials,630,13.59,0,1
F552,2016,Materials,649,12.59,0,2
F552,2017,Materials,669,10.01,0,3
F552,2018,Materials,689,5.8,0,4
F552,2019,Materials,709,11.97,0,5
F552,2020,Materials,731,9.57,0,6
F552,2021,Materials,752,4.86,0,7
F552,2022,Materials,775,9.16,1,0
F552,2023,Materials,798,12.34,0,1
F552,2024,Materials,822,9.88,0,2
F552,2025,Materials,847,9.96,0,3
F553,2010,Tech,363,8.12,0,4
F553,2011,Tech,374,12.82,0,5
F553,2012,Tech,385,10.1,0,6
F553,2013,Tech,396,12.34,0,7
F553,2014,Tech,408,8.76,0,8
F553,2015,Tech,421,8.01,0,9
F553,2016,Tech,433,2.79,0,10
F553,2017,Tech,446,6.21,0,11
F553,2018,Tech,460,0.22,0,12
F553,2019,Tech,473,1.66,0,13
F553,2020,Tech,488,6.29,0,14
F553,2021,Tech,502,9.55,0,15
F553,2022,Tech,517,5.66,0,16
F553,2023,Tech,533,6.1,0,17
F553,2024,Tech,549,-1.11,1,0
F553,2025,Tech,565,6.88,0,1
F554,2010,Industrial,887,1.04,0,4
F554,2011,Industrial,913,-0.35,0,5
F554,2012,Industrial,941,1.72,0,6
F554,2013,Industrial,969,8.68,0,7
F554,2014,Industrial,998,6.17,1,0
F554,2015,Industrial,1028,2.34,0,1
F554,2016,Industrial,1059,4.32,0,2
F554,2017,Industrial,1090,3.23,0,3
F554,2018,Industrial,1123,4.23,0,4
F554,2019,Industrial,1157,-0.56,1,0
F554,2020,Industrial,1192,1.38,0,1
F554,2021,Industrial,1227,2.33,0,2
F554,2022,Industrial,1264,5.46,0,3
F554,2023,Industrial,1302,2.72,0,4
F554,2024,Industrial,1341,1.51,0,5
F554,2025,Industrial,1381,9.65,1,0
F555,2010,Industrial,690,-0.93,0,3
F555,2011,Industrial,711,-0.75,0,4
F555,2012,Industrial,732,3.04,0,5
F555,2013,Industrial,754,1.17,0,6
F555,2014,Industrial,777,6.94,0,7
F555,2015,Industrial,800,1.56,0,8
F555,2016,Industrial,824,6.38,0,9
F555,2017,Industrial,849,7.74,0,10
F555,2018,Industrial,874,6.25,0,11
F555,2019,Industrial,900,4.27,0,12
F555,2020,Industrial,927,3.95,0,13
F555,2021,Industrial,955,5.5,0,14
F555,2022,Industrial,984,9.06,0,15
F555,2023,Industrial,1013,5.76,0,16
F555,2024,Industrial,1044,-0.22,1,0
F555,2025,Industrial,1075,4.61,0,1
F556,2010,Consumer,1086,4.6,0,4
F556,2011,Consumer,1118,5.97,0,5
F556,2012,Consumer,1152,4.14,0,6
F556,2013,Consumer,1186,6.11,0,7
F556,2014,Consumer,1222,5.37,0,8
F556,2015,Consumer,1258,8.67,0,9
F556,2016,Consumer,1296,-1.01,1,0
F556,2017,Consumer,1335,1.1,0,1
F556,2018,Consumer,1375,2.7,0,2
F556,2019,Consumer,1416,2.06,0,3
F556,2020,Consumer,1459,3.07,0,4
F556,2021,Consumer,1503,-0.34,0,5
F556,2022,Consumer,1548,1.45,1,0
F556,2023,Consumer,1594,1.98,0,1
F556,2024,Consumer,1642,-2.2,0,2
F556,2025,Consumer,1691,4.76,1,0
F557,2010,Healthcare,607,4.36,0,6
F557,2011,Healthcare,625,2.47,0,7
F557,2012,Healthcare,644,5.87,1,0
F557,2013,Healthcare,664,6.68,0,1
F557,2014,Healthcare,683,0.85,0,2
F557,2015,Healthcare,704,4.3,0,3
F557,2016,Healthcare,725,3.08,0,4
F557,2017,Healthcare,747,2.65,1,0
F557,2018,Healthcare,769,1.54,0,1
F557,2019,Healthcare,792,0.66,1,0
F557,2020,Healthcare,816,2.4,1,0
F557,2021,Healthcare,841,3.25,0,1
F557,2022,Healthcare,866,4.84,1,0
F557,2023,Healthcare,892,7.48,0,1
F557,2024,Healthcare,919,4.25,0,2
F557,2025,Healthcare,946,10.02,0,3
F558,2010,Healthcare,359,7.45,0,6
F558,2011,Healthcare,370,12.19,0,7
F558,2012,Healthcare,381,8.32,0,8
F558,2013,Healthcare,392,8.51,1,0
F558,2014,Healthcare,404,8.12,0,1
F558,2015,Healthcare,416,8.87,0,2
F558,2016,Healthcare,429,3.03,0,3
F558,2017,Healthcare,442,5.07,0,4
F558,2018,Healthcare,455,6.95,0,5
F558,2019,Healthcare,468,5.49,0,6
F558,2020,Healthcare,482,5.33,0,7
F558,2021,Healthcare,497,1.93,0,8
F558,2022,Healthcare,512,2.18,0,9
F558,2023,Healthcare,527,5.59,1,0
F558,2024,Healthcare,543,7.97,0,1
F558,2025,Healthcare,559,6.94,0,2
F559,2010,Materials,516,0.35,0,5
F559,2011,Materials,531,-3.56,0,6
F559,2012,Materials,547,-1.83,1,0
F559,2013,Materials,563,-0.41,1,0
F559,2014,Materials,580,2.91,0,1
F559,2015,Materials,598,3.24,0,2
F559,2016,Materials,616,0.09,0,3
F559,2017,Materials,634,5.83,0,4
F559,2018,Materials,653,-2.13,0,5
F559,2019,Materials,673,-0.79,0,6
F559,2020,Materials,693,2.76,0,7
F559,2021,Materials,714,3.51,0,8
F559,2022,Materials,735,3.77,0,9
F559,2023,Materials,757,-0.27,0,10
F559,2024,Materials,780,-1.12,0,11
F559,2025,Materials,803,8.09,0,12
F560,2010,Services,606,8.14,0,0
F560,2011,Services,624,10.22,0,1
F560,2012,Services,643,7.09,0,2
F560,2013,Services,662,5.29,0,3
F560,2014,Services,682,8.97,0,4
F560,2015,Services,702,5.27,0,5
F560,2016,Services,723,9.13,0,6
F560,2017,Services,745,1.09,0,7
F560,2018,Services,767,5.47,0,8
F560,2019,Services,790,6.29,0,9
F560,2020,Services,814,4.42,0,10
F560,2021,Services,838,2.07,0,11
F560,2022,Services,864,6.5,1,0
F560,2023,Services,889,12.95,0,1
F560,2024,Services,916,9.22,0,2
F560,2025,Services,944,15.18,0,3
F561,2010,Industrial,452,5.04,0,2
F561,2011,Industrial,466,1.29,0,3
F561,2012,Industrial,480,5.13,0,4
F561,2013,Industrial,494,2.51,0,5
F561,2014,Industrial,509,3.83,1,0
F561,2015,Industrial,524,1.34,0,1
F561,2016,Industrial,540,1.72,0,2
F561,2017,Industrial,556,3.01,0,3
F561,2018,Industrial,573,1.83,1,0
F561,2019,Industrial,590,7.25,0,1
F561,2020,Industrial,608,5.82,0,2
F561,2021,Industrial,626,2.7,0,3
F561,2022,Industrial,645,5.55,0,4
F561,2023,Industrial,664,-2.94,0,5
F561,2024,Industrial,684,-2.91,1,0
F561,2025,Industrial,704,-0.56,0,1
F562,2010,Industrial,509,10.04,0,1
F562,2011,Industrial,524,3.22,0,2
F562,2012,Industrial,540,7.18,0,3
F562,2013,Industrial,556,6.5,1,0
F562,2014,Industrial,573,7.1,0,1
F562,2015,Industrial,590,4.34,0,2
F562,2016,Industrial,608,5.32,0,3
F562,2017,Industrial,626,5.1,0,4
F562,2018,Industrial,645,12.24,0,5
F562,2019,Industrial,664,10.05,0,6
F562,2020,Industrial,684,7.54,0,7
F562,2021,Industrial,704,4.5,0,8
F562,2022,Industrial,726,6.13,0,9
F562,2023,Industrial,747,2.0,1,0
F562,2024,Industrial,770,2.7,0,1
F562,2025,Industrial,793,3.51,0,2
F563,2010,Services,244,-1.52,0,7
F563,2011,Services,251,3.7,1,0
F563,2012,Services,259,3.78,0,1
F563,2013,Services,267,8.46,0,2
F563,2014,Services,275,5.44,0,3
F563,2015,Services,283,3.97,0,4
F563,2016,Services,291,3.98,0,5
F563,2017,Services,300,0.3,0,6
F563,2018,Services,309,4.68,0,7
F563,2019,Services,318,-0.24,0,8
F563,2020,Services,328,1.14,0,9
F563,2021,Services,338,2.78,0,10
F563,2022,Services,348,4.49,0,11
F563,2023,Services,358,1.14,0,12
F563,2024,Services,369,5.33,0,13
F563,2025,Services,380,3.08,0,14
F564,2010,Services,349,3.6,0,7
F564,2011,Services,360,8.14,1,0
F564,2012,Services,370,8.45,0,1
F564,2013,Services,382,9.12,0,2
F564,2014,Services,393,5.05,0,3
F564,2015,Services,405,8.11,0,4
F564,2016,Services,417,2.86,0,5
F564,2017,Services,429,7.19,0,6
F564,2018,Services,442,9.25,0,7
F564,2019,Services,456,3.33,0,8
F564,2020,Services,469,3.48,0,9
F564,2021,Services,483,5.61,0,10
F564,2022,Services,498,4.52,0,11
F564,2023,Services,513,1.25,0,12
F564,2024,Services,528,3.53,0,13
F564,2025,Services,544,8.28,0,14
F565,2010,Healthcare,485,14.5,0,5
F565,2011,Healthcare,500,12.27,0,6
F565,2012,Healthcare,515,11.08,1,0
F565,2013,Healthcare,530,12.11,0,1
F565,2014,Healthcare,546,9.67,0,2
F565,2015,Healthcare,563,8.73,0,3
F565,2016,Healthcare,580,8.9,0,4
F565,2017,Healthcare,597,8.01,0,5
F565,2018,Healthcare,615,4.63,0,6
F565,2019,Healthcare,633,7.34,0,7
F565,2020,Healthcare,652,7.77,0,8
F565,2021,Healthcare,672,6.62,0,9
F565,2022,Healthcare,692,10.09,0,10
F565,2023,Healthcare,713,4.68,0,11
F565,2024,Healthcare,734,7.65,1,0
F565,2025,Healthcare,756,5.15,0,1
F566,2010,Healthcare,643,6.04,0,6
F566,2011,Healthcare,662,9.28,0,7
F566,2012,Healthcare,682,6.92,0,8
F566,2013,Healthcare,703,8.3,0,9
F566,2014,Healthcare,724,5.95,0,10
F566,2015,Healthcare,745,6.43,0,11
F566,2016,Healthcare,768,5.43,0,12
F566,2017,Healthcare,791,3.54,0,13
F566,2018,Healthcare,814,10.48,1,0
F566,2019,Healthcare,839,8.61,0,1
F566,2020,Healthcare,864,5.35,0,2
F566,2021,Healthcare,890,9.17,0,3
F566,2022,Healthcare,917,10.1,0,4
F566,2023,Healthcare,944,6.79,0,5
F566,2024,Healthcare,973,8.65,0,6
F566,2025,Healthcare,1002,5.86,0,7
F567,2010,Industrial,391,7.24,0,2
F567,2011,Industrial,403,6.1,0,3
F567,2012,Industrial,415,6.12,0,4
F567,2013,Industrial,428,3.86,0,5
F567,2014,Industrial,440,9.65,0,6
F567,2015,Industrial,454,5.67,0,7
F567,2016,Industrial,467,8.15,0,8
F567,2017,Industrial,481,9.77,0,9
F567,2018,Industrial,496,5.43,0,10
F567,2019,Industrial,511,6.68,0,11
F567,2020,Industrial,526,10.5,0,12
F567,2021,Industrial,542,7.92,0,13
F567,2022,Industrial,558,8.02,0,14
F567,2023,Industrial,575,6.47,0,15
F567,2024,Industrial,592,6.16,0,16
F567,2025,Industrial,610,1.36,1,0
F568,2010,Services,400,6.29,0,4
F568,2011,Services,412,1.16,0,5
F568,2012,Services,424,2.59,0,6
F568,2013,Services,437,4.55,0,7
F568,2014,Services,450,4.85,0,8
F568,2015,Services,463,2.16,0,9
F568,2016,Services,477,2.45,0,10
F568,2017,Services,492,-0.07,0,11
F568,2018,Services,506,6.36,0,12
F568,2019,Services,521,3.39,0,13
F568,2020,Services,537,3.57,0,14
F568,2021,Services,553,6.32,0,15
F568,2022,Services,570,6.85,0,16
F568,2023,Services,587,5.22,0,17
F568,2024,Services,605,3.82,0,18
F568,2025,Services,623,4.93,1,0
F569,2010,Services,327,5.99,0,0
F569,2011,Services,337,9.66,0,1
F569,2012,Services,347,9.21,0,2
F569,2013,Services,357,3.87,0,3
F569,2014,Services,368,4.69,0,4
F569,2015,Services,379,0.59,0,5
F569,2016,Services,390,5.15,1,0
F569,2017,Services,402,8.39,0,1
F569,2018,Services,414,10.03,0,2
F569,2019,Services,426,7.88,0,3
F569,2020,Services,439,10.05,0,4
F569,2021,Services,452,9.33,0,5
F569,2022,Services,466,15.32,0,6
F569,2023,Services,480,13.57,0,7
F569,2024,Services,494,11.85,0,8
F569,2025,Services,509,10.11,0,9
F570,2010,Materials,534,7.99,0,4
F570,2011,Materials,550,14.17,0,5
F570,2012,Materials,566,7.83,1,0
F570,2013,Materials,583,6.42,0,1
F570,2014,Materials,601,12.36,0,2
F570,2015,Materials,619,14.13,0,3
F570,2016,Materials,637,11.48,0,4
F570,2017,Materials,657,12.99,0,5
F570,2018,Materials,676,7.92,0,6
F570,2019,Materials,697,6.61,0,7
F570,2020,Materials,717,12.13,0,8
F570,2021,Materials,739,7.46,0,9
F570,2022,Materials,761,10.97,0,10
F570,2023,Materials,784,10.85,0,11
F570,2024,Materials,807,9.9,0,12
F570,2025,Materials,832,10.02,0,13
F571,2010,Services,462,11.38,0,6
F571,2011,Services,476,11.3,0,7
F571,2012,Services,490,7.18,0,8
F571,2013,Services,505,7.8,1,0
F571,2014,Services,520,5.04,0,1
F571,2015,Services,535,5.91,0,2
F571,2016,Services,552,10.08,0,3
F571,2017,Services,568,10.73,0,4
F571,2018,Services,585,7.19,0,5
F571,2019,Services,603,10.54,0,6
F571,2020,Services,621,6.23,1,0
F571,2021,Services,639,6.2,0,1
F571,2022,Services,659,7.44,0,2
F571,2023,Services,678,9.69,0,3
F571,2024,Services,699,7.66,0,4
F571,2025,Services,720,9.61,0,5
F572,2010,Services,604,-1.49,0,0
F572,2011,Services,622,3.81,0,1
F572,2012,Services,641,0.55,0,2
F572,2013,Services,660,2.61,0,3
F572,2014,Services,680,-4.17,0,4
F572,2015,Services,700,-3.9,0,5
F572,2016,Services,721,2.53,1,0
F572,2017,Services,743,-0.43,0,1
F572,2018,Services,765,-2.96,0,2
F572,2019,Services,788,0.73,1,0
F572,2020,Services,812,5.83,0,1
F572,2021,Services,836,2.81,0,2
F572,2022,Services,861,3.37,0,3
F572,2023,Services,887,-0.15,0,4
F572,2024,Services,913,0.18,0,5
F572,2025,Services,941,-0.15,1,0
F573,2010,Industrial,582,1.05,0,3
F573,2011,Industrial,599,-1.86,0,4
F573,2012,Industrial,617,2.37,0,5
F573,2013,Industrial,636,-1.23,0,6
F573,2014,Industrial,655,3.17,0,7
F573,2015,Industrial,674,2.54,0,8
F573,2016,Industrial,695,2.11,0,9
F573,2017,Industrial,715,-2.83,0,10
F573,2018,Industrial,737,-0.68,0,11
F573,2019,Industrial,759,-1.63,0,12
F573,2020,Industrial,782,1.06,0,13
F573,2021,Industrial,805,0.71,0,14
F573,2022,Industrial,829,1.73,0,15
F573,2023,Industrial,854,2.84,0,16
F573,2024,Industrial,880,0.21,0,17
F573,2025,Industrial,906,-0.67,0,18
F574,2010,Services,611,3.19,0,3
F574,2011,Services,629,5.05,0,4
F574,2012,Services,648,6.48,0,5
F574,2013,Services,667,3.41,0,6
F574,2014,Services,687,-0.47,0,7
F574,2015,Services,708,-0.55,1,0
F574,2016,Services,729,-0.44,0,1
F574,2017,Services,751,-0.63,0,2
F574,2018,Services,774,2.95,0,3
F574,2019,Services,797,-0.9,0,4
F574,2020,Services,821,6.55,0,5
F574,2021,Services,845,3.79,0,6
F574,2022,Services,871,2.61,0,7
F574,2023,Services,897,2.26,0,8
F574,2024,Services,924,0.68,0,9
F574,2025,Services,951,3.77,0,10
F575,2010,Services,545,8.16,0,5
F575,2011,Services,561,6.81,0,6
F575,2012,Services,578,7.52,0,7
F575,2013,Services,595,6.67,0,8
F575,2014,Services,613,6.26,0,9
F575,2015,Services,632,1.0,1,0
F575,2016,Services,650,0.51,0,1
F575,2017,Services,670,5.28,1,0
F575,2018,Services,690,9.2,0,1
F575,2019,Services,711,5.15,0,2
F575,2020,Services,732,15.2,0,3
F575,2021,Services,754,9.64,0,4
F575,2022,Services,777,10.72,0,5
F575,2023,Services,800,8.05,0,6
F575,2024,Services,824,8.97,0,7
F575,2025,Services,849,9.55,0,8
F576,2010,Consumer,471,-0.24,0,1
F576,2011,Consumer,485,3.43,1,0
F576,2012,Consumer,499,3.28,0,1
F576,2013,Consumer,514,10.12,0,2
F576,2014,Consumer,530,3.45,0,3
F576,2015,Consumer,546,8.68,0,4
F576,2016,Consumer,562,4.11,0,5
F576,2017,Consumer,579,1.24,0,6
F576,2018,Consumer,596,2.03,0,7
F576,2019,Consumer,614,5.5,0,8
F576,2020,Consumer,633,7.48,0,9
F576,2021,Consumer,652,8.97,0,10
F576,2022,Consumer,671,4.43,0,11
F576,2023,Consumer,691,9.51,1,0
F576,2024,Consumer,712,3.48,0,1
F576,2025,Consumer,733,4.21,0,2
F577,2010,Tech,244,4.6,0,3
F577,2011,Tech,251,7.34,0,4
F577,2012,Tech,259,4.02,0,5
F577,2013,Tech,267,7.44,0,6
F577,2014,Tech,275,6.05,0,7
F577,2015,Tech,283,3.73,0,8
F577,2016,Tech,291,4.99,0,9
F577,2017,Tech,300,5.19,0,10
F577,2018,Tech,309,3.32,0,11
F577,2019,Tech,318,4.02,0,12
F577,2020,Tech,328,3.19,0,13
F577,2021,Tech,338,3.03,0,14
F577,2022,Tech,348,5.22,0,15
F577,2023,Tech,358,8.98,0,16
F577,2024,Tech,369,1.43,0,17
F577,2025,Tech,380,3.23,0,18
F578,2010,Consumer,355,6.02,0,0
F578,2011,Consumer,365,3.45,0,1
F578,2012,Consumer,376,0.18,0,2
F578,2013,Consumer,388,4.66,0,3
F578,2014,Consumer,399,5.38,0,4
F578,2015,Consumer,411,2.65,0,5
F578,2016,Consumer,424,1.57,1,0
F578,2017,Consumer,436,2.32,0,1
F578,2018,Consumer,449,3.37,0,2
F578,2019,Consumer,463,4.04,1,0
F578,2020,Consumer,477,7.18,0,1
F578,2021,Consumer,491,3.14,0,2
F578,2022,Consumer,506,6.69,0,3
F578,2023,Consumer,521,7.73,0,4
F578,2024,Consumer,537,9.23,0,5
F578,2025,Consumer,553,4.52,0,6
F579,2010,Materials,925,5.01,0,1
F579,2011,Materials,953,9.26,0,2
F579,2012,Materials,982,9.08,0,3
F579,2013,Materials,1011,9.28,0,4
F579,2014,Materials,1041,8.57,0,5
F579,2015,Materials,1073,6.7,0,6
F579,2016,Materials,1105,8.42,0,7
F579,2017,Materials,1138,8.6,0,8
F579,2018,Materials,1172,3.46,1,0
F579,2019,Materials,1207,7.6,0,1
F579,2020,Materials,1243,4.97,0,2
F579,2021,Materials,1281,8.76,0,3
F579,2022,Materials,1319,10.21,0,4
F579,2023,Materials,1359,8.92,0,5
F579,2024,Materials,1399,4.96,0,6
F579,2025,Materials,1441,4.49,0,7
F580,2010,Materials,528,3.38,0,3
F580,2011,Materials,544,1.98,0,4
F580,2012,Materials,560,-1.58,0,5
F580,2013,Materials,577,-5.85,0,6
F580,2014,Materials,594,0.62,1,0
F580,2015,Materials,612,0.23,0,1
F580,2016,Materials,630,4.23,0,2
F580,2017,Materials,649,2.86,0,3
F580,2018,Materials,668,5.85,0,4
F580,2019,Materials,689,2.99,0,5
F580,2020,Materials,709,-3.82,0,6
F580,2021,Materials,730,-2.17,0,7
F580,2022,Materials,752,0.05,0,8
F580,2023,Materials,775,3.31,0,9
F580,2024,Materials,798,4.32,0,10
F580,2025,Materials,822,3.28,0,11
F581,2010,Materials,556,12.39,0,6
F581,2011,Materials,573,13.67,0,7
F581,2012,Materials,590,8.28,0,8
F581,2013,Materials,608,10.59,0,9
F581,2014,Materials,626,9.9,0,10
F581,2015,Materials,645,8.11,0,11
F581,2016,Materials,664,10.45,0,12
F581,2017,Materials,684,5.38,0,13
F581,2018,Materials,705,7.45,0,14
F581,2019,Materials,726,9.06,0,15
F581,2020,Materials,748,13.09,0,16
F581,2021,Materials,770,12.37,0,17
F581,2022,Materials,793,8.02,0,18
F581,2023,Materials,817,7.8,0,19
F581,2024,Materials,841,3.48,0,20
F581,2025,Materials,867,8.94,0,21
F582,2010,Industrial,602,6.51,0,2
F582,2011,Industrial,620,9.94,0,3
F582,2012,Industrial,639,9.26,0,4
F582,2013,Industrial,658,8.94,0,5
F582,2014,Industrial,678,10.68,0,6
F582,2015,Industrial,698,13.22,0,7
F582,2016,Industrial,719,10.31,0,8
F582,2017,Industrial,741,11.44,1,0
F582,2018,Industrial,763,10.56,0,1
F582,2019,Industrial,786,7.47,1,0
F582,2020,Industrial,809,7.13,0,1
F582,2021,Industrial,834,11.59,0,2
F582,2022,Industrial,859,1.34,0,3
F582,2023,Industrial,884,5.73,1,0
F582,2024,Industrial,911,-0.11,0,1
F582,2025,Industrial,938,7.1,1,0
F583,2010,Industrial,192,7.15,0,6
F583,2011,Industrial,197,6.93,0,7
F583,2012,Industrial,203,10.01,0,8
F583,2013,Industrial,209,3.69,0,9
F583,2014,Industrial,216,6.14,0,10
F583,2015,Industrial,222,4.77,1,0
F583,2016,Industrial,229,4.6,0,1
F583,2017,Industrial,236,2.93,0,2
F583,2018,Industrial,243,6.19,0,3
F583,2019,Industrial,250,0.41,0,4
F583,2020,Industrial,257,0.98,0,5
F583,2021,Industrial,265,-3.45,0,6
F583,2022,Industrial,273,4.35,1,0
F583,2023,Industrial,281,3.22,0,1
F583,2024,Industrial,290,2.79,0,2
F583,2025,Industrial,298,9.6,0,3
F584,2010,Industrial,413,6.63,0,1
F584,2011,Industrial,425,4.16,0,2
F584,2012,Industrial,438,5.73,0,3
F584,2013,Industrial,451,5.37,0,4
F584,2014,Industrial,465,5.94,0,5
F584,2015,Industrial,479,4.34,0,6
F584,2016,Industrial,493,4.4,0,7
F584,2017,Industrial,508,3.91,0,8
F584,2018,Industrial,523,9.17,0,9
F584,2019,Industrial,539,9.29,0,10
F584,2020,Industrial,555,10.16,0,11
F584,2021,Industrial,572,11.61,0,12
F584,2022,Industrial,589,11.74,0,13
F584,2023,Industrial,606,9.16,0,14
F584,2024,Industrial,625,4.44,0,15
F584,2025,Industrial,643,8.45,0,16
F585,2010,Tech,563,4.61,0,1
F585,2011,Tech,580,4.42,0,2
F585,2012,Tech,597,-2.34,0,3
F585,2013,Tech,615,-0.46,0,4
F585,2014,Tech,634,3.23,0,5
F585,2015,Tech,653,3.99,0,6
F585,2016,Tech,672,-3.92,0,7
F585,2017,Tech,692,6.02,1,0
F585,2018,Tech,713,1.03,0,1
F585,2019,Tech,734,2.62,0,2
F585,2020,Tech,756,4.34,0,3
F585,2021,Tech,779,8.88,1,0
F585,2022,Tech,803,6.03,0,1
F585,2023,Tech,827,4.39,0,2
F585,2024,Tech,851,5.2,0,3
F585,2025,Tech,877,8.2,0,4
F586,2010,Healthcare,289,2.98,0,2
F586,2011,Healthcare,297,3.29,0,3
F586,2012,Healthcare,306,3.63,0,4
F586,2013,Healthcare,316,7.54,0,5
F586,2014,Healthcare,325,2.05,1,0
F586,2015,Healthcare,335,5.94,0,1
F586,2016,Healthcare,345,5.97,0,2
F586,2017,Healthcare,355,2.81,0,3
F586,2018,Healthcare,366,-1.03,0,4
F586,2019,Healthcare,377,7.44,1,0
F586,2020,Healthcare,388,7.36,0,1
F586,2021,Healthcare,400,3.61,0,2
F586,2022,Healthcare,412,4.67,0,3
F586,2023,Healthcare,424,1.34,0,4
F586,2024,Healthcare,437,8.91,1,0
F586,2025,Healthcare,450,12.06,0,1
F587,2010,Tech,351,7.89,0,4
F587,2011,Tech,361,4.61,0,5
F587,2012,Tech,372,6.75,0,6
F587,2013,Tech,383,11.25,0,7
F587,2014,Tech,395,8.27,0,8
F587,2015,Tech,407,3.53,0,9
F587,2016,Tech,419,5.86,0,10
F587,2017,Tech,432,9.08,0,11
F587,2018,Tech,445,2.16,0,12
F587,2019,Tech,458,5.88,0,13
F587,2020,Tech,472,6.44,0,14
F587,2021,Tech,486,5.78,0,15
F587,2022,Tech,500,2.41,0,16
F587,2023,Tech,515,3.17,0,17
F587,2024,Tech,531,1.74,0,18
F587,2025,Tech,547,5.35,0,19
F588,2010,Services,360,0.85,0,6
F588,2011,Services,371,1.03,0,7
F588,2012,Services,382,0.77,0,8
F588,2013,Services,393,3.23,1,0
F588,2014,Services,405,0.78,0,1
F588,2015,Services,417,0.15,0,2
F588,2016,Services,430,1.42,1,0
F588,2017,Services,443,-0.54,0,1
F588,2018,Services,456,2.85,0,2
F588,2019,Services,470,1.47,0,3
F588,2020,Services,484,0.1,0,4
F588,2021,Services,498,5.72,0,5
F588,2022,Services,513,4.17,0,6
F588,2023,Services,529,3.53,0,7
F588,2024,Services,544,1.81,0,8
F588,2025,Services,561,2.02,0,9
F589,2010,Materials,761,11.25,0,6
F589,2011,Materials,784,7.91,0,7
F589,2012,Materials,808,7.63,0,8
F589,2013,Materials,832,12.69,0,9
F589,2014,Materials,857,10.78,0,10
F589,2015,Materials,883,8.36,0,11
F589,2016,Materials,909,6.4,0,12
F589,2017,Materials,936,9.83,0,13
F589,2018,Materials,964,12.44,0,14
F589,2019,Materials,993,8.91,0,15
F589,2020,Materials,1023,7.59,0,16
F589,2021,Materials,1054,8.06,0,17
F589,2022,Materials,1086,8.23,0,18
F589,2023,Materials,1118,12.27,0,19
F589,2024,Materials,1152,13.98,0,20
F589,2025,Materials,1186,10.25,0,21
F590,2010,Healthcare,834,7.69,0,2
F590,2011,Healthcare,859,6.15,0,3
F590,2012,Healthcare,885,4.21,0,4
F590,2013,Healthcare,911,6.66,0,5
F590,2014,Healthcare,938,10.32,0,6
F590,2015,Healthcare,967,7.45,0,7
F590,2016,Healthcare,996,4.76,0,8
F590,2017,Healthcare,1025,5.67,0,9
F590,2018,Healthcare,1056,6.21,0,10
F590,2019,Healthcare,1088,10.52,0,11
F590,2020,Healthcare,1121,6.45,0,12
F590,2021,Healthcare,1154,6.51,0,13
F590,2022,Healthcare,1189,4.98,0,14
F590,2023,Healthcare,1224,5.22,0,15
F590,2024,Healthcare,1261,3.92,0,16
F590,2025,Healthcare,1299,6.34,0,17
F591,2010,Materials,573,4.06,0,0
F591,2011,Materials,590,3.75,0,1
F591,2012,Materials,608,2.63,0,2
F591,2013,Materials,626,0.17,1,0
F591,2014,Materials,645,7.98,1,0
F591,2015,Materials,664,7.93,0,1
F591,2016,Materials,684,5.97,0,2
F591,2017,Materials,705,7.75,0,3
F591,2018,Materials,726,4.68,0,4
F591,2019,Materials,748,1.82,0,5
F591,2020,Materials,770,5.85,0,6
F591,2021,Materials,793,6.53,0,7
F591,2022,Materials,817,4.74,0,8
F591,2023,Materials,841,7.46,0,9
F591,2024,Materials,867,7.71,0,10
F591,2025,Materials,893,3.66,0,11
F592,2010,Services,434,6.6,0,3
F592,2011,Services,447,3.93,0,4
F592,2012,Services,461,3.88,1,0
F592,2013,Services,475,9.38,0,1
F592,2014,Services,489,2.64,0,2
F592,2015,Services,504,4.53,0,3
F592,2016,Services,519,5.17,0,4
F592,2017,Services,534,3.88,0,5
F592,2018,Services,550,8.1,1,0
F592,2019,Services,567,0.89,0,1
F592,2020,Services,584,4.32,0,2
F592,2021,Services,601,5.52,0,3
F592,2022,Services,619,7.38,0,4
F592,2023,Services,638,6.48,0,5
F592,2024,Services,657,10.57,0,6
F592,2025,Services,677,8.12,0,7
F593,2010,Industrial,298,3.06,0,1
F593,2011,Industrial,307,0.46,0,2
F593,2012,Industrial,317,7.49,1,0
F593,2013,Industrial,326,4.28,0,1
F593,2014,Industrial,336,6.76,0,2
F593,2015,Industrial,346,1.6,0,3
F593,2016,Industrial,356,2.85,1,0
F593,2017,Industrial,367,7.91,0,1
F593,2018,Industrial,378,7.29,0,2
F593,2019,Industrial,389,4.68,0,3
F593,2020,Industrial,401,0.54,0,4
F593,2021,Industrial,413,4.43,1,0
F593,2022,Industrial,425,1.91,0,1
F593,2023,Industrial,438,5.72,1,0
F593,2024,Industrial,451,1.42,0,1
F593,2025,Industrial,465,3.38,1,0
F594,2010,Healthcare,347,4.38,0,4
F594,2011,Healthcare,358,9.93,0,5
F594,2012,Healthcare,368,10.03,0,6
F594,2013,Healthcare,379,9.2,1,0
F594,2014,Healthcare,391,6.78,0,1
F594,2015,Healthcare,402,3.36,0,2
F594,2016,Healthcare,415,3.31,0,3
F594,2017,Healthcare,427,3.14,0,4
F594,2018,Healthcare,440,3.5,1,0
F594,2019,Healthcare,453,5.22,0,1
F594,2020,Healthcare,467,4.32,0,2
F594,2021,Healthcare,481,5.03,0,3
F594,2022,Healthcare,495,6.96,0,4
F594,2023,Healthcare,510,2.19,0,5
F594,2024,Healthcare,525,6.06,0,6
F594,2025,Healthcare,541,8.52,0,7
F595,2010,Services,419,5.04,0,5
F595,2011,Services,431,0.3,0,6
F595,2012,Services,444,5.85,0,7
F595,2013,Services,457,3.66,0,8
F595,2014,Services,471,3.09,0,9
F595,2015,Services,485,5.51,0,10
F595,2016,Services,500,2.78,0,11
F595,2017,Services,515,2.88,0,12
F595,2018,Services,530,7.37,0,13
F595,2019,Services,546,4.11,0,14
F595,2020,Services,562,4.14,0,15
F595,2021,Services,579,4.73,0,16
F595,2022,Services,597,3.78,0,17
F595,2023,Services,615,1.53,0,18
F595,2024,Services,633,4.15,1,0
F595,2025,Services,652,8.05,0,1
F596,2010,Tech,484,12.33,0,4
F596,2011,Tech,498,9.4,0,5
F596,2012,Tech,513,7.97,0,6
F596,2013,Tech,528,9.26,0,7
F596,2014,Tech,544,9.57,0,8
F596,2015,Tech,561,10.09,1,0
F596,2016,Tech,577,10.7,0,1
F596,2017,Tech,595,9.64,0,2
F596,2018,Tech,613,6.69,0,3
F596,2019,Tech,631,9.85,0,4
F596,2020,Tech,650,9.16,0,5
F596,2021,Tech,669,8.47,0,6
F596,2022,Tech,689,5.19,0,7
F596,2023,Tech,710,10.79,0,8
F596,2024,Tech,731,15.08,0,9
F596,2025,Tech,753,16.89,0,10
F597,2010,Materials,788,6.5,0,6
F597,2011,Materials,812,6.88,0,7
F597,2012,Materials,836,6.16,0,8
F597,2013,Materials,861,5.58,0,9
F597,2014,Materials,887,5.67,1,0
F597,2015,Materials,914,10.05,1,0
F597,2016,Materials,941,10.52,0,1
F597,2017,Materials,970,9.77,0,2
F597,2018,Materials,999,3.94,0,3
F597,2019,Materials,1029,5.07,0,4
F597,2020,Materials,1059,5.93,1,0
F597,2021,Materials,1091,7.61,0,1
F597,2022,Materials,1124,7.15,0,2
F597,2023,Materials,1158,9.95,1,0
F597,2024,Materials,1192,10.65,0,1
F597,2025,Materials,1228,10.71,0,2
F598,2010,Consumer,696,7.54,0,0
F598,2011,Consumer,717,11.95,0,1
F598,2012,Consumer,738,6.67,0,2
F598,2013,Consumer,760,8.25,0,3
F598,2014,Consumer,783,8.75,0,4
F598,2015,Consumer,807,7.35,0,5
F598,2016,Consumer,831,3.56,0,6
F598,2017,Consumer,856,6.73,0,7
F598,2018,Consumer,882,8.65,0,8
F598,2019,Consumer,908,7.15,0,9
F598,2020,Consumer,935,4.98,0,10
F598,2021,Consumer,963,3.12,1,0
F598,2022,Consumer,992,7.04,0,1
F598,2023,Consumer,1022,3.65,0,2
F598,2024,Consumer,1053,7.8,0,3
F598,2025,Consumer,1084,8.95,0,4
F599,2010,Industrial,599,5.24,0,3
F599,2011,Industrial,617,-0.17,0,4
F599,2012,Industrial,635,3.41,0,5
F599,2013,Industrial,654,2.97,0,6
F599,2014,Industrial,674,4.66,1,0
F599,2015,Industrial,694,2.64,0,1
F599,2016,Industrial,715,6.53,0,2
F599,2017,Industrial,736,3.83,0,3
F599,2018,Industrial,759,6.77,0,4
F599,2019,Industrial,781,6.92,0,5
F599,2020,Industrial,805,9.91,0,6
F599,2021,Industrial,829,6.55,0,7
F599,2022,Industrial,854,7.67,0,8
F599,2023,Industrial,879,9.78,1,0
F599,2024,Industrial,906,3.73,0,1
F599,2025,Industrial,933,10.18,0,2
F600,2010,Services,493,12.6,0,4
F600,2011,Services,508,9.06,0,5
F600,2012,Services,523,6.06,0,6
F600,2013,Services,539,6.83,0,7
F600,2014,Services,555,1.86,0,8
F600,2015,Services,572,7.62,1,0
F600,2016,Services,589,9.61,0,1
F600,2017,Services,607,12.04,0,2
F600,2018,Services,625,9.97,0,3
F600,2019,Services,644,9.87,0,4
F600,2020,Services,663,7.04,0,5
F600,2021,Services,683,10.65,0,6
F600,2022,Services,703,11.67,0,7
F600,2023,Services,724,11.87,0,8
F600,2024,Services,746,10.58,0,9
F600,2025,Services,769,6.34,0,10
