store,region,week,price,units_sold,promotion,competitor_price,avg_temp_f,holiday_week,store_sqft,area_median_income,urban
S01,Northeast,2023-10-02,11.81,248,0,12.04,53,0,23600,52000,1
S01,Northeast,2023-10-09,12.69,171,0,11.09,63,0,23600,52000,1
S01,Northeast,2023-10-16,11.73,228,0,12.13,61,0,23600,52000,1
S01,Northeast,2023-10-23,12.3,336,0,12.52,50,0,23600,52000,1
S01,Northeast,2023-10-30,11.85,239,0,11.98,44,0,23600,52000,1
S01,Northeast,2023-11-06,13.26,527,1,11.41,40,0,23600,52000,1
S01,Northeast,2023-11-13,11.92,379,0,12.38,37,0,23600,52000,1
S01,Northeast,2023-11-20,12.28,342,0,13.83,41,1,23600,52000,1
S01,Northeast,2023-11-27,12.31,258,0,12.31,36,0,23600,52000,1
S01,Northeast,2023-12-04,12.2,330,0,12.31,33,0,23600,52000,1
S01,Northeast,2023-12-11,12.05,347,0,11.95,37,0,23600,52000,1
S01,Northeast,2023-12-18,12.95,280,0,12.47,48,0,23600,52000,1
S01,Northeast,2023-12-25,12.97,626,0,12.26,32,1,23600,52000,1
S01,Northeast,2024-01-01,13.69,647,0,13.02,32,1,23600,52000,1
S01,Northeast,2024-01-08,12.5,448,0,13.21,34,0,23600,52000,1
S01,Northeast,2024-01-15,12.01,294,0,12.44,36,0,23600,52000,1
S01,Northeast,2024-01-22,11.53,343,0,11.49,20,0,23600,52000,1
S01,Northeast,2024-01-29,12.06,392,0,11.78,24,0,23600,52000,1
S01,Northeast,2024-02-05,11.85,465,0,12.61,34,0,23600,52000,1
S01,Northeast,2024-02-12,11.63,307,0,12.16,37,0,23600,52000,1
S01,Northeast,2024-02-19,12.44,411,0,11.44,29,0,23600,52000,1
S01,Northeast,2024-02-26,13.72,467,1,12.88,32,0,23600,52000,1
S01,Northeast,2024-03-04,13.37,380,0,12.28,41,0,23600,52000,1
S01,Northeast,2024-03-11,12.28,357,0,12.38,37,0,23600,52000,1
S01,Northeast,2024-03-18,12.47,298,0,11.81,38,0,23600,52000,1
S01,Northeast,2024-03-25,11.71,311,0,10.81,37,0,23600,52000,1
S01,Northeast,2024-04-01,11.86,256,0,11.41,44,0,23600,52000,1
S01,Northeast,2024-04-08,12.16,248,0,10.93,49,0,23600,52000,1
S01,Northeast,2024-04-15,12.09,195,0,12.64,47,0,23600,52000,1
S01,Northeast,2024-04-22,12.31,226,0,12.47,60,0,23600,52000,1
S01,Northeast,2024-04-29,12.05,253,0,11.35,59,0,23600,52000,1
S01,Northeast,2024-05-06,12.02,226,0,12.51,65,0,23600,52000,1
S01,Northeast,2024-05-13,12.98,190,0,12.04,55,0,23600,52000,1
S01,Northeast,2024-05-20,12.31,181,0,12.7,68,0,23600,52000,1
S01,Northeast,2024-05-27,11.83,172,0,11.54,68,1,23600,52000,1
S01,Northeast,2024-06-03,10.94,174,0,11.92,70,0,23600,52000,1
S01,Northeast,2024-06-10,12.22,173,0,12.27,71,0,23600,52000,1
S01,Northeast,2024-06-17,13.09,214,1,11.96,71,0,23600,52000,1
S01,Northeast,2024-06-24,12.87,225,0,11.64,64,0,23600,52000,1
S01,Northeast,2024-07-01,12.05,202,0,11.9,71,1,23600,52000,1
S01,Northeast,2024-07-08,11.98,149,0,11.33,71,0,23600,52000,1
S01,Northeast,2024-07-15,12.57,135,0,12.62,75,0,23600,52000,1
S01,Northeast,2024-07-22,12.86,226,0,12.49,66,0,23600,52000,1
S01,Northeast,2024-07-29,11.78,191,0,11.9,76,0,23600,52000,1
S01,Northeast,2024-08-05,12.74,212,0,11.97,68,0,23600,52000,1
S01,Northeast,2024-08-12,12.71,212,0,12.02,57,0,23600,52000,1
S01,Northeast,2024-08-19,12.87,200,0,13.63,67,0,23600,52000,1
S01,Northeast,2024-08-26,12.69,276,0,12.85,72,0,23600,52000,1
S01,Northeast,2024-09-02,11.58,163,0,11.61,75,1,23600,52000,1
S01,Northeast,2024-09-09,11.8,121,0,11.46,69,0,23600,52000,1
S01,Northeast,2024-09-16,12.12,257,1,12.64,62,0,23600,52000,1
S01,Northeast,2024-09-23,12.16,205,0,12.55,55,0,23600,52000,1
S01,Northeast,2024-09-30,12.03,181,0,11.6,55,0,23600,52000,1
S01,Northeast,2024-10-07,11.32,179,0,13.26,55,0,23600,52000,1
S01,Northeast,2024-10-14,14.26,393,1,13.12,49,0,23600,52000,1
S01,Northeast,2024-10-21,11.97,266,0,12.79,55,0,23600,52000,1
S01,Northeast,2024-10-28,13.33,313,0,12.38,45,0,23600,52000,1
S01,Northeast,2024-11-04,14.27,376,0,13.91,46,0,23600,52000,1
S01,Northeast,2024-11-11,13.59,405,0,13.59,42,0,23600,52000,1
S01,Northeast,2024-11-18,13.56,412,1,12.41,38,0,23600,52000,1
S01,Northeast,2024-11-25,12.97,296,0,12.06,40,1,23600,52000,1
S01,Northeast,2024-12-02,13.11,454,0,12.64,30,0,23600,52000,1
S01,Northeast,2024-12-09,12.31,265,0,11.45,28,0,23600,52000,1
S01,Northeast,2024-12-16,11.78,252,0,12.43,28,0,23600,52000,1
S01,Northeast,2024-12-23,11.27,374,0,10.86,34,1,23600,52000,1
S01,Northeast,2024-12-30,13.49,455,1,12.43,39,1,23600,52000,1
S01,Northeast,2025-01-06,13.56,308,0,12.45,34,0,23600,52000,1
S01,Northeast,2025-01-13,12.03,317,0,10.86,34,0,23600,52000,1
S01,Northeast,2025-01-20,12.19,359,0,11.28,40,0,23600,52000,1
S01,Northeast,2025-01-27,11.82,306,0,10.58,31,0,23600,52000,1
S01,Northeast,2025-02-03,13.51,341,0,11.89,30,0,23600,52000,1
S01,Northeast,2025-02-10,12.34,299,1,11.81,36,0,23600,52000,1
S01,Northeast,2025-02-17,13.5,255,0,11.56,35,0,23600,52000,1
S01,Northeast,2025-02-24,12.21,263,0,12.24,32,0,23600,52000,1
S01,Northeast,2025-03-03,12.79,358,0,11.45,29,0,23600,52000,1
S01,Northeast,2025-03-10,13.06,301,0,11.39,35,0,23600,52000,1
S01,Northeast,2025-03-17,11.68,279,0,12.12,32,0,23600,52000,1
S01,Northeast,2025-03-24,12.97,164,0,12.52,48,0,23600,52000,1
S01,Northeast,2025-03-31,12.87,232,0,11.49,49,0,23600,52000,1
S01,Northeast,2025-04-07,12.0,166,0,10.92,45,0,23600,52000,1
S01,Northeast,2025-04-14,13.99,298,0,12.47,52,0,23600,52000,1
S01,Northeast,2025-04-21,9.99,530,0,12.09,53,0,23600,52000,1
S01,Northeast,2025-04-28,9.99,287,0,11.41,61,0,23600,52000,1
S01,Northeast,2025-05-05,11.99,172,0,12.05,59,0,23600,52000,1
S01,Northeast,2025-05-12,13.99,210,0,11.84,56,0,23600,52000,1
S01,Northeast,2025-05-19,13.99,55,0,11.08,56,0,23600,52000,1
S01,Northeast,2025-05-26,9.99,276,0,11.17,70,1,23600,52000,1
S01,Northeast,2025-06-02,11.99,100,0,11.33,63,0,23600,52000,1
S01,Northeast,2025-06-09,11.99,99,0,10.76,71,0,23600,52000,1
S01,Northeast,2025-06-16,11.99,86,0,10.58,65,0,23600,52000,1
S01,Northeast,2025-06-23,13.99,92,0,10.65,66,0,23600,52000,1
S01,Northeast,2025-06-30,9.99,280,0,11.27,81,1,23600,52000,1
S01,Northeast,2025-07-07,12.43,117,0,11.72,74,0,23600,52000,1
S01,Northeast,2025-07-14,12.93,159,0,12.54,68,0,23600,52000,1
S01,Northeast,2025-07-21,12.68,289,0,12.07,69,0,23600,52000,1
S01,Northeast,2025-07-28,12.47,190,0,12.31,75,0,23600,52000,1
S01,Northeast,2025-08-04,12.69,128,0,11.35,76,0,23600,52000,1
S01,Northeast,2025-08-11,12.93,222,0,12.24,66,0,23600,52000,1
S01,Northeast,2025-08-18,12.32,155,1,11.04,76,0,23600,52000,1
S01,Northeast,2025-08-25,12.56,166,0,11.1,72,0,23600,52000,1
S01,Northeast,2025-09-01,11.52,187,0,11.64,69,1,23600,52000,1
S01,Northeast,2025-09-08,11.93,181,1,12.11,67,0,23600,52000,1
S01,Northeast,2025-09-15,12.85,149,0,10.95,71,0,23600,52000,1
S01,Northeast,2025-09-22,11.59,193,0,11.88,55,0,23600,52000,1
S01,Northeast,2025-09-29,11.62,245,0,12.36,59,0,23600,52000,1
S01,Northeast,2025-10-06,11.51,209,0,12.47,59,0,23600,52000,1
S01,Northeast,2025-10-13,10.91,198,0,11.02,58,0,23600,52000,1
S01,Northeast,2025-10-20,11.52,209,0,11.54,50,0,23600,52000,1
S01,Northeast,2025-10-27,10.84,244,0,11.63,47,0,23600,52000,1
S01,Northeast,2025-11-03,10.18,165,0,11.1,58,0,23600,52000,1
S01,Northeast,2025-11-10,11.93,311,1,12.02,41,0,23600,52000,1
S01,Northeast,2025-11-17,10.4,271,0,11.08,43,0,23600,52000,1
S01,Northeast,2025-11-24,11.57,427,0,11.77,40,1,23600,52000,1
S01,Northeast,2025-12-01,11.71,483,0,11.81,38,0,23600,52000,1
S01,Northeast,2025-12-08,10.81,266,0,12.39,35,0,23600,52000,1
S01,Northeast,2025-12-15,11.22,397,0,12.02,35,0,23600,52000,1
S01,Northeast,2025-12-22,11.42,385,0,11.76,35,1,23600,52000,1
S01,Northeast,2025-12-29,11.05,530,0,11.24,22,1,23600,52000,1
S01,Northeast,2026-01-05,10.38,403,0,12.01,33,0,23600,52000,1
S01,Northeast,2026-01-12,9.98,317,0,11.61,26,0,23600,52000,1
S01,Northeast,2026-01-19,11.49,466,0,11.59,27,0,23600,52000,1
S01,Northeast,2026-01-26,10.77,441,0,11.37,27,0,23600,52000,1
S01,Northeast,2026-02-02,11.45,477,0,11.99,28,0,23600,52000,1
S01,Northeast,2026-02-09,11.07,330,0,12.44,34,0,23600,52000,1
S01,Northeast,2026-02-16,10.86,325,0,10.62,23,0,23600,52000,1
S01,Northeast,2026-02-23,11.57,209,0,11.31,37,0,23600,52000,1
S01,Northeast,2026-03-02,10.47,411,1,11.51,33,0,23600,52000,1
S01,Northeast,2026-03-09,11.29,291,0,11.23,31,0,23600,52000,1
S01,Northeast,2026-03-16,12.29,380,1,10.78,48,0,23600,52000,1
S01,Northeast,2026-03-23,12.28,186,0,11.37,45,0,23600,52000,1
S01,Northeast,2026-03-30,13.07,378,0,11.81,44,0,23600,52000,1
S01,Northeast,2026-04-06,12.61,337,0,12.31,44,0,23600,52000,1
S01,Northeast,2026-04-13,11.94,228,0,11.76,51,0,23600,52000,1
S01,Northeast,2026-04-20,12.29,305,1,12.27,52,0,23600,52000,1
S01,Northeast,2026-04-27,12.07,154,0,11.42,60,0,23600,52000,1
S01,Northeast,2026-05-04,11.73,205,0,10.54,52,0,23600,52000,1
S01,Northeast,2026-05-11,11.7,185,0,11.09,57,0,23600,52000,1
S01,Northeast,2026-05-18,11.17,190,0,11.47,63,0,23600,52000,1
S01,Northeast,2026-05-25,11.5,261,0,11.12,62,1,23600,52000,1
S01,Northeast,2026-06-01,11.53,189,0,11.41,63,0,23600,52000,1
S01,Northeast,2026-06-08,11.74,250,0,12.01,79,0,23600,52000,1
S01,Northeast,2026-06-15,11.31,202,0,11.31,65,0,23600,52000,1
S01,Northeast,2026-06-22,11.89,164,0,11.78,70,0,23600,52000,1
S01,Northeast,2026-06-29,11.77,194,0,10.56,73,1,23600,52000,1
S01,Northeast,2026-07-06,12.19,112,0,10.92,73,0,23600,52000,1
S01,Northeast,2026-07-13,12.47,221,0,12.08,70,0,23600,52000,1
S01,Northeast,2026-07-20,11.47,142,0,11.09,79,0,23600,52000,1
S01,Northeast,2026-07-27,11.58,167,0,11.34,68,0,23600,52000,1
S01,Northeast,2026-08-03,11.63,150,0,11.66,66,0,23600,52000,1
S01,Northeast,2026-08-10,11.53,150,0,11.54,76,0,23600,52000,1
S01,Northeast,2026-08-17,11.26,137,0,11.03,72,0,23600,52000,1
S01,Northeast,2026-08-24,12.98,190,1,11.74,68,0,23600,52000,1
S01,Northeast,2026-08-31,12.29,211,0,11.74,71,0,23600,52000,1
S01,Northeast,2026-09-07,12.24,282,0,10.94,69,1,23600,52000,1
S01,Northeast,2026-09-14,12.11,203,0,11.57,59,0,23600,52000,1
S01,Northeast,2026-09-21,11.49,215,0,11.13,64,0,23600,52000,1
S02,Northeast,2023-10-02,11.94,173,0,11.79,64,0,27200,72000,0
S02,Northeast,2023-10-09,11.88,119,0,10.91,49,0,27200,72000,0
S02,Northeast,2023-10-16,11.82,298,0,12.41,60,0,27200,72000,0
S02,Northeast,2023-10-23,12.03,326,0,12.23,57,0,27200,72000,0
S02,Northeast,2023-10-30,12.44,272,0,12.13,42,0,27200,72000,0
S02,Northeast,2023-11-06,12.68,553,1,12.17,42,0,27200,72000,0
S02,Northeast,2023-11-13,13.3,303,0,12.07,51,0,27200,72000,0
S02,Northeast,2023-11-20,13.35,504,0,12.44,42,1,27200,72000,0
S02,Northeast,2023-11-27,12.05,251,0,11.16,47,0,27200,72000,0
S02,Northeast,2023-12-04,12.2,285,0,12.24,35,0,27200,72000,0
S02,Northeast,2023-12-11,11.73,303,0,11.75,29,0,27200,72000,0
S02,Northeast,2023-12-18,12.64,323,0,12.36,36,0,27200,72000,0
S02,Northeast,2023-12-25,12.39,444,0,12.46,36,1,27200,72000,0
S02,Northeast,2024-01-01,13.37,635,0,13.22,37,1,27200,72000,0
S02,Northeast,2024-01-08,12.56,377,0,12.42,28,0,27200,72000,0
S02,Northeast,2024-01-15,12.49,346,0,12.29,36,0,27200,72000,0
S02,Northeast,2024-01-22,12.05,357,0,11.94,36,0,27200,72000,0
S02,Northeast,2024-01-29,11.72,411,0,12.79,23,0,27200,72000,0
S02,Northeast,2024-02-05,11.84,417,0,11.64,30,0,27200,72000,0
S02,Northeast,2024-02-12,12.45,302,0,12.03,35,0,27200,72000,0
S02,Northeast,2024-02-19,12.84,375,0,12.3,37,0,27200,72000,0
S02,Northeast,2024-02-26,13.53,338,1,12.2,40,0,27200,72000,0
S02,Northeast,2024-03-04,13.51,368,0,12.51,29,0,27200,72000,0
S02,Northeast,2024-03-11,11.36,313,0,11.76,38,0,27200,72000,0
S02,Northeast,2024-03-18,12.43,296,0,12.09,43,0,27200,72000,0
S02,Northeast,2024-03-25,12.36,224,0,12.13,53,0,27200,72000,0
S02,Northeast,2024-04-01,11.59,274,0,12.23,46,0,27200,72000,0
S02,Northeast,2024-04-08,11.04,179,0,10.1,47,0,27200,72000,0
S02,Northeast,2024-04-15,13.58,263,0,12.42,54,0,27200,72000,0
S02,Northeast,2024-04-22,13.16,280,0,12.36,54,0,27200,72000,0
S02,Northeast,2024-04-29,12.38,266,0,12.65,51,0,27200,72000,0
S02,Northeast,2024-05-06,12.88,314,0,11.88,51,0,27200,72000,0
S02,Northeast,2024-05-13,12.24,170,0,13.4,72,0,27200,72000,0
S02,Northeast,2024-05-20,13.02,200,0,12.96,62,0,27200,72000,0
S02,Northeast,2024-05-27,12.17,161,0,12.36,68,1,27200,72000,0
S02,Northeast,2024-06-03,10.88,165,0,11.57,66,0,27200,72000,0
S02,Northeast,2024-06-10,12.16,188,0,11.76,69,0,27200,72000,0
S02,Northeast,2024-06-17,13.01,194,1,12.15,73,0,27200,72000,0
S02,Northeast,2024-06-24,12.76,196,0,12.93,73,0,27200,72000,0
S02,Northeast,2024-07-01,11.95,199,0,12.63,67,1,27200,72000,0
S02,Northeast,2024-07-08,11.2,150,0,11.49,72,0,27200,72000,0
S02,Northeast,2024-07-15,12.63,219,0,11.96,63,0,27200,72000,0
S02,Northeast,2024-07-22,13.27,155,0,12.81,72,0,27200,72000,0
S02,Northeast,2024-07-29,11.9,185,0,12.21,72,0,27200,72000,0
S02,Northeast,2024-08-05,13.04,147,0,11.92,79,0,27200,72000,0
S02,Northeast,2024-08-12,12.46,244,0,12.74,72,0,27200,72000,0
S02,Northeast,2024-08-19,12.71,170,0,12.74,76,0,27200,72000,0
S02,Northeast,2024-08-26,13.05,214,0,12.33,68,0,27200,72000,0
S02,Northeast,2024-09-02,11.48,189,0,11.46,75,1,27200,72000,0
S02,Northeast,2024-09-09,11.2,158,0,11.74,61,0,27200,72000,0
S02,Northeast,2024-09-16,11.58,274,1,12.18,60,0,27200,72000,0
S02,Northeast,2024-09-23,12.73,225,0,11.86,56,0,27200,72000,0
S02,Northeast,2024-09-30,12.14,216,0,11.76,50,0,27200,72000,0
S02,Northeast,2024-10-07,11.78,226,0,12.56,58,0,27200,72000,0
S02,Northeast,2024-10-14,14.03,350,1,12.41,44,0,27200,72000,0
S02,Northeast,2024-10-21,13.92,368,0,11.17,49,0,27200,72000,0
S02,Northeast,2024-10-28,13.56,264,0,11.93,52,0,27200,72000,0
S02,Northeast,2024-11-04,13.98,408,0,12.63,48,0,27200,72000,0
S02,Northeast,2024-11-11,14.25,355,0,13.08,38,0,27200,72000,0
S02,Northeast,2024-11-18,13.92,414,1,13.42,44,0,27200,72000,0
S02,Northeast,2024-11-25,12.57,312,0,12.42,35,1,27200,72000,0
S02,Northeast,2024-12-02,13.22,455,0,12.67,33,0,27200,72000,0
S02,Northeast,2024-12-09,11.96,326,0,11.5,34,0,27200,72000,0
S02,Northeast,2024-12-16,12.19,435,0,12.99,40,0,27200,72000,0
S02,Northeast,2024-12-23,11.87,332,0,11.29,37,1,27200,72000,0
S02,Northeast,2024-12-30,12.65,406,1,12.22,34,1,27200,72000,0
S02,Northeast,2025-01-06,12.0,332,0,12.21,25,0,27200,72000,0
S02,Northeast,2025-01-13,11.66,430,0,12.31,27,0,27200,72000,0
S02,Northeast,2025-01-20,12.51,373,0,11.5,31,0,27200,72000,0
S02,Northeast,2025-01-27,12.3,246,0,11.96,33,0,27200,72000,0
S02,Northeast,2025-02-03,12.75,296,0,13.01,34,0,27200,72000,0
S02,Northeast,2025-02-10,12.26,434,1,11.32,25,0,27200,72000,0
S02,Northeast,2025-02-17,13.11,369,0,12.69,30,0,27200,72000,0
S02,Northeast,2025-02-24,12.93,282,0,11.83,33,0,27200,72000,0
S02,Northeast,2025-03-03,11.98,320,0,11.35,34,0,27200,72000,0
S02,Northeast,2025-03-10,12.44,239,0,11.37,43,0,27200,72000,0
S02,Northeast,2025-03-17,12.72,386,0,11.93,35,0,27200,72000,0
S02,Northeast,2025-03-24,13.69,267,0,12.14,33,0,27200,72000,0
S02,Northeast,2025-03-31,11.56,222,0,11.41,44,0,27200,72000,0
S02,Northeast,2025-04-07,12.73,216,0,12.17,55,0,27200,72000,0
S02,Northeast,2025-04-14,13.93,258,0,12.36,49,0,27200,72000,0
S02,Northeast,2025-04-21,12.64,250,0,11.99,61,0,27200,72000,0
S02,Northeast,2025-04-28,12.79,254,1,12.22,55,0,27200,72000,0
S02,Northeast,2025-05-05,13.68,177,0,11.51,56,0,27200,72000,0
S02,Northeast,2025-05-12,12.63,143,0,11.62,62,0,27200,72000,0
S02,Northeast,2025-05-19,11.59,196,1,11.97,61,0,27200,72000,0
S02,Northeast,2025-05-26,13.25,192,0,11.54,61,1,27200,72000,0
S02,Northeast,2025-06-02,11.56,111,0,10.56,75,0,27200,72000,0
S02,Northeast,2025-06-09,11.19,117,0,11.07,69,0,27200,72000,0
S02,Northeast,2025-06-16,11.45,108,1,11.39,68,0,27200,72000,0
S02,Northeast,2025-06-23,11.53,106,0,10.82,72,0,27200,72000,0
S02,Northeast,2025-06-30,12.5,162,0,11.43,76,1,27200,72000,0
S02,Northeast,2025-07-07,12.14,134,0,12.16,73,0,27200,72000,0
S02,Northeast,2025-07-14,13.39,164,0,11.86,70,0,27200,72000,0
S02,Northeast,2025-07-21,12.9,232,0,13.33,71,0,27200,72000,0
S02,Northeast,2025-07-28,12.21,204,0,13.8,73,0,27200,72000,0
S02,Northeast,2025-08-04,12.05,100,0,11.0,59,0,27200,72000,0
S02,Northeast,2025-08-11,12.75,114,0,11.17,73,0,27200,72000,0
S02,Northeast,2025-08-18,12.22,152,1,11.09,71,0,27200,72000,0
S02,Northeast,2025-08-25,11.72,141,0,11.73,85,0,27200,72000,0
S02,Northeast,2025-09-01,11.91,215,0,11.2,70,1,27200,72000,0
S02,Northeast,2025-09-08,12.15,266,1,12.49,58,0,27200,72000,0
S02,Northeast,2025-09-15,11.8,149,0,11.24,64,0,27200,72000,0
S02,Northeast,2025-09-22,10.61,224,0,11.94,55,0,27200,72000,0
S02,Northeast,2025-09-29,10.54,189,0,11.6,61,0,27200,72000,0
S02,Northeast,2025-10-06,11.75,261,0,12.3,66,0,27200,72000,0
S02,Northeast,2025-10-13,10.38,201,0,11.55,55,0,27200,72000,0
S02,Northeast,2025-10-20,11.79,257,0,11.83,56,0,27200,72000,0
S02,Northeast,2025-10-27,10.51,236,0,11.71,54,0,27200,72000,0
S02,Northeast,2025-11-03,10.88,226,0,11.82,54,0,27200,72000,0
S02,Northeast,2025-11-10,12.03,250,1,10.42,41,0,27200,72000,0
S02,Northeast,2025-11-17,10.56,307,0,11.0,45,0,27200,72000,0
S02,Northeast,2025-11-24,11.98,423,0,11.75,42,1,27200,72000,0
S02,Northeast,2025-12-01,11.18,377,0,11.87,35,0,27200,72000,0
S02,Northeast,2025-12-08,11.42,343,0,11.73,30,0,27200,72000,0
S02,Northeast,2025-12-15,11.33,350,0,11.4,40,0,27200,72000,0
S02,Northeast,2025-12-22,11.55,375,0,12.01,32,1,27200,72000,0
S02,Northeast,2025-12-29,10.57,366,0,11.18,39,1,27200,72000,0
S02,Northeast,2026-01-05,11.52,434,0,11.2,32,0,27200,72000,0
S02,Northeast,2026-01-12,11.04,297,0,11.86,23,0,27200,72000,0
S02,Northeast,2026-01-19,11.53,448,0,11.85,28,0,27200,72000,0
S02,Northeast,2026-01-26,11.35,386,0,11.2,28,0,27200,72000,0
S02,Northeast,2026-02-02,11.63,320,0,11.42,28,0,27200,72000,0
S02,Northeast,2026-02-09,11.11,346,0,11.34,36,0,27200,72000,0
S02,Northeast,2026-02-16,10.19,275,0,11.51,42,0,27200,72000,0
S02,Northeast,2026-02-23,12.45,364,0,11.52,30,0,27200,72000,0
S02,Northeast,2026-03-02,12.05,429,1,12.65,36,0,27200,72000,0
S02,Northeast,2026-03-09,12.04,440,0,11.62,44,0,27200,72000,0
S02,Northeast,2026-03-16,10.75,420,1,12.0,39,0,27200,72000,0
S02,Northeast,2026-03-23,11.66,206,0,10.81,41,0,27200,72000,0
S02,Northeast,2026-03-30,12.9,245,0,11.56,45,0,27200,72000,0
S02,Northeast,2026-04-06,12.16,300,0,12.4,42,0,27200,72000,0
S02,Northeast,2026-04-13,12.29,241,0,11.32,46,0,27200,72000,0
S02,Northeast,2026-04-20,11.92,337,1,11.56,50,0,27200,72000,0
S02,Northeast,2026-04-27,13.02,197,0,11.92,52,0,27200,72000,0
S02,Northeast,2026-05-04,11.75,158,0,11.96,59,0,27200,72000,0
S02,Northeast,2026-05-11,11.05,181,0,11.41,57,0,27200,72000,0
S02,Northeast,2026-05-18,11.26,190,0,10.92,54,0,27200,72000,0
S02,Northeast,2026-05-25,12.48,245,0,11.06,61,1,27200,72000,0
S02,Northeast,2026-06-01,11.84,161,0,11.86,74,0,27200,72000,0
S02,Northeast,2026-06-08,12.45,177,0,11.84,66,0,27200,72000,0
S02,Northeast,2026-06-15,11.71,151,0,11.88,76,0,27200,72000,0
S02,Northeast,2026-06-22,11.89,205,0,11.42,64,0,27200,72000,0
S02,Northeast,2026-06-29,11.93,127,0,10.64,78,1,27200,72000,0
S02,Northeast,2026-07-06,12.05,129,0,10.88,75,0,27200,72000,0
S02,Northeast,2026-07-13,10.79,123,0,11.52,74,0,27200,72000,0
S02,Northeast,2026-07-20,11.58,114,0,11.14,73,0,27200,72000,0
S02,Northeast,2026-07-27,11.27,121,0,11.2,80,0,27200,72000,0
S02,Northeast,2026-08-03,11.34,171,0,11.09,67,0,27200,72000,0
S02,Northeast,2026-08-10,11.3,126,0,10.74,77,0,27200,72000,0
S02,Northeast,2026-08-17,10.84,127,0,10.32,68,0,27200,72000,0
S02,Northeast,2026-08-24,12.73,188,1,11.13,69,0,27200,72000,0
S02,Northeast,2026-08-31,11.84,192,0,11.79,74,0,27200,72000,0
S02,Northeast,2026-09-07,12.23,262,0,11.17,66,1,27200,72000,0
S02,Northeast,2026-09-14,11.78,184,0,11.58,57,0,27200,72000,0
S02,Northeast,2026-09-21,10.98,182,0,10.68,70,0,27200,72000,0
S03,Northeast,2023-10-02,12.47,181,0,11.0,64,0,25000,72000,0
S03,Northeast,2023-10-09,11.87,176,0,11.28,55,0,25000,72000,0
S03,Northeast,2023-10-16,11.43,222,0,12.36,58,0,25000,72000,0
S03,Northeast,2023-10-23,12.07,317,0,12.99,62,0,25000,72000,0
S03,Northeast,2023-10-30,12.92,269,0,12.22,41,0,25000,72000,0
S03,Northeast,2023-11-06,12.39,330,1,13.91,44,0,25000,72000,0
S03,Northeast,2023-11-13,13.96,474,0,13.17,43,0,25000,72000,0
S03,Northeast,2023-11-20,13.26,475,0,13.53,38,1,25000,72000,0
S03,Northeast,2023-11-27,12.12,218,0,12.23,45,0,25000,72000,0
S03,Northeast,2023-12-04,12.93,371,0,11.81,40,0,25000,72000,0
S03,Northeast,2023-12-11,11.43,228,0,12.59,41,0,25000,72000,0
S03,Northeast,2023-12-18,13.1,352,0,12.02,38,0,25000,72000,0
S03,Northeast,2023-12-25,12.24,441,0,11.97,36,1,25000,72000,0
S03,Northeast,2024-01-01,12.68,552,0,12.49,41,1,25000,72000,0
S03,Northeast,2024-01-08,11.91,410,0,12.05,20,0,25000,72000,0
S03,Northeast,2024-01-15,12.46,418,0,12.38,23,0,25000,72000,0
S03,Northeast,2024-01-22,11.38,284,0,12.04,29,0,25000,72000,0
S03,Northeast,2024-01-29,11.73,297,0,12.22,39,0,25000,72000,0
S03,Northeast,2024-02-05,12.14,407,0,12.13,32,0,25000,72000,0
S03,Northeast,2024-02-12,11.85,277,0,12.38,35,0,25000,72000,0
S03,Northeast,2024-02-19,12.33,386,0,12.9,33,0,25000,72000,0
S03,Northeast,2024-02-26,13.69,390,1,11.96,38,0,25000,72000,0
S03,Northeast,2024-03-04,12.69,321,0,11.89,31,0,25000,72000,0
S03,Northeast,2024-03-11,12.9,338,0,12.91,43,0,25000,72000,0
S03,Northeast,2024-03-18,12.93,297,0,12.89,41,0,25000,72000,0
S03,Northeast,2024-03-25,12.38,320,0,12.43,43,0,25000,72000,0
S03,Northeast,2024-04-01,11.95,268,0,12.36,44,0,25000,72000,0
S03,Northeast,2024-04-08,10.87,173,0,11.12,47,0,25000,72000,0
S03,Northeast,2024-04-15,12.83,254,0,12.06,47,0,25000,72000,0
S03,Northeast,2024-04-22,12.6,160,0,12.6,51,0,25000,72000,0
S03,Northeast,2024-04-29,11.97,205,0,12.81,59,0,25000,72000,0
S03,Northeast,2024-05-06,12.61,288,0,13.1,60,0,25000,72000,0
S03,Northeast,2024-05-13,13.04,217,0,12.88,54,0,25000,72000,0
S03,Northeast,2024-05-20,12.72,210,0,12.84,66,0,25000,72000,0
S03,Northeast,2024-05-27,12.18,210,0,12.93,64,1,25000,72000,0
S03,Northeast,2024-06-03,11.45,148,0,11.12,71,0,25000,72000,0
S03,Northeast,2024-06-10,12.76,177,0,12.01,68,0,25000,72000,0
S03,Northeast,2024-06-17,12.78,239,1,12.95,66,0,25000,72000,0
S03,Northeast,2024-06-24,12.89,147,0,12.61,76,0,25000,72000,0
S03,Northeast,2024-07-01,12.48,223,0,12.44,64,1,25000,72000,0
S03,Northeast,2024-07-08,11.57,133,0,11.48,72,0,25000,72000,0
S03,Northeast,2024-07-15,12.71,128,0,12.29,72,0,25000,72000,0
S03,Northeast,2024-07-22,12.79,140,0,12.52,79,0,25000,72000,0
S03,Northeast,2024-07-29,11.96,182,0,11.64,73,0,25000,72000,0
S03,Northeast,2024-08-05,12.74,148,0,12.09,68,0,25000,72000,0
S03,Northeast,2024-08-12,12.54,127,0,12.5,80,0,25000,72000,0
S03,Northeast,2024-08-19,12.41,201,0,12.9,69,0,25000,72000,0
S03,Northeast,2024-08-26,12.72,166,0,13.26,68,0,25000,72000,0
S03,Northeast,2024-09-02,11.51,168,0,11.54,74,1,25000,72000,0
S03,Northeast,2024-09-09,11.33,143,0,12.2,64,0,25000,72000,0
S03,Northeast,2024-09-16,11.97,227,1,12.65,64,0,25000,72000,0
S03,Northeast,2024-09-23,12.92,205,0,11.54,58,0,25000,72000,0
S03,Northeast,2024-09-30,11.61,254,0,12.48,53,0,25000,72000,0
S03,Northeast,2024-10-07,12.32,313,0,12.72,53,0,25000,72000,0
S03,Northeast,2024-10-14,12.72,307,1,12.41,52,0,25000,72000,0
S03,Northeast,2024-10-21,11.96,231,0,11.63,54,0,25000,72000,0
S03,Northeast,2024-10-28,12.83,293,0,12.48,51,0,25000,72000,0
S03,Northeast,2024-11-04,14.21,333,0,13.63,49,0,25000,72000,0
S03,Northeast,2024-11-11,13.88,252,0,12.47,38,0,25000,72000,0
S03,Northeast,2024-11-18,13.1,339,1,13.57,40,0,25000,72000,0
S03,Northeast,2024-11-25,12.23,349,0,12.0,36,1,25000,72000,0
S03,Northeast,2024-12-02,12.72,336,0,12.94,41,0,25000,72000,0
S03,Northeast,2024-12-09,11.64,335,0,12.19,32,0,25000,72000,0
S03,Northeast,2024-12-16,12.41,292,0,11.27,38,0,25000,72000,0
S03,Northeast,2024-12-23,11.69,323,0,12.24,33,1,25000,72000,0
S03,Northeast,2024-12-30,12.18,491,1,11.75,33,1,25000,72000,0
S03,Northeast,2025-01-06,12.97,336,0,12.44,37,0,25000,72000,0
S03,Northeast,2025-01-13,11.7,305,0,12.78,23,0,25000,72000,0
S03,Northeast,2025-01-20,12.73,317,0,11.71,28,0,25000,72000,0
S03,Northeast,2025-01-27,11.83,274,0,11.71,33,0,25000,72000,0
S03,Northeast,2025-02-03,12.98,347,0,12.06,31,0,25000,72000,0
S03,Northeast,2025-02-10,12.12,243,1,11.7,33,0,25000,72000,0
S03,Northeast,2025-02-17,11.24,236,0,12.49,34,0,25000,72000,0
S03,Northeast,2025-02-24,11.86,166,0,12.05,41,0,25000,72000,0
S03,Northeast,2025-03-03,11.34,311,0,11.76,30,0,25000,72000,0
S03,Northeast,2025-03-10,12.66,257,0,12.98,40,0,25000,72000,0
S03,Northeast,2025-03-17,11.45,240,0,11.84,32,0,25000,72000,0
S03,Northeast,2025-03-24,13.41,249,0,12.26,43,0,25000,72000,0
S03,Northeast,2025-03-31,12.33,199,0,11.93,48,0,25000,72000,0
S03,Northeast,2025-04-07,12.05,230,0,11.43,41,0,25000,72000,0
S03,Northeast,2025-04-14,9.99,711,0,13.0,48,0,25000,72000,0
S03,Northeast,2025-04-21,13.99,237,0,12.18,51,0,25000,72000,0
S03,Northeast,2025-04-28,11.99,227,0,11.83,58,0,25000,72000,0
S03,Northeast,2025-05-05,11.99,268,0,12.08,49,0,25000,72000,0
S03,Northeast,2025-05-12,13.99,117,0,11.53,65,0,25000,72000,0
S03,Northeast,2025-05-19,13.99,63,0,10.82,65,0,25000,72000,0
S03,Northeast,2025-05-26,11.99,171,0,11.61,59,1,25000,72000,0
S03,Northeast,2025-06-02,9.99,210,0,10.87,65,0,25000,72000,0
S03,Northeast,2025-06-09,13.99,73,0,11.48,62,0,25000,72000,0
S03,Northeast,2025-06-16,11.99,92,0,10.43,63,0,25000,72000,0
S03,Northeast,2025-06-23,9.99,158,0,11.2,68,0,25000,72000,0
S03,Northeast,2025-06-30,13.99,179,0,11.42,73,1,25000,72000,0
S03,Northeast,2025-07-07,11.75,94,0,10.33,72,0,25000,72000,0
S03,Northeast,2025-07-14,12.6,131,0,12.62,69,0,25000,72000,0
S03,Northeast,2025-07-21,12.01,163,0,12.51,79,0,25000,72000,0
S03,Northeast,2025-07-28,12.54,142,0,12.12,72,0,25000,72000,0
S03,Northeast,2025-08-04,12.84,117,0,11.95,71,0,25000,72000,0
S03,Northeast,2025-08-11,12.81,141,0,11.91,74,0,25000,72000,0
S03,Northeast,2025-08-18,11.65,130,1,11.01,72,0,25000,72000,0
S03,Northeast,2025-08-25,11.93,171,0,12.19,66,0,25000,72000,0
S03,Northeast,2025-09-01,12.66,181,0,11.73,67,1,25000,72000,0
S03,Northeast,2025-09-08,11.47,154,1,12.34,66,0,25000,72000,0
S03,Northeast,2025-09-15,11.94,171,0,11.41,57,0,25000,72000,0
S03,Northeast,2025-09-22,11.06,139,0,11.7,51,0,25000,72000,0
S03,Northeast,2025-09-29,11.05,173,0,11.88,59,0,25000,72000,0
S03,Northeast,2025-10-06,11.49,229,0,11.62,57,0,25000,72000,0
S03,Northeast,2025-10-13,10.58,178,0,10.72,48,0,25000,72000,0
S03,Northeast,2025-10-20,11.37,254,0,10.8,49,0,25000,72000,0
S03,Northeast,2025-10-27,11.09,267,0,12.44,53,0,25000,72000,0
S03,Northeast,2025-11-03,10.96,188,0,11.56,46,0,25000,72000,0
S03,Northeast,2025-11-10,11.15,281,1,11.65,42,0,25000,72000,0
S03,Northeast,2025-11-17,10.52,188,0,11.57,45,0,25000,72000,0
S03,Northeast,2025-11-24,11.92,391,0,12.2,38,1,25000,72000,0
S03,Northeast,2025-12-01,10.75,317,0,13.09,42,0,25000,72000,0
S03,Northeast,2025-12-08,11.31,268,0,11.38,41,0,25000,72000,0
S03,Northeast,2025-12-15,11.1,309,0,11.79,33,0,25000,72000,0
S03,Northeast,2025-12-22,12.04,359,0,11.16,31,1,25000,72000,0
S03,Northeast,2025-12-29,11.12,365,0,11.45,31,1,25000,72000,0
S03,Northeast,2026-01-05,11.05,329,0,11.77,31,0,25000,72000,0
S03,Northeast,2026-01-12,10.17,278,0,10.75,31,0,25000,72000,0
S03,Northeast,2026-01-19,11.45,364,0,11.33,32,0,25000,72000,0
S03,Northeast,2026-01-26,10.57,240,0,11.48,37,0,25000,72000,0
S03,Northeast,2026-02-02,11.35,326,0,11.9,31,0,25000,72000,0
S03,Northeast,2026-02-09,11.75,449,0,11.75,27,0,25000,72000,0
S03,Northeast,2026-02-16,9.71,224,0,10.36,28,0,25000,72000,0
S03,Northeast,2026-02-23,12.04,412,0,11.75,34,0,25000,72000,0
S03,Northeast,2026-03-02,10.93,385,1,12.27,30,0,25000,72000,0
S03,Northeast,2026-03-09,11.66,506,0,12.06,28,0,25000,72000,0
S03,Northeast,2026-03-16,10.7,273,1,10.8,42,0,25000,72000,0
S03,Northeast,2026-03-23,11.94,167,0,11.08,41,0,25000,72000,0
S03,Northeast,2026-03-30,12.34,224,0,12.27,46,0,25000,72000,0
S03,Northeast,2026-04-06,13.08,271,0,11.7,41,0,25000,72000,0
S03,Northeast,2026-04-13,12.07,261,0,11.25,47,0,25000,72000,0
S03,Northeast,2026-04-20,11.98,345,1,12.53,54,0,25000,72000,0
S03,Northeast,2026-04-27,12.98,178,0,12.28,49,0,25000,72000,0
S03,Northeast,2026-05-04,11.32,143,0,11.32,56,0,25000,72000,0
S03,Northeast,2026-05-11,11.59,126,0,10.8,72,0,25000,72000,0
S03,Northeast,2026-05-18,11.01,156,0,10.92,67,0,25000,72000,0
S03,Northeast,2026-05-25,11.21,231,0,11.33,64,1,25000,72000,0
S03,Northeast,2026-06-01,11.83,197,0,11.46,66,0,25000,72000,0
S03,Northeast,2026-06-08,12.18,175,0,11.28,64,0,25000,72000,0
S03,Northeast,2026-06-15,11.54,142,0,11.05,77,0,25000,72000,0
S03,Northeast,2026-06-22,12.37,120,0,11.14,70,0,25000,72000,0
S03,Northeast,2026-06-29,12.09,182,0,10.46,63,1,25000,72000,0
S03,Northeast,2026-07-06,11.84,163,0,12.03,68,0,25000,72000,0
S03,Northeast,2026-07-13,11.9,112,0,11.77,79,0,25000,72000,0
S03,Northeast,2026-07-20,10.73,107,0,10.93,77,0,25000,72000,0
S03,Northeast,2026-07-27,11.55,119,0,11.12,80,0,25000,72000,0
S03,Northeast,2026-08-03,11.12,153,0,10.53,73,0,25000,72000,0
S03,Northeast,2026-08-10,10.76,105,0,10.43,77,0,25000,72000,0
S03,Northeast,2026-08-17,11.73,150,0,10.91,64,0,25000,72000,0
S03,Northeast,2026-08-24,12.28,194,1,11.85,63,0,25000,72000,0
S03,Northeast,2026-08-31,12.09,234,0,11.2,72,0,25000,72000,0
S03,Northeast,2026-09-07,11.42,133,0,10.22,59,1,25000,72000,0
S03,Northeast,2026-09-14,11.45,206,0,11.35,64,0,25000,72000,0
S03,Northeast,2026-09-21,11.34,186,0,10.6,69,0,25000,72000,0
S04,Northeast,2023-10-02,12.47,208,0,11.52,64,0,27300,59000,0
S04,Northeast,2023-10-09,11.68,214,0,12.01,59,0,27300,59000,0
S04,Northeast,2023-10-16,11.66,304,0,11.98,54,0,27300,59000,0
S04,Northeast,2023-10-23,11.81,289,0,12.69,48,0,27300,59000,0
S04,Northeast,2023-10-30,13.42,386,0,13.48,53,0,27300,59000,0
S04,Northeast,2023-11-06,12.43,671,1,13.16,49,0,27300,59000,0
S04,Northeast,2023-11-13,13.75,449,0,12.81,43,0,27300,59000,0
S04,Northeast,2023-11-20,12.43,513,0,12.37,36,1,27300,59000,0
S04,Northeast,2023-11-27,12.45,308,0,11.98,35,0,27300,59000,0
S04,Northeast,2023-12-04,12.63,358,0,11.66,36,0,27300,59000,0
S04,Northeast,2023-12-11,11.67,342,0,11.36,36,0,27300,59000,0
S04,Northeast,2023-12-18,13.7,500,0,11.62,37,0,27300,59000,0
S04,Northeast,2023-12-25,13.52,711,0,12.3,31,1,27300,59000,0
S04,Northeast,2024-01-01,13.12,630,0,13.19,34,1,27300,59000,0
S04,Northeast,2024-01-08,12.11,540,0,12.96,37,0,27300,59000,0
S04,Northeast,2024-01-15,12.42,465,0,12.26,33,0,27300,59000,0
S04,Northeast,2024-01-22,11.99,410,0,11.87,39,0,27300,59000,0
S04,Northeast,2024-01-29,12.21,383,0,12.73,32,0,27300,59000,0
S04,Northeast,2024-02-05,12.09,422,0,12.98,39,0,27300,59000,0
S04,Northeast,2024-02-12,12.51,500,0,12.53,29,0,27300,59000,0
S04,Northeast,2024-02-19,11.61,508,0,11.75,29,0,27300,59000,0
S04,Northeast,2024-02-26,12.39,369,1,12.82,41,0,27300,59000,0
S04,Northeast,2024-03-04,13.05,303,0,11.95,36,0,27300,59000,0
S04,Northeast,2024-03-11,12.95,452,0,12.91,34,0,27300,59000,0
S04,Northeast,2024-03-18,12.84,450,0,12.03,38,0,27300,59000,0
S04,Northeast,2024-03-25,11.53,335,0,10.93,44,0,27300,59000,0
S04,Northeast,2024-04-01,11.9,280,0,12.43,49,0,27300,59000,0
S04,Northeast,2024-04-08,11.26,258,0,11.58,53,0,27300,59000,0
S04,Northeast,2024-04-15,12.57,311,0,12.57,47,0,27300,59000,0
S04,Northeast,2024-04-22,12.46,238,0,12.7,61,0,27300,59000,0
S04,Northeast,2024-04-29,12.42,276,0,12.18,54,0,27300,59000,0
S04,Northeast,2024-05-06,12.1,301,0,13.15,51,0,27300,59000,0
S04,Northeast,2024-05-13,13.25,245,0,12.01,64,0,27300,59000,0
S04,Northeast,2024-05-20,12.37,207,0,11.91,66,0,27300,59000,0
S04,Northeast,2024-05-27,12.87,281,0,12.37,58,1,27300,59000,0
S04,Northeast,2024-06-03,10.78,164,0,11.51,62,0,27300,59000,0
S04,Northeast,2024-06-10,12.19,227,0,12.83,72,0,27300,59000,0
S04,Northeast,2024-06-17,13.27,227,1,11.68,71,0,27300,59000,0
S04,Northeast,2024-06-24,12.51,248,0,12.08,63,0,27300,59000,0
S04,Northeast,2024-07-01,11.9,231,0,11.77,70,1,27300,59000,0
S04,Northeast,2024-07-08,12.17,186,0,11.48,68,0,27300,59000,0
S04,Northeast,2024-07-15,13.0,194,0,11.33,81,0,27300,59000,0
S04,Northeast,2024-07-22,13.68,163,0,12.01,86,0,27300,59000,0
S04,Northeast,2024-07-29,12.04,177,0,11.79,74,0,27300,59000,0
S04,Northeast,2024-08-05,12.89,196,0,12.31,73,0,27300,59000,0
S04,Northeast,2024-08-12,12.31,192,0,12.15,77,0,27300,59000,0
S04,Northeast,2024-08-19,12.32,225,0,12.75,67,0,27300,59000,0
S04,Northeast,2024-08-26,12.87,219,0,13.11,73,0,27300,59000,0
S04,Northeast,2024-09-02,11.95,262,0,11.86,72,1,27300,59000,0
S04,Northeast,2024-09-09,11.51,231,0,11.3,63,0,27300,59000,0
S04,Northeast,2024-09-16,11.9,284,1,12.96,66,0,27300,59000,0
S04,Northeast,2024-09-23,12.89,235,0,13.02,62,0,27300,59000,0
S04,Northeast,2024-09-30,12.17,242,0,11.7,67,0,27300,59000,0
S04,Northeast,2024-10-07,12.57,296,0,12.02,47,0,27300,59000,0
S04,Northeast,2024-10-14,13.84,335,1,13.42,60,0,27300,59000,0
S04,Northeast,2024-10-21,13.62,257,0,12.41,68,0,27300,59000,0
S04,Northeast,2024-10-28,12.84,362,0,12.81,40,0,27300,59000,0
S04,Northeast,2024-11-04,15.14,573,0,13.0,41,0,27300,59000,0
S04,Northeast,2024-11-11,14.05,387,0,13.18,38,0,27300,59000,0
S04,Northeast,2024-11-18,13.77,488,1,13.79,36,0,27300,59000,0
S04,Northeast,2024-11-25,12.48,293,0,12.33,48,1,27300,59000,0
S04,Northeast,2024-12-02,13.17,416,0,12.99,36,0,27300,59000,0
S04,Northeast,2024-12-09,11.84,356,0,11.89,39,0,27300,59000,0
S04,Northeast,2024-12-16,13.0,398,0,12.27,32,0,27300,59000,0
S04,Northeast,2024-12-23,11.69,529,0,10.53,38,1,27300,59000,0
S04,Northeast,2024-12-30,13.45,498,1,11.26,34,1,27300,59000,0
S04,Northeast,2025-01-06,12.82,427,0,11.53,19,0,27300,59000,0
S04,Northeast,2025-01-13,12.6,442,0,11.44,33,0,27300,59000,0
S04,Northeast,2025-01-20,12.01,358,0,11.19,30,0,27300,59000,0
S04,Northeast,2025-01-27,12.36,349,0,11.51,24,0,27300,59000,0
S04,Northeast,2025-02-03,12.36,406,0,11.28,29,0,27300,59000,0
S04,Northeast,2025-02-10,12.42,396,1,11.34,22,0,27300,59000,0
S04,Northeast,2025-02-17,13.32,353,0,11.64,35,0,27300,59000,0
S04,Northeast,2025-02-24,12.6,392,0,11.59,24,0,27300,59000,0
S04,Northeast,2025-03-03,11.3,299,0,11.56,45,0,27300,59000,0
S04,Northeast,2025-03-10,12.44,297,0,11.9,41,0,27300,59000,0
S04,Northeast,2025-03-17,11.94,226,0,12.18,44,0,27300,59000,0
S04,Northeast,2025-03-24,13.64,326,0,12.28,48,0,27300,59000,0
S04,Northeast,2025-03-31,12.29,248,0,12.19,41,0,27300,59000,0
S04,Northeast,2025-04-07,12.67,217,0,11.57,51,0,27300,59000,0
S04,Northeast,2025-04-14,13.99,277,0,12.25,46,0,27300,59000,0
S04,Northeast,2025-04-21,13.99,314,0,12.54,52,0,27300,59000,0
S04,Northeast,2025-04-28,9.99,598,0,12.31,53,0,27300,59000,0
S04,Northeast,2025-05-05,9.99,773,0,12.66,53,0,27300,59000,0
S04,Northeast,2025-05-12,13.99,181,0,12.41,60,0,27300,59000,0
S04,Northeast,2025-05-19,13.99,142,0,11.43,60,0,27300,59000,0
S04,Northeast,2025-05-26,13.99,159,0,10.88,69,1,27300,59000,0
S04,Northeast,2025-06-02,11.99,103,0,10.61,68,0,27300,59000,0
S04,Northeast,2025-06-09,11.99,131,0,11.52,61,0,27300,59000,0
S04,Northeast,2025-06-16,11.99,75,0,10.38,59,0,27300,59000,0
S04,Northeast,2025-06-23,13.99,60,0,11.25,81,0,27300,59000,0
S04,Northeast,2025-06-30,11.99,240,0,12.18,72,1,27300,59000,0
S04,Northeast,2025-07-07,12.61,142,0,11.67,76,0,27300,59000,0
S04,Northeast,2025-07-14,13.23,184,0,11.87,70,0,27300,59000,0
S04,Northeast,2025-07-21,12.57,235,0,12.39,75,0,27300,59000,0
S04,Northeast,2025-07-28,12.63,256,0,12.94,73,0,27300,59000,0
S04,Northeast,2025-08-04,11.6,139,0,12.54,84,0,27300,59000,0
S04,Northeast,2025-08-11,13.18,208,0,12.87,70,0,27300,59000,0
S04,Northeast,2025-08-18,11.25,171,1,11.1,71,0,27300,59000,0
S04,Northeast,2025-08-25,12.14,190,0,12.18,69,0,27300,59000,0
S04,Northeast,2025-09-01,12.6,240,0,11.47,70,1,27300,59000,0
S04,Northeast,2025-09-08,11.54,200,1,11.59,60,0,27300,59000,0
S04,Northeast,2025-09-15,11.81,180,0,11.34,70,0,27300,59000,0
S04,Northeast,2025-09-22,11.48,275,0,12.27,66,0,27300,59000,0
S04,Northeast,2025-09-29,12.45,277,0,11.57,69,0,27300,59000,0
S04,Northeast,2025-10-06,11.63,444,0,12.34,50,0,27300,59000,0
S04,Northeast,2025-10-13,11.25,228,0,10.6,58,0,27300,59000,0
S04,Northeast,2025-10-20,10.97,296,0,10.96,54,0,27300,59000,0
S04,Northeast,2025-10-27,11.1,334,0,11.75,48,0,27300,59000,0
S04,Northeast,2025-11-03,10.74,222,0,10.85,49,0,27300,59000,0
S04,Northeast,2025-11-10,11.38,299,1,11.26,45,0,27300,59000,0
S04,Northeast,2025-11-17,10.55,299,0,11.17,43,0,27300,59000,0
S04,Northeast,2025-11-24,11.35,551,0,11.4,42,1,27300,59000,0
S04,Northeast,2025-12-01,11.79,489,0,11.68,32,0,27300,59000,0
S04,Northeast,2025-12-08,10.48,341,0,12.33,36,0,27300,59000,0
S04,Northeast,2025-12-15,11.02,372,0,11.22,38,0,27300,59000,0
S04,Northeast,2025-12-22,11.18,420,0,11.61,38,1,27300,59000,0
S04,Northeast,2025-12-29,11.73,446,0,11.39,40,1,27300,59000,0
S04,Northeast,2026-01-05,10.59,382,0,11.15,29,0,27300,59000,0
S04,Northeast,2026-01-12,10.55,366,0,11.03,30,0,27300,59000,0
S04,Northeast,2026-01-19,11.68,398,0,11.05,25,0,27300,59000,0
S04,Northeast,2026-01-26,11.33,509,0,12.71,34,0,27300,59000,0
S04,Northeast,2026-02-02,12.79,542,0,12.17,28,0,27300,59000,0
S04,Northeast,2026-02-09,11.13,665,0,12.27,27,0,27300,59000,0
S04,Northeast,2026-02-16,10.53,338,0,11.9,31,0,27300,59000,0
S04,Northeast,2026-02-23,11.26,347,0,11.43,32,0,27300,59000,0
S04,Northeast,2026-03-02,11.54,474,1,11.55,36,0,27300,59000,0
S04,Northeast,2026-03-09,11.12,371,0,12.57,46,0,27300,59000,0
S04,Northeast,2026-03-16,11.75,598,1,11.78,39,0,27300,59000,0
S04,Northeast,2026-03-23,11.28,224,0,10.96,43,0,27300,59000,0
S04,Northeast,2026-03-30,12.91,252,0,11.57,45,0,27300,59000,0
S04,Northeast,2026-04-06,12.0,462,0,12.14,45,0,27300,59000,0
S04,Northeast,2026-04-13,12.13,221,0,11.87,52,0,27300,59000,0
S04,Northeast,2026-04-20,12.43,434,1,11.99,55,0,27300,59000,0
S04,Northeast,2026-04-27,11.88,239,0,11.31,61,0,27300,59000,0
S04,Northeast,2026-05-04,11.71,279,0,11.77,47,0,27300,59000,0
S04,Northeast,2026-05-11,11.77,201,0,10.63,66,0,27300,59000,0
S04,Northeast,2026-05-18,11.4,188,0,10.57,69,0,27300,59000,0
S04,Northeast,2026-05-25,11.88,396,0,11.51,57,1,27300,59000,0
S04,Northeast,2026-06-01,12.28,259,0,12.3,68,0,27300,59000,0
S04,Northeast,2026-06-08,11.76,205,0,11.69,66,0,27300,59000,0
S04,Northeast,2026-06-15,10.84,170,0,10.94,66,0,27300,59000,0
S04,Northeast,2026-06-22,12.39,180,0,10.91,70,0,27300,59000,0
S04,Northeast,2026-06-29,11.54,194,0,10.86,76,1,27300,59000,0
S04,Northeast,2026-07-06,12.06,126,0,11.26,78,0,27300,59000,0
S04,Northeast,2026-07-13,12.92,222,0,11.5,72,0,27300,59000,0
S04,Northeast,2026-07-20,10.92,143,0,11.12,79,0,27300,59000,0
S04,Northeast,2026-07-27,11.78,183,0,11.41,73,0,27300,59000,0
S04,Northeast,2026-08-03,11.81,188,0,11.56,78,0,27300,59000,0
S04,Northeast,2026-08-10,11.48,171,0,11.26,72,0,27300,59000,0
S04,Northeast,2026-08-17,11.06,201,0,11.67,60,0,27300,59000,0
S04,Northeast,2026-08-24,12.52,235,1,11.54,68,0,27300,59000,0
S04,Northeast,2026-08-31,11.8,199,0,11.43,76,0,27300,59000,0
S04,Northeast,2026-09-07,12.83,390,0,11.08,64,1,27300,59000,0
S04,Northeast,2026-09-14,11.33,214,0,10.7,64,0,27300,59000,0
S04,Northeast,2026-09-21,11.83,308,0,12.41,61,0,27300,59000,0
S05,Northeast,2023-10-02,12.27,685,0,11.77,64,0,43400,86000,0
S05,Northeast,2023-10-09,11.4,503,0,11.26,53,0,43400,86000,0
S05,Northeast,2023-10-16,11.42,918,0,11.22,56,0,43400,86000,0
S05,Northeast,2023-10-23,12.19,966,0,11.88,55,0,43400,86000,0
S05,Northeast,2023-10-30,12.81,707,0,12.04,51,0,43400,86000,0
S05,Northeast,2023-11-06,12.1,1373,1,13.09,42,0,43400,86000,0
S05,Northeast,2023-11-13,13.06,906,0,13.4,46,0,43400,86000,0
S05,Northeast,2023-11-20,12.0,1238,0,13.16,49,1,43400,86000,0
S05,Northeast,2023-11-27,12.47,1055,0,12.07,44,0,43400,86000,0
S05,Northeast,2023-12-04,12.63,859,0,12.06,38,0,43400,86000,0
S05,Northeast,2023-12-11,11.28,1018,0,11.6,26,0,43400,86000,0
S05,Northeast,2023-12-18,11.67,983,0,11.88,22,0,43400,86000,0
S05,Northeast,2023-12-25,13.07,1583,0,12.2,37,1,43400,86000,0
S05,Northeast,2024-01-01,12.81,2004,0,13.78,29,1,43400,86000,0
S05,Northeast,2024-01-08,12.53,1213,0,12.0,32,0,43400,86000,0
S05,Northeast,2024-01-15,11.97,1315,0,11.96,33,0,43400,86000,0
S05,Northeast,2024-01-22,11.96,1520,0,12.23,26,0,43400,86000,0
S05,Northeast,2024-01-29,11.34,1324,0,11.6,22,0,43400,86000,0
S05,Northeast,2024-02-05,12.12,1994,0,12.14,29,0,43400,86000,0
S05,Northeast,2024-02-12,12.09,1520,0,12.24,24,0,43400,86000,0
S05,Northeast,2024-02-19,11.94,962,0,12.79,46,0,43400,86000,0
S05,Northeast,2024-02-26,14.11,1736,1,12.53,36,0,43400,86000,0
S05,Northeast,2024-03-04,13.3,1337,0,14.34,37,0,43400,86000,0
S05,Northeast,2024-03-11,12.54,974,0,12.06,44,0,43400,86000,0
S05,Northeast,2024-03-18,12.8,1197,0,12.74,32,0,43400,86000,0
S05,Northeast,2024-03-25,12.1,1190,0,11.7,41,0,43400,86000,0
S05,Northeast,2024-04-01,12.37,751,0,12.04,45,0,43400,86000,0
S05,Northeast,2024-04-08,10.37,670,0,11.54,44,0,43400,86000,0
S05,Northeast,2024-04-15,11.85,783,0,12.34,54,0,43400,86000,0
S05,Northeast,2024-04-22,12.41,971,0,12.98,56,0,43400,86000,0
S05,Northeast,2024-04-29,13.39,1187,0,13.08,59,0,43400,86000,0
S05,Northeast,2024-05-06,12.29,702,0,12.9,50,0,43400,86000,0
S05,Northeast,2024-05-13,13.23,666,0,11.8,57,0,43400,86000,0
S05,Northeast,2024-05-20,11.8,732,0,13.31,60,0,43400,86000,0
S05,Northeast,2024-05-27,12.53,992,0,12.22,66,1,43400,86000,0
S05,Northeast,2024-06-03,10.74,394,0,11.98,85,0,43400,86000,0
S05,Northeast,2024-06-10,11.58,620,0,11.84,62,0,43400,86000,0
S05,Northeast,2024-06-17,12.14,546,1,11.91,76,0,43400,86000,0
S05,Northeast,2024-06-24,12.03,570,0,12.05,70,0,43400,86000,0
S05,Northeast,2024-07-01,12.6,730,0,11.72,75,1,43400,86000,0
S05,Northeast,2024-07-08,12.22,536,0,11.92,79,0,43400,86000,0
S05,Northeast,2024-07-15,12.3,501,0,12.45,72,0,43400,86000,0
S05,Northeast,2024-07-22,13.22,740,0,13.34,71,0,43400,86000,0
S05,Northeast,2024-07-29,12.72,582,0,12.28,78,0,43400,86000,0
S05,Northeast,2024-08-05,12.47,449,0,13.18,77,0,43400,86000,0
S05,Northeast,2024-08-12,13.68,681,0,12.86,70,0,43400,86000,0
S05,Northeast,2024-08-19,12.25,595,0,12.87,75,0,43400,86000,0
S05,Northeast,2024-08-26,11.91,666,0,11.96,60,0,43400,86000,0
S05,Northeast,2024-09-02,10.73,639,0,12.13,60,1,43400,86000,0
S05,Northeast,2024-09-09,11.49,512,0,11.45,68,0,43400,86000,0
S05,Northeast,2024-09-16,11.71,640,1,12.74,75,0,43400,86000,0
S05,Northeast,2024-09-23,12.1,439,0,12.23,76,0,43400,86000,0
S05,Northeast,2024-09-30,12.5,701,0,11.96,51,0,43400,86000,0
S05,Northeast,2024-10-07,11.59,788,0,11.7,58,0,43400,86000,0
S05,Northeast,2024-10-14,13.59,903,1,12.95,63,0,43400,86000,0
S05,Northeast,2024-10-21,12.7,795,0,12.5,58,0,43400,86000,0
S05,Northeast,2024-10-28,13.41,899,0,12.12,54,0,43400,86000,0
S05,Northeast,2024-11-04,14.01,1119,0,13.38,41,0,43400,86000,0
S05,Northeast,2024-11-11,13.69,1364,0,13.35,40,0,43400,86000,0
S05,Northeast,2024-11-18,12.78,1147,1,13.82,39,0,43400,86000,0
S05,Northeast,2024-11-25,12.69,1134,0,11.97,43,1,43400,86000,0
S05,Northeast,2024-12-02,12.43,1026,0,12.81,33,0,43400,86000,0
S05,Northeast,2024-12-09,11.99,994,0,12.71,34,0,43400,86000,0
S05,Northeast,2024-12-16,13.17,920,0,12.56,41,0,43400,86000,0
S05,Northeast,2024-12-23,12.26,1175,0,10.95,35,1,43400,86000,0
S05,Northeast,2024-12-30,13.07,2180,1,12.22,24,1,43400,86000,0
S05,Northeast,2025-01-06,12.93,870,0,13.04,31,0,43400,86000,0
S05,Northeast,2025-01-13,11.9,903,0,12.31,35,0,43400,86000,0
S05,Northeast,2025-01-20,12.85,822,0,11.98,40,0,43400,86000,0
S05,Northeast,2025-01-27,11.71,898,0,11.46,38,0,43400,86000,0
S05,Northeast,2025-02-03,13.27,1131,0,12.39,30,0,43400,86000,0
S05,Northeast,2025-02-10,11.6,966,1,11.82,39,0,43400,86000,0
S05,Northeast,2025-02-17,12.37,946,0,11.85,28,0,43400,86000,0
S05,Northeast,2025-02-24,11.59,702,0,11.7,40,0,43400,86000,0
S05,Northeast,2025-03-03,11.94,1299,0,11.49,23,0,43400,86000,0
S05,Northeast,2025-03-10,12.27,930,0,12.18,42,0,43400,86000,0
S05,Northeast,2025-03-17,12.28,821,0,11.99,46,0,43400,86000,0
S05,Northeast,2025-03-24,13.39,892,0,11.28,41,0,43400,86000,0
S05,Northeast,2025-03-31,12.81,902,0,12.01,49,0,43400,86000,0
S05,Northeast,2025-04-07,12.79,747,0,11.4,43,0,43400,86000,0
S05,Northeast,2025-04-14,14.74,974,0,12.19,49,0,43400,86000,0
S05,Northeast,2025-04-21,13.63,1124,0,12.19,48,0,43400,86000,0
S05,Northeast,2025-04-28,13.05,740,1,12.09,58,0,43400,86000,0
S05,Northeast,2025-05-05,12.93,550,0,11.63,59,0,43400,86000,0
S05,Northeast,2025-05-12,12.81,645,0,11.75,71,0,43400,86000,0
S05,Northeast,2025-05-19,11.9,813,1,12.41,51,0,43400,86000,0
S05,Northeast,2025-05-26,12.92,589,0,11.71,61,1,43400,86000,0
S05,Northeast,2025-06-02,11.36,342,0,10.74,77,0,43400,86000,0
S05,Northeast,2025-06-09,11.95,300,0,10.42,66,0,43400,86000,0
S05,Northeast,2025-06-16,11.94,410,1,10.98,75,0,43400,86000,0
S05,Northeast,2025-06-23,11.7,386,0,11.08,78,0,43400,86000,0
S05,Northeast,2025-06-30,12.42,669,0,12.05,74,1,43400,86000,0
S05,Northeast,2025-07-07,11.89,417,0,11.35,73,0,43400,86000,0
S05,Northeast,2025-07-14,14.12,568,0,11.76,72,0,43400,86000,0
S05,Northeast,2025-07-21,11.81,467,0,11.77,80,0,43400,86000,0
S05,Northeast,2025-07-28,12.13,438,0,12.05,74,0,43400,86000,0
S05,Northeast,2025-08-04,11.74,400,0,11.31,78,0,43400,86000,0
S05,Northeast,2025-08-11,12.84,506,0,11.51,73,0,43400,86000,0
S05,Northeast,2025-08-18,12.1,481,1,11.75,72,0,43400,86000,0
S05,Northeast,2025-08-25,12.4,570,0,13.04,71,0,43400,86000,0
S05,Northeast,2025-09-01,12.24,542,0,11.35,79,1,43400,86000,0
S05,Northeast,2025-09-08,12.07,507,1,11.6,69,0,43400,86000,0
S05,Northeast,2025-09-15,12.74,516,0,11.67,68,0,43400,86000,0
S05,Northeast,2025-09-22,12.14,708,0,10.58,58,0,43400,86000,0
S05,Northeast,2025-09-29,10.82,586,0,11.14,64,0,43400,86000,0
S05,Northeast,2025-10-06,11.66,807,0,11.59,51,0,43400,86000,0
S05,Northeast,2025-10-13,10.33,664,0,10.94,62,0,43400,86000,0
S05,Northeast,2025-10-20,10.78,701,0,12.19,56,0,43400,86000,0
S05,Northeast,2025-10-27,10.93,902,0,11.21,45,0,43400,86000,0
S05,Northeast,2025-11-03,11.11,716,0,10.72,51,0,43400,86000,0
S05,Northeast,2025-11-10,11.8,808,1,11.94,54,0,43400,86000,0
S05,Northeast,2025-11-17,10.93,798,0,11.76,44,0,43400,86000,0
S05,Northeast,2025-11-24,11.88,1474,0,12.17,32,1,43400,86000,0
S05,Northeast,2025-12-01,11.11,1252,0,12.3,41,0,43400,86000,0
S05,Northeast,2025-12-08,11.45,1303,0,11.04,33,0,43400,86000,0
S05,Northeast,2025-12-15,11.16,1381,0,11.74,35,0,43400,86000,0
S05,Northeast,2025-12-22,11.68,1371,0,12.47,31,1,43400,86000,0
S05,Northeast,2025-12-29,11.13,1350,0,11.4,34,1,43400,86000,0
S05,Northeast,2026-01-05,11.75,1352,0,11.52,28,0,43400,86000,0
S05,Northeast,2026-01-12,10.2,976,0,10.95,27,0,43400,86000,0
S05,Northeast,2026-01-19,11.66,1119,0,11.5,31,0,43400,86000,0
S05,Northeast,2026-01-26,11.82,1272,0,12.21,35,0,43400,86000,0
S05,Northeast,2026-02-02,11.97,1503,0,11.27,34,0,43400,86000,0
S05,Northeast,2026-02-09,11.16,1156,0,12.02,28,0,43400,86000,0
S05,Northeast,2026-02-16,10.19,886,0,11.52,31,0,43400,86000,0
S05,Northeast,2026-02-23,11.63,985,0,11.62,30,0,43400,86000,0
S05,Northeast,2026-03-02,11.17,1506,1,11.03,35,0,43400,86000,0
S05,Northeast,2026-03-09,11.68,1149,0,11.8,38,0,43400,86000,0
S05,Northeast,2026-03-16,10.56,1793,1,11.78,32,0,43400,86000,0
S05,Northeast,2026-03-23,12.0,746,0,11.68,43,0,43400,86000,0
S05,Northeast,2026-03-30,12.39,809,0,11.83,41,0,43400,86000,0
S05,Northeast,2026-04-06,12.43,1090,0,11.8,45,0,43400,86000,0
S05,Northeast,2026-04-13,12.28,710,0,11.31,50,0,43400,86000,0
S05,Northeast,2026-04-20,13.27,1129,1,11.48,57,0,43400,86000,0
S05,Northeast,2026-04-27,13.5,820,0,11.52,55,0,43400,86000,0
S05,Northeast,2026-05-04,11.2,494,0,11.39,62,0,43400,86000,0
S05,Northeast,2026-05-11,10.94,567,0,10.72,58,0,43400,86000,0
S05,Northeast,2026-05-18,10.75,438,0,11.59,56,0,43400,86000,0
S05,Northeast,2026-05-25,11.83,854,0,10.67,63,1,43400,86000,0
S05,Northeast,2026-06-01,12.54,661,0,11.79,67,0,43400,86000,0
S05,Northeast,2026-06-08,11.41,518,0,11.08,68,0,43400,86000,0
S05,Northeast,2026-06-15,11.76,604,0,12.02,67,0,43400,86000,0
S05,Northeast,2026-06-22,11.54,501,0,11.91,61,0,43400,86000,0
S05,Northeast,2026-06-29,11.73,545,0,10.88,73,1,43400,86000,0
S05,Northeast,2026-07-06,12.53,490,0,11.37,71,0,43400,86000,0
S05,Northeast,2026-07-13,11.57,430,0,11.19,72,0,43400,86000,0
S05,Northeast,2026-07-20,11.82,440,0,11.24,69,0,43400,86000,0
S05,Northeast,2026-07-27,11.77,522,0,10.77,73,0,43400,86000,0
S05,Northeast,2026-08-03,11.34,450,0,11.38,77,0,43400,86000,0
S05,Northeast,2026-08-10,11.64,504,0,11.76,70,0,43400,86000,0
S05,Northeast,2026-08-17,10.28,545,0,10.95,57,0,43400,86000,0
S05,Northeast,2026-08-24,11.65,658,1,11.88,58,0,43400,86000,0
S05,Northeast,2026-08-31,12.56,586,0,11.49,58,0,43400,86000,0
S05,Northeast,2026-09-07,11.66,813,0,12.09,67,1,43400,86000,0
S05,Northeast,2026-09-14,11.71,526,0,11.4,74,0,43400,86000,0
S05,Northeast,2026-09-21,10.65,731,0,11.42,66,0,43400,86000,0
S06,Northeast,2023-10-02,11.84,323,0,12.32,58,0,25400,92000,1
S06,Northeast,2023-10-09,11.63,274,0,11.96,55,0,25400,92000,1
S06,Northeast,2023-10-16,11.82,477,0,11.76,49,0,25400,92000,1
S06,Northeast,2023-10-23,11.81,429,0,12.94,57,0,25400,92000,1
S06,Northeast,2023-10-30,13.94,497,0,10.99,41,0,25400,92000,1
S06,Northeast,2023-11-06,12.55,796,1,12.4,53,0,25400,92000,1
S06,Northeast,2023-11-13,13.55,533,0,12.99,41,0,25400,92000,1
S06,Northeast,2023-11-20,12.78,703,0,12.64,33,1,25400,92000,1
S06,Northeast,2023-11-27,11.66,437,0,12.09,35,0,25400,92000,1
S06,Northeast,2023-12-04,11.95,533,0,12.22,40,0,25400,92000,1
S06,Northeast,2023-12-11,11.99,625,0,11.37,34,0,25400,92000,1
S06,Northeast,2023-12-18,12.04,696,0,12.72,20,0,25400,92000,1
S06,Northeast,2023-12-25,13.06,1006,0,12.0,33,1,25400,92000,1
S06,Northeast,2024-01-01,13.31,986,0,12.73,39,1,25400,92000,1
S06,Northeast,2024-01-08,12.54,714,0,12.69,31,0,25400,92000,1
S06,Northeast,2024-01-15,12.18,534,0,11.96,29,0,25400,92000,1
S06,Northeast,2024-01-22,11.67,588,0,11.38,30,0,25400,92000,1
S06,Northeast,2024-01-29,12.6,618,0,11.55,33,0,25400,92000,1
S06,Northeast,2024-02-05,12.09,715,0,11.8,36,0,25400,92000,1
S06,Northeast,2024-02-12,12.77,552,0,12.19,27,0,25400,92000,1
S06,Northeast,2024-02-19,12.04,635,0,12.76,32,0,25400,92000,1
S06,Northeast,2024-02-26,12.51,674,1,12.75,31,0,25400,92000,1
S06,Northeast,2024-03-04,13.26,533,0,12.77,37,0,25400,92000,1
S06,Northeast,2024-03-11,12.36,524,0,13.19,38,0,25400,92000,1
S06,Northeast,2024-03-18,12.11,400,0,12.53,44,0,25400,92000,1
S06,Northeast,2024-03-25,11.14,347,0,11.66,46,0,25400,92000,1
S06,Northeast,2024-04-01,11.03,334,0,12.2,38,0,25400,92000,1
S06,Northeast,2024-04-08,10.74,267,0,11.53,50,0,25400,92000,1
S06,Northeast,2024-04-15,13.22,395,0,11.67,56,0,25400,92000,1
S06,Northeast,2024-04-22,13.12,428,0,12.25,53,0,25400,92000,1
S06,Northeast,2024-04-29,12.5,486,0,12.08,43,0,25400,92000,1
S06,Northeast,2024-05-06,12.33,365,0,11.94,62,0,25400,92000,1
S06,Northeast,2024-05-13,12.61,239,0,11.47,61,0,25400,92000,1
S06,Northeast,2024-05-20,11.91,275,0,12.59,64,0,25400,92000,1
S06,Northeast,2024-05-27,11.75,252,0,11.11,74,1,25400,92000,1
S06,Northeast,2024-06-03,12.24,281,0,11.54,72,0,25400,92000,1
S06,Northeast,2024-06-10,12.07,299,0,12.94,77,0,25400,92000,1
S06,Northeast,2024-06-17,12.85,340,1,11.58,62,0,25400,92000,1
S06,Northeast,2024-06-24,12.05,318,0,11.96,69,0,25400,92000,1
S06,Northeast,2024-07-01,12.53,336,0,11.84,77,1,25400,92000,1
S06,Northeast,2024-07-08,11.06,164,0,10.99,80,0,25400,92000,1
S06,Northeast,2024-07-15,13.35,299,0,12.4,77,0,25400,92000,1
S06,Northeast,2024-07-22,13.29,316,0,13.23,81,0,25400,92000,1
S06,Northeast,2024-07-29,11.67,323,0,12.56,76,0,25400,92000,1
S06,Northeast,2024-08-05,12.7,250,0,12.29,71,0,25400,92000,1
S06,Northeast,2024-08-12,13.33,321,0,12.68,79,0,25400,92000,1
S06,Northeast,2024-08-19,13.03,330,0,12.62,78,0,25400,92000,1
S06,Northeast,2024-08-26,12.46,337,0,13.73,70,0,25400,92000,1
S06,Northeast,2024-09-02,11.96,411,0,11.74,63,1,25400,92000,1
S06,Northeast,2024-09-09,11.63,270,0,12.22,54,0,25400,92000,1
S06,Northeast,2024-09-16,12.11,535,1,12.69,60,0,25400,92000,1
S06,Northeast,2024-09-23,12.56,236,0,12.0,66,0,25400,92000,1
S06,Northeast,2024-09-30,11.36,309,0,11.86,57,0,25400,92000,1
S06,Northeast,2024-10-07,11.5,401,0,12.9,54,0,25400,92000,1
S06,Northeast,2024-10-14,12.65,396,1,13.31,60,0,25400,92000,1
S06,Northeast,2024-10-21,12.73,350,0,12.76,51,0,25400,92000,1
S06,Northeast,2024-10-28,12.98,438,0,12.53,40,0,25400,92000,1
S06,Northeast,2024-11-04,14.7,672,0,13.55,37,0,25400,92000,1
S06,Northeast,2024-11-11,14.65,635,0,13.59,45,0,25400,92000,1
S06,Northeast,2024-11-18,13.25,696,1,12.96,42,0,25400,92000,1
S06,Northeast,2024-11-25,12.23,535,0,12.54,36,1,25400,92000,1
S06,Northeast,2024-12-02,12.85,553,0,12.43,42,0,25400,92000,1
S06,Northeast,2024-12-09,13.12,580,0,12.7,31,0,25400,92000,1
S06,Northeast,2024-12-16,12.43,623,0,11.79,27,0,25400,92000,1
S06,Northeast,2024-12-23,11.93,580,0,10.77,32,1,25400,92000,1
S06,Northeast,2024-12-30,12.13,753,1,11.98,26,1,25400,92000,1
S06,Northeast,2025-01-06,13.03,478,0,11.98,34,0,25400,92000,1
S06,Northeast,2025-01-13,12.72,629,0,12.0,25,0,25400,92000,1
S06,Northeast,2025-01-20,11.86,326,0,11.66,32,0,25400,92000,1
S06,Northeast,2025-01-27,11.88,463,0,12.27,21,0,25400,92000,1
S06,Northeast,2025-02-03,12.35,479,0,11.46,35,0,25400,92000,1
S06,Northeast,2025-02-10,12.2,788,1,11.4,24,0,25400,92000,1
S06,Northeast,2025-02-17,11.72,414,0,12.07,29,0,25400,92000,1
S06,Northeast,2025-02-24,12.76,483,0,11.8,33,0,25400,92000,1
S06,Northeast,2025-03-03,11.69,573,0,12.74,33,0,25400,92000,1
S06,Northeast,2025-03-10,12.27,539,0,12.49,40,0,25400,92000,1
S06,Northeast,2025-03-17,11.9,466,0,12.04,28,0,25400,92000,1
S06,Northeast,2025-03-24,12.68,323,0,12.79,41,0,25400,92000,1
S06,Northeast,2025-03-31,12.73,589,0,11.25,32,0,25400,92000,1
S06,Northeast,2025-04-07,12.63,364,0,12.02,43,0,25400,92000,1
S06,Northeast,2025-04-14,11.99,735,0,12.59,58,0,25400,92000,1
S06,Northeast,2025-04-21,11.99,369,0,11.55,44,0,25400,92000,1
S06,Northeast,2025-04-28,9.99,513,0,11.45,51,0,25400,92000,1
S06,Northeast,2025-05-05,9.99,649,0,11.14,56,0,25400,92000,1
S06,Northeast,2025-05-12,13.99,327,0,11.49,52,0,25400,92000,1
S06,Northeast,2025-05-19,13.99,110,0,11.22,65,0,25400,92000,1
S06,Northeast,2025-05-26,13.99,241,0,11.16,65,1,25400,92000,1
S06,Northeast,2025-06-02,13.99,71,0,11.54,69,0,25400,92000,1
S06,Northeast,2025-06-09,9.99,237,0,11.09,76,0,25400,92000,1
S06,Northeast,2025-06-16,9.99,353,0,10.91,71,0,25400,92000,1
S06,Northeast,2025-06-23,13.99,94,0,11.46,72,0,25400,92000,1
S06,Northeast,2025-06-30,13.99,238,0,11.81,66,1,25400,92000,1
S06,Northeast,2025-07-07,12.31,162,0,11.24,75,0,25400,92000,1
S06,Northeast,2025-07-14,12.64,167,0,11.45,77,0,25400,92000,1
S06,Northeast,2025-07-21,12.6,314,0,12.12,75,0,25400,92000,1
S06,Northeast,2025-07-28,12.2,241,0,11.64,79,0,25400,92000,1
S06,Northeast,2025-08-04,12.9,234,0,12.44,73,0,25400,92000,1
S06,Northeast,2025-08-11,12.77,214,0,13.08,80,0,25400,92000,1
S06,Northeast,2025-08-18,12.15,306,1,12.48,67,0,25400,92000,1
S06,Northeast,2025-08-25,12.52,264,0,11.9,71,0,25400,92000,1
S06,Northeast,2025-09-01,12.57,375,0,12.42,70,1,25400,92000,1
S06,Northeast,2025-09-08,12.61,297,1,11.8,72,0,25400,92000,1
S06,Northeast,2025-09-15,11.57,242,0,10.85,66,0,25400,92000,1
S06,Northeast,2025-09-22,11.63,343,0,11.57,60,0,25400,92000,1
S06,Northeast,2025-09-29,12.2,383,0,11.39,52,0,25400,92000,1
S06,Northeast,2025-10-06,11.77,307,0,11.62,61,0,25400,92000,1
S06,Northeast,2025-10-13,10.96,428,0,10.74,54,0,25400,92000,1
S06,Northeast,2025-10-20,10.84,396,0,12.25,56,0,25400,92000,1
S06,Northeast,2025-10-27,11.97,462,0,11.31,36,0,25400,92000,1
S06,Northeast,2025-11-03,10.35,296,0,10.55,52,0,25400,92000,1
S06,Northeast,2025-11-10,12.01,470,1,12.91,49,0,25400,92000,1
S06,Northeast,2025-11-17,11.03,437,0,11.15,49,0,25400,92000,1
S06,Northeast,2025-11-24,10.86,594,0,12.17,46,1,25400,92000,1
S06,Northeast,2025-12-01,10.48,701,0,12.07,40,0,25400,92000,1
S06,Northeast,2025-12-08,11.71,537,0,12.16,36,0,25400,92000,1
S06,Northeast,2025-12-15,11.88,704,0,11.18,36,0,25400,92000,1
S06,Northeast,2025-12-22,11.28,633,0,11.56,28,1,25400,92000,1
S06,Northeast,2025-12-29,11.23,439,0,11.6,35,1,25400,92000,1
S06,Northeast,2026-01-05,11.19,714,0,12.06,35,0,25400,92000,1
S06,Northeast,2026-01-12,11.02,573,0,10.96,26,0,25400,92000,1
S06,Northeast,2026-01-19,11.55,561,0,11.66,29,0,25400,92000,1
S06,Northeast,2026-01-26,11.7,597,0,11.65,34,0,25400,92000,1
S06,Northeast,2026-02-02,11.89,677,0,10.83,28,0,25400,92000,1
S06,Northeast,2026-02-09,10.81,663,0,11.67,38,0,25400,92000,1
S06,Northeast,2026-02-16,10.33,461,0,10.73,30,0,25400,92000,1
S06,Northeast,2026-02-23,10.92,551,0,11.69,23,0,25400,92000,1
S06,Northeast,2026-03-02,11.39,784,1,11.45,25,0,25400,92000,1
S06,Northeast,2026-03-09,11.62,575,0,11.73,38,0,25400,92000,1
S06,Northeast,2026-03-16,11.71,858,1,12.23,35,0,25400,92000,1
S06,Northeast,2026-03-23,12.5,340,0,11.65,36,0,25400,92000,1
S06,Northeast,2026-03-30,11.9,375,0,11.64,41,0,25400,92000,1
S06,Northeast,2026-04-06,12.5,507,0,12.27,44,0,25400,92000,1
S06,Northeast,2026-04-13,12.43,393,0,12.1,54,0,25400,92000,1
S06,Northeast,2026-04-20,12.51,504,1,11.88,46,0,25400,92000,1
S06,Northeast,2026-04-27,12.07,219,0,12.01,62,0,25400,92000,1
S06,Northeast,2026-05-04,10.86,239,0,11.03,60,0,25400,92000,1
S06,Northeast,2026-05-11,12.59,391,0,11.8,64,0,25400,92000,1
S06,Northeast,2026-05-18,11.11,328,0,10.81,54,0,25400,92000,1
S06,Northeast,2026-05-25,11.74,475,0,11.85,61,1,25400,92000,1
S06,Northeast,2026-06-01,12.17,355,0,12.55,70,0,25400,92000,1
S06,Northeast,2026-06-08,11.68,251,0,12.55,70,0,25400,92000,1
S06,Northeast,2026-06-15,11.38,226,0,11.08,70,0,25400,92000,1
S06,Northeast,2026-06-22,12.39,282,0,12.14,76,0,25400,92000,1
S06,Northeast,2026-06-29,12.02,226,0,11.2,72,1,25400,92000,1
S06,Northeast,2026-07-06,12.57,314,0,11.93,74,0,25400,92000,1
S06,Northeast,2026-07-13,11.72,225,0,12.18,75,0,25400,92000,1
S06,Northeast,2026-07-20,11.55,280,0,11.65,76,0,25400,92000,1
S06,Northeast,2026-07-27,11.38,233,0,11.6,78,0,25400,92000,1
S06,Northeast,2026-08-03,11.18,241,0,11.71,73,0,25400,92000,1
S06,Northeast,2026-08-10,11.91,233,0,10.82,66,0,25400,92000,1
S06,Northeast,2026-08-17,11.74,195,0,11.22,70,0,25400,92000,1
S06,Northeast,2026-08-24,12.43,292,1,12.15,71,0,25400,92000,1
S06,Northeast,2026-08-31,11.84,295,0,11.37,71,0,25400,92000,1
S06,Northeast,2026-09-07,12.34,464,0,12.29,72,1,25400,92000,1
S06,Northeast,2026-09-14,11.94,244,0,11.84,66,0,25400,92000,1
S06,Northeast,2026-09-21,10.81,322,0,12.17,62,0,25400,92000,1
S07,Northeast,2023-10-02,12.0,453,0,11.93,57,0,41200,67000,0
S07,Northeast,2023-10-09,11.33,513,0,12.54,53,0,41200,67000,0
S07,Northeast,2023-10-16,11.68,599,0,11.45,50,0,41200,67000,0
S07,Northeast,2023-10-23,11.99,950,0,12.53,46,0,41200,67000,0
S07,Northeast,2023-10-30,13.11,690,0,11.26,51,0,41200,67000,0
S07,Northeast,2023-11-06,12.75,1845,1,14.12,49,0,41200,67000,0
S07,Northeast,2023-11-13,12.3,977,0,13.1,39,0,41200,67000,0
S07,Northeast,2023-11-20,12.9,1308,0,13.27,39,1,41200,67000,0
S07,Northeast,2023-11-27,11.38,651,0,12.03,33,0,41200,67000,0
S07,Northeast,2023-12-04,11.58,757,0,11.6,42,0,41200,67000,0
S07,Northeast,2023-12-11,11.73,1026,0,12.33,38,0,41200,67000,0
S07,Northeast,2023-12-18,12.75,908,0,11.88,38,0,41200,67000,0
S07,Northeast,2023-12-25,13.03,1515,0,12.31,40,1,41200,67000,0
S07,Northeast,2024-01-01,13.24,2178,0,12.62,18,1,41200,67000,0
S07,Northeast,2024-01-08,12.26,1344,0,13.24,29,0,41200,67000,0
S07,Northeast,2024-01-15,11.7,958,0,11.83,31,0,41200,67000,0
S07,Northeast,2024-01-22,11.04,916,0,12.18,23,0,41200,67000,0
S07,Northeast,2024-01-29,11.81,1306,0,12.06,27,0,41200,67000,0
S07,Northeast,2024-02-05,12.7,1326,0,11.49,23,0,41200,67000,0
S07,Northeast,2024-02-12,11.56,874,0,11.59,27,0,41200,67000,0
S07,Northeast,2024-02-19,12.28,1158,0,12.52,41,0,41200,67000,0
S07,Northeast,2024-02-26,13.63,1220,1,12.45,39,0,41200,67000,0
S07,Northeast,2024-03-04,13.35,1012,0,12.09,24,0,41200,67000,0
S07,Northeast,2024-03-11,14.23,1224,0,12.42,28,0,41200,67000,0
S07,Northeast,2024-03-18,12.26,776,0,12.26,41,0,41200,67000,0
S07,Northeast,2024-03-25,11.61,750,0,12.43,50,0,41200,67000,0
S07,Northeast,2024-04-01,12.51,651,0,11.07,54,0,41200,67000,0
S07,Northeast,2024-04-08,11.17,682,0,11.26,47,0,41200,67000,0
S07,Northeast,2024-04-15,12.64,841,0,12.93,41,0,41200,67000,0
S07,Northeast,2024-04-22,13.54,634,0,12.47,52,0,41200,67000,0
S07,Northeast,2024-04-29,13.07,686,0,12.86,58,0,41200,67000,0
S07,Northeast,2024-05-06,12.32,701,0,13.82,52,0,41200,67000,0
S07,Northeast,2024-05-13,12.58,444,0,12.36,69,0,41200,67000,0
S07,Northeast,2024-05-20,12.82,565,0,12.44,70,0,41200,67000,0
S07,Northeast,2024-05-27,11.23,626,0,12.08,59,1,41200,67000,0
S07,Northeast,2024-06-03,10.4,398,0,12.06,69,0,41200,67000,0
S07,Northeast,2024-06-10,12.68,544,0,12.49,71,0,41200,67000,0
S07,Northeast,2024-06-17,12.31,455,1,12.66,75,0,41200,67000,0
S07,Northeast,2024-06-24,13.41,422,0,12.09,78,0,41200,67000,0
S07,Northeast,2024-07-01,12.24,566,0,12.17,64,1,41200,67000,0
S07,Northeast,2024-07-08,11.74,438,0,11.89,77,0,41200,67000,0
S07,Northeast,2024-07-15,11.65,364,0,11.74,77,0,41200,67000,0
S07,Northeast,2024-07-22,12.53,569,0,12.02,70,0,41200,67000,0
S07,Northeast,2024-07-29,11.1,373,0,12.08,64,0,41200,67000,0
S07,Northeast,2024-08-05,11.26,318,0,12.12,79,0,41200,67000,0
S07,Northeast,2024-08-12,13.21,538,0,12.56,68,0,41200,67000,0
S07,Northeast,2024-08-19,12.81,698,0,12.06,69,0,41200,67000,0
S07,Northeast,2024-08-26,13.21,540,0,11.84,70,0,41200,67000,0
S07,Northeast,2024-09-02,11.98,755,0,11.16,68,1,41200,67000,0
S07,Northeast,2024-09-09,11.73,495,0,11.68,67,0,41200,67000,0
S07,Northeast,2024-09-16,11.48,828,1,12.03,63,0,41200,67000,0
S07,Northeast,2024-09-23,12.28,494,0,12.43,64,0,41200,67000,0
S07,Northeast,2024-09-30,12.08,404,0,11.93,58,0,41200,67000,0
S07,Northeast,2024-10-07,12.49,657,0,12.84,56,0,41200,67000,0
S07,Northeast,2024-10-14,13.85,965,1,12.6,60,0,41200,67000,0
S07,Northeast,2024-10-21,12.7,966,0,13.03,55,0,41200,67000,0
S07,Northeast,2024-10-28,13.97,946,0,12.79,46,0,41200,67000,0
S07,Northeast,2024-11-04,13.28,1034,0,13.3,43,0,41200,67000,0
S07,Northeast,2024-11-11,14.01,887,0,12.46,41,0,41200,67000,0
S07,Northeast,2024-11-18,14.2,1500,1,13.52,41,0,41200,67000,0
S07,Northeast,2024-11-25,12.53,958,0,12.52,41,1,41200,67000,0
S07,Northeast,2024-12-02,12.79,1053,0,13.25,43,0,41200,67000,0
S07,Northeast,2024-12-09,12.68,964,0,11.92,37,0,41200,67000,0
S07,Northeast,2024-12-16,12.51,956,0,12.7,28,0,41200,67000,0
S07,Northeast,2024-12-23,11.17,976,0,11.09,27,1,41200,67000,0
S07,Northeast,2024-12-30,11.75,1187,1,12.64,26,1,41200,67000,0
S07,Northeast,2025-01-06,13.47,886,0,12.34,34,0,41200,67000,0
S07,Northeast,2025-01-13,12.28,861,0,12.51,28,0,41200,67000,0
S07,Northeast,2025-01-20,11.84,892,0,11.45,29,0,41200,67000,0
S07,Northeast,2025-01-27,11.52,556,0,11.43,31,0,41200,67000,0
S07,Northeast,2025-02-03,12.12,1132,0,12.42,31,0,41200,67000,0
S07,Northeast,2025-02-10,12.36,959,1,12.43,31,0,41200,67000,0
S07,Northeast,2025-02-17,12.61,631,0,12.14,31,0,41200,67000,0
S07,Northeast,2025-02-24,12.33,842,0,12.28,27,0,41200,67000,0
S07,Northeast,2025-03-03,11.75,896,0,12.09,39,0,41200,67000,0
S07,Northeast,2025-03-10,12.65,828,0,11.08,26,0,41200,67000,0
S07,Northeast,2025-03-17,12.26,482,0,11.85,48,0,41200,67000,0
S07,Northeast,2025-03-24,13.6,818,0,12.54,38,0,41200,67000,0
S07,Northeast,2025-03-31,12.51,761,0,12.21,41,0,41200,67000,0
S07,Northeast,2025-04-07,12.9,644,0,10.82,49,0,41200,67000,0
S07,Northeast,2025-04-14,13.39,567,0,13.2,52,0,41200,67000,0
S07,Northeast,2025-04-21,14.14,663,0,11.76,54,0,41200,67000,0
S07,Northeast,2025-04-28,12.09,703,1,12.09,59,0,41200,67000,0
S07,Northeast,2025-05-05,12.78,496,0,12.3,49,0,41200,67000,0
S07,Northeast,2025-05-12,12.95,513,0,11.26,62,0,41200,67000,0
S07,Northeast,2025-05-19,12.2,729,1,11.72,54,0,41200,67000,0
S07,Northeast,2025-05-26,12.12,362,0,11.71,67,1,41200,67000,0
S07,Northeast,2025-06-02,11.72,395,0,11.19,65,0,41200,67000,0
S07,Northeast,2025-06-09,11.14,238,0,11.04,73,0,41200,67000,0
S07,Northeast,2025-06-16,11.07,322,1,10.67,79,0,41200,67000,0
S07,Northeast,2025-06-23,11.51,262,0,11.24,76,0,41200,67000,0
S07,Northeast,2025-06-30,11.87,395,0,11.46,76,1,41200,67000,0
S07,Northeast,2025-07-07,12.65,333,0,11.17,80,0,41200,67000,0
S07,Northeast,2025-07-14,13.29,470,0,13.49,73,0,41200,67000,0
S07,Northeast,2025-07-21,12.35,513,0,12.09,70,0,41200,67000,0
S07,Northeast,2025-07-28,12.95,442,0,12.7,79,0,41200,67000,0
S07,Northeast,2025-08-04,12.1,396,0,11.69,70,0,41200,67000,0
S07,Northeast,2025-08-11,12.83,535,0,12.24,67,0,41200,67000,0
S07,Northeast,2025-08-18,12.45,456,1,11.35,68,0,41200,67000,0
S07,Northeast,2025-08-25,12.47,562,0,11.96,62,0,41200,67000,0
S07,Northeast,2025-09-01,11.32,583,0,11.09,68,1,41200,67000,0
S07,Northeast,2025-09-08,12.34,508,1,10.71,69,0,41200,67000,0
S07,Northeast,2025-09-15,11.51,483,0,11.93,58,0,41200,67000,0
S07,Northeast,2025-09-22,11.14,680,0,11.59,62,0,41200,67000,0
S07,Northeast,2025-09-29,11.75,875,0,11.9,50,0,41200,67000,0
S07,Northeast,2025-10-06,12.09,711,0,12.15,57,0,41200,67000,0
S07,Northeast,2025-10-13,10.89,850,0,11.08,43,0,41200,67000,0
S07,Northeast,2025-10-20,10.84,665,0,11.38,48,0,41200,67000,0
S07,Northeast,2025-10-27,10.42,493,0,11.6,51,0,41200,67000,0
S07,Northeast,2025-11-03,10.95,649,0,11.08,53,0,41200,67000,0
S07,Northeast,2025-11-10,11.5,899,1,11.22,48,0,41200,67000,0
S07,Northeast,2025-11-17,10.84,726,0,11.77,50,0,41200,67000,0
S07,Northeast,2025-11-24,11.73,1283,0,12.19,41,1,41200,67000,0
S07,Northeast,2025-12-01,10.91,1171,0,12.31,38,0,41200,67000,0
S07,Northeast,2025-12-08,12.11,897,0,11.67,43,0,41200,67000,0
S07,Northeast,2025-12-15,10.81,1280,0,11.84,28,0,41200,67000,0
S07,Northeast,2025-12-22,11.55,1153,0,12.03,34,1,41200,67000,0
S07,Northeast,2025-12-29,11.38,1014,0,10.99,34,1,41200,67000,0
S07,Northeast,2026-01-05,11.25,1074,0,11.63,28,0,41200,67000,0
S07,Northeast,2026-01-12,10.52,820,0,10.9,22,0,41200,67000,0
S07,Northeast,2026-01-19,11.28,1204,0,11.74,32,0,41200,67000,0
S07,Northeast,2026-01-26,10.92,1017,0,11.16,33,0,41200,67000,0
S07,Northeast,2026-02-02,10.61,1080,0,12.09,24,0,41200,67000,0
S07,Northeast,2026-02-09,11.22,1101,0,12.24,42,0,41200,67000,0
S07,Northeast,2026-02-16,10.48,717,0,11.29,31,0,41200,67000,0
S07,Northeast,2026-02-23,11.73,1240,0,11.87,17,0,41200,67000,0
S07,Northeast,2026-03-02,11.6,1338,1,11.18,39,0,41200,67000,0
S07,Northeast,2026-03-09,11.23,925,0,11.92,37,0,41200,67000,0
S07,Northeast,2026-03-16,11.35,951,1,11.69,45,0,41200,67000,0
S07,Northeast,2026-03-23,11.27,497,0,11.33,45,0,41200,67000,0
S07,Northeast,2026-03-30,12.61,707,0,12.46,45,0,41200,67000,0
S07,Northeast,2026-04-06,13.19,1162,0,12.14,47,0,41200,67000,0
S07,Northeast,2026-04-13,13.1,709,0,12.12,47,0,41200,67000,0
S07,Northeast,2026-04-20,12.62,1131,1,12.17,52,0,41200,67000,0
S07,Northeast,2026-04-27,12.74,763,0,10.86,56,0,41200,67000,0
S07,Northeast,2026-05-04,11.31,391,0,10.91,53,0,41200,67000,0
S07,Northeast,2026-05-11,11.48,618,0,10.97,61,0,41200,67000,0
S07,Northeast,2026-05-18,11.13,424,0,11.42,60,0,41200,67000,0
S07,Northeast,2026-05-25,11.57,789,0,11.85,65,1,41200,67000,0
S07,Northeast,2026-06-01,13.03,501,0,11.26,68,0,41200,67000,0
S07,Northeast,2026-06-08,11.9,603,0,12.74,72,0,41200,67000,0
S07,Northeast,2026-06-15,11.19,669,0,11.48,68,0,41200,67000,0
S07,Northeast,2026-06-22,11.35,402,0,11.55,69,0,41200,67000,0
S07,Northeast,2026-06-29,11.81,622,0,11.26,69,1,41200,67000,0
S07,Northeast,2026-07-06,11.77,440,0,10.96,76,0,41200,67000,0
S07,Northeast,2026-07-13,12.29,451,0,11.33,76,0,41200,67000,0
S07,Northeast,2026-07-20,11.21,456,0,11.72,73,0,41200,67000,0
S07,Northeast,2026-07-27,11.8,504,0,12.03,74,0,41200,67000,0
S07,Northeast,2026-08-03,11.0,340,0,10.44,78,0,41200,67000,0
S07,Northeast,2026-08-10,11.13,315,0,11.37,78,0,41200,67000,0
S07,Northeast,2026-08-17,10.76,407,0,10.56,66,0,41200,67000,0
S07,Northeast,2026-08-24,12.4,550,1,12.23,70,0,41200,67000,0
S07,Northeast,2026-08-31,12.41,710,0,11.75,68,0,41200,67000,0
S07,Northeast,2026-09-07,12.27,505,0,12.38,71,1,41200,67000,0
S07,Northeast,2026-09-14,11.3,456,0,11.07,67,0,41200,67000,0
S07,Northeast,2026-09-21,10.16,576,0,11.43,69,0,41200,67000,0
S08,Northeast,2023-10-02,12.52,310,0,12.15,61,0,29500,87000,0
S08,Northeast,2023-10-09,11.66,263,0,11.47,67,0,29500,87000,0
S08,Northeast,2023-10-16,11.61,513,0,11.87,56,0,29500,87000,0
S08,Northeast,2023-10-23,12.03,663,0,12.63,54,0,29500,87000,0
S08,Northeast,2023-10-30,13.59,587,0,12.98,54,0,29500,87000,0
S08,Northeast,2023-11-06,13.34,1066,1,12.65,49,0,29500,87000,0
S08,Northeast,2023-11-13,12.78,905,0,13.61,41,0,29500,87000,0
S08,Northeast,2023-11-20,13.43,764,0,13.01,45,1,29500,87000,0
S08,Northeast,2023-11-27,11.63,414,0,11.01,41,0,29500,87000,0
S08,Northeast,2023-12-04,10.99,543,0,11.61,27,0,29500,87000,0
S08,Northeast,2023-12-11,11.35,608,0,11.73,36,0,29500,87000,0
S08,Northeast,2023-12-18,12.08,641,0,12.65,34,0,29500,87000,0
S08,Northeast,2023-12-25,12.84,1068,0,12.51,27,1,29500,87000,0
S08,Northeast,2024-01-01,12.72,952,0,12.25,34,1,29500,87000,0
S08,Northeast,2024-01-08,12.64,691,0,11.93,29,0,29500,87000,0
S08,Northeast,2024-01-15,12.56,704,0,11.19,33,0,29500,87000,0
S08,Northeast,2024-01-22,12.0,651,0,11.9,37,0,29500,87000,0
S08,Northeast,2024-01-29,11.7,634,0,12.23,24,0,29500,87000,0
S08,Northeast,2024-02-05,11.87,625,0,12.16,28,0,29500,87000,0
S08,Northeast,2024-02-12,11.37,660,0,12.35,28,0,29500,87000,0
S08,Northeast,2024-02-19,12.63,833,0,12.47,37,0,29500,87000,0
S08,Northeast,2024-02-26,12.7,718,1,12.59,32,0,29500,87000,0
S08,Northeast,2024-03-04,13.08,571,0,12.06,42,0,29500,87000,0
S08,Northeast,2024-03-11,12.43,572,0,12.99,40,0,29500,87000,0
S08,Northeast,2024-03-18,12.46,649,0,12.28,38,0,29500,87000,0
S08,Northeast,2024-03-25,12.44,552,0,11.76,40,0,29500,87000,0
S08,Northeast,2024-04-01,12.04,372,0,11.86,53,0,29500,87000,0
S08,Northeast,2024-04-08,11.55,393,0,11.83,48,0,29500,87000,0
S08,Northeast,2024-04-15,12.78,372,0,12.7,55,0,29500,87000,0
S08,Northeast,2024-04-22,12.64,511,0,12.08,51,0,29500,87000,0
S08,Northeast,2024-04-29,13.0,608,0,12.72,52,0,29500,87000,0
S08,Northeast,2024-05-06,12.08,368,0,12.67,57,0,29500,87000,0
S08,Northeast,2024-05-13,13.05,296,0,12.18,54,0,29500,87000,0
S08,Northeast,2024-05-20,11.91,445,0,13.05,65,0,29500,87000,0
S08,Northeast,2024-05-27,12.69,336,0,11.81,57,1,29500,87000,0
S08,Northeast,2024-06-03,11.03,218,0,12.12,71,0,29500,87000,0
S08,Northeast,2024-06-10,12.27,396,0,12.03,66,0,29500,87000,0
S08,Northeast,2024-06-17,13.18,327,1,11.52,73,0,29500,87000,0
S08,Northeast,2024-06-24,12.11,326,0,12.82,72,0,29500,87000,0
S08,Northeast,2024-07-01,12.78,428,0,12.17,73,1,29500,87000,0
S08,Northeast,2024-07-08,11.5,242,0,11.35,77,0,29500,87000,0
S08,Northeast,2024-07-15,12.76,272,0,11.91,78,0,29500,87000,0
S08,Northeast,2024-07-22,13.31,340,0,12.75,81,0,29500,87000,0
S08,Northeast,2024-07-29,11.56,254,0,11.76,76,0,29500,87000,0
S08,Northeast,2024-08-05,13.57,406,0,12.42,73,0,29500,87000,0
S08,Northeast,2024-08-12,12.7,386,0,13.84,77,0,29500,87000,0
S08,Northeast,2024-08-19,14.05,466,0,13.37,67,0,29500,87000,0
S08,Northeast,2024-08-26,13.22,403,0,11.78,81,0,29500,87000,0
S08,Northeast,2024-09-02,11.72,390,0,11.0,72,1,29500,87000,0
S08,Northeast,2024-09-09,11.79,381,0,11.64,65,0,29500,87000,0
S08,Northeast,2024-09-16,12.93,607,1,13.24,67,0,29500,87000,0
S08,Northeast,2024-09-23,12.74,305,0,12.46,59,0,29500,87000,0
S08,Northeast,2024-09-30,12.56,345,0,11.98,50,0,29500,87000,0
S08,Northeast,2024-10-07,11.54,388,0,11.49,60,0,29500,87000,0
S08,Northeast,2024-10-14,13.74,469,1,12.5,61,0,29500,87000,0
S08,Northeast,2024-10-21,12.2,405,0,12.48,48,0,29500,87000,0
S08,Northeast,2024-10-28,12.39,534,0,12.69,51,0,29500,87000,0
S08,Northeast,2024-11-04,13.52,687,0,13.67,50,0,29500,87000,0
S08,Northeast,2024-11-11,13.61,701,0,13.61,44,0,29500,87000,0
S08,Northeast,2024-11-18,13.09,917,1,13.14,42,0,29500,87000,0
S08,Northeast,2024-11-25,11.75,494,0,11.88,35,1,29500,87000,0
S08,Northeast,2024-12-02,13.16,1095,0,12.06,33,0,29500,87000,0
S08,Northeast,2024-12-09,11.95,439,0,12.43,37,0,29500,87000,0
S08,Northeast,2024-12-16,11.59,605,0,12.36,30,0,29500,87000,0
S08,Northeast,2024-12-23,11.82,686,0,11.65,27,1,29500,87000,0
S08,Northeast,2024-12-30,12.48,1170,1,13.28,36,1,29500,87000,0
S08,Northeast,2025-01-06,13.72,524,0,10.86,38,0,29500,87000,0
S08,Northeast,2025-01-13,12.6,1001,0,11.45,23,0,29500,87000,0
S08,Northeast,2025-01-20,13.0,904,0,11.46,19,0,29500,87000,0
S08,Northeast,2025-01-27,11.52,710,0,11.59,20,0,29500,87000,0
S08,Northeast,2025-02-03,12.74,559,0,12.32,36,0,29500,87000,0
S08,Northeast,2025-02-10,12.15,554,1,12.25,32,0,29500,87000,0
S08,Northeast,2025-02-17,12.1,436,0,12.65,38,0,29500,87000,0
S08,Northeast,2025-02-24,11.72,526,0,11.29,26,0,29500,87000,0
S08,Northeast,2025-03-03,11.77,596,0,11.56,34,0,29500,87000,0
S08,Northeast,2025-03-10,12.81,434,0,11.87,37,0,29500,87000,0
S08,Northeast,2025-03-17,11.49,398,0,11.69,42,0,29500,87000,0
S08,Northeast,2025-03-24,14.16,599,0,12.75,35,0,29500,87000,0
S08,Northeast,2025-03-31,12.4,434,0,11.95,39,0,29500,87000,0
S08,Northeast,2025-04-07,12.89,505,0,10.86,46,0,29500,87000,0
S08,Northeast,2025-04-14,13.24,363,0,12.61,51,0,29500,87000,0
S08,Northeast,2025-04-21,13.52,356,0,11.74,48,0,29500,87000,0
S08,Northeast,2025-04-28,12.45,567,1,12.01,51,0,29500,87000,0
S08,Northeast,2025-05-05,12.43,366,0,11.79,57,0,29500,87000,0
S08,Northeast,2025-05-12,12.33,393,0,12.62,58,0,29500,87000,0
S08,Northeast,2025-05-19,11.87,395,1,11.14,57,0,29500,87000,0
S08,Northeast,2025-05-26,12.09,249,0,11.56,62,1,29500,87000,0
S08,Northeast,2025-06-02,11.36,180,0,10.61,73,0,29500,87000,0
S08,Northeast,2025-06-09,11.15,188,0,12.36,62,0,29500,87000,0
S08,Northeast,2025-06-16,11.49,323,1,11.13,66,0,29500,87000,0
S08,Northeast,2025-06-23,12.42,227,0,10.56,71,0,29500,87000,0
S08,Northeast,2025-06-30,11.56,312,0,12.04,75,1,29500,87000,0
S08,Northeast,2025-07-07,11.96,203,0,11.58,85,0,29500,87000,0
S08,Northeast,2025-07-14,13.16,245,0,12.23,76,0,29500,87000,0
S08,Northeast,2025-07-21,11.35,189,0,12.23,91,0,29500,87000,0
S08,Northeast,2025-07-28,12.65,396,0,12.41,69,0,29500,87000,0
S08,Northeast,2025-08-04,12.29,198,0,11.78,77,0,29500,87000,0
S08,Northeast,2025-08-11,11.73,183,0,11.71,72,0,29500,87000,0
S08,Northeast,2025-08-18,11.44,290,1,11.64,79,0,29500,87000,0
S08,Northeast,2025-08-25,12.5,388,0,12.07,68,0,29500,87000,0
S08,Northeast,2025-09-01,11.75,322,0,11.95,71,1,29500,87000,0
S08,Northeast,2025-09-08,13.28,388,1,12.08,66,0,29500,87000,0
S08,Northeast,2025-09-15,12.01,226,0,11.17,70,0,29500,87000,0
S08,Northeast,2025-09-22,11.67,451,0,11.29,52,0,29500,87000,0
S08,Northeast,2025-09-29,12.1,563,0,11.47,57,0,29500,87000,0
S08,Northeast,2025-10-06,12.34,400,0,11.88,57,0,29500,87000,0
S08,Northeast,2025-10-13,10.52,376,0,11.43,52,0,29500,87000,0
S08,Northeast,2025-10-20,10.52,313,0,11.54,59,0,29500,87000,0
S08,Northeast,2025-10-27,10.41,407,0,10.91,64,0,29500,87000,0
S08,Northeast,2025-11-03,11.83,450,0,11.36,51,0,29500,87000,0
S08,Northeast,2025-11-10,12.02,526,1,11.42,51,0,29500,87000,0
S08,Northeast,2025-11-17,10.92,813,0,11.22,41,0,29500,87000,0
S08,Northeast,2025-11-24,12.15,733,0,12.21,39,1,29500,87000,0
S08,Northeast,2025-12-01,11.93,841,0,13.12,39,0,29500,87000,0
S08,Northeast,2025-12-08,10.86,664,0,11.75,37,0,29500,87000,0
S08,Northeast,2025-12-15,10.87,624,0,12.0,33,0,29500,87000,0
S08,Northeast,2025-12-22,10.88,830,0,11.68,37,1,29500,87000,0
S08,Northeast,2025-12-29,11.72,682,0,11.69,32,1,29500,87000,0
S08,Northeast,2026-01-05,10.61,699,0,11.61,37,0,29500,87000,0
S08,Northeast,2026-01-12,10.0,592,0,10.88,21,0,29500,87000,0
S08,Northeast,2026-01-19,11.14,839,0,11.66,30,0,29500,87000,0
S08,Northeast,2026-01-26,11.26,575,0,11.72,30,0,29500,87000,0
S08,Northeast,2026-02-02,11.33,784,0,11.52,31,0,29500,87000,0
S08,Northeast,2026-02-09,11.34,995,0,11.68,23,0,29500,87000,0
S08,Northeast,2026-02-16,10.5,612,0,11.1,35,0,29500,87000,0
S08,Northeast,2026-02-23,12.32,552,0,12.36,40,0,29500,87000,0
S08,Northeast,2026-03-02,12.25,680,1,11.15,37,0,29500,87000,0
S08,Northeast,2026-03-09,11.25,551,0,11.5,36,0,29500,87000,0
S08,Northeast,2026-03-16,11.4,651,1,11.73,40,0,29500,87000,0
S08,Northeast,2026-03-23,12.27,360,0,11.42,50,0,29500,87000,0
S08,Northeast,2026-03-30,12.18,684,0,12.17,44,0,29500,87000,0
S08,Northeast,2026-04-06,12.96,544,0,12.52,39,0,29500,87000,0
S08,Northeast,2026-04-13,12.47,416,0,12.58,48,0,29500,87000,0
S08,Northeast,2026-04-20,11.99,629,1,12.67,53,0,29500,87000,0
S08,Northeast,2026-04-27,12.44,303,0,11.35,57,0,29500,87000,0
S08,Northeast,2026-05-04,12.31,287,0,11.81,60,0,29500,87000,0
S08,Northeast,2026-05-11,10.97,361,0,10.81,50,0,29500,87000,0
S08,Northeast,2026-05-18,11.95,299,0,11.1,71,0,29500,87000,0
S08,Northeast,2026-05-25,11.86,519,0,11.75,61,1,29500,87000,0
S08,Northeast,2026-06-01,11.59,240,0,12.2,65,0,29500,87000,0
S08,Northeast,2026-06-08,12.27,327,0,11.82,64,0,29500,87000,0
S08,Northeast,2026-06-15,12.09,319,0,11.45,68,0,29500,87000,0
S08,Northeast,2026-06-22,11.47,259,0,12.46,67,0,29500,87000,0
S08,Northeast,2026-06-29,12.02,266,0,11.32,75,1,29500,87000,0
S08,Northeast,2026-07-06,11.89,268,0,11.33,68,0,29500,87000,0
S08,Northeast,2026-07-13,11.58,244,0,11.76,78,0,29500,87000,0
S08,Northeast,2026-07-20,11.54,279,0,11.06,78,0,29500,87000,0
S08,Northeast,2026-07-27,11.15,209,0,10.91,78,0,29500,87000,0
S08,Northeast,2026-08-03,11.57,287,0,12.08,81,0,29500,87000,0
S08,Northeast,2026-08-10,10.27,184,0,11.74,75,0,29500,87000,0
S08,Northeast,2026-08-17,11.82,318,0,11.32,72,0,29500,87000,0
S08,Northeast,2026-08-24,10.8,292,1,11.52,76,0,29500,87000,0
S08,Northeast,2026-08-31,11.99,364,0,11.98,74,0,29500,87000,0
S08,Northeast,2026-09-07,13.51,579,0,13.02,64,1,29500,87000,0
S08,Northeast,2026-09-14,11.35,354,0,11.38,68,0,29500,87000,0
S08,Northeast,2026-09-21,10.91,385,0,11.51,61,0,29500,87000,0
S09,Northeast,2023-10-02,11.71,78,0,11.81,58,0,14000,77000,0
S09,Northeast,2023-10-09,11.36,80,0,11.18,57,0,14000,77000,0
S09,Northeast,2023-10-16,11.82,127,0,11.25,46,0,14000,77000,0
S09,Northeast,2023-10-23,11.46,125,0,12.88,48,0,14000,77000,0
S09,Northeast,2023-10-30,12.68,106,0,11.88,52,0,14000,77000,0
S09,Northeast,2023-11-06,12.29,165,1,12.3,42,0,14000,77000,0
S09,Northeast,2023-11-13,13.09,210,0,12.85,39,0,14000,77000,0
S09,Northeast,2023-11-20,13.06,202,0,12.29,42,1,14000,77000,0
S09,Northeast,2023-11-27,11.74,88,0,11.51,40,0,14000,77000,0
S09,Northeast,2023-12-04,12.04,145,0,11.52,33,0,14000,77000,0
S09,Northeast,2023-12-11,11.46,174,0,11.93,33,0,14000,77000,0
S09,Northeast,2023-12-18,12.45,222,0,12.15,35,0,14000,77000,0
S09,Northeast,2023-12-25,12.65,243,0,12.6,39,1,14000,77000,0
S09,Northeast,2024-01-01,13.46,262,0,13.54,29,1,14000,77000,0
S09,Northeast,2024-01-08,12.23,177,0,12.33,23,0,14000,77000,0
S09,Northeast,2024-01-15,12.0,149,0,12.39,37,0,14000,77000,0
S09,Northeast,2024-01-22,12.45,217,0,11.71,28,0,14000,77000,0
S09,Northeast,2024-01-29,12.6,183,0,12.01,20,0,14000,77000,0
S09,Northeast,2024-02-05,12.83,243,0,11.64,30,0,14000,77000,0
S09,Northeast,2024-02-12,12.02,177,0,12.09,28,0,14000,77000,0
S09,Northeast,2024-02-19,11.96,175,0,12.83,29,0,14000,77000,0
S09,Northeast,2024-02-26,12.66,191,1,12.71,34,0,14000,77000,0
S09,Northeast,2024-03-04,13.81,150,0,12.16,41,0,14000,77000,0
S09,Northeast,2024-03-11,12.42,166,0,12.42,27,0,14000,77000,0
S09,Northeast,2024-03-18,12.21,149,0,11.46,47,0,14000,77000,0
S09,Northeast,2024-03-25,11.94,120,0,12.26,42,0,14000,77000,0
S09,Northeast,2024-04-01,11.51,121,0,11.66,45,0,14000,77000,0
S09,Northeast,2024-04-08,10.98,86,0,11.49,48,0,14000,77000,0
S09,Northeast,2024-04-15,11.96,111,0,12.67,46,0,14000,77000,0
S09,Northeast,2024-04-22,12.48,89,0,11.98,63,0,14000,77000,0
S09,Northeast,2024-04-29,12.64,112,0,11.93,53,0,14000,77000,0
S09,Northeast,2024-05-06,12.66,143,0,12.64,62,0,14000,77000,0
S09,Northeast,2024-05-13,11.47,82,0,12.3,64,0,14000,77000,0
S09,Northeast,2024-05-20,12.33,100,0,12.72,61,0,14000,77000,0
S09,Northeast,2024-05-27,11.85,94,0,11.29,73,1,14000,77000,0
S09,Northeast,2024-06-03,10.91,87,0,11.33,65,0,14000,77000,0
S09,Northeast,2024-06-10,11.51,119,0,11.36,77,0,14000,77000,0
S09,Northeast,2024-06-17,12.6,86,1,12.44,75,0,14000,77000,0
S09,Northeast,2024-06-24,12.22,75,0,12.58,75,0,14000,77000,0
S09,Northeast,2024-07-01,12.43,85,0,12.21,76,1,14000,77000,0
S09,Northeast,2024-07-08,12.29,74,0,11.27,80,0,14000,77000,0
S09,Northeast,2024-07-15,12.1,70,0,12.14,77,0,14000,77000,0
S09,Northeast,2024-07-22,13.01,76,0,12.56,74,0,14000,77000,0
S09,Northeast,2024-07-29,11.87,97,0,12.03,71,0,14000,77000,0
S09,Northeast,2024-08-05,12.57,50,0,12.52,79,0,14000,77000,0
S09,Northeast,2024-08-12,12.67,106,0,12.61,71,0,14000,77000,0
S09,Northeast,2024-08-19,13.35,98,0,12.34,68,0,14000,77000,0
S09,Northeast,2024-08-26,12.21,86,0,13.75,70,0,14000,77000,0
S09,Northeast,2024-09-02,11.44,104,0,11.71,67,1,14000,77000,0
S09,Northeast,2024-09-09,11.21,66,0,11.18,65,0,14000,77000,0
S09,Northeast,2024-09-16,11.94,106,1,13.61,67,0,14000,77000,0
S09,Northeast,2024-09-23,11.88,77,0,12.44,61,0,14000,77000,0
S09,Northeast,2024-09-30,12.19,77,0,12.09,60,0,14000,77000,0
S09,Northeast,2024-10-07,11.58,99,0,11.99,56,0,14000,77000,0
S09,Northeast,2024-10-14,13.68,130,1,13.04,56,0,14000,77000,0
S09,Northeast,2024-10-21,12.94,119,0,12.42,62,0,14000,77000,0
S09,Northeast,2024-10-28,13.25,134,0,13.09,49,0,14000,77000,0
S09,Northeast,2024-11-04,13.28,125,0,14.83,56,0,14000,77000,0
S09,Northeast,2024-11-11,14.05,145,0,12.95,36,0,14000,77000,0
S09,Northeast,2024-11-18,13.88,249,1,13.04,37,0,14000,77000,0
S09,Northeast,2024-11-25,12.43,193,0,12.45,44,1,14000,77000,0
S09,Northeast,2024-12-02,12.91,223,0,12.62,36,0,14000,77000,0
S09,Northeast,2024-12-09,11.8,129,0,12.3,35,0,14000,77000,0
S09,Northeast,2024-12-16,12.08,164,0,12.76,35,0,14000,77000,0
S09,Northeast,2024-12-23,11.83,177,0,11.0,31,1,14000,77000,0
S09,Northeast,2024-12-30,12.1,177,1,12.55,37,1,14000,77000,0
S09,Northeast,2025-01-06,12.71,151,0,12.23,36,0,14000,77000,0
S09,Northeast,2025-01-13,11.5,173,0,11.86,26,0,14000,77000,0
S09,Northeast,2025-01-20,12.84,151,0,12.01,31,0,14000,77000,0
S09,Northeast,2025-01-27,12.34,144,0,11.23,32,0,14000,77000,0
S09,Northeast,2025-02-03,12.87,141,0,11.79,32,0,14000,77000,0
S09,Northeast,2025-02-10,12.27,160,1,11.47,32,0,14000,77000,0
S09,Northeast,2025-02-17,12.49,120,0,11.43,38,0,14000,77000,0
S09,Northeast,2025-02-24,12.82,161,0,11.15,38,0,14000,77000,0
S09,Northeast,2025-03-03,11.42,110,0,12.77,34,0,14000,77000,0
S09,Northeast,2025-03-10,12.82,147,0,12.6,41,0,14000,77000,0
S09,Northeast,2025-03-17,12.85,115,0,11.77,47,0,14000,77000,0
S09,Northeast,2025-03-24,13.88,120,0,12.77,43,0,14000,77000,0
S09,Northeast,2025-03-31,11.9,128,0,11.41,45,0,14000,77000,0
S09,Northeast,2025-04-07,11.76,102,0,11.78,44,0,14000,77000,0
S09,Northeast,2025-04-14,14.01,139,0,13.25,46,0,14000,77000,0
S09,Northeast,2025-04-21,12.43,89,0,12.74,55,0,14000,77000,0
S09,Northeast,2025-04-28,13.03,87,1,11.36,54,0,14000,77000,0
S09,Northeast,2025-05-05,13.78,104,0,12.39,47,0,14000,77000,0
S09,Northeast,2025-05-12,11.88,78,0,11.73,58,0,14000,77000,0
S09,Northeast,2025-05-19,11.57,73,1,12.63,58,0,14000,77000,0
S09,Northeast,2025-05-26,12.18,65,0,11.63,59,1,14000,77000,0
S09,Northeast,2025-06-02,11.11,47,0,11.57,78,0,14000,77000,0
S09,Northeast,2025-06-09,11.39,59,0,11.22,75,0,14000,77000,0
S09,Northeast,2025-06-16,11.03,58,1,11.15,61,0,14000,77000,0
S09,Northeast,2025-06-23,12.01,62,0,11.33,69,0,14000,77000,0
S09,Northeast,2025-06-30,11.65,110,0,11.88,73,1,14000,77000,0
S09,Northeast,2025-07-07,12.88,101,0,11.35,70,0,14000,77000,0
S09,Northeast,2025-07-14,12.69,71,0,11.77,79,0,14000,77000,0
S09,Northeast,2025-07-21,12.44,79,0,11.95,75,0,14000,77000,0
S09,Northeast,2025-07-28,12.35,79,0,12.05,75,0,14000,77000,0
S09,Northeast,2025-08-04,11.44,67,0,13.08,73,0,14000,77000,0
S09,Northeast,2025-08-11,12.03,69,0,11.92,67,0,14000,77000,0
S09,Northeast,2025-08-18,12.39,92,1,11.03,70,0,14000,77000,0
S09,Northeast,2025-08-25,12.34,104,0,12.13,66,0,14000,77000,0
S09,Northeast,2025-09-01,12.08,88,0,11.52,67,1,14000,77000,0
S09,Northeast,2025-09-08,12.96,100,1,12.0,69,0,14000,77000,0
S09,Northeast,2025-09-15,11.76,74,0,11.6,58,0,14000,77000,0
S09,Northeast,2025-09-22,11.05,108,0,11.32,58,0,14000,77000,0
S09,Northeast,2025-09-29,10.81,67,0,12.48,61,0,14000,77000,0
S09,Northeast,2025-10-06,11.98,134,0,12.01,47,0,14000,77000,0
S09,Northeast,2025-10-13,10.79,147,0,11.0,42,0,14000,77000,0
S09,Northeast,2025-10-20,11.85,126,0,11.92,56,0,14000,77000,0
S09,Northeast,2025-10-27,11.14,122,0,11.45,51,0,14000,77000,0
S09,Northeast,2025-11-03,10.36,106,0,11.17,39,0,14000,77000,0
S09,Northeast,2025-11-10,11.55,141,1,11.2,36,0,14000,77000,0
S09,Northeast,2025-11-17,10.22,127,0,10.44,41,0,14000,77000,0
S09,Northeast,2025-11-24,11.59,153,0,11.62,38,1,14000,77000,0
S09,Northeast,2025-12-01,11.83,229,0,12.45,35,0,14000,77000,0
S09,Northeast,2025-12-08,11.0,133,0,10.95,39,0,14000,77000,0
S09,Northeast,2025-12-15,10.84,196,0,12.17,39,0,14000,77000,0
S09,Northeast,2025-12-22,11.08,167,0,12.0,34,1,14000,77000,0
S09,Northeast,2025-12-29,11.35,148,0,11.1,39,1,14000,77000,0
S09,Northeast,2026-01-05,10.95,201,0,12.33,36,0,14000,77000,0
S09,Northeast,2026-01-12,10.41,129,0,11.77,26,0,14000,77000,0
S09,Northeast,2026-01-19,10.89,148,0,11.42,36,0,14000,77000,0
S09,Northeast,2026-01-26,11.34,182,0,10.96,30,0,14000,77000,0
S09,Northeast,2026-02-02,12.1,244,0,12.25,28,0,14000,77000,0
S09,Northeast,2026-02-09,11.35,177,0,11.98,32,0,14000,77000,0
S09,Northeast,2026-02-16,9.85,136,0,10.73,25,0,14000,77000,0
S09,Northeast,2026-02-23,10.78,113,0,12.5,36,0,14000,77000,0
S09,Northeast,2026-03-02,12.04,168,1,11.17,37,0,14000,77000,0
S09,Northeast,2026-03-09,10.87,138,0,11.26,37,0,14000,77000,0
S09,Northeast,2026-03-16,11.33,175,1,10.76,47,0,14000,77000,0
S09,Northeast,2026-03-23,12.78,122,0,12.19,41,0,14000,77000,0
S09,Northeast,2026-03-30,12.44,128,0,12.64,42,0,14000,77000,0
S09,Northeast,2026-04-06,13.33,139,0,12.16,48,0,14000,77000,0
S09,Northeast,2026-04-13,13.68,215,0,12.19,37,0,14000,77000,0
S09,Northeast,2026-04-20,12.14,146,1,12.18,53,0,14000,77000,0
S09,Northeast,2026-04-27,13.01,93,0,12.36,52,0,14000,77000,0
S09,Northeast,2026-05-04,11.61,62,0,11.21,76,0,14000,77000,0
S09,Northeast,2026-05-11,11.34,56,0,11.09,53,0,14000,77000,0
S09,Northeast,2026-05-18,11.4,74,0,10.8,69,0,14000,77000,0
S09,Northeast,2026-05-25,11.51,108,0,12.1,54,1,14000,77000,0
S09,Northeast,2026-06-01,12.16,97,0,11.78,64,0,14000,77000,0
S09,Northeast,2026-06-08,11.72,60,0,12.03,69,0,14000,77000,0
S09,Northeast,2026-06-15,12.25,92,0,11.45,68,0,14000,77000,0
S09,Northeast,2026-06-22,11.84,64,0,11.13,79,0,14000,77000,0
S09,Northeast,2026-06-29,11.04,69,0,10.78,62,1,14000,77000,0
S09,Northeast,2026-07-06,12.13,72,0,11.41,77,0,14000,77000,0
S09,Northeast,2026-07-13,11.86,78,0,11.26,75,0,14000,77000,0
S09,Northeast,2026-07-20,12.31,57,0,11.37,87,0,14000,77000,0
S09,Northeast,2026-07-27,11.47,72,0,11.95,69,0,14000,77000,0
S09,Northeast,2026-08-03,11.09,64,0,10.64,80,0,14000,77000,0
S09,Northeast,2026-08-10,12.28,115,0,12.4,69,0,14000,77000,0
S09,Northeast,2026-08-17,10.88,56,0,11.08,73,0,14000,77000,0
S09,Northeast,2026-08-24,11.38,60,1,11.21,66,0,14000,77000,0
S09,Northeast,2026-08-31,11.99,71,0,11.95,72,0,14000,77000,0
S09,Northeast,2026-09-07,12.27,131,0,11.68,73,1,14000,77000,0
S09,Northeast,2026-09-14,11.79,84,0,10.78,65,0,14000,77000,0
S09,Northeast,2026-09-21,11.44,131,0,11.85,65,0,14000,77000,0
S10,Northeast,2023-10-02,12.17,573,0,12.01,66,0,32800,69000,1
S10,Northeast,2023-10-09,12.15,637,0,11.86,62,0,32800,69000,1
S10,Northeast,2023-10-16,11.9,744,0,11.78,53,0,32800,69000,1
S10,Northeast,2023-10-23,11.06,908,0,11.92,48,0,32800,69000,1
S10,Northeast,2023-10-30,12.98,827,0,12.29,53,0,32800,69000,1
S10,Northeast,2023-11-06,12.35,1228,1,13.86,45,0,32800,69000,1
S10,Northeast,2023-11-13,12.62,868,0,13.05,50,0,32800,69000,1
S10,Northeast,2023-11-20,12.97,1272,0,12.48,41,1,32800,69000,1
S10,Northeast,2023-11-27,11.34,738,0,12.4,38,0,32800,69000,1
S10,Northeast,2023-12-04,12.65,1026,0,12.37,34,0,32800,69000,1
S10,Northeast,2023-12-11,12.53,1171,0,11.7,28,0,32800,69000,1
S10,Northeast,2023-12-18,12.51,786,0,12.37,42,0,32800,69000,1
S10,Northeast,2023-12-25,12.45,1163,0,12.37,37,1,32800,69000,1
S10,Northeast,2024-01-01,14.25,1680,0,13.42,39,1,32800,69000,1
S10,Northeast,2024-01-08,12.35,1190,0,13.44,27,0,32800,69000,1
S10,Northeast,2024-01-15,12.26,1354,0,12.42,25,0,32800,69000,1
S10,Northeast,2024-01-22,11.32,1022,0,12.44,28,0,32800,69000,1
S10,Northeast,2024-01-29,11.84,894,0,11.48,34,0,32800,69000,1
S10,Northeast,2024-02-05,12.04,1486,0,12.78,25,0,32800,69000,1
S10,Northeast,2024-02-12,11.97,924,0,11.38,35,0,32800,69000,1
S10,Northeast,2024-02-19,13.0,1703,0,12.18,38,0,32800,69000,1
S10,Northeast,2024-02-26,13.21,1263,1,12.74,38,0,32800,69000,1
S10,Northeast,2024-03-04,12.96,967,0,12.26,37,0,32800,69000,1
S10,Northeast,2024-03-11,13.17,989,0,13.31,38,0,32800,69000,1
S10,Northeast,2024-03-18,12.71,985,0,12.37,42,0,32800,69000,1
S10,Northeast,2024-03-25,11.13,891,0,12.01,42,0,32800,69000,1
S10,Northeast,2024-04-01,11.26,659,0,11.42,48,0,32800,69000,1
S10,Northeast,2024-04-08,11.55,571,0,11.23,47,0,32800,69000,1
S10,Northeast,2024-04-15,12.11,1080,0,12.23,41,0,32800,69000,1
S10,Northeast,2024-04-22,12.37,982,0,12.35,43,0,32800,69000,1
S10,Northeast,2024-04-29,12.14,829,0,12.11,55,0,32800,69000,1
S10,Northeast,2024-05-06,12.23,653,0,12.61,56,0,32800,69000,1
S10,Northeast,2024-05-13,13.46,646,0,11.76,58,0,32800,69000,1
S10,Northeast,2024-05-20,11.41,484,0,13.57,68,0,32800,69000,1
S10,Northeast,2024-05-27,12.26,692,0,11.11,59,1,32800,69000,1
S10,Northeast,2024-06-03,11.19,521,0,12.03,66,0,32800,69000,1
S10,Northeast,2024-06-10,12.07,532,0,12.8,82,0,32800,69000,1
S10,Northeast,2024-06-17,11.77,498,1,11.11,78,0,32800,69000,1
S10,Northeast,2024-06-24,11.89,574,0,13.23,56,0,32800,69000,1
S10,Northeast,2024-07-01,11.64,660,0,13.2,75,1,32800,69000,1
S10,Northeast,2024-07-08,11.25,370,0,10.87,74,0,32800,69000,1
S10,Northeast,2024-07-15,11.77,568,0,12.07,65,0,32800,69000,1
S10,Northeast,2024-07-22,13.3,612,0,12.81,76,0,32800,69000,1
S10,Northeast,2024-07-29,11.61,563,0,11.24,71,0,32800,69000,1
S10,Northeast,2024-08-05,13.04,504,0,11.61,69,0,32800,69000,1
S10,Northeast,2024-08-12,12.66,495,0,13.77,73,0,32800,69000,1
S10,Northeast,2024-08-19,12.88,660,0,12.27,76,0,32800,69000,1
S10,Northeast,2024-08-26,12.81,656,0,12.62,70,0,32800,69000,1
S10,Northeast,2024-09-02,11.73,602,0,12.65,68,1,32800,69000,1
S10,Northeast,2024-09-09,11.85,490,0,11.49,73,0,32800,69000,1
S10,Northeast,2024-09-16,11.74,823,1,11.92,62,0,32800,69000,1
S10,Northeast,2024-09-23,13.54,636,0,12.94,62,0,32800,69000,1
S10,Northeast,2024-09-30,13.26,657,0,11.98,58,0,32800,69000,1
S10,Northeast,2024-10-07,11.44,734,0,12.6,61,0,32800,69000,1
S10,Northeast,2024-10-14,13.3,919,1,12.19,54,0,32800,69000,1
S10,Northeast,2024-10-21,13.1,724,0,11.91,56,0,32800,69000,1
S10,Northeast,2024-10-28,12.94,742,0,13.05,50,0,32800,69000,1
S10,Northeast,2024-11-04,13.82,1015,0,13.42,51,0,32800,69000,1
S10,Northeast,2024-11-11,13.37,1184,0,12.82,45,0,32800,69000,1
S10,Northeast,2024-11-18,13.07,1471,1,12.47,39,0,32800,69000,1
S10,Northeast,2024-11-25,11.91,1108,0,11.91,41,1,32800,69000,1
S10,Northeast,2024-12-02,13.49,1121,0,12.87,36,0,32800,69000,1
S10,Northeast,2024-12-09,12.49,831,0,13.26,40,0,32800,69000,1
S10,Northeast,2024-12-16,12.85,1171,0,12.26,31,0,32800,69000,1
S10,Northeast,2024-12-23,11.12,733,0,10.87,43,1,32800,69000,1
S10,Northeast,2024-12-30,12.88,1393,1,12.36,39,1,32800,69000,1
S10,Northeast,2025-01-06,12.51,854,0,11.69,31,0,32800,69000,1
S10,Northeast,2025-01-13,11.75,1293,0,11.99,34,0,32800,69000,1
S10,Northeast,2025-01-20,12.12,1145,0,10.91,23,0,32800,69000,1
S10,Northeast,2025-01-27,11.37,623,0,10.89,25,0,32800,69000,1
S10,Northeast,2025-02-03,13.12,1197,0,11.78,38,0,32800,69000,1
S10,Northeast,2025-02-10,12.47,1051,1,12.1,32,0,32800,69000,1
S10,Northeast,2025-02-17,12.67,1308,0,11.52,31,0,32800,69000,1
S10,Northeast,2025-02-24,13.33,971,0,11.66,31,0,32800,69000,1
S10,Northeast,2025-03-03,10.99,837,0,10.96,37,0,32800,69000,1
S10,Northeast,2025-03-10,13.46,998,0,11.67,33,0,32800,69000,1
S10,Northeast,2025-03-17,12.81,805,0,11.75,45,0,32800,69000,1
S10,Northeast,2025-03-24,13.35,1043,0,12.65,44,0,32800,69000,1
S10,Northeast,2025-03-31,12.25,895,0,11.92,46,0,32800,69000,1
S10,Northeast,2025-04-07,12.71,507,0,11.99,50,0,32800,69000,1
S10,Northeast,2025-04-14,14.1,871,0,13.19,45,0,32800,69000,1
S10,Northeast,2025-04-21,13.32,852,0,11.99,57,0,32800,69000,1
S10,Northeast,2025-04-28,12.95,646,1,11.9,51,0,32800,69000,1
S10,Northeast,2025-05-05,12.43,618,0,12.73,64,0,32800,69000,1
S10,Northeast,2025-05-12,13.05,668,0,11.83,63,0,32800,69000,1
S10,Northeast,2025-05-19,12.3,665,1,10.58,57,0,32800,69000,1
S10,Northeast,2025-05-26,12.0,631,0,11.35,63,1,32800,69000,1
S10,Northeast,2025-06-02,11.13,334,0,10.74,69,0,32800,69000,1
S10,Northeast,2025-06-09,11.12,399,0,11.67,61,0,32800,69000,1
S10,Northeast,2025-06-16,11.15,341,1,11.4,67,0,32800,69000,1
S10,Northeast,2025-06-23,12.19,313,0,11.38,68,0,32800,69000,1
S10,Northeast,2025-06-30,11.96,725,0,11.34,64,1,32800,69000,1
S10,Northeast,2025-07-07,11.98,425,0,11.49,76,0,32800,69000,1
S10,Northeast,2025-07-14,13.9,529,0,12.58,77,0,32800,69000,1
S10,Northeast,2025-07-21,12.22,709,0,11.99,68,0,32800,69000,1
S10,Northeast,2025-07-28,11.91,453,0,11.82,77,0,32800,69000,1
S10,Northeast,2025-08-04,12.76,474,0,12.52,74,0,32800,69000,1
S10,Northeast,2025-08-11,12.59,482,0,12.1,72,0,32800,69000,1
S10,Northeast,2025-08-18,12.28,472,1,11.32,76,0,32800,69000,1
S10,Northeast,2025-08-25,12.39,694,0,12.09,63,0,32800,69000,1
S10,Northeast,2025-09-01,12.5,776,0,11.76,67,1,32800,69000,1
S10,Northeast,2025-09-08,12.38,591,1,11.75,70,0,32800,69000,1
S10,Northeast,2025-09-15,11.62,492,0,11.0,65,0,32800,69000,1
S10,Northeast,2025-09-22,10.63,586,0,11.71,66,0,32800,69000,1
S10,Northeast,2025-09-29,11.37,790,0,11.37,68,0,32800,69000,1
S10,Northeast,2025-10-06,11.25,693,0,11.47,57,0,32800,69000,1
S10,Northeast,2025-10-13,10.61,750,0,11.54,57,0,32800,69000,1
S10,Northeast,2025-10-20,11.24,669,0,11.73,51,0,32800,69000,1
S10,Northeast,2025-10-27,10.9,676,0,11.44,52,0,32800,69000,1
S10,Northeast,2025-11-03,11.37,689,0,11.87,48,0,32800,69000,1
S10,Northeast,2025-11-10,11.81,756,1,12.21,49,0,32800,69000,1
S10,Northeast,2025-11-17,10.52,800,0,12.27,37,0,32800,69000,1
S10,Northeast,2025-11-24,12.35,1506,0,11.88,35,1,32800,69000,1
S10,Northeast,2025-12-01,11.61,1258,0,12.04,42,0,32800,69000,1
S10,Northeast,2025-12-08,10.95,925,0,11.54,35,0,32800,69000,1
S10,Northeast,2025-12-15,11.66,1121,0,11.72,35,0,32800,69000,1
S10,Northeast,2025-12-22,10.81,1141,0,11.76,35,1,32800,69000,1
S10,Northeast,2025-12-29,10.42,1274,0,11.52,32,1,32800,69000,1
S10,Northeast,2026-01-05,11.21,1685,0,12.64,18,0,32800,69000,1
S10,Northeast,2026-01-12,10.31,925,0,11.21,29,0,32800,69000,1
S10,Northeast,2026-01-19,11.53,1196,0,11.13,35,0,32800,69000,1
S10,Northeast,2026-01-26,11.78,1522,0,12.07,27,0,32800,69000,1
S10,Northeast,2026-02-02,11.61,1194,0,10.86,33,0,32800,69000,1
S10,Northeast,2026-02-09,10.82,1288,0,11.21,29,0,32800,69000,1
S10,Northeast,2026-02-16,9.72,964,0,11.11,31,0,32800,69000,1
S10,Northeast,2026-02-23,12.26,1316,0,11.41,39,0,32800,69000,1
S10,Northeast,2026-03-02,10.28,879,1,11.43,36,0,32800,69000,1
S10,Northeast,2026-03-09,11.47,1310,0,12.19,28,0,32800,69000,1
S10,Northeast,2026-03-16,10.87,995,1,11.62,39,0,32800,69000,1
S10,Northeast,2026-03-23,12.02,768,0,11.06,39,0,32800,69000,1
S10,Northeast,2026-03-30,12.2,709,0,12.04,41,0,32800,69000,1
S10,Northeast,2026-04-06,12.39,874,0,11.88,44,0,32800,69000,1
S10,Northeast,2026-04-13,11.57,667,0,12.26,56,0,32800,69000,1
S10,Northeast,2026-04-20,13.29,1342,1,11.58,49,0,32800,69000,1
S10,Northeast,2026-04-27,11.98,737,0,11.8,59,0,32800,69000,1
S10,Northeast,2026-05-04,11.49,532,0,11.05,57,0,32800,69000,1
S10,Northeast,2026-05-11,12.14,775,0,11.16,56,0,32800,69000,1
S10,Northeast,2026-05-18,11.48,528,0,10.71,60,0,32800,69000,1
S10,Northeast,2026-05-25,11.34,633,0,11.48,63,1,32800,69000,1
S10,Northeast,2026-06-01,12.48,615,0,12.06,71,0,32800,69000,1
S10,Northeast,2026-06-08,12.05,683,0,11.92,64,0,32800,69000,1
S10,Northeast,2026-06-15,12.09,648,0,11.78,63,0,32800,69000,1
S10,Northeast,2026-06-22,11.63,380,0,11.47,75,0,32800,69000,1
S10,Northeast,2026-06-29,11.12,483,0,10.83,75,1,32800,69000,1
S10,Northeast,2026-07-06,12.26,418,0,11.88,75,0,32800,69000,1
S10,Northeast,2026-07-13,12.72,638,0,11.84,67,0,32800,69000,1
S10,Northeast,2026-07-20,11.43,423,0,11.19,63,0,32800,69000,1
S10,Northeast,2026-07-27,11.88,490,0,10.95,73,0,32800,69000,1
S10,Northeast,2026-08-03,11.99,403,0,11.5,82,0,32800,69000,1
S10,Northeast,2026-08-10,11.33,465,0,10.82,71,0,32800,69000,1
S10,Northeast,2026-08-17,11.7,496,0,11.48,74,0,32800,69000,1
S10,Northeast,2026-08-24,12.08,564,1,11.22,69,0,32800,69000,1
S10,Northeast,2026-08-31,12.41,634,0,11.3,72,0,32800,69000,1
S10,Northeast,2026-09-07,11.12,920,0,12.48,67,1,32800,69000,1
S10,Northeast,2026-09-14,11.58,467,0,11.12,70,0,32800,69000,1
S10,Northeast,2026-09-21,11.39,647,0,11.72,66,0,32800,69000,1
S11,Southeast,2023-10-02,11.72,219,0,11.1,75,0,31700,77000,0
S11,Southeast,2023-10-09,10.48,168,0,11.2,69,0,31700,77000,0
S11,Southeast,2023-10-16,11.95,255,0,10.93,67,0,31700,77000,0
S11,Southeast,2023-10-23,11.61,324,0,13.52,81,0,31700,77000,0
S11,Southeast,2023-10-30,11.48,132,0,11.49,81,0,31700,77000,0
S11,Southeast,2023-11-06,11.53,167,0,11.64,74,0,31700,77000,0
S11,Southeast,2023-11-13,11.67,579,1,11.44,56,0,31700,77000,0
S11,Southeast,2023-11-20,12.48,313,0,12.49,72,1,31700,77000,0
S11,Southeast,2023-11-27,13.14,314,0,11.49,55,0,31700,77000,0
S11,Southeast,2023-12-04,12.53,291,0,11.91,60,0,31700,77000,0
S11,Southeast,2023-12-11,11.2,221,0,11.59,66,0,31700,77000,0
S11,Southeast,2023-12-18,11.97,292,0,11.83,53,0,31700,77000,0
S11,Southeast,2023-12-25,11.62,354,0,11.61,56,1,31700,77000,0
S11,Southeast,2024-01-01,12.05,248,0,10.63,64,1,31700,77000,0
S11,Southeast,2024-01-08,12.45,232,0,11.27,51,0,31700,77000,0
S11,Southeast,2024-01-15,11.22,198,1,11.15,62,0,31700,77000,0
S11,Southeast,2024-01-22,11.69,372,0,11.68,61,0,31700,77000,0
S11,Southeast,2024-01-29,11.39,357,0,10.64,56,0,31700,77000,0
S11,Southeast,2024-02-05,12.71,277,0,11.25,58,0,31700,77000,0
S11,Southeast,2024-02-12,11.34,279,0,11.01,53,0,31700,77000,0
S11,Southeast,2024-02-19,12.32,311,0,11.56,55,0,31700,77000,0
S11,Southeast,2024-02-26,12.05,375,0,12.82,55,0,31700,77000,0
S11,Southeast,2024-03-04,12.4,244,0,12.12,60,0,31700,77000,0
S11,Southeast,2024-03-11,13.27,368,0,12.98,50,0,31700,77000,0
S11,Southeast,2024-03-18,12.14,285,1,11.89,58,0,31700,77000,0
S11,Southeast,2024-03-25,11.76,249,0,12.01,61,0,31700,77000,0
S11,Southeast,2024-04-01,11.76,209,0,11.29,62,0,31700,77000,0
S11,Southeast,2024-04-08,11.66,185,0,12.23,68,0,31700,77000,0
S11,Southeast,2024-04-15,11.62,214,0,11.37,71,0,31700,77000,0
S11,Southeast,2024-04-22,10.51,181,0,11.59,68,0,31700,77000,0
S11,Southeast,2024-04-29,13.02,191,0,11.83,74,0,31700,77000,0
S11,Southeast,2024-05-06,11.98,160,0,12.24,73,0,31700,77000,0
S11,Southeast,2024-05-13,10.8,176,0,11.02,65,0,31700,77000,0
S11,Southeast,2024-05-20,11.84,197,0,11.07,72,0,31700,77000,0
S11,Southeast,2024-05-27,12.71,313,1,12.64,78,1,31700,77000,0
S11,Southeast,2024-06-03,12.67,194,0,11.22,71,0,31700,77000,0
S11,Southeast,2024-06-10,10.61,155,0,11.44,69,0,31700,77000,0
S11,Southeast,2024-06-17,11.88,114,0,10.95,78,0,31700,77000,0
S11,Southeast,2024-06-24,12.57,204,0,11.32,75,0,31700,77000,0
S11,Southeast,2024-07-01,13.04,214,0,11.93,80,1,31700,77000,0
S11,Southeast,2024-07-08,12.33,129,0,10.62,85,0,31700,77000,0
S11,Southeast,2024-07-15,12.18,109,0,11.35,91,0,31700,77000,0
S11,Southeast,2024-07-22,11.44,159,1,11.84,90,0,31700,77000,0
S11,Southeast,2024-07-29,12.77,161,1,11.13,84,0,31700,77000,0
S11,Southeast,2024-08-05,11.53,132,0,11.6,83,0,31700,77000,0
S11,Southeast,2024-08-12,11.92,155,0,11.59,83,0,31700,77000,0
S11,Southeast,2024-08-19,12.85,145,0,11.64,78,0,31700,77000,0
S11,Southeast,2024-08-26,12.36,189,0,12.53,86,0,31700,77000,0
S11,Southeast,2024-09-02,12.05,234,0,12.54,84,1,31700,77000,0
S11,Southeast,2024-09-09,12.22,180,0,11.85,68,0,31700,77000,0
S11,Southeast,2024-09-16,12.64,183,0,12.91,77,0,31700,77000,0
S11,Southeast,2024-09-23,11.42,159,0,12.36,77,0,31700,77000,0
S11,Southeast,2024-09-30,12.88,203,0,11.22,72,0,31700,77000,0
S11,Southeast,2024-10-07,12.06,223,0,12.44,61,0,31700,77000,0
S11,Southeast,2024-10-14,12.52,243,1,12.24,68,0,31700,77000,0
S11,Southeast,2024-10-21,12.31,202,0,11.98,64,0,31700,77000,0
S11,Southeast,2024-10-28,11.61,293,0,11.64,62,0,31700,77000,0
S11,Southeast,2024-11-04,12.03,331,0,11.46,56,0,31700,77000,0
S11,Southeast,2024-11-11,11.1,198,0,12.09,59,0,31700,77000,0
S11,Southeast,2024-11-18,12.16,189,0,12.25,61,0,31700,77000,0
S11,Southeast,2024-11-25,12.74,331,0,11.49,60,1,31700,77000,0
S11,Southeast,2024-12-02,12.25,346,0,12.31,57,0,31700,77000,0
S11,Southeast,2024-12-09,12.95,271,0,12.12,62,0,31700,77000,0
S11,Southeast,2024-12-16,13.36,325,0,12.44,48,0,31700,77000,0
S11,Southeast,2024-12-23,11.94,291,0,11.75,58,1,31700,77000,0
S11,Southeast,2024-12-30,11.83,355,0,11.61,53,1,31700,77000,0
S11,Southeast,2025-01-06,11.81,319,0,11.8,58,0,31700,77000,0
S11,Southeast,2025-01-13,13.23,346,0,12.4,50,0,31700,77000,0
S11,Southeast,2025-01-20,12.79,321,0,12.2,58,0,31700,77000,0
S11,Southeast,2025-01-27,12.39,286,0,12.02,57,0,31700,77000,0
S11,Southeast,2025-02-03,12.84,307,0,11.85,63,0,31700,77000,0
S11,Southeast,2025-02-10,12.38,243,0,12.22,63,0,31700,77000,0
S11,Southeast,2025-02-17,11.89,214,0,11.64,49,0,31700,77000,0
S11,Southeast,2025-02-24,11.97,312,0,12.65,63,0,31700,77000,0
S11,Southeast,2025-03-03,12.42,211,0,12.93,64,0,31700,77000,0
S11,Southeast,2025-03-10,12.76,378,0,12.59,55,0,31700,77000,0
S11,Southeast,2025-03-17,12.65,291,0,12.3,58,0,31700,77000,0
S11,Southeast,2025-03-24,12.73,311,0,11.91,59,0,31700,77000,0
S11,Southeast,2025-03-31,12.19,219,1,11.74,65,0,31700,77000,0
S11,Southeast,2025-04-07,12.16,262,0,11.83,54,0,31700,77000,0
S11,Southeast,2025-04-14,12.08,209,0,11.84,71,0,31700,77000,0
S11,Southeast,2025-04-21,11.65,162,0,11.49,69,0,31700,77000,0
S11,Southeast,2025-04-28,12.02,147,0,10.61,67,0,31700,77000,0
S11,Southeast,2025-05-05,10.79,170,0,10.71,65,0,31700,77000,0
S11,Southeast,2025-05-12,12.24,180,0,11.16,75,0,31700,77000,0
S11,Southeast,2025-05-19,11.3,194,0,12.27,66,0,31700,77000,0
S11,Southeast,2025-05-26,11.7,244,0,11.53,81,1,31700,77000,0
S11,Southeast,2025-06-02,12.97,230,0,12.15,75,0,31700,77000,0
S11,Southeast,2025-06-09,12.28,198,0,12.85,79,0,31700,77000,0
S11,Southeast,2025-06-16,11.02,145,0,11.2,72,0,31700,77000,0
S11,Southeast,2025-06-23,11.82,189,1,11.91,73,0,31700,77000,0
S11,Southeast,2025-06-30,12.48,321,1,12.33,81,1,31700,77000,0
S11,Southeast,2025-07-07,11.56,201,0,12.34,80,0,31700,77000,0
S11,Southeast,2025-07-14,13.37,172,0,12.78,88,0,31700,77000,0
S11,Southeast,2025-07-21,11.81,177,0,11.12,88,0,31700,77000,0
S11,Southeast,2025-07-28,11.88,172,0,11.65,80,0,31700,77000,0
S11,Southeast,2025-08-04,11.2,118,0,11.31,82,0,31700,77000,0
S11,Southeast,2025-08-11,11.64,166,0,12.55,86,0,31700,77000,0
S11,Southeast,2025-08-18,12.22,199,0,12.5,76,0,31700,77000,0
S11,Southeast,2025-08-25,11.81,148,0,11.81,76,0,31700,77000,0
S11,Southeast,2025-09-01,11.96,311,0,12.21,78,1,31700,77000,0
S11,Southeast,2025-09-08,12.83,274,0,12.38,74,0,31700,77000,0
S11,Southeast,2025-09-15,12.06,247,1,12.3,85,0,31700,77000,0
S11,Southeast,2025-09-22,11.94,205,0,11.82,74,0,31700,77000,0
S11,Southeast,2025-09-29,12.62,232,0,13.15,74,0,31700,77000,0
S11,Southeast,2025-10-06,11.95,203,0,11.31,74,0,31700,77000,0
S11,Southeast,2025-10-13,11.92,150,0,12.37,78,0,31700,77000,0
S11,Southeast,2025-10-20,12.07,312,0,12.5,66,0,31700,77000,0
S11,Southeast,2025-10-27,12.56,358,0,12.48,67,0,31700,77000,0
S11,Southeast,2025-11-03,12.64,275,0,11.7,74,0,31700,77000,0
S11,Southeast,2025-11-10,12.2,261,0,12.85,69,0,31700,77000,0
S11,Southeast,2025-11-17,11.19,194,0,11.83,59,0,31700,77000,0
S11,Southeast,2025-11-24,11.51,290,0,11.06,55,1,31700,77000,0
S11,Southeast,2025-12-01,11.71,190,0,10.41,54,0,31700,77000,0
S11,Southeast,2025-12-08,11.89,322,0,11.57,52,0,31700,77000,0
S11,Southeast,2025-12-15,11.91,435,1,11.64,62,0,31700,77000,0
S11,Southeast,2025-12-22,12.05,358,0,10.9,55,1,31700,77000,0
S11,Southeast,2025-12-29,12.45,380,0,12.19,60,1,31700,77000,0
S11,Southeast,2026-01-05,13.57,484,1,13.05,49,0,31700,77000,0
S11,Southeast,2026-01-12,12.91,279,0,12.57,65,0,31700,77000,0
S11,Southeast,2026-01-19,12.4,217,0,11.68,57,0,31700,77000,0
S11,Southeast,2026-01-26,12.11,329,0,12.43,53,0,31700,77000,0
S11,Southeast,2026-02-02,13.75,329,0,13.35,54,0,31700,77000,0
S11,Southeast,2026-02-09,13.82,464,0,13.62,57,0,31700,77000,0
S11,Southeast,2026-02-16,11.85,184,0,11.64,63,0,31700,77000,0
S11,Southeast,2026-02-23,11.06,200,1,10.76,58,0,31700,77000,0
S11,Southeast,2026-03-02,12.12,182,0,11.91,66,0,31700,77000,0
S11,Southeast,2026-03-09,10.53,160,0,10.87,63,0,31700,77000,0
S11,Southeast,2026-03-16,11.45,223,0,11.19,59,0,31700,77000,0
S11,Southeast,2026-03-23,12.7,278,0,12.32,74,0,31700,77000,0
S11,Southeast,2026-03-30,14.05,388,0,12.41,63,0,31700,77000,0
S11,Southeast,2026-04-06,13.01,297,0,12.66,54,0,31700,77000,0
S11,Southeast,2026-04-13,12.42,178,0,11.65,61,0,31700,77000,0
S11,Southeast,2026-04-20,11.83,207,0,10.78,69,0,31700,77000,0
S11,Southeast,2026-04-27,11.43,243,0,11.34,70,0,31700,77000,0
S11,Southeast,2026-05-04,11.37,171,0,11.45,84,0,31700,77000,0
S11,Southeast,2026-05-11,10.95,114,0,10.98,74,0,31700,77000,0
S11,Southeast,2026-05-18,11.19,264,0,11.35,75,0,31700,77000,0
S11,Southeast,2026-05-25,11.88,280,1,11.4,72,1,31700,77000,0
S11,Southeast,2026-06-01,11.62,248,0,11.32,80,0,31700,77000,0
S11,Southeast,2026-06-08,11.84,211,0,11.93,78,0,31700,77000,0
S11,Southeast,2026-06-15,11.59,112,0,11.24,83,0,31700,77000,0
S11,Southeast,2026-06-22,11.5,149,0,11.53,76,0,31700,77000,0
S11,Southeast,2026-06-29,11.56,276,0,11.87,83,1,31700,77000,0
S11,Southeast,2026-07-06,11.41,168,0,11.83,85,0,31700,77000,0
S11,Southeast,2026-07-13,10.97,253,1,10.89,84,0,31700,77000,0
S11,Southeast,2026-07-20,10.22,196,0,11.15,82,0,31700,77000,0
S11,Southeast,2026-07-27,10.93,214,1,11.09,80,0,31700,77000,0
S11,Southeast,2026-08-03,11.09,172,1,10.87,79,0,31700,77000,0
S11,Southeast,2026-08-10,11.49,180,0,12.22,77,0,31700,77000,0
S11,Southeast,2026-08-17,11.24,114,0,10.72,78,0,31700,77000,0
S11,Southeast,2026-08-24,11.15,171,0,11.1,82,0,31700,77000,0
S11,Southeast,2026-08-31,11.47,127,0,10.46,76,0,31700,77000,0
S11,Southeast,2026-09-07,11.02,231,1,10.63,79,1,31700,77000,0
S11,Southeast,2026-09-14,11.87,252,1,11.51,74,0,31700,77000,0
S11,Southeast,2026-09-21,11.16,129,0,11.18,75,0,31700,77000,0
S12,Southeast,2023-10-02,11.19,200,0,11.8,78,0,26200,108000,0
S12,Southeast,2023-10-09,10.85,180,0,11.25,69,0,26200,108000,0
S12,Southeast,2023-10-16,12.08,324,0,12.31,67,0,26200,108000,0
S12,Southeast,2023-10-23,12.68,375,0,13.31,72,0,26200,108000,0
S12,Southeast,2023-10-30,11.52,210,0,11.87,70,0,26200,108000,0
S12,Southeast,2023-11-06,11.34,387,0,11.8,55,0,26200,108000,0
S12,Southeast,2023-11-13,11.32,417,1,11.83,65,0,26200,108000,0
S12,Southeast,2023-11-20,11.96,346,0,11.41,63,1,26200,108000,0
S12,Southeast,2023-11-27,12.16,322,0,12.0,61,0,26200,108000,0
S12,Southeast,2023-12-04,11.91,276,0,11.95,62,0,26200,108000,0
S12,Southeast,2023-12-11,11.96,406,0,11.97,54,0,26200,108000,0
S12,Southeast,2023-12-18,11.27,289,0,11.37,53,0,26200,108000,0
S12,Southeast,2023-12-25,11.97,479,0,12.25,59,1,26200,108000,0
S12,Southeast,2024-01-01,12.42,406,0,11.24,56,1,26200,108000,0
S12,Southeast,2024-01-08,12.35,324,0,11.76,58,0,26200,108000,0
S12,Southeast,2024-01-15,11.66,574,1,11.64,49,0,26200,108000,0
S12,Southeast,2024-01-22,11.51,424,0,11.9,56,0,26200,108000,0
S12,Southeast,2024-01-29,11.99,344,0,11.69,57,0,26200,108000,0
S12,Southeast,2024-02-05,12.07,274,0,12.2,65,0,26200,108000,0
S12,Southeast,2024-02-12,11.76,364,0,11.22,56,0,26200,108000,0
S12,Southeast,2024-02-19,11.86,311,0,12.07,56,0,26200,108000,0
S12,Southeast,2024-02-26,11.68,379,0,11.89,56,0,26200,108000,0
S12,Southeast,2024-03-04,12.88,408,0,12.25,56,0,26200,108000,0
S12,Southeast,2024-03-11,13.15,388,0,12.24,64,0,26200,108000,0
S12,Southeast,2024-03-18,13.18,537,1,12.83,52,0,26200,108000,0
S12,Southeast,2024-03-25,11.73,308,0,12.11,68,0,26200,108000,0
S12,Southeast,2024-04-01,12.2,189,0,11.34,62,0,26200,108000,0
S12,Southeast,2024-04-08,11.24,345,0,12.56,65,0,26200,108000,0
S12,Southeast,2024-04-15,11.64,283,0,10.87,71,0,26200,108000,0
S12,Southeast,2024-04-22,11.07,228,0,10.75,72,0,26200,108000,0
S12,Southeast,2024-04-29,12.48,134,0,11.16,77,0,26200,108000,0
S12,Southeast,2024-05-06,12.32,273,0,11.98,68,0,26200,108000,0
S12,Southeast,2024-05-13,11.33,191,0,11.92,80,0,26200,108000,0
S12,Southeast,2024-05-20,11.01,143,0,12.25,69,0,26200,108000,0
S12,Southeast,2024-05-27,11.43,374,1,12.76,72,1,26200,108000,0
S12,Southeast,2024-06-03,12.37,225,0,12.17,67,0,26200,108000,0
S12,Southeast,2024-06-10,11.66,223,0,11.74,73,0,26200,108000,0
S12,Southeast,2024-06-17,11.53,121,0,11.67,80,0,26200,108000,0
S12,Southeast,2024-06-24,11.77,189,0,11.93,81,0,26200,108000,0
S12,Southeast,2024-07-01,12.87,280,0,12.82,75,1,26200,108000,0
S12,Southeast,2024-07-08,11.55,177,0,11.49,84,0,26200,108000,0
S12,Southeast,2024-07-15,11.63,159,0,11.69,70,0,26200,108000,0
S12,Southeast,2024-07-22,11.93,178,1,11.73,85,0,26200,108000,0
S12,Southeast,2024-07-29,12.05,223,1,12.07,83,0,26200,108000,0
S12,Southeast,2024-08-05,12.91,183,0,11.5,85,0,26200,108000,0
S12,Southeast,2024-08-12,11.05,138,0,11.45,79,0,26200,108000,0
S12,Southeast,2024-08-19,11.6,187,0,11.81,74,0,26200,108000,0
S12,Southeast,2024-08-26,12.32,210,0,12.53,73,0,26200,108000,0
S12,Southeast,2024-09-02,13.01,348,0,11.82,75,1,26200,108000,0
S12,Southeast,2024-09-09,13.09,237,0,12.13,84,0,26200,108000,0
S12,Southeast,2024-09-16,13.62,199,0,12.98,81,0,26200,108000,0
S12,Southeast,2024-09-23,12.04,289,0,12.23,78,0,26200,108000,0
S12,Southeast,2024-09-30,11.23,131,0,12.17,75,0,26200,108000,0
S12,Southeast,2024-10-07,11.86,239,0,12.76,67,0,26200,108000,0
S12,Southeast,2024-10-14,12.43,361,1,11.98,61,0,26200,108000,0
S12,Southeast,2024-10-21,12.76,234,0,12.75,70,0,26200,108000,0
S12,Southeast,2024-10-28,12.04,241,0,11.91,67,0,26200,108000,0
S12,Southeast,2024-11-04,12.3,296,0,12.02,65,0,26200,108000,0
S12,Southeast,2024-11-11,11.39,222,0,11.3,57,0,26200,108000,0
S12,Southeast,2024-11-18,11.71,297,0,11.84,53,0,26200,108000,0
S12,Southeast,2024-11-25,12.15,337,0,12.02,61,1,26200,108000,0
S12,Southeast,2024-12-02,12.33,475,0,11.7,57,0,26200,108000,0
S12,Southeast,2024-12-09,12.88,275,0,13.01,56,0,26200,108000,0
S12,Southeast,2024-12-16,11.93,342,0,11.99,48,0,26200,108000,0
S12,Southeast,2024-12-23,11.86,358,0,12.17,54,1,26200,108000,0
S12,Southeast,2024-12-30,12.63,446,0,11.62,56,1,26200,108000,0
S12,Southeast,2025-01-06,11.74,296,0,11.68,58,0,26200,108000,0
S12,Southeast,2025-01-13,12.84,520,0,12.61,51,0,26200,108000,0
S12,Southeast,2025-01-20,13.16,357,0,12.72,56,0,26200,108000,0
S12,Southeast,2025-01-27,12.26,414,0,12.63,62,0,26200,108000,0
S12,Southeast,2025-02-03,12.1,358,0,11.76,61,0,26200,108000,0
S12,Southeast,2025-02-10,12.01,273,0,12.18,51,0,26200,108000,0
S12,Southeast,2025-02-17,12.83,337,0,11.87,52,0,26200,108000,0
S12,Southeast,2025-02-24,11.66,382,0,11.3,55,0,26200,108000,0
S12,Southeast,2025-03-03,12.05,325,0,12.5,59,0,26200,108000,0
S12,Southeast,2025-03-10,12.04,259,0,11.56,63,0,26200,108000,0
S12,Southeast,2025-03-17,12.23,316,0,11.21,54,0,26200,108000,0
S12,Southeast,2025-03-24,12.14,223,0,11.6,66,0,26200,108000,0
S12,Southeast,2025-03-31,12.28,293,1,11.89,64,0,26200,108000,0
S12,Southeast,2025-04-07,11.23,235,0,12.11,69,0,26200,108000,0
S12,Southeast,2025-04-14,12.49,226,0,11.27,62,0,26200,108000,0
S12,Southeast,2025-04-21,12.74,277,0,11.59,74,0,26200,108000,0
S12,Southeast,2025-04-28,12.57,241,0,11.5,63,0,26200,108000,0
S12,Southeast,2025-05-05,10.47,207,0,11.24,73,0,26200,108000,0
S12,Southeast,2025-05-12,11.47,264,0,11.82,74,0,26200,108000,0
S12,Southeast,2025-05-19,11.68,201,0,11.15,85,0,26200,108000,0
S12,Southeast,2025-05-26,12.13,257,0,11.53,78,1,26200,108000,0
S12,Southeast,2025-06-02,12.31,211,0,12.2,78,0,26200,108000,0
S12,Southeast,2025-06-09,12.79,248,0,11.89,73,0,26200,108000,0
S12,Southeast,2025-06-16,11.38,265,0,11.58,70,0,26200,108000,0
S12,Southeast,2025-06-23,10.9,218,1,10.95,69,0,26200,108000,0
S12,Southeast,2025-06-30,11.11,191,1,10.67,79,1,26200,108000,0
S12,Southeast,2025-07-07,12.67,193,0,10.96,85,0,26200,108000,0
S12,Southeast,2025-07-14,13.41,225,0,12.75,90,0,26200,108000,0
S12,Southeast,2025-07-21,11.67,258,0,11.76,79,0,26200,108000,0
S12,Southeast,2025-07-28,11.81,153,0,11.72,83,0,26200,108000,0
S12,Southeast,2025-08-04,11.45,147,0,12.52,83,0,26200,108000,0
S12,Southeast,2025-08-11,11.11,231,0,11.1,84,0,26200,108000,0
S12,Southeast,2025-08-18,11.69,223,0,12.43,78,0,26200,108000,0
S12,Southeast,2025-08-25,11.97,211,0,13.62,82,0,26200,108000,0
S12,Southeast,2025-09-01,12.07,263,0,11.36,71,1,26200,108000,0
S12,Southeast,2025-09-08,14.25,308,0,12.29,86,0,26200,108000,0
S12,Southeast,2025-09-15,12.78,353,1,12.95,77,0,26200,108000,0
S12,Southeast,2025-09-22,11.73,310,0,12.77,66,0,26200,108000,0
S12,Southeast,2025-09-29,12.45,287,0,12.67,67,0,26200,108000,0
S12,Southeast,2025-10-06,12.59,268,0,12.33,69,0,26200,108000,0
S12,Southeast,2025-10-13,13.02,261,0,12.05,69,0,26200,108000,0
S12,Southeast,2025-10-20,12.24,404,0,13.19,65,0,26200,108000,0
S12,Southeast,2025-10-27,12.22,347,0,12.85,62,0,26200,108000,0
S12,Southeast,2025-11-03,12.13,292,0,11.81,66,0,26200,108000,0
S12,Southeast,2025-11-10,12.12,286,0,11.52,72,0,26200,108000,0
S12,Southeast,2025-11-17,11.84,188,0,11.15,62,0,26200,108000,0
S12,Southeast,2025-11-24,11.61,306,0,10.66,59,1,26200,108000,0
S12,Southeast,2025-12-01,11.24,307,0,11.2,56,0,26200,108000,0
S12,Southeast,2025-12-08,11.54,249,0,11.07,54,0,26200,108000,0
S12,Southeast,2025-12-15,10.73,276,1,10.97,58,0,26200,108000,0
S12,Southeast,2025-12-22,12.29,399,0,11.77,57,1,26200,108000,0
S12,Southeast,2025-12-29,11.47,522,0,12.08,60,1,26200,108000,0
S12,Southeast,2026-01-05,14.14,436,1,12.37,61,0,26200,108000,0
S12,Southeast,2026-01-12,13.41,384,0,12.98,50,0,26200,108000,0
S12,Southeast,2026-01-19,13.24,558,0,12.16,57,0,26200,108000,0
S12,Southeast,2026-01-26,12.94,587,0,12.43,49,0,26200,108000,0
S12,Southeast,2026-02-02,15.09,542,0,12.68,61,0,26200,108000,0
S12,Southeast,2026-02-09,13.88,390,0,13.7,63,0,26200,108000,0
S12,Southeast,2026-02-16,12.21,233,0,12.02,56,0,26200,108000,0
S12,Southeast,2026-02-23,12.25,399,1,12.45,52,0,26200,108000,0
S12,Southeast,2026-03-02,12.81,329,0,11.66,58,0,26200,108000,0
S12,Southeast,2026-03-09,12.71,250,0,11.49,61,0,26200,108000,0
S12,Southeast,2026-03-16,11.74,296,0,11.63,64,0,26200,108000,0
S12,Southeast,2026-03-23,13.2,394,0,12.41,59,0,26200,108000,0
S12,Southeast,2026-03-30,13.46,399,0,12.61,59,0,26200,108000,0
S12,Southeast,2026-04-06,13.66,359,0,12.74,67,0,26200,108000,0
S12,Southeast,2026-04-13,13.31,311,0,12.01,70,0,26200,108000,0
S12,Southeast,2026-04-20,11.74,257,0,10.69,74,0,26200,108000,0
S12,Southeast,2026-04-27,12.47,228,0,11.62,79,0,26200,108000,0
S12,Southeast,2026-05-04,11.98,218,0,10.98,74,0,26200,108000,0
S12,Southeast,2026-05-11,10.71,221,0,11.35,66,0,26200,108000,0
S12,Southeast,2026-05-18,10.61,294,0,11.36,77,0,26200,108000,0
S12,Southeast,2026-05-25,12.43,598,1,11.47,73,1,26200,108000,0
S12,Southeast,2026-06-01,11.64,243,0,10.43,78,0,26200,108000,0
S12,Southeast,2026-06-08,11.7,235,0,12.12,73,0,26200,108000,0
S12,Southeast,2026-06-15,12.1,184,0,11.14,73,0,26200,108000,0
S12,Southeast,2026-06-22,11.22,183,0,11.6,90,0,26200,108000,0
S12,Southeast,2026-06-29,12.07,354,0,11.91,75,1,26200,108000,0
S12,Southeast,2026-07-06,11.64,200,0,10.69,72,0,26200,108000,0
S12,Southeast,2026-07-13,10.61,261,1,11.29,86,0,26200,108000,0
S12,Southeast,2026-07-20,11.54,252,0,10.63,71,0,26200,108000,0
S12,Southeast,2026-07-27,11.08,244,1,10.92,78,0,26200,108000,0
S12,Southeast,2026-08-03,10.92,286,1,11.28,80,0,26200,108000,0
S12,Southeast,2026-08-10,12.29,274,0,11.19,76,0,26200,108000,0
S12,Southeast,2026-08-17,11.3,167,0,10.5,91,0,26200,108000,0
S12,Southeast,2026-08-24,11.26,203,0,11.29,87,0,26200,108000,0
S12,Southeast,2026-08-31,11.31,197,0,10.76,75,0,26200,108000,0
S12,Southeast,2026-09-07,10.77,302,1,11.63,88,1,26200,108000,0
S12,Southeast,2026-09-14,11.94,317,1,12.23,77,0,26200,108000,0
S12,Southeast,2026-09-21,10.96,233,0,11.24,79,0,26200,108000,0
S13,Southeast,2023-10-02,12.0,480,0,11.42,74,0,34000,78000,1
S13,Southeast,2023-10-09,10.27,434,0,10.57,62,0,34000,78000,1
S13,Southeast,2023-10-16,12.31,562,0,11.39,69,0,34000,78000,1
S13,Southeast,2023-10-23,12.58,784,0,12.89,64,0,34000,78000,1
S13,Southeast,2023-10-30,11.58,431,0,10.72,69,0,34000,78000,1
S13,Southeast,2023-11-06,11.33,549,0,11.3,64,0,34000,78000,1
S13,Southeast,2023-11-13,11.68,559,1,11.57,79,0,34000,78000,1
S13,Southeast,2023-11-20,12.55,587,0,11.33,64,1,34000,78000,1
S13,Southeast,2023-11-27,12.46,558,0,11.65,68,0,34000,78000,1
S13,Southeast,2023-12-04,12.17,732,0,11.87,58,0,34000,78000,1
S13,Southeast,2023-12-11,11.67,701,0,12.24,65,0,34000,78000,1
S13,Southeast,2023-12-18,12.35,628,0,11.81,57,0,34000,78000,1
S13,Southeast,2023-12-25,11.06,608,0,12.26,63,1,34000,78000,1
S13,Southeast,2024-01-01,10.73,862,0,11.53,44,1,34000,78000,1
S13,Southeast,2024-01-08,12.0,516,0,12.23,51,0,34000,78000,1
S13,Southeast,2024-01-15,11.5,775,1,11.21,52,0,34000,78000,1
S13,Southeast,2024-01-22,11.77,844,0,12.09,53,0,34000,78000,1
S13,Southeast,2024-01-29,11.44,522,0,11.82,65,0,34000,78000,1
S13,Southeast,2024-02-05,11.31,507,0,11.56,63,0,34000,78000,1
S13,Southeast,2024-02-12,10.59,533,0,11.15,57,0,34000,78000,1
S13,Southeast,2024-02-19,12.1,513,0,11.19,69,0,34000,78000,1
S13,Southeast,2024-02-26,11.18,706,0,12.26,52,0,34000,78000,1
S13,Southeast,2024-03-04,12.9,722,0,12.38,69,0,34000,78000,1
S13,Southeast,2024-03-11,13.01,483,0,11.99,69,0,34000,78000,1
S13,Southeast,2024-03-18,11.63,813,1,12.54,57,0,34000,78000,1
S13,Southeast,2024-03-25,11.67,607,0,11.71,63,0,34000,78000,1
S13,Southeast,2024-04-01,11.07,455,0,11.85,63,0,34000,78000,1
S13,Southeast,2024-04-08,12.08,504,0,11.64,66,0,34000,78000,1
S13,Southeast,2024-04-15,11.2,453,0,11.09,66,0,34000,78000,1
S13,Southeast,2024-04-22,10.81,365,0,11.07,65,0,34000,78000,1
S13,Southeast,2024-04-29,12.34,284,0,11.39,74,0,34000,78000,1
S13,Southeast,2024-05-06,12.36,527,0,11.99,60,0,34000,78000,1
S13,Southeast,2024-05-13,11.1,377,0,11.74,75,0,34000,78000,1
S13,Southeast,2024-05-20,11.19,282,0,12.1,77,0,34000,78000,1
S13,Southeast,2024-05-27,13.17,504,1,11.61,76,1,34000,78000,1
S13,Southeast,2024-06-03,12.42,324,0,11.33,82,0,34000,78000,1
S13,Southeast,2024-06-10,10.71,401,0,11.7,82,0,34000,78000,1
S13,Southeast,2024-06-17,11.93,369,0,11.43,77,0,34000,78000,1
S13,Southeast,2024-06-24,12.34,402,0,12.43,72,0,34000,78000,1
S13,Southeast,2024-07-01,13.61,473,0,11.96,83,1,34000,78000,1
S13,Southeast,2024-07-08,11.75,337,0,11.83,80,0,34000,78000,1
S13,Southeast,2024-07-15,12.14,304,0,11.31,79,0,34000,78000,1
S13,Southeast,2024-07-22,11.57,436,1,11.83,70,0,34000,78000,1
S13,Southeast,2024-07-29,11.45,350,1,11.71,89,0,34000,78000,1
S13,Southeast,2024-08-05,12.9,347,0,12.85,75,0,34000,78000,1
S13,Southeast,2024-08-12,11.89,354,0,12.02,83,0,34000,78000,1
S13,Southeast,2024-08-19,13.24,343,0,11.82,84,0,34000,78000,1
S13,Southeast,2024-08-26,12.68,443,0,13.92,74,0,34000,78000,1
S13,Southeast,2024-09-02,11.87,468,0,11.07,88,1,34000,78000,1
S13,Southeast,2024-09-09,12.85,396,0,10.84,79,0,34000,78000,1
S13,Southeast,2024-09-16,11.62,282,0,13.05,78,0,34000,78000,1
S13,Southeast,2024-09-23,11.97,483,0,12.32,75,0,34000,78000,1
S13,Southeast,2024-09-30,13.69,386,0,12.97,85,0,34000,78000,1
S13,Southeast,2024-10-07,12.1,448,0,13.29,72,0,34000,78000,1
S13,Southeast,2024-10-14,12.41,500,1,11.45,70,0,34000,78000,1
S13,Southeast,2024-10-21,12.29,476,0,12.77,61,0,34000,78000,1
S13,Southeast,2024-10-28,12.05,508,0,12.19,69,0,34000,78000,1
S13,Southeast,2024-11-04,11.32,526,0,12.19,65,0,34000,78000,1
S13,Southeast,2024-11-11,12.47,576,0,11.89,62,0,34000,78000,1
S13,Southeast,2024-11-18,12.01,448,0,11.13,58,0,34000,78000,1
S13,Southeast,2024-11-25,11.61,629,0,11.2,63,1,34000,78000,1
S13,Southeast,2024-12-02,12.44,704,0,12.53,58,0,34000,78000,1
S13,Southeast,2024-12-09,12.22,760,0,12.25,51,0,34000,78000,1
S13,Southeast,2024-12-16,12.75,704,0,12.12,56,0,34000,78000,1
S13,Southeast,2024-12-23,12.1,571,0,11.71,58,1,34000,78000,1
S13,Southeast,2024-12-30,12.12,820,0,12.36,54,1,34000,78000,1
S13,Southeast,2025-01-06,11.07,446,0,11.55,61,0,34000,78000,1
S13,Southeast,2025-01-13,13.3,703,0,13.11,57,0,34000,78000,1
S13,Southeast,2025-01-20,13.22,803,0,12.81,54,0,34000,78000,1
S13,Southeast,2025-01-27,12.62,738,0,11.86,56,0,34000,78000,1
S13,Southeast,2025-02-03,11.78,565,0,12.05,62,0,34000,78000,1
S13,Southeast,2025-02-10,12.2,468,0,11.7,57,0,34000,78000,1
S13,Southeast,2025-02-17,11.95,665,0,12.15,62,0,34000,78000,1
S13,Southeast,2025-02-24,11.86,731,0,11.78,56,0,34000,78000,1
S13,Southeast,2025-03-03,12.0,519,0,11.75,61,0,34000,78000,1
S13,Southeast,2025-03-10,13.05,448,0,11.87,63,0,34000,78000,1
S13,Southeast,2025-03-17,12.22,414,0,12.44,56,0,34000,78000,1
S13,Southeast,2025-03-24,12.26,483,0,11.85,60,0,34000,78000,1
S13,Southeast,2025-03-31,12.36,530,1,10.99,69,0,34000,78000,1
S13,Southeast,2025-04-07,12.06,748,0,12.37,63,0,34000,78000,1
S13,Southeast,2025-04-14,11.34,414,0,10.88,68,0,34000,78000,1
S13,Southeast,2025-04-21,13.27,459,0,11.51,69,0,34000,78000,1
S13,Southeast,2025-04-28,11.87,281,0,11.63,78,0,34000,78000,1
S13,Southeast,2025-05-05,11.46,337,0,10.9,66,0,34000,78000,1
S13,Southeast,2025-05-12,11.64,439,0,11.17,64,0,34000,78000,1
S13,Southeast,2025-05-19,11.07,446,0,11.49,76,0,34000,78000,1
S13,Southeast,2025-05-26,11.59,520,0,12.03,74,1,34000,78000,1
S13,Southeast,2025-06-02,12.94,359,0,12.66,77,0,34000,78000,1
S13,Southeast,2025-06-09,12.2,456,0,12.14,70,0,34000,78000,1
S13,Southeast,2025-06-16,10.77,296,0,11.19,79,0,34000,78000,1
S13,Southeast,2025-06-23,11.17,488,1,11.26,68,0,34000,78000,1
S13,Southeast,2025-06-30,11.39,487,1,11.17,82,1,34000,78000,1
S13,Southeast,2025-07-07,12.29,366,0,10.97,81,0,34000,78000,1
S13,Southeast,2025-07-14,13.0,467,0,11.74,91,0,34000,78000,1
S13,Southeast,2025-07-21,11.23,376,0,11.91,75,0,34000,78000,1
S13,Southeast,2025-07-28,12.35,354,0,10.83,74,0,34000,78000,1
S13,Southeast,2025-08-04,11.47,256,0,11.22,74,0,34000,78000,1
S13,Southeast,2025-08-11,12.07,332,0,11.25,83,0,34000,78000,1
S13,Southeast,2025-08-18,11.03,287,0,11.01,84,0,34000,78000,1
S13,Southeast,2025-08-25,13.08,552,0,12.33,75,0,34000,78000,1
S13,Southeast,2025-09-01,11.74,547,0,12.3,78,1,34000,78000,1
S13,Southeast,2025-09-08,13.03,473,0,12.65,81,0,34000,78000,1
S13,Southeast,2025-09-15,12.34,492,1,12.02,89,0,34000,78000,1
S13,Southeast,2025-09-22,12.99,509,0,12.25,72,0,34000,78000,1
S13,Southeast,2025-09-29,12.25,487,0,11.63,76,0,34000,78000,1
S13,Southeast,2025-10-06,12.3,511,0,12.22,75,0,34000,78000,1
S13,Southeast,2025-10-13,12.22,506,0,11.84,78,0,34000,78000,1
S13,Southeast,2025-10-20,12.46,790,0,12.97,62,0,34000,78000,1
S13,Southeast,2025-10-27,12.55,684,0,12.39,57,0,34000,78000,1
S13,Southeast,2025-11-03,11.62,431,0,11.02,66,0,34000,78000,1
S13,Southeast,2025-11-10,12.05,636,0,11.92,64,0,34000,78000,1
S13,Southeast,2025-11-17,11.73,492,0,11.78,70,0,34000,78000,1
S13,Southeast,2025-11-24,12.09,585,0,11.25,60,1,34000,78000,1
S13,Southeast,2025-12-01,11.6,425,0,10.63,54,0,34000,78000,1
S13,Southeast,2025-12-08,11.25,551,0,10.99,55,0,34000,78000,1
S13,Southeast,2025-12-15,10.71,615,1,11.25,57,0,34000,78000,1
S13,Southeast,2025-12-22,11.67,820,0,12.06,51,1,34000,78000,1
S13,Southeast,2025-12-29,11.83,660,0,11.38,57,1,34000,78000,1
S13,Southeast,2026-01-05,13.88,921,1,12.34,65,0,34000,78000,1
S13,Southeast,2026-01-12,13.09,650,0,12.92,52,0,34000,78000,1
S13,Southeast,2026-01-19,11.88,749,0,11.96,54,0,34000,78000,1
S13,Southeast,2026-01-26,12.06,778,0,12.33,57,0,34000,78000,1
S13,Southeast,2026-02-02,12.7,717,0,12.5,59,0,34000,78000,1
S13,Southeast,2026-02-09,14.38,763,0,12.89,52,0,34000,78000,1
S13,Southeast,2026-02-16,13.12,503,0,11.56,56,0,34000,78000,1
S13,Southeast,2026-02-23,11.57,700,1,11.54,58,0,34000,78000,1
S13,Southeast,2026-03-02,12.2,552,0,11.78,62,0,34000,78000,1
S13,Southeast,2026-03-09,11.51,383,0,10.97,69,0,34000,78000,1
S13,Southeast,2026-03-16,12.23,679,0,11.08,53,0,34000,78000,1
S13,Southeast,2026-03-23,12.57,694,0,12.7,65,0,34000,78000,1
S13,Southeast,2026-03-30,13.71,606,0,12.4,59,0,34000,78000,1
S13,Southeast,2026-04-06,13.53,667,0,12.55,64,0,34000,78000,1
S13,Southeast,2026-04-13,12.18,355,0,11.61,67,0,34000,78000,1
S13,Southeast,2026-04-20,11.51,342,0,11.88,68,0,34000,78000,1
S13,Southeast,2026-04-27,11.12,412,0,11.78,76,0,34000,78000,1
S13,Southeast,2026-05-04,11.12,447,0,11.29,68,0,34000,78000,1
S13,Southeast,2026-05-11,11.43,373,0,11.19,78,0,34000,78000,1
S13,Southeast,2026-05-18,10.12,368,0,10.85,69,0,34000,78000,1
S13,Southeast,2026-05-25,11.5,698,1,11.96,66,1,34000,78000,1
S13,Southeast,2026-06-01,12.29,458,0,11.39,85,0,34000,78000,1
S13,Southeast,2026-06-08,11.68,422,0,11.36,78,0,34000,78000,1
S13,Southeast,2026-06-15,12.52,378,0,11.51,74,0,34000,78000,1
S13,Southeast,2026-06-22,11.69,331,0,11.86,75,0,34000,78000,1
S13,Southeast,2026-06-29,10.7,452,0,11.39,75,1,34000,78000,1
S13,Southeast,2026-07-06,11.1,259,0,10.3,85,0,34000,78000,1
S13,Southeast,2026-07-13,10.98,479,1,11.32,86,0,34000,78000,1
S13,Southeast,2026-07-20,11.07,266,0,11.29,79,0,34000,78000,1
S13,Southeast,2026-07-27,10.62,516,1,10.46,77,0,34000,78000,1
S13,Southeast,2026-08-03,11.54,579,1,11.33,75,0,34000,78000,1
S13,Southeast,2026-08-10,12.27,560,0,11.44,82,0,34000,78000,1
S13,Southeast,2026-08-17,10.67,232,0,10.15,90,0,34000,78000,1
S13,Southeast,2026-08-24,12.04,436,0,10.93,78,0,34000,78000,1
S13,Southeast,2026-08-31,10.93,249,0,11.02,79,0,34000,78000,1
S13,Southeast,2026-09-07,11.53,714,1,10.84,71,1,34000,78000,1
S13,Southeast,2026-09-14,11.84,434,1,11.53,76,0,34000,78000,1
S13,Southeast,2026-09-21,10.8,256,0,10.73,83,0,34000,78000,1
S14,Southeast,2023-10-02,11.96,410,0,12.37,72,0,32900,63000,0
S14,Southeast,2023-10-09,10.8,250,0,9.86,77,0,32900,63000,0
S14,Southeast,2023-10-16,11.54,341,0,11.33,66,0,32900,63000,0
S14,Southeast,2023-10-23,12.98,553,0,13.45,66,0,32900,63000,0
S14,Southeast,2023-10-30,11.9,270,0,11.53,66,0,32900,63000,0
S14,Southeast,2023-11-06,11.75,377,0,11.91,66,0,32900,63000,0
S14,Southeast,2023-11-13,11.82,540,1,12.35,66,0,32900,63000,0
S14,Southeast,2023-11-20,12.44,658,0,11.34,60,1,32900,63000,0
S14,Southeast,2023-11-27,12.29,317,0,11.79,58,0,32900,63000,0
S14,Southeast,2023-12-04,12.1,545,0,11.81,64,0,32900,63000,0
S14,Southeast,2023-12-11,11.74,415,0,11.77,58,0,32900,63000,0
S14,Southeast,2023-12-18,11.98,386,0,11.37,57,0,32900,63000,0
S14,Southeast,2023-12-25,11.27,629,0,12.15,51,1,32900,63000,0
S14,Southeast,2024-01-01,12.33,417,0,11.19,58,1,32900,63000,0
S14,Southeast,2024-01-08,11.56,332,0,10.81,54,0,32900,63000,0
S14,Southeast,2024-01-15,11.9,568,1,12.33,55,0,32900,63000,0
S14,Southeast,2024-01-22,12.35,498,0,11.22,50,0,32900,63000,0
S14,Southeast,2024-01-29,11.67,580,0,11.15,55,0,32900,63000,0
S14,Southeast,2024-02-05,12.04,377,0,11.13,52,0,32900,63000,0
S14,Southeast,2024-02-12,10.59,437,0,12.55,56,0,32900,63000,0
S14,Southeast,2024-02-19,11.73,389,0,12.08,51,0,32900,63000,0
S14,Southeast,2024-02-26,11.94,548,0,12.57,62,0,32900,63000,0
S14,Southeast,2024-03-04,12.58,433,0,12.47,57,0,32900,63000,0
S14,Southeast,2024-03-11,11.76,481,0,12.98,58,0,32900,63000,0
S14,Southeast,2024-03-18,12.66,570,1,11.95,56,0,32900,63000,0
S14,Southeast,2024-03-25,11.56,265,0,11.91,67,0,32900,63000,0
S14,Southeast,2024-04-01,11.59,242,0,12.09,66,0,32900,63000,0
S14,Southeast,2024-04-08,11.49,261,0,12.09,63,0,32900,63000,0
S14,Southeast,2024-04-15,12.23,339,0,10.85,72,0,32900,63000,0
S14,Southeast,2024-04-22,10.68,223,0,11.3,70,0,32900,63000,0
S14,Southeast,2024-04-29,12.76,283,0,11.04,63,0,32900,63000,0
S14,Southeast,2024-05-06,12.21,245,0,11.46,69,0,32900,63000,0
S14,Southeast,2024-05-13,11.47,209,0,11.49,70,0,32900,63000,0
S14,Southeast,2024-05-20,11.61,299,0,11.99,61,0,32900,63000,0
S14,Southeast,2024-05-27,12.06,441,1,11.22,79,1,32900,63000,0
S14,Southeast,2024-06-03,12.98,187,0,11.95,79,0,32900,63000,0
S14,Southeast,2024-06-10,11.53,237,0,11.43,81,0,32900,63000,0
S14,Southeast,2024-06-17,11.72,177,0,11.29,79,0,32900,63000,0
S14,Southeast,2024-06-24,11.86,216,0,11.23,86,0,32900,63000,0
S14,Southeast,2024-07-01,12.47,256,0,12.68,82,1,32900,63000,0
S14,Southeast,2024-07-08,11.73,204,0,11.37,78,0,32900,63000,0
S14,Southeast,2024-07-15,12.67,170,0,11.2,84,0,32900,63000,0
S14,Southeast,2024-07-22,12.46,371,1,12.13,77,0,32900,63000,0
S14,Southeast,2024-07-29,12.31,245,1,11.91,75,0,32900,63000,0
S14,Southeast,2024-08-05,12.49,230,0,11.96,86,0,32900,63000,0
S14,Southeast,2024-08-12,11.77,277,0,12.11,75,0,32900,63000,0
S14,Southeast,2024-08-19,12.85,272,0,11.94,83,0,32900,63000,0
S14,Southeast,2024-08-26,12.74,256,0,12.08,79,0,32900,63000,0
S14,Southeast,2024-09-02,12.58,358,0,12.8,81,1,32900,63000,0
S14,Southeast,2024-09-09,11.62,254,0,12.12,68,0,32900,63000,0
S14,Southeast,2024-09-16,12.97,316,0,13.03,75,0,32900,63000,0
S14,Southeast,2024-09-23,11.81,280,0,12.16,81,0,32900,63000,0
S14,Southeast,2024-09-30,12.29,251,0,11.87,72,0,32900,63000,0
S14,Southeast,2024-10-07,12.11,326,0,12.38,72,0,32900,63000,0
S14,Southeast,2024-10-14,12.56,361,1,11.49,70,0,32900,63000,0
S14,Southeast,2024-10-21,13.16,354,0,12.92,70,0,32900,63000,0
S14,Southeast,2024-10-28,11.44,395,0,12.21,70,0,32900,63000,0
S14,Southeast,2024-11-04,11.87,381,0,11.56,63,0,32900,63000,0
S14,Southeast,2024-11-11,11.56,274,0,11.55,67,0,32900,63000,0
S14,Southeast,2024-11-18,12.3,365,0,11.76,60,0,32900,63000,0
S14,Southeast,2024-11-25,12.15,515,0,12.75,66,1,32900,63000,0
S14,Southeast,2024-12-02,11.63,359,0,11.54,54,0,32900,63000,0
S14,Southeast,2024-12-09,12.25,389,0,12.53,63,0,32900,63000,0
S14,Southeast,2024-12-16,11.94,490,0,12.41,64,0,32900,63000,0
S14,Southeast,2024-12-23,11.96,465,0,11.71,56,1,32900,63000,0
S14,Southeast,2024-12-30,12.71,581,0,11.85,58,1,32900,63000,0
S14,Southeast,2025-01-06,11.62,293,0,11.81,64,0,32900,63000,0
S14,Southeast,2025-01-13,13.48,552,0,13.01,64,0,32900,63000,0
S14,Southeast,2025-01-20,12.87,512,0,12.35,54,0,32900,63000,0
S14,Southeast,2025-01-27,12.6,575,0,13.27,57,0,32900,63000,0
S14,Southeast,2025-02-03,12.7,530,0,12.12,54,0,32900,63000,0
S14,Southeast,2025-02-10,12.63,410,0,11.49,66,0,32900,63000,0
S14,Southeast,2025-02-17,12.8,419,0,12.17,48,0,32900,63000,0
S14,Southeast,2025-02-24,11.5,399,0,12.62,59,0,32900,63000,0
S14,Southeast,2025-03-03,12.05,310,0,11.79,63,0,32900,63000,0
S14,Southeast,2025-03-10,11.77,296,0,12.02,63,0,32900,63000,0
S14,Southeast,2025-03-17,12.27,482,0,12.19,58,0,32900,63000,0
S14,Southeast,2025-03-24,13.58,489,0,10.94,54,0,32900,63000,0
S14,Southeast,2025-03-31,12.99,383,1,11.73,74,0,32900,63000,0
S14,Southeast,2025-04-07,12.05,398,0,12.14,62,0,32900,63000,0
S14,Southeast,2025-04-14,11.1,286,0,12.69,69,0,32900,63000,0
S14,Southeast,2025-04-21,12.42,256,0,11.67,59,0,32900,63000,0
S14,Southeast,2025-04-28,11.8,271,0,11.9,66,0,32900,63000,0
S14,Southeast,2025-05-05,11.26,264,0,11.0,69,0,32900,63000,0
S14,Southeast,2025-05-12,11.85,312,0,11.19,65,0,32900,63000,0
S14,Southeast,2025-05-19,11.95,241,0,11.4,82,0,32900,63000,0
S14,Southeast,2025-05-26,11.49,399,0,12.24,71,1,32900,63000,0
S14,Southeast,2025-06-02,13.08,294,0,11.62,83,0,32900,63000,0
S14,Southeast,2025-06-09,12.33,255,0,11.52,70,0,32900,63000,0
S14,Southeast,2025-06-16,10.85,195,0,10.68,79,0,32900,63000,0
S14,Southeast,2025-06-23,11.36,279,1,10.48,78,0,32900,63000,0
S14,Southeast,2025-06-30,11.5,309,1,11.38,83,1,32900,63000,0
S14,Southeast,2025-07-07,11.72,188,0,11.21,90,0,32900,63000,0
S14,Southeast,2025-07-14,13.82,163,0,12.46,86,0,32900,63000,0
S14,Southeast,2025-07-21,12.31,363,0,11.5,86,0,32900,63000,0
S14,Southeast,2025-07-28,11.46,192,0,11.68,79,0,32900,63000,0
S14,Southeast,2025-08-04,11.17,182,0,11.58,71,0,32900,63000,0
S14,Southeast,2025-08-11,11.67,210,0,11.72,81,0,32900,63000,0
S14,Southeast,2025-08-18,11.47,299,0,11.07,82,0,32900,63000,0
S14,Southeast,2025-08-25,12.19,375,0,13.27,78,0,32900,63000,0
S14,Southeast,2025-09-01,12.36,335,0,11.78,74,1,32900,63000,0
S14,Southeast,2025-09-08,14.01,409,0,12.84,78,0,32900,63000,0
S14,Southeast,2025-09-15,12.28,383,1,12.23,88,0,32900,63000,0
S14,Southeast,2025-09-22,12.54,291,0,12.44,83,0,32900,63000,0
S14,Southeast,2025-09-29,12.34,357,0,12.22,71,0,32900,63000,0
S14,Southeast,2025-10-06,11.94,380,0,12.05,74,0,32900,63000,0
S14,Southeast,2025-10-13,11.95,315,0,12.29,70,0,32900,63000,0
S14,Southeast,2025-10-20,12.4,500,0,12.27,66,0,32900,63000,0
S14,Southeast,2025-10-27,12.92,473,0,12.34,62,0,32900,63000,0
S14,Southeast,2025-11-03,12.11,350,0,11.06,65,0,32900,63000,0
S14,Southeast,2025-11-10,11.73,374,0,11.26,66,0,32900,63000,0
S14,Southeast,2025-11-17,12.44,361,0,12.22,65,0,32900,63000,0
S14,Southeast,2025-11-24,11.82,542,0,11.2,53,1,32900,63000,0
S14,Southeast,2025-12-01,10.63,223,0,10.63,51,0,32900,63000,0
S14,Southeast,2025-12-08,11.16,418,0,12.02,57,0,32900,63000,0
S14,Southeast,2025-12-15,12.04,470,1,10.91,55,0,32900,63000,0
S14,Southeast,2025-12-22,12.03,591,0,11.5,52,1,32900,63000,0
S14,Southeast,2025-12-29,12.55,570,0,11.28,62,1,32900,63000,0
S14,Southeast,2026-01-05,13.82,632,1,12.98,59,0,32900,63000,0
S14,Southeast,2026-01-12,13.34,498,0,12.76,59,0,32900,63000,0
S14,Southeast,2026-01-19,12.17,387,0,11.47,67,0,32900,63000,0
S14,Southeast,2026-01-26,12.63,641,0,12.2,57,0,32900,63000,0
S14,Southeast,2026-02-02,14.12,762,0,13.3,52,0,32900,63000,0
S14,Southeast,2026-02-09,14.39,573,0,13.43,55,0,32900,63000,0
S14,Southeast,2026-02-16,13.0,488,0,10.88,55,0,32900,63000,0
S14,Southeast,2026-02-23,11.89,530,1,11.43,44,0,32900,63000,0
S14,Southeast,2026-03-02,13.03,386,0,11.88,57,0,32900,63000,0
S14,Southeast,2026-03-09,12.34,307,0,10.46,58,0,32900,63000,0
S14,Southeast,2026-03-16,12.18,394,0,11.88,62,0,32900,63000,0
S14,Southeast,2026-03-23,13.48,570,0,12.44,53,0,32900,63000,0
S14,Southeast,2026-03-30,13.55,471,0,12.33,56,0,32900,63000,0
S14,Southeast,2026-04-06,13.31,427,0,12.89,70,0,32900,63000,0
S14,Southeast,2026-04-13,12.91,317,0,11.22,63,0,32900,63000,0
S14,Southeast,2026-04-20,11.39,309,0,10.63,65,0,32900,63000,0
S14,Southeast,2026-04-27,12.06,345,0,10.64,68,0,32900,63000,0
S14,Southeast,2026-05-04,11.6,263,0,11.58,83,0,32900,63000,0
S14,Southeast,2026-05-11,12.1,235,0,10.31,71,0,32900,63000,0
S14,Southeast,2026-05-18,10.08,245,0,11.05,73,0,32900,63000,0
S14,Southeast,2026-05-25,12.22,580,1,12.91,70,1,32900,63000,0
S14,Southeast,2026-06-01,12.3,324,0,11.85,80,0,32900,63000,0
S14,Southeast,2026-06-08,11.72,284,0,11.83,84,0,32900,63000,0
S14,Southeast,2026-06-15,11.81,192,0,10.76,80,0,32900,63000,0
S14,Southeast,2026-06-22,11.64,211,0,10.46,80,0,32900,63000,0
S14,Southeast,2026-06-29,11.23,313,0,11.34,79,1,32900,63000,0
S14,Southeast,2026-07-06,10.98,149,0,10.56,76,0,32900,63000,0
S14,Southeast,2026-07-13,11.02,302,1,11.61,96,0,32900,63000,0
S14,Southeast,2026-07-20,11.16,247,0,11.07,78,0,32900,63000,0
S14,Southeast,2026-07-27,11.66,421,1,11.43,75,0,32900,63000,0
S14,Southeast,2026-08-03,11.85,381,1,11.52,71,0,32900,63000,0
S14,Southeast,2026-08-10,11.76,305,0,11.22,79,0,32900,63000,0
S14,Southeast,2026-08-17,12.11,250,0,10.72,77,0,32900,63000,0
S14,Southeast,2026-08-24,11.86,417,0,11.23,70,0,32900,63000,0
S14,Southeast,2026-08-31,10.69,159,0,10.94,80,0,32900,63000,0
S14,Southeast,2026-09-07,11.02,276,1,11.2,79,1,32900,63000,0
S14,Southeast,2026-09-14,11.08,326,1,11.02,77,0,32900,63000,0
S14,Southeast,2026-09-21,11.38,236,0,11.15,77,0,32900,63000,0
S15,Southeast,2023-10-02,12.02,175,0,10.67,73,0,19700,58000,1
S15,Southeast,2023-10-09,10.9,188,0,11.12,77,0,19700,58000,1
S15,Southeast,2023-10-16,12.2,225,0,11.13,69,0,19700,58000,1
S15,Southeast,2023-10-23,12.8,319,0,11.57,60,0,19700,58000,1
S15,Southeast,2023-10-30,12.04,239,0,11.63,59,0,19700,58000,1
S15,Southeast,2023-11-06,11.61,331,0,12.29,57,0,19700,58000,1
S15,Southeast,2023-11-13,12.31,319,1,12.62,65,0,19700,58000,1
S15,Southeast,2023-11-20,12.1,311,0,11.45,57,1,19700,58000,1
S15,Southeast,2023-11-27,12.49,233,0,11.42,73,0,19700,58000,1
S15,Southeast,2023-12-04,12.42,346,0,11.67,58,0,19700,58000,1
S15,Southeast,2023-12-11,10.92,385,0,12.06,58,0,19700,58000,1
S15,Southeast,2023-12-18,12.33,260,0,11.6,50,0,19700,58000,1
S15,Southeast,2023-12-25,11.52,290,0,11.74,57,1,19700,58000,1
S15,Southeast,2024-01-01,10.95,327,0,11.06,49,1,19700,58000,1
S15,Southeast,2024-01-08,11.5,175,0,12.0,58,0,19700,58000,1
S15,Southeast,2024-01-15,11.44,332,1,11.76,56,0,19700,58000,1
S15,Southeast,2024-01-22,11.6,302,0,11.38,55,0,19700,58000,1
S15,Southeast,2024-01-29,10.4,267,0,11.47,59,0,19700,58000,1
S15,Southeast,2024-02-05,11.38,200,0,11.72,43,0,19700,58000,1
S15,Southeast,2024-02-12,11.4,234,0,11.74,63,0,19700,58000,1
S15,Southeast,2024-02-19,11.49,263,0,11.86,54,0,19700,58000,1
S15,Southeast,2024-02-26,11.73,402,0,11.06,54,0,19700,58000,1
S15,Southeast,2024-03-04,12.35,347,0,12.06,56,0,19700,58000,1
S15,Southeast,2024-03-11,12.5,282,0,11.94,59,0,19700,58000,1
S15,Southeast,2024-03-18,12.89,379,1,11.65,67,0,19700,58000,1
S15,Southeast,2024-03-25,11.95,269,0,12.42,49,0,19700,58000,1
S15,Southeast,2024-04-01,11.55,173,0,11.72,69,0,19700,58000,1
S15,Southeast,2024-04-08,11.9,174,0,11.9,69,0,19700,58000,1
S15,Southeast,2024-04-15,10.91,299,0,11.97,58,0,19700,58000,1
S15,Southeast,2024-04-22,11.01,162,0,10.33,70,0,19700,58000,1
S15,Southeast,2024-04-29,12.64,146,0,11.34,66,0,19700,58000,1
S15,Southeast,2024-05-06,12.21,195,0,12.1,77,0,19700,58000,1
S15,Southeast,2024-05-13,11.32,150,0,12.25,72,0,19700,58000,1
S15,Southeast,2024-05-20,11.91,216,0,10.81,72,0,19700,58000,1
S15,Southeast,2024-05-27,11.79,286,1,11.97,80,1,19700,58000,1
S15,Southeast,2024-06-03,11.84,111,0,11.54,82,0,19700,58000,1
S15,Southeast,2024-06-10,11.91,169,0,11.35,80,0,19700,58000,1
S15,Southeast,2024-06-17,11.54,128,0,11.2,82,0,19700,58000,1
S15,Southeast,2024-06-24,11.69,132,0,11.76,89,0,19700,58000,1
S15,Southeast,2024-07-01,12.63,255,0,12.0,87,1,19700,58000,1
S15,Southeast,2024-07-08,11.25,125,0,10.97,82,0,19700,58000,1
S15,Southeast,2024-07-15,12.68,117,0,11.27,86,0,19700,58000,1
S15,Southeast,2024-07-22,11.59,125,1,11.76,82,0,19700,58000,1
S15,Southeast,2024-07-29,11.17,155,1,11.71,82,0,19700,58000,1
S15,Southeast,2024-08-05,12.04,89,0,12.25,84,0,19700,58000,1
S15,Southeast,2024-08-12,11.17,149,0,12.53,84,0,19700,58000,1
S15,Southeast,2024-08-19,12.06,165,0,11.93,80,0,19700,58000,1
S15,Southeast,2024-08-26,13.17,205,0,13.18,90,0,19700,58000,1
S15,Southeast,2024-09-02,12.91,309,0,11.91,80,1,19700,58000,1
S15,Southeast,2024-09-09,12.61,111,0,11.26,77,0,19700,58000,1
S15,Southeast,2024-09-16,12.55,239,0,11.87,82,0,19700,58000,1
S15,Southeast,2024-09-23,11.68,249,0,12.43,81,0,19700,58000,1
S15,Southeast,2024-09-30,12.05,242,0,11.84,72,0,19700,58000,1
S15,Southeast,2024-10-07,11.41,234,0,12.14,72,0,19700,58000,1
S15,Southeast,2024-10-14,12.66,312,1,11.65,68,0,19700,58000,1
S15,Southeast,2024-10-21,12.46,205,0,12.84,64,0,19700,58000,1
S15,Southeast,2024-10-28,11.78,203,0,11.94,64,0,19700,58000,1
S15,Southeast,2024-11-04,11.69,273,0,11.47,59,0,19700,58000,1
S15,Southeast,2024-11-11,12.22,217,0,11.59,70,0,19700,58000,1
S15,Southeast,2024-11-18,12.26,239,0,11.42,58,0,19700,58000,1
S15,Southeast,2024-11-25,11.59,240,0,11.79,56,1,19700,58000,1
S15,Southeast,2024-12-02,12.79,262,0,12.56,66,0,19700,58000,1
S15,Southeast,2024-12-09,13.36,261,0,12.31,60,0,19700,58000,1
S15,Southeast,2024-12-16,12.86,252,0,11.99,50,0,19700,58000,1
S15,Southeast,2024-12-23,12.59,385,0,11.69,56,1,19700,58000,1
S15,Southeast,2024-12-30,12.52,461,0,11.68,57,1,19700,58000,1
S15,Southeast,2025-01-06,12.3,350,0,11.08,56,0,19700,58000,1
S15,Southeast,2025-01-13,13.54,242,0,11.53,64,0,19700,58000,1
S15,Southeast,2025-01-20,13.56,446,0,12.42,47,0,19700,58000,1
S15,Southeast,2025-01-27,11.54,263,0,12.98,42,0,19700,58000,1
S15,Southeast,2025-02-03,12.18,250,0,12.31,51,0,19700,58000,1
S15,Southeast,2025-02-10,12.1,212,0,10.85,43,0,19700,58000,1
S15,Southeast,2025-02-17,11.17,307,0,12.01,50,0,19700,58000,1
S15,Southeast,2025-02-24,12.55,288,0,11.37,55,0,19700,58000,1
S15,Southeast,2025-03-03,12.41,199,0,12.4,54,0,19700,58000,1
S15,Southeast,2025-03-10,12.68,302,0,12.2,65,0,19700,58000,1
S15,Southeast,2025-03-17,13.42,276,0,11.97,60,0,19700,58000,1
S15,Southeast,2025-03-24,12.3,126,0,11.88,69,0,19700,58000,1
S15,Southeast,2025-03-31,12.12,249,1,11.43,61,0,19700,58000,1
S15,Southeast,2025-04-07,12.02,272,0,12.39,62,0,19700,58000,1
S15,Southeast,2025-04-14,13.99,92,0,11.11,70,0,19700,58000,1
S15,Southeast,2025-04-21,11.99,147,0,12.44,68,0,19700,58000,1
S15,Southeast,2025-04-28,13.99,151,0,11.99,63,0,19700,58000,1
S15,Southeast,2025-05-05,11.99,98,0,10.98,71,0,19700,58000,1
S15,Southeast,2025-05-12,9.99,312,0,11.99,71,0,19700,58000,1
S15,Southeast,2025-05-19,11.99,138,0,11.89,64,0,19700,58000,1
S15,Southeast,2025-05-26,11.99,106,0,11.18,81,1,19700,58000,1
S15,Southeast,2025-06-02,9.99,290,0,11.32,76,0,19700,58000,1
S15,Southeast,2025-06-09,11.99,194,0,10.95,76,0,19700,58000,1
S15,Southeast,2025-06-16,9.99,199,0,11.34,76,0,19700,58000,1
S15,Southeast,2025-06-23,13.99,75,0,11.08,78,0,19700,58000,1
S15,Southeast,2025-06-30,13.99,110,0,10.87,84,1,19700,58000,1
S15,Southeast,2025-07-07,11.74,225,0,11.2,79,0,19700,58000,1
S15,Southeast,2025-07-14,13.12,174,0,12.48,92,0,19700,58000,1
S15,Southeast,2025-07-21,10.76,144,0,11.69,90,0,19700,58000,1
S15,Southeast,2025-07-28,11.56,129,0,11.56,79,0,19700,58000,1
S15,Southeast,2025-08-04,11.88,150,0,12.45,83,0,19700,58000,1
S15,Southeast,2025-08-11,10.47,106,0,11.3,81,0,19700,58000,1
S15,Southeast,2025-08-18,11.53,154,0,10.75,81,0,19700,58000,1
S15,Southeast,2025-08-25,13.02,235,0,11.51,82,0,19700,58000,1
S15,Southeast,2025-09-01,12.55,242,0,11.86,92,1,19700,58000,1
S15,Southeast,2025-09-08,12.97,213,0,13.15,80,0,19700,58000,1
S15,Southeast,2025-09-15,12.85,306,1,12.52,82,0,19700,58000,1
S15,Southeast,2025-09-22,12.48,209,0,12.38,64,0,19700,58000,1
S15,Southeast,2025-09-29,12.34,192,0,12.84,71,0,19700,58000,1
S15,Southeast,2025-10-06,13.13,263,0,12.03,72,0,19700,58000,1
S15,Southeast,2025-10-13,11.92,187,0,12.87,80,0,19700,58000,1
S15,Southeast,2025-10-20,12.36,337,0,12.78,54,0,19700,58000,1
S15,Southeast,2025-10-27,12.05,350,0,12.2,70,0,19700,58000,1
S15,Southeast,2025-11-03,12.71,235,0,11.73,66,0,19700,58000,1
S15,Southeast,2025-11-10,11.59,181,0,11.65,68,0,19700,58000,1
S15,Southeast,2025-11-17,11.83,218,0,12.06,61,0,19700,58000,1
S15,Southeast,2025-11-24,11.76,197,0,11.46,72,1,19700,58000,1
S15,Southeast,2025-12-01,11.24,154,0,10.75,68,0,19700,58000,1
S15,Southeast,2025-12-08,10.82,309,0,11.48,56,0,19700,58000,1
S15,Southeast,2025-12-15,11.72,317,1,11.57,55,0,19700,58000,1
S15,Southeast,2025-12-22,11.77,318,0,11.11,59,1,19700,58000,1
S15,Southeast,2025-12-29,11.84,368,0,12.31,57,1,19700,58000,1
S15,Southeast,2026-01-05,14.58,385,1,11.97,52,0,19700,58000,1
S15,Southeast,2026-01-12,13.23,338,0,12.61,56,0,19700,58000,1
S15,Southeast,2026-01-19,12.72,328,0,11.6,49,0,19700,58000,1
S15,Southeast,2026-01-26,11.45,295,0,11.86,56,0,19700,58000,1
S15,Southeast,2026-02-02,14.03,297,0,14.02,52,0,19700,58000,1
S15,Southeast,2026-02-09,14.04,361,0,14.0,63,0,19700,58000,1
S15,Southeast,2026-02-16,13.56,381,0,12.52,56,0,19700,58000,1
S15,Southeast,2026-02-23,11.11,243,1,11.5,54,0,19700,58000,1
S15,Southeast,2026-03-02,12.21,266,0,10.85,62,0,19700,58000,1
S15,Southeast,2026-03-09,11.22,194,0,10.74,56,0,19700,58000,1
S15,Southeast,2026-03-16,11.94,228,0,11.74,62,0,19700,58000,1
S15,Southeast,2026-03-23,13.04,320,0,11.53,62,0,19700,58000,1
S15,Southeast,2026-03-30,13.95,329,0,13.23,64,0,19700,58000,1
S15,Southeast,2026-04-06,13.43,233,0,13.31,55,0,19700,58000,1
S15,Southeast,2026-04-13,12.06,160,0,11.61,70,0,19700,58000,1
S15,Southeast,2026-04-20,11.17,116,0,11.38,78,0,19700,58000,1
S15,Southeast,2026-04-27,11.7,137,0,11.23,82,0,19700,58000,1
S15,Southeast,2026-05-04,11.3,161,0,10.49,81,0,19700,58000,1
S15,Southeast,2026-05-11,12.1,237,0,11.5,71,0,19700,58000,1
S15,Southeast,2026-05-18,10.85,149,0,10.81,85,0,19700,58000,1
S15,Southeast,2026-05-25,11.74,333,1,12.83,75,1,19700,58000,1
S15,Southeast,2026-06-01,11.82,231,0,11.53,68,0,19700,58000,1
S15,Southeast,2026-06-08,11.25,234,0,11.81,75,0,19700,58000,1
S15,Southeast,2026-06-15,11.82,167,0,11.36,78,0,19700,58000,1
S15,Southeast,2026-06-22,11.6,162,0,11.42,82,0,19700,58000,1
S15,Southeast,2026-06-29,11.57,297,0,11.8,72,1,19700,58000,1
S15,Southeast,2026-07-06,10.91,160,0,10.79,85,0,19700,58000,1
S15,Southeast,2026-07-13,11.21,292,1,11.86,80,0,19700,58000,1
S15,Southeast,2026-07-20,10.29,143,0,11.34,75,0,19700,58000,1
S15,Southeast,2026-07-27,10.36,158,1,10.95,77,0,19700,58000,1
S15,Southeast,2026-08-03,11.06,173,1,10.31,82,0,19700,58000,1
S15,Southeast,2026-08-10,11.38,205,0,11.9,74,0,19700,58000,1
S15,Southeast,2026-08-17,10.6,168,0,11.6,77,0,19700,58000,1
S15,Southeast,2026-08-24,11.56,167,0,11.17,73,0,19700,58000,1
S15,Southeast,2026-08-31,11.75,136,0,10.6,80,0,19700,58000,1
S15,Southeast,2026-09-07,10.44,313,1,11.56,83,1,19700,58000,1
S15,Southeast,2026-09-14,12.44,358,1,11.24,72,0,19700,58000,1
S15,Southeast,2026-09-21,11.46,155,0,11.78,76,0,19700,58000,1
S16,Southeast,2023-10-02,11.78,346,0,12.58,74,0,30900,68000,1
S16,Southeast,2023-10-09,10.79,245,0,11.07,82,0,30900,68000,1
S16,Southeast,2023-10-16,11.39,322,0,11.71,67,0,30900,68000,1
S16,Southeast,2023-10-23,11.87,493,0,13.57,56,0,30900,68000,1
S16,Southeast,2023-10-30,12.14,378,0,11.45,62,0,30900,68000,1
S16,Southeast,2023-11-06,11.87,312,0,11.57,67,0,30900,68000,1
S16,Southeast,2023-11-13,12.31,538,1,12.3,58,0,30900,68000,1
S16,Southeast,2023-11-20,12.74,600,0,11.28,56,1,30900,68000,1
S16,Southeast,2023-11-27,12.83,611,0,12.07,64,0,30900,68000,1
S16,Southeast,2023-12-04,11.59,592,0,12.27,64,0,30900,68000,1
S16,Southeast,2023-12-11,11.53,517,0,12.1,53,0,30900,68000,1
S16,Southeast,2023-12-18,11.73,419,0,11.31,55,0,30900,68000,1
S16,Southeast,2023-12-25,11.16,641,0,11.85,50,1,30900,68000,1
S16,Southeast,2024-01-01,12.03,569,0,11.99,58,1,30900,68000,1
S16,Southeast,2024-01-08,11.47,396,0,12.18,54,0,30900,68000,1
S16,Southeast,2024-01-15,11.32,466,1,12.33,61,0,30900,68000,1
S16,Southeast,2024-01-22,10.86,413,0,12.18,61,0,30900,68000,1
S16,Southeast,2024-01-29,10.91,425,0,10.93,55,0,30900,68000,1
S16,Southeast,2024-02-05,11.79,384,0,10.72,52,0,30900,68000,1
S16,Southeast,2024-02-12,10.42,326,0,12.34,55,0,30900,68000,1
S16,Southeast,2024-02-19,12.13,428,0,11.22,53,0,30900,68000,1
S16,Southeast,2024-02-26,11.29,470,0,12.7,47,0,30900,68000,1
S16,Southeast,2024-03-04,12.15,472,0,12.16,61,0,30900,68000,1
S16,Southeast,2024-03-11,12.67,555,0,12.7,62,0,30900,68000,1
S16,Southeast,2024-03-18,12.85,561,1,12.25,59,0,30900,68000,1
S16,Southeast,2024-03-25,11.88,470,0,12.32,62,0,30900,68000,1
S16,Southeast,2024-04-01,11.65,322,0,11.25,65,0,30900,68000,1
S16,Southeast,2024-04-08,12.6,334,0,11.59,70,0,30900,68000,1
S16,Southeast,2024-04-15,11.1,352,0,12.04,65,0,30900,68000,1
S16,Southeast,2024-04-22,10.4,255,0,10.5,70,0,30900,68000,1
S16,Southeast,2024-04-29,13.22,262,0,12.98,70,0,30900,68000,1
S16,Southeast,2024-05-06,11.93,324,0,11.91,76,0,30900,68000,1
S16,Southeast,2024-05-13,11.46,304,0,11.06,69,0,30900,68000,1
S16,Southeast,2024-05-20,10.95,296,0,11.96,76,0,30900,68000,1
S16,Southeast,2024-05-27,11.87,346,1,12.55,80,1,30900,68000,1
S16,Southeast,2024-06-03,11.85,239,0,11.52,82,0,30900,68000,1
S16,Southeast,2024-06-10,11.17,302,0,11.54,68,0,30900,68000,1
S16,Southeast,2024-06-17,12.01,219,0,10.82,75,0,30900,68000,1
S16,Southeast,2024-06-24,11.56,299,0,12.27,78,0,30900,68000,1
S16,Southeast,2024-07-01,13.06,292,0,12.11,82,1,30900,68000,1
S16,Southeast,2024-07-08,11.44,347,0,10.98,74,0,30900,68000,1
S16,Southeast,2024-07-15,12.2,180,0,12.6,81,0,30900,68000,1
S16,Southeast,2024-07-22,11.29,235,1,10.76,72,0,30900,68000,1
S16,Southeast,2024-07-29,12.93,324,1,11.42,77,0,30900,68000,1
S16,Southeast,2024-08-05,12.52,308,0,13.01,72,0,30900,68000,1
S16,Southeast,2024-08-12,11.49,295,0,12.27,77,0,30900,68000,1
S16,Southeast,2024-08-19,12.14,293,0,11.67,82,0,30900,68000,1
S16,Southeast,2024-08-26,13.35,310,0,13.49,73,0,30900,68000,1
S16,Southeast,2024-09-02,11.89,459,0,11.87,82,1,30900,68000,1
S16,Southeast,2024-09-09,12.32,246,0,10.95,76,0,30900,68000,1
S16,Southeast,2024-09-16,12.55,291,0,12.31,77,0,30900,68000,1
S16,Southeast,2024-09-23,11.63,386,0,12.01,76,0,30900,68000,1
S16,Southeast,2024-09-30,12.73,360,0,11.75,71,0,30900,68000,1
S16,Southeast,2024-10-07,11.36,346,0,12.02,61,0,30900,68000,1
S16,Southeast,2024-10-14,11.82,312,1,11.98,80,0,30900,68000,1
S16,Southeast,2024-10-21,11.67,315,0,12.26,73,0,30900,68000,1
S16,Southeast,2024-10-28,11.57,539,0,11.62,68,0,30900,68000,1
S16,Southeast,2024-11-04,11.27,302,0,11.21,70,0,30900,68000,1
S16,Southeast,2024-11-11,12.25,443,0,11.81,73,0,30900,68000,1
S16,Southeast,2024-11-18,11.88,506,0,11.88,63,0,30900,68000,1
S16,Southeast,2024-11-25,11.98,512,0,12.58,58,1,30900,68000,1
S16,Southeast,2024-12-02,12.16,543,0,12.4,63,0,30900,68000,1
S16,Southeast,2024-12-09,13.35,545,0,13.28,47,0,30900,68000,1
S16,Southeast,2024-12-16,12.12,479,0,12.41,57,0,30900,68000,1
S16,Southeast,2024-12-23,12.44,460,0,12.49,52,1,30900,68000,1
S16,Southeast,2024-12-30,12.05,570,0,11.76,55,1,30900,68000,1
S16,Southeast,2025-01-06,11.44,501,0,11.85,48,0,30900,68000,1
S16,Southeast,2025-01-13,13.38,492,0,12.78,56,0,30900,68000,1
S16,Southeast,2025-01-20,13.41,686,0,12.81,56,0,30900,68000,1
S16,Southeast,2025-01-27,11.77,583,0,12.68,56,0,30900,68000,1
S16,Southeast,2025-02-03,11.82,520,0,11.33,52,0,30900,68000,1
S16,Southeast,2025-02-10,12.33,284,0,11.05,61,0,30900,68000,1
S16,Southeast,2025-02-17,12.0,437,0,11.78,50,0,30900,68000,1
S16,Southeast,2025-02-24,12.62,534,0,12.77,56,0,30900,68000,1
S16,Southeast,2025-03-03,12.86,476,0,12.37,58,0,30900,68000,1
S16,Southeast,2025-03-10,12.15,446,0,12.01,54,0,30900,68000,1
S16,Southeast,2025-03-17,12.83,511,0,12.76,50,0,30900,68000,1
S16,Southeast,2025-03-24,12.16,358,0,11.28,61,0,30900,68000,1
S16,Southeast,2025-03-31,12.38,314,1,11.67,63,0,30900,68000,1
S16,Southeast,2025-04-07,12.61,633,0,12.17,52,0,30900,68000,1
S16,Southeast,2025-04-14,11.6,332,0,10.7,68,0,30900,68000,1
S16,Southeast,2025-04-21,11.47,306,0,10.78,62,0,30900,68000,1
S16,Southeast,2025-04-28,12.25,269,0,10.84,66,0,30900,68000,1
S16,Southeast,2025-05-05,11.42,315,0,10.98,70,0,30900,68000,1
S16,Southeast,2025-05-12,11.55,306,0,12.59,69,0,30900,68000,1
S16,Southeast,2025-05-19,11.51,298,0,10.78,76,0,30900,68000,1
S16,Southeast,2025-05-26,11.51,320,0,12.07,75,1,30900,68000,1
S16,Southeast,2025-06-02,12.34,293,0,12.04,71,0,30900,68000,1
S16,Southeast,2025-06-09,11.84,280,0,12.09,78,0,30900,68000,1
S16,Southeast,2025-06-16,10.48,271,0,11.16,81,0,30900,68000,1
S16,Southeast,2025-06-23,10.95,282,1,11.51,81,0,30900,68000,1
S16,Southeast,2025-06-30,11.7,391,1,11.34,83,1,30900,68000,1
S16,Southeast,2025-07-07,12.39,448,0,12.21,75,0,30900,68000,1
S16,Southeast,2025-07-14,12.86,215,0,12.5,88,0,30900,68000,1
S16,Southeast,2025-07-21,11.82,306,0,11.49,72,0,30900,68000,1
S16,Southeast,2025-07-28,12.26,370,0,11.02,74,0,30900,68000,1
S16,Southeast,2025-08-04,11.94,214,0,11.14,76,0,30900,68000,1
S16,Southeast,2025-08-11,11.36,318,0,12.39,85,0,30900,68000,1
S16,Southeast,2025-08-18,11.73,255,0,11.82,83,0,30900,68000,1
S16,Southeast,2025-08-25,12.17,276,0,13.43,83,0,30900,68000,1
S16,Southeast,2025-09-01,13.32,601,0,11.83,77,1,30900,68000,1
S16,Southeast,2025-09-08,11.87,325,0,12.61,69,0,30900,68000,1
S16,Southeast,2025-09-15,12.77,519,1,12.49,74,0,30900,68000,1
S16,Southeast,2025-09-22,12.51,402,0,13.25,77,0,30900,68000,1
S16,Southeast,2025-09-29,12.16,489,0,11.76,69,0,30900,68000,1
S16,Southeast,2025-10-06,12.47,456,0,11.87,73,0,30900,68000,1
S16,Southeast,2025-10-13,12.39,323,0,12.2,75,0,30900,68000,1
S16,Southeast,2025-10-20,12.25,588,0,12.99,67,0,30900,68000,1
S16,Southeast,2025-10-27,12.81,488,0,13.04,64,0,30900,68000,1
S16,Southeast,2025-11-03,12.4,514,0,12.08,59,0,30900,68000,1
S16,Southeast,2025-11-10,12.26,394,0,12.16,63,0,30900,68000,1
S16,Southeast,2025-11-17,11.37,298,0,12.46,59,0,30900,68000,1
S16,Southeast,2025-11-24,12.07,338,0,11.65,56,1,30900,68000,1
S16,Southeast,2025-12-01,10.96,304,0,11.42,65,0,30900,68000,1
S16,Southeast,2025-12-08,10.93,422,0,11.31,64,0,30900,68000,1
S16,Southeast,2025-12-15,10.7,457,1,11.14,60,0,30900,68000,1
S16,Southeast,2025-12-22,11.18,473,0,11.22,49,1,30900,68000,1
S16,Southeast,2025-12-29,12.19,578,0,11.19,54,1,30900,68000,1
S16,Southeast,2026-01-05,13.5,807,1,13.11,56,0,30900,68000,1
S16,Southeast,2026-01-12,12.04,493,0,12.15,56,0,30900,68000,1
S16,Southeast,2026-01-19,12.04,409,0,11.42,55,0,30900,68000,1
S16,Southeast,2026-01-26,12.01,633,0,13.81,48,0,30900,68000,1
S16,Southeast,2026-02-02,14.45,611,0,13.12,57,0,30900,68000,1
S16,Southeast,2026-02-09,13.4,464,0,11.26,58,0,30900,68000,1
S16,Southeast,2026-02-16,13.01,403,0,12.25,55,0,30900,68000,1
S16,Southeast,2026-02-23,11.33,635,1,12.12,58,0,30900,68000,1
S16,Southeast,2026-03-02,11.89,273,0,11.91,66,0,30900,68000,1
S16,Southeast,2026-03-09,11.93,287,0,11.3,68,0,30900,68000,1
S16,Southeast,2026-03-16,11.06,357,0,11.81,54,0,30900,68000,1
S16,Southeast,2026-03-23,13.16,520,0,13.26,56,0,30900,68000,1
S16,Southeast,2026-03-30,13.39,349,0,12.67,69,0,30900,68000,1
S16,Southeast,2026-04-06,13.38,321,0,12.75,71,0,30900,68000,1
S16,Southeast,2026-04-13,12.75,262,0,11.28,67,0,30900,68000,1
S16,Southeast,2026-04-20,10.78,247,0,10.57,69,0,30900,68000,1
S16,Southeast,2026-04-27,11.3,359,0,10.6,71,0,30900,68000,1
S16,Southeast,2026-05-04,11.42,191,0,11.17,76,0,30900,68000,1
S16,Southeast,2026-05-11,10.99,323,0,10.43,69,0,30900,68000,1
S16,Southeast,2026-05-18,10.69,318,0,10.92,74,0,30900,68000,1
S16,Southeast,2026-05-25,11.52,472,1,12.21,77,1,30900,68000,1
S16,Southeast,2026-06-01,11.33,289,0,11.58,80,0,30900,68000,1
S16,Southeast,2026-06-08,12.07,364,0,12.08,77,0,30900,68000,1
S16,Southeast,2026-06-15,12.28,209,0,10.5,84,0,30900,68000,1
S16,Southeast,2026-06-22,12.35,289,0,11.76,83,0,30900,68000,1
S16,Southeast,2026-06-29,11.5,352,0,11.81,88,1,30900,68000,1
S16,Southeast,2026-07-06,11.04,190,0,11.26,84,0,30900,68000,1
S16,Southeast,2026-07-13,11.32,409,1,11.83,76,0,30900,68000,1
S16,Southeast,2026-07-20,10.58,303,0,11.13,77,0,30900,68000,1
S16,Southeast,2026-07-27,10.82,362,1,11.57,81,0,30900,68000,1
S16,Southeast,2026-08-03,11.68,296,1,11.07,85,0,30900,68000,1
S16,Southeast,2026-08-10,11.63,338,0,11.36,79,0,30900,68000,1
S16,Southeast,2026-08-17,10.14,148,0,10.73,76,0,30900,68000,1
S16,Southeast,2026-08-24,11.46,222,0,11.5,89,0,30900,68000,1
S16,Southeast,2026-08-31,11.32,170,0,11.15,85,0,30900,68000,1
S16,Southeast,2026-09-07,10.82,418,1,11.24,85,1,30900,68000,1
S16,Southeast,2026-09-14,11.73,374,1,11.32,71,0,30900,68000,1
S16,Southeast,2026-09-21,10.98,270,0,11.91,67,0,30900,68000,1
S17,Southeast,2023-10-02,12.08,133,0,11.81,75,0,14000,79000,1
S17,Southeast,2023-10-09,10.86,108,0,11.35,70,0,14000,79000,1
S17,Southeast,2023-10-16,11.66,132,0,12.25,55,0,14000,79000,1
S17,Southeast,2023-10-23,12.34,216,0,12.94,62,0,14000,79000,1
S17,Southeast,2023-10-30,12.4,181,0,11.48,62,0,14000,79000,1
S17,Southeast,2023-11-06,11.76,126,0,11.7,66,0,14000,79000,1
S17,Southeast,2023-11-13,11.4,199,1,12.45,63,0,14000,79000,1
S17,Southeast,2023-11-20,12.89,308,0,12.63,61,1,14000,79000,1
S17,Southeast,2023-11-27,12.83,159,0,11.48,65,0,14000,79000,1
S17,Southeast,2023-12-04,11.36,231,0,13.42,53,0,14000,79000,1
S17,Southeast,2023-12-11,11.56,210,0,11.39,59,0,14000,79000,1
S17,Southeast,2023-12-18,11.38,181,0,11.12,58,0,14000,79000,1
S17,Southeast,2023-12-25,12.04,261,0,12.11,52,1,14000,79000,1
S17,Southeast,2024-01-01,11.36,215,0,11.04,54,1,14000,79000,1
S17,Southeast,2024-01-08,12.27,204,0,11.89,50,0,14000,79000,1
S17,Southeast,2024-01-15,11.54,160,1,10.89,59,0,14000,79000,1
S17,Southeast,2024-01-22,10.89,187,0,13.09,57,0,14000,79000,1
S17,Southeast,2024-01-29,11.46,221,0,11.47,59,0,14000,79000,1
S17,Southeast,2024-02-05,12.41,157,0,10.61,52,0,14000,79000,1
S17,Southeast,2024-02-12,11.52,214,0,11.81,50,0,14000,79000,1
S17,Southeast,2024-02-19,11.46,149,0,11.01,50,0,14000,79000,1
S17,Southeast,2024-02-26,12.44,276,0,12.32,54,0,14000,79000,1
S17,Southeast,2024-03-04,12.0,222,0,12.87,62,0,14000,79000,1
S17,Southeast,2024-03-11,12.08,177,0,13.16,66,0,14000,79000,1
S17,Southeast,2024-03-18,11.95,210,1,12.3,62,0,14000,79000,1
S17,Southeast,2024-03-25,12.3,158,0,12.37,66,0,14000,79000,1
S17,Southeast,2024-04-01,11.45,110,0,10.9,67,0,14000,79000,1
S17,Southeast,2024-04-08,11.98,133,0,11.6,71,0,14000,79000,1
S17,Southeast,2024-04-15,11.11,100,0,11.4,69,0,14000,79000,1
S17,Southeast,2024-04-22,11.06,128,0,11.1,72,0,14000,79000,1
S17,Southeast,2024-04-29,13.23,66,0,11.43,72,0,14000,79000,1
S17,Southeast,2024-05-06,11.85,126,0,12.03,77,0,14000,79000,1
S17,Southeast,2024-05-13,11.73,110,0,12.14,74,0,14000,79000,1
S17,Southeast,2024-05-20,11.11,98,0,11.34,75,0,14000,79000,1
S17,Southeast,2024-05-27,12.53,203,1,12.05,73,1,14000,79000,1
S17,Southeast,2024-06-03,12.68,126,0,12.35,71,0,14000,79000,1
S17,Southeast,2024-06-10,11.03,105,0,11.08,78,0,14000,79000,1
S17,Southeast,2024-06-17,11.88,68,0,11.58,78,0,14000,79000,1
S17,Southeast,2024-06-24,11.62,96,0,12.08,81,0,14000,79000,1
S17,Southeast,2024-07-01,12.45,136,0,11.94,82,1,14000,79000,1
S17,Southeast,2024-07-08,12.2,137,0,11.75,66,0,14000,79000,1
S17,Southeast,2024-07-15,11.73,86,0,11.9,75,0,14000,79000,1
S17,Southeast,2024-07-22,11.28,119,1,11.49,78,0,14000,79000,1
S17,Southeast,2024-07-29,11.81,115,1,12.9,77,0,14000,79000,1
S17,Southeast,2024-08-05,12.66,126,0,11.22,66,0,14000,79000,1
S17,Southeast,2024-08-12,11.99,85,0,12.29,85,0,14000,79000,1
S17,Southeast,2024-08-19,11.35,80,0,12.14,93,0,14000,79000,1
S17,Southeast,2024-08-26,13.43,132,0,12.24,79,0,14000,79000,1
S17,Southeast,2024-09-02,11.81,158,0,11.8,76,1,14000,79000,1
S17,Southeast,2024-09-09,13.8,139,0,11.89,70,0,14000,79000,1
S17,Southeast,2024-09-16,11.93,114,0,13.58,77,0,14000,79000,1
S17,Southeast,2024-09-23,11.85,129,0,11.99,71,0,14000,79000,1
S17,Southeast,2024-09-30,12.36,130,0,11.54,71,0,14000,79000,1
S17,Southeast,2024-10-07,12.17,126,0,11.81,70,0,14000,79000,1
S17,Southeast,2024-10-14,12.82,132,1,12.2,74,0,14000,79000,1
S17,Southeast,2024-10-21,12.67,148,0,12.2,68,0,14000,79000,1
S17,Southeast,2024-10-28,11.37,141,0,12.36,68,0,14000,79000,1
S17,Southeast,2024-11-04,11.06,171,0,12.65,66,0,14000,79000,1
S17,Southeast,2024-11-11,12.36,149,0,11.85,62,0,14000,79000,1
S17,Southeast,2024-11-18,12.07,154,0,11.69,60,0,14000,79000,1
S17,Southeast,2024-11-25,11.76,168,0,12.15,57,1,14000,79000,1
S17,Southeast,2024-12-02,11.65,182,0,12.18,69,0,14000,79000,1
S17,Southeast,2024-12-09,13.57,232,0,12.4,57,0,14000,79000,1
S17,Southeast,2024-12-16,12.25,218,0,12.33,65,0,14000,79000,1
S17,Southeast,2024-12-23,12.28,227,0,12.79,53,1,14000,79000,1
S17,Southeast,2024-12-30,12.14,251,0,12.29,57,1,14000,79000,1
S17,Southeast,2025-01-06,11.58,124,0,11.29,58,0,14000,79000,1
S17,Southeast,2025-01-13,13.07,233,0,12.11,51,0,14000,79000,1
S17,Southeast,2025-01-20,12.23,188,0,11.7,58,0,14000,79000,1
S17,Southeast,2025-01-27,12.63,192,0,11.54,53,0,14000,79000,1
S17,Southeast,2025-02-03,12.63,244,0,11.86,52,0,14000,79000,1
S17,Southeast,2025-02-10,11.63,96,0,11.1,60,0,14000,79000,1
S17,Southeast,2025-02-17,12.11,129,0,11.34,59,0,14000,79000,1
S17,Southeast,2025-02-24,12.41,232,0,11.62,53,0,14000,79000,1
S17,Southeast,2025-03-03,11.96,165,0,11.62,52,0,14000,79000,1
S17,Southeast,2025-03-10,12.63,147,0,12.98,70,0,14000,79000,1
S17,Southeast,2025-03-17,13.19,193,0,12.13,56,0,14000,79000,1
S17,Southeast,2025-03-24,12.23,119,0,10.79,69,0,14000,79000,1
S17,Southeast,2025-03-31,11.97,169,1,11.46,57,0,14000,79000,1
S17,Southeast,2025-04-07,12.03,179,0,11.61,60,0,14000,79000,1
S17,Southeast,2025-04-14,11.27,112,0,11.2,68,0,14000,79000,1
S17,Southeast,2025-04-21,12.47,153,0,11.55,70,0,14000,79000,1
S17,Southeast,2025-04-28,12.31,116,0,11.09,56,0,14000,79000,1
S17,Southeast,2025-05-05,10.89,98,0,10.56,76,0,14000,79000,1
S17,Southeast,2025-05-12,11.86,81,0,11.92,76,0,14000,79000,1
S17,Southeast,2025-05-19,11.29,140,0,11.06,70,0,14000,79000,1
S17,Southeast,2025-05-26,11.48,124,0,12.39,78,1,14000,79000,1
S17,Southeast,2025-06-02,13.03,90,0,11.67,82,0,14000,79000,1
S17,Southeast,2025-06-09,11.25,108,0,11.89,85,0,14000,79000,1
S17,Southeast,2025-06-16,11.07,66,0,10.44,90,0,14000,79000,1
S17,Southeast,2025-06-23,11.23,91,1,11.16,80,0,14000,79000,1
S17,Southeast,2025-06-30,11.1,106,1,11.0,88,1,14000,79000,1
S17,Southeast,2025-07-07,12.06,105,0,10.96,76,0,14000,79000,1
S17,Southeast,2025-07-14,13.09,98,0,11.56,88,0,14000,79000,1
S17,Southeast,2025-07-21,11.79,129,0,12.1,73,0,14000,79000,1
S17,Southeast,2025-07-28,12.05,107,0,11.77,85,0,14000,79000,1
S17,Southeast,2025-08-04,11.77,120,0,10.95,84,0,14000,79000,1
S17,Southeast,2025-08-11,11.92,99,0,11.54,79,0,14000,79000,1
S17,Southeast,2025-08-18,10.82,102,0,11.74,80,0,14000,79000,1
S17,Southeast,2025-08-25,12.27,93,0,12.39,82,0,14000,79000,1
S17,Southeast,2025-09-01,11.95,157,0,11.77,74,1,14000,79000,1
S17,Southeast,2025-09-08,12.72,136,0,11.93,76,0,14000,79000,1
S17,Southeast,2025-09-15,12.76,153,1,12.26,80,0,14000,79000,1
S17,Southeast,2025-09-22,12.61,174,0,13.61,75,0,14000,79000,1
S17,Southeast,2025-09-29,12.09,175,0,12.97,76,0,14000,79000,1
S17,Southeast,2025-10-06,12.37,146,0,11.83,72,0,14000,79000,1
S17,Southeast,2025-10-13,13.28,148,0,11.8,68,0,14000,79000,1
S17,Southeast,2025-10-20,12.77,238,0,12.72,65,0,14000,79000,1
S17,Southeast,2025-10-27,12.21,186,0,12.53,63,0,14000,79000,1
S17,Southeast,2025-11-03,11.76,146,0,11.46,66,0,14000,79000,1
S17,Southeast,2025-11-10,12.42,146,0,12.89,70,0,14000,79000,1
S17,Southeast,2025-11-17,12.63,192,0,12.95,68,0,14000,79000,1
S17,Southeast,2025-11-24,11.22,187,0,11.04,68,1,14000,79000,1
S17,Southeast,2025-12-01,11.19,127,0,10.66,63,0,14000,79000,1
S17,Southeast,2025-12-08,11.27,179,0,11.73,56,0,14000,79000,1
S17,Southeast,2025-12-15,12.54,213,1,10.74,56,0,14000,79000,1
S17,Southeast,2025-12-22,12.2,202,0,11.95,60,1,14000,79000,1
S17,Southeast,2025-12-29,12.06,245,0,11.78,51,1,14000,79000,1
S17,Southeast,2026-01-05,13.21,237,1,12.57,55,0,14000,79000,1
S17,Southeast,2026-01-12,13.22,192,0,12.53,58,0,14000,79000,1
S17,Southeast,2026-01-19,11.55,172,0,11.45,62,0,14000,79000,1
S17,Southeast,2026-01-26,12.42,276,0,11.88,48,0,14000,79000,1
S17,Southeast,2026-02-02,13.6,237,0,12.41,57,0,14000,79000,1
S17,Southeast,2026-02-09,14.1,159,0,13.88,63,0,14000,79000,1
S17,Southeast,2026-02-16,13.24,195,0,11.63,55,0,14000,79000,1
S17,Southeast,2026-02-23,11.56,275,1,12.13,55,0,14000,79000,1
S17,Southeast,2026-03-02,12.32,161,0,11.19,66,0,14000,79000,1
S17,Southeast,2026-03-09,11.19,112,0,11.32,58,0,14000,79000,1
S17,Southeast,2026-03-16,11.45,123,0,11.55,65,0,14000,79000,1
S17,Southeast,2026-03-23,12.97,216,0,12.76,59,0,14000,79000,1
S17,Southeast,2026-03-30,13.52,171,0,12.78,66,0,14000,79000,1
S17,Southeast,2026-04-06,13.26,152,0,12.51,63,0,14000,79000,1
S17,Southeast,2026-04-13,12.02,110,0,12.04,71,0,14000,79000,1
S17,Southeast,2026-04-20,11.39,150,0,11.51,68,0,14000,79000,1
S17,Southeast,2026-04-27,11.92,131,0,11.88,67,0,14000,79000,1
S17,Southeast,2026-05-04,11.41,90,0,11.66,70,0,14000,79000,1
S17,Southeast,2026-05-11,11.03,107,0,10.71,73,0,14000,79000,1
S17,Southeast,2026-05-18,10.4,121,0,10.06,74,0,14000,79000,1
S17,Southeast,2026-05-25,11.8,212,1,11.3,82,1,14000,79000,1
S17,Southeast,2026-06-01,11.52,124,0,12.09,82,0,14000,79000,1
S17,Southeast,2026-06-08,11.8,140,0,11.47,77,0,14000,79000,1
S17,Southeast,2026-06-15,12.81,117,0,11.56,76,0,14000,79000,1
S17,Southeast,2026-06-22,11.12,109,0,12.77,72,0,14000,79000,1
S17,Southeast,2026-06-29,11.23,111,0,11.07,75,1,14000,79000,1
S17,Southeast,2026-07-06,10.96,105,0,11.21,84,0,14000,79000,1
S17,Southeast,2026-07-13,10.93,164,1,11.01,81,0,14000,79000,1
S17,Southeast,2026-07-20,10.86,71,0,11.16,92,0,14000,79000,1
S17,Southeast,2026-07-27,11.46,128,1,11.49,75,0,14000,79000,1
S17,Southeast,2026-08-03,11.93,177,1,11.14,73,0,14000,79000,1
S17,Southeast,2026-08-10,11.61,171,0,11.67,79,0,14000,79000,1
S17,Southeast,2026-08-17,11.1,120,0,10.96,81,0,14000,79000,1
S17,Southeast,2026-08-24,10.3,103,0,11.18,82,0,14000,79000,1
S17,Southeast,2026-08-31,12.08,74,0,10.17,89,0,14000,79000,1
S17,Southeast,2026-09-07,11.01,160,1,10.75,89,1,14000,79000,1
S17,Southeast,2026-09-14,11.12,118,1,11.16,70,0,14000,79000,1
S17,Southeast,2026-09-21,10.94,121,0,10.6,61,0,14000,79000,1
S18,Southeast,2023-10-02,12.27,473,0,12.1,72,0,31600,56000,1
S18,Southeast,2023-10-09,10.48,251,0,10.68,72,0,31600,56000,1
S18,Southeast,2023-10-16,12.03,251,0,11.97,68,0,31600,56000,1
S18,Southeast,2023-10-23,11.76,478,0,12.77,64,0,31600,56000,1
S18,Southeast,2023-10-30,11.43,331,0,11.32,65,0,31600,56000,1
S18,Southeast,2023-11-06,11.63,390,0,11.33,65,0,31600,56000,1
S18,Southeast,2023-11-13,12.29,657,1,11.88,53,0,31600,56000,1
S18,Southeast,2023-11-20,11.22,476,0,11.62,52,1,31600,56000,1
S18,Southeast,2023-11-27,12.52,506,0,11.93,53,0,31600,56000,1
S18,Southeast,2023-12-04,12.34,562,0,11.89,58,0,31600,56000,1
S18,Southeast,2023-12-11,11.63,549,0,11.28,60,0,31600,56000,1
S18,Southeast,2023-12-18,12.37,499,0,11.52,54,0,31600,56000,1
S18,Southeast,2023-12-25,11.98,614,0,11.65,61,1,31600,56000,1
S18,Southeast,2024-01-01,11.69,402,0,11.15,54,1,31600,56000,1
S18,Southeast,2024-01-08,11.56,228,0,11.52,59,0,31600,56000,1
S18,Southeast,2024-01-15,12.08,496,1,12.15,59,0,31600,56000,1
S18,Southeast,2024-01-22,11.67,519,0,11.72,60,0,31600,56000,1
S18,Southeast,2024-01-29,11.1,405,0,11.56,62,0,31600,56000,1
S18,Southeast,2024-02-05,11.13,269,0,11.32,57,0,31600,56000,1
S18,Southeast,2024-02-12,11.65,414,0,11.09,60,0,31600,56000,1
S18,Southeast,2024-02-19,12.2,307,0,11.02,56,0,31600,56000,1
S18,Southeast,2024-02-26,11.57,607,0,12.19,51,0,31600,56000,1
S18,Southeast,2024-03-04,12.03,520,0,12.01,57,0,31600,56000,1
S18,Southeast,2024-03-11,12.61,442,0,12.46,58,0,31600,56000,1
S18,Southeast,2024-03-18,12.03,553,1,11.94,60,0,31600,56000,1
S18,Southeast,2024-03-25,11.75,357,0,12.23,64,0,31600,56000,1
S18,Southeast,2024-04-01,11.38,270,0,12.13,66,0,31600,56000,1
S18,Southeast,2024-04-08,12.01,354,0,12.03,69,0,31600,56000,1
S18,Southeast,2024-04-15,11.51,234,0,11.06,64,0,31600,56000,1
S18,Southeast,2024-04-22,11.75,272,0,11.78,78,0,31600,56000,1
S18,Southeast,2024-04-29,12.3,175,0,12.45,73,0,31600,56000,1
S18,Southeast,2024-05-06,12.81,326,0,12.87,75,0,31600,56000,1
S18,Southeast,2024-05-13,12.17,290,0,12.11,75,0,31600,56000,1
S18,Southeast,2024-05-20,12.62,313,0,12.47,66,0,31600,56000,1
S18,Southeast,2024-05-27,12.64,332,1,11.82,79,1,31600,56000,1
S18,Southeast,2024-06-03,12.39,218,0,11.23,70,0,31600,56000,1
S18,Southeast,2024-06-10,10.64,153,0,11.45,80,0,31600,56000,1
S18,Southeast,2024-06-17,11.8,196,0,10.75,78,0,31600,56000,1
S18,Southeast,2024-06-24,11.3,207,0,10.97,76,0,31600,56000,1
S18,Southeast,2024-07-01,12.44,248,0,11.78,77,1,31600,56000,1
S18,Southeast,2024-07-08,11.03,176,0,10.99,84,0,31600,56000,1
S18,Southeast,2024-07-15,12.22,198,0,10.58,80,0,31600,56000,1
S18,Southeast,2024-07-22,11.98,259,1,11.03,72,0,31600,56000,1
S18,Southeast,2024-07-29,11.68,325,1,11.75,84,0,31600,56000,1
S18,Southeast,2024-08-05,12.97,207,0,11.89,87,0,31600,56000,1
S18,Southeast,2024-08-12,12.28,226,0,12.27,84,0,31600,56000,1
S18,Southeast,2024-08-19,11.97,218,0,12.32,83,0,31600,56000,1
S18,Southeast,2024-08-26,12.56,291,0,12.6,78,0,31600,56000,1
S18,Southeast,2024-09-02,12.09,284,0,11.83,81,1,31600,56000,1
S18,Southeast,2024-09-09,12.16,238,0,12.48,79,0,31600,56000,1
S18,Southeast,2024-09-16,12.96,321,0,12.98,73,0,31600,56000,1
S18,Southeast,2024-09-23,11.5,322,0,10.87,72,0,31600,56000,1
S18,Southeast,2024-09-30,13.55,374,0,13.18,70,0,31600,56000,1
S18,Southeast,2024-10-07,11.86,344,0,12.03,75,0,31600,56000,1
S18,Southeast,2024-10-14,11.93,365,1,11.52,67,0,31600,56000,1
S18,Southeast,2024-10-21,12.82,385,0,12.81,61,0,31600,56000,1
S18,Southeast,2024-10-28,11.42,446,0,12.75,67,0,31600,56000,1
S18,Southeast,2024-11-04,11.09,330,0,12.68,60,0,31600,56000,1
S18,Southeast,2024-11-11,11.15,276,0,11.55,62,0,31600,56000,1
S18,Southeast,2024-11-18,11.95,284,0,12.57,67,0,31600,56000,1
S18,Southeast,2024-11-25,11.92,275,0,11.88,73,1,31600,56000,1
S18,Southeast,2024-12-02,11.74,477,0,11.76,53,0,31600,56000,1
S18,Southeast,2024-12-09,12.52,386,0,12.73,61,0,31600,56000,1
S18,Southeast,2024-12-16,13.34,483,0,12.33,62,0,31600,56000,1
S18,Southeast,2024-12-23,13.45,686,0,11.05,53,1,31600,56000,1
S18,Southeast,2024-12-30,12.63,441,0,11.5,49,1,31600,56000,1
S18,Southeast,2025-01-06,11.14,330,0,11.7,63,0,31600,56000,1
S18,Southeast,2025-01-13,13.17,493,0,11.82,58,0,31600,56000,1
S18,Southeast,2025-01-20,12.72,493,0,12.53,55,0,31600,56000,1
S18,Southeast,2025-01-27,13.21,442,0,12.5,62,0,31600,56000,1
S18,Southeast,2025-02-03,12.41,445,0,12.33,60,0,31600,56000,1
S18,Southeast,2025-02-10,11.91,344,0,11.38,53,0,31600,56000,1
S18,Southeast,2025-02-17,12.3,296,0,11.83,62,0,31600,56000,1
S18,Southeast,2025-02-24,11.21,304,0,11.97,67,0,31600,56000,1
S18,Southeast,2025-03-03,11.76,277,0,12.09,67,0,31600,56000,1
S18,Southeast,2025-03-10,11.88,307,0,11.61,63,0,31600,56000,1
S18,Southeast,2025-03-17,12.56,561,0,13.47,60,0,31600,56000,1
S18,Southeast,2025-03-24,12.31,334,0,11.3,59,0,31600,56000,1
S18,Southeast,2025-03-31,12.34,428,1,12.02,63,0,31600,56000,1
S18,Southeast,2025-04-07,11.46,357,0,11.04,59,0,31600,56000,1
S18,Southeast,2025-04-14,11.33,293,0,11.15,59,0,31600,56000,1
S18,Southeast,2025-04-21,12.81,254,0,11.6,67,0,31600,56000,1
S18,Southeast,2025-04-28,11.96,338,0,11.73,65,0,31600,56000,1
S18,Southeast,2025-05-05,11.06,270,0,10.68,61,0,31600,56000,1
S18,Southeast,2025-05-12,12.06,217,0,11.74,76,0,31600,56000,1
S18,Southeast,2025-05-19,12.78,374,0,11.8,72,0,31600,56000,1
S18,Southeast,2025-05-26,12.03,339,0,11.18,81,1,31600,56000,1
S18,Southeast,2025-06-02,12.6,305,0,12.25,80,0,31600,56000,1
S18,Southeast,2025-06-09,11.73,262,0,11.74,78,0,31600,56000,1
S18,Southeast,2025-06-16,11.91,284,0,11.49,70,0,31600,56000,1
S18,Southeast,2025-06-23,10.17,187,1,11.63,88,0,31600,56000,1
S18,Southeast,2025-06-30,11.84,399,1,10.26,87,1,31600,56000,1
S18,Southeast,2025-07-07,10.74,218,0,11.62,81,0,31600,56000,1
S18,Southeast,2025-07-14,12.93,257,0,12.78,86,0,31600,56000,1
S18,Southeast,2025-07-21,11.82,245,0,12.07,82,0,31600,56000,1
S18,Southeast,2025-07-28,11.93,241,0,11.59,80,0,31600,56000,1
S18,Southeast,2025-08-04,11.25,171,0,11.66,84,0,31600,56000,1
S18,Southeast,2025-08-11,10.83,226,0,11.59,79,0,31600,56000,1
S18,Southeast,2025-08-18,10.93,210,0,11.98,80,0,31600,56000,1
S18,Southeast,2025-08-25,12.55,345,0,12.07,77,0,31600,56000,1
S18,Southeast,2025-09-01,12.11,411,0,12.84,81,1,31600,56000,1
S18,Southeast,2025-09-08,13.54,212,0,12.98,88,0,31600,56000,1
S18,Southeast,2025-09-15,11.58,508,1,12.3,74,0,31600,56000,1
S18,Southeast,2025-09-22,13.14,459,0,12.13,72,0,31600,56000,1
S18,Southeast,2025-09-29,12.49,447,0,12.68,72,0,31600,56000,1
S18,Southeast,2025-10-06,12.08,295,0,11.87,71,0,31600,56000,1
S18,Southeast,2025-10-13,12.17,323,0,13.13,69,0,31600,56000,1
S18,Southeast,2025-10-20,12.64,490,0,12.81,64,0,31600,56000,1
S18,Southeast,2025-10-27,12.17,375,0,12.53,64,0,31600,56000,1
S18,Southeast,2025-11-03,11.59,342,0,13.32,67,0,31600,56000,1
S18,Southeast,2025-11-10,12.05,347,0,11.77,62,0,31600,56000,1
S18,Southeast,2025-11-17,11.97,382,0,11.61,58,0,31600,56000,1
S18,Southeast,2025-11-24,11.97,471,0,11.01,56,1,31600,56000,1
S18,Southeast,2025-12-01,11.75,223,0,10.48,57,0,31600,56000,1
S18,Southeast,2025-12-08,11.8,326,0,11.45,61,0,31600,56000,1
S18,Southeast,2025-12-15,11.07,423,1,11.59,57,0,31600,56000,1
S18,Southeast,2025-12-22,11.43,406,0,12.76,59,1,31600,56000,1
S18,Southeast,2025-12-29,12.1,602,0,11.25,54,1,31600,56000,1
S18,Southeast,2026-01-05,13.56,600,1,12.66,54,0,31600,56000,1
S18,Southeast,2026-01-12,13.78,422,0,12.57,49,0,31600,56000,1
S18,Southeast,2026-01-19,12.63,431,0,11.94,64,0,31600,56000,1
S18,Southeast,2026-01-26,10.98,459,0,12.43,56,0,31600,56000,1
S18,Southeast,2026-02-02,13.7,632,0,13.41,58,0,31600,56000,1
S18,Southeast,2026-02-09,13.94,480,0,13.27,54,0,31600,56000,1
S18,Southeast,2026-02-16,12.82,409,0,12.49,53,0,31600,56000,1
S18,Southeast,2026-02-23,11.6,368,1,11.72,52,0,31600,56000,1
S18,Southeast,2026-03-02,12.5,449,0,11.01,58,0,31600,56000,1
S18,Southeast,2026-03-09,12.06,230,0,10.45,63,0,31600,56000,1
S18,Southeast,2026-03-16,12.64,526,0,12.62,61,0,31600,56000,1
S18,Southeast,2026-03-23,13.18,558,0,12.26,61,0,31600,56000,1
S18,Southeast,2026-03-30,14.22,565,0,12.06,60,0,31600,56000,1
S18,Southeast,2026-04-06,12.64,339,0,12.31,76,0,31600,56000,1
S18,Southeast,2026-04-13,12.8,256,0,11.29,70,0,31600,56000,1
S18,Southeast,2026-04-20,11.29,217,0,11.03,66,0,31600,56000,1
S18,Southeast,2026-04-27,11.47,306,0,11.54,63,0,31600,56000,1
S18,Southeast,2026-05-04,11.5,286,0,11.93,66,0,31600,56000,1
S18,Southeast,2026-05-11,11.21,221,0,11.81,73,0,31600,56000,1
S18,Southeast,2026-05-18,11.06,343,0,11.57,72,0,31600,56000,1
S18,Southeast,2026-05-25,11.99,499,1,11.64,69,1,31600,56000,1
S18,Southeast,2026-06-01,10.71,301,0,11.87,76,0,31600,56000,1
S18,Southeast,2026-06-08,11.36,253,0,11.35,71,0,31600,56000,1
S18,Southeast,2026-06-15,11.86,198,0,12.37,77,0,31600,56000,1
S18,Southeast,2026-06-22,11.74,311,0,12.54,76,0,31600,56000,1
S18,Southeast,2026-06-29,11.06,368,0,12.36,71,1,31600,56000,1
S18,Southeast,2026-07-06,11.57,298,0,11.96,79,0,31600,56000,1
S18,Southeast,2026-07-13,11.49,444,1,12.09,76,0,31600,56000,1
S18,Southeast,2026-07-20,11.59,268,0,11.01,83,0,31600,56000,1
S18,Southeast,2026-07-27,10.94,297,1,10.32,82,0,31600,56000,1
S18,Southeast,2026-08-03,11.58,318,1,11.78,86,0,31600,56000,1
S18,Southeast,2026-08-10,11.53,289,0,10.99,84,0,31600,56000,1
S18,Southeast,2026-08-17,10.99,189,0,10.13,80,0,31600,56000,1
S18,Southeast,2026-08-24,11.76,305,0,11.34,81,0,31600,56000,1
S18,Southeast,2026-08-31,11.99,294,0,11.26,71,0,31600,56000,1
S18,Southeast,2026-09-07,11.01,468,1,11.29,82,1,31600,56000,1
S18,Southeast,2026-09-14,11.55,270,1,10.91,82,0,31600,56000,1
S18,Southeast,2026-09-21,11.26,222,0,10.51,77,0,31600,56000,1
S19,Southeast,2023-10-02,11.42,878,0,12.08,75,0,39700,51000,1
S19,Southeast,2023-10-09,10.61,572,0,10.09,67,0,39700,51000,1
S19,Southeast,2023-10-16,12.1,797,0,11.84,62,0,39700,51000,1
S19,Southeast,2023-10-23,13.39,1193,0,12.33,71,0,39700,51000,1
S19,Southeast,2023-10-30,11.58,798,0,11.66,63,0,39700,51000,1
S19,Southeast,2023-11-06,11.31,717,0,11.41,62,0,39700,51000,1
S19,Southeast,2023-11-13,11.22,1098,1,12.69,64,0,39700,51000,1
S19,Southeast,2023-11-20,11.75,1389,0,12.16,63,1,39700,51000,1
S19,Southeast,2023-11-27,11.56,819,0,11.85,64,0,39700,51000,1
S19,Southeast,2023-12-04,11.86,902,0,11.28,59,0,39700,51000,1
S19,Southeast,2023-12-11,11.27,1006,0,11.65,62,0,39700,51000,1
S19,Southeast,2023-12-18,11.92,817,0,12.48,54,0,39700,51000,1
S19,Southeast,2023-12-25,12.35,1205,0,11.28,62,1,39700,51000,1
S19,Southeast,2024-01-01,12.31,1420,0,10.84,50,1,39700,51000,1
S19,Southeast,2024-01-08,11.77,685,0,11.53,63,0,39700,51000,1
S19,Southeast,2024-01-15,11.41,1021,1,11.64,56,0,39700,51000,1
S19,Southeast,2024-01-22,11.75,1197,0,11.85,55,0,39700,51000,1
S19,Southeast,2024-01-29,10.96,932,0,11.89,55,0,39700,51000,1
S19,Southeast,2024-02-05,12.52,771,0,11.51,59,0,39700,51000,1
S19,Southeast,2024-02-12,10.91,827,0,11.24,54,0,39700,51000,1
S19,Southeast,2024-02-19,12.08,820,0,12.32,53,0,39700,51000,1
S19,Southeast,2024-02-26,11.73,989,0,11.33,65,0,39700,51000,1
S19,Southeast,2024-03-04,12.69,1119,0,12.19,59,0,39700,51000,1
S19,Southeast,2024-03-11,12.71,990,0,11.78,60,0,39700,51000,1
S19,Southeast,2024-03-18,12.34,1158,1,11.51,65,0,39700,51000,1
S19,Southeast,2024-03-25,12.05,799,0,12.01,58,0,39700,51000,1
S19,Southeast,2024-04-01,12.32,664,0,11.77,66,0,39700,51000,1
S19,Southeast,2024-04-08,11.62,724,0,12.94,59,0,39700,51000,1
S19,Southeast,2024-04-15,11.53,732,0,11.45,67,0,39700,51000,1
S19,Southeast,2024-04-22,11.19,492,0,11.56,70,0,39700,51000,1
S19,Southeast,2024-04-29,12.3,442,0,12.05,69,0,39700,51000,1
S19,Southeast,2024-05-06,12.87,660,0,11.86,67,0,39700,51000,1
S19,Southeast,2024-05-13,11.61,527,0,11.97,77,0,39700,51000,1
S19,Southeast,2024-05-20,11.09,544,0,11.8,81,0,39700,51000,1
S19,Southeast,2024-05-27,11.37,875,1,12.46,74,1,39700,51000,1
S19,Southeast,2024-06-03,12.34,547,0,12.82,78,0,39700,51000,1
S19,Southeast,2024-06-10,11.23,385,0,12.07,87,0,39700,51000,1
S19,Southeast,2024-06-17,11.66,341,0,10.9,78,0,39700,51000,1
S19,Southeast,2024-06-24,11.94,417,0,11.48,82,0,39700,51000,1
S19,Southeast,2024-07-01,12.24,557,0,11.76,77,1,39700,51000,1
S19,Southeast,2024-07-08,11.78,590,0,12.49,78,0,39700,51000,1
S19,Southeast,2024-07-15,12.29,357,0,11.92,88,0,39700,51000,1
S19,Southeast,2024-07-22,12.04,521,1,11.62,79,0,39700,51000,1
S19,Southeast,2024-07-29,12.06,510,1,11.63,86,0,39700,51000,1
S19,Southeast,2024-08-05,12.27,529,0,12.33,81,0,39700,51000,1
S19,Southeast,2024-08-12,12.1,651,0,12.57,75,0,39700,51000,1
S19,Southeast,2024-08-19,12.36,583,0,11.73,77,0,39700,51000,1
S19,Southeast,2024-08-26,13.23,687,0,12.04,75,0,39700,51000,1
S19,Southeast,2024-09-02,12.0,844,0,12.05,68,1,39700,51000,1
S19,Southeast,2024-09-09,12.66,513,0,12.39,76,0,39700,51000,1
S19,Southeast,2024-09-16,13.51,744,0,13.27,77,0,39700,51000,1
S19,Southeast,2024-09-23,11.37,535,0,13.01,84,0,39700,51000,1
S19,Southeast,2024-09-30,13.17,510,0,12.13,78,0,39700,51000,1
S19,Southeast,2024-10-07,12.9,753,0,11.53,88,0,39700,51000,1
S19,Southeast,2024-10-14,12.38,755,1,12.78,75,0,39700,51000,1
S19,Southeast,2024-10-21,13.45,841,0,12.67,69,0,39700,51000,1
S19,Southeast,2024-10-28,12.07,838,0,12.11,62,0,39700,51000,1
S19,Southeast,2024-11-04,11.4,692,0,12.69,65,0,39700,51000,1
S19,Southeast,2024-11-11,12.29,545,0,10.98,61,0,39700,51000,1
S19,Southeast,2024-11-18,12.06,663,0,12.2,60,0,39700,51000,1
S19,Southeast,2024-11-25,11.28,840,0,12.48,64,1,39700,51000,1
S19,Southeast,2024-12-02,11.17,807,0,12.43,56,0,39700,51000,1
S19,Southeast,2024-12-09,13.61,920,0,12.17,57,0,39700,51000,1
S19,Southeast,2024-12-16,12.62,861,0,12.52,64,0,39700,51000,1
S19,Southeast,2024-12-23,12.62,1447,0,12.19,46,1,39700,51000,1
S19,Southeast,2024-12-30,11.73,1049,0,11.52,53,1,39700,51000,1
S19,Southeast,2025-01-06,12.47,1012,0,11.61,58,0,39700,51000,1
S19,Southeast,2025-01-13,12.99,1242,0,12.39,58,0,39700,51000,1
S19,Southeast,2025-01-20,13.71,934,0,12.76,61,0,39700,51000,1
S19,Southeast,2025-01-27,12.29,1056,0,11.3,59,0,39700,51000,1
S19,Southeast,2025-02-03,12.54,912,0,12.11,61,0,39700,51000,1
S19,Southeast,2025-02-10,11.11,652,0,11.08,54,0,39700,51000,1
S19,Southeast,2025-02-17,12.0,838,0,11.23,58,0,39700,51000,1
S19,Southeast,2025-02-24,11.45,1146,0,11.85,56,0,39700,51000,1
S19,Southeast,2025-03-03,11.94,906,0,12.32,57,0,39700,51000,1
S19,Southeast,2025-03-10,13.93,929,0,11.75,57,0,39700,51000,1
S19,Southeast,2025-03-17,12.86,889,0,12.62,56,0,39700,51000,1
S19,Southeast,2025-03-24,11.3,558,0,11.76,64,0,39700,51000,1
S19,Southeast,2025-03-31,12.71,712,1,11.91,58,0,39700,51000,1
S19,Southeast,2025-04-07,11.36,835,0,12.26,72,0,39700,51000,1
S19,Southeast,2025-04-14,11.63,540,0,10.98,65,0,39700,51000,1
S19,Southeast,2025-04-21,11.36,523,0,11.6,67,0,39700,51000,1
S19,Southeast,2025-04-28,11.98,499,0,11.28,72,0,39700,51000,1
S19,Southeast,2025-05-05,10.38,399,0,11.07,84,0,39700,51000,1
S19,Southeast,2025-05-12,11.93,660,0,10.99,76,0,39700,51000,1
S19,Southeast,2025-05-19,11.92,655,0,11.33,69,0,39700,51000,1
S19,Southeast,2025-05-26,12.34,797,0,11.48,77,1,39700,51000,1
S19,Southeast,2025-06-02,12.46,576,0,11.84,68,0,39700,51000,1
S19,Southeast,2025-06-09,11.63,617,0,12.63,80,0,39700,51000,1
S19,Southeast,2025-06-16,10.83,569,0,11.26,77,0,39700,51000,1
S19,Southeast,2025-06-23,10.86,502,1,11.51,83,0,39700,51000,1
S19,Southeast,2025-06-30,11.67,928,1,10.7,77,1,39700,51000,1
S19,Southeast,2025-07-07,12.21,654,0,10.98,88,0,39700,51000,1
S19,Southeast,2025-07-14,13.12,677,0,12.13,80,0,39700,51000,1
S19,Southeast,2025-07-21,11.73,568,0,10.87,70,0,39700,51000,1
S19,Southeast,2025-07-28,11.84,473,0,12.02,74,0,39700,51000,1
S19,Southeast,2025-08-04,12.28,494,0,11.66,74,0,39700,51000,1
S19,Southeast,2025-08-11,11.51,458,0,10.79,74,0,39700,51000,1
S19,Southeast,2025-08-18,11.74,506,0,12.1,75,0,39700,51000,1
S19,Southeast,2025-08-25,13.21,915,0,12.3,74,0,39700,51000,1
S19,Southeast,2025-09-01,12.81,782,0,12.13,90,1,39700,51000,1
S19,Southeast,2025-09-08,12.96,876,0,12.95,84,0,39700,51000,1
S19,Southeast,2025-09-15,12.21,806,1,13.02,77,0,39700,51000,1
S19,Southeast,2025-09-22,12.59,916,0,11.31,76,0,39700,51000,1
S19,Southeast,2025-09-29,12.91,910,0,11.91,72,0,39700,51000,1
S19,Southeast,2025-10-06,12.57,796,0,13.07,77,0,39700,51000,1
S19,Southeast,2025-10-13,13.13,912,0,12.48,70,0,39700,51000,1
S19,Southeast,2025-10-20,12.5,1459,0,12.57,67,0,39700,51000,1
S19,Southeast,2025-10-27,12.08,820,0,11.91,60,0,39700,51000,1
S19,Southeast,2025-11-03,12.38,816,0,11.56,67,0,39700,51000,1
S19,Southeast,2025-11-10,12.06,821,0,12.49,61,0,39700,51000,1
S19,Southeast,2025-11-17,11.8,751,0,11.56,57,0,39700,51000,1
S19,Southeast,2025-11-24,11.36,987,0,11.2,52,1,39700,51000,1
S19,Southeast,2025-12-01,11.28,510,0,11.83,66,0,39700,51000,1
S19,Southeast,2025-12-08,11.42,772,0,11.32,64,0,39700,51000,1
S19,Southeast,2025-12-15,11.02,918,1,10.79,58,0,39700,51000,1
S19,Southeast,2025-12-22,11.76,1422,0,13.18,56,1,39700,51000,1
S19,Southeast,2025-12-29,11.39,1140,0,11.88,52,1,39700,51000,1
S19,Southeast,2026-01-05,13.24,1661,1,13.15,54,0,39700,51000,1
S19,Southeast,2026-01-12,12.84,990,0,12.73,52,0,39700,51000,1
S19,Southeast,2026-01-19,11.62,1015,0,11.55,52,0,39700,51000,1
S19,Southeast,2026-01-26,12.13,991,0,12.16,61,0,39700,51000,1
S19,Southeast,2026-02-02,12.63,906,0,12.36,56,0,39700,51000,1
S19,Southeast,2026-02-09,14.32,1270,0,13.26,56,0,39700,51000,1
S19,Southeast,2026-02-16,13.65,928,0,11.89,54,0,39700,51000,1
S19,Southeast,2026-02-23,11.88,761,1,11.61,60,0,39700,51000,1
S19,Southeast,2026-03-02,13.38,689,0,12.12,63,0,39700,51000,1
S19,Southeast,2026-03-09,11.81,466,0,10.5,59,0,39700,51000,1
S19,Southeast,2026-03-16,12.53,759,0,11.55,59,0,39700,51000,1
S19,Southeast,2026-03-23,13.73,878,0,11.91,67,0,39700,51000,1
S19,Southeast,2026-03-30,13.78,904,0,12.77,63,0,39700,51000,1
S19,Southeast,2026-04-06,13.29,776,0,12.24,67,0,39700,51000,1
S19,Southeast,2026-04-13,12.76,530,0,11.21,71,0,39700,51000,1
S19,Southeast,2026-04-20,11.64,616,0,10.37,65,0,39700,51000,1
S19,Southeast,2026-04-27,12.13,812,0,12.51,71,0,39700,51000,1
S19,Southeast,2026-05-04,11.24,495,0,10.27,76,0,39700,51000,1
S19,Southeast,2026-05-11,11.68,494,0,10.99,68,0,39700,51000,1
S19,Southeast,2026-05-18,10.39,751,0,11.15,66,0,39700,51000,1
S19,Southeast,2026-05-25,11.79,1223,1,12.35,76,1,39700,51000,1
S19,Southeast,2026-06-01,11.12,683,0,12.62,76,0,39700,51000,1
S19,Southeast,2026-06-08,12.11,693,0,11.63,75,0,39700,51000,1
S19,Southeast,2026-06-15,11.39,611,0,12.73,70,0,39700,51000,1
S19,Southeast,2026-06-22,10.85,567,0,12.17,79,0,39700,51000,1
S19,Southeast,2026-06-29,10.97,705,0,11.88,85,1,39700,51000,1
S19,Southeast,2026-07-06,11.79,607,0,11.76,69,0,39700,51000,1
S19,Southeast,2026-07-13,11.22,743,1,11.72,81,0,39700,51000,1
S19,Southeast,2026-07-20,10.6,551,0,10.94,86,0,39700,51000,1
S19,Southeast,2026-07-27,11.42,915,1,11.17,75,0,39700,51000,1
S19,Southeast,2026-08-03,10.76,575,1,11.34,85,0,39700,51000,1
S19,Southeast,2026-08-10,12.28,627,0,12.89,81,0,39700,51000,1
S19,Southeast,2026-08-17,10.9,474,0,10.7,74,0,39700,51000,1
S19,Southeast,2026-08-24,12.13,736,0,12.43,85,0,39700,51000,1
S19,Southeast,2026-08-31,11.86,423,0,11.59,80,0,39700,51000,1
S19,Southeast,2026-09-07,10.9,956,1,10.58,81,1,39700,51000,1
S19,Southeast,2026-09-14,10.75,711,1,10.96,67,0,39700,51000,1
S19,Southeast,2026-09-21,11.12,442,0,10.79,73,0,39700,51000,1
S20,Southeast,2023-10-02,11.8,338,0,13.37,81,0,31700,98000,1
S20,Southeast,2023-10-09,10.7,385,0,11.09,65,0,31700,98000,1
S20,Southeast,2023-10-16,12.09,403,0,11.81,69,0,31700,98000,1
S20,Southeast,2023-10-23,11.84,481,0,12.79,63,0,31700,98000,1
S20,Southeast,2023-10-30,11.49,397,0,11.69,58,0,31700,98000,1
S20,Southeast,2023-11-06,11.94,445,0,11.91,56,0,31700,98000,1
S20,Southeast,2023-11-13,12.17,697,1,11.93,56,0,31700,98000,1
S20,Southeast,2023-11-20,12.55,721,0,12.51,59,1,31700,98000,1
S20,Southeast,2023-11-27,12.28,412,0,11.71,61,0,31700,98000,1
S20,Southeast,2023-12-04,12.09,553,0,12.37,57,0,31700,98000,1
S20,Southeast,2023-12-11,11.96,732,0,11.62,51,0,31700,98000,1
S20,Southeast,2023-12-18,11.54,622,0,11.17,47,0,31700,98000,1
S20,Southeast,2023-12-25,11.8,720,0,12.76,47,1,31700,98000,1
S20,Southeast,2024-01-01,11.43,565,0,11.07,57,1,31700,98000,1
S20,Southeast,2024-01-08,12.28,445,0,11.61,52,0,31700,98000,1
S20,Southeast,2024-01-15,11.51,554,1,11.28,60,0,31700,98000,1
S20,Southeast,2024-01-22,12.45,647,0,11.82,52,0,31700,98000,1
S20,Southeast,2024-01-29,11.69,704,0,12.82,54,0,31700,98000,1
S20,Southeast,2024-02-05,11.99,396,0,11.31,54,0,31700,98000,1
S20,Southeast,2024-02-12,10.17,406,0,11.81,58,0,31700,98000,1
S20,Southeast,2024-02-19,11.7,432,0,11.26,52,0,31700,98000,1
S20,Southeast,2024-02-26,12.12,492,0,11.85,62,0,31700,98000,1
S20,Southeast,2024-03-04,12.11,667,0,12.89,60,0,31700,98000,1
S20,Southeast,2024-03-11,12.25,449,0,12.26,59,0,31700,98000,1
S20,Southeast,2024-03-18,12.57,655,1,11.94,58,0,31700,98000,1
S20,Southeast,2024-03-25,12.37,473,0,12.69,61,0,31700,98000,1
S20,Southeast,2024-04-01,11.63,436,0,11.41,66,0,31700,98000,1
S20,Southeast,2024-04-08,12.62,524,0,12.0,58,0,31700,98000,1
S20,Southeast,2024-04-15,12.24,445,0,12.0,68,0,31700,98000,1
S20,Southeast,2024-04-22,11.07,371,0,11.34,64,0,31700,98000,1
S20,Southeast,2024-04-29,12.42,278,0,10.89,70,0,31700,98000,1
S20,Southeast,2024-05-06,12.09,349,0,12.26,71,0,31700,98000,1
S20,Southeast,2024-05-13,11.31,293,0,11.97,78,0,31700,98000,1
S20,Southeast,2024-05-20,11.25,333,0,11.95,74,0,31700,98000,1
S20,Southeast,2024-05-27,11.37,383,1,11.37,81,1,31700,98000,1
S20,Southeast,2024-06-03,12.62,306,0,11.79,66,0,31700,98000,1
S20,Southeast,2024-06-10,11.51,299,0,10.65,81,0,31700,98000,1
S20,Southeast,2024-06-17,11.33,251,0,11.58,80,0,31700,98000,1
S20,Southeast,2024-06-24,12.89,238,0,11.58,81,0,31700,98000,1
S20,Southeast,2024-07-01,13.06,460,0,11.98,79,1,31700,98000,1
S20,Southeast,2024-07-08,11.92,247,0,11.84,75,0,31700,98000,1
S20,Southeast,2024-07-15,12.13,244,0,11.34,78,0,31700,98000,1
S20,Southeast,2024-07-22,12.42,296,1,11.6,71,0,31700,98000,1
S20,Southeast,2024-07-29,11.83,334,1,12.21,74,0,31700,98000,1
S20,Southeast,2024-08-05,13.39,214,0,11.74,79,0,31700,98000,1
S20,Southeast,2024-08-12,12.42,301,0,12.16,80,0,31700,98000,1
S20,Southeast,2024-08-19,11.36,243,0,11.99,71,0,31700,98000,1
S20,Southeast,2024-08-26,12.12,320,0,12.8,85,0,31700,98000,1
S20,Southeast,2024-09-02,12.36,369,0,11.51,79,1,31700,98000,1
S20,Southeast,2024-09-09,12.17,310,0,12.46,76,0,31700,98000,1
S20,Southeast,2024-09-16,12.03,347,0,12.09,74,0,31700,98000,1
S20,Southeast,2024-09-23,11.48,356,0,12.25,78,0,31700,98000,1
S20,Southeast,2024-09-30,12.44,371,0,11.85,70,0,31700,98000,1
S20,Southeast,2024-10-07,12.41,361,0,12.63,79,0,31700,98000,1
S20,Southeast,2024-10-14,12.97,564,1,13.13,75,0,31700,98000,1
S20,Southeast,2024-10-21,11.9,389,0,12.04,80,0,31700,98000,1
S20,Southeast,2024-10-28,11.33,511,0,12.86,64,0,31700,98000,1
S20,Southeast,2024-11-04,11.48,467,0,10.96,62,0,31700,98000,1
S20,Southeast,2024-11-11,11.01,253,0,11.48,72,0,31700,98000,1
S20,Southeast,2024-11-18,12.75,480,0,11.95,57,0,31700,98000,1
S20,Southeast,2024-11-25,12.53,422,0,11.97,66,1,31700,98000,1
S20,Southeast,2024-12-02,12.53,435,0,12.03,61,0,31700,98000,1
S20,Southeast,2024-12-09,13.2,557,0,12.26,54,0,31700,98000,1
S20,Southeast,2024-12-16,12.65,565,0,12.17,55,0,31700,98000,1
S20,Southeast,2024-12-23,11.67,382,0,12.72,61,1,31700,98000,1
S20,Southeast,2024-12-30,11.24,462,0,12.54,60,1,31700,98000,1
S20,Southeast,2025-01-06,11.63,559,0,10.9,50,0,31700,98000,1
S20,Southeast,2025-01-13,13.18,472,0,12.88,62,0,31700,98000,1
S20,Southeast,2025-01-20,12.87,535,0,12.44,50,0,31700,98000,1
S20,Southeast,2025-01-27,12.04,553,0,12.08,55,0,31700,98000,1
S20,Southeast,2025-02-03,11.85,573,0,12.39,49,0,31700,98000,1
S20,Southeast,2025-02-10,11.05,267,0,11.03,60,0,31700,98000,1
S20,Southeast,2025-02-17,12.44,329,0,11.73,57,0,31700,98000,1
S20,Southeast,2025-02-24,11.87,654,0,11.86,56,0,31700,98000,1
S20,Southeast,2025-03-03,12.37,517,0,11.59,52,0,31700,98000,1
S20,Southeast,2025-03-10,13.18,419,0,11.57,59,0,31700,98000,1
S20,Southeast,2025-03-17,11.92,400,0,12.01,59,0,31700,98000,1
S20,Southeast,2025-03-24,11.82,319,0,11.7,62,0,31700,98000,1
S20,Southeast,2025-03-31,11.82,408,1,11.16,65,0,31700,98000,1
S20,Southeast,2025-04-07,12.08,537,0,12.01,62,0,31700,98000,1
S20,Southeast,2025-04-14,11.54,298,0,10.86,73,0,31700,98000,1
S20,Southeast,2025-04-21,12.32,288,0,12.63,79,0,31700,98000,1
S20,Southeast,2025-04-28,12.33,362,0,11.82,58,0,31700,98000,1
S20,Southeast,2025-05-05,10.49,224,0,10.64,70,0,31700,98000,1
S20,Southeast,2025-05-12,12.25,353,0,11.76,61,0,31700,98000,1
S20,Southeast,2025-05-19,12.71,438,0,11.8,68,0,31700,98000,1
S20,Southeast,2025-05-26,11.2,350,0,11.45,68,1,31700,98000,1
S20,Southeast,2025-06-02,12.39,319,0,11.29,67,0,31700,98000,1
S20,Southeast,2025-06-09,11.95,323,0,11.47,73,0,31700,98000,1
S20,Southeast,2025-06-16,10.83,192,0,11.37,86,0,31700,98000,1
S20,Southeast,2025-06-23,11.23,239,1,11.36,85,0,31700,98000,1
S20,Southeast,2025-06-30,11.56,446,1,11.96,68,1,31700,98000,1
S20,Southeast,2025-07-07,11.76,298,0,12.41,74,0,31700,98000,1
S20,Southeast,2025-07-14,13.01,280,0,12.52,83,0,31700,98000,1
S20,Southeast,2025-07-21,11.17,322,0,12.15,78,0,31700,98000,1
S20,Southeast,2025-07-28,11.78,231,0,11.85,82,0,31700,98000,1
S20,Southeast,2025-08-04,10.79,280,0,11.33,82,0,31700,98000,1
S20,Southeast,2025-08-11,11.34,342,0,11.65,82,0,31700,98000,1
S20,Southeast,2025-08-18,11.0,270,0,12.63,84,0,31700,98000,1
S20,Southeast,2025-08-25,12.85,386,0,12.11,79,0,31700,98000,1
S20,Southeast,2025-09-01,12.82,704,0,12.5,72,1,31700,98000,1
S20,Southeast,2025-09-08,12.37,360,0,13.37,75,0,31700,98000,1
S20,Southeast,2025-09-15,12.33,546,1,12.01,73,0,31700,98000,1
S20,Southeast,2025-09-22,12.01,518,0,13.72,72,0,31700,98000,1
S20,Southeast,2025-09-29,13.07,396,0,12.56,70,0,31700,98000,1
S20,Southeast,2025-10-06,11.49,349,0,11.91,71,0,31700,98000,1
S20,Southeast,2025-10-13,12.65,363,0,11.76,70,0,31700,98000,1
S20,Southeast,2025-10-20,12.26,473,0,12.46,68,0,31700,98000,1
S20,Southeast,2025-10-27,12.45,552,0,11.96,66,0,31700,98000,1
S20,Southeast,2025-11-03,12.42,482,0,11.44,66,0,31700,98000,1
S20,Southeast,2025-11-10,12.11,463,0,12.56,69,0,31700,98000,1
S20,Southeast,2025-11-17,12.01,455,0,12.3,67,0,31700,98000,1
S20,Southeast,2025-11-24,11.23,366,0,11.31,73,1,31700,98000,1
S20,Southeast,2025-12-01,10.94,362,0,11.18,61,0,31700,98000,1
S20,Southeast,2025-12-08,10.87,563,0,11.32,62,0,31700,98000,1
S20,Southeast,2025-12-15,12.03,434,1,11.12,67,0,31700,98000,1
S20,Southeast,2025-12-22,11.94,623,0,11.71,55,1,31700,98000,1
S20,Southeast,2025-12-29,11.86,546,0,12.07,62,1,31700,98000,1
S20,Southeast,2026-01-05,13.01,1043,1,13.27,54,0,31700,98000,1
S20,Southeast,2026-01-12,12.89,671,0,12.45,53,0,31700,98000,1
S20,Southeast,2026-01-19,12.92,629,0,11.35,59,0,31700,98000,1
S20,Southeast,2026-01-26,12.52,739,0,12.51,59,0,31700,98000,1
S20,Southeast,2026-02-02,13.63,776,0,13.52,53,0,31700,98000,1
S20,Southeast,2026-02-09,14.39,616,0,13.05,58,0,31700,98000,1
S20,Southeast,2026-02-16,12.21,460,0,12.08,53,0,31700,98000,1
S20,Southeast,2026-02-23,11.13,425,1,11.97,46,0,31700,98000,1
S20,Southeast,2026-03-02,12.44,350,0,11.98,48,0,31700,98000,1
S20,Southeast,2026-03-09,12.92,393,0,11.0,64,0,31700,98000,1
S20,Southeast,2026-03-16,12.37,503,0,11.81,56,0,31700,98000,1
S20,Southeast,2026-03-23,13.18,600,0,12.19,60,0,31700,98000,1
S20,Southeast,2026-03-30,13.67,625,0,13.6,59,0,31700,98000,1
S20,Southeast,2026-04-06,13.08,530,0,11.92,60,0,31700,98000,1
S20,Southeast,2026-04-13,12.87,357,0,10.49,62,0,31700,98000,1
S20,Southeast,2026-04-20,12.33,276,0,10.84,66,0,31700,98000,1
S20,Southeast,2026-04-27,11.67,405,0,11.58,65,0,31700,98000,1
S20,Southeast,2026-05-04,11.56,402,0,11.41,64,0,31700,98000,1
S20,Southeast,2026-05-11,11.73,445,0,10.88,61,0,31700,98000,1
S20,Southeast,2026-05-18,10.52,387,0,11.86,78,0,31700,98000,1
S20,Southeast,2026-05-25,11.6,401,1,11.41,77,1,31700,98000,1
S20,Southeast,2026-06-01,11.47,310,0,11.55,84,0,31700,98000,1
S20,Southeast,2026-06-08,11.37,355,0,12.27,79,0,31700,98000,1
S20,Southeast,2026-06-15,11.93,282,0,10.9,82,0,31700,98000,1
S20,Southeast,2026-06-22,11.75,359,0,11.33,72,0,31700,98000,1
S20,Southeast,2026-06-29,11.76,496,0,12.34,77,1,31700,98000,1
S20,Southeast,2026-07-06,11.62,273,0,11.65,87,0,31700,98000,1
S20,Southeast,2026-07-13,11.35,476,1,10.96,83,0,31700,98000,1
S20,Southeast,2026-07-20,10.93,313,0,10.14,83,0,31700,98000,1
S20,Southeast,2026-07-27,11.01,298,1,10.94,76,0,31700,98000,1
S20,Southeast,2026-08-03,11.89,334,1,11.72,84,0,31700,98000,1
S20,Southeast,2026-08-10,12.16,393,0,12.38,72,0,31700,98000,1
S20,Southeast,2026-08-17,11.76,294,0,10.81,72,0,31700,98000,1
S20,Southeast,2026-08-24,10.23,239,0,11.69,80,0,31700,98000,1
S20,Southeast,2026-08-31,11.32,277,0,11.13,79,0,31700,98000,1
S20,Southeast,2026-09-07,11.58,554,1,10.59,72,1,31700,98000,1
S20,Southeast,2026-09-14,11.6,476,1,11.23,73,0,31700,98000,1
S20,Southeast,2026-09-21,11.48,331,0,11.28,74,0,31700,98000,1
S21,Midwest,2023-10-02,12.47,316,0,11.74,53,0,28600,83000,1
S21,Midwest,2023-10-09,11.57,443,0,12.17,48,0,28600,83000,1
S21,Midwest,2023-10-16,12.01,395,0,11.34,41,0,28600,83000,1
S21,Midwest,2023-10-23,11.05,456,1,12.31,45,0,28600,83000,1
S21,Midwest,2023-10-30,11.09,562,1,11.66,46,0,28600,83000,1
S21,Midwest,2023-11-06,11.74,369,0,10.74,47,0,28600,83000,1
S21,Midwest,2023-11-13,11.31,391,0,11.56,44,0,28600,83000,1
S21,Midwest,2023-11-20,12.22,537,0,10.84,38,1,28600,83000,1
S21,Midwest,2023-11-27,12.38,522,0,12.25,31,0,28600,83000,1
S21,Midwest,2023-12-04,11.56,556,0,11.53,34,0,28600,83000,1
S21,Midwest,2023-12-11,10.95,460,0,12.32,30,0,28600,83000,1
S21,Midwest,2023-12-18,12.14,784,0,12.16,25,0,28600,83000,1
S21,Midwest,2023-12-25,12.67,651,0,13.67,32,1,28600,83000,1
S21,Midwest,2024-01-01,12.57,885,0,11.48,27,1,28600,83000,1
S21,Midwest,2024-01-08,13.13,751,0,12.03,23,0,28600,83000,1
S21,Midwest,2024-01-15,11.61,989,0,13.26,26,0,28600,83000,1
S21,Midwest,2024-01-22,11.44,915,0,12.23,12,0,28600,83000,1
S21,Midwest,2024-01-29,11.73,858,1,12.22,25,0,28600,83000,1
S21,Midwest,2024-02-05,12.27,739,0,12.31,30,0,28600,83000,1
S21,Midwest,2024-02-12,11.96,632,0,11.69,26,0,28600,83000,1
S21,Midwest,2024-02-19,11.12,590,0,10.9,33,0,28600,83000,1
S21,Midwest,2024-02-26,11.13,465,0,11.86,34,0,28600,83000,1
S21,Midwest,2024-03-04,11.75,686,0,12.15,30,0,28600,83000,1
S21,Midwest,2024-03-11,12.34,760,0,11.6,34,0,28600,83000,1
S21,Midwest,2024-03-18,11.73,563,0,11.77,44,0,28600,83000,1
S21,Midwest,2024-03-25,12.06,650,0,13.11,34,0,28600,83000,1
S21,Midwest,2024-04-01,13.35,443,0,11.76,49,0,28600,83000,1
S21,Midwest,2024-04-08,12.55,339,0,12.53,46,0,28600,83000,1
S21,Midwest,2024-04-15,12.25,478,1,12.13,35,0,28600,83000,1
S21,Midwest,2024-04-22,12.12,375,0,11.23,48,0,28600,83000,1
S21,Midwest,2024-04-29,12.14,344,0,12.69,51,0,28600,83000,1
S21,Midwest,2024-05-06,10.67,281,1,11.33,59,0,28600,83000,1
S21,Midwest,2024-05-13,12.17,370,0,11.9,53,0,28600,83000,1
S21,Midwest,2024-05-20,12.09,252,0,11.57,59,0,28600,83000,1
S21,Midwest,2024-05-27,11.25,304,1,12.12,69,1,28600,83000,1
S21,Midwest,2024-06-03,12.27,165,0,11.76,67,0,28600,83000,1
S21,Midwest,2024-06-10,13.12,325,0,12.56,67,0,28600,83000,1
S21,Midwest,2024-06-17,12.97,295,0,12.74,69,0,28600,83000,1
S21,Midwest,2024-06-24,12.33,343,0,13.52,64,0,28600,83000,1
S21,Midwest,2024-07-01,14.12,519,1,12.95,75,1,28600,83000,1
S21,Midwest,2024-07-08,11.86,281,0,12.37,78,0,28600,83000,1
S21,Midwest,2024-07-15,12.57,136,0,11.23,73,0,28600,83000,1
S21,Midwest,2024-07-22,11.36,195,0,11.16,67,0,28600,83000,1
S21,Midwest,2024-07-29,12.92,246,0,11.63,66,0,28600,83000,1
S21,Midwest,2024-08-05,11.69,176,0,12.14,73,0,28600,83000,1
S21,Midwest,2024-08-12,12.75,299,0,12.08,69,0,28600,83000,1
S21,Midwest,2024-08-19,11.69,234,0,11.75,76,0,28600,83000,1
S21,Midwest,2024-08-26,11.62,170,0,12.13,67,0,28600,83000,1
S21,Midwest,2024-09-02,10.62,252,0,11.7,64,1,28600,83000,1
S21,Midwest,2024-09-09,12.14,176,0,11.17,64,0,28600,83000,1
S21,Midwest,2024-09-16,11.6,240,0,11.31,70,0,28600,83000,1
S21,Midwest,2024-09-23,11.96,240,0,13.0,58,0,28600,83000,1
S21,Midwest,2024-09-30,11.97,305,0,11.62,59,0,28600,83000,1
S21,Midwest,2024-10-07,12.7,397,0,12.19,65,0,28600,83000,1
S21,Midwest,2024-10-14,12.91,520,0,12.7,37,0,28600,83000,1
S21,Midwest,2024-10-21,12.79,326,0,13.48,57,0,28600,83000,1
S21,Midwest,2024-10-28,13.54,546,0,13.22,47,0,28600,83000,1
S21,Midwest,2024-11-04,12.32,573,1,13.31,44,0,28600,83000,1
S21,Midwest,2024-11-11,12.58,564,0,12.53,44,0,28600,83000,1
S21,Midwest,2024-11-18,12.45,420,0,12.44,33,0,28600,83000,1
S21,Midwest,2024-11-25,11.66,698,0,12.78,34,1,28600,83000,1
S21,Midwest,2024-12-02,12.95,721,0,13.13,36,0,28600,83000,1
S21,Midwest,2024-12-09,12.76,658,0,13.42,26,0,28600,83000,1
S21,Midwest,2024-12-16,12.51,969,1,12.53,33,0,28600,83000,1
S21,Midwest,2024-12-23,13.18,898,0,12.7,30,1,28600,83000,1
S21,Midwest,2024-12-30,12.3,768,0,11.55,20,1,28600,83000,1
S21,Midwest,2025-01-06,12.23,559,0,12.41,31,0,28600,83000,1
S21,Midwest,2025-01-13,13.2,673,0,12.57,19,0,28600,83000,1
S21,Midwest,2025-01-20,11.04,442,0,11.56,32,0,28600,83000,1
S21,Midwest,2025-01-27,10.92,395,0,10.82,23,0,28600,83000,1
S21,Midwest,2025-02-03,10.8,463,0,11.53,25,0,28600,83000,1
S21,Midwest,2025-02-10,11.08,240,0,10.52,27,0,28600,83000,1
S21,Midwest,2025-02-17,12.05,428,0,11.41,26,0,28600,83000,1
S21,Midwest,2025-02-24,12.21,467,0,11.69,24,0,28600,83000,1
S21,Midwest,2025-03-03,12.2,569,0,11.54,32,0,28600,83000,1
S21,Midwest,2025-03-10,12.51,483,0,11.94,35,0,28600,83000,1
S21,Midwest,2025-03-17,11.07,519,1,11.17,35,0,28600,83000,1
S21,Midwest,2025-03-24,11.34,263,0,11.25,42,0,28600,83000,1
S21,Midwest,2025-03-31,11.49,382,0,11.23,41,0,28600,83000,1
S21,Midwest,2025-04-07,12.44,509,0,12.24,43,0,28600,83000,1
S21,Midwest,2025-04-14,11.62,304,0,11.34,37,0,28600,83000,1
S21,Midwest,2025-04-21,12.26,354,0,11.5,60,0,28600,83000,1
S21,Midwest,2025-04-28,11.14,278,0,11.55,45,0,28600,83000,1
S21,Midwest,2025-05-05,12.05,240,0,10.83,50,0,28600,83000,1
S21,Midwest,2025-05-12,12.06,341,0,13.2,62,0,28600,83000,1
S21,Midwest,2025-05-19,11.08,167,0,11.37,62,0,28600,83000,1
S21,Midwest,2025-05-26,11.66,471,0,12.08,65,1,28600,83000,1
S21,Midwest,2025-06-02,11.48,271,1,11.51,67,0,28600,83000,1
S21,Midwest,2025-06-09,11.04,169,0,11.44,69,0,28600,83000,1
S21,Midwest,2025-06-16,11.53,185,0,11.23,78,0,28600,83000,1
S21,Midwest,2025-06-23,13.26,206,0,11.99,70,0,28600,83000,1
S21,Midwest,2025-06-30,12.78,416,0,12.88,75,1,28600,83000,1
S21,Midwest,2025-07-07,12.14,360,0,11.98,74,0,28600,83000,1
S21,Midwest,2025-07-14,11.43,295,0,11.95,77,0,28600,83000,1
S21,Midwest,2025-07-21,12.03,270,0,13.57,73,0,28600,83000,1
S21,Midwest,2025-07-28,13.3,297,1,11.36,78,0,28600,83000,1
S21,Midwest,2025-08-04,13.14,271,0,11.6,74,0,28600,83000,1
S21,Midwest,2025-08-11,14.19,425,0,14.21,69,0,28600,83000,1
S21,Midwest,2025-08-18,11.79,307,0,13.07,80,0,28600,83000,1
S21,Midwest,2025-08-25,12.74,281,0,11.18,73,0,28600,83000,1
S21,Midwest,2025-09-01,10.37,340,0,11.13,64,1,28600,83000,1
S21,Midwest,2025-09-08,11.45,214,0,12.31,74,0,28600,83000,1
S21,Midwest,2025-09-15,11.0,281,0,11.98,64,0,28600,83000,1
S21,Midwest,2025-09-22,12.76,353,1,11.43,71,0,28600,83000,1
S21,Midwest,2025-09-29,12.3,397,0,12.9,62,0,28600,83000,1
S21,Midwest,2025-10-06,11.53,377,0,12.67,62,0,28600,83000,1
S21,Midwest,2025-10-13,11.91,349,0,11.36,49,0,28600,83000,1
S21,Midwest,2025-10-20,11.53,396,0,11.71,56,0,28600,83000,1
S21,Midwest,2025-10-27,11.67,357,0,10.8,54,0,28600,83000,1
S21,Midwest,2025-11-03,11.15,373,0,11.04,44,0,28600,83000,1
S21,Midwest,2025-11-10,11.11,333,0,10.43,41,0,28600,83000,1
S21,Midwest,2025-11-17,10.88,304,0,11.27,45,0,28600,83000,1
S21,Midwest,2025-11-24,12.0,465,0,11.19,27,1,28600,83000,1
S21,Midwest,2025-12-01,11.01,617,1,11.0,30,0,28600,83000,1
S21,Midwest,2025-12-08,11.08,607,0,11.97,31,0,28600,83000,1
S21,Midwest,2025-12-15,11.49,412,0,10.69,27,0,28600,83000,1
S21,Midwest,2025-12-22,10.74,595,0,11.35,31,1,28600,83000,1
S21,Midwest,2025-12-29,12.06,595,0,12.04,31,1,28600,83000,1
S21,Midwest,2026-01-05,11.79,464,0,12.67,35,0,28600,83000,1
S21,Midwest,2026-01-12,12.65,489,0,11.72,28,0,28600,83000,1
S21,Midwest,2026-01-19,11.57,561,0,11.75,18,0,28600,83000,1
S21,Midwest,2026-01-26,11.14,518,0,12.33,11,0,28600,83000,1
S21,Midwest,2026-02-02,11.36,512,0,11.29,26,0,28600,83000,1
S21,Midwest,2026-02-09,12.68,597,1,11.61,32,0,28600,83000,1
S21,Midwest,2026-02-16,11.6,649,0,12.12,34,0,28600,83000,1
S21,Midwest,2026-02-23,11.18,440,0,11.61,31,0,28600,83000,1
S21,Midwest,2026-03-02,11.98,484,0,12.03,25,0,28600,83000,1
S21,Midwest,2026-03-09,11.28,376,0,10.82,26,0,28600,83000,1
S21,Midwest,2026-03-16,12.34,347,0,11.13,37,0,28600,83000,1
S21,Midwest,2026-03-23,11.17,390,0,11.32,37,0,28600,83000,1
S21,Midwest,2026-03-30,11.41,438,0,12.19,49,0,28600,83000,1
S21,Midwest,2026-04-06,12.18,385,0,12.68,42,0,28600,83000,1
S21,Midwest,2026-04-13,11.98,610,1,12.02,45,0,28600,83000,1
S21,Midwest,2026-04-20,11.64,400,0,11.54,49,0,28600,83000,1
S21,Midwest,2026-04-27,11.86,271,0,11.5,56,0,28600,83000,1
S21,Midwest,2026-05-04,11.61,246,0,11.66,53,0,28600,83000,1
S21,Midwest,2026-05-11,11.25,298,0,11.38,50,0,28600,83000,1
S21,Midwest,2026-05-18,11.35,321,0,11.49,62,0,28600,83000,1
S21,Midwest,2026-05-25,11.66,298,0,11.35,70,1,28600,83000,1
S21,Midwest,2026-06-01,10.53,169,0,10.94,65,0,28600,83000,1
S21,Midwest,2026-06-08,11.05,207,0,11.29,71,0,28600,83000,1
S21,Midwest,2026-06-15,11.86,282,1,11.83,73,0,28600,83000,1
S21,Midwest,2026-06-22,11.18,263,0,11.31,71,0,28600,83000,1
S21,Midwest,2026-06-29,10.75,263,0,11.01,72,1,28600,83000,1
S21,Midwest,2026-07-06,11.06,226,0,10.82,64,0,28600,83000,1
S21,Midwest,2026-07-13,12.19,217,0,11.57,71,0,28600,83000,1
S21,Midwest,2026-07-20,10.52,170,1,10.47,71,0,28600,83000,1
S21,Midwest,2026-07-27,11.27,179,0,10.55,74,0,28600,83000,1
S21,Midwest,2026-08-03,12.18,269,0,10.6,69,0,28600,83000,1
S21,Midwest,2026-08-10,11.27,282,0,10.71,64,0,28600,83000,1
S21,Midwest,2026-08-17,11.63,237,0,11.31,68,0,28600,83000,1
S21,Midwest,2026-08-24,11.6,287,0,12.06,76,0,28600,83000,1
S21,Midwest,2026-08-31,13.18,292,0,12.45,68,0,28600,83000,1
S21,Midwest,2026-09-07,12.75,318,0,12.16,70,1,28600,83000,1
S21,Midwest,2026-09-14,11.32,386,0,11.72,59,0,28600,83000,1
S21,Midwest,2026-09-21,13.06,419,1,12.04,63,0,28600,83000,1
S22,Midwest,2023-10-02,11.57,320,0,12.37,56,0,20300,82000,1
S22,Midwest,2023-10-09,12.16,385,0,12.72,51,0,20300,82000,1
S22,Midwest,2023-10-16,12.06,358,0,11.14,54,0,20300,82000,1
S22,Midwest,2023-10-23,11.22,364,1,12.16,55,0,20300,82000,1
S22,Midwest,2023-10-30,11.32,399,1,11.97,44,0,20300,82000,1
S22,Midwest,2023-11-06,11.39,282,0,10.91,46,0,20300,82000,1
S22,Midwest,2023-11-13,11.23,372,0,10.74,40,0,20300,82000,1
S22,Midwest,2023-11-20,11.98,466,0,12.39,39,1,20300,82000,1
S22,Midwest,2023-11-27,11.41,361,0,11.75,41,0,20300,82000,1
S22,Midwest,2023-12-04,11.02,496,0,11.65,40,0,20300,82000,1
S22,Midwest,2023-12-11,11.98,478,0,11.69,37,0,20300,82000,1
S22,Midwest,2023-12-18,13.03,824,0,12.86,24,0,20300,82000,1
S22,Midwest,2023-12-25,13.0,756,0,12.39,24,1,20300,82000,1
S22,Midwest,2024-01-01,12.23,944,0,13.25,17,1,20300,82000,1
S22,Midwest,2024-01-08,13.05,582,0,13.73,18,0,20300,82000,1
S22,Midwest,2024-01-15,12.33,1000,0,12.5,18,0,20300,82000,1
S22,Midwest,2024-01-22,12.49,590,0,12.38,28,0,20300,82000,1
S22,Midwest,2024-01-29,12.55,691,1,12.15,22,0,20300,82000,1
S22,Midwest,2024-02-05,11.63,514,0,12.64,26,0,20300,82000,1
S22,Midwest,2024-02-12,12.69,522,0,11.59,26,0,20300,82000,1
S22,Midwest,2024-02-19,11.99,481,0,11.63,24,0,20300,82000,1
S22,Midwest,2024-02-26,11.72,536,0,11.6,24,0,20300,82000,1
S22,Midwest,2024-03-04,11.69,484,0,11.91,29,0,20300,82000,1
S22,Midwest,2024-03-11,11.67,533,0,12.24,35,0,20300,82000,1
S22,Midwest,2024-03-18,12.23,476,0,11.62,33,0,20300,82000,1
S22,Midwest,2024-03-25,12.16,801,0,12.68,42,0,20300,82000,1
S22,Midwest,2024-04-01,12.46,318,0,12.32,44,0,20300,82000,1
S22,Midwest,2024-04-08,12.44,312,0,12.33,42,0,20300,82000,1
S22,Midwest,2024-04-15,12.51,389,1,12.11,45,0,20300,82000,1
S22,Midwest,2024-04-22,11.82,318,0,13.07,48,0,20300,82000,1
S22,Midwest,2024-04-29,13.26,193,0,12.54,68,0,20300,82000,1
S22,Midwest,2024-05-06,11.3,287,1,11.13,54,0,20300,82000,1
S22,Midwest,2024-05-13,12.47,263,0,11.53,60,0,20300,82000,1
S22,Midwest,2024-05-20,11.52,225,0,11.24,66,0,20300,82000,1
S22,Midwest,2024-05-27,12.2,272,1,12.0,71,1,20300,82000,1
S22,Midwest,2024-06-03,11.15,209,0,12.03,60,0,20300,82000,1
S22,Midwest,2024-06-10,13.38,279,0,13.03,76,0,20300,82000,1
S22,Midwest,2024-06-17,13.32,290,0,12.76,68,0,20300,82000,1
S22,Midwest,2024-06-24,12.75,315,0,13.67,70,0,20300,82000,1
S22,Midwest,2024-07-01,13.34,277,1,13.67,84,1,20300,82000,1
S22,Midwest,2024-07-08,12.58,233,0,12.34,73,0,20300,82000,1
S22,Midwest,2024-07-15,12.78,153,0,11.3,70,0,20300,82000,1
S22,Midwest,2024-07-22,11.44,169,0,11.3,75,0,20300,82000,1
S22,Midwest,2024-07-29,12.17,176,0,11.55,75,0,20300,82000,1
S22,Midwest,2024-08-05,12.47,188,0,11.59,70,0,20300,82000,1
S22,Midwest,2024-08-12,12.21,196,0,12.51,73,0,20300,82000,1
S22,Midwest,2024-08-19,12.1,161,0,12.04,70,0,20300,82000,1
S22,Midwest,2024-08-26,12.35,259,0,12.21,62,0,20300,82000,1
S22,Midwest,2024-09-02,11.19,285,0,11.38,69,1,20300,82000,1
S22,Midwest,2024-09-09,11.67,118,0,10.46,71,0,20300,82000,1
S22,Midwest,2024-09-16,11.4,237,0,12.32,73,0,20300,82000,1
S22,Midwest,2024-09-23,12.01,233,0,12.54,64,0,20300,82000,1
S22,Midwest,2024-09-30,12.62,271,0,12.21,60,0,20300,82000,1
S22,Midwest,2024-10-07,13.65,407,0,12.93,51,0,20300,82000,1
S22,Midwest,2024-10-14,13.33,374,0,13.68,54,0,20300,82000,1
S22,Midwest,2024-10-21,12.96,314,0,13.16,57,0,20300,82000,1
S22,Midwest,2024-10-28,13.69,474,0,14.58,53,0,20300,82000,1
S22,Midwest,2024-11-04,11.96,499,1,13.01,44,0,20300,82000,1
S22,Midwest,2024-11-11,13.3,591,0,13.73,47,0,20300,82000,1
S22,Midwest,2024-11-18,11.55,387,0,12.86,33,0,20300,82000,1
S22,Midwest,2024-11-25,12.05,513,0,11.8,35,1,20300,82000,1
S22,Midwest,2024-12-02,12.3,492,0,13.19,31,0,20300,82000,1
S22,Midwest,2024-12-09,13.5,573,0,13.25,21,0,20300,82000,1
S22,Midwest,2024-12-16,11.53,657,1,11.22,28,0,20300,82000,1
S22,Midwest,2024-12-23,12.5,571,0,12.37,21,1,20300,82000,1
S22,Midwest,2024-12-30,12.72,525,0,11.72,23,1,20300,82000,1
S22,Midwest,2025-01-06,11.06,569,0,12.23,31,0,20300,82000,1
S22,Midwest,2025-01-13,12.3,381,0,11.83,27,0,20300,82000,1
S22,Midwest,2025-01-20,11.11,391,0,10.67,26,0,20300,82000,1
S22,Midwest,2025-01-27,10.65,351,0,11.42,23,0,20300,82000,1
S22,Midwest,2025-02-03,10.83,378,0,11.64,27,0,20300,82000,1
S22,Midwest,2025-02-10,10.68,245,0,11.05,33,0,20300,82000,1
S22,Midwest,2025-02-17,11.41,268,0,11.34,33,0,20300,82000,1
S22,Midwest,2025-02-24,11.77,422,0,11.63,27,0,20300,82000,1
S22,Midwest,2025-03-03,11.89,399,0,12.47,35,0,20300,82000,1
S22,Midwest,2025-03-10,12.6,428,0,12.34,34,0,20300,82000,1
S22,Midwest,2025-03-17,10.81,469,1,12.13,34,0,20300,82000,1
S22,Midwest,2025-03-24,11.15,307,0,11.65,40,0,20300,82000,1
S22,Midwest,2025-03-31,11.36,272,0,11.1,46,0,20300,82000,1
S22,Midwest,2025-04-07,12.31,347,0,12.18,45,0,20300,82000,1
S22,Midwest,2025-04-14,11.52,314,0,11.67,44,0,20300,82000,1
S22,Midwest,2025-04-21,12.52,369,0,12.96,50,0,20300,82000,1
S22,Midwest,2025-04-28,10.96,214,0,11.53,48,0,20300,82000,1
S22,Midwest,2025-05-05,12.25,283,0,11.81,54,0,20300,82000,1
S22,Midwest,2025-05-12,12.77,294,0,12.38,52,0,20300,82000,1
S22,Midwest,2025-05-19,12.03,201,0,11.01,60,0,20300,82000,1
S22,Midwest,2025-05-26,11.41,331,0,10.77,64,1,20300,82000,1
S22,Midwest,2025-06-02,11.82,315,1,11.29,66,0,20300,82000,1
S22,Midwest,2025-06-09,11.59,143,0,11.49,71,0,20300,82000,1
S22,Midwest,2025-06-16,12.46,174,0,12.05,73,0,20300,82000,1
S22,Midwest,2025-06-23,13.39,274,0,12.2,60,0,20300,82000,1
S22,Midwest,2025-06-30,12.26,348,0,12.97,79,1,20300,82000,1
S22,Midwest,2025-07-07,12.52,352,0,11.76,64,0,20300,82000,1
S22,Midwest,2025-07-14,11.85,237,0,12.16,74,0,20300,82000,1
S22,Midwest,2025-07-21,11.86,216,0,13.79,79,0,20300,82000,1
S22,Midwest,2025-07-28,13.3,283,1,12.44,69,0,20300,82000,1
S22,Midwest,2025-08-04,12.65,238,0,12.86,68,0,20300,82000,1
S22,Midwest,2025-08-11,12.67,340,0,12.89,72,0,20300,82000,1
S22,Midwest,2025-08-18,11.22,155,0,11.97,78,0,20300,82000,1
S22,Midwest,2025-08-25,11.71,198,0,11.51,67,0,20300,82000,1
S22,Midwest,2025-09-01,11.03,289,0,11.45,67,1,20300,82000,1
S22,Midwest,2025-09-08,12.24,361,0,12.4,60,0,20300,82000,1
S22,Midwest,2025-09-15,11.54,251,0,12.29,67,0,20300,82000,1
S22,Midwest,2025-09-22,12.1,300,1,11.21,58,0,20300,82000,1
S22,Midwest,2025-09-29,13.14,313,0,11.59,62,0,20300,82000,1
S22,Midwest,2025-10-06,11.97,374,0,11.75,47,0,20300,82000,1
S22,Midwest,2025-10-13,12.36,302,0,11.21,63,0,20300,82000,1
S22,Midwest,2025-10-20,11.34,366,0,11.3,46,0,20300,82000,1
S22,Midwest,2025-10-27,11.36,277,0,11.49,52,0,20300,82000,1
S22,Midwest,2025-11-03,11.73,328,0,11.42,42,0,20300,82000,1
S22,Midwest,2025-11-10,10.82,265,0,11.46,43,0,20300,82000,1
S22,Midwest,2025-11-17,10.98,271,0,10.6,42,0,20300,82000,1
S22,Midwest,2025-11-24,11.17,414,0,11.45,39,1,20300,82000,1
S22,Midwest,2025-12-01,10.16,465,1,10.85,30,0,20300,82000,1
S22,Midwest,2025-12-08,10.4,528,0,10.67,28,0,20300,82000,1
S22,Midwest,2025-12-15,10.11,270,0,10.73,35,0,20300,82000,1
S22,Midwest,2025-12-22,11.21,533,0,10.69,29,1,20300,82000,1
S22,Midwest,2025-12-29,11.5,477,0,10.92,31,1,20300,82000,1
S22,Midwest,2026-01-05,11.96,620,0,12.77,23,0,20300,82000,1
S22,Midwest,2026-01-12,11.78,357,0,11.14,17,0,20300,82000,1
S22,Midwest,2026-01-19,11.87,508,0,12.1,29,0,20300,82000,1
S22,Midwest,2026-01-26,12.62,590,0,11.54,20,0,20300,82000,1
S22,Midwest,2026-02-02,11.57,431,0,10.61,25,0,20300,82000,1
S22,Midwest,2026-02-09,11.93,544,1,11.99,28,0,20300,82000,1
S22,Midwest,2026-02-16,11.47,653,0,11.47,25,0,20300,82000,1
S22,Midwest,2026-02-23,10.85,337,0,11.5,32,0,20300,82000,1
S22,Midwest,2026-03-02,11.19,303,0,11.13,37,0,20300,82000,1
S22,Midwest,2026-03-09,11.75,368,0,10.74,34,0,20300,82000,1
S22,Midwest,2026-03-16,10.9,263,0,11.05,39,0,20300,82000,1
S22,Midwest,2026-03-23,11.35,322,0,11.16,41,0,20300,82000,1
S22,Midwest,2026-03-30,12.26,522,0,12.3,32,0,20300,82000,1
S22,Midwest,2026-04-06,13.74,476,0,13.25,40,0,20300,82000,1
S22,Midwest,2026-04-13,12.29,472,1,11.59,46,0,20300,82000,1
S22,Midwest,2026-04-20,11.13,410,0,11.39,42,0,20300,82000,1
S22,Midwest,2026-04-27,11.95,258,0,12.37,52,0,20300,82000,1
S22,Midwest,2026-05-04,12.84,275,0,10.91,52,0,20300,82000,1
S22,Midwest,2026-05-11,12.12,282,0,10.74,58,0,20300,82000,1
S22,Midwest,2026-05-18,11.26,299,0,11.6,66,0,20300,82000,1
S22,Midwest,2026-05-25,11.44,351,0,10.85,63,1,20300,82000,1
S22,Midwest,2026-06-01,11.69,222,0,10.87,62,0,20300,82000,1
S22,Midwest,2026-06-08,11.77,276,0,11.84,64,0,20300,82000,1
S22,Midwest,2026-06-15,12.16,295,1,11.73,68,0,20300,82000,1
S22,Midwest,2026-06-22,11.72,218,0,11.58,78,0,20300,82000,1
S22,Midwest,2026-06-29,10.94,232,0,10.79,73,1,20300,82000,1
S22,Midwest,2026-07-06,11.99,183,0,11.5,80,0,20300,82000,1
S22,Midwest,2026-07-13,11.95,172,0,11.98,81,0,20300,82000,1
S22,Midwest,2026-07-20,10.8,184,1,10.36,70,0,20300,82000,1
S22,Midwest,2026-07-27,11.33,148,0,10.31,74,0,20300,82000,1
S22,Midwest,2026-08-03,11.47,163,0,11.1,80,0,20300,82000,1
S22,Midwest,2026-08-10,11.39,234,0,11.13,74,0,20300,82000,1
S22,Midwest,2026-08-17,11.03,177,0,10.73,80,0,20300,82000,1
S22,Midwest,2026-08-24,12.69,275,0,11.22,64,0,20300,82000,1
S22,Midwest,2026-08-31,13.7,242,0,13.15,72,0,20300,82000,1
S22,Midwest,2026-09-07,12.31,410,0,11.25,62,1,20300,82000,1
S22,Midwest,2026-09-14,11.75,250,0,12.0,71,0,20300,82000,1
S22,Midwest,2026-09-21,12.38,267,1,11.84,64,0,20300,82000,1
S23,Midwest,2023-10-02,11.71,470,0,11.92,63,0,32900,112000,0
S23,Midwest,2023-10-09,12.38,1105,0,12.65,49,0,32900,112000,0
S23,Midwest,2023-10-16,11.16,758,0,11.79,48,0,32900,112000,0
S23,Midwest,2023-10-23,10.98,1026,1,11.57,47,0,32900,112000,0
S23,Midwest,2023-10-30,11.04,785,1,11.55,55,0,32900,112000,0
S23,Midwest,2023-11-06,12.15,1021,0,11.5,40,0,32900,112000,0
S23,Midwest,2023-11-13,12.1,1109,0,11.58,42,0,32900,112000,0
S23,Midwest,2023-11-20,11.94,1483,0,12.26,38,1,32900,112000,0
S23,Midwest,2023-11-27,11.44,793,0,12.58,46,0,32900,112000,0
S23,Midwest,2023-12-04,11.14,1324,0,11.33,26,0,32900,112000,0
S23,Midwest,2023-12-11,11.11,1011,0,12.04,32,0,32900,112000,0
S23,Midwest,2023-12-18,11.59,1918,0,14.0,24,0,32900,112000,0
S23,Midwest,2023-12-25,12.83,1431,0,12.53,34,1,32900,112000,0
S23,Midwest,2024-01-01,12.66,2072,0,12.35,31,1,32900,112000,0
S23,Midwest,2024-01-08,12.96,1381,0,13.22,33,0,32900,112000,0
S23,Midwest,2024-01-15,12.1,1925,0,12.49,23,0,32900,112000,0
S23,Midwest,2024-01-22,12.62,1204,0,11.84,21,0,32900,112000,0
S23,Midwest,2024-01-29,11.11,1551,1,11.74,22,0,32900,112000,0
S23,Midwest,2024-02-05,11.64,1150,0,11.88,26,0,32900,112000,0
S23,Midwest,2024-02-12,12.39,1490,0,12.08,31,0,32900,112000,0
S23,Midwest,2024-02-19,11.48,901,0,12.75,36,0,32900,112000,0
S23,Midwest,2024-02-26,11.39,1102,0,11.47,38,0,32900,112000,0
S23,Midwest,2024-03-04,10.69,1475,0,11.37,24,0,32900,112000,0
S23,Midwest,2024-03-11,12.54,1164,0,12.53,36,0,32900,112000,0
S23,Midwest,2024-03-18,12.27,949,0,11.88,48,0,32900,112000,0
S23,Midwest,2024-03-25,11.9,949,0,12.57,40,0,32900,112000,0
S23,Midwest,2024-04-01,12.73,920,0,11.56,42,0,32900,112000,0
S23,Midwest,2024-04-08,12.93,727,0,12.05,44,0,32900,112000,0
S23,Midwest,2024-04-15,11.73,672,1,11.8,53,0,32900,112000,0
S23,Midwest,2024-04-22,12.84,673,0,12.02,46,0,32900,112000,0
S23,Midwest,2024-04-29,12.68,877,0,11.91,50,0,32900,112000,0
S23,Midwest,2024-05-06,10.98,459,1,11.21,65,0,32900,112000,0
S23,Midwest,2024-05-13,12.0,437,0,11.56,62,0,32900,112000,0
S23,Midwest,2024-05-20,11.12,421,0,12.16,70,0,32900,112000,0
S23,Midwest,2024-05-27,12.03,774,1,11.55,68,1,32900,112000,0
S23,Midwest,2024-06-03,11.52,352,0,11.97,70,0,32900,112000,0
S23,Midwest,2024-06-10,12.8,592,0,11.55,62,0,32900,112000,0
S23,Midwest,2024-06-17,13.54,620,0,12.47,72,0,32900,112000,0
S23,Midwest,2024-06-24,12.39,659,0,12.48,77,0,32900,112000,0
S23,Midwest,2024-07-01,13.26,934,1,12.93,78,1,32900,112000,0
S23,Midwest,2024-07-08,12.89,540,0,12.52,75,0,32900,112000,0
S23,Midwest,2024-07-15,12.34,374,0,11.17,78,0,32900,112000,0
S23,Midwest,2024-07-22,12.14,382,0,10.34,70,0,32900,112000,0
S23,Midwest,2024-07-29,12.66,404,0,12.23,85,0,32900,112000,0
S23,Midwest,2024-08-05,12.04,698,0,11.98,61,0,32900,112000,0
S23,Midwest,2024-08-12,12.81,571,0,12.2,71,0,32900,112000,0
S23,Midwest,2024-08-19,11.85,437,0,11.62,73,0,32900,112000,0
S23,Midwest,2024-08-26,12.11,538,0,11.83,74,0,32900,112000,0
S23,Midwest,2024-09-02,12.03,580,0,11.4,77,1,32900,112000,0
S23,Midwest,2024-09-09,12.04,554,0,11.66,52,0,32900,112000,0
S23,Midwest,2024-09-16,11.74,535,0,11.97,62,0,32900,112000,0
S23,Midwest,2024-09-23,13.41,567,0,11.54,65,0,32900,112000,0
S23,Midwest,2024-09-30,12.82,649,0,11.58,52,0,32900,112000,0
S23,Midwest,2024-10-07,13.46,1118,0,13.88,55,0,32900,112000,0
S23,Midwest,2024-10-14,13.81,852,0,12.55,52,0,32900,112000,0
S23,Midwest,2024-10-21,14.09,945,0,11.8,50,0,32900,112000,0
S23,Midwest,2024-10-28,13.04,1327,0,13.66,43,0,32900,112000,0
S23,Midwest,2024-11-04,12.51,1051,1,11.53,41,0,32900,112000,0
S23,Midwest,2024-11-11,13.3,980,0,11.59,39,0,32900,112000,0
S23,Midwest,2024-11-18,12.05,1295,0,12.35,34,0,32900,112000,0
S23,Midwest,2024-11-25,11.86,1513,0,12.17,36,1,32900,112000,0
S23,Midwest,2024-12-02,12.74,1342,0,12.04,27,0,32900,112000,0
S23,Midwest,2024-12-09,13.54,1446,0,12.66,34,0,32900,112000,0
S23,Midwest,2024-12-16,11.71,1537,1,11.98,28,0,32900,112000,0
S23,Midwest,2024-12-23,13.26,1899,0,11.53,29,1,32900,112000,0
S23,Midwest,2024-12-30,12.74,1657,0,11.92,24,1,32900,112000,0
S23,Midwest,2025-01-06,11.79,1686,0,12.28,34,0,32900,112000,0
S23,Midwest,2025-01-13,12.83,1240,0,12.11,22,0,32900,112000,0
S23,Midwest,2025-01-20,10.4,759,0,11.98,29,0,32900,112000,0
S23,Midwest,2025-01-27,11.19,913,0,10.95,24,0,32900,112000,0
S23,Midwest,2025-02-03,11.05,1046,0,11.04,27,0,32900,112000,0
S23,Midwest,2025-02-10,11.04,803,0,10.73,29,0,32900,112000,0
S23,Midwest,2025-02-17,11.24,623,0,11.5,29,0,32900,112000,0
S23,Midwest,2025-02-24,12.06,926,0,11.63,37,0,32900,112000,0
S23,Midwest,2025-03-03,11.13,1049,0,11.62,38,0,32900,112000,0
S23,Midwest,2025-03-10,12.4,1221,0,12.16,37,0,32900,112000,0
S23,Midwest,2025-03-17,11.75,1507,1,11.4,42,0,32900,112000,0
S23,Midwest,2025-03-24,11.49,624,0,11.13,40,0,32900,112000,0
S23,Midwest,2025-03-31,11.42,904,0,11.39,44,0,32900,112000,0
S23,Midwest,2025-04-07,12.59,970,0,12.93,47,0,32900,112000,0
S23,Midwest,2025-04-14,11.12,818,0,12.11,38,0,32900,112000,0
S23,Midwest,2025-04-21,13.37,935,0,11.82,44,0,32900,112000,0
S23,Midwest,2025-04-28,10.9,474,0,11.49,54,0,32900,112000,0
S23,Midwest,2025-05-05,12.14,578,0,11.09,63,0,32900,112000,0
S23,Midwest,2025-05-12,12.21,632,0,11.04,62,0,32900,112000,0
S23,Midwest,2025-05-19,11.03,433,0,11.34,72,0,32900,112000,0
S23,Midwest,2025-05-26,11.26,762,0,12.55,58,1,32900,112000,0
S23,Midwest,2025-06-02,11.44,574,1,11.14,67,0,32900,112000,0
S23,Midwest,2025-06-09,11.14,634,0,11.27,66,0,32900,112000,0
S23,Midwest,2025-06-16,12.03,545,0,10.94,72,0,32900,112000,0
S23,Midwest,2025-06-23,11.73,570,0,12.82,73,0,32900,112000,0
S23,Midwest,2025-06-30,12.16,853,0,12.16,74,1,32900,112000,0
S23,Midwest,2025-07-07,11.69,826,0,11.88,64,0,32900,112000,0
S23,Midwest,2025-07-14,11.72,593,0,12.75,79,0,32900,112000,0
S23,Midwest,2025-07-21,12.65,452,0,12.49,77,0,32900,112000,0
S23,Midwest,2025-07-28,13.25,859,1,12.41,68,0,32900,112000,0
S23,Midwest,2025-08-04,13.0,736,0,12.19,68,0,32900,112000,0
S23,Midwest,2025-08-11,12.89,491,0,13.12,85,0,32900,112000,0
S23,Midwest,2025-08-18,11.7,686,0,11.85,72,0,32900,112000,0
S23,Midwest,2025-08-25,12.51,787,0,11.69,67,0,32900,112000,0
S23,Midwest,2025-09-01,10.28,549,0,11.49,67,1,32900,112000,0
S23,Midwest,2025-09-08,12.5,530,0,11.88,61,0,32900,112000,0
S23,Midwest,2025-09-15,11.47,563,0,12.39,68,0,32900,112000,0
S23,Midwest,2025-09-22,12.42,666,1,11.77,63,0,32900,112000,0
S23,Midwest,2025-09-29,12.84,828,0,12.48,59,0,32900,112000,0
S23,Midwest,2025-10-06,11.56,679,0,12.14,50,0,32900,112000,0
S23,Midwest,2025-10-13,11.74,865,0,11.46,55,0,32900,112000,0
S23,Midwest,2025-10-20,10.45,724,0,11.58,46,0,32900,112000,0
S23,Midwest,2025-10-27,10.99,672,0,12.28,49,0,32900,112000,0
S23,Midwest,2025-11-03,11.56,879,0,10.75,38,0,32900,112000,0
S23,Midwest,2025-11-10,11.79,630,0,11.2,52,0,32900,112000,0
S23,Midwest,2025-11-17,10.98,582,0,10.14,42,0,32900,112000,0
S23,Midwest,2025-11-24,11.17,682,0,10.69,38,1,32900,112000,0
S23,Midwest,2025-12-01,9.53,991,1,11.41,35,0,32900,112000,0
S23,Midwest,2025-12-08,10.86,1173,0,11.69,34,0,32900,112000,0
S23,Midwest,2025-12-15,10.96,786,0,10.57,28,0,32900,112000,0
S23,Midwest,2025-12-22,11.02,1249,0,11.0,21,1,32900,112000,0
S23,Midwest,2025-12-29,11.65,1118,0,11.54,24,1,32900,112000,0
S23,Midwest,2026-01-05,11.73,1479,0,12.86,25,0,32900,112000,0
S23,Midwest,2026-01-12,12.03,886,0,12.65,27,0,32900,112000,0
S23,Midwest,2026-01-19,11.75,1315,0,12.5,33,0,32900,112000,0
S23,Midwest,2026-01-26,11.54,976,0,11.78,27,0,32900,112000,0
S23,Midwest,2026-02-02,11.57,1135,0,11.67,31,0,32900,112000,0
S23,Midwest,2026-02-09,12.69,1658,1,11.91,28,0,32900,112000,0
S23,Midwest,2026-02-16,12.27,1708,0,12.87,37,0,32900,112000,0
S23,Midwest,2026-02-23,11.17,1242,0,11.36,30,0,32900,112000,0
S23,Midwest,2026-03-02,11.33,719,0,10.76,35,0,32900,112000,0
S23,Midwest,2026-03-09,10.9,813,0,10.93,33,0,32900,112000,0
S23,Midwest,2026-03-16,11.11,577,0,11.57,47,0,32900,112000,0
S23,Midwest,2026-03-23,11.69,862,0,10.79,38,0,32900,112000,0
S23,Midwest,2026-03-30,12.26,1278,0,11.84,41,0,32900,112000,0
S23,Midwest,2026-04-06,13.09,1087,0,13.02,41,0,32900,112000,0
S23,Midwest,2026-04-13,12.8,1431,1,12.3,49,0,32900,112000,0
S23,Midwest,2026-04-20,11.34,665,0,11.27,52,0,32900,112000,0
S23,Midwest,2026-04-27,12.18,633,0,11.86,57,0,32900,112000,0
S23,Midwest,2026-05-04,12.43,521,0,12.04,54,0,32900,112000,0
S23,Midwest,2026-05-11,12.69,884,0,11.96,57,0,32900,112000,0
S23,Midwest,2026-05-18,12.14,718,0,11.76,63,0,32900,112000,0
S23,Midwest,2026-05-25,10.76,882,0,11.15,62,1,32900,112000,0
S23,Midwest,2026-06-01,11.44,409,0,11.29,75,0,32900,112000,0
S23,Midwest,2026-06-08,12.16,593,0,12.34,66,0,32900,112000,0
S23,Midwest,2026-06-15,12.19,499,1,11.82,70,0,32900,112000,0
S23,Midwest,2026-06-22,11.48,621,0,12.23,76,0,32900,112000,0
S23,Midwest,2026-06-29,11.09,524,0,10.79,73,1,32900,112000,0
S23,Midwest,2026-07-06,11.09,524,0,12.55,75,0,32900,112000,0
S23,Midwest,2026-07-13,11.52,385,0,11.23,84,0,32900,112000,0
S23,Midwest,2026-07-20,11.34,391,1,9.72,81,0,32900,112000,0
S23,Midwest,2026-07-27,11.63,407,0,11.05,74,0,32900,112000,0
S23,Midwest,2026-08-03,11.38,385,0,11.89,73,0,32900,112000,0
S23,Midwest,2026-08-10,10.51,511,0,11.06,78,0,32900,112000,0
S23,Midwest,2026-08-17,11.15,495,0,11.22,75,0,32900,112000,0
S23,Midwest,2026-08-24,12.6,621,0,11.58,72,0,32900,112000,0
S23,Midwest,2026-08-31,12.95,733,0,11.55,63,0,32900,112000,0
S23,Midwest,2026-09-07,12.85,938,0,12.66,69,1,32900,112000,0
S23,Midwest,2026-09-14,11.36,579,0,11.62,62,0,32900,112000,0
S23,Midwest,2026-09-21,13.98,781,1,11.37,59,0,32900,112000,0
S24,Midwest,2023-10-02,12.25,314,0,11.6,59,0,33700,75000,1
S24,Midwest,2023-10-09,12.07,571,0,12.05,62,0,33700,75000,1
S24,Midwest,2023-10-16,11.01,456,0,12.24,56,0,33700,75000,1
S24,Midwest,2023-10-23,12.36,729,1,12.67,46,0,33700,75000,1
S24,Midwest,2023-10-30,11.74,517,1,11.77,43,0,33700,75000,1
S24,Midwest,2023-11-06,11.44,480,0,11.88,38,0,33700,75000,1
S24,Midwest,2023-11-13,11.83,546,0,11.58,34,0,33700,75000,1
S24,Midwest,2023-11-20,12.32,747,0,12.77,37,1,33700,75000,1
S24,Midwest,2023-11-27,12.26,594,0,11.51,37,0,33700,75000,1
S24,Midwest,2023-12-04,10.88,799,0,11.8,34,0,33700,75000,1
S24,Midwest,2023-12-11,11.68,590,0,12.13,31,0,33700,75000,1
S24,Midwest,2023-12-18,11.45,1023,0,12.06,28,0,33700,75000,1
S24,Midwest,2023-12-25,13.79,908,0,12.61,34,1,33700,75000,1
S24,Midwest,2024-01-01,11.85,941,0,12.12,26,1,33700,75000,1
S24,Midwest,2024-01-08,12.74,1042,0,13.11,26,0,33700,75000,1
S24,Midwest,2024-01-15,12.91,1137,0,12.68,27,0,33700,75000,1
S24,Midwest,2024-01-22,11.16,1092,0,12.46,26,0,33700,75000,1
S24,Midwest,2024-01-29,11.87,1148,1,12.24,22,0,33700,75000,1
S24,Midwest,2024-02-05,12.25,726,0,12.0,29,0,33700,75000,1
S24,Midwest,2024-02-12,13.44,752,0,11.54,32,0,33700,75000,1
S24,Midwest,2024-02-19,10.23,648,0,12.75,24,0,33700,75000,1
S24,Midwest,2024-02-26,11.39,449,0,12.54,28,0,33700,75000,1
S24,Midwest,2024-03-04,11.22,718,0,11.18,32,0,33700,75000,1
S24,Midwest,2024-03-11,11.59,731,0,12.88,30,0,33700,75000,1
S24,Midwest,2024-03-18,12.33,679,0,12.81,35,0,33700,75000,1
S24,Midwest,2024-03-25,12.37,583,0,13.22,36,0,33700,75000,1
S24,Midwest,2024-04-01,13.13,638,0,12.21,46,0,33700,75000,1
S24,Midwest,2024-04-08,11.76,379,0,12.36,46,0,33700,75000,1
S24,Midwest,2024-04-15,11.99,397,1,11.27,58,0,33700,75000,1
S24,Midwest,2024-04-22,12.45,322,0,11.48,52,0,33700,75000,1
S24,Midwest,2024-04-29,13.33,567,0,11.39,50,0,33700,75000,1
S24,Midwest,2024-05-06,11.9,629,1,10.99,57,0,33700,75000,1
S24,Midwest,2024-05-13,12.12,305,0,12.24,51,0,33700,75000,1
S24,Midwest,2024-05-20,11.06,260,0,11.66,62,0,33700,75000,1
S24,Midwest,2024-05-27,11.78,408,1,11.24,69,1,33700,75000,1
S24,Midwest,2024-06-03,11.94,235,0,11.9,72,0,33700,75000,1
S24,Midwest,2024-06-10,13.25,336,0,11.87,64,0,33700,75000,1
S24,Midwest,2024-06-17,13.08,361,0,11.79,74,0,33700,75000,1
S24,Midwest,2024-06-24,14.07,510,0,12.87,72,0,33700,75000,1
S24,Midwest,2024-07-01,13.53,628,1,13.13,63,1,33700,75000,1
S24,Midwest,2024-07-08,13.56,352,0,12.15,70,0,33700,75000,1
S24,Midwest,2024-07-15,12.43,253,0,11.88,82,0,33700,75000,1
S24,Midwest,2024-07-22,12.26,188,0,11.91,80,0,33700,75000,1
S24,Midwest,2024-07-29,12.59,209,0,11.48,84,0,33700,75000,1
S24,Midwest,2024-08-05,11.63,251,0,12.44,78,0,33700,75000,1
S24,Midwest,2024-08-12,13.2,347,0,12.73,76,0,33700,75000,1
S24,Midwest,2024-08-19,11.88,274,0,11.26,65,0,33700,75000,1
S24,Midwest,2024-08-26,11.96,269,0,11.49,58,0,33700,75000,1
S24,Midwest,2024-09-02,12.14,455,0,12.1,70,1,33700,75000,1
S24,Midwest,2024-09-09,12.08,252,0,11.53,63,0,33700,75000,1
S24,Midwest,2024-09-16,12.36,385,0,11.65,65,0,33700,75000,1
S24,Midwest,2024-09-23,13.01,323,0,13.25,76,0,33700,75000,1
S24,Midwest,2024-09-30,13.32,499,0,13.14,47,0,33700,75000,1
S24,Midwest,2024-10-07,12.76,617,0,14.25,58,0,33700,75000,1
S24,Midwest,2024-10-14,13.17,435,0,13.01,53,0,33700,75000,1
S24,Midwest,2024-10-21,13.68,560,0,12.9,47,0,33700,75000,1
S24,Midwest,2024-10-28,13.48,717,0,12.66,38,0,33700,75000,1
S24,Midwest,2024-11-04,12.58,547,1,13.06,52,0,33700,75000,1
S24,Midwest,2024-11-11,12.97,588,0,12.58,30,0,33700,75000,1
S24,Midwest,2024-11-18,12.88,587,0,12.05,35,0,33700,75000,1
S24,Midwest,2024-11-25,11.58,697,0,12.22,40,1,33700,75000,1
S24,Midwest,2024-12-02,13.2,737,0,12.87,27,0,33700,75000,1
S24,Midwest,2024-12-09,13.02,822,0,12.44,17,0,33700,75000,1
S24,Midwest,2024-12-16,12.14,1273,1,12.34,24,0,33700,75000,1
S24,Midwest,2024-12-23,12.44,1175,0,12.87,21,1,33700,75000,1
S24,Midwest,2024-12-30,13.18,833,0,12.19,29,1,33700,75000,1
S24,Midwest,2025-01-06,12.0,746,0,11.43,34,0,33700,75000,1
S24,Midwest,2025-01-13,13.07,822,0,11.97,19,0,33700,75000,1
S24,Midwest,2025-01-20,11.03,527,0,11.69,27,0,33700,75000,1
S24,Midwest,2025-01-27,11.09,724,0,11.24,26,0,33700,75000,1
S24,Midwest,2025-02-03,10.67,625,0,11.08,24,0,33700,75000,1
S24,Midwest,2025-02-10,11.49,486,0,10.36,24,0,33700,75000,1
S24,Midwest,2025-02-17,11.38,429,0,10.78,30,0,33700,75000,1
S24,Midwest,2025-02-24,10.66,493,0,11.98,34,0,33700,75000,1
S24,Midwest,2025-03-03,10.71,467,0,10.56,30,0,33700,75000,1
S24,Midwest,2025-03-10,12.2,687,0,12.58,43,0,33700,75000,1
S24,Midwest,2025-03-17,12.2,771,1,11.83,34,0,33700,75000,1
S24,Midwest,2025-03-24,11.6,555,0,10.99,35,0,33700,75000,1
S24,Midwest,2025-03-31,11.65,499,0,12.19,39,0,33700,75000,1
S24,Midwest,2025-04-07,11.78,521,0,11.96,42,0,33700,75000,1
S24,Midwest,2025-04-14,13.99,336,0,11.92,44,0,33700,75000,1
S24,Midwest,2025-04-21,11.99,646,0,11.42,43,0,33700,75000,1
S24,Midwest,2025-04-28,9.99,871,0,11.57,51,0,33700,75000,1
S24,Midwest,2025-05-05,13.99,239,0,11.57,63,0,33700,75000,1
S24,Midwest,2025-05-12,11.99,292,0,11.57,70,0,33700,75000,1
S24,Midwest,2025-05-19,11.99,564,0,11.69,53,0,33700,75000,1
S24,Midwest,2025-05-26,11.99,503,0,11.67,61,1,33700,75000,1
S24,Midwest,2025-06-02,11.99,208,0,11.61,57,0,33700,75000,1
S24,Midwest,2025-06-09,11.99,199,0,11.8,60,0,33700,75000,1
S24,Midwest,2025-06-16,9.99,540,0,11.96,68,0,33700,75000,1
S24,Midwest,2025-06-23,11.99,242,0,12.46,80,0,33700,75000,1
S24,Midwest,2025-06-30,9.99,959,0,12.25,75,1,33700,75000,1
S24,Midwest,2025-07-07,12.38,287,0,11.89,74,0,33700,75000,1
S24,Midwest,2025-07-14,11.9,463,0,11.8,74,0,33700,75000,1
S24,Midwest,2025-07-21,12.41,288,0,12.02,79,0,33700,75000,1
S24,Midwest,2025-07-28,12.99,404,1,13.28,70,0,33700,75000,1
S24,Midwest,2025-08-04,12.45,394,0,11.92,72,0,33700,75000,1
S24,Midwest,2025-08-11,13.9,427,0,13.09,74,0,33700,75000,1
S24,Midwest,2025-08-18,11.73,404,0,12.52,72,0,33700,75000,1
S24,Midwest,2025-08-25,12.81,318,0,11.74,79,0,33700,75000,1
S24,Midwest,2025-09-01,10.68,340,0,10.56,72,1,33700,75000,1
S24,Midwest,2025-09-08,12.21,463,0,12.09,66,0,33700,75000,1
S24,Midwest,2025-09-15,11.16,316,0,11.92,67,0,33700,75000,1
S24,Midwest,2025-09-22,12.03,582,1,13.09,67,0,33700,75000,1
S24,Midwest,2025-09-29,12.42,575,0,11.88,52,0,33700,75000,1
S24,Midwest,2025-10-06,11.59,420,0,12.31,61,0,33700,75000,1
S24,Midwest,2025-10-13,12.45,486,0,12.02,48,0,33700,75000,1
S24,Midwest,2025-10-20,11.34,567,0,11.94,44,0,33700,75000,1
S24,Midwest,2025-10-27,11.79,446,0,11.56,53,0,33700,75000,1
S24,Midwest,2025-11-03,10.93,530,0,12.02,45,0,33700,75000,1
S24,Midwest,2025-11-10,10.53,317,0,10.79,43,0,33700,75000,1
S24,Midwest,2025-11-17,10.45,395,0,10.97,43,0,33700,75000,1
S24,Midwest,2025-11-24,12.55,784,0,11.37,34,1,33700,75000,1
S24,Midwest,2025-12-01,10.6,706,1,11.92,33,0,33700,75000,1
S24,Midwest,2025-12-08,10.74,618,0,11.62,20,0,33700,75000,1
S24,Midwest,2025-12-15,10.92,463,0,10.16,31,0,33700,75000,1
S24,Midwest,2025-12-22,10.65,663,0,11.19,15,1,33700,75000,1
S24,Midwest,2025-12-29,11.8,1098,0,11.83,26,1,33700,75000,1
S24,Midwest,2026-01-05,12.22,662,0,11.5,25,0,33700,75000,1
S24,Midwest,2026-01-12,11.22,541,0,11.96,29,0,33700,75000,1
S24,Midwest,2026-01-19,12.22,951,0,11.85,27,0,33700,75000,1
S24,Midwest,2026-01-26,12.07,734,0,11.86,19,0,33700,75000,1
S24,Midwest,2026-02-02,11.19,537,0,11.6,25,0,33700,75000,1
S24,Midwest,2026-02-09,12.23,802,1,11.37,27,0,33700,75000,1
S24,Midwest,2026-02-16,11.81,806,0,12.09,26,0,33700,75000,1
S24,Midwest,2026-02-23,10.9,704,0,11.07,22,0,33700,75000,1
S24,Midwest,2026-03-02,11.61,498,0,11.71,26,0,33700,75000,1
S24,Midwest,2026-03-09,11.06,408,0,11.1,39,0,33700,75000,1
S24,Midwest,2026-03-16,11.51,468,0,11.34,47,0,33700,75000,1
S24,Midwest,2026-03-23,11.05,432,0,10.85,39,0,33700,75000,1
S24,Midwest,2026-03-30,11.95,698,0,12.37,46,0,33700,75000,1
S24,Midwest,2026-04-06,12.69,619,0,11.63,44,0,33700,75000,1
S24,Midwest,2026-04-13,12.43,613,1,11.48,51,0,33700,75000,1
S24,Midwest,2026-04-20,11.17,506,0,11.51,50,0,33700,75000,1
S24,Midwest,2026-04-27,12.79,478,0,11.09,51,0,33700,75000,1
S24,Midwest,2026-05-04,12.32,427,0,11.52,58,0,33700,75000,1
S24,Midwest,2026-05-11,12.49,441,0,11.89,58,0,33700,75000,1
S24,Midwest,2026-05-18,11.67,413,0,11.77,67,0,33700,75000,1
S24,Midwest,2026-05-25,11.05,473,0,11.48,68,1,33700,75000,1
S24,Midwest,2026-06-01,11.44,340,0,11.22,69,0,33700,75000,1
S24,Midwest,2026-06-08,11.45,292,0,11.15,70,0,33700,75000,1
S24,Midwest,2026-06-15,12.06,338,1,11.61,63,0,33700,75000,1
S24,Midwest,2026-06-22,12.11,300,0,12.06,74,0,33700,75000,1
S24,Midwest,2026-06-29,11.33,467,0,11.73,72,1,33700,75000,1
S24,Midwest,2026-07-06,11.02,276,0,11.1,78,0,33700,75000,1
S24,Midwest,2026-07-13,12.06,236,0,11.36,72,0,33700,75000,1
S24,Midwest,2026-07-20,10.37,210,1,10.18,72,0,33700,75000,1
S24,Midwest,2026-07-27,10.39,164,0,10.98,76,0,33700,75000,1
S24,Midwest,2026-08-03,11.14,333,0,11.54,72,0,33700,75000,1
S24,Midwest,2026-08-10,11.33,351,0,11.0,76,0,33700,75000,1
S24,Midwest,2026-08-17,11.38,288,0,10.77,69,0,33700,75000,1
S24,Midwest,2026-08-24,12.49,334,0,11.71,79,0,33700,75000,1
S24,Midwest,2026-08-31,13.66,432,0,12.45,68,0,33700,75000,1
S24,Midwest,2026-09-07,13.05,424,0,12.09,70,1,33700,75000,1
S24,Midwest,2026-09-14,11.59,435,0,11.07,64,0,33700,75000,1
S24,Midwest,2026-09-21,12.5,372,1,12.52,65,0,33700,75000,1
S25,Midwest,2023-10-02,12.67,527,0,11.39,52,0,41500,77000,0
S25,Midwest,2023-10-09,11.31,525,0,12.6,56,0,41500,77000,0
S25,Midwest,2023-10-16,12.15,610,0,12.08,53,0,41500,77000,0
S25,Midwest,2023-10-23,11.0,711,1,11.57,48,0,41500,77000,0
S25,Midwest,2023-10-30,11.34,628,1,11.99,51,0,41500,77000,0
S25,Midwest,2023-11-06,11.65,595,0,11.6,41,0,41500,77000,0
S25,Midwest,2023-11-13,10.63,647,0,12.73,39,0,41500,77000,0
S25,Midwest,2023-11-20,10.71,765,0,12.4,32,1,41500,77000,0
S25,Midwest,2023-11-27,11.69,604,0,11.53,40,0,41500,77000,0
S25,Midwest,2023-12-04,11.39,964,0,12.56,30,0,41500,77000,0
S25,Midwest,2023-12-11,11.69,957,0,12.29,31,0,41500,77000,0
S25,Midwest,2023-12-18,12.16,1249,0,13.16,34,0,41500,77000,0
S25,Midwest,2023-12-25,13.36,1468,0,12.66,32,1,41500,77000,0
S25,Midwest,2024-01-01,12.36,1301,0,12.1,34,1,41500,77000,0
S25,Midwest,2024-01-08,13.51,1420,0,13.49,23,0,41500,77000,0
S25,Midwest,2024-01-15,12.33,1425,0,12.13,26,0,41500,77000,0
S25,Midwest,2024-01-22,12.35,1440,0,12.6,26,0,41500,77000,0
S25,Midwest,2024-01-29,11.12,1212,1,12.86,28,0,41500,77000,0
S25,Midwest,2024-02-05,12.04,923,0,12.37,29,0,41500,77000,0
S25,Midwest,2024-02-12,12.88,835,0,11.89,33,0,41500,77000,0
S25,Midwest,2024-02-19,12.01,1011,0,11.61,27,0,41500,77000,0
S25,Midwest,2024-02-26,11.34,968,0,11.89,27,0,41500,77000,0
S25,Midwest,2024-03-04,11.03,900,0,11.44,36,0,41500,77000,0
S25,Midwest,2024-03-11,12.15,1038,0,12.07,33,0,41500,77000,0
S25,Midwest,2024-03-18,12.18,1346,0,12.04,26,0,41500,77000,0
S25,Midwest,2024-03-25,12.14,918,0,12.67,45,0,41500,77000,0
S25,Midwest,2024-04-01,12.52,778,0,12.44,40,0,41500,77000,0
S25,Midwest,2024-04-08,12.35,511,0,11.33,49,0,41500,77000,0
S25,Midwest,2024-04-15,12.71,785,1,12.83,43,0,41500,77000,0
S25,Midwest,2024-04-22,12.19,602,0,12.25,53,0,41500,77000,0
S25,Midwest,2024-04-29,12.5,638,0,12.0,50,0,41500,77000,0
S25,Midwest,2024-05-06,11.25,410,1,11.57,55,0,41500,77000,0
S25,Midwest,2024-05-13,13.0,375,0,11.15,57,0,41500,77000,0
S25,Midwest,2024-05-20,11.6,384,0,10.99,61,0,41500,77000,0
S25,Midwest,2024-05-27,11.44,613,1,11.92,63,1,41500,77000,0
S25,Midwest,2024-06-03,11.78,262,0,10.99,65,0,41500,77000,0
S25,Midwest,2024-06-10,13.17,369,0,12.11,71,0,41500,77000,0
S25,Midwest,2024-06-17,13.46,600,0,12.81,67,0,41500,77000,0
S25,Midwest,2024-06-24,13.64,585,0,13.35,62,0,41500,77000,0
S25,Midwest,2024-07-01,13.06,430,1,12.41,91,1,41500,77000,0
S25,Midwest,2024-07-08,12.85,466,0,12.13,75,0,41500,77000,0
S25,Midwest,2024-07-15,11.56,236,0,11.89,83,0,41500,77000,0
S25,Midwest,2024-07-22,11.47,309,0,11.55,72,0,41500,77000,0
S25,Midwest,2024-07-29,12.59,356,0,11.59,75,0,41500,77000,0
S25,Midwest,2024-08-05,12.36,444,0,11.94,73,0,41500,77000,0
S25,Midwest,2024-08-12,13.6,380,0,12.21,74,0,41500,77000,0
S25,Midwest,2024-08-19,12.34,444,0,11.91,68,0,41500,77000,0
S25,Midwest,2024-08-26,11.93,382,0,12.09,77,0,41500,77000,0
S25,Midwest,2024-09-02,12.13,654,0,10.73,71,1,41500,77000,0
S25,Midwest,2024-09-09,12.23,295,0,10.67,65,0,41500,77000,0
S25,Midwest,2024-09-16,12.35,473,0,11.2,63,0,41500,77000,0
S25,Midwest,2024-09-23,13.49,619,0,11.7,62,0,41500,77000,0
S25,Midwest,2024-09-30,12.98,606,0,12.37,49,0,41500,77000,0
S25,Midwest,2024-10-07,13.37,796,0,13.6,60,0,41500,77000,0
S25,Midwest,2024-10-14,12.95,704,0,12.85,51,0,41500,77000,0
S25,Midwest,2024-10-21,13.03,723,0,13.28,47,0,41500,77000,0
S25,Midwest,2024-10-28,12.66,1009,0,13.55,43,0,41500,77000,0
S25,Midwest,2024-11-04,12.47,1093,1,13.45,38,0,41500,77000,0
S25,Midwest,2024-11-11,14.19,871,0,12.73,45,0,41500,77000,0
S25,Midwest,2024-11-18,11.3,636,0,12.36,35,0,41500,77000,0
S25,Midwest,2024-11-25,11.13,1052,0,12.21,36,1,41500,77000,0
S25,Midwest,2024-12-02,12.91,989,0,12.51,40,0,41500,77000,0
S25,Midwest,2024-12-09,12.22,1346,0,13.63,22,0,41500,77000,0
S25,Midwest,2024-12-16,11.86,1187,1,13.02,29,0,41500,77000,0
S25,Midwest,2024-12-23,13.02,1046,0,12.72,33,1,41500,77000,0
S25,Midwest,2024-12-30,12.65,995,0,11.98,30,1,41500,77000,0
S25,Midwest,2025-01-06,11.72,1040,0,12.38,19,0,41500,77000,0
S25,Midwest,2025-01-13,12.19,906,0,11.82,24,0,41500,77000,0
S25,Midwest,2025-01-20,11.12,614,0,11.16,24,0,41500,77000,0
S25,Midwest,2025-01-27,11.25,650,0,11.07,29,0,41500,77000,0
S25,Midwest,2025-02-03,11.36,1040,0,11.84,25,0,41500,77000,0
S25,Midwest,2025-02-10,11.94,629,0,11.04,28,0,41500,77000,0
S25,Midwest,2025-02-17,12.04,499,0,11.73,25,0,41500,77000,0
S25,Midwest,2025-02-24,10.72,836,0,10.93,31,0,41500,77000,0
S25,Midwest,2025-03-03,11.49,786,0,11.27,31,0,41500,77000,0
S25,Midwest,2025-03-10,12.09,984,0,12.87,35,0,41500,77000,0
S25,Midwest,2025-03-17,11.82,877,1,11.1,27,0,41500,77000,0
S25,Midwest,2025-03-24,12.28,632,0,12.12,41,0,41500,77000,0
S25,Midwest,2025-03-31,10.9,638,0,11.93,38,0,41500,77000,0
S25,Midwest,2025-04-07,12.47,855,0,11.57,37,0,41500,77000,0
S25,Midwest,2025-04-14,12.46,595,0,12.21,44,0,41500,77000,0
S25,Midwest,2025-04-21,12.14,703,0,11.63,47,0,41500,77000,0
S25,Midwest,2025-04-28,11.48,479,0,10.96,48,0,41500,77000,0
S25,Midwest,2025-05-05,12.13,503,0,10.72,56,0,41500,77000,0
S25,Midwest,2025-05-12,12.77,539,0,12.07,52,0,41500,77000,0
S25,Midwest,2025-05-19,12.53,466,0,11.89,63,0,41500,77000,0
S25,Midwest,2025-05-26,12.23,970,0,11.32,67,1,41500,77000,0
S25,Midwest,2025-06-02,11.12,533,1,11.85,55,0,41500,77000,0
S25,Midwest,2025-06-09,10.75,311,0,10.52,77,0,41500,77000,0
S25,Midwest,2025-06-16,11.7,349,0,12.02,72,0,41500,77000,0
S25,Midwest,2025-06-23,12.48,497,0,11.97,77,0,41500,77000,0
S25,Midwest,2025-06-30,11.36,616,0,11.67,71,1,41500,77000,0
S25,Midwest,2025-07-07,11.97,479,0,11.76,75,0,41500,77000,0
S25,Midwest,2025-07-14,10.39,349,0,11.64,72,0,41500,77000,0
S25,Midwest,2025-07-21,12.22,433,0,12.45,82,0,41500,77000,0
S25,Midwest,2025-07-28,13.09,695,1,12.1,68,0,41500,77000,0
S25,Midwest,2025-08-04,12.75,426,0,12.65,81,0,41500,77000,0
S25,Midwest,2025-08-11,13.24,525,0,12.87,77,0,41500,77000,0
S25,Midwest,2025-08-18,12.21,517,0,12.12,66,0,41500,77000,0
S25,Midwest,2025-08-25,11.88,427,0,10.88,64,0,41500,77000,0
S25,Midwest,2025-09-01,11.06,568,0,11.55,70,1,41500,77000,0
S25,Midwest,2025-09-08,12.38,500,0,11.42,70,0,41500,77000,0
S25,Midwest,2025-09-15,11.78,453,0,11.65,62,0,41500,77000,0
S25,Midwest,2025-09-22,11.8,503,1,11.28,61,0,41500,77000,0
S25,Midwest,2025-09-29,12.17,655,0,12.69,56,0,41500,77000,0
S25,Midwest,2025-10-06,11.38,575,0,11.91,59,0,41500,77000,0
S25,Midwest,2025-10-13,12.47,553,0,12.0,50,0,41500,77000,0
S25,Midwest,2025-10-20,11.71,621,0,11.48,46,0,41500,77000,0
S25,Midwest,2025-10-27,11.46,527,0,11.15,41,0,41500,77000,0
S25,Midwest,2025-11-03,11.52,679,0,11.6,42,0,41500,77000,0
S25,Midwest,2025-11-10,10.71,536,0,10.41,47,0,41500,77000,0
S25,Midwest,2025-11-17,10.98,577,0,10.9,41,0,41500,77000,0
S25,Midwest,2025-11-24,11.23,794,0,12.03,38,1,41500,77000,0
S25,Midwest,2025-12-01,10.36,833,1,11.16,37,0,41500,77000,0
S25,Midwest,2025-12-08,10.53,778,0,11.25,36,0,41500,77000,0
S25,Midwest,2025-12-15,10.7,500,0,11.7,30,0,41500,77000,0
S25,Midwest,2025-12-22,10.92,818,0,11.18,33,1,41500,77000,0
S25,Midwest,2025-12-29,12.07,1093,0,11.75,18,1,41500,77000,0
S25,Midwest,2026-01-05,11.13,1171,0,11.9,25,0,41500,77000,0
S25,Midwest,2026-01-12,12.1,801,0,12.35,16,0,41500,77000,0
S25,Midwest,2026-01-19,11.22,883,0,11.68,22,0,41500,77000,0
S25,Midwest,2026-01-26,11.32,1176,0,12.18,23,0,41500,77000,0
S25,Midwest,2026-02-02,11.84,1032,0,11.1,24,0,41500,77000,0
S25,Midwest,2026-02-09,12.19,1153,1,11.77,26,0,41500,77000,0
S25,Midwest,2026-02-16,12.23,1521,0,13.15,30,0,41500,77000,0
S25,Midwest,2026-02-23,11.02,997,0,11.21,27,0,41500,77000,0
S25,Midwest,2026-03-02,12.8,919,0,12.53,23,0,41500,77000,0
S25,Midwest,2026-03-09,11.43,496,0,11.0,45,0,41500,77000,0
S25,Midwest,2026-03-16,11.18,623,0,10.92,28,0,41500,77000,0
S25,Midwest,2026-03-23,10.74,474,0,10.67,45,0,41500,77000,0
S25,Midwest,2026-03-30,12.12,915,0,11.98,40,0,41500,77000,0
S25,Midwest,2026-04-06,12.97,692,0,12.22,40,0,41500,77000,0
S25,Midwest,2026-04-13,11.36,786,1,11.55,54,0,41500,77000,0
S25,Midwest,2026-04-20,11.64,531,0,11.6,55,0,41500,77000,0
S25,Midwest,2026-04-27,12.76,774,0,11.74,48,0,41500,77000,0
S25,Midwest,2026-05-04,12.55,496,0,10.5,61,0,41500,77000,0
S25,Midwest,2026-05-11,11.51,526,0,11.62,51,0,41500,77000,0
S25,Midwest,2026-05-18,11.75,543,0,11.91,59,0,41500,77000,0
S25,Midwest,2026-05-25,11.64,583,0,12.07,67,1,41500,77000,0
S25,Midwest,2026-06-01,11.06,415,0,10.55,64,0,41500,77000,0
S25,Midwest,2026-06-08,12.08,498,0,12.36,66,0,41500,77000,0
S25,Midwest,2026-06-15,12.32,512,1,11.83,77,0,41500,77000,0
S25,Midwest,2026-06-22,12.76,500,0,12.34,73,0,41500,77000,0
S25,Midwest,2026-06-29,12.03,419,0,10.45,74,1,41500,77000,0
S25,Midwest,2026-07-06,11.33,318,0,10.76,72,0,41500,77000,0
S25,Midwest,2026-07-13,12.07,301,0,11.05,72,0,41500,77000,0
S25,Midwest,2026-07-20,10.87,216,1,10.47,85,0,41500,77000,0
S25,Midwest,2026-07-27,12.04,177,0,10.63,81,0,41500,77000,0
S25,Midwest,2026-08-03,11.75,442,0,10.78,72,0,41500,77000,0
S25,Midwest,2026-08-10,11.52,446,0,10.47,68,0,41500,77000,0
S25,Midwest,2026-08-17,11.64,398,0,10.82,64,0,41500,77000,0
S25,Midwest,2026-08-24,12.36,435,0,12.15,66,0,41500,77000,0
S25,Midwest,2026-08-31,12.87,602,0,12.07,62,0,41500,77000,0
S25,Midwest,2026-09-07,12.93,564,0,12.16,68,1,41500,77000,0
S25,Midwest,2026-09-14,11.56,503,0,11.26,66,0,41500,77000,0
S25,Midwest,2026-09-21,12.79,524,1,11.96,58,0,41500,77000,0
S26,Midwest,2023-10-02,12.31,627,0,11.86,55,0,34700,43000,1
S26,Midwest,2023-10-09,11.04,892,0,12.65,52,0,34700,43000,1
S26,Midwest,2023-10-16,12.17,747,0,11.48,54,0,34700,43000,1
S26,Midwest,2023-10-23,11.41,835,1,11.22,55,0,34700,43000,1
S26,Midwest,2023-10-30,11.85,850,1,11.32,42,0,34700,43000,1
S26,Midwest,2023-11-06,12.36,827,0,11.53,47,0,34700,43000,1
S26,Midwest,2023-11-13,12.5,986,0,11.69,36,0,34700,43000,1
S26,Midwest,2023-11-20,11.73,1028,0,11.09,34,1,34700,43000,1
S26,Midwest,2023-11-27,11.39,665,0,10.75,34,0,34700,43000,1
S26,Midwest,2023-12-04,11.99,1098,0,12.01,34,0,34700,43000,1
S26,Midwest,2023-12-11,11.8,1138,0,11.23,30,0,34700,43000,1
S26,Midwest,2023-12-18,12.59,1341,0,12.24,37,0,34700,43000,1
S26,Midwest,2023-12-25,13.43,1677,0,12.57,21,1,34700,43000,1
S26,Midwest,2024-01-01,12.9,1826,0,12.65,29,1,34700,43000,1
S26,Midwest,2024-01-08,12.74,1512,0,12.81,24,0,34700,43000,1
S26,Midwest,2024-01-15,12.0,1514,0,12.87,30,0,34700,43000,1
S26,Midwest,2024-01-22,12.14,1707,0,12.27,19,0,34700,43000,1
S26,Midwest,2024-01-29,11.29,2012,1,13.28,21,0,34700,43000,1
S26,Midwest,2024-02-05,11.24,1253,0,13.14,27,0,34700,43000,1
S26,Midwest,2024-02-12,12.5,1261,0,12.67,23,0,34700,43000,1
S26,Midwest,2024-02-19,11.46,1191,0,12.27,23,0,34700,43000,1
S26,Midwest,2024-02-26,11.72,944,0,11.99,28,0,34700,43000,1
S26,Midwest,2024-03-04,11.19,1032,0,11.41,32,0,34700,43000,1
S26,Midwest,2024-03-11,12.22,897,0,11.72,41,0,34700,43000,1
S26,Midwest,2024-03-18,11.91,1036,0,11.99,33,0,34700,43000,1
S26,Midwest,2024-03-25,12.41,1469,0,12.63,28,0,34700,43000,1
S26,Midwest,2024-04-01,12.63,1228,0,12.46,39,0,34700,43000,1
S26,Midwest,2024-04-08,12.67,616,0,11.78,46,0,34700,43000,1
S26,Midwest,2024-04-15,12.78,633,1,12.63,51,0,34700,43000,1
S26,Midwest,2024-04-22,12.62,676,0,12.05,48,0,34700,43000,1
S26,Midwest,2024-04-29,12.56,676,0,12.86,55,0,34700,43000,1
S26,Midwest,2024-05-06,11.7,588,1,11.45,59,0,34700,43000,1
S26,Midwest,2024-05-13,12.54,403,0,11.88,60,0,34700,43000,1
S26,Midwest,2024-05-20,11.33,511,0,10.8,55,0,34700,43000,1
S26,Midwest,2024-05-27,11.65,895,1,12.27,62,1,34700,43000,1
S26,Midwest,2024-06-03,11.6,366,0,12.31,71,0,34700,43000,1
S26,Midwest,2024-06-10,12.7,466,0,12.44,70,0,34700,43000,1
S26,Midwest,2024-06-17,13.17,538,0,13.32,74,0,34700,43000,1
S26,Midwest,2024-06-24,13.6,695,0,11.76,63,0,34700,43000,1
S26,Midwest,2024-07-01,14.09,1038,1,12.4,72,1,34700,43000,1
S26,Midwest,2024-07-08,12.68,520,0,11.4,68,0,34700,43000,1
S26,Midwest,2024-07-15,12.47,294,0,11.56,81,0,34700,43000,1
S26,Midwest,2024-07-22,11.77,281,0,11.38,73,0,34700,43000,1
S26,Midwest,2024-07-29,12.56,385,0,12.01,67,0,34700,43000,1
S26,Midwest,2024-08-05,12.67,840,0,12.17,65,0,34700,43000,1
S26,Midwest,2024-08-12,12.76,508,0,12.93,65,0,34700,43000,1
S26,Midwest,2024-08-19,12.73,436,0,11.27,78,0,34700,43000,1
S26,Midwest,2024-08-26,11.65,361,0,10.93,69,0,34700,43000,1
S26,Midwest,2024-09-02,11.92,631,0,11.29,64,1,34700,43000,1
S26,Midwest,2024-09-09,12.27,370,0,11.15,67,0,34700,43000,1
S26,Midwest,2024-09-16,11.65,505,0,11.67,62,0,34700,43000,1
S26,Midwest,2024-09-23,12.83,561,0,12.41,57,0,34700,43000,1
S26,Midwest,2024-09-30,13.54,765,0,12.5,51,0,34700,43000,1
S26,Midwest,2024-10-07,13.3,951,0,13.6,55,0,34700,43000,1
S26,Midwest,2024-10-14,12.03,728,0,12.2,46,0,34700,43000,1
S26,Midwest,2024-10-21,13.52,652,0,13.03,50,0,34700,43000,1
S26,Midwest,2024-10-28,13.21,881,0,13.81,53,0,34700,43000,1
S26,Midwest,2024-11-04,12.65,942,1,13.27,43,0,34700,43000,1
S26,Midwest,2024-11-11,13.48,1069,0,13.51,43,0,34700,43000,1
S26,Midwest,2024-11-18,13.21,1098,0,12.31,41,0,34700,43000,1
S26,Midwest,2024-11-25,11.99,1078,0,12.0,38,1,34700,43000,1
S26,Midwest,2024-12-02,13.11,987,0,13.18,31,0,34700,43000,1
S26,Midwest,2024-12-09,13.23,1341,0,13.52,34,0,34700,43000,1
S26,Midwest,2024-12-16,10.85,1431,1,12.84,25,0,34700,43000,1
S26,Midwest,2024-12-23,12.58,1152,0,11.98,31,1,34700,43000,1
S26,Midwest,2024-12-30,12.18,869,0,11.93,24,1,34700,43000,1
S26,Midwest,2025-01-06,12.08,997,0,11.66,32,0,34700,43000,1
S26,Midwest,2025-01-13,12.48,1143,0,12.31,22,0,34700,43000,1
S26,Midwest,2025-01-20,11.47,924,0,10.53,32,0,34700,43000,1
S26,Midwest,2025-01-27,11.63,687,0,10.66,25,0,34700,43000,1
S26,Midwest,2025-02-03,10.62,680,0,11.01,21,0,34700,43000,1
S26,Midwest,2025-02-10,10.8,595,0,10.45,29,0,34700,43000,1
S26,Midwest,2025-02-17,12.03,536,0,10.58,35,0,34700,43000,1
S26,Midwest,2025-02-24,11.95,1071,0,11.14,27,0,34700,43000,1
S26,Midwest,2025-03-03,11.62,972,0,12.33,29,0,34700,43000,1
S26,Midwest,2025-03-10,12.98,1012,0,11.6,39,0,34700,43000,1
S26,Midwest,2025-03-17,11.77,1005,1,12.29,35,0,34700,43000,1
S26,Midwest,2025-03-24,11.25,668,0,11.29,35,0,34700,43000,1
S26,Midwest,2025-03-31,11.07,730,0,12.13,30,0,34700,43000,1
S26,Midwest,2025-04-07,13.09,1009,0,12.35,43,0,34700,43000,1
S26,Midwest,2025-04-14,13.64,1054,0,12.09,44,0,34700,43000,1
S26,Midwest,2025-04-21,11.84,637,0,12.24,55,0,34700,43000,1
S26,Midwest,2025-04-28,11.5,647,0,11.19,60,0,34700,43000,1
S26,Midwest,2025-05-05,11.43,585,0,12.71,54,0,34700,43000,1
S26,Midwest,2025-05-12,12.05,606,0,11.42,52,0,34700,43000,1
S26,Midwest,2025-05-19,11.31,463,0,11.23,61,0,34700,43000,1
S26,Midwest,2025-05-26,11.1,603,0,11.52,69,1,34700,43000,1
S26,Midwest,2025-06-02,11.45,532,1,10.95,74,0,34700,43000,1
S26,Midwest,2025-06-09,11.27,446,0,10.51,67,0,34700,43000,1
S26,Midwest,2025-06-16,12.26,440,0,12.62,78,0,34700,43000,1
S26,Midwest,2025-06-23,13.94,675,0,12.34,72,0,34700,43000,1
S26,Midwest,2025-06-30,12.46,699,0,12.22,69,1,34700,43000,1
S26,Midwest,2025-07-07,11.72,572,0,11.83,75,0,34700,43000,1
S26,Midwest,2025-07-14,11.81,604,0,12.04,70,0,34700,43000,1
S26,Midwest,2025-07-21,12.44,639,0,13.17,78,0,34700,43000,1
S26,Midwest,2025-07-28,12.41,617,1,12.7,75,0,34700,43000,1
S26,Midwest,2025-08-04,13.46,648,0,12.77,80,0,34700,43000,1
S26,Midwest,2025-08-11,13.42,688,0,12.82,65,0,34700,43000,1
S26,Midwest,2025-08-18,11.72,694,0,12.69,71,0,34700,43000,1
S26,Midwest,2025-08-25,12.11,445,0,12.39,82,0,34700,43000,1
S26,Midwest,2025-09-01,11.44,604,0,10.87,63,1,34700,43000,1
S26,Midwest,2025-09-08,11.69,590,0,12.84,64,0,34700,43000,1
S26,Midwest,2025-09-15,11.54,763,0,11.71,58,0,34700,43000,1
S26,Midwest,2025-09-22,12.35,611,1,11.76,67,0,34700,43000,1
S26,Midwest,2025-09-29,13.17,562,0,12.39,66,0,34700,43000,1
S26,Midwest,2025-10-06,11.77,576,0,11.49,48,0,34700,43000,1
S26,Midwest,2025-10-13,11.46,621,0,11.61,54,0,34700,43000,1
S26,Midwest,2025-10-20,11.09,474,0,11.15,52,0,34700,43000,1
S26,Midwest,2025-10-27,10.92,673,0,12.03,42,0,34700,43000,1
S26,Midwest,2025-11-03,11.82,773,0,12.16,42,0,34700,43000,1
S26,Midwest,2025-11-10,10.48,614,0,10.78,41,0,34700,43000,1
S26,Midwest,2025-11-17,10.72,382,0,10.46,52,0,34700,43000,1
S26,Midwest,2025-11-24,12.35,865,0,11.51,25,1,34700,43000,1
S26,Midwest,2025-12-01,10.64,993,1,10.97,42,0,34700,43000,1
S26,Midwest,2025-12-08,10.89,959,0,11.18,32,0,34700,43000,1
S26,Midwest,2025-12-15,11.02,752,0,11.01,29,0,34700,43000,1
S26,Midwest,2025-12-22,10.64,1099,0,11.08,24,1,34700,43000,1
S26,Midwest,2025-12-29,11.68,1112,0,11.56,26,1,34700,43000,1
S26,Midwest,2026-01-05,11.4,1116,0,11.64,30,0,34700,43000,1
S26,Midwest,2026-01-12,11.57,781,0,11.12,29,0,34700,43000,1
S26,Midwest,2026-01-19,11.34,1236,0,11.55,18,0,34700,43000,1
S26,Midwest,2026-01-26,11.84,1007,0,11.4,23,0,34700,43000,1
S26,Midwest,2026-02-02,11.5,1255,0,12.1,20,0,34700,43000,1
S26,Midwest,2026-02-09,11.94,1501,1,12.29,25,0,34700,43000,1
S26,Midwest,2026-02-16,12.75,1512,0,11.78,18,0,34700,43000,1
S26,Midwest,2026-02-23,10.11,904,0,11.07,26,0,34700,43000,1
S26,Midwest,2026-03-02,11.73,776,0,11.26,33,0,34700,43000,1
S26,Midwest,2026-03-09,12.21,898,0,11.19,32,0,34700,43000,1
S26,Midwest,2026-03-16,10.79,645,0,10.6,36,0,34700,43000,1
S26,Midwest,2026-03-23,11.09,833,0,12.08,28,0,34700,43000,1
S26,Midwest,2026-03-30,12.23,1124,0,12.85,34,0,34700,43000,1
S26,Midwest,2026-04-06,12.66,1257,0,12.85,38,0,34700,43000,1
S26,Midwest,2026-04-13,12.16,942,1,11.92,50,0,34700,43000,1
S26,Midwest,2026-04-20,11.28,600,0,10.92,66,0,34700,43000,1
S26,Midwest,2026-04-27,11.63,641,0,11.98,57,0,34700,43000,1
S26,Midwest,2026-05-04,12.12,440,0,12.45,68,0,34700,43000,1
S26,Midwest,2026-05-11,11.91,515,0,11.47,67,0,34700,43000,1
S26,Midwest,2026-05-18,11.61,606,0,11.91,61,0,34700,43000,1
S26,Midwest,2026-05-25,11.11,687,0,11.32,60,1,34700,43000,1
S26,Midwest,2026-06-01,11.98,519,0,11.2,71,0,34700,43000,1
S26,Midwest,2026-06-08,12.15,527,0,12.26,69,0,34700,43000,1
S26,Midwest,2026-06-15,12.02,429,1,11.86,74,0,34700,43000,1
S26,Midwest,2026-06-22,11.8,436,0,12.45,74,0,34700,43000,1
S26,Midwest,2026-06-29,11.61,614,0,10.91,76,1,34700,43000,1
S26,Midwest,2026-07-06,10.99,391,0,11.25,71,0,34700,43000,1
S26,Midwest,2026-07-13,11.96,384,0,11.51,71,0,34700,43000,1
S26,Midwest,2026-07-20,10.39,442,1,11.02,72,0,34700,43000,1
S26,Midwest,2026-07-27,11.21,250,0,11.03,82,0,34700,43000,1
S26,Midwest,2026-08-03,11.54,386,0,11.39,76,0,34700,43000,1
S26,Midwest,2026-08-10,10.93,338,0,10.55,78,0,34700,43000,1
S26,Midwest,2026-08-17,11.33,408,0,11.72,68,0,34700,43000,1
S26,Midwest,2026-08-24,12.38,500,0,11.44,67,0,34700,43000,1
S26,Midwest,2026-08-31,12.91,787,0,12.07,63,0,34700,43000,1
S26,Midwest,2026-09-07,12.68,603,0,12.84,71,1,34700,43000,1
S26,Midwest,2026-09-14,10.84,578,0,11.26,65,0,34700,43000,1
S26,Midwest,2026-09-21,12.83,751,1,12.7,67,0,34700,43000,1
S27,Midwest,2023-10-02,12.03,433,0,12.16,62,0,39100,82000,1
S27,Midwest,2023-10-09,11.54,676,0,11.62,57,0,39100,82000,1
S27,Midwest,2023-10-16,12.75,608,0,11.36,46,0,39100,82000,1
S27,Midwest,2023-10-23,10.77,800,1,12.05,41,0,39100,82000,1
S27,Midwest,2023-10-30,11.47,576,1,11.49,55,0,39100,82000,1
S27,Midwest,2023-11-06,11.63,585,0,11.71,46,0,39100,82000,1
S27,Midwest,2023-11-13,11.32,608,0,11.81,44,0,39100,82000,1
S27,Midwest,2023-11-20,11.72,767,0,11.74,25,1,39100,82000,1
S27,Midwest,2023-11-27,11.95,772,0,11.98,31,0,39100,82000,1
S27,Midwest,2023-12-04,10.91,928,0,11.93,30,0,39100,82000,1
S27,Midwest,2023-12-11,11.31,698,0,11.81,40,0,39100,82000,1
S27,Midwest,2023-12-18,13.33,1426,0,13.27,28,0,39100,82000,1
S27,Midwest,2023-12-25,12.46,1352,0,13.14,35,1,39100,82000,1
S27,Midwest,2024-01-01,12.58,1222,0,11.63,30,1,39100,82000,1
S27,Midwest,2024-01-08,12.58,934,0,13.06,24,0,39100,82000,1
S27,Midwest,2024-01-15,12.31,1365,0,13.59,24,0,39100,82000,1
S27,Midwest,2024-01-22,12.1,1165,0,12.74,33,0,39100,82000,1
S27,Midwest,2024-01-29,11.3,1492,1,13.55,17,0,39100,82000,1
S27,Midwest,2024-02-05,12.46,1233,0,12.72,30,0,39100,82000,1
S27,Midwest,2024-02-12,13.06,1031,0,11.81,25,0,39100,82000,1
S27,Midwest,2024-02-19,11.7,714,0,11.4,37,0,39100,82000,1
S27,Midwest,2024-02-26,12.57,955,0,11.33,23,0,39100,82000,1
S27,Midwest,2024-03-04,11.1,855,0,11.87,34,0,39100,82000,1
S27,Midwest,2024-03-11,12.55,970,0,13.0,27,0,39100,82000,1
S27,Midwest,2024-03-18,11.2,854,0,12.17,32,0,39100,82000,1
S27,Midwest,2024-03-25,12.02,982,0,12.94,39,0,39100,82000,1
S27,Midwest,2024-04-01,11.9,602,0,11.91,35,0,39100,82000,1
S27,Midwest,2024-04-08,12.54,614,0,12.13,37,0,39100,82000,1
S27,Midwest,2024-04-15,12.07,492,1,11.93,50,0,39100,82000,1
S27,Midwest,2024-04-22,12.61,540,0,12.36,52,0,39100,82000,1
S27,Midwest,2024-04-29,12.86,468,0,11.8,52,0,39100,82000,1
S27,Midwest,2024-05-06,11.75,439,1,11.99,52,0,39100,82000,1
S27,Midwest,2024-05-13,11.43,588,0,11.78,49,0,39100,82000,1
S27,Midwest,2024-05-20,11.94,364,0,11.94,59,0,39100,82000,1
S27,Midwest,2024-05-27,11.86,472,1,11.7,68,1,39100,82000,1
S27,Midwest,2024-06-03,12.05,366,0,12.1,59,0,39100,82000,1
S27,Midwest,2024-06-10,13.14,498,0,13.4,61,0,39100,82000,1
S27,Midwest,2024-06-17,13.39,461,0,12.38,71,0,39100,82000,1
S27,Midwest,2024-06-24,12.85,476,0,12.7,69,0,39100,82000,1
S27,Midwest,2024-07-01,13.54,863,1,12.2,67,1,39100,82000,1
S27,Midwest,2024-07-08,12.11,366,0,12.1,80,0,39100,82000,1
S27,Midwest,2024-07-15,12.28,291,0,11.77,69,0,39100,82000,1
S27,Midwest,2024-07-22,12.21,286,0,11.8,65,0,39100,82000,1
S27,Midwest,2024-07-29,12.63,378,0,12.58,77,0,39100,82000,1
S27,Midwest,2024-08-05,12.44,365,0,11.7,66,0,39100,82000,1
S27,Midwest,2024-08-12,12.99,394,0,12.64,81,0,39100,82000,1
S27,Midwest,2024-08-19,12.31,340,0,11.44,67,0,39100,82000,1
S27,Midwest,2024-08-26,11.84,318,0,11.79,77,0,39100,82000,1
S27,Midwest,2024-09-02,11.0,453,0,10.96,64,1,39100,82000,1
S27,Midwest,2024-09-09,11.97,347,0,11.18,63,0,39100,82000,1
S27,Midwest,2024-09-16,10.77,342,0,12.3,69,0,39100,82000,1
S27,Midwest,2024-09-23,13.3,595,0,12.44,59,0,39100,82000,1
S27,Midwest,2024-09-30,12.26,403,0,12.06,53,0,39100,82000,1
S27,Midwest,2024-10-07,13.17,785,0,13.8,46,0,39100,82000,1
S27,Midwest,2024-10-14,11.96,631,0,12.51,47,0,39100,82000,1
S27,Midwest,2024-10-21,13.08,768,0,13.09,41,0,39100,82000,1
S27,Midwest,2024-10-28,13.31,734,0,13.52,48,0,39100,82000,1
S27,Midwest,2024-11-04,13.53,946,1,12.34,38,0,39100,82000,1
S27,Midwest,2024-11-11,12.6,948,0,13.07,37,0,39100,82000,1
S27,Midwest,2024-11-18,12.56,728,0,12.79,42,0,39100,82000,1
S27,Midwest,2024-11-25,11.57,849,0,11.94,42,1,39100,82000,1
S27,Midwest,2024-12-02,13.09,1037,0,12.82,28,0,39100,82000,1
S27,Midwest,2024-12-09,13.14,1124,0,13.43,31,0,39100,82000,1
S27,Midwest,2024-12-16,11.7,1222,1,11.86,36,0,39100,82000,1
S27,Midwest,2024-12-23,12.7,980,0,12.12,30,1,39100,82000,1
S27,Midwest,2024-12-30,11.69,864,0,12.3,22,1,39100,82000,1
S27,Midwest,2025-01-06,11.73,920,0,11.62,29,0,39100,82000,1
S27,Midwest,2025-01-13,12.49,826,0,12.07,16,0,39100,82000,1
S27,Midwest,2025-01-20,11.11,749,0,11.38,16,0,39100,82000,1
S27,Midwest,2025-01-27,11.04,525,0,10.91,23,0,39100,82000,1
S27,Midwest,2025-02-03,11.38,814,0,11.97,31,0,39100,82000,1
S27,Midwest,2025-02-10,10.96,524,0,11.0,27,0,39100,82000,1
S27,Midwest,2025-02-17,12.04,629,0,12.25,29,0,39100,82000,1
S27,Midwest,2025-02-24,11.59,746,0,10.51,35,0,39100,82000,1
S27,Midwest,2025-03-03,11.43,898,0,11.78,31,0,39100,82000,1
S27,Midwest,2025-03-10,11.74,838,0,12.07,29,0,39100,82000,1
S27,Midwest,2025-03-17,11.71,862,1,11.51,37,0,39100,82000,1
S27,Midwest,2025-03-24,11.43,680,0,11.15,34,0,39100,82000,1
S27,Midwest,2025-03-31,11.55,585,0,11.07,43,0,39100,82000,1
S27,Midwest,2025-04-07,12.43,593,0,12.14,49,0,39100,82000,1
S27,Midwest,2025-04-14,12.23,636,0,11.4,45,0,39100,82000,1
S27,Midwest,2025-04-21,12.38,455,0,11.33,52,0,39100,82000,1
S27,Midwest,2025-04-28,10.53,322,0,10.6,55,0,39100,82000,1
S27,Midwest,2025-05-05,11.88,533,0,11.82,38,0,39100,82000,1
S27,Midwest,2025-05-12,12.15,456,0,11.53,56,0,39100,82000,1
S27,Midwest,2025-05-19,11.8,428,0,10.85,55,0,39100,82000,1
S27,Midwest,2025-05-26,12.39,572,0,11.23,80,1,39100,82000,1
S27,Midwest,2025-06-02,11.18,451,1,11.08,75,0,39100,82000,1
S27,Midwest,2025-06-09,10.67,299,0,10.72,75,0,39100,82000,1
S27,Midwest,2025-06-16,12.22,333,0,12.84,70,0,39100,82000,1
S27,Midwest,2025-06-23,12.09,305,0,11.77,72,0,39100,82000,1
S27,Midwest,2025-06-30,11.63,644,0,12.31,65,1,39100,82000,1
S27,Midwest,2025-07-07,11.48,406,0,11.95,78,0,39100,82000,1
S27,Midwest,2025-07-14,11.84,351,0,11.17,81,0,39100,82000,1
S27,Midwest,2025-07-21,13.17,459,0,12.05,74,0,39100,82000,1
S27,Midwest,2025-07-28,13.91,573,1,12.07,68,0,39100,82000,1
S27,Midwest,2025-08-04,12.47,412,0,12.18,79,0,39100,82000,1
S27,Midwest,2025-08-11,13.49,621,0,13.13,67,0,39100,82000,1
S27,Midwest,2025-08-18,11.64,505,0,12.35,70,0,39100,82000,1
S27,Midwest,2025-08-25,12.9,459,0,12.6,70,0,39100,82000,1
S27,Midwest,2025-09-01,11.37,389,0,11.0,71,1,39100,82000,1
S27,Midwest,2025-09-08,11.57,461,0,12.24,71,0,39100,82000,1
S27,Midwest,2025-09-15,11.09,343,0,11.33,66,0,39100,82000,1
S27,Midwest,2025-09-22,11.82,598,1,12.08,60,0,39100,82000,1
S27,Midwest,2025-09-29,12.55,538,0,12.45,67,0,39100,82000,1
S27,Midwest,2025-10-06,11.58,503,0,11.31,53,0,39100,82000,1
S27,Midwest,2025-10-13,12.33,544,0,12.3,55,0,39100,82000,1
S27,Midwest,2025-10-20,11.28,521,0,11.65,50,0,39100,82000,1
S27,Midwest,2025-10-27,11.76,666,0,11.75,38,0,39100,82000,1
S27,Midwest,2025-11-03,11.41,759,0,11.47,48,0,39100,82000,1
S27,Midwest,2025-11-10,10.63,374,0,11.26,39,0,39100,82000,1
S27,Midwest,2025-11-17,11.56,569,0,10.92,40,0,39100,82000,1
S27,Midwest,2025-11-24,11.3,901,0,11.43,30,1,39100,82000,1
S27,Midwest,2025-12-01,10.7,921,1,10.38,33,0,39100,82000,1
S27,Midwest,2025-12-08,10.37,839,0,12.08,33,0,39100,82000,1
S27,Midwest,2025-12-15,10.43,529,0,10.99,40,0,39100,82000,1
S27,Midwest,2025-12-22,10.65,613,0,10.51,36,1,39100,82000,1
S27,Midwest,2025-12-29,12.24,1051,0,11.42,32,1,39100,82000,1
S27,Midwest,2026-01-05,11.72,1103,0,12.33,13,0,39100,82000,1
S27,Midwest,2026-01-12,11.71,788,0,11.6,22,0,39100,82000,1
S27,Midwest,2026-01-19,11.6,1017,0,11.43,23,0,39100,82000,1
S27,Midwest,2026-01-26,11.36,693,0,12.23,29,0,39100,82000,1
S27,Midwest,2026-02-02,11.42,715,0,11.69,22,0,39100,82000,1
S27,Midwest,2026-02-09,12.37,1143,1,12.15,22,0,39100,82000,1
S27,Midwest,2026-02-16,12.14,1164,0,11.95,30,0,39100,82000,1
S27,Midwest,2026-02-23,10.73,873,0,12.01,26,0,39100,82000,1
S27,Midwest,2026-03-02,10.83,523,0,11.25,36,0,39100,82000,1
S27,Midwest,2026-03-09,10.74,627,0,11.5,25,0,39100,82000,1
S27,Midwest,2026-03-16,11.55,616,0,11.96,24,0,39100,82000,1
S27,Midwest,2026-03-23,11.61,645,0,11.25,49,0,39100,82000,1
S27,Midwest,2026-03-30,12.69,752,0,12.93,38,0,39100,82000,1
S27,Midwest,2026-04-06,12.31,626,0,11.95,47,0,39100,82000,1
S27,Midwest,2026-04-13,12.04,1016,1,12.44,37,0,39100,82000,1
S27,Midwest,2026-04-20,11.09,414,0,11.42,48,0,39100,82000,1
S27,Midwest,2026-04-27,11.68,576,0,11.16,48,0,39100,82000,1
S27,Midwest,2026-05-04,12.71,420,0,11.64,59,0,39100,82000,1
S27,Midwest,2026-05-11,11.61,425,0,10.86,55,0,39100,82000,1
S27,Midwest,2026-05-18,12.62,498,0,11.98,68,0,39100,82000,1
S27,Midwest,2026-05-25,10.72,693,0,11.49,55,1,39100,82000,1
S27,Midwest,2026-06-01,11.04,329,0,11.43,70,0,39100,82000,1
S27,Midwest,2026-06-08,12.5,456,0,12.0,68,0,39100,82000,1
S27,Midwest,2026-06-15,11.79,464,1,11.73,65,0,39100,82000,1
S27,Midwest,2026-06-22,12.22,461,0,11.36,74,0,39100,82000,1
S27,Midwest,2026-06-29,11.7,574,0,11.42,73,1,39100,82000,1
S27,Midwest,2026-07-06,11.02,323,0,10.83,75,0,39100,82000,1
S27,Midwest,2026-07-13,12.17,351,0,11.66,85,0,39100,82000,1
S27,Midwest,2026-07-20,10.59,225,1,10.75,77,0,39100,82000,1
S27,Midwest,2026-07-27,11.68,335,0,10.76,79,0,39100,82000,1
S27,Midwest,2026-08-03,11.98,368,0,10.54,70,0,39100,82000,1
S27,Midwest,2026-08-10,11.25,449,0,11.11,78,0,39100,82000,1
S27,Midwest,2026-08-17,12.05,323,0,10.89,77,0,39100,82000,1
S27,Midwest,2026-08-24,11.81,360,0,11.09,68,0,39100,82000,1
S27,Midwest,2026-08-31,13.41,517,0,12.58,62,0,39100,82000,1
S27,Midwest,2026-09-07,13.28,674,0,12.2,67,1,39100,82000,1
S27,Midwest,2026-09-14,10.99,491,0,11.63,62,0,39100,82000,1
S27,Midwest,2026-09-21,12.01,633,1,12.18,55,0,39100,82000,1
S28,Midwest,2023-10-02,11.94,260,0,12.21,55,0,31500,65000,1
S28,Midwest,2023-10-09,12.11,385,0,11.92,54,0,31500,65000,1
S28,Midwest,2023-10-16,11.33,372,0,12.22,50,0,31500,65000,1
S28,Midwest,2023-10-23,11.17,429,1,11.78,47,0,31500,65000,1
S28,Midwest,2023-10-30,11.9,434,1,11.21,46,0,31500,65000,1
S28,Midwest,2023-11-06,12.0,328,0,11.25,53,0,31500,65000,1
S28,Midwest,2023-11-13,11.03,416,0,12.33,43,0,31500,65000,1
S28,Midwest,2023-11-20,12.02,519,0,11.34,41,1,31500,65000,1
S28,Midwest,2023-11-27,11.43,355,0,12.19,37,0,31500,65000,1
S28,Midwest,2023-12-04,11.13,731,0,12.19,36,0,31500,65000,1
S28,Midwest,2023-12-11,12.67,511,0,12.31,43,0,31500,65000,1
S28,Midwest,2023-12-18,12.01,635,0,12.14,26,0,31500,65000,1
S28,Midwest,2023-12-25,12.79,467,0,12.39,33,1,31500,65000,1
S28,Midwest,2024-01-01,11.97,1135,0,13.33,18,1,31500,65000,1
S28,Midwest,2024-01-08,13.2,679,0,12.16,37,0,31500,65000,1
S28,Midwest,2024-01-15,12.34,693,0,12.42,24,0,31500,65000,1
S28,Midwest,2024-01-22,11.47,615,0,12.0,17,0,31500,65000,1
S28,Midwest,2024-01-29,12.05,1065,1,11.66,27,0,31500,65000,1
S28,Midwest,2024-02-05,11.5,629,0,12.56,24,0,31500,65000,1
S28,Midwest,2024-02-12,13.25,619,0,11.59,28,0,31500,65000,1
S28,Midwest,2024-02-19,11.03,577,0,12.33,21,0,31500,65000,1
S28,Midwest,2024-02-26,11.74,473,0,13.15,26,0,31500,65000,1
S28,Midwest,2024-03-04,10.82,495,0,12.46,28,0,31500,65000,1
S28,Midwest,2024-03-11,12.58,724,0,12.51,33,0,31500,65000,1
S28,Midwest,2024-03-18,12.39,606,0,12.89,40,0,31500,65000,1
S28,Midwest,2024-03-25,12.52,418,0,12.63,40,0,31500,65000,1
S28,Midwest,2024-04-01,12.11,320,0,11.58,40,0,31500,65000,1
S28,Midwest,2024-04-08,11.82,317,0,12.35,43,0,31500,65000,1
S28,Midwest,2024-04-15,12.62,374,1,12.0,40,0,31500,65000,1
S28,Midwest,2024-04-22,12.08,324,0,12.16,54,0,31500,65000,1
S28,Midwest,2024-04-29,13.4,315,0,12.17,56,0,31500,65000,1
S28,Midwest,2024-05-06,11.58,293,1,10.52,58,0,31500,65000,1
S28,Midwest,2024-05-13,11.63,150,0,12.05,54,0,31500,65000,1
S28,Midwest,2024-05-20,11.17,181,0,11.33,59,0,31500,65000,1
S28,Midwest,2024-05-27,11.72,416,1,12.3,59,1,31500,65000,1
S28,Midwest,2024-06-03,11.84,201,0,11.76,69,0,31500,65000,1
S28,Midwest,2024-06-10,12.99,183,0,12.18,75,0,31500,65000,1
S28,Midwest,2024-06-17,14.06,275,0,11.84,67,0,31500,65000,1
S28,Midwest,2024-06-24,12.85,263,0,13.75,70,0,31500,65000,1
S28,Midwest,2024-07-01,13.53,439,1,12.71,67,1,31500,65000,1
S28,Midwest,2024-07-08,11.87,234,0,12.37,80,0,31500,65000,1
S28,Midwest,2024-07-15,12.36,163,0,11.42,70,0,31500,65000,1
S28,Midwest,2024-07-22,12.86,202,0,11.89,75,0,31500,65000,1
S28,Midwest,2024-07-29,11.49,153,0,11.65,73,0,31500,65000,1
S28,Midwest,2024-08-05,12.96,210,0,11.73,78,0,31500,65000,1
S28,Midwest,2024-08-12,12.37,213,0,13.36,74,0,31500,65000,1
S28,Midwest,2024-08-19,12.53,242,0,12.6,71,0,31500,65000,1
S28,Midwest,2024-08-26,11.53,220,0,11.99,74,0,31500,65000,1
S28,Midwest,2024-09-02,10.71,277,0,10.76,56,1,31500,65000,1
S28,Midwest,2024-09-09,11.47,182,0,10.71,63,0,31500,65000,1
S28,Midwest,2024-09-16,12.32,236,0,11.74,64,0,31500,65000,1
S28,Midwest,2024-09-23,12.69,373,0,12.24,69,0,31500,65000,1
S28,Midwest,2024-09-30,12.55,306,0,12.03,58,0,31500,65000,1
S28,Midwest,2024-10-07,13.73,457,0,13.97,62,0,31500,65000,1
S28,Midwest,2024-10-14,12.72,321,0,13.76,48,0,31500,65000,1
S28,Midwest,2024-10-21,13.41,441,0,12.66,48,0,31500,65000,1
S28,Midwest,2024-10-28,14.07,607,0,12.67,45,0,31500,65000,1
S28,Midwest,2024-11-04,12.83,543,1,13.31,39,0,31500,65000,1
S28,Midwest,2024-11-11,13.87,600,0,12.54,39,0,31500,65000,1
S28,Midwest,2024-11-18,12.09,369,0,12.0,38,0,31500,65000,1
S28,Midwest,2024-11-25,12.49,667,0,12.21,36,1,31500,65000,1
S28,Midwest,2024-12-02,14.3,747,0,12.8,35,0,31500,65000,1
S28,Midwest,2024-12-09,12.89,551,0,13.89,34,0,31500,65000,1
S28,Midwest,2024-12-16,11.86,829,1,12.51,23,0,31500,65000,1
S28,Midwest,2024-12-23,12.86,441,0,12.4,34,1,31500,65000,1
S28,Midwest,2024-12-30,12.42,469,0,12.5,29,1,31500,65000,1
S28,Midwest,2025-01-06,12.18,535,0,11.1,35,0,31500,65000,1
S28,Midwest,2025-01-13,12.58,458,0,10.85,28,0,31500,65000,1
S28,Midwest,2025-01-20,11.13,399,0,11.43,21,0,31500,65000,1
S28,Midwest,2025-01-27,11.77,334,0,11.2,28,0,31500,65000,1
S28,Midwest,2025-02-03,10.27,476,0,11.71,30,0,31500,65000,1
S28,Midwest,2025-02-10,11.56,307,0,10.3,25,0,31500,65000,1
S28,Midwest,2025-02-17,10.66,277,0,11.0,24,0,31500,65000,1
S28,Midwest,2025-02-24,11.18,433,0,10.37,36,0,31500,65000,1
S28,Midwest,2025-03-03,10.58,317,0,11.99,37,0,31500,65000,1
S28,Midwest,2025-03-10,12.31,529,0,11.8,38,0,31500,65000,1
S28,Midwest,2025-03-17,13.25,613,1,11.37,37,0,31500,65000,1
S28,Midwest,2025-03-24,12.03,356,0,10.81,28,0,31500,65000,1
S28,Midwest,2025-03-31,11.23,325,0,11.34,45,0,31500,65000,1
S28,Midwest,2025-04-07,11.7,382,0,11.07,40,0,31500,65000,1
S28,Midwest,2025-04-14,12.4,331,0,12.02,51,0,31500,65000,1
S28,Midwest,2025-04-21,12.19,340,0,11.99,52,0,31500,65000,1
S28,Midwest,2025-04-28,11.09,331,0,10.52,49,0,31500,65000,1
S28,Midwest,2025-05-05,12.22,260,0,12.06,53,0,31500,65000,1
S28,Midwest,2025-05-12,12.2,345,0,12.14,66,0,31500,65000,1
S28,Midwest,2025-05-19,11.97,212,0,11.77,60,0,31500,65000,1
S28,Midwest,2025-05-26,11.28,378,0,11.38,64,1,31500,65000,1
S28,Midwest,2025-06-02,11.73,377,1,11.94,63,0,31500,65000,1
S28,Midwest,2025-06-09,11.54,165,0,11.01,61,0,31500,65000,1
S28,Midwest,2025-06-16,11.88,194,0,11.02,77,0,31500,65000,1
S28,Midwest,2025-06-23,12.88,241,0,13.24,68,0,31500,65000,1
S28,Midwest,2025-06-30,12.19,394,0,12.48,67,1,31500,65000,1
S28,Midwest,2025-07-07,11.76,252,0,12.21,71,0,31500,65000,1
S28,Midwest,2025-07-14,11.39,166,0,11.99,77,0,31500,65000,1
S28,Midwest,2025-07-21,12.19,265,0,12.43,71,0,31500,65000,1
S28,Midwest,2025-07-28,12.42,257,1,12.09,70,0,31500,65000,1
S28,Midwest,2025-08-04,12.49,249,0,12.29,77,0,31500,65000,1
S28,Midwest,2025-08-11,13.22,270,0,13.15,75,0,31500,65000,1
S28,Midwest,2025-08-18,12.1,256,0,12.61,79,0,31500,65000,1
S28,Midwest,2025-08-25,11.44,287,0,12.28,67,0,31500,65000,1
S28,Midwest,2025-09-01,10.48,256,0,10.47,66,1,31500,65000,1
S28,Midwest,2025-09-08,12.21,251,0,12.35,66,0,31500,65000,1
S28,Midwest,2025-09-15,11.98,215,0,11.6,68,0,31500,65000,1
S28,Midwest,2025-09-22,12.22,314,1,11.72,59,0,31500,65000,1
S28,Midwest,2025-09-29,13.01,374,0,11.97,59,0,31500,65000,1
S28,Midwest,2025-10-06,11.07,357,0,11.67,50,0,31500,65000,1
S28,Midwest,2025-10-13,11.5,249,0,11.63,60,0,31500,65000,1
S28,Midwest,2025-10-20,11.54,370,0,11.24,46,0,31500,65000,1
S28,Midwest,2025-10-27,10.66,380,0,12.14,38,0,31500,65000,1
S28,Midwest,2025-11-03,11.34,405,0,12.36,43,0,31500,65000,1
S28,Midwest,2025-11-10,10.67,240,0,11.31,40,0,31500,65000,1
S28,Midwest,2025-11-17,10.72,257,0,10.36,43,0,31500,65000,1
S28,Midwest,2025-11-24,12.12,366,0,10.96,35,1,31500,65000,1
S28,Midwest,2025-12-01,11.81,490,1,10.87,42,0,31500,65000,1
S28,Midwest,2025-12-08,11.41,523,0,11.35,31,0,31500,65000,1
S28,Midwest,2025-12-15,9.83,300,0,11.28,29,0,31500,65000,1
S28,Midwest,2025-12-22,10.76,437,0,11.23,34,1,31500,65000,1
S28,Midwest,2025-12-29,11.6,567,0,11.77,20,1,31500,65000,1
S28,Midwest,2026-01-05,11.78,685,0,12.5,21,0,31500,65000,1
S28,Midwest,2026-01-12,11.74,441,0,11.98,24,0,31500,65000,1
S28,Midwest,2026-01-19,11.2,465,0,12.94,30,0,31500,65000,1
S28,Midwest,2026-01-26,11.79,504,0,11.74,24,0,31500,65000,1
S28,Midwest,2026-02-02,11.75,469,0,11.39,31,0,31500,65000,1
S28,Midwest,2026-02-09,12.3,545,1,11.12,27,0,31500,65000,1
S28,Midwest,2026-02-16,11.58,681,0,12.57,29,0,31500,65000,1
S28,Midwest,2026-02-23,10.67,524,0,10.92,18,0,31500,65000,1
S28,Midwest,2026-03-02,11.47,445,0,11.89,38,0,31500,65000,1
S28,Midwest,2026-03-09,11.26,400,0,10.83,29,0,31500,65000,1
S28,Midwest,2026-03-16,11.49,400,0,11.99,33,0,31500,65000,1
S28,Midwest,2026-03-23,10.94,383,0,10.94,32,0,31500,65000,1
S28,Midwest,2026-03-30,12.01,312,0,11.79,40,0,31500,65000,1
S28,Midwest,2026-04-06,13.03,383,0,12.26,47,0,31500,65000,1
S28,Midwest,2026-04-13,11.56,524,1,12.92,47,0,31500,65000,1
S28,Midwest,2026-04-20,11.55,342,0,11.13,47,0,31500,65000,1
S28,Midwest,2026-04-27,11.37,222,0,12.03,59,0,31500,65000,1
S28,Midwest,2026-05-04,11.73,276,0,11.89,48,0,31500,65000,1
S28,Midwest,2026-05-11,11.48,270,0,10.99,61,0,31500,65000,1
S28,Midwest,2026-05-18,11.49,267,0,12.23,61,0,31500,65000,1
S28,Midwest,2026-05-25,12.1,351,0,11.57,73,1,31500,65000,1
S28,Midwest,2026-06-01,11.26,220,0,11.29,63,0,31500,65000,1
S28,Midwest,2026-06-08,11.45,259,0,11.43,69,0,31500,65000,1
S28,Midwest,2026-06-15,12.34,239,1,11.55,66,0,31500,65000,1
S28,Midwest,2026-06-22,11.84,230,0,11.13,77,0,31500,65000,1
S28,Midwest,2026-06-29,11.19,274,0,11.77,76,1,31500,65000,1
S28,Midwest,2026-07-06,11.15,199,0,11.64,82,0,31500,65000,1
S28,Midwest,2026-07-13,11.59,228,0,11.19,78,0,31500,65000,1
S28,Midwest,2026-07-20,11.13,179,1,9.71,66,0,31500,65000,1
S28,Midwest,2026-07-27,11.28,134,0,10.48,75,0,31500,65000,1
S28,Midwest,2026-08-03,10.39,145,0,10.86,77,0,31500,65000,1
S28,Midwest,2026-08-10,11.11,285,0,10.98,66,0,31500,65000,1
S28,Midwest,2026-08-17,11.52,198,0,10.98,59,0,31500,65000,1
S28,Midwest,2026-08-24,12.23,211,0,11.26,77,0,31500,65000,1
S28,Midwest,2026-08-31,12.85,255,0,11.93,76,0,31500,65000,1
S28,Midwest,2026-09-07,13.37,347,0,12.13,61,1,31500,65000,1
S28,Midwest,2026-09-14,11.56,302,0,10.59,62,0,31500,65000,1
S28,Midwest,2026-09-21,12.85,416,1,11.75,65,0,31500,65000,1
S29,Midwest,2023-10-02,12.04,303,0,12.81,60,0,31700,97000,0
S29,Midwest,2023-10-09,12.16,492,0,12.44,57,0,31700,97000,0
S29,Midwest,2023-10-16,12.0,417,0,12.02,48,0,31700,97000,0
S29,Midwest,2023-10-23,11.08,462,1,12.64,51,0,31700,97000,0
S29,Midwest,2023-10-30,11.57,486,1,11.83,41,0,31700,97000,0
S29,Midwest,2023-11-06,11.42,557,0,11.83,42,0,31700,97000,0
S29,Midwest,2023-11-13,11.32,366,0,11.46,37,0,31700,97000,0
S29,Midwest,2023-11-20,12.33,621,0,12.21,32,1,31700,97000,0
S29,Midwest,2023-11-27,11.29,451,0,12.28,35,0,31700,97000,0
S29,Midwest,2023-12-04,10.94,731,0,11.71,27,0,31700,97000,0
S29,Midwest,2023-12-11,12.18,456,0,11.78,33,0,31700,97000,0
S29,Midwest,2023-12-18,12.25,823,0,12.88,27,0,31700,97000,0
S29,Midwest,2023-12-25,12.9,841,0,12.28,27,1,31700,97000,0
S29,Midwest,2024-01-01,12.27,1040,0,12.32,20,1,31700,97000,0
S29,Midwest,2024-01-08,12.84,805,0,11.98,24,0,31700,97000,0
S29,Midwest,2024-01-15,12.27,757,0,11.72,18,0,31700,97000,0
S29,Midwest,2024-01-22,11.76,759,0,12.13,23,0,31700,97000,0
S29,Midwest,2024-01-29,11.76,832,1,12.45,26,0,31700,97000,0
S29,Midwest,2024-02-05,12.67,664,0,12.44,20,0,31700,97000,0
S29,Midwest,2024-02-12,12.92,751,0,12.03,34,0,31700,97000,0
S29,Midwest,2024-02-19,12.19,462,0,12.27,37,0,31700,97000,0
S29,Midwest,2024-02-26,11.89,475,0,12.02,37,0,31700,97000,0
S29,Midwest,2024-03-04,11.32,729,0,12.17,31,0,31700,97000,0
S29,Midwest,2024-03-11,12.08,762,0,12.62,38,0,31700,97000,0
S29,Midwest,2024-03-18,12.53,505,0,11.45,34,0,31700,97000,0
S29,Midwest,2024-03-25,12.63,718,0,12.89,37,0,31700,97000,0
S29,Midwest,2024-04-01,13.53,575,0,12.06,36,0,31700,97000,0
S29,Midwest,2024-04-08,12.64,456,0,11.5,43,0,31700,97000,0
S29,Midwest,2024-04-15,12.76,370,1,12.18,52,0,31700,97000,0
S29,Midwest,2024-04-22,12.57,297,0,12.27,56,0,31700,97000,0
S29,Midwest,2024-04-29,12.41,363,0,11.43,48,0,31700,97000,0
S29,Midwest,2024-05-06,11.45,337,1,12.22,56,0,31700,97000,0
S29,Midwest,2024-05-13,11.98,279,0,12.65,60,0,31700,97000,0
S29,Midwest,2024-05-20,11.91,257,0,10.82,60,0,31700,97000,0
S29,Midwest,2024-05-27,12.54,430,1,11.32,83,1,31700,97000,0
S29,Midwest,2024-06-03,12.2,255,0,11.51,61,0,31700,97000,0
S29,Midwest,2024-06-10,11.75,278,0,12.72,64,0,31700,97000,0
S29,Midwest,2024-06-17,12.8,268,0,13.08,69,0,31700,97000,0
S29,Midwest,2024-06-24,14.85,410,0,13.19,72,0,31700,97000,0
S29,Midwest,2024-07-01,14.0,489,1,12.37,72,1,31700,97000,0
S29,Midwest,2024-07-08,13.17,312,0,11.88,79,0,31700,97000,0
S29,Midwest,2024-07-15,12.67,264,0,12.22,66,0,31700,97000,0
S29,Midwest,2024-07-22,12.42,274,0,11.03,75,0,31700,97000,0
S29,Midwest,2024-07-29,13.01,339,0,12.38,84,0,31700,97000,0
S29,Midwest,2024-08-05,12.2,232,0,12.31,78,0,31700,97000,0
S29,Midwest,2024-08-12,13.11,274,0,12.91,64,0,31700,97000,0
S29,Midwest,2024-08-19,11.66,202,0,11.95,60,0,31700,97000,0
S29,Midwest,2024-08-26,13.15,287,0,11.74,69,0,31700,97000,0
S29,Midwest,2024-09-02,11.05,276,0,11.37,65,1,31700,97000,0
S29,Midwest,2024-09-09,11.78,231,0,11.36,65,0,31700,97000,0
S29,Midwest,2024-09-16,12.03,338,0,12.64,61,0,31700,97000,0
S29,Midwest,2024-09-23,12.77,305,0,13.06,56,0,31700,97000,0
S29,Midwest,2024-09-30,13.11,454,0,12.74,60,0,31700,97000,0
S29,Midwest,2024-10-07,13.94,666,0,12.98,63,0,31700,97000,0
S29,Midwest,2024-10-14,12.72,414,0,12.51,58,0,31700,97000,0
S29,Midwest,2024-10-21,12.54,448,0,11.94,54,0,31700,97000,0
S29,Midwest,2024-10-28,13.49,526,0,13.07,53,0,31700,97000,0
S29,Midwest,2024-11-04,12.71,719,1,12.38,43,0,31700,97000,0
S29,Midwest,2024-11-11,12.9,507,0,12.29,47,0,31700,97000,0
S29,Midwest,2024-11-18,12.9,443,0,11.8,35,0,31700,97000,0
S29,Midwest,2024-11-25,11.91,855,0,11.23,24,1,31700,97000,0
S29,Midwest,2024-12-02,13.01,537,0,12.69,33,0,31700,97000,0
S29,Midwest,2024-12-09,13.16,795,0,13.57,29,0,31700,97000,0
S29,Midwest,2024-12-16,11.74,1122,1,12.68,19,0,31700,97000,0
S29,Midwest,2024-12-23,13.28,694,0,12.09,24,1,31700,97000,0
S29,Midwest,2024-12-30,11.78,944,0,12.58,23,1,31700,97000,0
S29,Midwest,2025-01-06,11.59,704,0,12.83,22,0,31700,97000,0
S29,Midwest,2025-01-13,12.2,544,0,12.95,20,0,31700,97000,0
S29,Midwest,2025-01-20,10.65,495,0,11.54,30,0,31700,97000,0
S29,Midwest,2025-01-27,10.48,371,0,11.1,26,0,31700,97000,0
S29,Midwest,2025-02-03,11.17,561,0,12.11,23,0,31700,97000,0
S29,Midwest,2025-02-10,10.94,378,0,9.85,24,0,31700,97000,0
S29,Midwest,2025-02-17,11.5,434,0,11.19,21,0,31700,97000,0
S29,Midwest,2025-02-24,11.7,409,0,11.27,27,0,31700,97000,0
S29,Midwest,2025-03-03,11.16,436,0,12.18,34,0,31700,97000,0
S29,Midwest,2025-03-10,12.56,737,0,12.26,35,0,31700,97000,0
S29,Midwest,2025-03-17,11.84,520,1,11.3,44,0,31700,97000,0
S29,Midwest,2025-03-24,11.32,402,0,11.54,39,0,31700,97000,0
S29,Midwest,2025-03-31,11.3,412,0,11.31,45,0,31700,97000,0
S29,Midwest,2025-04-07,12.21,455,0,11.7,56,0,31700,97000,0
S29,Midwest,2025-04-14,12.54,391,0,11.9,38,0,31700,97000,0
S29,Midwest,2025-04-21,12.47,478,0,11.94,51,0,31700,97000,0
S29,Midwest,2025-04-28,11.55,257,0,11.52,54,0,31700,97000,0
S29,Midwest,2025-05-05,12.04,310,0,11.0,54,0,31700,97000,0
S29,Midwest,2025-05-12,12.63,298,0,12.7,63,0,31700,97000,0
S29,Midwest,2025-05-19,11.4,208,0,11.49,74,0,31700,97000,0
S29,Midwest,2025-05-26,11.82,479,0,11.54,61,1,31700,97000,0
S29,Midwest,2025-06-02,11.05,302,1,11.33,63,0,31700,97000,0
S29,Midwest,2025-06-09,11.56,210,0,10.44,63,0,31700,97000,0
S29,Midwest,2025-06-16,11.78,257,0,11.79,78,0,31700,97000,0
S29,Midwest,2025-06-23,12.47,277,0,12.83,67,0,31700,97000,0
S29,Midwest,2025-06-30,12.29,542,0,12.24,73,1,31700,97000,0
S29,Midwest,2025-07-07,11.61,297,0,12.24,70,0,31700,97000,0
S29,Midwest,2025-07-14,12.02,262,0,12.15,82,0,31700,97000,0
S29,Midwest,2025-07-21,12.09,306,0,11.89,78,0,31700,97000,0
S29,Midwest,2025-07-28,13.14,279,1,13.06,83,0,31700,97000,0
S29,Midwest,2025-08-04,12.49,322,0,12.65,82,0,31700,97000,0
S29,Midwest,2025-08-11,12.97,416,0,12.47,72,0,31700,97000,0
S29,Midwest,2025-08-18,12.5,372,0,12.71,77,0,31700,97000,0
S29,Midwest,2025-08-25,11.78,249,0,11.98,82,0,31700,97000,0
S29,Midwest,2025-09-01,10.44,371,0,11.87,71,1,31700,97000,0
S29,Midwest,2025-09-08,11.78,240,0,11.64,70,0,31700,97000,0
S29,Midwest,2025-09-15,11.43,314,0,11.6,62,0,31700,97000,0
S29,Midwest,2025-09-22,12.32,408,1,11.41,63,0,31700,97000,0
S29,Midwest,2025-09-29,13.71,476,0,12.02,63,0,31700,97000,0
S29,Midwest,2025-10-06,11.99,431,0,11.91,59,0,31700,97000,0
S29,Midwest,2025-10-13,11.91,425,0,11.1,49,0,31700,97000,0
S29,Midwest,2025-10-20,11.48,386,0,11.2,49,0,31700,97000,0
S29,Midwest,2025-10-27,10.52,352,0,11.94,43,0,31700,97000,0
S29,Midwest,2025-11-03,11.65,422,0,12.01,34,0,31700,97000,0
S29,Midwest,2025-11-10,11.09,332,0,10.26,43,0,31700,97000,0
S29,Midwest,2025-11-17,10.51,403,0,10.87,39,0,31700,97000,0
S29,Midwest,2025-11-24,12.11,532,0,10.56,37,1,31700,97000,0
S29,Midwest,2025-12-01,10.8,484,1,10.87,31,0,31700,97000,0
S29,Midwest,2025-12-08,10.37,659,0,11.93,24,0,31700,97000,0
S29,Midwest,2025-12-15,10.48,515,0,10.92,27,0,31700,97000,0
S29,Midwest,2025-12-22,10.77,724,0,11.37,24,1,31700,97000,0
S29,Midwest,2025-12-29,11.98,804,0,11.46,18,1,31700,97000,0
S29,Midwest,2026-01-05,12.55,937,0,12.65,29,0,31700,97000,0
S29,Midwest,2026-01-12,12.31,559,0,11.03,34,0,31700,97000,0
S29,Midwest,2026-01-19,11.66,908,0,12.81,23,0,31700,97000,0
S29,Midwest,2026-01-26,12.62,711,0,12.92,25,0,31700,97000,0
S29,Midwest,2026-02-02,12.56,489,0,10.57,34,0,31700,97000,0
S29,Midwest,2026-02-09,12.64,797,1,11.17,17,0,31700,97000,0
S29,Midwest,2026-02-16,11.81,721,0,11.62,26,0,31700,97000,0
S29,Midwest,2026-02-23,10.79,440,0,11.39,38,0,31700,97000,0
S29,Midwest,2026-03-02,11.84,441,0,11.7,42,0,31700,97000,0
S29,Midwest,2026-03-09,11.07,455,0,10.71,33,0,31700,97000,0
S29,Midwest,2026-03-16,11.29,299,0,11.31,45,0,31700,97000,0
S29,Midwest,2026-03-23,10.95,364,0,11.25,41,0,31700,97000,0
S29,Midwest,2026-03-30,12.69,603,0,11.97,40,0,31700,97000,0
S29,Midwest,2026-04-06,12.43,457,0,12.87,38,0,31700,97000,0
S29,Midwest,2026-04-13,12.7,542,1,11.56,52,0,31700,97000,0
S29,Midwest,2026-04-20,11.44,356,0,11.94,49,0,31700,97000,0
S29,Midwest,2026-04-27,12.2,462,0,11.84,55,0,31700,97000,0
S29,Midwest,2026-05-04,12.59,384,0,11.59,59,0,31700,97000,0
S29,Midwest,2026-05-11,11.82,442,0,11.38,54,0,31700,97000,0
S29,Midwest,2026-05-18,11.69,294,0,13.1,64,0,31700,97000,0
S29,Midwest,2026-05-25,10.63,346,0,10.86,59,1,31700,97000,0
S29,Midwest,2026-06-01,11.32,239,0,11.24,67,0,31700,97000,0
S29,Midwest,2026-06-08,11.54,295,0,11.29,66,0,31700,97000,0
S29,Midwest,2026-06-15,11.12,326,1,12.14,64,0,31700,97000,0
S29,Midwest,2026-06-22,11.39,262,0,12.39,72,0,31700,97000,0
S29,Midwest,2026-06-29,11.95,238,0,10.52,83,1,31700,97000,0
S29,Midwest,2026-07-06,11.6,270,0,10.97,75,0,31700,97000,0
S29,Midwest,2026-07-13,12.0,177,0,11.42,78,0,31700,97000,0
S29,Midwest,2026-07-20,10.2,180,1,11.11,77,0,31700,97000,0
S29,Midwest,2026-07-27,10.44,175,0,10.37,75,0,31700,97000,0
S29,Midwest,2026-08-03,11.21,277,0,11.33,76,0,31700,97000,0
S29,Midwest,2026-08-10,10.64,242,0,10.48,73,0,31700,97000,0
S29,Midwest,2026-08-17,11.73,291,0,11.11,61,0,31700,97000,0
S29,Midwest,2026-08-24,13.18,326,0,12.2,59,0,31700,97000,0
S29,Midwest,2026-08-31,12.67,277,0,12.46,68,0,31700,97000,0
S29,Midwest,2026-09-07,13.55,386,0,11.58,68,1,31700,97000,0
S29,Midwest,2026-09-14,11.46,365,0,11.23,74,0,31700,97000,0
S29,Midwest,2026-09-21,12.57,465,1,11.83,57,0,31700,97000,0
S30,Midwest,2023-10-02,12.24,282,0,12.52,53,0,30200,100000,0
S30,Midwest,2023-10-09,11.7,290,0,12.22,59,0,30200,100000,0
S30,Midwest,2023-10-16,11.98,282,0,11.24,51,0,30200,100000,0
S30,Midwest,2023-10-23,11.52,462,1,13.25,49,0,30200,100000,0
S30,Midwest,2023-10-30,11.96,432,1,11.64,49,0,30200,100000,0
S30,Midwest,2023-11-06,11.96,377,0,11.45,51,0,30200,100000,0
S30,Midwest,2023-11-13,11.74,339,0,11.91,45,0,30200,100000,0
S30,Midwest,2023-11-20,11.82,542,0,12.98,41,1,30200,100000,0
S30,Midwest,2023-11-27,11.64,323,0,11.95,30,0,30200,100000,0
S30,Midwest,2023-12-04,10.79,572,0,11.31,33,0,30200,100000,0
S30,Midwest,2023-12-11,12.08,398,0,12.11,38,0,30200,100000,0
S30,Midwest,2023-12-18,12.22,714,0,12.42,31,0,30200,100000,0
S30,Midwest,2023-12-25,13.05,775,0,13.15,25,1,30200,100000,0
S30,Midwest,2024-01-01,12.18,658,0,12.85,33,1,30200,100000,0
S30,Midwest,2024-01-08,13.64,635,0,13.82,21,0,30200,100000,0
S30,Midwest,2024-01-15,13.05,754,0,12.76,25,0,30200,100000,0
S30,Midwest,2024-01-22,11.66,868,0,12.49,24,0,30200,100000,0
S30,Midwest,2024-01-29,11.99,830,1,11.71,19,0,30200,100000,0
S30,Midwest,2024-02-05,12.57,652,0,12.16,26,0,30200,100000,0
S30,Midwest,2024-02-12,11.64,410,0,11.75,38,0,30200,100000,0
S30,Midwest,2024-02-19,11.01,405,0,11.67,23,0,30200,100000,0
S30,Midwest,2024-02-26,12.44,508,0,11.4,26,0,30200,100000,0
S30,Midwest,2024-03-04,10.46,410,0,11.86,29,0,30200,100000,0
S30,Midwest,2024-03-11,12.41,639,0,12.49,29,0,30200,100000,0
S30,Midwest,2024-03-18,11.88,489,0,12.33,32,0,30200,100000,0
S30,Midwest,2024-03-25,11.37,311,0,13.84,37,0,30200,100000,0
S30,Midwest,2024-04-01,12.76,437,0,12.36,34,0,30200,100000,0
S30,Midwest,2024-04-08,12.95,399,0,12.34,41,0,30200,100000,0
S30,Midwest,2024-04-15,12.5,370,1,12.11,55,0,30200,100000,0
S30,Midwest,2024-04-22,12.26,341,0,12.71,50,0,30200,100000,0
S30,Midwest,2024-04-29,13.44,285,0,12.31,52,0,30200,100000,0
S30,Midwest,2024-05-06,11.25,358,1,11.34,44,0,30200,100000,0
S30,Midwest,2024-05-13,12.83,257,0,12.18,55,0,30200,100000,0
S30,Midwest,2024-05-20,11.0,209,0,12.48,59,0,30200,100000,0
S30,Midwest,2024-05-27,12.19,308,1,12.15,67,1,30200,100000,0
S30,Midwest,2024-06-03,11.35,120,0,11.25,73,0,30200,100000,0
S30,Midwest,2024-06-10,12.36,186,0,12.22,75,0,30200,100000,0
S30,Midwest,2024-06-17,14.48,336,0,11.95,69,0,30200,100000,0
S30,Midwest,2024-06-24,14.19,267,0,12.49,73,0,30200,100000,0
S30,Midwest,2024-07-01,13.01,421,1,12.87,75,1,30200,100000,0
S30,Midwest,2024-07-08,12.75,268,0,12.32,66,0,30200,100000,0
S30,Midwest,2024-07-15,12.05,137,0,11.05,74,0,30200,100000,0
S30,Midwest,2024-07-22,11.15,156,0,11.87,76,0,30200,100000,0
S30,Midwest,2024-07-29,11.94,188,0,12.19,79,0,30200,100000,0
S30,Midwest,2024-08-05,12.43,250,0,11.29,73,0,30200,100000,0
S30,Midwest,2024-08-12,13.23,246,0,12.68,75,0,30200,100000,0
S30,Midwest,2024-08-19,12.15,163,0,12.33,68,0,30200,100000,0
S30,Midwest,2024-08-26,11.6,129,0,11.68,65,0,30200,100000,0
S30,Midwest,2024-09-02,11.19,208,0,10.73,71,1,30200,100000,0
S30,Midwest,2024-09-09,12.16,144,0,11.26,75,0,30200,100000,0
S30,Midwest,2024-09-16,11.85,318,0,11.46,64,0,30200,100000,0
S30,Midwest,2024-09-23,12.9,335,0,12.83,64,0,30200,100000,0
S30,Midwest,2024-09-30,12.49,278,0,12.71,52,0,30200,100000,0
S30,Midwest,2024-10-07,12.8,515,0,13.62,51,0,30200,100000,0
S30,Midwest,2024-10-14,12.42,333,0,12.82,58,0,30200,100000,0
S30,Midwest,2024-10-21,13.66,390,0,14.04,46,0,30200,100000,0
S30,Midwest,2024-10-28,12.7,369,0,12.4,51,0,30200,100000,0
S30,Midwest,2024-11-04,13.32,433,1,12.48,46,0,30200,100000,0
S30,Midwest,2024-11-11,13.16,385,0,12.77,47,0,30200,100000,0
S30,Midwest,2024-11-18,13.02,404,0,12.77,41,0,30200,100000,0
S30,Midwest,2024-11-25,12.09,545,0,12.17,31,1,30200,100000,0
S30,Midwest,2024-12-02,12.73,481,0,12.54,36,0,30200,100000,0
S30,Midwest,2024-12-09,13.61,634,0,12.51,27,0,30200,100000,0
S30,Midwest,2024-12-16,11.77,752,1,12.22,39,0,30200,100000,0
S30,Midwest,2024-12-23,13.11,757,0,12.73,26,1,30200,100000,0
S30,Midwest,2024-12-30,13.1,591,0,12.29,29,1,30200,100000,0
S30,Midwest,2025-01-06,12.24,571,0,12.32,20,0,30200,100000,0
S30,Midwest,2025-01-13,13.32,678,0,12.12,17,0,30200,100000,0
S30,Midwest,2025-01-20,11.04,432,0,12.25,28,0,30200,100000,0
S30,Midwest,2025-01-27,10.67,334,0,11.52,27,0,30200,100000,0
S30,Midwest,2025-02-03,10.19,466,0,11.6,19,0,30200,100000,0
S30,Midwest,2025-02-10,11.01,288,0,10.86,29,0,30200,100000,0
S30,Midwest,2025-02-17,12.22,341,0,10.75,21,0,30200,100000,0
S30,Midwest,2025-02-24,10.57,375,0,11.7,35,0,30200,100000,0
S30,Midwest,2025-03-03,11.82,367,0,12.6,33,0,30200,100000,0
S30,Midwest,2025-03-10,12.39,471,0,11.91,37,0,30200,100000,0
S30,Midwest,2025-03-17,12.38,553,1,11.99,33,0,30200,100000,0
S30,Midwest,2025-03-24,11.23,335,0,11.56,38,0,30200,100000,0
S30,Midwest,2025-03-31,10.81,296,0,11.15,47,0,30200,100000,0
S30,Midwest,2025-04-07,12.87,489,0,12.43,40,0,30200,100000,0
S30,Midwest,2025-04-14,9.99,676,0,12.34,44,0,30200,100000,0
S30,Midwest,2025-04-21,9.99,442,0,11.97,55,0,30200,100000,0
S30,Midwest,2025-04-28,13.99,113,0,11.25,55,0,30200,100000,0
S30,Midwest,2025-05-05,9.99,471,0,11.96,60,0,30200,100000,0
S30,Midwest,2025-05-12,13.99,216,0,11.77,54,0,30200,100000,0
S30,Midwest,2025-05-19,9.99,415,0,11.36,63,0,30200,100000,0
S30,Midwest,2025-05-26,13.99,262,0,10.92,66,1,30200,100000,0
S30,Midwest,2025-06-02,9.99,298,0,11.38,64,0,30200,100000,0
S30,Midwest,2025-06-09,11.99,194,0,11.58,66,0,30200,100000,0
S30,Midwest,2025-06-16,11.99,217,0,11.63,72,0,30200,100000,0
S30,Midwest,2025-06-23,9.99,462,0,12.77,68,0,30200,100000,0
S30,Midwest,2025-06-30,11.99,364,0,12.37,81,1,30200,100000,0
S30,Midwest,2025-07-07,11.82,246,0,11.18,71,0,30200,100000,0
S30,Midwest,2025-07-14,11.89,214,0,11.89,77,0,30200,100000,0
S30,Midwest,2025-07-21,12.37,241,0,12.62,77,0,30200,100000,0
S30,Midwest,2025-07-28,12.78,236,1,11.51,72,0,30200,100000,0
S30,Midwest,2025-08-04,12.09,212,0,12.7,79,0,30200,100000,0
S30,Midwest,2025-08-11,13.4,330,0,12.89,76,0,30200,100000,0
S30,Midwest,2025-08-18,12.44,299,0,12.34,71,0,30200,100000,0
S30,Midwest,2025-08-25,12.58,193,0,12.33,72,0,30200,100000,0
S30,Midwest,2025-09-01,11.42,305,0,11.0,75,1,30200,100000,0
S30,Midwest,2025-09-08,11.37,286,0,11.94,68,0,30200,100000,0
S30,Midwest,2025-09-15,11.85,264,0,11.19,63,0,30200,100000,0
S30,Midwest,2025-09-22,11.83,325,1,11.21,58,0,30200,100000,0
S30,Midwest,2025-09-29,13.27,494,0,12.29,54,0,30200,100000,0
S30,Midwest,2025-10-06,11.55,289,0,11.75,54,0,30200,100000,0
S30,Midwest,2025-10-13,11.51,313,0,12.0,41,0,30200,100000,0
S30,Midwest,2025-10-20,11.58,283,0,10.82,52,0,30200,100000,0
S30,Midwest,2025-10-27,10.85,326,0,11.81,43,0,30200,100000,0
S30,Midwest,2025-11-03,11.67,288,0,11.49,47,0,30200,100000,0
S30,Midwest,2025-11-10,10.79,278,0,10.95,39,0,30200,100000,0
S30,Midwest,2025-11-17,10.14,222,0,10.17,39,0,30200,100000,0
S30,Midwest,2025-11-24,11.29,332,0,11.28,34,1,30200,100000,0
S30,Midwest,2025-12-01,10.79,502,1,11.53,30,0,30200,100000,0
S30,Midwest,2025-12-08,11.15,353,0,11.43,37,0,30200,100000,0
S30,Midwest,2025-12-15,11.05,348,0,11.28,35,0,30200,100000,0
S30,Midwest,2025-12-22,10.71,553,0,11.1,22,1,30200,100000,0
S30,Midwest,2025-12-29,12.04,603,0,11.63,29,1,30200,100000,0
S30,Midwest,2026-01-05,12.45,744,0,12.99,30,0,30200,100000,0
S30,Midwest,2026-01-12,11.67,357,0,11.32,30,0,30200,100000,0
S30,Midwest,2026-01-19,11.42,461,0,11.66,25,0,30200,100000,0
S30,Midwest,2026-01-26,11.43,464,0,11.94,24,0,30200,100000,0
S30,Midwest,2026-02-02,11.6,449,0,11.18,22,0,30200,100000,0
S30,Midwest,2026-02-09,13.36,669,1,11.96,27,0,30200,100000,0
S30,Midwest,2026-02-16,11.35,667,0,12.13,31,0,30200,100000,0
S30,Midwest,2026-02-23,11.36,475,0,11.12,26,0,30200,100000,0
S30,Midwest,2026-03-02,11.9,368,0,10.27,27,0,30200,100000,0
S30,Midwest,2026-03-09,11.76,436,0,10.65,26,0,30200,100000,0
S30,Midwest,2026-03-16,11.79,474,0,10.97,36,0,30200,100000,0
S30,Midwest,2026-03-23,10.99,441,0,10.77,32,0,30200,100000,0
S30,Midwest,2026-03-30,11.99,392,0,12.0,53,0,30200,100000,0
S30,Midwest,2026-04-06,13.91,356,0,12.55,43,0,30200,100000,0
S30,Midwest,2026-04-13,12.04,466,1,12.34,43,0,30200,100000,0
S30,Midwest,2026-04-20,11.32,331,0,11.55,52,0,30200,100000,0
S30,Midwest,2026-04-27,12.23,312,0,11.29,58,0,30200,100000,0
S30,Midwest,2026-05-04,11.49,209,0,11.51,73,0,30200,100000,0
S30,Midwest,2026-05-11,11.4,220,0,10.98,64,0,30200,100000,0
S30,Midwest,2026-05-18,12.19,287,0,10.46,59,0,30200,100000,0
S30,Midwest,2026-05-25,11.39,451,0,11.26,58,1,30200,100000,0
S30,Midwest,2026-06-01,10.79,161,0,10.83,72,0,30200,100000,0
S30,Midwest,2026-06-08,11.23,180,0,12.07,69,0,30200,100000,0
S30,Midwest,2026-06-15,12.16,293,1,11.13,69,0,30200,100000,0
S30,Midwest,2026-06-22,12.61,292,0,11.58,72,0,30200,100000,0
S30,Midwest,2026-06-29,11.6,322,0,10.98,72,1,30200,100000,0
S30,Midwest,2026-07-06,11.11,238,0,12.23,78,0,30200,100000,0
S30,Midwest,2026-07-13,12.8,155,0,10.99,77,0,30200,100000,0
S30,Midwest,2026-07-20,10.68,151,1,11.03,77,0,30200,100000,0
S30,Midwest,2026-07-27,11.13,183,0,9.75,73,0,30200,100000,0
S30,Midwest,2026-08-03,11.42,158,0,11.23,71,0,30200,100000,0
S30,Midwest,2026-08-10,10.95,156,0,11.19,72,0,30200,100000,0
S30,Midwest,2026-08-17,11.36,168,0,11.35,79,0,30200,100000,0
S30,Midwest,2026-08-24,12.62,210,0,11.82,69,0,30200,100000,0
S30,Midwest,2026-08-31,12.39,253,0,13.26,64,0,30200,100000,0
S30,Midwest,2026-09-07,12.86,265,0,12.08,70,1,30200,100000,0
S30,Midwest,2026-09-14,11.05,270,0,11.06,70,0,30200,100000,0
S30,Midwest,2026-09-21,13.42,374,1,12.44,55,0,30200,100000,0
S31,West,2023-10-02,10.73,310,0,11.69,60,0,25800,63000,1
S31,West,2023-10-09,10.64,190,0,10.27,61,0,25800,63000,1
S31,West,2023-10-16,10.67,464,1,11.47,55,0,25800,63000,1
S31,West,2023-10-23,11.8,246,1,12.27,67,0,25800,63000,1
S31,West,2023-10-30,12.76,478,0,12.87,52,0,25800,63000,1
S31,West,2023-11-06,11.06,394,0,12.22,58,0,25800,63000,1
S31,West,2023-11-13,11.08,413,1,11.43,53,0,25800,63000,1
S31,West,2023-11-20,11.13,627,0,12.77,56,1,25800,63000,1
S31,West,2023-11-27,10.53,303,0,12.62,57,0,25800,63000,1
S31,West,2023-12-04,11.73,407,0,11.08,52,0,25800,63000,1
S31,West,2023-12-11,11.07,444,0,12.11,47,0,25800,63000,1
S31,West,2023-12-18,10.71,431,0,11.95,52,0,25800,63000,1
S31,West,2023-12-25,11.49,506,0,11.86,50,1,25800,63000,1
S31,West,2024-01-01,11.1,497,0,11.62,53,1,25800,63000,1
S31,West,2024-01-08,12.38,382,0,11.97,57,0,25800,63000,1
S31,West,2024-01-15,11.41,507,0,11.72,41,0,25800,63000,1
S31,West,2024-01-22,12.06,335,0,11.42,50,0,25800,63000,1
S31,West,2024-01-29,11.49,415,0,12.77,57,0,25800,63000,1
S31,West,2024-02-05,11.22,546,0,11.69,52,0,25800,63000,1
S31,West,2024-02-12,11.77,394,0,12.18,51,0,25800,63000,1
S31,West,2024-02-19,10.78,246,0,12.04,54,0,25800,63000,1
S31,West,2024-02-26,10.8,370,0,11.13,56,0,25800,63000,1
S31,West,2024-03-04,11.55,452,0,12.56,46,0,25800,63000,1
S31,West,2024-03-11,11.45,389,0,12.32,59,0,25800,63000,1
S31,West,2024-03-18,11.88,273,0,11.78,57,0,25800,63000,1
S31,West,2024-03-25,12.2,527,0,12.44,58,0,25800,63000,1
S31,West,2024-04-01,12.31,290,0,11.7,66,0,25800,63000,1
S31,West,2024-04-08,12.65,259,0,12.01,51,0,25800,63000,1
S31,West,2024-04-15,11.39,397,1,11.74,62,0,25800,63000,1
S31,West,2024-04-22,12.0,290,0,12.41,69,0,25800,63000,1
S31,West,2024-04-29,11.89,231,0,11.25,62,0,25800,63000,1
S31,West,2024-05-06,11.38,285,0,11.79,62,0,25800,63000,1
S31,West,2024-05-13,11.42,206,0,11.19,65,0,25800,63000,1
S31,West,2024-05-20,11.75,184,0,12.63,78,0,25800,63000,1
S31,West,2024-05-27,10.26,313,1,12.1,60,1,25800,63000,1
S31,West,2024-06-03,11.16,160,0,11.72,72,0,25800,63000,1
S31,West,2024-06-10,11.54,152,0,10.88,78,0,25800,63000,1
S31,West,2024-06-17,12.93,232,0,11.83,68,0,25800,63000,1
S31,West,2024-06-24,12.85,231,0,12.86,68,0,25800,63000,1
S31,West,2024-07-01,12.79,431,1,11.6,71,1,25800,63000,1
S31,West,2024-07-08,11.33,176,0,11.67,76,0,25800,63000,1
S31,West,2024-07-15,12.14,168,0,11.64,80,0,25800,63000,1
S31,West,2024-07-22,12.34,229,1,12.34,75,0,25800,63000,1
S31,West,2024-07-29,12.93,254,1,11.6,71,0,25800,63000,1
S31,West,2024-08-05,11.68,148,0,12.19,77,0,25800,63000,1
S31,West,2024-08-12,10.54,205,1,11.28,79,0,25800,63000,1
S31,West,2024-08-19,11.81,233,0,11.16,74,0,25800,63000,1
S31,West,2024-08-26,11.59,167,0,11.09,74,0,25800,63000,1
S31,West,2024-09-02,12.03,322,0,12.55,68,1,25800,63000,1
S31,West,2024-09-09,10.99,329,0,12.42,61,0,25800,63000,1
S31,West,2024-09-16,13.13,342,1,11.66,71,0,25800,63000,1
S31,West,2024-09-23,11.65,210,0,11.74,69,0,25800,63000,1
S31,West,2024-09-30,11.41,218,1,11.9,64,0,25800,63000,1
S31,West,2024-10-07,11.19,230,0,11.06,70,0,25800,63000,1
S31,West,2024-10-14,11.79,160,0,12.41,81,0,25800,63000,1
S31,West,2024-10-21,11.98,272,0,11.86,60,0,25800,63000,1
S31,West,2024-10-28,12.76,328,0,12.77,64,0,25800,63000,1
S31,West,2024-11-04,12.94,338,0,11.81,51,0,25800,63000,1
S31,West,2024-11-11,11.81,310,0,12.01,54,0,25800,63000,1
S31,West,2024-11-18,12.91,309,0,12.72,58,0,25800,63000,1
S31,West,2024-11-25,12.97,470,0,12.92,65,1,25800,63000,1
S31,West,2024-12-02,12.3,316,1,12.04,47,0,25800,63000,1
S31,West,2024-12-09,11.6,239,1,10.6,52,0,25800,63000,1
S31,West,2024-12-16,12.64,346,0,12.34,62,0,25800,63000,1
S31,West,2024-12-23,11.76,333,0,11.93,56,1,25800,63000,1
S31,West,2024-12-30,12.49,498,0,12.14,46,1,25800,63000,1
S31,West,2025-01-06,11.2,433,0,11.59,48,0,25800,63000,1
S31,West,2025-01-13,11.98,510,1,12.45,53,0,25800,63000,1
S31,West,2025-01-20,11.97,358,0,12.06,50,0,25800,63000,1
S31,West,2025-01-27,11.69,338,1,12.37,52,0,25800,63000,1
S31,West,2025-02-03,12.5,430,0,12.3,51,0,25800,63000,1
S31,West,2025-02-10,14.6,571,0,13.07,53,0,25800,63000,1
S31,West,2025-02-17,12.42,358,0,12.22,56,0,25800,63000,1
S31,West,2025-02-24,11.8,306,0,11.48,48,0,25800,63000,1
S31,West,2025-03-03,12.91,300,0,11.9,56,0,25800,63000,1
S31,West,2025-03-10,12.52,313,0,11.22,56,0,25800,63000,1
S31,West,2025-03-17,13.1,328,0,12.32,52,0,25800,63000,1
S31,West,2025-03-24,12.36,356,0,11.78,57,0,25800,63000,1
S31,West,2025-03-31,12.26,304,1,12.52,61,0,25800,63000,1
S31,West,2025-04-07,11.99,399,0,11.19,54,0,25800,63000,1
S31,West,2025-04-14,13.51,313,0,12.56,59,0,25800,63000,1
S31,West,2025-04-21,11.59,252,0,11.14,59,0,25800,63000,1
S31,West,2025-04-28,11.63,219,0,11.69,67,0,25800,63000,1
S31,West,2025-05-05,12.54,247,0,12.37,64,0,25800,63000,1
S31,West,2025-05-12,12.15,228,0,11.62,71,0,25800,63000,1
S31,West,2025-05-19,12.73,367,1,11.55,66,0,25800,63000,1
S31,West,2025-05-26,12.78,316,0,12.67,70,1,25800,63000,1
S31,West,2025-06-02,12.96,245,0,12.51,70,0,25800,63000,1
S31,West,2025-06-09,11.72,190,0,11.54,65,0,25800,63000,1
S31,West,2025-06-16,12.66,255,0,11.95,78,0,25800,63000,1
S31,West,2025-06-23,11.77,198,0,12.4,72,0,25800,63000,1
S31,West,2025-06-30,11.12,152,0,11.35,75,1,25800,63000,1
S31,West,2025-07-07,11.81,201,0,11.53,67,0,25800,63000,1
S31,West,2025-07-14,12.1,201,0,10.83,71,0,25800,63000,1
S31,West,2025-07-21,12.08,223,1,12.13,83,0,25800,63000,1
S31,West,2025-07-28,11.55,229,0,11.91,70,0,25800,63000,1
S31,West,2025-08-04,12.13,178,0,11.49,70,0,25800,63000,1
S31,West,2025-08-11,11.09,154,0,12.1,67,0,25800,63000,1
S31,West,2025-08-18,11.87,207,0,11.33,65,0,25800,63000,1
S31,West,2025-08-25,13.13,354,0,13.38,66,0,25800,63000,1
S31,West,2025-09-01,14.3,415,0,12.74,74,1,25800,63000,1
S31,West,2025-09-08,13.19,338,1,12.07,74,0,25800,63000,1
S31,West,2025-09-15,13.15,344,0,12.11,77,0,25800,63000,1
S31,West,2025-09-22,12.13,263,0,12.02,75,0,25800,63000,1
S31,West,2025-09-29,10.76,205,0,11.19,73,0,25800,63000,1
S31,West,2025-10-06,11.65,261,0,12.3,65,0,25800,63000,1
S31,West,2025-10-13,12.59,255,0,12.87,69,0,25800,63000,1
S31,West,2025-10-20,12.85,315,0,12.37,61,0,25800,63000,1
S31,West,2025-10-27,11.93,297,0,11.39,58,0,25800,63000,1
S31,West,2025-11-03,11.96,359,0,11.44,57,0,25800,63000,1
S31,West,2025-11-10,11.23,226,0,11.36,63,0,25800,63000,1
S31,West,2025-11-17,11.49,293,0,10.88,50,0,25800,63000,1
S31,West,2025-11-24,11.25,341,0,11.15,54,1,25800,63000,1
S31,West,2025-12-01,11.81,330,0,11.85,47,0,25800,63000,1
S31,West,2025-12-08,10.74,254,0,10.56,49,0,25800,63000,1
S31,West,2025-12-15,10.53,502,0,12.31,51,0,25800,63000,1
S31,West,2025-12-22,10.44,406,0,11.2,50,1,25800,63000,1
S31,West,2025-12-29,10.97,508,0,10.95,46,1,25800,63000,1
S31,West,2026-01-05,11.38,329,0,11.64,49,0,25800,63000,1
S31,West,2026-01-12,11.21,338,0,11.11,51,0,25800,63000,1
S31,West,2026-01-19,11.56,308,0,11.92,50,0,25800,63000,1
S31,West,2026-01-26,12.08,424,0,12.18,46,0,25800,63000,1
S31,West,2026-02-02,12.46,328,0,11.6,44,0,25800,63000,1
S31,West,2026-02-09,12.36,289,0,12.41,51,0,25800,63000,1
S31,West,2026-02-16,11.47,350,0,12.2,50,0,25800,63000,1
S31,West,2026-02-23,11.82,269,0,11.1,43,0,25800,63000,1
S31,West,2026-03-02,12.72,394,0,11.76,56,0,25800,63000,1
S31,West,2026-03-09,11.74,288,0,11.32,62,0,25800,63000,1
S31,West,2026-03-16,11.53,214,0,10.73,58,0,25800,63000,1
S31,West,2026-03-23,12.07,303,0,10.8,64,0,25800,63000,1
S31,West,2026-03-30,11.94,305,0,11.27,56,0,25800,63000,1
S31,West,2026-04-06,11.51,288,0,10.86,61,0,25800,63000,1
S31,West,2026-04-13,10.65,213,0,11.27,57,0,25800,63000,1
S31,West,2026-04-20,11.09,247,0,12.18,60,0,25800,63000,1
S31,West,2026-04-27,11.51,271,0,11.43,63,0,25800,63000,1
S31,West,2026-05-04,11.29,226,0,10.77,61,0,25800,63000,1
S31,West,2026-05-11,12.27,207,0,11.45,58,0,25800,63000,1
S31,West,2026-05-18,11.25,193,0,11.53,63,0,25800,63000,1
S31,West,2026-05-25,11.62,324,0,12.73,64,1,25800,63000,1
S31,West,2026-06-01,11.54,266,0,12.63,74,0,25800,63000,1
S31,West,2026-06-08,11.11,231,1,11.66,73,0,25800,63000,1
S31,West,2026-06-15,11.89,206,0,10.76,73,0,25800,63000,1
S31,West,2026-06-22,13.58,367,0,12.48,71,0,25800,63000,1
S31,West,2026-06-29,11.46,252,0,12.21,75,1,25800,63000,1
S31,West,2026-07-06,13.15,337,0,11.45,71,0,25800,63000,1
S31,West,2026-07-13,12.49,245,1,11.78,75,0,25800,63000,1
S31,West,2026-07-20,13.25,274,0,11.9,72,0,25800,63000,1
S31,West,2026-07-27,12.82,355,0,11.14,73,0,25800,63000,1
S31,West,2026-08-03,13.26,372,0,12.77,82,0,25800,63000,1
S31,West,2026-08-10,11.88,317,0,11.77,80,0,25800,63000,1
S31,West,2026-08-17,12.3,333,1,11.99,71,0,25800,63000,1
S31,West,2026-08-24,11.63,272,0,12.03,74,0,25800,63000,1
S31,West,2026-08-31,12.89,360,1,11.7,70,0,25800,63000,1
S31,West,2026-09-07,12.98,351,1,11.11,78,1,25800,63000,1
S31,West,2026-09-14,12.28,272,0,12.69,67,0,25800,63000,1
S31,West,2026-09-21,12.16,297,0,11.8,73,0,25800,63000,1
S32,West,2023-10-02,10.32,195,0,11.28,80,0,40300,53000,1
S32,West,2023-10-09,11.88,505,0,11.14,58,0,40300,53000,1
S32,West,2023-10-16,10.61,551,1,12.15,58,0,40300,53000,1
S32,West,2023-10-23,11.55,418,1,11.9,68,0,40300,53000,1
S32,West,2023-10-30,12.35,540,0,12.31,63,0,40300,53000,1
S32,West,2023-11-06,12.18,690,0,11.61,50,0,40300,53000,1
S32,West,2023-11-13,10.57,799,1,11.43,53,0,40300,53000,1
S32,West,2023-11-20,10.55,907,0,12.65,54,1,40300,53000,1
S32,West,2023-11-27,11.77,578,0,12.3,57,0,40300,53000,1
S32,West,2023-12-04,12.52,648,0,12.6,59,0,40300,53000,1
S32,West,2023-12-11,10.05,648,0,11.44,48,0,40300,53000,1
S32,West,2023-12-18,10.56,628,0,12.63,51,0,40300,53000,1
S32,West,2023-12-25,11.33,608,0,11.17,53,1,40300,53000,1
S32,West,2024-01-01,9.88,602,0,11.39,53,1,40300,53000,1
S32,West,2024-01-08,11.79,744,0,12.83,48,0,40300,53000,1
S32,West,2024-01-15,10.32,612,0,11.6,48,0,40300,53000,1
S32,West,2024-01-22,11.98,445,0,11.77,61,0,40300,53000,1
S32,West,2024-01-29,12.34,699,0,11.19,47,0,40300,53000,1
S32,West,2024-02-05,10.83,820,0,12.54,47,0,40300,53000,1
S32,West,2024-02-12,10.94,491,0,11.58,47,0,40300,53000,1
S32,West,2024-02-19,11.57,710,0,11.56,45,0,40300,53000,1
S32,West,2024-02-26,11.12,594,0,10.58,49,0,40300,53000,1
S32,West,2024-03-04,11.37,654,0,11.37,48,0,40300,53000,1
S32,West,2024-03-11,11.04,586,0,12.01,41,0,40300,53000,1
S32,West,2024-03-18,11.46,1027,0,12.25,49,0,40300,53000,1
S32,West,2024-03-25,12.05,781,0,12.84,58,0,40300,53000,1
S32,West,2024-04-01,12.41,442,0,12.46,67,0,40300,53000,1
S32,West,2024-04-08,12.86,271,0,11.67,55,0,40300,53000,1
S32,West,2024-04-15,10.76,317,1,10.89,63,0,40300,53000,1
S32,West,2024-04-22,12.49,441,0,12.43,71,0,40300,53000,1
S32,West,2024-04-29,11.72,374,0,11.85,65,0,40300,53000,1
S32,West,2024-05-06,10.36,353,0,11.77,61,0,40300,53000,1
S32,West,2024-05-13,11.74,279,0,10.6,70,0,40300,53000,1
S32,West,2024-05-20,11.69,314,0,11.45,63,0,40300,53000,1
S32,West,2024-05-27,11.21,499,1,11.79,78,1,40300,53000,1
S32,West,2024-06-03,11.45,304,0,11.31,68,0,40300,53000,1
S32,West,2024-06-10,10.73,268,0,12.12,72,0,40300,53000,1
S32,West,2024-06-17,12.15,361,0,12.26,69,0,40300,53000,1
S32,West,2024-06-24,11.9,325,0,11.8,76,0,40300,53000,1
S32,West,2024-07-01,12.5,661,1,12.16,71,1,40300,53000,1
S32,West,2024-07-08,11.53,254,0,12.9,74,0,40300,53000,1
S32,West,2024-07-15,12.2,294,0,11.66,71,0,40300,53000,1
S32,West,2024-07-22,11.15,411,1,11.72,75,0,40300,53000,1
S32,West,2024-07-29,11.51,418,1,11.57,68,0,40300,53000,1
S32,West,2024-08-05,11.47,273,0,11.54,76,0,40300,53000,1
S32,West,2024-08-12,10.89,361,1,11.51,80,0,40300,53000,1
S32,West,2024-08-19,11.53,387,0,11.84,64,0,40300,53000,1
S32,West,2024-08-26,10.49,269,0,12.36,70,0,40300,53000,1
S32,West,2024-09-02,12.4,508,0,12.68,72,1,40300,53000,1
S32,West,2024-09-09,11.55,344,0,11.71,67,0,40300,53000,1
S32,West,2024-09-16,12.15,511,1,12.44,69,0,40300,53000,1
S32,West,2024-09-23,12.38,384,0,11.62,74,0,40300,53000,1
S32,West,2024-09-30,12.22,473,1,11.83,69,0,40300,53000,1
S32,West,2024-10-07,10.73,357,0,11.45,65,0,40300,53000,1
S32,West,2024-10-14,12.82,482,0,12.45,65,0,40300,53000,1
S32,West,2024-10-21,12.2,331,0,12.14,68,0,40300,53000,1
S32,West,2024-10-28,12.29,504,0,13.32,68,0,40300,53000,1
S32,West,2024-11-04,12.32,472,0,11.84,61,0,40300,53000,1
S32,West,2024-11-11,11.73,581,0,12.02,56,0,40300,53000,1
S32,West,2024-11-18,13.11,547,0,11.91,53,0,40300,53000,1
S32,West,2024-11-25,12.09,738,0,12.35,53,1,40300,53000,1
S32,West,2024-12-02,11.98,456,1,11.54,57,0,40300,53000,1
S32,West,2024-12-09,11.38,547,1,11.29,49,0,40300,53000,1
S32,West,2024-12-16,12.94,618,0,12.64,48,0,40300,53000,1
S32,West,2024-12-23,12.27,410,0,11.57,49,1,40300,53000,1
S32,West,2024-12-30,11.67,622,0,11.62,50,1,40300,53000,1
S32,West,2025-01-06,11.46,531,0,11.18,54,0,40300,53000,1
S32,West,2025-01-13,12.2,709,1,10.93,49,0,40300,53000,1
S32,West,2025-01-20,12.07,466,0,11.69,60,0,40300,53000,1
S32,West,2025-01-27,12.89,589,1,11.7,53,0,40300,53000,1
S32,West,2025-02-03,13.77,798,0,13.29,49,0,40300,53000,1
S32,West,2025-02-10,13.8,605,0,13.11,55,0,40300,53000,1
S32,West,2025-02-17,12.4,739,0,12.4,49,0,40300,53000,1
S32,West,2025-02-24,13.35,462,0,12.01,51,0,40300,53000,1
S32,West,2025-03-03,12.55,404,0,11.44,49,0,40300,53000,1
S32,West,2025-03-10,12.17,455,0,11.07,56,0,40300,53000,1
S32,West,2025-03-17,12.66,486,0,11.93,54,0,40300,53000,1
S32,West,2025-03-24,13.36,765,0,12.34,55,0,40300,53000,1
S32,West,2025-03-31,14.0,499,1,11.68,64,0,40300,53000,1
S32,West,2025-04-07,11.72,464,0,11.04,55,0,40300,53000,1
S32,West,2025-04-14,12.55,431,0,12.76,70,0,40300,53000,1
S32,West,2025-04-21,11.99,446,0,10.93,61,0,40300,53000,1
S32,West,2025-04-28,11.2,254,0,11.07,67,0,40300,53000,1
S32,West,2025-05-05,12.65,437,0,12.59,66,0,40300,53000,1
S32,West,2025-05-12,11.9,452,0,12.48,63,0,40300,53000,1
S32,West,2025-05-19,12.57,372,1,11.67,73,0,40300,53000,1
S32,West,2025-05-26,12.46,479,0,13.1,68,1,40300,53000,1
S32,West,2025-06-02,12.29,400,0,12.06,69,0,40300,53000,1
S32,West,2025-06-09,12.14,236,0,12.05,77,0,40300,53000,1
S32,West,2025-06-16,12.34,404,0,11.65,77,0,40300,53000,1
S32,West,2025-06-23,11.28,317,0,12.22,82,0,40300,53000,1
S32,West,2025-06-30,11.55,259,0,10.18,79,1,40300,53000,1
S32,West,2025-07-07,11.68,260,0,11.83,76,0,40300,53000,1
S32,West,2025-07-14,11.96,273,0,12.05,83,0,40300,53000,1
S32,West,2025-07-21,11.4,368,1,11.85,64,0,40300,53000,1
S32,West,2025-07-28,12.06,322,0,11.9,70,0,40300,53000,1
S32,West,2025-08-04,12.95,318,0,11.25,77,0,40300,53000,1
S32,West,2025-08-11,11.28,338,0,11.27,71,0,40300,53000,1
S32,West,2025-08-18,11.11,232,0,10.86,79,0,40300,53000,1
S32,West,2025-08-25,12.71,538,0,12.97,73,0,40300,53000,1
S32,West,2025-09-01,13.88,715,0,12.98,75,1,40300,53000,1
S32,West,2025-09-08,14.28,486,1,12.49,71,0,40300,53000,1
S32,West,2025-09-15,12.84,451,0,12.31,71,0,40300,53000,1
S32,West,2025-09-22,12.51,449,0,12.36,66,0,40300,53000,1
S32,West,2025-09-29,11.57,314,0,11.81,65,0,40300,53000,1
S32,West,2025-10-06,11.89,357,0,11.78,66,0,40300,53000,1
S32,West,2025-10-13,13.01,567,0,12.06,56,0,40300,53000,1
S32,West,2025-10-20,11.96,483,0,11.75,62,0,40300,53000,1
S32,West,2025-10-27,12.4,515,0,11.82,53,0,40300,53000,1
S32,West,2025-11-03,11.99,410,0,11.16,62,0,40300,53000,1
S32,West,2025-11-10,11.09,473,0,10.87,55,0,40300,53000,1
S32,West,2025-11-17,11.51,691,0,12.14,56,0,40300,53000,1
S32,West,2025-11-24,12.63,903,0,11.77,53,1,40300,53000,1
S32,West,2025-12-01,12.92,697,0,12.53,53,0,40300,53000,1
S32,West,2025-12-08,10.86,541,0,11.14,53,0,40300,53000,1
S32,West,2025-12-15,10.6,433,0,11.19,54,0,40300,53000,1
S32,West,2025-12-22,10.02,458,0,11.29,52,1,40300,53000,1
S32,West,2025-12-29,11.09,634,0,11.29,61,1,40300,53000,1
S32,West,2026-01-05,10.93,517,0,11.82,56,0,40300,53000,1
S32,West,2026-01-12,11.64,443,0,11.88,56,0,40300,53000,1
S32,West,2026-01-19,10.86,545,0,11.45,53,0,40300,53000,1
S32,West,2026-01-26,11.91,503,0,11.97,52,0,40300,53000,1
S32,West,2026-02-02,12.76,645,0,12.55,46,0,40300,53000,1
S32,West,2026-02-09,12.55,558,0,11.77,43,0,40300,53000,1
S32,West,2026-02-16,11.94,597,0,10.8,42,0,40300,53000,1
S32,West,2026-02-23,11.77,540,0,11.67,49,0,40300,53000,1
S32,West,2026-03-02,12.63,587,0,12.23,54,0,40300,53000,1
S32,West,2026-03-09,11.31,437,0,11.88,52,0,40300,53000,1
S32,West,2026-03-16,11.57,301,0,10.31,57,0,40300,53000,1
S32,West,2026-03-23,11.32,336,0,12.46,58,0,40300,53000,1
S32,West,2026-03-30,11.23,329,0,11.46,58,0,40300,53000,1
S32,West,2026-04-06,11.68,539,0,11.76,53,0,40300,53000,1
S32,West,2026-04-13,11.71,245,0,10.57,65,0,40300,53000,1
S32,West,2026-04-20,12.59,411,0,11.08,64,0,40300,53000,1
S32,West,2026-04-27,12.1,479,0,11.85,61,0,40300,53000,1
S32,West,2026-05-04,11.06,308,0,11.13,60,0,40300,53000,1
S32,West,2026-05-11,12.36,370,0,11.08,69,0,40300,53000,1
S32,West,2026-05-18,11.97,262,0,10.59,75,0,40300,53000,1
S32,West,2026-05-25,11.97,536,0,12.43,72,1,40300,53000,1
S32,West,2026-06-01,12.51,505,0,11.45,70,0,40300,53000,1
S32,West,2026-06-08,12.12,527,1,11.96,66,0,40300,53000,1
S32,West,2026-06-15,11.1,253,0,11.78,79,0,40300,53000,1
S32,West,2026-06-22,12.92,363,0,12.41,73,0,40300,53000,1
S32,West,2026-06-29,11.75,384,0,11.91,69,1,40300,53000,1
S32,West,2026-07-06,12.7,465,0,12.62,72,0,40300,53000,1
S32,West,2026-07-13,12.24,457,1,12.35,75,0,40300,53000,1
S32,West,2026-07-20,14.0,420,0,12.6,79,0,40300,53000,1
S32,West,2026-07-27,12.54,402,0,11.98,77,0,40300,53000,1
S32,West,2026-08-03,12.99,559,0,12.07,72,0,40300,53000,1
S32,West,2026-08-10,12.68,330,0,11.39,88,0,40300,53000,1
S32,West,2026-08-17,12.16,468,1,12.36,70,0,40300,53000,1
S32,West,2026-08-24,13.08,529,0,11.45,75,0,40300,53000,1
S32,West,2026-08-31,12.56,476,1,11.52,71,0,40300,53000,1
S32,West,2026-09-07,12.49,379,1,11.4,75,1,40300,53000,1
S32,West,2026-09-14,12.37,633,0,12.69,70,0,40300,53000,1
S32,West,2026-09-21,12.34,352,0,11.3,73,0,40300,53000,1
S33,West,2023-10-02,11.41,387,0,12.22,71,0,32000,112000,1
S33,West,2023-10-09,11.14,323,0,11.04,65,0,32000,112000,1
S33,West,2023-10-16,11.07,727,1,11.38,63,0,32000,112000,1
S33,West,2023-10-23,12.05,638,1,10.72,54,0,32000,112000,1
S33,West,2023-10-30,11.74,741,0,11.35,48,0,32000,112000,1
S33,West,2023-11-06,11.72,697,0,12.58,59,0,32000,112000,1
S33,West,2023-11-13,10.93,515,1,11.98,59,0,32000,112000,1
S33,West,2023-11-20,10.99,1284,0,12.67,51,1,32000,112000,1
S33,West,2023-11-27,11.28,698,0,12.62,49,0,32000,112000,1
S33,West,2023-12-04,11.49,632,0,13.04,49,0,32000,112000,1
S33,West,2023-12-11,9.63,503,0,11.42,48,0,32000,112000,1
S33,West,2023-12-18,12.28,690,0,12.06,52,0,32000,112000,1
S33,West,2023-12-25,10.72,966,0,10.97,56,1,32000,112000,1
S33,West,2024-01-01,11.58,1052,0,11.75,45,1,32000,112000,1
S33,West,2024-01-08,12.07,1006,0,12.33,50,0,32000,112000,1
S33,West,2024-01-15,10.7,934,0,11.2,49,0,32000,112000,1
S33,West,2024-01-22,12.35,644,0,12.05,53,0,32000,112000,1
S33,West,2024-01-29,11.96,875,0,11.86,45,0,32000,112000,1
S33,West,2024-02-05,10.9,881,0,12.91,59,0,32000,112000,1
S33,West,2024-02-12,11.56,632,0,12.07,48,0,32000,112000,1
S33,West,2024-02-19,11.06,475,0,11.28,53,0,32000,112000,1
S33,West,2024-02-26,11.02,694,0,11.54,53,0,32000,112000,1
S33,West,2024-03-04,11.49,606,0,11.08,54,0,32000,112000,1
S33,West,2024-03-11,10.86,630,0,11.91,59,0,32000,112000,1
S33,West,2024-03-18,11.37,591,0,12.37,56,0,32000,112000,1
S33,West,2024-03-25,11.78,840,0,12.52,53,0,32000,112000,1
S33,West,2024-04-01,11.59,490,0,12.47,51,0,32000,112000,1
S33,West,2024-04-08,13.08,343,0,13.66,64,0,32000,112000,1
S33,West,2024-04-15,12.01,557,1,11.54,58,0,32000,112000,1
S33,West,2024-04-22,12.16,702,0,11.92,58,0,32000,112000,1
S33,West,2024-04-29,11.89,414,0,11.46,65,0,32000,112000,1
S33,West,2024-05-06,11.76,473,0,11.49,62,0,32000,112000,1
S33,West,2024-05-13,12.14,611,0,11.31,61,0,32000,112000,1
S33,West,2024-05-20,10.93,352,0,12.33,68,0,32000,112000,1
S33,West,2024-05-27,10.48,471,1,10.86,68,1,32000,112000,1
S33,West,2024-06-03,10.61,383,0,11.44,69,0,32000,112000,1
S33,West,2024-06-10,12.38,300,0,11.88,76,0,32000,112000,1
S33,West,2024-06-17,12.93,408,0,12.72,68,0,32000,112000,1
S33,West,2024-06-24,12.11,346,0,12.0,74,0,32000,112000,1
S33,West,2024-07-01,12.73,481,1,12.96,72,1,32000,112000,1
S33,West,2024-07-08,12.08,372,0,11.9,70,0,32000,112000,1
S33,West,2024-07-15,12.14,299,0,10.67,79,0,32000,112000,1
S33,West,2024-07-22,11.73,450,1,11.83,71,0,32000,112000,1
S33,West,2024-07-29,11.93,374,1,11.42,69,0,32000,112000,1
S33,West,2024-08-05,11.99,390,0,11.54,77,0,32000,112000,1
S33,West,2024-08-12,11.14,345,1,11.21,78,0,32000,112000,1
S33,West,2024-08-19,12.4,452,0,11.73,70,0,32000,112000,1
S33,West,2024-08-26,11.77,356,0,11.05,71,0,32000,112000,1
S33,West,2024-09-02,12.77,686,0,12.55,74,1,32000,112000,1
S33,West,2024-09-09,11.39,385,0,11.81,63,0,32000,112000,1
S33,West,2024-09-16,12.64,750,1,12.74,63,0,32000,112000,1
S33,West,2024-09-23,12.44,341,0,13.27,72,0,32000,112000,1
S33,West,2024-09-30,11.38,520,1,12.0,61,0,32000,112000,1
S33,West,2024-10-07,10.97,326,0,11.57,70,0,32000,112000,1
S33,West,2024-10-14,11.63,418,0,11.68,60,0,32000,112000,1
S33,West,2024-10-21,13.07,502,0,12.35,67,0,32000,112000,1
S33,West,2024-10-28,12.4,632,0,12.23,60,0,32000,112000,1
S33,West,2024-11-04,12.19,465,0,12.56,56,0,32000,112000,1
S33,West,2024-11-11,11.84,536,0,12.2,60,0,32000,112000,1
S33,West,2024-11-18,13.63,643,0,12.49,55,0,32000,112000,1
S33,West,2024-11-25,12.01,794,0,12.77,54,1,32000,112000,1
S33,West,2024-12-02,12.77,643,1,13.0,68,0,32000,112000,1
S33,West,2024-12-09,12.03,565,1,10.91,56,0,32000,112000,1
S33,West,2024-12-16,11.88,574,0,12.66,50,0,32000,112000,1
S33,West,2024-12-23,12.62,660,0,13.0,50,1,32000,112000,1
S33,West,2024-12-30,12.38,591,0,11.78,49,1,32000,112000,1
S33,West,2025-01-06,11.89,763,0,11.15,45,0,32000,112000,1
S33,West,2025-01-13,12.12,1063,1,11.84,44,0,32000,112000,1
S33,West,2025-01-20,12.73,584,0,11.27,44,0,32000,112000,1
S33,West,2025-01-27,12.24,647,1,11.19,51,0,32000,112000,1
S33,West,2025-02-03,13.04,727,0,12.18,51,0,32000,112000,1
S33,West,2025-02-10,13.15,659,0,12.31,57,0,32000,112000,1
S33,West,2025-02-17,12.31,960,0,11.84,49,0,32000,112000,1
S33,West,2025-02-24,12.2,743,0,11.83,44,0,32000,112000,1
S33,West,2025-03-03,11.96,567,0,12.06,45,0,32000,112000,1
S33,West,2025-03-10,12.44,538,0,12.43,54,0,32000,112000,1
S33,West,2025-03-17,12.87,583,0,11.76,56,0,32000,112000,1
S33,West,2025-03-24,11.57,490,0,12.14,61,0,32000,112000,1
S33,West,2025-03-31,13.04,570,1,12.34,65,0,32000,112000,1
S33,West,2025-04-07,12.13,648,0,11.79,54,0,32000,112000,1
S33,West,2025-04-14,11.99,524,0,12.91,55,0,32000,112000,1
S33,West,2025-04-21,13.99,238,0,11.63,64,0,32000,112000,1
S33,West,2025-04-28,11.99,393,0,11.3,61,0,32000,112000,1
S33,West,2025-05-05,9.99,801,0,12.14,66,0,32000,112000,1
S33,West,2025-05-12,11.99,301,0,10.78,64,0,32000,112000,1
S33,West,2025-05-19,9.99,569,0,11.35,72,0,32000,112000,1
S33,West,2025-05-26,9.99,1244,0,12.51,70,1,32000,112000,1
S33,West,2025-06-02,13.99,243,0,10.95,69,0,32000,112000,1
S33,West,2025-06-09,11.99,486,0,11.64,63,0,32000,112000,1
S33,West,2025-06-16,13.99,235,0,11.81,74,0,32000,112000,1
S33,West,2025-06-23,9.99,753,0,12.4,76,0,32000,112000,1
S33,West,2025-06-30,9.99,445,0,11.05,77,1,32000,112000,1
S33,West,2025-07-07,12.14,407,0,11.39,80,0,32000,112000,1
S33,West,2025-07-14,12.18,228,0,10.67,71,0,32000,112000,1
S33,West,2025-07-21,11.43,396,1,11.8,72,0,32000,112000,1
S33,West,2025-07-28,12.31,314,0,11.84,82,0,32000,112000,1
S33,West,2025-08-04,12.5,262,0,11.52,79,0,32000,112000,1
S33,West,2025-08-11,11.56,319,0,11.17,72,0,32000,112000,1
S33,West,2025-08-18,12.49,409,0,11.53,77,0,32000,112000,1
S33,West,2025-08-25,13.25,668,0,12.73,74,0,32000,112000,1
S33,West,2025-09-01,13.41,681,0,13.11,73,1,32000,112000,1
S33,West,2025-09-08,12.47,489,1,12.23,71,0,32000,112000,1
S33,West,2025-09-15,13.29,581,0,11.9,69,0,32000,112000,1
S33,West,2025-09-22,13.02,382,0,12.59,67,0,32000,112000,1
S33,West,2025-09-29,11.41,321,0,10.65,69,0,32000,112000,1
S33,West,2025-10-06,12.06,463,0,12.0,69,0,32000,112000,1
S33,West,2025-10-13,12.52,468,0,12.03,60,0,32000,112000,1
S33,West,2025-10-20,12.72,593,0,11.6,64,0,32000,112000,1
S33,West,2025-10-27,12.01,491,0,11.97,63,0,32000,112000,1
S33,West,2025-11-03,12.76,691,0,11.27,59,0,32000,112000,1
S33,West,2025-11-10,11.23,530,0,10.53,55,0,32000,112000,1
S33,West,2025-11-17,11.14,437,0,11.22,65,0,32000,112000,1
S33,West,2025-11-24,12.09,1061,0,13.13,49,1,32000,112000,1
S33,West,2025-12-01,11.49,608,0,12.32,50,0,32000,112000,1
S33,West,2025-12-08,11.46,599,0,10.96,53,0,32000,112000,1
S33,West,2025-12-15,11.34,505,0,10.58,55,0,32000,112000,1
S33,West,2025-12-22,10.09,595,0,10.91,54,1,32000,112000,1
S33,West,2025-12-29,10.67,603,0,10.85,51,1,32000,112000,1
S33,West,2026-01-05,10.81,487,0,11.96,53,0,32000,112000,1
S33,West,2026-01-12,11.12,545,0,11.12,53,0,32000,112000,1
S33,West,2026-01-19,11.21,751,0,10.99,46,0,32000,112000,1
S33,West,2026-01-26,11.59,713,0,11.71,59,0,32000,112000,1
S33,West,2026-02-02,12.16,631,0,11.29,51,0,32000,112000,1
S33,West,2026-02-09,12.3,691,0,12.65,42,0,32000,112000,1
S33,West,2026-02-16,12.2,731,0,11.13,50,0,32000,112000,1
S33,West,2026-02-23,13.02,543,0,11.83,55,0,32000,112000,1
S33,West,2026-03-02,12.37,751,0,12.1,48,0,32000,112000,1
S33,West,2026-03-09,11.8,480,0,11.49,64,0,32000,112000,1
S33,West,2026-03-16,11.81,456,0,12.14,61,0,32000,112000,1
S33,West,2026-03-23,11.56,688,0,12.27,55,0,32000,112000,1
S33,West,2026-03-30,11.93,337,0,11.23,51,0,32000,112000,1
S33,West,2026-04-06,10.74,309,0,11.13,55,0,32000,112000,1
S33,West,2026-04-13,10.77,298,0,10.89,61,0,32000,112000,1
S33,West,2026-04-20,11.5,474,0,11.42,59,0,32000,112000,1
S33,West,2026-04-27,10.58,397,0,11.68,60,0,32000,112000,1
S33,West,2026-05-04,11.07,309,0,11.22,57,0,32000,112000,1
S33,West,2026-05-11,11.42,370,0,10.58,69,0,32000,112000,1
S33,West,2026-05-18,12.02,321,0,10.89,65,0,32000,112000,1
S33,West,2026-05-25,12.71,595,0,12.09,71,1,32000,112000,1
S33,West,2026-06-01,12.12,357,0,11.62,69,0,32000,112000,1
S33,West,2026-06-08,11.11,585,1,12.03,73,0,32000,112000,1
S33,West,2026-06-15,12.03,393,0,11.62,84,0,32000,112000,1
S33,West,2026-06-22,13.19,565,0,11.99,67,0,32000,112000,1
S33,West,2026-06-29,12.04,493,0,12.7,68,1,32000,112000,1
S33,West,2026-07-06,11.97,534,0,11.22,67,0,32000,112000,1
S33,West,2026-07-13,12.79,563,1,13.13,84,0,32000,112000,1
S33,West,2026-07-20,13.52,522,0,12.24,72,0,32000,112000,1
S33,West,2026-07-27,12.22,438,0,11.9,74,0,32000,112000,1
S33,West,2026-08-03,12.83,630,0,12.22,77,0,32000,112000,1
S33,West,2026-08-10,12.22,400,0,12.4,74,0,32000,112000,1
S33,West,2026-08-17,11.53,610,1,11.46,66,0,32000,112000,1
S33,West,2026-08-24,13.03,510,0,11.71,70,0,32000,112000,1
S33,West,2026-08-31,11.95,555,1,11.91,66,0,32000,112000,1
S33,West,2026-09-07,11.5,596,1,11.36,68,1,32000,112000,1
S33,West,2026-09-14,12.52,461,0,11.88,65,0,32000,112000,1
S33,West,2026-09-21,12.79,590,0,11.65,62,0,32000,112000,1
S34,West,2023-10-02,11.34,405,0,11.06,65,0,29000,93000,1
S34,West,2023-10-09,10.91,186,0,10.77,68,0,29000,93000,1
S34,West,2023-10-16,10.85,513,1,10.93,62,0,29000,93000,1
S34,West,2023-10-23,11.17,457,1,10.81,62,0,29000,93000,1
S34,West,2023-10-30,11.31,574,0,12.04,63,0,29000,93000,1
S34,West,2023-11-06,12.24,531,0,11.18,66,0,29000,93000,1
S34,West,2023-11-13,11.55,804,1,11.79,62,0,29000,93000,1
S34,West,2023-11-20,10.71,764,0,11.86,55,1,29000,93000,1
S34,West,2023-11-27,12.73,815,0,12.85,48,0,29000,93000,1
S34,West,2023-12-04,11.19,704,0,12.57,52,0,29000,93000,1
S34,West,2023-12-11,10.79,404,0,11.45,47,0,29000,93000,1
S34,West,2023-12-18,12.15,803,0,12.16,50,0,29000,93000,1
S34,West,2023-12-25,10.91,769,0,11.64,45,1,29000,93000,1
S34,West,2024-01-01,11.08,844,0,12.19,52,1,29000,93000,1
S34,West,2024-01-08,11.46,608,0,12.02,59,0,29000,93000,1
S34,West,2024-01-15,10.48,531,0,10.94,45,0,29000,93000,1
S34,West,2024-01-22,12.43,585,0,11.5,46,0,29000,93000,1
S34,West,2024-01-29,12.11,926,0,12.19,44,0,29000,93000,1
S34,West,2024-02-05,10.7,551,0,12.55,64,0,29000,93000,1
S34,West,2024-02-12,11.38,727,0,11.62,60,0,29000,93000,1
S34,West,2024-02-19,10.58,581,0,11.25,50,0,29000,93000,1
S34,West,2024-02-26,10.35,430,0,11.67,49,0,29000,93000,1
S34,West,2024-03-04,12.47,694,0,12.1,47,0,29000,93000,1
S34,West,2024-03-11,10.51,636,0,11.97,50,0,29000,93000,1
S34,West,2024-03-18,11.41,550,0,11.87,58,0,29000,93000,1
S34,West,2024-03-25,11.29,605,0,12.23,58,0,29000,93000,1
S34,West,2024-04-01,12.41,465,0,12.04,52,0,29000,93000,1
S34,West,2024-04-08,12.79,443,0,12.79,59,0,29000,93000,1
S34,West,2024-04-15,10.8,353,1,11.2,60,0,29000,93000,1
S34,West,2024-04-22,12.77,539,0,12.08,62,0,29000,93000,1
S34,West,2024-04-29,11.58,306,0,11.66,61,0,29000,93000,1
S34,West,2024-05-06,11.35,286,0,11.43,68,0,29000,93000,1
S34,West,2024-05-13,10.92,356,0,11.0,63,0,29000,93000,1
S34,West,2024-05-20,12.23,424,0,13.19,63,0,29000,93000,1
S34,West,2024-05-27,11.34,422,1,11.04,72,1,29000,93000,1
S34,West,2024-06-03,10.75,193,0,10.53,64,0,29000,93000,1
S34,West,2024-06-10,11.99,230,0,12.06,75,0,29000,93000,1
S34,West,2024-06-17,13.03,368,0,12.73,70,0,29000,93000,1
S34,West,2024-06-24,12.05,332,0,12.18,73,0,29000,93000,1
S34,West,2024-07-01,13.08,691,1,12.26,69,1,29000,93000,1
S34,West,2024-07-08,11.94,353,0,12.88,68,0,29000,93000,1
S34,West,2024-07-15,12.4,249,0,11.71,73,0,29000,93000,1
S34,West,2024-07-22,12.1,387,1,12.48,62,0,29000,93000,1
S34,West,2024-07-29,11.61,334,1,12.28,77,0,29000,93000,1
S34,West,2024-08-05,12.24,482,0,12.13,71,0,29000,93000,1
S34,West,2024-08-12,10.5,300,1,12.18,66,0,29000,93000,1
S34,West,2024-08-19,11.63,305,0,12.31,74,0,29000,93000,1
S34,West,2024-08-26,11.1,201,0,11.02,82,0,29000,93000,1
S34,West,2024-09-02,13.55,575,0,11.52,65,1,29000,93000,1
S34,West,2024-09-09,10.95,300,0,11.56,67,0,29000,93000,1
S34,West,2024-09-16,12.86,553,1,12.87,71,0,29000,93000,1
S34,West,2024-09-23,11.79,370,0,12.58,73,0,29000,93000,1
S34,West,2024-09-30,11.76,361,1,12.37,70,0,29000,93000,1
S34,West,2024-10-07,11.32,345,0,11.86,64,0,29000,93000,1
S34,West,2024-10-14,12.36,291,0,12.39,65,0,29000,93000,1
S34,West,2024-10-21,11.65,228,0,11.75,68,0,29000,93000,1
S34,West,2024-10-28,11.74,536,0,13.1,65,0,29000,93000,1
S34,West,2024-11-04,12.51,523,0,11.8,57,0,29000,93000,1
S34,West,2024-11-11,11.25,545,0,12.06,49,0,29000,93000,1
S34,West,2024-11-18,12.72,573,0,12.53,55,0,29000,93000,1
S34,West,2024-11-25,11.94,757,0,12.7,56,1,29000,93000,1
S34,West,2024-12-02,12.25,612,1,12.32,49,0,29000,93000,1
S34,West,2024-12-09,11.93,473,1,11.27,49,0,29000,93000,1
S34,West,2024-12-16,11.65,517,0,12.06,42,0,29000,93000,1
S34,West,2024-12-23,12.56,605,0,11.42,45,1,29000,93000,1
S34,West,2024-12-30,11.65,460,0,11.57,58,1,29000,93000,1
S34,West,2025-01-06,10.63,320,0,11.04,57,0,29000,93000,1
S34,West,2025-01-13,12.44,727,1,12.08,47,0,29000,93000,1
S34,West,2025-01-20,12.58,430,0,12.19,55,0,29000,93000,1
S34,West,2025-01-27,12.91,545,1,11.72,52,0,29000,93000,1
S34,West,2025-02-03,13.85,514,0,12.74,60,0,29000,93000,1
S34,West,2025-02-10,12.53,404,0,12.51,61,0,29000,93000,1
S34,West,2025-02-17,12.34,691,0,12.16,50,0,29000,93000,1
S34,West,2025-02-24,11.51,524,0,11.55,53,0,29000,93000,1
S34,West,2025-03-03,13.23,428,0,11.79,50,0,29000,93000,1
S34,West,2025-03-10,13.47,493,0,11.32,56,0,29000,93000,1
S34,West,2025-03-17,12.59,408,0,12.59,58,0,29000,93000,1
S34,West,2025-03-24,12.63,640,0,12.12,63,0,29000,93000,1
S34,West,2025-03-31,12.15,549,1,10.96,51,0,29000,93000,1
S34,West,2025-04-07,11.39,409,0,11.34,53,0,29000,93000,1
S34,West,2025-04-14,13.9,478,0,12.08,63,0,29000,93000,1
S34,West,2025-04-21,11.72,247,0,11.66,71,0,29000,93000,1
S34,West,2025-04-28,11.23,338,0,10.74,68,0,29000,93000,1
S34,West,2025-05-05,11.89,328,0,11.47,66,0,29000,93000,1
S34,West,2025-05-12,11.25,323,0,11.21,70,0,29000,93000,1
S34,West,2025-05-19,12.62,432,1,12.3,62,0,29000,93000,1
S34,West,2025-05-26,12.56,646,0,12.31,60,1,29000,93000,1
S34,West,2025-06-02,12.17,331,0,11.74,68,0,29000,93000,1
S34,West,2025-06-09,12.56,267,0,12.48,71,0,29000,93000,1
S34,West,2025-06-16,11.79,367,0,12.85,69,0,29000,93000,1
S34,West,2025-06-23,11.32,351,0,11.78,75,0,29000,93000,1
S34,West,2025-06-30,12.31,322,0,10.96,62,1,29000,93000,1
S34,West,2025-07-07,12.12,265,0,12.17,74,0,29000,93000,1
S34,West,2025-07-14,11.79,178,0,11.97,74,0,29000,93000,1
S34,West,2025-07-21,11.55,355,1,12.26,73,0,29000,93000,1
S34,West,2025-07-28,11.29,278,0,11.35,72,0,29000,93000,1
S34,West,2025-08-04,12.83,265,0,12.45,74,0,29000,93000,1
S34,West,2025-08-11,11.36,313,0,11.77,62,0,29000,93000,1
S34,West,2025-08-18,12.72,348,0,11.39,69,0,29000,93000,1
S34,West,2025-08-25,12.88,435,0,13.58,69,0,29000,93000,1
S34,West,2025-09-01,13.01,357,0,12.42,77,1,29000,93000,1
S34,West,2025-09-08,13.55,491,1,13.09,68,0,29000,93000,1
S34,West,2025-09-15,13.16,433,0,12.76,73,0,29000,93000,1
S34,West,2025-09-22,12.61,372,0,12.2,70,0,29000,93000,1
S34,West,2025-09-29,12.73,348,0,11.31,72,0,29000,93000,1
S34,West,2025-10-06,11.51,417,0,11.96,65,0,29000,93000,1
S34,West,2025-10-13,12.78,476,0,12.44,59,0,29000,93000,1
S34,West,2025-10-20,11.64,370,0,12.83,63,0,29000,93000,1
S34,West,2025-10-27,11.83,356,0,11.23,67,0,29000,93000,1
S34,West,2025-11-03,12.57,367,0,11.2,70,0,29000,93000,1
S34,West,2025-11-10,11.39,366,0,11.72,59,0,29000,93000,1
S34,West,2025-11-17,11.82,494,0,11.68,57,0,29000,93000,1
S34,West,2025-11-24,11.95,682,0,11.42,57,1,29000,93000,1
S34,West,2025-12-01,11.78,656,0,11.78,56,0,29000,93000,1
S34,West,2025-12-08,10.93,511,0,11.28,46,0,29000,93000,1
S34,West,2025-12-15,11.59,604,0,10.74,51,0,29000,93000,1
S34,West,2025-12-22,10.92,564,0,11.5,48,1,29000,93000,1
S34,West,2025-12-29,11.52,488,0,10.52,58,1,29000,93000,1
S34,West,2026-01-05,11.14,432,0,11.12,49,0,29000,93000,1
S34,West,2026-01-12,10.26,362,0,11.67,50,0,29000,93000,1
S34,West,2026-01-19,11.21,463,0,11.14,54,0,29000,93000,1
S34,West,2026-01-26,12.16,578,0,11.72,52,0,29000,93000,1
S34,West,2026-02-02,12.3,442,0,11.27,44,0,29000,93000,1
S34,West,2026-02-09,12.45,533,0,12.62,47,0,29000,93000,1
S34,West,2026-02-16,11.14,392,0,11.03,46,0,29000,93000,1
S34,West,2026-02-23,12.14,435,0,11.59,51,0,29000,93000,1
S34,West,2026-03-02,12.28,685,0,11.63,52,0,29000,93000,1
S34,West,2026-03-09,12.71,429,0,11.4,55,0,29000,93000,1
S34,West,2026-03-16,11.52,249,0,11.61,62,0,29000,93000,1
S34,West,2026-03-23,11.83,387,0,11.26,56,0,29000,93000,1
S34,West,2026-03-30,11.69,413,0,11.49,55,0,29000,93000,1
S34,West,2026-04-06,11.14,418,0,12.08,59,0,29000,93000,1
S34,West,2026-04-13,10.61,370,0,11.05,62,0,29000,93000,1
S34,West,2026-04-20,12.15,431,0,10.69,62,0,29000,93000,1
S34,West,2026-04-27,11.19,330,0,11.19,63,0,29000,93000,1
S34,West,2026-05-04,10.81,347,0,11.76,67,0,29000,93000,1
S34,West,2026-05-11,11.67,304,0,11.57,61,0,29000,93000,1
S34,West,2026-05-18,11.83,254,0,11.34,69,0,29000,93000,1
S34,West,2026-05-25,12.08,431,0,11.94,67,1,29000,93000,1
S34,West,2026-06-01,11.28,445,0,11.67,72,0,29000,93000,1
S34,West,2026-06-08,10.79,302,1,11.56,77,0,29000,93000,1
S34,West,2026-06-15,11.76,316,0,11.43,71,0,29000,93000,1
S34,West,2026-06-22,13.66,435,0,12.34,70,0,29000,93000,1
S34,West,2026-06-29,12.55,486,0,12.72,73,1,29000,93000,1
S34,West,2026-07-06,12.82,312,0,11.58,79,0,29000,93000,1
S34,West,2026-07-13,12.4,465,1,12.5,69,0,29000,93000,1
S34,West,2026-07-20,13.31,620,0,12.63,71,0,29000,93000,1
S34,West,2026-07-27,12.27,370,0,12.75,82,0,29000,93000,1
S34,West,2026-08-03,13.28,535,0,12.08,72,0,29000,93000,1
S34,West,2026-08-10,12.05,448,0,12.69,72,0,29000,93000,1
S34,West,2026-08-17,12.42,430,1,11.88,71,0,29000,93000,1
S34,West,2026-08-24,12.62,469,0,11.63,71,0,29000,93000,1
S34,West,2026-08-31,11.7,359,1,11.61,70,0,29000,93000,1
S34,West,2026-09-07,12.45,515,1,11.87,78,1,29000,93000,1
S34,West,2026-09-14,12.46,384,0,10.56,73,0,29000,93000,1
S34,West,2026-09-21,11.9,380,0,12.58,68,0,29000,93000,1
S35,West,2023-10-02,10.77,216,0,11.48,70,0,27400,89000,0
S35,West,2023-10-09,11.33,176,0,11.04,69,0,27400,89000,0
S35,West,2023-10-16,11.08,395,1,11.77,67,0,27400,89000,0
S35,West,2023-10-23,12.85,324,1,10.73,65,0,27400,89000,0
S35,West,2023-10-30,11.66,285,0,12.82,67,0,27400,89000,0
S35,West,2023-11-06,11.83,407,0,11.48,62,0,27400,89000,0
S35,West,2023-11-13,12.24,381,1,11.46,61,0,27400,89000,0
S35,West,2023-11-20,10.63,642,0,11.72,55,1,27400,89000,0
S35,West,2023-11-27,12.55,498,0,12.31,54,0,27400,89000,0
S35,West,2023-12-04,12.07,470,0,12.22,54,0,27400,89000,0
S35,West,2023-12-11,10.58,338,0,11.14,51,0,27400,89000,0
S35,West,2023-12-18,11.4,352,0,11.94,53,0,27400,89000,0
S35,West,2023-12-25,10.59,469,0,11.26,51,1,27400,89000,0
S35,West,2024-01-01,10.91,412,0,11.65,52,1,27400,89000,0
S35,West,2024-01-08,12.26,481,0,12.14,55,0,27400,89000,0
S35,West,2024-01-15,10.46,527,0,12.3,45,0,27400,89000,0
S35,West,2024-01-22,11.71,407,0,11.93,47,0,27400,89000,0
S35,West,2024-01-29,11.44,502,0,11.83,48,0,27400,89000,0
S35,West,2024-02-05,10.79,579,0,12.07,46,0,27400,89000,0
S35,West,2024-02-12,11.11,356,0,11.62,49,0,27400,89000,0
S35,West,2024-02-19,11.45,426,0,11.74,53,0,27400,89000,0
S35,West,2024-02-26,10.51,281,0,11.94,50,0,27400,89000,0
S35,West,2024-03-04,11.51,424,0,11.74,49,0,27400,89000,0
S35,West,2024-03-11,11.01,379,0,11.54,52,0,27400,89000,0
S35,West,2024-03-18,11.04,379,0,12.02,54,0,27400,89000,0
S35,West,2024-03-25,12.02,560,0,12.84,49,0,27400,89000,0
S35,West,2024-04-01,11.85,337,0,12.27,56,0,27400,89000,0
S35,West,2024-04-08,13.17,237,0,12.49,62,0,27400,89000,0
S35,West,2024-04-15,11.77,290,1,10.75,63,0,27400,89000,0
S35,West,2024-04-22,12.01,325,0,12.5,67,0,27400,89000,0
S35,West,2024-04-29,12.19,235,0,11.09,61,0,27400,89000,0
S35,West,2024-05-06,10.97,270,0,10.94,60,0,27400,89000,0
S35,West,2024-05-13,12.27,252,0,11.59,70,0,27400,89000,0
S35,West,2024-05-20,11.48,216,0,13.01,70,0,27400,89000,0
S35,West,2024-05-27,11.0,357,1,12.49,58,1,27400,89000,0
S35,West,2024-06-03,10.23,135,0,11.24,73,0,27400,89000,0
S35,West,2024-06-10,10.9,160,0,11.38,62,0,27400,89000,0
S35,West,2024-06-17,12.21,222,0,11.99,74,0,27400,89000,0
S35,West,2024-06-24,11.81,191,0,11.9,71,0,27400,89000,0
S35,West,2024-07-01,13.23,376,1,11.65,80,1,27400,89000,0
S35,West,2024-07-08,11.63,171,0,11.44,77,0,27400,89000,0
S35,West,2024-07-15,12.45,176,0,10.79,60,0,27400,89000,0
S35,West,2024-07-22,11.88,255,1,11.17,74,0,27400,89000,0
S35,West,2024-07-29,11.83,226,1,11.31,72,0,27400,89000,0
S35,West,2024-08-05,11.99,179,0,12.24,78,0,27400,89000,0
S35,West,2024-08-12,10.12,124,1,10.78,78,0,27400,89000,0
S35,West,2024-08-19,11.66,254,0,12.14,72,0,27400,89000,0
S35,West,2024-08-26,11.29,124,0,11.73,74,0,27400,89000,0
S35,West,2024-09-02,12.28,259,0,11.52,73,1,27400,89000,0
S35,West,2024-09-09,11.25,256,0,12.25,69,0,27400,89000,0
S35,West,2024-09-16,12.74,334,1,12.34,71,0,27400,89000,0
S35,West,2024-09-23,11.84,285,0,12.21,67,0,27400,89000,0
S35,West,2024-09-30,11.83,318,1,11.6,65,0,27400,89000,0
S35,West,2024-10-07,11.69,267,0,12.22,68,0,27400,89000,0
S35,West,2024-10-14,11.99,280,0,11.77,68,0,27400,89000,0
S35,West,2024-10-21,11.87,197,0,12.42,64,0,27400,89000,0
S35,West,2024-10-28,13.29,388,0,12.73,64,0,27400,89000,0
S35,West,2024-11-04,12.24,272,0,12.51,55,0,27400,89000,0
S35,West,2024-11-11,12.07,313,0,11.28,62,0,27400,89000,0
S35,West,2024-11-18,13.37,387,0,12.99,54,0,27400,89000,0
S35,West,2024-11-25,12.3,467,0,12.22,55,1,27400,89000,0
S35,West,2024-12-02,11.07,335,1,11.8,61,0,27400,89000,0
S35,West,2024-12-09,11.25,317,1,11.97,59,0,27400,89000,0
S35,West,2024-12-16,12.48,279,0,11.84,56,0,27400,89000,0
S35,West,2024-12-23,12.21,311,0,11.72,56,1,27400,89000,0
S35,West,2024-12-30,11.88,442,0,11.65,47,1,27400,89000,0
S35,West,2025-01-06,11.42,240,0,11.76,58,0,27400,89000,0
S35,West,2025-01-13,12.43,601,1,12.56,48,0,27400,89000,0
S35,West,2025-01-20,12.29,361,0,12.38,50,0,27400,89000,0
S35,West,2025-01-27,12.43,355,1,12.14,45,0,27400,89000,0
S35,West,2025-02-03,13.48,429,0,11.73,55,0,27400,89000,0
S35,West,2025-02-10,13.42,391,0,12.75,50,0,27400,89000,0
S35,West,2025-02-17,13.23,567,0,13.32,50,0,27400,89000,0
S35,West,2025-02-24,12.52,405,0,12.03,52,0,27400,89000,0
S35,West,2025-03-03,12.11,266,0,12.27,52,0,27400,89000,0
S35,West,2025-03-10,12.23,275,0,11.53,55,0,27400,89000,0
S35,West,2025-03-17,13.13,246,0,11.11,60,0,27400,89000,0
S35,West,2025-03-24,12.34,324,0,11.82,59,0,27400,89000,0
S35,West,2025-03-31,13.05,445,1,11.16,50,0,27400,89000,0
S35,West,2025-04-07,12.22,396,0,11.47,54,0,27400,89000,0
S35,West,2025-04-14,12.81,328,0,13.6,66,0,27400,89000,0
S35,West,2025-04-21,11.18,229,0,11.56,56,0,27400,89000,0
S35,West,2025-04-28,11.56,289,0,11.24,65,0,27400,89000,0
S35,West,2025-05-05,12.52,240,0,11.11,69,0,27400,89000,0
S35,West,2025-05-12,12.09,247,0,12.33,70,0,27400,89000,0
S35,West,2025-05-19,12.89,208,1,11.77,77,0,27400,89000,0
S35,West,2025-05-26,12.77,419,0,12.19,66,1,27400,89000,0
S35,West,2025-06-02,12.16,285,0,12.57,74,0,27400,89000,0
S35,West,2025-06-09,12.79,245,0,12.03,72,0,27400,89000,0
S35,West,2025-06-16,12.6,304,0,12.15,80,0,27400,89000,0
S35,West,2025-06-23,11.89,261,0,12.48,66,0,27400,89000,0
S35,West,2025-06-30,11.43,136,0,11.24,73,1,27400,89000,0
S35,West,2025-07-07,12.83,185,0,11.52,83,0,27400,89000,0
S35,West,2025-07-14,11.75,155,0,11.36,74,0,27400,89000,0
S35,West,2025-07-21,12.16,295,1,11.95,72,0,27400,89000,0
S35,West,2025-07-28,12.08,204,0,11.35,72,0,27400,89000,0
S35,West,2025-08-04,12.22,175,0,11.25,66,0,27400,89000,0
S35,West,2025-08-11,12.07,195,0,11.72,74,0,27400,89000,0
S35,West,2025-08-18,11.4,264,0,12.53,66,0,27400,89000,0
S35,West,2025-08-25,12.67,207,0,13.68,75,0,27400,89000,0
S35,West,2025-09-01,13.48,393,0,12.43,68,1,27400,89000,0
S35,West,2025-09-08,13.06,404,1,12.95,71,0,27400,89000,0
S35,West,2025-09-15,12.98,429,0,12.19,66,0,27400,89000,0
S35,West,2025-09-22,12.71,321,0,12.23,66,0,27400,89000,0
S35,West,2025-09-29,10.95,196,0,11.52,69,0,27400,89000,0
S35,West,2025-10-06,11.65,345,0,12.35,71,0,27400,89000,0
S35,West,2025-10-13,12.81,316,0,12.39,70,0,27400,89000,0
S35,West,2025-10-20,11.91,255,0,12.33,63,0,27400,89000,0
S35,West,2025-10-27,12.67,388,0,11.5,57,0,27400,89000,0
S35,West,2025-11-03,10.96,282,0,10.99,63,0,27400,89000,0
S35,West,2025-11-10,11.66,191,0,11.41,60,0,27400,89000,0
S35,West,2025-11-17,10.8,277,0,11.97,58,0,27400,89000,0
S35,West,2025-11-24,11.59,525,0,12.11,41,1,27400,89000,0
S35,West,2025-12-01,11.43,351,0,11.94,50,0,27400,89000,0
S35,West,2025-12-08,11.35,347,0,11.39,46,0,27400,89000,0
S35,West,2025-12-15,10.87,349,0,10.85,49,0,27400,89000,0
S35,West,2025-12-22,11.37,446,0,11.7,51,1,27400,89000,0
S35,West,2025-12-29,11.08,375,0,11.09,55,1,27400,89000,0
S35,West,2026-01-05,11.05,372,0,10.95,46,0,27400,89000,0
S35,West,2026-01-12,11.29,254,0,12.17,62,0,27400,89000,0
S35,West,2026-01-19,10.96,360,0,10.6,49,0,27400,89000,0
S35,West,2026-01-26,12.08,454,0,11.83,51,0,27400,89000,0
S35,West,2026-02-02,12.56,447,0,12.63,48,0,27400,89000,0
S35,West,2026-02-09,12.84,364,0,12.25,52,0,27400,89000,0
S35,West,2026-02-16,12.01,308,0,10.8,44,0,27400,89000,0
S35,West,2026-02-23,11.62,320,0,11.88,49,0,27400,89000,0
S35,West,2026-03-02,12.51,530,0,12.17,41,0,27400,89000,0
S35,West,2026-03-09,11.67,318,0,11.59,57,0,27400,89000,0
S35,West,2026-03-16,11.33,375,0,11.13,46,0,27400,89000,0
S35,West,2026-03-23,12.03,308,0,10.98,45,0,27400,89000,0
S35,West,2026-03-30,11.45,245,0,11.54,58,0,27400,89000,0
S35,West,2026-04-06,11.81,229,0,10.99,56,0,27400,89000,0
S35,West,2026-04-13,11.67,258,0,10.35,66,0,27400,89000,0
S35,West,2026-04-20,11.54,238,0,11.56,68,0,27400,89000,0
S35,West,2026-04-27,12.24,293,0,12.63,63,0,27400,89000,0
S35,West,2026-05-04,11.77,218,0,11.69,67,0,27400,89000,0
S35,West,2026-05-11,10.96,161,0,10.95,64,0,27400,89000,0
S35,West,2026-05-18,11.95,158,0,11.03,67,0,27400,89000,0
S35,West,2026-05-25,12.1,344,0,11.31,74,1,27400,89000,0
S35,West,2026-06-01,12.05,205,0,11.85,71,0,27400,89000,0
S35,West,2026-06-08,11.6,246,1,12.0,75,0,27400,89000,0
S35,West,2026-06-15,11.15,279,0,12.18,72,0,27400,89000,0
S35,West,2026-06-22,13.75,362,0,13.24,74,0,27400,89000,0
S35,West,2026-06-29,13.27,267,0,12.06,76,1,27400,89000,0
S35,West,2026-07-06,12.14,237,0,12.06,61,0,27400,89000,0
S35,West,2026-07-13,12.72,375,1,12.07,71,0,27400,89000,0
S35,West,2026-07-20,13.04,328,0,12.17,77,0,27400,89000,0
S35,West,2026-07-27,12.69,339,0,11.86,66,0,27400,89000,0
S35,West,2026-08-03,12.81,431,0,11.95,76,0,27400,89000,0
S35,West,2026-08-10,12.51,285,0,11.35,74,0,27400,89000,0
S35,West,2026-08-17,12.94,295,1,12.05,77,0,27400,89000,0
S35,West,2026-08-24,13.08,303,0,11.8,67,0,27400,89000,0
S35,West,2026-08-31,12.38,417,1,11.73,66,0,27400,89000,0
S35,West,2026-09-07,12.65,296,1,11.81,71,1,27400,89000,0
S35,West,2026-09-14,11.99,226,0,11.22,85,0,27400,89000,0
S35,West,2026-09-21,12.6,285,0,11.52,76,0,27400,89000,0
S36,West,2023-10-02,11.18,319,0,11.15,68,0,32700,45000,0
S36,West,2023-10-09,11.1,214,0,10.68,73,0,32700,45000,0
S36,West,2023-10-16,10.75,410,1,10.84,55,0,32700,45000,0
S36,West,2023-10-23,12.53,480,1,12.03,60,0,32700,45000,0
S36,West,2023-10-30,11.24,372,0,12.74,55,0,32700,45000,0
S36,West,2023-11-06,10.93,406,0,12.14,60,0,32700,45000,0
S36,West,2023-11-13,10.91,412,1,12.0,59,0,32700,45000,0
S36,West,2023-11-20,10.65,791,0,12.76,53,1,32700,45000,0
S36,West,2023-11-27,11.95,718,0,13.13,53,0,32700,45000,0
S36,West,2023-12-04,11.59,420,0,12.37,50,0,32700,45000,0
S36,West,2023-12-11,11.22,338,0,11.33,59,0,32700,45000,0
S36,West,2023-12-18,12.13,560,0,12.47,58,0,32700,45000,0
S36,West,2023-12-25,11.39,524,0,11.36,62,1,32700,45000,0
S36,West,2024-01-01,11.08,526,0,11.3,56,1,32700,45000,0
S36,West,2024-01-08,12.11,472,0,11.97,47,0,32700,45000,0
S36,West,2024-01-15,10.51,382,0,12.35,58,0,32700,45000,0
S36,West,2024-01-22,12.73,435,0,13.09,47,0,32700,45000,0
S36,West,2024-01-29,11.63,331,0,12.03,49,0,32700,45000,0
S36,West,2024-02-05,10.96,544,0,11.88,50,0,32700,45000,0
S36,West,2024-02-12,11.45,467,0,11.21,52,0,32700,45000,0
S36,West,2024-02-19,12.37,767,0,11.23,54,0,32700,45000,0
S36,West,2024-02-26,10.91,413,0,11.85,54,0,32700,45000,0
S36,West,2024-03-04,11.43,580,0,11.41,46,0,32700,45000,0
S36,West,2024-03-11,11.75,432,0,11.88,51,0,32700,45000,0
S36,West,2024-03-18,11.21,411,0,11.77,61,0,32700,45000,0
S36,West,2024-03-25,11.81,385,0,12.82,51,0,32700,45000,0
S36,West,2024-04-01,12.62,400,0,12.24,58,0,32700,45000,0
S36,West,2024-04-08,13.31,296,0,12.13,62,0,32700,45000,0
S36,West,2024-04-15,11.27,300,1,13.06,72,0,32700,45000,0
S36,West,2024-04-22,12.44,462,0,13.77,65,0,32700,45000,0
S36,West,2024-04-29,12.26,293,0,12.53,59,0,32700,45000,0
S36,West,2024-05-06,11.15,261,0,12.11,65,0,32700,45000,0
S36,West,2024-05-13,12.08,325,0,11.49,68,0,32700,45000,0
S36,West,2024-05-20,11.41,245,0,12.19,67,0,32700,45000,0
S36,West,2024-05-27,10.54,309,1,11.15,66,1,32700,45000,0
S36,West,2024-06-03,10.52,162,0,11.27,72,0,32700,45000,0
S36,West,2024-06-10,12.08,268,0,11.04,70,0,32700,45000,0
S36,West,2024-06-17,12.7,261,0,12.33,80,0,32700,45000,0
S36,West,2024-06-24,12.0,263,0,12.64,75,0,32700,45000,0
S36,West,2024-07-01,12.78,459,1,12.42,78,1,32700,45000,0
S36,West,2024-07-08,11.63,220,0,12.32,73,0,32700,45000,0
S36,West,2024-07-15,11.03,178,0,11.37,81,0,32700,45000,0
S36,West,2024-07-22,12.14,286,1,11.62,70,0,32700,45000,0
S36,West,2024-07-29,11.74,352,1,11.56,66,0,32700,45000,0
S36,West,2024-08-05,12.26,360,0,12.28,67,0,32700,45000,0
S36,West,2024-08-12,11.95,247,1,11.33,78,0,32700,45000,0
S36,West,2024-08-19,12.03,230,0,11.57,72,0,32700,45000,0
S36,West,2024-08-26,11.63,197,0,10.97,63,0,32700,45000,0
S36,West,2024-09-02,12.14,288,0,12.91,79,1,32700,45000,0
S36,West,2024-09-09,10.95,288,0,12.67,66,0,32700,45000,0
S36,West,2024-09-16,11.87,342,1,11.68,58,0,32700,45000,0
S36,West,2024-09-23,12.26,318,0,12.57,75,0,32700,45000,0
S36,West,2024-09-30,11.8,248,1,11.4,73,0,32700,45000,0
S36,West,2024-10-07,10.83,270,0,12.7,71,0,32700,45000,0
S36,West,2024-10-14,12.91,347,0,11.18,63,0,32700,45000,0
S36,West,2024-10-21,12.83,245,0,12.12,56,0,32700,45000,0
S36,West,2024-10-28,11.94,392,0,13.09,68,0,32700,45000,0
S36,West,2024-11-04,12.36,340,0,12.54,53,0,32700,45000,0
S36,West,2024-11-11,12.59,363,0,11.11,73,0,32700,45000,0
S36,West,2024-11-18,12.56,689,0,14.0,46,0,32700,45000,0
S36,West,2024-11-25,11.84,418,0,12.64,61,1,32700,45000,0
S36,West,2024-12-02,11.43,265,1,10.6,53,0,32700,45000,0
S36,West,2024-12-09,11.79,424,1,10.75,58,0,32700,45000,0
S36,West,2024-12-16,12.48,313,0,11.94,48,0,32700,45000,0
S36,West,2024-12-23,12.61,504,0,11.71,50,1,32700,45000,0
S36,West,2024-12-30,12.05,428,0,11.52,51,1,32700,45000,0
S36,West,2025-01-06,11.56,419,0,12.57,56,0,32700,45000,0
S36,West,2025-01-13,12.64,607,1,12.23,49,0,32700,45000,0
S36,West,2025-01-20,12.52,380,0,11.68,48,0,32700,45000,0
S36,West,2025-01-27,11.82,326,1,11.64,49,0,32700,45000,0
S36,West,2025-02-03,13.24,628,0,12.61,52,0,32700,45000,0
S36,West,2025-02-10,12.7,442,0,12.36,51,0,32700,45000,0
S36,West,2025-02-17,12.13,635,0,12.74,47,0,32700,45000,0
S36,West,2025-02-24,12.51,602,0,12.79,39,0,32700,45000,0
S36,West,2025-03-03,12.69,333,0,11.13,46,0,32700,45000,0
S36,West,2025-03-10,11.97,335,0,11.03,58,0,32700,45000,0
S36,West,2025-03-17,12.06,259,0,12.01,61,0,32700,45000,0
S36,West,2025-03-24,12.22,522,0,11.75,56,0,32700,45000,0
S36,West,2025-03-31,12.79,479,1,13.02,54,0,32700,45000,0
S36,West,2025-04-07,12.2,411,0,11.99,60,0,32700,45000,0
S36,West,2025-04-14,13.63,429,0,12.57,68,0,32700,45000,0
S36,West,2025-04-21,11.5,265,0,11.46,65,0,32700,45000,0
S36,West,2025-04-28,12.99,376,0,11.02,64,0,32700,45000,0
S36,West,2025-05-05,11.84,252,0,11.54,70,0,32700,45000,0
S36,West,2025-05-12,11.43,306,0,10.93,58,0,32700,45000,0
S36,West,2025-05-19,12.67,424,1,11.89,64,0,32700,45000,0
S36,West,2025-05-26,12.89,457,0,13.23,77,1,32700,45000,0
S36,West,2025-06-02,12.26,347,0,12.24,68,0,32700,45000,0
S36,West,2025-06-09,12.35,196,0,11.77,75,0,32700,45000,0
S36,West,2025-06-16,12.21,306,0,12.25,64,0,32700,45000,0
S36,West,2025-06-23,11.34,316,0,13.25,71,0,32700,45000,0
S36,West,2025-06-30,11.73,205,0,11.61,75,1,32700,45000,0
S36,West,2025-07-07,12.49,225,0,11.36,69,0,32700,45000,0
S36,West,2025-07-14,12.88,155,0,11.29,84,0,32700,45000,0
S36,West,2025-07-21,12.24,400,1,11.92,83,0,32700,45000,0
S36,West,2025-07-28,12.06,246,0,11.79,73,0,32700,45000,0
S36,West,2025-08-04,12.82,220,0,11.79,75,0,32700,45000,0
S36,West,2025-08-11,11.59,271,0,11.84,75,0,32700,45000,0
S36,West,2025-08-18,11.5,266,0,12.0,72,0,32700,45000,0
S36,West,2025-08-25,11.97,368,0,13.49,68,0,32700,45000,0
S36,West,2025-09-01,13.8,587,0,12.74,74,1,32700,45000,0
S36,West,2025-09-08,14.72,461,1,13.3,62,0,32700,45000,0
S36,West,2025-09-15,13.1,619,0,13.79,64,0,32700,45000,0
S36,West,2025-09-22,12.54,294,0,11.34,66,0,32700,45000,0
S36,West,2025-09-29,11.33,274,0,11.81,65,0,32700,45000,0
S36,West,2025-10-06,11.49,315,0,12.34,67,0,32700,45000,0
S36,West,2025-10-13,12.47,336,0,12.04,61,0,32700,45000,0
S36,West,2025-10-20,12.47,348,0,12.27,67,0,32700,45000,0
S36,West,2025-10-27,12.23,383,0,12.72,59,0,32700,45000,0
S36,West,2025-11-03,11.45,395,0,12.67,53,0,32700,45000,0
S36,West,2025-11-10,12.0,353,0,11.01,63,0,32700,45000,0
S36,West,2025-11-17,12.17,455,0,11.27,69,0,32700,45000,0
S36,West,2025-11-24,11.64,764,0,11.42,51,1,32700,45000,0
S36,West,2025-12-01,11.7,458,0,12.51,57,0,32700,45000,0
S36,West,2025-12-08,11.03,304,0,10.84,54,0,32700,45000,0
S36,West,2025-12-15,11.18,302,0,11.62,56,0,32700,45000,0
S36,West,2025-12-22,10.71,472,0,10.85,53,1,32700,45000,0
S36,West,2025-12-29,11.48,386,0,11.21,49,1,32700,45000,0
S36,West,2026-01-05,11.59,399,0,11.32,54,0,32700,45000,0
S36,West,2026-01-12,11.33,424,0,11.47,52,0,32700,45000,0
S36,West,2026-01-19,11.08,419,0,11.12,46,0,32700,45000,0
S36,West,2026-01-26,13.08,581,0,12.8,52,0,32700,45000,0
S36,West,2026-02-02,12.26,471,0,11.46,46,0,32700,45000,0
S36,West,2026-02-09,11.66,524,0,11.81,47,0,32700,45000,0
S36,West,2026-02-16,11.43,412,0,11.48,40,0,32700,45000,0
S36,West,2026-02-23,12.21,450,0,12.32,51,0,32700,45000,0
S36,West,2026-03-02,12.58,459,0,12.45,50,0,32700,45000,0
S36,West,2026-03-09,11.61,459,0,11.02,52,0,32700,45000,0
S36,West,2026-03-16,11.68,323,0,11.97,53,0,32700,45000,0
S36,West,2026-03-23,11.26,357,0,11.47,59,0,32700,45000,0
S36,West,2026-03-30,11.8,394,0,11.32,54,0,32700,45000,0
S36,West,2026-04-06,11.56,299,0,11.17,63,0,32700,45000,0
S36,West,2026-04-13,11.12,218,0,10.88,58,0,32700,45000,0
S36,West,2026-04-20,12.39,288,0,11.38,71,0,32700,45000,0
S36,West,2026-04-27,11.65,300,0,11.03,72,0,32700,45000,0
S36,West,2026-05-04,11.24,241,0,10.48,65,0,32700,45000,0
S36,West,2026-05-11,11.52,313,0,12.55,64,0,32700,45000,0
S36,West,2026-05-18,12.04,166,0,10.84,69,0,32700,45000,0
S36,West,2026-05-25,13.37,424,0,11.8,65,1,32700,45000,0
S36,West,2026-06-01,11.74,311,0,11.66,62,0,32700,45000,0
S36,West,2026-06-08,11.05,281,1,10.69,70,0,32700,45000,0
S36,West,2026-06-15,11.68,238,0,11.4,70,0,32700,45000,0
S36,West,2026-06-22,12.75,352,0,12.32,71,0,32700,45000,0
S36,West,2026-06-29,12.84,402,0,11.68,68,1,32700,45000,0
S36,West,2026-07-06,12.46,429,0,12.64,66,0,32700,45000,0
S36,West,2026-07-13,12.34,331,1,12.52,76,0,32700,45000,0
S36,West,2026-07-20,13.57,319,0,12.89,74,0,32700,45000,0
S36,West,2026-07-27,11.78,351,0,11.78,74,0,32700,45000,0
S36,West,2026-08-03,13.09,411,0,12.63,68,0,32700,45000,0
S36,West,2026-08-10,13.6,380,0,12.2,82,0,32700,45000,0
S36,West,2026-08-17,12.22,398,1,11.48,79,0,32700,45000,0
S36,West,2026-08-24,12.53,403,0,12.89,67,0,32700,45000,0
S36,West,2026-08-31,13.05,433,1,12.38,65,0,32700,45000,0
S36,West,2026-09-07,12.95,439,1,11.1,76,1,32700,45000,0
S36,West,2026-09-14,12.59,374,0,11.28,62,0,32700,45000,0
S36,West,2026-09-21,12.12,349,0,12.04,59,0,32700,45000,0
S37,West,2023-10-02,10.56,342,0,11.74,55,0,37800,60000,0
S37,West,2023-10-09,10.77,252,0,9.99,60,0,37800,60000,0
S37,West,2023-10-16,11.05,508,1,12.18,66,0,37800,60000,0
S37,West,2023-10-23,12.14,451,1,12.05,58,0,37800,60000,0
S37,West,2023-10-30,11.64,529,0,11.94,50,0,37800,60000,0
S37,West,2023-11-06,11.36,506,0,12.88,63,0,37800,60000,0
S37,West,2023-11-13,11.35,599,1,11.58,61,0,37800,60000,0
S37,West,2023-11-20,10.92,1046,0,11.63,54,1,37800,60000,0
S37,West,2023-11-27,12.47,573,0,12.78,59,0,37800,60000,0
S37,West,2023-12-04,11.52,434,0,12.15,53,0,37800,60000,0
S37,West,2023-12-11,10.53,438,0,10.55,54,0,37800,60000,0
S37,West,2023-12-18,10.65,555,0,12.61,56,0,37800,60000,0
S37,West,2023-12-25,11.35,787,0,12.05,57,1,37800,60000,0
S37,West,2024-01-01,10.89,686,0,11.32,42,1,37800,60000,0
S37,West,2024-01-08,12.25,730,0,12.98,46,0,37800,60000,0
S37,West,2024-01-15,10.34,538,0,11.41,48,0,37800,60000,0
S37,West,2024-01-22,12.14,609,0,12.07,49,0,37800,60000,0
S37,West,2024-01-29,10.53,318,0,11.47,54,0,37800,60000,0
S37,West,2024-02-05,11.27,878,0,12.14,47,0,37800,60000,0
S37,West,2024-02-12,10.8,521,0,10.98,63,0,37800,60000,0
S37,West,2024-02-19,10.84,771,0,11.88,37,0,37800,60000,0
S37,West,2024-02-26,11.42,536,0,11.53,59,0,37800,60000,0
S37,West,2024-03-04,11.89,457,0,11.42,60,0,37800,60000,0
S37,West,2024-03-11,11.21,411,0,11.66,59,0,37800,60000,0
S37,West,2024-03-18,11.49,710,0,12.14,57,0,37800,60000,0
S37,West,2024-03-25,12.43,739,0,12.75,49,0,37800,60000,0
S37,West,2024-04-01,13.23,517,0,12.01,57,0,37800,60000,0
S37,West,2024-04-08,12.94,342,0,11.99,59,0,37800,60000,0
S37,West,2024-04-15,12.55,572,1,11.89,57,0,37800,60000,0
S37,West,2024-04-22,12.75,540,0,12.59,63,0,37800,60000,0
S37,West,2024-04-29,13.0,330,0,11.1,66,0,37800,60000,0
S37,West,2024-05-06,12.13,519,0,11.32,50,0,37800,60000,0
S37,West,2024-05-13,11.48,264,0,11.56,68,0,37800,60000,0
S37,West,2024-05-20,11.92,216,0,11.74,68,0,37800,60000,0
S37,West,2024-05-27,11.4,484,1,11.25,65,1,37800,60000,0
S37,West,2024-06-03,11.21,262,0,11.91,74,0,37800,60000,0
S37,West,2024-06-10,11.95,300,0,12.19,66,0,37800,60000,0
S37,West,2024-06-17,11.74,330,0,12.09,63,0,37800,60000,0
S37,West,2024-06-24,11.96,339,0,12.66,77,0,37800,60000,0
S37,West,2024-07-01,13.26,538,1,11.81,76,1,37800,60000,0
S37,West,2024-07-08,11.41,277,0,11.7,75,0,37800,60000,0
S37,West,2024-07-15,12.42,243,0,11.8,75,0,37800,60000,0
S37,West,2024-07-22,12.02,302,1,11.5,70,0,37800,60000,0
S37,West,2024-07-29,12.45,411,1,11.44,66,0,37800,60000,0
S37,West,2024-08-05,11.94,276,0,11.6,83,0,37800,60000,0
S37,West,2024-08-12,11.28,292,1,11.44,75,0,37800,60000,0
S37,West,2024-08-19,11.7,359,0,12.88,72,0,37800,60000,0
S37,West,2024-08-26,11.25,183,0,10.99,72,0,37800,60000,0
S37,West,2024-09-02,12.57,485,0,11.81,70,1,37800,60000,0
S37,West,2024-09-09,11.46,502,0,12.42,71,0,37800,60000,0
S37,West,2024-09-16,12.64,370,1,11.64,73,0,37800,60000,0
S37,West,2024-09-23,12.99,452,0,13.09,68,0,37800,60000,0
S37,West,2024-09-30,11.19,480,1,11.95,61,0,37800,60000,0
S37,West,2024-10-07,11.15,339,0,11.09,67,0,37800,60000,0
S37,West,2024-10-14,11.61,300,0,11.32,63,0,37800,60000,0
S37,West,2024-10-21,11.81,315,0,12.91,66,0,37800,60000,0
S37,West,2024-10-28,11.74,397,0,12.13,71,0,37800,60000,0
S37,West,2024-11-04,13.06,373,0,11.64,58,0,37800,60000,0
S37,West,2024-11-11,11.34,461,0,12.56,54,0,37800,60000,0
S37,West,2024-11-18,13.25,461,0,13.0,64,0,37800,60000,0
S37,West,2024-11-25,12.34,600,0,12.75,46,1,37800,60000,0
S37,West,2024-12-02,10.99,439,1,13.25,56,0,37800,60000,0
S37,West,2024-12-09,12.18,525,1,11.2,47,0,37800,60000,0
S37,West,2024-12-16,12.77,433,0,11.94,54,0,37800,60000,0
S37,West,2024-12-23,12.37,526,0,11.15,51,1,37800,60000,0
S37,West,2024-12-30,12.74,587,0,11.18,46,1,37800,60000,0
S37,West,2025-01-06,12.01,628,0,11.67,41,0,37800,60000,0
S37,West,2025-01-13,12.46,598,1,10.72,57,0,37800,60000,0
S37,West,2025-01-20,11.87,372,0,11.91,54,0,37800,60000,0
S37,West,2025-01-27,12.5,623,1,12.6,45,0,37800,60000,0
S37,West,2025-02-03,12.77,539,0,13.31,45,0,37800,60000,0
S37,West,2025-02-10,13.17,682,0,12.51,48,0,37800,60000,0
S37,West,2025-02-17,12.94,795,0,12.03,55,0,37800,60000,0
S37,West,2025-02-24,12.33,442,0,12.39,57,0,37800,60000,0
S37,West,2025-03-03,12.97,397,0,11.1,55,0,37800,60000,0
S37,West,2025-03-10,12.34,539,0,11.63,45,0,37800,60000,0
S37,West,2025-03-17,11.71,324,0,11.86,62,0,37800,60000,0
S37,West,2025-03-24,12.36,418,0,10.88,55,0,37800,60000,0
S37,West,2025-03-31,12.94,559,1,12.74,59,0,37800,60000,0
S37,West,2025-04-07,11.82,486,0,11.99,59,0,37800,60000,0
S37,West,2025-04-14,12.6,572,0,12.87,52,0,37800,60000,0
S37,West,2025-04-21,11.38,283,0,11.86,69,0,37800,60000,0
S37,West,2025-04-28,11.11,222,0,10.9,61,0,37800,60000,0
S37,West,2025-05-05,12.18,336,0,12.08,77,0,37800,60000,0
S37,West,2025-05-12,11.45,297,0,11.17,65,0,37800,60000,0
S37,West,2025-05-19,11.92,288,1,11.06,67,0,37800,60000,0
S37,West,2025-05-26,12.11,451,0,11.57,68,1,37800,60000,0
S37,West,2025-06-02,12.48,422,0,12.62,75,0,37800,60000,0
S37,West,2025-06-09,12.95,418,0,11.75,62,0,37800,60000,0
S37,West,2025-06-16,12.36,493,0,12.78,65,0,37800,60000,0
S37,West,2025-06-23,11.35,311,0,11.4,63,0,37800,60000,0
S37,West,2025-06-30,11.29,256,0,11.04,64,1,37800,60000,0
S37,West,2025-07-07,11.94,265,0,11.87,83,0,37800,60000,0
S37,West,2025-07-14,11.95,177,0,11.52,85,0,37800,60000,0
S37,West,2025-07-21,11.64,317,1,11.84,77,0,37800,60000,0
S37,West,2025-07-28,11.33,211,0,12.04,75,0,37800,60000,0
S37,West,2025-08-04,12.39,284,0,11.45,70,0,37800,60000,0
S37,West,2025-08-11,11.63,264,0,11.01,76,0,37800,60000,0
S37,West,2025-08-18,12.46,258,0,11.4,65,0,37800,60000,0
S37,West,2025-08-25,12.7,308,0,12.4,71,0,37800,60000,0
S37,West,2025-09-01,12.91,539,0,12.92,68,1,37800,60000,0
S37,West,2025-09-08,13.19,420,1,13.14,66,0,37800,60000,0
S37,West,2025-09-15,12.62,515,0,12.87,64,0,37800,60000,0
S37,West,2025-09-22,12.96,343,0,12.09,66,0,37800,60000,0
S37,West,2025-09-29,11.93,270,0,12.14,61,0,37800,60000,0
S37,West,2025-10-06,12.35,388,0,12.1,75,0,37800,60000,0
S37,West,2025-10-13,12.91,451,0,12.25,59,0,37800,60000,0
S37,West,2025-10-20,12.7,394,0,11.48,60,0,37800,60000,0
S37,West,2025-10-27,12.28,378,0,12.19,63,0,37800,60000,0
S37,West,2025-11-03,11.23,344,0,11.63,61,0,37800,60000,0
S37,West,2025-11-10,11.37,468,0,11.38,51,0,37800,60000,0
S37,West,2025-11-17,10.86,387,0,12.61,59,0,37800,60000,0
S37,West,2025-11-24,12.84,830,0,12.89,56,1,37800,60000,0
S37,West,2025-12-01,12.49,537,0,12.29,53,0,37800,60000,0
S37,West,2025-12-08,11.6,449,0,11.25,52,0,37800,60000,0
S37,West,2025-12-15,11.41,522,0,12.46,57,0,37800,60000,0
S37,West,2025-12-22,10.26,424,0,11.92,57,1,37800,60000,0
S37,West,2025-12-29,10.78,518,0,12.16,52,1,37800,60000,0
S37,West,2026-01-05,12.01,532,0,12.01,49,0,37800,60000,0
S37,West,2026-01-12,11.27,408,0,12.17,52,0,37800,60000,0
S37,West,2026-01-19,11.71,468,0,10.51,53,0,37800,60000,0
S37,West,2026-01-26,11.24,420,0,11.82,58,0,37800,60000,0
S37,West,2026-02-02,12.08,380,0,11.65,47,0,37800,60000,0
S37,West,2026-02-09,11.75,504,0,11.29,42,0,37800,60000,0
S37,West,2026-02-16,12.24,486,0,11.68,58,0,37800,60000,0
S37,West,2026-02-23,11.95,393,0,11.95,48,0,37800,60000,0
S37,West,2026-03-02,12.87,482,0,11.91,55,0,37800,60000,0
S37,West,2026-03-09,12.37,493,0,11.38,52,0,37800,60000,0
S37,West,2026-03-16,11.38,308,0,11.81,60,0,37800,60000,0
S37,West,2026-03-23,11.86,409,0,11.38,53,0,37800,60000,0
S37,West,2026-03-30,11.73,292,0,10.84,58,0,37800,60000,0
S37,West,2026-04-06,11.71,287,0,11.02,67,0,37800,60000,0
S37,West,2026-04-13,10.65,211,0,10.61,68,0,37800,60000,0
S37,West,2026-04-20,11.77,479,0,11.76,56,0,37800,60000,0
S37,West,2026-04-27,11.31,325,0,11.31,60,0,37800,60000,0
S37,West,2026-05-04,11.11,308,0,10.62,67,0,37800,60000,0
S37,West,2026-05-11,11.95,337,0,10.86,57,0,37800,60000,0
S37,West,2026-05-18,12.47,280,0,11.29,65,0,37800,60000,0
S37,West,2026-05-25,12.11,403,0,10.7,74,1,37800,60000,0
S37,West,2026-06-01,12.72,335,0,11.33,68,0,37800,60000,0
S37,West,2026-06-08,11.46,403,1,11.13,68,0,37800,60000,0
S37,West,2026-06-15,11.84,259,0,12.17,61,0,37800,60000,0
S37,West,2026-06-22,12.71,312,0,12.24,70,0,37800,60000,0
S37,West,2026-06-29,12.18,446,0,12.7,74,1,37800,60000,0
S37,West,2026-07-06,12.19,254,0,11.69,77,0,37800,60000,0
S37,West,2026-07-13,13.27,439,1,12.77,80,0,37800,60000,0
S37,West,2026-07-20,12.54,342,0,11.43,72,0,37800,60000,0
S37,West,2026-07-27,11.62,343,0,11.96,73,0,37800,60000,0
S37,West,2026-08-03,12.4,409,0,13.27,78,0,37800,60000,0
S37,West,2026-08-10,12.41,503,0,11.78,67,0,37800,60000,0
S37,West,2026-08-17,12.55,430,1,11.23,68,0,37800,60000,0
S37,West,2026-08-24,11.85,273,0,12.77,76,0,37800,60000,0
S37,West,2026-08-31,13.28,418,1,11.72,66,0,37800,60000,0
S37,West,2026-09-07,11.25,404,1,11.56,66,1,37800,60000,0
S37,West,2026-09-14,12.16,312,0,12.21,69,0,37800,60000,0
S37,West,2026-09-21,12.29,368,0,12.99,64,0,37800,60000,0
S38,West,2023-10-02,10.87,384,0,11.34,62,0,26600,94000,1
S38,West,2023-10-09,11.38,261,0,10.91,69,0,26600,94000,1
S38,West,2023-10-16,10.9,487,1,10.65,56,0,26600,94000,1
S38,West,2023-10-23,11.2,475,1,11.94,59,0,26600,94000,1
S38,West,2023-10-30,12.77,744,0,12.19,59,0,26600,94000,1
S38,West,2023-11-06,12.41,555,0,11.7,63,0,26600,94000,1
S38,West,2023-11-13,10.59,788,1,11.37,50,0,26600,94000,1
S38,West,2023-11-20,11.52,1027,0,11.86,53,1,26600,94000,1
S38,West,2023-11-27,12.43,848,0,13.18,51,0,26600,94000,1
S38,West,2023-12-04,11.7,633,0,12.41,53,0,26600,94000,1
S38,West,2023-12-11,10.03,513,0,11.79,55,0,26600,94000,1
S38,West,2023-12-18,11.15,575,0,12.0,55,0,26600,94000,1
S38,West,2023-12-25,11.17,666,0,11.17,49,1,26600,94000,1
S38,West,2024-01-01,10.96,939,0,11.73,43,1,26600,94000,1
S38,West,2024-01-08,12.14,808,0,12.67,47,0,26600,94000,1
S38,West,2024-01-15,10.67,744,0,11.28,55,0,26600,94000,1
S38,West,2024-01-22,11.64,555,0,11.34,53,0,26600,94000,1
S38,West,2024-01-29,10.91,521,0,11.99,44,0,26600,94000,1
S38,West,2024-02-05,10.34,571,0,12.25,59,0,26600,94000,1
S38,West,2024-02-12,11.3,511,0,12.08,54,0,26600,94000,1
S38,West,2024-02-19,11.13,736,0,10.51,43,0,26600,94000,1
S38,West,2024-02-26,11.77,707,0,11.67,52,0,26600,94000,1
S38,West,2024-03-04,11.89,602,0,11.79,47,0,26600,94000,1
S38,West,2024-03-11,12.1,540,0,12.26,52,0,26600,94000,1
S38,West,2024-03-18,11.88,729,0,11.79,54,0,26600,94000,1
S38,West,2024-03-25,11.52,576,0,12.12,52,0,26600,94000,1
S38,West,2024-04-01,12.3,516,0,12.07,57,0,26600,94000,1
S38,West,2024-04-08,12.03,370,0,11.29,63,0,26600,94000,1
S38,West,2024-04-15,12.18,628,1,11.61,60,0,26600,94000,1
S38,West,2024-04-22,12.55,456,0,12.39,54,0,26600,94000,1
S38,West,2024-04-29,12.54,469,0,12.02,62,0,26600,94000,1
S38,West,2024-05-06,10.96,335,0,10.68,64,0,26600,94000,1
S38,West,2024-05-13,11.81,383,0,11.91,61,0,26600,94000,1
S38,West,2024-05-20,11.48,416,0,11.13,72,0,26600,94000,1
S38,West,2024-05-27,11.27,528,1,11.49,74,1,26600,94000,1
S38,West,2024-06-03,11.13,338,0,10.9,56,0,26600,94000,1
S38,West,2024-06-10,11.45,360,0,11.24,71,0,26600,94000,1
S38,West,2024-06-17,12.42,466,0,12.43,68,0,26600,94000,1
S38,West,2024-06-24,12.33,488,0,12.88,66,0,26600,94000,1
S38,West,2024-07-01,12.45,499,1,11.03,68,1,26600,94000,1
S38,West,2024-07-08,11.78,271,0,11.71,80,0,26600,94000,1
S38,West,2024-07-15,12.91,270,0,11.53,67,0,26600,94000,1
S38,West,2024-07-22,11.37,298,1,11.88,80,0,26600,94000,1
S38,West,2024-07-29,11.85,309,1,11.7,74,0,26600,94000,1
S38,West,2024-08-05,11.03,307,0,11.5,73,0,26600,94000,1
S38,West,2024-08-12,10.51,280,1,11.58,71,0,26600,94000,1
S38,West,2024-08-19,11.91,383,0,12.02,65,0,26600,94000,1
S38,West,2024-08-26,11.55,258,0,11.31,65,0,26600,94000,1
S38,West,2024-09-02,12.27,460,0,12.25,70,1,26600,94000,1
S38,West,2024-09-09,11.37,370,0,11.09,70,0,26600,94000,1
S38,West,2024-09-16,11.93,402,1,11.6,70,0,26600,94000,1
S38,West,2024-09-23,12.17,447,0,12.41,67,0,26600,94000,1
S38,West,2024-09-30,11.75,485,1,10.58,65,0,26600,94000,1
S38,West,2024-10-07,11.06,290,0,12.64,74,0,26600,94000,1
S38,West,2024-10-14,11.21,418,0,12.33,57,0,26600,94000,1
S38,West,2024-10-21,12.66,580,0,12.17,51,0,26600,94000,1
S38,West,2024-10-28,12.55,457,0,12.44,55,0,26600,94000,1
S38,West,2024-11-04,11.49,343,0,11.58,65,0,26600,94000,1
S38,West,2024-11-11,11.76,460,0,12.23,56,0,26600,94000,1
S38,West,2024-11-18,13.08,489,0,12.68,58,0,26600,94000,1
S38,West,2024-11-25,11.85,726,0,12.52,62,1,26600,94000,1
S38,West,2024-12-02,11.75,492,1,11.04,60,0,26600,94000,1
S38,West,2024-12-09,11.52,398,1,11.11,59,0,26600,94000,1
S38,West,2024-12-16,12.3,474,0,10.91,49,0,26600,94000,1
S38,West,2024-12-23,12.13,438,0,11.98,53,1,26600,94000,1
S38,West,2024-12-30,12.14,694,0,12.12,51,1,26600,94000,1
S38,West,2025-01-06,11.96,492,0,11.82,55,0,26600,94000,1
S38,West,2025-01-13,12.81,825,1,12.29,53,0,26600,94000,1
S38,West,2025-01-20,12.26,704,0,11.94,49,0,26600,94000,1
S38,West,2025-01-27,12.29,398,1,11.37,57,0,26600,94000,1
S38,West,2025-02-03,13.77,632,0,13.34,50,0,26600,94000,1
S38,West,2025-02-10,13.59,509,0,12.02,61,0,26600,94000,1
S38,West,2025-02-17,12.4,631,0,12.33,52,0,26600,94000,1
S38,West,2025-02-24,11.95,483,0,11.65,55,0,26600,94000,1
S38,West,2025-03-03,12.88,427,0,11.52,49,0,26600,94000,1
S38,West,2025-03-10,13.11,627,0,13.08,50,0,26600,94000,1
S38,West,2025-03-17,12.46,529,0,10.95,57,0,26600,94000,1
S38,West,2025-03-24,12.1,554,0,11.62,46,0,26600,94000,1
S38,West,2025-03-31,13.37,609,1,12.33,68,0,26600,94000,1
S38,West,2025-04-07,11.77,621,0,11.73,57,0,26600,94000,1
S38,West,2025-04-14,12.42,436,0,12.59,63,0,26600,94000,1
S38,West,2025-04-21,11.01,220,0,11.27,64,0,26600,94000,1
S38,West,2025-04-28,11.65,332,0,11.02,55,0,26600,94000,1
S38,West,2025-05-05,11.79,311,0,12.04,61,0,26600,94000,1
S38,West,2025-05-12,11.71,396,0,11.77,59,0,26600,94000,1
S38,West,2025-05-19,12.29,386,1,10.9,71,0,26600,94000,1
S38,West,2025-05-26,12.17,419,0,12.49,71,1,26600,94000,1
S38,West,2025-06-02,13.01,312,0,11.63,75,0,26600,94000,1
S38,West,2025-06-09,12.77,387,0,10.7,64,0,26600,94000,1
S38,West,2025-06-16,12.29,414,0,12.69,75,0,26600,94000,1
S38,West,2025-06-23,11.61,348,0,11.73,79,0,26600,94000,1
S38,West,2025-06-30,12.88,371,0,11.5,72,1,26600,94000,1
S38,West,2025-07-07,12.52,366,0,12.08,75,0,26600,94000,1
S38,West,2025-07-14,11.9,304,0,10.86,65,0,26600,94000,1
S38,West,2025-07-21,11.8,453,1,12.24,72,0,26600,94000,1
S38,West,2025-07-28,11.09,253,0,11.58,71,0,26600,94000,1
S38,West,2025-08-04,13.2,340,0,12.13,68,0,26600,94000,1
S38,West,2025-08-11,11.0,212,0,11.72,75,0,26600,94000,1
S38,West,2025-08-18,11.44,321,0,10.99,69,0,26600,94000,1
S38,West,2025-08-25,13.82,527,0,13.15,70,0,26600,94000,1
S38,West,2025-09-01,12.83,664,0,11.93,72,1,26600,94000,1
S38,West,2025-09-08,12.97,456,1,11.98,68,0,26600,94000,1
S38,West,2025-09-15,12.4,472,0,13.01,73,0,26600,94000,1
S38,West,2025-09-22,12.24,418,0,12.59,68,0,26600,94000,1
S38,West,2025-09-29,11.16,335,0,11.03,64,0,26600,94000,1
S38,West,2025-10-06,12.25,455,0,12.35,66,0,26600,94000,1
S38,West,2025-10-13,12.4,448,0,12.09,64,0,26600,94000,1
S38,West,2025-10-20,12.14,546,0,12.68,57,0,26600,94000,1
S38,West,2025-10-27,12.84,608,0,11.5,67,0,26600,94000,1
S38,West,2025-11-03,11.41,425,0,11.27,60,0,26600,94000,1
S38,West,2025-11-10,11.19,402,0,11.46,51,0,26600,94000,1
S38,West,2025-11-17,12.02,567,0,11.8,54,0,26600,94000,1
S38,West,2025-11-24,12.2,869,0,12.86,56,1,26600,94000,1
S38,West,2025-12-01,11.02,419,0,12.65,54,0,26600,94000,1
S38,West,2025-12-08,11.35,442,0,11.84,55,0,26600,94000,1
S38,West,2025-12-15,11.82,541,0,12.09,60,0,26600,94000,1
S38,West,2025-12-22,11.54,757,0,10.66,53,1,26600,94000,1
S38,West,2025-12-29,11.34,774,0,10.86,49,1,26600,94000,1
S38,West,2026-01-05,11.09,504,0,11.86,51,0,26600,94000,1
S38,West,2026-01-12,11.0,497,0,11.4,43,0,26600,94000,1
S38,West,2026-01-19,11.7,519,0,11.69,52,0,26600,94000,1
S38,West,2026-01-26,12.42,453,0,11.54,49,0,26600,94000,1
S38,West,2026-02-02,12.59,623,0,12.05,46,0,26600,94000,1
S38,West,2026-02-09,11.71,517,0,12.26,53,0,26600,94000,1
S38,West,2026-02-16,11.79,403,0,11.7,57,0,26600,94000,1
S38,West,2026-02-23,11.7,511,0,12.22,54,0,26600,94000,1
S38,West,2026-03-02,12.36,672,0,13.35,50,0,26600,94000,1
S38,West,2026-03-09,11.74,522,0,11.27,46,0,26600,94000,1
S38,West,2026-03-16,11.32,331,0,10.76,69,0,26600,94000,1
S38,West,2026-03-23,11.6,407,0,11.48,61,0,26600,94000,1
S38,West,2026-03-30,11.04,501,0,11.45,62,0,26600,94000,1
S38,West,2026-04-06,10.32,372,0,10.73,55,0,26600,94000,1
S38,West,2026-04-13,10.45,240,0,11.05,60,0,26600,94000,1
S38,West,2026-04-20,11.82,439,0,11.32,61,0,26600,94000,1
S38,West,2026-04-27,11.47,401,0,11.53,58,0,26600,94000,1
S38,West,2026-05-04,11.85,393,0,11.32,56,0,26600,94000,1
S38,West,2026-05-11,11.93,330,0,10.35,66,0,26600,94000,1
S38,West,2026-05-18,12.46,262,0,11.42,64,0,26600,94000,1
S38,West,2026-05-25,11.46,490,0,11.64,67,1,26600,94000,1
S38,West,2026-06-01,12.07,400,0,12.61,78,0,26600,94000,1
S38,West,2026-06-08,11.07,333,1,10.91,74,0,26600,94000,1
S38,West,2026-06-15,11.37,333,0,11.65,66,0,26600,94000,1
S38,West,2026-06-22,12.05,350,0,12.7,73,0,26600,94000,1
S38,West,2026-06-29,11.95,350,0,11.83,88,1,26600,94000,1
S38,West,2026-07-06,13.6,447,0,12.02,73,0,26600,94000,1
S38,West,2026-07-13,13.36,606,1,12.13,84,0,26600,94000,1
S38,West,2026-07-20,13.16,480,0,12.72,69,0,26600,94000,1
S38,West,2026-07-27,12.64,357,0,12.47,74,0,26600,94000,1
S38,West,2026-08-03,12.59,611,0,12.98,74,0,26600,94000,1
S38,West,2026-08-10,12.12,378,0,11.71,75,0,26600,94000,1
S38,West,2026-08-17,11.72,326,1,11.43,73,0,26600,94000,1
S38,West,2026-08-24,12.71,421,0,11.81,68,0,26600,94000,1
S38,West,2026-08-31,11.85,401,1,11.57,64,0,26600,94000,1
S38,West,2026-09-07,12.68,499,1,12.18,69,1,26600,94000,1
S38,West,2026-09-14,11.57,322,0,11.4,72,0,26600,94000,1
S38,West,2026-09-21,12.45,486,0,11.88,60,0,26600,94000,1
S39,West,2023-10-02,11.15,211,0,11.32,67,0,27200,68000,0
S39,West,2023-10-09,11.41,207,0,10.86,73,0,27200,68000,0
S39,West,2023-10-16,10.79,405,1,11.39,59,0,27200,68000,0
S39,West,2023-10-23,11.48,410,1,12.36,63,0,27200,68000,0
S39,West,2023-10-30,12.94,498,0,11.95,58,0,27200,68000,0
S39,West,2023-11-06,11.42,422,0,11.97,56,0,27200,68000,0
S39,West,2023-11-13,10.68,546,1,11.75,57,0,27200,68000,0
S39,West,2023-11-20,10.79,498,0,12.85,64,1,27200,68000,0
S39,West,2023-11-27,11.52,500,0,12.96,47,0,27200,68000,0
S39,West,2023-12-04,11.68,464,0,12.29,55,0,27200,68000,0
S39,West,2023-12-11,10.67,510,0,10.8,52,0,27200,68000,0
S39,West,2023-12-18,10.82,512,0,12.34,58,0,27200,68000,0
S39,West,2023-12-25,11.27,524,0,11.46,47,1,27200,68000,0
S39,West,2024-01-01,11.48,576,0,11.16,53,1,27200,68000,0
S39,West,2024-01-08,11.75,423,0,12.92,51,0,27200,68000,0
S39,West,2024-01-15,11.16,597,0,11.21,52,0,27200,68000,0
S39,West,2024-01-22,11.96,390,0,12.69,59,0,27200,68000,0
S39,West,2024-01-29,12.0,579,0,12.08,46,0,27200,68000,0
S39,West,2024-02-05,11.64,659,0,11.88,54,0,27200,68000,0
S39,West,2024-02-12,10.75,341,0,12.44,48,0,27200,68000,0
S39,West,2024-02-19,10.68,540,0,12.23,51,0,27200,68000,0
S39,West,2024-02-26,11.35,413,0,11.53,53,0,27200,68000,0
S39,West,2024-03-04,10.72,331,0,11.86,54,0,27200,68000,0
S39,West,2024-03-11,11.88,318,0,12.54,57,0,27200,68000,0
S39,West,2024-03-18,11.41,484,0,11.14,55,0,27200,68000,0
S39,West,2024-03-25,11.27,413,0,12.11,57,0,27200,68000,0
S39,West,2024-04-01,12.63,486,0,13.8,58,0,27200,68000,0
S39,West,2024-04-08,11.84,284,0,11.48,54,0,27200,68000,0
S39,West,2024-04-15,11.87,329,1,11.46,66,0,27200,68000,0
S39,West,2024-04-22,11.83,333,0,13.09,72,0,27200,68000,0
S39,West,2024-04-29,10.81,227,0,11.34,68,0,27200,68000,0
S39,West,2024-05-06,10.42,210,0,12.07,63,0,27200,68000,0
S39,West,2024-05-13,12.29,266,0,12.48,64,0,27200,68000,0
S39,West,2024-05-20,11.48,260,0,12.55,56,0,27200,68000,0
S39,West,2024-05-27,12.05,428,1,12.27,65,1,27200,68000,0
S39,West,2024-06-03,11.46,169,0,11.45,79,0,27200,68000,0
S39,West,2024-06-10,11.91,138,0,10.97,69,0,27200,68000,0
S39,West,2024-06-17,13.08,283,0,12.16,62,0,27200,68000,0
S39,West,2024-06-24,12.56,262,0,12.78,69,0,27200,68000,0
S39,West,2024-07-01,12.46,396,1,12.72,72,1,27200,68000,0
S39,West,2024-07-08,12.52,263,0,11.37,77,0,27200,68000,0
S39,West,2024-07-15,12.03,167,0,10.99,78,0,27200,68000,0
S39,West,2024-07-22,11.89,237,1,11.6,86,0,27200,68000,0
S39,West,2024-07-29,12.17,222,1,11.95,80,0,27200,68000,0
S39,West,2024-08-05,11.86,211,0,11.34,78,0,27200,68000,0
S39,West,2024-08-12,11.45,256,1,11.38,81,0,27200,68000,0
S39,West,2024-08-19,12.7,289,0,12.01,70,0,27200,68000,0
S39,West,2024-08-26,10.87,171,0,10.81,76,0,27200,68000,0
S39,West,2024-09-02,12.69,365,0,12.39,69,1,27200,68000,0
S39,West,2024-09-09,12.03,322,0,11.2,72,0,27200,68000,0
S39,West,2024-09-16,12.77,343,1,11.13,60,0,27200,68000,0
S39,West,2024-09-23,11.77,285,0,11.52,67,0,27200,68000,0
S39,West,2024-09-30,11.97,400,1,12.19,57,0,27200,68000,0
S39,West,2024-10-07,11.6,248,0,11.53,69,0,27200,68000,0
S39,West,2024-10-14,11.97,327,0,12.93,53,0,27200,68000,0
S39,West,2024-10-21,12.52,268,0,12.12,72,0,27200,68000,0
S39,West,2024-10-28,11.88,328,0,12.59,64,0,27200,68000,0
S39,West,2024-11-04,12.43,268,0,11.99,64,0,27200,68000,0
S39,West,2024-11-11,11.55,303,0,12.2,67,0,27200,68000,0
S39,West,2024-11-18,13.51,439,0,11.91,57,0,27200,68000,0
S39,West,2024-11-25,12.46,471,0,12.77,64,1,27200,68000,0
S39,West,2024-12-02,12.78,535,1,13.14,63,0,27200,68000,0
S39,West,2024-12-09,11.32,435,1,12.29,61,0,27200,68000,0
S39,West,2024-12-16,11.63,366,0,12.01,50,0,27200,68000,0
S39,West,2024-12-23,11.61,383,0,11.65,57,1,27200,68000,0
S39,West,2024-12-30,12.22,517,0,11.73,44,1,27200,68000,0
S39,West,2025-01-06,12.03,454,0,11.61,52,0,27200,68000,0
S39,West,2025-01-13,11.65,473,1,11.66,44,0,27200,68000,0
S39,West,2025-01-20,12.7,341,0,12.04,53,0,27200,68000,0
S39,West,2025-01-27,12.19,503,1,11.92,45,0,27200,68000,0
S39,West,2025-02-03,13.31,310,0,12.26,62,0,27200,68000,0
S39,West,2025-02-10,13.01,550,0,12.57,42,0,27200,68000,0
S39,West,2025-02-17,13.0,494,0,12.96,58,0,27200,68000,0
S39,West,2025-02-24,12.34,410,0,11.57,52,0,27200,68000,0
S39,West,2025-03-03,12.77,320,0,11.83,58,0,27200,68000,0
S39,West,2025-03-10,12.46,342,0,12.59,51,0,27200,68000,0
S39,West,2025-03-17,11.88,299,0,11.74,51,0,27200,68000,0
S39,West,2025-03-24,11.89,303,0,11.83,60,0,27200,68000,0
S39,West,2025-03-31,13.02,368,1,11.78,62,0,27200,68000,0
S39,West,2025-04-07,11.62,309,0,12.24,56,0,27200,68000,0
S39,West,2025-04-14,12.41,200,0,11.44,65,0,27200,68000,0
S39,West,2025-04-21,11.25,343,0,11.81,59,0,27200,68000,0
S39,West,2025-04-28,10.56,217,0,11.6,62,0,27200,68000,0
S39,West,2025-05-05,12.92,217,0,11.94,65,0,27200,68000,0
S39,West,2025-05-12,12.42,269,0,12.01,74,0,27200,68000,0
S39,West,2025-05-19,11.58,310,1,11.84,73,0,27200,68000,0
S39,West,2025-05-26,12.22,335,0,11.84,62,1,27200,68000,0
S39,West,2025-06-02,12.68,289,0,12.47,66,0,27200,68000,0
S39,West,2025-06-09,12.63,250,0,12.1,77,0,27200,68000,0
S39,West,2025-06-16,11.41,208,0,11.71,66,0,27200,68000,0
S39,West,2025-06-23,12.21,314,0,11.83,69,0,27200,68000,0
S39,West,2025-06-30,12.14,161,0,10.96,77,1,27200,68000,0
S39,West,2025-07-07,12.16,214,0,12.66,78,0,27200,68000,0
S39,West,2025-07-14,12.03,255,0,11.83,70,0,27200,68000,0
S39,West,2025-07-21,12.81,321,1,12.24,67,0,27200,68000,0
S39,West,2025-07-28,12.19,145,0,11.77,74,0,27200,68000,0
S39,West,2025-08-04,11.6,211,0,10.79,71,0,27200,68000,0
S39,West,2025-08-11,11.3,233,0,11.72,80,0,27200,68000,0
S39,West,2025-08-18,11.62,166,0,10.69,76,0,27200,68000,0
S39,West,2025-08-25,13.46,321,0,13.36,84,0,27200,68000,0
S39,West,2025-09-01,13.64,375,0,12.36,61,1,27200,68000,0
S39,West,2025-09-08,13.52,411,1,12.31,68,0,27200,68000,0
S39,West,2025-09-15,12.82,358,0,12.23,70,0,27200,68000,0
S39,West,2025-09-22,12.7,259,0,12.71,80,0,27200,68000,0
S39,West,2025-09-29,11.54,220,0,11.43,74,0,27200,68000,0
S39,West,2025-10-06,12.05,325,0,11.4,63,0,27200,68000,0
S39,West,2025-10-13,11.89,278,0,11.66,57,0,27200,68000,0
S39,West,2025-10-20,11.22,287,0,11.56,64,0,27200,68000,0
S39,West,2025-10-27,12.27,458,0,11.46,60,0,27200,68000,0
S39,West,2025-11-03,11.69,363,0,11.62,58,0,27200,68000,0
S39,West,2025-11-10,11.65,272,0,11.63,59,0,27200,68000,0
S39,West,2025-11-17,11.34,297,0,11.11,63,0,27200,68000,0
S39,West,2025-11-24,11.64,568,0,11.69,58,1,27200,68000,0
S39,West,2025-12-01,11.38,388,0,12.68,55,0,27200,68000,0
S39,West,2025-12-08,11.01,312,0,11.36,52,0,27200,68000,0
S39,West,2025-12-15,10.84,336,0,11.51,44,0,27200,68000,0
S39,West,2025-12-22,10.19,593,0,11.35,51,1,27200,68000,0
S39,West,2025-12-29,10.58,495,0,11.59,40,1,27200,68000,0
S39,West,2026-01-05,11.58,337,0,11.57,57,0,27200,68000,0
S39,West,2026-01-12,10.57,364,0,12.1,51,0,27200,68000,0
S39,West,2026-01-19,11.34,404,0,10.97,51,0,27200,68000,0
S39,West,2026-01-26,11.64,506,0,11.6,55,0,27200,68000,0
S39,West,2026-02-02,12.44,325,0,12.25,51,0,27200,68000,0
S39,West,2026-02-09,12.44,351,0,11.33,55,0,27200,68000,0
S39,West,2026-02-16,11.29,345,0,11.93,47,0,27200,68000,0
S39,West,2026-02-23,12.87,398,0,11.45,45,0,27200,68000,0
S39,West,2026-03-02,11.93,510,0,12.06,50,0,27200,68000,0
S39,West,2026-03-09,12.32,375,0,11.39,59,0,27200,68000,0
S39,West,2026-03-16,11.76,281,0,11.08,63,0,27200,68000,0
S39,West,2026-03-23,11.75,293,0,12.12,60,0,27200,68000,0
S39,West,2026-03-30,12.31,302,0,11.1,66,0,27200,68000,0
S39,West,2026-04-06,11.44,245,0,11.27,51,0,27200,68000,0
S39,West,2026-04-13,11.31,247,0,10.66,50,0,27200,68000,0
S39,West,2026-04-20,11.92,260,0,11.01,59,0,27200,68000,0
S39,West,2026-04-27,11.44,286,0,11.21,62,0,27200,68000,0
S39,West,2026-05-04,10.88,192,0,11.28,64,0,27200,68000,0
S39,West,2026-05-11,11.12,172,0,10.8,73,0,27200,68000,0
S39,West,2026-05-18,12.58,223,0,11.28,69,0,27200,68000,0
S39,West,2026-05-25,12.57,327,0,10.51,67,1,27200,68000,0
S39,West,2026-06-01,12.62,259,0,11.18,71,0,27200,68000,0
S39,West,2026-06-08,11.44,373,1,11.75,68,0,27200,68000,0
S39,West,2026-06-15,11.74,280,0,11.64,67,0,27200,68000,0
S39,West,2026-06-22,12.69,251,0,12.53,69,0,27200,68000,0
S39,West,2026-06-29,11.95,348,0,12.0,75,1,27200,68000,0
S39,West,2026-07-06,13.1,305,0,12.16,67,0,27200,68000,0
S39,West,2026-07-13,13.79,409,1,11.44,61,0,27200,68000,0
S39,West,2026-07-20,11.92,317,0,12.38,77,0,27200,68000,0
S39,West,2026-07-27,11.45,237,0,11.84,84,0,27200,68000,0
S39,West,2026-08-03,11.89,309,0,12.01,69,0,27200,68000,0
S39,West,2026-08-10,12.51,289,0,12.45,70,0,27200,68000,0
S39,West,2026-08-17,12.2,246,1,11.35,81,0,27200,68000,0
S39,West,2026-08-24,12.65,287,0,12.73,74,0,27200,68000,0
S39,West,2026-08-31,12.47,364,1,12.44,66,0,27200,68000,0
S39,West,2026-09-07,12.3,408,1,12.03,74,1,27200,68000,0
S39,West,2026-09-14,12.24,237,0,12.05,70,0,27200,68000,0
S39,West,2026-09-21,12.32,447,0,12.24,62,0,27200,68000,0
S40,West,2023-10-02,11.54,117,0,10.67,70,0,19900,84000,0
S40,West,2023-10-09,11.55,121,0,11.11,69,0,19900,84000,0
S40,West,2023-10-16,11.65,230,1,12.05,65,0,19900,84000,0
S40,West,2023-10-23,11.91,215,1,11.85,58,0,19900,84000,0
S40,West,2023-10-30,11.52,201,0,12.45,66,0,19900,84000,0
S40,West,2023-11-06,11.11,148,0,12.1,65,0,19900,84000,0
S40,West,2023-11-13,10.95,239,1,11.34,56,0,19900,84000,0
S40,West,2023-11-20,11.6,274,0,12.77,58,1,19900,84000,0
S40,West,2023-11-27,12.29,267,0,13.45,55,0,19900,84000,0
S40,West,2023-12-04,11.33,145,0,12.29,57,0,19900,84000,0
S40,West,2023-12-11,10.61,223,0,10.59,43,0,19900,84000,0
S40,West,2023-12-18,11.65,255,0,11.98,48,0,19900,84000,0
S40,West,2023-12-25,10.98,225,0,11.61,48,1,19900,84000,0
S40,West,2024-01-01,11.44,270,0,11.79,50,1,19900,84000,0
S40,West,2024-01-08,12.52,322,0,12.21,37,0,19900,84000,0
S40,West,2024-01-15,11.15,220,0,11.15,48,0,19900,84000,0
S40,West,2024-01-22,11.77,209,0,12.71,53,0,19900,84000,0
S40,West,2024-01-29,11.88,222,0,13.1,50,0,19900,84000,0
S40,West,2024-02-05,11.77,304,0,12.23,44,0,19900,84000,0
S40,West,2024-02-12,10.84,171,0,11.17,46,0,19900,84000,0
S40,West,2024-02-19,11.33,254,0,11.43,53,0,19900,84000,0
S40,West,2024-02-26,10.37,144,0,11.32,57,0,19900,84000,0
S40,West,2024-03-04,12.15,195,0,11.95,56,0,19900,84000,0
S40,West,2024-03-11,11.37,212,0,12.05,51,0,19900,84000,0
S40,West,2024-03-18,12.06,243,0,12.57,63,0,19900,84000,0
S40,West,2024-03-25,11.42,223,0,12.47,56,0,19900,84000,0
S40,West,2024-04-01,12.85,189,0,12.41,62,0,19900,84000,0
S40,West,2024-04-08,12.58,130,0,11.49,59,0,19900,84000,0
S40,West,2024-04-15,10.88,137,1,11.68,56,0,19900,84000,0
S40,West,2024-04-22,12.19,103,0,12.26,63,0,19900,84000,0
S40,West,2024-04-29,12.2,132,0,11.67,64,0,19900,84000,0
S40,West,2024-05-06,10.74,109,0,11.13,64,0,19900,84000,0
S40,West,2024-05-13,11.91,155,0,12.0,66,0,19900,84000,0
S40,West,2024-05-20,12.48,119,0,11.88,71,0,19900,84000,0
S40,West,2024-05-27,11.17,170,1,11.77,71,1,19900,84000,0
S40,West,2024-06-03,10.92,112,0,11.16,71,0,19900,84000,0
S40,West,2024-06-10,11.31,115,0,11.34,66,0,19900,84000,0
S40,West,2024-06-17,12.59,98,0,12.13,74,0,19900,84000,0
S40,West,2024-06-24,12.41,146,0,12.25,57,0,19900,84000,0
S40,West,2024-07-01,12.29,198,1,12.31,67,1,19900,84000,0
S40,West,2024-07-08,11.39,112,0,11.44,66,0,19900,84000,0
S40,West,2024-07-15,12.11,96,0,12.04,74,0,19900,84000,0
S40,West,2024-07-22,12.07,86,1,11.02,79,0,19900,84000,0
S40,West,2024-07-29,12.25,105,1,12.66,77,0,19900,84000,0
S40,West,2024-08-05,11.39,75,0,12.25,70,0,19900,84000,0
S40,West,2024-08-12,11.09,143,1,11.1,76,0,19900,84000,0
S40,West,2024-08-19,12.27,144,0,11.61,77,0,19900,84000,0
S40,West,2024-08-26,10.99,88,0,11.23,73,0,19900,84000,0
S40,West,2024-09-02,12.18,191,0,12.68,58,1,19900,84000,0
S40,West,2024-09-09,11.39,102,0,12.3,64,0,19900,84000,0
S40,West,2024-09-16,12.21,191,1,12.62,65,0,19900,84000,0
S40,West,2024-09-23,12.02,152,0,13.09,66,0,19900,84000,0
S40,West,2024-09-30,11.54,182,1,12.03,62,0,19900,84000,0
S40,West,2024-10-07,10.83,122,0,11.77,62,0,19900,84000,0
S40,West,2024-10-14,11.01,117,0,12.26,71,0,19900,84000,0
S40,West,2024-10-21,12.71,126,0,12.47,57,0,19900,84000,0
S40,West,2024-10-28,11.65,166,0,12.63,59,0,19900,84000,0
S40,West,2024-11-04,11.1,106,0,11.3,56,0,19900,84000,0
S40,West,2024-11-11,11.92,205,0,12.36,62,0,19900,84000,0
S40,West,2024-11-18,12.61,181,0,11.95,51,0,19900,84000,0
S40,West,2024-11-25,12.12,219,0,12.64,52,1,19900,84000,0
S40,West,2024-12-02,12.86,167,1,11.89,62,0,19900,84000,0
S40,West,2024-12-09,10.83,171,1,10.87,56,0,19900,84000,0
S40,West,2024-12-16,12.16,187,0,11.74,53,0,19900,84000,0
S40,West,2024-12-23,11.79,211,0,12.08,48,1,19900,84000,0
S40,West,2024-12-30,12.85,230,0,11.83,56,1,19900,84000,0
S40,West,2025-01-06,11.57,181,0,12.29,48,0,19900,84000,0
S40,West,2025-01-13,12.15,246,1,12.26,57,0,19900,84000,0
S40,West,2025-01-20,11.93,153,0,12.58,52,0,19900,84000,0
S40,West,2025-01-27,12.38,159,1,11.92,47,0,19900,84000,0
S40,West,2025-02-03,12.87,208,0,12.81,56,0,19900,84000,0
S40,West,2025-02-10,13.19,230,0,12.42,49,0,19900,84000,0
S40,West,2025-02-17,12.36,212,0,12.05,45,0,19900,84000,0
S40,West,2025-02-24,12.27,113,0,12.49,54,0,19900,84000,0
S40,West,2025-03-03,12.21,110,0,11.78,52,0,19900,84000,0
S40,West,2025-03-10,12.29,151,0,12.02,60,0,19900,84000,0
S40,West,2025-03-17,12.77,143,0,11.69,55,0,19900,84000,0
S40,West,2025-03-24,11.83,236,0,12.5,55,0,19900,84000,0
S40,West,2025-03-31,12.32,164,1,11.78,55,0,19900,84000,0
S40,West,2025-04-07,11.9,155,0,11.69,53,0,19900,84000,0
S40,West,2025-04-14,13.21,174,0,12.04,62,0,19900,84000,0
S40,West,2025-04-21,12.01,134,0,11.45,69,0,19900,84000,0
S40,West,2025-04-28,12.55,143,0,10.88,65,0,19900,84000,0
S40,West,2025-05-05,11.62,157,0,11.66,60,0,19900,84000,0
S40,West,2025-05-12,11.3,139,0,11.03,70,0,19900,84000,0
S40,West,2025-05-19,12.26,137,1,11.68,58,0,19900,84000,0
S40,West,2025-05-26,12.93,135,0,12.07,67,1,19900,84000,0
S40,West,2025-06-02,12.06,171,0,12.08,69,0,19900,84000,0
S40,West,2025-06-09,12.26,106,0,11.45,70,0,19900,84000,0
S40,West,2025-06-16,12.82,185,0,12.24,68,0,19900,84000,0
S40,West,2025-06-23,12.23,115,0,11.72,71,0,19900,84000,0
S40,West,2025-06-30,12.06,97,0,11.01,70,1,19900,84000,0
S40,West,2025-07-07,11.59,69,0,11.0,71,0,19900,84000,0
S40,West,2025-07-14,11.65,84,0,12.17,80,0,19900,84000,0
S40,West,2025-07-21,11.49,147,1,11.41,72,0,19900,84000,0
S40,West,2025-07-28,11.95,86,0,11.49,84,0,19900,84000,0
S40,West,2025-08-04,12.71,99,0,11.11,71,0,19900,84000,0
S40,West,2025-08-11,11.38,81,0,11.84,73,0,19900,84000,0
S40,West,2025-08-18,12.0,107,0,11.28,72,0,19900,84000,0
S40,West,2025-08-25,13.21,164,0,12.58,74,0,19900,84000,0
S40,West,2025-09-01,13.82,218,0,12.33,71,1,19900,84000,0
S40,West,2025-09-08,13.41,131,1,12.15,67,0,19900,84000,0
S40,West,2025-09-15,12.74,162,0,12.86,69,0,19900,84000,0
S40,West,2025-09-22,12.18,119,0,11.41,72,0,19900,84000,0
S40,West,2025-09-29,11.96,94,0,12.33,68,0,19900,84000,0
S40,West,2025-10-06,11.99,132,0,12.04,61,0,19900,84000,0
S40,West,2025-10-13,13.17,162,0,12.76,63,0,19900,84000,0
S40,West,2025-10-20,12.14,158,0,12.1,63,0,19900,84000,0
S40,West,2025-10-27,12.46,175,0,11.93,60,0,19900,84000,0
S40,West,2025-11-03,12.55,170,0,11.02,59,0,19900,84000,0
S40,West,2025-11-10,11.41,121,0,12.38,63,0,19900,84000,0
S40,West,2025-11-17,11.42,191,0,12.71,55,0,19900,84000,0
S40,West,2025-11-24,11.55,218,0,11.4,63,1,19900,84000,0
S40,West,2025-12-01,12.06,205,0,11.86,54,0,19900,84000,0
S40,West,2025-12-08,11.09,142,0,10.86,52,0,19900,84000,0
S40,West,2025-12-15,11.19,186,0,12.38,57,0,19900,84000,0
S40,West,2025-12-22,10.32,223,0,10.85,52,1,19900,84000,0
S40,West,2025-12-29,10.59,178,0,11.67,51,1,19900,84000,0
S40,West,2026-01-05,11.21,167,0,10.81,47,0,19900,84000,0
S40,West,2026-01-12,12.09,255,0,11.32,54,0,19900,84000,0
S40,West,2026-01-19,11.34,157,0,10.89,49,0,19900,84000,0
S40,West,2026-01-26,11.4,163,0,12.12,59,0,19900,84000,0
S40,West,2026-02-02,12.7,178,0,12.12,45,0,19900,84000,0
S40,West,2026-02-09,11.49,164,0,11.48,56,0,19900,84000,0
S40,West,2026-02-16,12.24,182,0,10.38,50,0,19900,84000,0
S40,West,2026-02-23,11.87,167,0,11.97,52,0,19900,84000,0
S40,West,2026-03-02,11.9,195,0,12.8,48,0,19900,84000,0
S40,West,2026-03-09,12.32,162,0,12.25,55,0,19900,84000,0
S40,West,2026-03-16,11.65,111,0,11.82,61,0,19900,84000,0
S40,West,2026-03-23,11.63,220,0,12.27,44,0,19900,84000,0
S40,West,2026-03-30,11.63,126,0,12.2,56,0,19900,84000,0
S40,West,2026-04-06,10.86,128,0,11.16,56,0,19900,84000,0
S40,West,2026-04-13,11.39,86,0,10.52,66,0,19900,84000,0
S40,West,2026-04-20,11.59,125,0,11.21,60,0,19900,84000,0
S40,West,2026-04-27,11.29,164,0,11.06,64,0,19900,84000,0
S40,West,2026-05-04,11.31,142,0,11.12,64,0,19900,84000,0
S40,West,2026-05-11,11.46,97,0,11.4,64,0,19900,84000,0
S40,West,2026-05-18,12.48,120,0,10.43,59,0,19900,84000,0
S40,West,2026-05-25,12.94,197,0,11.12,71,1,19900,84000,0
S40,West,2026-06-01,11.68,161,0,11.58,69,0,19900,84000,0
S40,West,2026-06-08,11.06,117,1,11.36,75,0,19900,84000,0
S40,West,2026-06-15,12.36,134,0,11.54,69,0,19900,84000,0
S40,West,2026-06-22,12.33,131,0,11.85,79,0,19900,84000,0
S40,West,2026-06-29,12.77,201,0,12.32,80,1,19900,84000,0
S40,West,2026-07-06,12.62,121,0,12.11,81,0,19900,84000,0
S40,West,2026-07-13,12.99,198,1,12.35,78,0,19900,84000,0
S40,West,2026-07-20,12.93,165,0,12.46,70,0,19900,84000,0
S40,West,2026-07-27,12.1,152,0,11.89,78,0,19900,84000,0
S40,West,2026-08-03,12.08,126,0,12.22,73,0,19900,84000,0
S40,West,2026-08-10,12.14,158,0,11.73,67,0,19900,84000,0
S40,West,2026-08-17,12.41,124,1,11.4,77,0,19900,84000,0
S40,West,2026-08-24,13.09,127,0,11.83,68,0,19900,84000,0
S40,West,2026-08-31,12.58,134,1,11.2,73,0,19900,84000,0
S40,West,2026-09-07,12.08,195,1,11.89,65,1,19900,84000,0
S40,West,2026-09-14,12.15,155,0,11.44,74,0,19900,84000,0
S40,West,2026-09-21,12.29,108,0,11.92,60,0,19900,84000,0
