user_id,household_id,assigned_new,used_new_flow,baseline_score,signup_channel,support_contact,retained_30d
1,4272,0,0,-0.748,paid_search,0,0.0
2,1893,0,0,-0.996,organic,1,0.0
3,3953,1,1,-0.075,referral,0,0.0
4,1148,0,0,-0.253,referral,0,0.0
5,2010,0,0,1.758,paid_search,0,0.0
6,3036,1,1,0.187,organic,0,1.0
7,1681,1,1,-0.607,organic,0,0.0
8,201,1,1,0.569,organic,0,1.0
9,405,1,0,-1.206,referral,1,0.0
10,4015,0,0,-1.227,organic,0,0.0
11,1284,1,1,2.569,organic,0,1.0
12,3699,1,1,0.753,referral,0,1.0
13,2077,0,0,-0.236,referral,0,1.0
14,3041,1,1,0.159,referral,0,1.0
15,355,0,0,0.203,paid_search,0,0.0
16,2138,0,0,0.34,referral,0,1.0
17,1518,0,0,-1.022,paid_search,1,0.0
18,1923,1,1,-0.799,paid_search,0,0.0
19,877,0,0,-1.334,organic,0,0.0
20,32,0,0,-1.188,organic,0,0.0
21,3222,0,0,1.768,referral,0,1.0
22,4058,1,1,1.183,organic,0,0.0
23,3743,1,1,-0.654,paid_search,0,1.0
24,3924,0,0,-0.159,referral,0,0.0
25,4229,0,0,-0.692,paid_search,1,0.0
26,2997,0,0,-1.235,organic,0,0.0
27,3944,1,0,-0.554,organic,0,1.0
28,2734,1,1,-0.277,organic,0,1.0
29,3161,1,1,-0.367,partner,0,0.0
30,1937,0,0,2.233,paid_search,0,1.0
31,1621,1,1,-2.033,paid_search,0,0.0
32,3537,0,0,1.342,paid_search,0,1.0
33,2341,0,0,0.945,paid_search,0,0.0
34,1005,0,0,-1.741,referral,0,0.0
35,3002,1,1,-2.342,organic,1,0.0
36,1627,0,0,-1.115,referral,0,0.0
37,3954,0,0,-0.131,organic,0,0.0
38,573,0,1,0.212,partner,0,0.0
39,3986,1,1,0.619,organic,0,1.0
40,3193,0,0,1.383,referral,0,1.0
41,1315,1,1,0.673,organic,0,1.0
42,437,0,0,-1.973,paid_search,0,0.0
43,3040,0,0,0.061,organic,0,1.0
44,3223,1,1,-0.029,paid_search,0,0.0
45,2675,0,0,-1.313,organic,1,1.0
46,2945,1,1,-0.412,paid_search,0,0.0
47,2249,1,1,1.46,referral,0,0.0
48,464,1,0,-0.64,paid_search,0,0.0
49,3637,0,0,1.182,referral,0,0.0
50,104,0,0,-0.524,partner,0,0.0
51,1873,0,0,-0.374,paid_search,0,0.0
52,370,1,0,-0.162,paid_search,0,0.0
53,2798,1,1,-0.197,partner,0,0.0
54,396,1,1,0.288,referral,1,0.0
55,3700,1,0,-0.346,organic,0,0.0
56,812,1,1,0.136,paid_search,0,0.0
57,3328,0,0,-0.791,organic,0,0.0
58,3193,1,1,1.044,paid_search,0,0.0
59,190,1,1,0.822,organic,0,0.0
60,1930,0,0,0.229,paid_search,1,1.0
61,3159,0,0,0.699,paid_search,0,
62,4152,1,0,0.456,referral,0,1.0
63,3932,1,1,1.132,organic,0,1.0
64,2431,1,1,-1.945,partner,1,0.0
65,2770,1,1,-0.637,partner,1,0.0
66,1252,1,1,-2.347,referral,1,1.0
67,4057,0,0,0.214,paid_search,0,0.0
68,1390,1,1,1.332,paid_search,1,1.0
69,1460,0,0,-0.585,paid_search,1,0.0
70,1352,0,0,-0.37,organic,0,1.0
71,4181,0,0,-1.132,organic,0,0.0
72,2231,0,0,0.124,organic,0,0.0
73,3514,1,1,-0.865,organic,1,1.0
74,2706,0,0,0.72,referral,0,0.0
75,2066,0,0,1.012,referral,1,1.0
76,2446,1,1,-1.051,organic,0,0.0
77,3823,1,1,0.783,organic,0,1.0
78,3111,0,0,-0.231,referral,0,1.0
79,3606,0,0,-1.14,paid_search,0,0.0
80,3992,0,0,0.132,organic,1,0.0
81,571,0,0,0.279,partner,0,0.0
82,4277,0,0,1.0,paid_search,0,0.0
83,2971,0,0,1.385,organic,0,1.0
84,2139,1,0,1.433,referral,0,0.0
85,2832,1,1,0.032,referral,0,0.0
86,2202,0,0,-0.141,referral,0,1.0
87,866,0,0,-0.12,organic,0,1.0
88,1844,0,1,-0.979,organic,1,1.0
89,3914,0,0,0.244,organic,0,0.0
90,641,0,0,0.364,organic,0,0.0
91,343,0,0,-0.24,paid_search,0,
92,2327,0,0,0.146,organic,0,1.0
93,1851,0,0,-0.35,organic,1,0.0
94,1412,1,0,1.203,organic,0,1.0
95,4280,1,1,0.224,paid_search,0,0.0
96,3661,1,1,0.072,referral,1,1.0
97,1266,0,0,0.601,organic,0,0.0
98,3640,1,1,-1.008,organic,0,0.0
99,3892,1,1,-1.163,referral,0,
100,1210,1,0,0.86,organic,0,1.0
101,977,1,1,-0.304,paid_search,0,0.0
102,3841,1,1,-0.38,paid_search,0,0.0
103,2076,0,0,0.857,organic,0,
104,741,1,1,-0.178,organic,0,
105,3832,1,1,-0.442,paid_search,0,1.0
106,393,0,0,1.983,organic,1,1.0
107,2836,1,1,-1.769,organic,0,0.0
108,2288,0,0,0.778,organic,1,1.0
109,2912,1,1,-0.877,referral,0,1.0
110,2737,1,1,-0.742,organic,0,0.0
111,832,0,0,1.633,organic,1,1.0
112,2965,0,0,1.609,referral,0,1.0
113,407,0,0,0.975,organic,1,1.0
114,1631,1,1,-0.317,organic,1,1.0
115,881,1,1,-2.396,referral,0,0.0
116,3373,1,1,-0.387,organic,0,1.0
117,3575,1,1,-0.484,paid_search,1,0.0
118,1816,0,0,-2.001,referral,0,1.0
119,1596,1,1,-0.259,organic,1,1.0
120,952,1,1,1.418,paid_search,0,0.0
121,2181,1,1,0.068,paid_search,0,1.0
122,3107,0,0,0.419,paid_search,0,1.0
123,3928,1,1,-0.572,organic,0,1.0
124,4284,0,0,1.758,paid_search,0,
125,2636,0,0,-1.447,organic,0,0.0
126,3363,0,0,-1.059,paid_search,0,0.0
127,207,0,0,0.158,paid_search,0,1.0
128,1997,0,0,-0.585,referral,0,0.0
129,3666,1,1,-1.525,paid_search,0,1.0
130,3444,0,0,-1.394,paid_search,1,1.0
131,1753,1,1,-0.687,paid_search,0,0.0
132,476,0,0,0.8,organic,0,0.0
133,3645,1,1,0.08,organic,0,
134,2597,0,0,0.894,organic,0,0.0
135,386,1,1,0.019,paid_search,0,0.0
136,575,0,0,-0.053,paid_search,0,0.0
137,1976,1,1,-0.956,referral,0,1.0
138,344,1,1,-0.668,partner,0,0.0
139,3527,1,1,-0.675,organic,0,0.0
140,3182,1,1,1.152,organic,1,0.0
141,2612,1,1,0.043,partner,0,0.0
142,200,0,0,-1.088,organic,1,
143,1856,1,1,-1.371,organic,1,1.0
144,1282,0,0,-0.464,referral,0,1.0
145,574,1,0,-0.517,organic,0,
146,489,0,0,0.443,partner,0,1.0
147,2001,1,1,-0.055,organic,0,0.0
148,2378,1,1,0.47,partner,0,1.0
149,767,1,1,-0.365,paid_search,0,0.0
150,1117,0,1,0.669,referral,0,0.0
151,4040,0,0,-0.805,organic,0,0.0
152,3847,0,0,2.109,paid_search,1,1.0
153,2576,1,0,-0.171,referral,0,0.0
154,98,1,1,1.169,referral,0,1.0
155,1140,1,1,0.539,paid_search,0,
156,1091,1,1,0.978,paid_search,0,0.0
157,2996,0,0,0.59,paid_search,1,0.0
158,3562,1,1,1.974,referral,0,1.0
159,53,0,0,-1.558,referral,0,0.0
160,383,0,0,-0.6,referral,1,0.0
161,2228,1,0,-0.366,organic,0,1.0
162,2591,0,1,0.409,referral,0,0.0
163,2758,1,1,-1.074,paid_search,0,1.0
164,2796,1,1,0.035,paid_search,1,0.0
165,3915,1,1,0.365,paid_search,1,0.0
166,1974,1,1,-0.226,referral,0,0.0
167,3800,0,0,-1.775,organic,0,1.0
168,2482,1,1,0.453,partner,0,0.0
169,373,1,0,1.152,organic,0,0.0
170,684,0,0,-1.75,paid_search,0,0.0
171,3303,1,1,-1.81,referral,1,
172,2141,1,1,0.673,paid_search,0,0.0
173,3028,1,1,-0.983,paid_search,0,0.0
174,2117,0,0,0.215,organic,0,0.0
175,2297,0,0,0.3,organic,1,0.0
176,1135,1,1,-0.066,referral,1,0.0
177,2913,1,1,0.578,paid_search,0,0.0
178,317,0,0,1.347,organic,1,1.0
179,3189,1,0,-1.603,organic,0,0.0
180,2109,1,1,2.376,paid_search,0,0.0
181,3425,0,0,0.601,organic,0,0.0
182,2169,1,1,1.075,organic,0,
183,1146,1,0,0.565,organic,0,0.0
184,2858,1,1,0.253,paid_search,0,0.0
185,1655,1,0,-0.578,organic,0,0.0
186,1411,1,1,0.904,organic,0,1.0
187,1949,0,0,-0.402,organic,1,0.0
188,2592,1,1,-1.066,paid_search,0,0.0
189,171,1,1,-1.218,paid_search,0,0.0
190,1912,0,0,0.495,partner,0,1.0
191,1813,0,0,-0.181,paid_search,0,0.0
192,2484,0,0,1.006,partner,0,1.0
193,2165,1,1,-1.528,organic,0,0.0
194,1098,0,0,-0.735,organic,0,0.0
195,641,1,0,0.967,partner,0,1.0
196,2345,0,0,-0.356,partner,0,1.0
197,883,1,1,-1.235,organic,0,0.0
198,2699,0,0,1.106,referral,0,1.0
199,783,0,0,0.821,paid_search,1,0.0
200,1819,0,0,1.115,organic,0,
201,1149,0,0,-0.14,organic,0,1.0
202,587,1,1,-0.136,referral,1,0.0
203,3582,1,1,-0.71,partner,0,
204,2777,0,0,0.1,organic,0,0.0
205,1385,1,1,-0.565,organic,0,1.0
206,4146,0,0,0.281,paid_search,0,0.0
207,118,1,1,-0.955,organic,0,1.0
208,2196,0,0,1.074,organic,1,1.0
209,3985,0,1,-0.808,organic,0,0.0
210,3835,0,0,0.405,organic,0,0.0
211,1110,1,1,-0.26,organic,1,0.0
212,2170,0,0,1.335,organic,1,0.0
213,1593,1,1,-1.342,organic,0,0.0
214,1695,1,1,1.73,organic,0,
215,4296,0,1,0.105,referral,0,1.0
216,3125,0,0,-0.265,paid_search,1,1.0
217,27,0,0,0.529,organic,0,1.0
218,1185,0,0,0.575,paid_search,1,1.0
219,3307,1,1,0.596,organic,0,1.0
220,110,0,1,0.329,referral,0,0.0
221,2067,0,0,-0.706,organic,0,0.0
222,3625,0,0,-0.137,organic,0,0.0
223,224,1,0,-0.676,paid_search,0,1.0
224,369,0,0,-0.419,organic,0,0.0
225,3100,0,0,-0.619,referral,1,0.0
226,1815,1,1,-1.522,referral,0,1.0
227,3153,0,0,0.251,organic,0,0.0
228,745,1,1,0.177,partner,1,1.0
229,1390,1,1,0.379,paid_search,0,1.0
230,2861,0,0,-0.339,paid_search,0,0.0
231,3024,1,1,1.33,organic,1,0.0
232,201,1,1,0.463,paid_search,0,0.0
233,839,1,1,-0.04,organic,0,1.0
234,289,0,0,-0.21,referral,0,0.0
235,1543,1,1,0.112,organic,0,
236,3236,1,1,1.947,organic,1,0.0
237,3084,1,1,1.615,referral,0,1.0
238,2007,0,0,0.357,organic,0,0.0
239,353,0,0,-2.374,organic,1,
240,4136,0,0,-0.514,paid_search,1,1.0
241,3067,1,1,-0.155,referral,0,0.0
242,1445,0,0,0.924,referral,1,1.0
243,2105,0,0,-1.091,paid_search,0,
244,4231,1,1,0.522,paid_search,0,0.0
245,507,1,1,0.892,paid_search,0,1.0
246,3318,0,0,0.721,paid_search,1,1.0
247,1122,0,0,0.513,organic,0,1.0
248,3823,0,0,-0.163,referral,0,1.0
249,962,0,0,-1.917,partner,1,0.0
250,370,0,0,0.446,paid_search,1,0.0
251,242,1,1,0.107,organic,0,0.0
252,649,1,1,-0.209,organic,0,1.0
253,1245,0,0,-2.616,paid_search,0,0.0
254,3705,1,1,1.121,organic,0,0.0
255,1738,0,0,-0.281,paid_search,1,0.0
256,363,0,0,0.364,organic,1,1.0
257,2179,0,0,0.016,organic,1,1.0
258,146,1,1,0.641,paid_search,0,
259,2943,0,1,-0.512,organic,0,0.0
260,3211,0,0,-0.832,partner,0,1.0
261,1713,0,0,-1.447,organic,0,0.0
262,1104,1,1,0.499,organic,0,0.0
263,3768,1,1,-2.021,referral,0,
264,1488,0,0,-0.199,paid_search,0,0.0
265,2147,1,1,1.196,organic,0,0.0
266,3473,0,0,-0.683,paid_search,0,0.0
267,1742,0,0,-0.565,referral,0,0.0
268,67,1,0,1.382,referral,1,1.0
269,3790,1,1,1.505,paid_search,0,
270,3861,0,0,1.416,organic,1,0.0
271,2222,1,0,1.424,organic,0,
272,891,0,0,0.408,paid_search,0,
273,83,0,0,-0.747,referral,0,1.0
274,10,0,0,-2.274,paid_search,0,0.0
275,3273,1,1,-0.203,paid_search,0,1.0
276,3743,1,1,-0.978,organic,1,1.0
277,1409,1,1,-0.926,organic,0,0.0
278,1252,1,1,1.257,organic,0,0.0
279,2847,0,1,-0.317,partner,0,0.0
280,2788,1,1,1.083,organic,0,
281,3302,0,0,0.044,organic,0,0.0
282,252,1,1,2.197,referral,0,1.0
283,845,0,0,0.478,referral,0,0.0
284,1288,1,1,0.69,organic,0,1.0
285,3894,1,1,0.733,organic,0,1.0
286,3908,0,0,0.956,organic,0,0.0
287,279,0,0,-0.643,paid_search,0,0.0
288,130,0,0,-1.346,organic,0,0.0
289,1806,0,0,-0.634,organic,1,0.0
290,2359,1,1,2.091,organic,0,0.0
291,1122,0,0,-1.406,paid_search,0,0.0
292,628,1,1,-1.377,organic,1,0.0
293,3179,1,0,1.191,organic,0,0.0
294,349,1,1,-2.145,paid_search,1,0.0
295,1827,1,1,-0.041,paid_search,0,0.0
296,46,1,0,-0.997,paid_search,0,
297,3656,0,0,0.151,paid_search,0,0.0
298,1942,0,0,-0.295,partner,1,0.0
299,1883,0,0,0.988,organic,0,0.0
300,1662,0,0,0.692,organic,0,0.0
301,2477,0,1,0.807,organic,0,0.0
302,647,1,0,1.086,paid_search,0,0.0
303,4283,0,0,0.333,organic,0,1.0
304,689,0,0,-0.559,organic,0,
305,2473,1,1,-0.385,organic,0,0.0
306,3479,0,0,-0.31,organic,0,0.0
307,1240,1,1,0.172,organic,0,0.0
308,2676,0,0,-0.983,referral,0,1.0
309,3699,0,0,-1.571,organic,1,0.0
310,1997,1,1,0.019,referral,0,1.0
311,1521,0,0,1.37,organic,0,1.0
312,3781,0,1,-0.074,paid_search,0,1.0
313,1245,1,0,1.156,partner,0,1.0
314,3041,0,0,0.163,paid_search,0,0.0
315,2283,1,1,1.191,partner,0,0.0
316,1547,0,0,-0.778,paid_search,0,
317,4152,0,0,-0.762,organic,1,1.0
318,2788,1,1,-0.333,organic,1,0.0
319,1647,0,0,1.157,referral,0,1.0
320,493,0,0,-0.542,referral,0,0.0
321,2725,1,1,-0.273,paid_search,0,0.0
322,1842,1,1,0.661,referral,0,1.0
323,246,0,0,0.243,partner,0,
324,1934,0,0,0.338,paid_search,1,0.0
325,3543,0,0,-0.631,organic,0,0.0
326,2785,0,0,-1.427,paid_search,1,1.0
327,1868,1,1,-1.163,organic,0,0.0
328,3316,0,0,-0.362,paid_search,1,0.0
329,1886,1,1,0.464,organic,0,1.0
330,423,0,0,-1.604,paid_search,0,0.0
331,1070,1,1,-0.414,paid_search,1,0.0
332,2405,1,0,1.44,referral,0,0.0
333,937,1,1,-0.259,partner,0,0.0
334,1398,0,0,-1.21,paid_search,0,0.0
335,3371,1,0,1.339,paid_search,0,1.0
336,3001,1,0,-0.368,referral,0,0.0
337,2200,0,0,0.18,paid_search,0,1.0
338,3990,1,1,0.29,partner,1,1.0
339,2123,0,0,0.696,referral,0,
340,736,0,0,-0.023,organic,1,1.0
341,3994,1,1,0.351,paid_search,0,1.0
342,847,1,1,1.119,partner,0,0.0
343,2214,1,1,-0.799,partner,0,0.0
344,284,1,0,-1.194,organic,0,
345,4011,1,1,0.891,organic,0,1.0
346,17,1,1,-0.12,partner,0,0.0
347,4108,1,1,-0.808,organic,1,
348,3545,1,1,-0.808,organic,0,0.0
349,3357,1,1,-0.693,organic,1,0.0
350,3976,0,0,-1.448,paid_search,0,0.0
351,3805,1,0,0.167,organic,1,1.0
352,3741,1,1,1.09,referral,1,1.0
353,4270,1,1,2.511,referral,1,1.0
354,1473,0,0,1.774,organic,1,0.0
355,2996,0,0,-0.189,paid_search,1,0.0
356,849,1,1,0.398,organic,1,1.0
357,1824,1,1,0.423,organic,0,
358,3851,1,0,0.122,organic,0,0.0
359,1776,1,0,0.625,referral,0,
360,3651,1,1,-0.344,organic,0,
361,1804,0,0,-0.537,organic,1,0.0
362,4082,1,0,0.799,partner,1,1.0
363,3309,0,1,-0.349,organic,0,0.0
364,3821,1,1,0.254,referral,1,1.0
365,2247,1,0,-0.689,organic,0,0.0
366,1615,0,1,-0.548,paid_search,0,0.0
367,1913,0,0,-0.243,referral,0,0.0
368,3323,1,1,-0.512,organic,0,0.0
369,111,1,1,1.205,organic,0,1.0
370,3186,1,1,-1.717,referral,0,
371,2664,1,1,-0.882,organic,0,1.0
372,1616,1,1,0.426,organic,0,0.0
373,2323,1,1,-1.661,organic,0,1.0
374,3297,0,0,0.246,organic,1,0.0
375,2138,0,0,0.625,referral,1,
376,3857,1,1,0.34,paid_search,0,1.0
377,466,0,0,0.299,organic,1,0.0
378,634,0,0,-1.431,paid_search,0,0.0
379,2805,1,0,0.376,organic,0,0.0
380,3002,0,0,-0.541,paid_search,0,0.0
381,261,1,1,0.879,organic,1,1.0
382,1518,1,1,-0.269,partner,0,0.0
383,3281,1,1,0.301,referral,0,0.0
384,400,1,0,-1.543,paid_search,0,0.0
385,3311,0,0,0.504,referral,1,
386,1672,0,0,1.181,organic,0,0.0
387,131,1,0,-1.405,referral,0,0.0
388,2948,0,0,0.972,organic,1,1.0
389,2082,0,0,0.941,organic,0,0.0
390,241,1,1,-0.773,referral,0,0.0
391,4285,0,0,-0.695,paid_search,0,1.0
392,2768,1,1,0.038,referral,0,
393,2761,1,1,1.036,paid_search,0,1.0
394,2838,0,0,0.157,paid_search,0,0.0
395,2013,0,0,-0.439,organic,0,0.0
396,4263,0,0,1.637,organic,0,1.0
397,1610,0,0,-0.689,partner,0,1.0
398,1362,0,0,-0.789,paid_search,0,0.0
399,1455,0,0,0.271,partner,0,1.0
400,802,0,0,0.133,partner,1,0.0
401,2937,0,0,0.27,organic,0,0.0
402,4171,0,0,-0.163,referral,0,1.0
403,2474,0,0,-0.534,organic,1,0.0
404,3995,1,1,1.297,organic,0,0.0
405,1314,0,0,-0.279,referral,0,1.0
406,3873,0,0,1.178,referral,0,1.0
407,320,0,0,-0.711,organic,0,1.0
408,1755,1,1,-0.196,paid_search,0,0.0
409,1126,1,1,0.994,referral,0,1.0
410,2234,0,0,-0.353,paid_search,0,0.0
411,258,1,1,-1.219,referral,1,0.0
412,3651,1,0,0.52,referral,0,1.0
413,1557,1,0,-2.866,referral,0,0.0
414,3532,0,0,-2.035,partner,0,0.0
415,359,1,1,-2.188,organic,0,0.0
416,3992,0,0,-1.531,referral,0,1.0
417,3170,1,0,-0.422,partner,1,1.0
418,1412,1,1,-1.042,organic,0,1.0
419,663,0,0,-1.035,partner,0,0.0
420,733,1,1,1.384,paid_search,0,1.0
421,3454,1,1,0.714,paid_search,0,0.0
422,2339,1,1,0.974,organic,0,1.0
423,3538,0,0,-0.22,referral,1,0.0
424,3526,1,1,0.745,paid_search,0,
425,866,0,0,0.87,paid_search,1,0.0
426,76,0,0,0.376,referral,0,0.0
427,486,1,0,1.164,organic,0,0.0
428,2024,0,0,-0.884,paid_search,0,0.0
429,3208,1,1,-0.801,organic,0,1.0
430,2789,0,0,-0.82,organic,0,
431,1617,1,1,0.656,organic,0,1.0
432,672,1,1,-0.874,partner,0,1.0
433,711,0,0,0.81,referral,0,1.0
434,3282,1,1,-0.108,partner,0,0.0
435,223,1,1,1.02,partner,0,1.0
436,1939,1,1,-0.445,paid_search,0,0.0
437,2939,1,1,-0.404,organic,0,0.0
438,500,0,0,0.864,organic,0,0.0
439,256,0,0,0.085,paid_search,0,1.0
440,391,1,1,-1.03,organic,0,0.0
441,4261,1,1,-1.466,organic,1,
442,3029,1,1,1.2,paid_search,0,1.0
443,3091,1,1,-0.304,organic,1,
444,1703,0,0,0.296,organic,0,1.0
445,1002,0,0,0.129,paid_search,0,0.0
446,3074,0,0,1.006,paid_search,1,1.0
447,2647,0,0,0.994,organic,0,0.0
448,3433,0,0,-0.158,organic,1,
449,3915,1,1,-1.293,organic,0,0.0
450,771,1,1,0.892,organic,0,1.0
451,221,1,1,-2.03,organic,0,0.0
452,2839,1,0,0.27,organic,1,0.0
453,114,1,1,-2.239,organic,0,0.0
454,254,0,0,-0.241,organic,0,
455,3401,1,0,-0.086,referral,0,0.0
456,2194,1,1,1.112,organic,0,1.0
457,1697,1,1,0.701,organic,0,0.0
458,2611,0,0,1.888,paid_search,0,1.0
459,1172,0,0,-0.59,organic,1,0.0
460,2679,0,0,-0.853,paid_search,0,0.0
461,2308,0,0,-0.709,paid_search,1,0.0
462,3077,1,0,-1.034,organic,0,
463,3666,1,1,-0.626,referral,0,1.0
464,3456,1,1,1.076,organic,0,0.0
465,442,1,1,0.763,referral,0,0.0
466,1675,0,0,-0.002,paid_search,1,0.0
467,1518,1,0,1.394,organic,0,0.0
468,2508,1,1,-0.478,organic,0,0.0
469,522,1,1,-0.651,partner,0,1.0
470,1229,0,0,-0.007,organic,0,1.0
471,323,0,0,-0.706,referral,0,1.0
472,1191,0,0,-0.97,organic,0,1.0
473,3837,0,0,0.175,paid_search,0,0.0
474,2294,0,0,1.573,paid_search,0,1.0
475,2897,0,0,-0.871,paid_search,0,
476,3925,0,1,2.772,organic,0,1.0
477,3525,1,1,-0.77,organic,0,1.0
478,87,0,0,-0.128,referral,0,0.0
479,2361,0,0,-0.091,organic,0,0.0
480,1875,1,0,0.396,organic,1,0.0
481,3478,1,1,0.955,organic,0,0.0
482,3849,0,0,-0.031,organic,0,1.0
483,112,1,1,-0.754,paid_search,0,0.0
484,3809,0,0,-0.531,paid_search,0,1.0
485,1723,1,1,1.799,paid_search,1,0.0
486,3115,1,1,2.313,paid_search,0,0.0
487,2629,1,1,0.75,organic,0,1.0
488,263,0,0,0.575,referral,0,0.0
489,4287,1,1,-1.07,organic,0,1.0
490,2122,1,1,-0.135,partner,1,0.0
491,1928,1,1,-0.376,paid_search,1,
492,1406,0,0,-0.048,organic,0,0.0
493,3548,1,1,0.178,organic,0,0.0
494,2184,1,1,1.61,paid_search,0,1.0
495,3079,0,0,-1.375,organic,1,0.0
496,951,1,1,0.195,organic,0,0.0
497,1725,1,1,0.511,referral,0,
498,3374,1,1,-0.412,referral,0,0.0
499,538,0,0,-2.699,referral,1,0.0
500,3599,0,0,1.445,organic,0,1.0
501,3718,1,1,2.334,organic,1,1.0
502,2061,1,1,0.969,organic,0,1.0
503,1644,0,0,-0.643,referral,0,0.0
504,3863,0,0,2.326,paid_search,0,1.0
505,973,0,0,-0.51,paid_search,1,0.0
506,659,1,1,-0.25,partner,0,
507,3114,1,0,-0.305,paid_search,1,0.0
508,1592,0,0,-0.621,organic,1,0.0
509,2633,0,0,-0.404,organic,1,
510,1452,0,0,1.269,organic,0,1.0
511,425,0,0,-0.718,referral,1,0.0
512,418,0,0,1.639,organic,0,1.0
513,2574,0,0,-0.512,referral,0,1.0
514,4181,0,0,0.51,organic,0,
515,3539,0,0,0.796,organic,0,1.0
516,23,0,0,0.642,organic,0,0.0
517,3357,1,1,-0.245,paid_search,0,1.0
518,1507,1,0,0.587,referral,0,
519,1473,1,1,0.264,partner,0,1.0
520,934,0,0,-0.307,paid_search,0,0.0
521,2314,1,1,1.239,organic,0,1.0
522,3379,0,0,-0.242,partner,0,0.0
523,2915,1,1,1.335,organic,0,1.0
524,2012,1,1,-0.366,organic,0,
525,2814,0,0,-1.417,paid_search,1,1.0
526,1591,1,1,1.162,referral,0,1.0
527,3719,1,1,-0.077,organic,0,0.0
528,376,1,0,1.996,organic,0,
529,266,0,0,-1.016,paid_search,0,0.0
530,1257,0,0,0.532,paid_search,1,0.0
531,340,0,0,1.412,organic,0,1.0
532,4013,1,1,0.484,organic,0,1.0
533,1788,1,1,-1.346,paid_search,0,0.0
534,2214,1,1,-1.49,organic,1,0.0
535,1550,1,1,-1.114,referral,0,0.0
536,686,0,0,1.028,organic,0,1.0
537,825,1,1,-0.937,organic,0,
538,1264,0,0,-1.791,organic,0,0.0
539,27,1,1,2.034,referral,0,
540,427,0,0,0.632,referral,0,1.0
541,58,1,1,-1.362,referral,1,0.0
542,207,0,0,0.154,organic,1,0.0
543,4135,1,1,-0.164,organic,0,1.0
544,1700,1,1,1.686,referral,0,1.0
545,796,1,1,0.429,referral,0,0.0
546,1152,0,0,0.618,paid_search,0,1.0
547,1563,0,1,0.995,organic,0,0.0
548,4099,0,0,1.431,paid_search,1,0.0
549,1425,1,1,-1.092,paid_search,0,1.0
550,4052,0,0,1.326,partner,0,0.0
551,2715,1,0,1.509,organic,0,1.0
552,1812,1,1,1.632,organic,1,0.0
553,2915,0,1,-0.068,paid_search,0,1.0
554,733,1,1,0.887,paid_search,1,1.0
555,3940,0,0,1.272,referral,0,1.0
556,1225,1,0,-1.109,referral,0,0.0
557,3778,0,0,-0.832,organic,1,0.0
558,413,0,1,1.079,partner,0,0.0
559,844,0,0,0.039,paid_search,0,1.0
560,3698,0,0,0.275,paid_search,1,0.0
561,1790,0,0,-0.389,organic,1,1.0
562,2603,1,0,2.483,paid_search,0,1.0
563,3757,0,0,-2.189,paid_search,0,0.0
564,302,0,0,0.905,organic,0,0.0
565,1766,0,0,1.023,organic,0,1.0
566,1500,0,0,-0.886,organic,0,0.0
567,2626,1,1,0.466,organic,0,1.0
568,2513,0,1,-0.018,paid_search,0,0.0
569,2960,0,0,-0.421,referral,0,1.0
570,794,0,1,-1.277,paid_search,0,0.0
571,2382,1,1,1.246,referral,0,1.0
572,252,1,1,2.324,paid_search,0,1.0
573,240,0,0,-0.44,referral,0,1.0
574,3641,0,0,-0.388,paid_search,0,1.0
575,1927,0,0,-0.87,organic,0,0.0
576,1027,0,1,0.448,referral,1,1.0
577,761,1,1,-1.593,organic,0,0.0
578,2624,0,1,1.664,paid_search,0,0.0
579,450,1,0,-0.259,partner,1,0.0
580,743,0,0,0.477,organic,0,0.0
581,3958,0,0,1.009,partner,0,1.0
582,3321,0,0,1.353,organic,0,0.0
583,3524,0,0,0.634,organic,0,0.0
584,3218,1,1,-0.985,referral,0,1.0
585,2829,0,0,0.826,paid_search,0,1.0
586,1297,1,1,-0.038,paid_search,0,1.0
587,695,1,1,1.156,paid_search,0,1.0
588,597,1,1,0.856,organic,0,0.0
589,2345,0,0,-2.242,organic,1,
590,404,1,1,-1.277,paid_search,0,0.0
591,3026,0,0,0.737,referral,1,1.0
592,1448,1,0,1.405,organic,0,1.0
593,2243,0,0,0.613,paid_search,0,0.0
594,3225,0,0,1.656,organic,0,0.0
595,1012,1,1,0.795,organic,0,1.0
596,1393,0,0,-0.128,referral,0,1.0
597,2738,0,0,0.078,paid_search,0,1.0
598,1275,0,0,-1.343,partner,0,0.0
599,1968,1,1,0.049,paid_search,0,0.0
600,3545,0,0,-0.602,paid_search,1,0.0
601,945,1,1,-1.428,paid_search,0,0.0
602,3809,1,1,0.633,paid_search,0,0.0
603,814,0,0,0.003,referral,0,0.0
604,14,1,1,-0.168,referral,0,
605,2597,0,0,0.579,organic,0,0.0
606,1749,0,0,0.407,organic,0,1.0
607,622,1,1,0.376,paid_search,0,1.0
608,2642,0,0,0.581,organic,0,1.0
609,1064,0,0,0.098,paid_search,0,1.0
610,2217,1,1,-0.979,organic,0,0.0
611,2923,0,0,-0.682,organic,1,0.0
612,1125,0,0,0.093,partner,0,1.0
613,1905,1,1,-0.981,paid_search,0,0.0
614,3825,0,0,-1.382,referral,0,0.0
615,3680,1,0,-0.782,organic,0,
616,2930,0,0,-1.193,referral,0,1.0
617,2229,1,1,-1.806,organic,0,
618,544,1,1,-0.413,paid_search,0,0.0
619,3725,1,0,-1.728,organic,0,0.0
620,3343,1,1,1.325,paid_search,0,
621,2751,1,1,-0.905,referral,0,0.0
622,2211,0,0,0.033,paid_search,0,1.0
623,359,1,0,-0.019,paid_search,1,1.0
624,575,1,1,0.44,paid_search,0,0.0
625,1507,0,0,0.954,organic,1,0.0
626,394,1,1,0.151,paid_search,1,0.0
627,3966,1,1,0.299,organic,0,1.0
628,3628,0,0,-0.723,referral,0,1.0
629,1437,1,1,-0.522,referral,1,1.0
630,2852,1,1,-0.652,paid_search,0,0.0
631,1667,0,0,-1.066,organic,0,0.0
632,3850,0,0,-0.712,organic,0,1.0
633,3125,1,1,0.388,paid_search,0,1.0
634,2946,1,1,-1.649,paid_search,0,0.0
635,3331,0,0,-0.765,paid_search,1,0.0
636,857,0,0,-1.255,referral,0,1.0
637,4098,0,0,1.448,organic,0,0.0
638,1876,0,0,-0.219,organic,1,0.0
639,2483,0,0,0.316,organic,0,0.0
640,2585,1,0,0.559,referral,1,1.0
641,431,1,1,-0.927,organic,0,1.0
642,1578,1,1,-0.433,referral,1,1.0
643,3162,1,1,-1.091,organic,0,0.0
644,113,1,0,-0.134,paid_search,0,1.0
645,2781,1,1,-0.536,organic,0,0.0
646,2268,1,0,0.889,organic,0,0.0
647,624,0,0,-0.516,partner,0,1.0
648,3774,1,1,-0.359,organic,0,1.0
649,1261,1,1,-0.102,organic,1,1.0
650,1034,0,0,-0.472,referral,0,0.0
651,4160,1,1,0.02,organic,0,
652,2889,0,0,0.981,partner,1,1.0
653,419,1,1,-0.962,organic,0,0.0
654,2041,0,0,-1.458,paid_search,0,0.0
655,3950,1,1,2.011,paid_search,0,1.0
656,2497,1,1,-0.479,organic,0,0.0
657,754,1,1,0.153,organic,0,0.0
658,2839,0,0,1.035,paid_search,0,0.0
659,1251,0,0,-0.315,paid_search,1,1.0
660,4216,1,0,-0.282,referral,0,1.0
661,3174,1,0,-1.53,paid_search,0,1.0
662,1701,0,1,-0.782,organic,1,1.0
663,2389,1,1,-1.028,organic,0,0.0
664,2782,0,0,0.375,paid_search,0,1.0
665,740,0,0,-0.216,referral,1,1.0
666,371,0,0,0.548,organic,1,0.0
667,1176,0,0,0.45,referral,0,0.0
668,1666,0,0,-1.13,organic,1,0.0
669,609,1,0,0.168,paid_search,0,
670,3482,0,0,-0.266,paid_search,1,0.0
671,1617,1,1,0.111,partner,0,1.0
672,2514,0,0,0.744,partner,0,
673,3257,0,0,0.272,organic,0,0.0
674,784,0,0,-0.405,paid_search,0,0.0
675,1582,0,0,-1.544,paid_search,0,1.0
676,3194,1,1,-1.885,referral,0,0.0
677,1318,1,1,1.27,paid_search,0,1.0
678,2169,1,1,-1.094,paid_search,0,0.0
679,2459,1,1,-0.89,paid_search,0,
680,3772,1,1,-0.439,organic,1,1.0
681,3103,0,0,0.373,partner,0,
682,4021,0,0,1.022,partner,0,1.0
683,1929,1,1,2.268,paid_search,0,1.0
684,2430,1,0,-1.145,paid_search,1,0.0
685,2495,0,0,1.336,paid_search,0,1.0
686,915,0,0,-1.276,organic,1,0.0
687,1252,1,1,0.049,organic,0,0.0
688,4269,0,0,-0.042,partner,1,0.0
689,1061,1,0,0.993,organic,1,0.0
690,2387,0,0,0.827,referral,0,
691,1644,0,0,-1.345,organic,1,0.0
692,3879,0,0,1.92,paid_search,1,0.0
693,464,0,0,-1.234,paid_search,1,0.0
694,3989,1,0,0.74,paid_search,0,0.0
695,3272,0,0,-2.594,referral,1,0.0
696,2539,1,1,1.435,organic,0,0.0
697,3011,0,0,-0.104,partner,1,0.0
698,2965,1,1,-1.19,organic,1,0.0
699,2422,1,1,-0.989,paid_search,0,
700,2057,1,1,0.095,organic,0,0.0
701,2896,0,0,-2.182,paid_search,0,0.0
702,2870,1,1,1.054,partner,0,1.0
703,3558,1,0,0.936,paid_search,0,0.0
704,366,1,1,-0.229,partner,1,
705,2517,0,0,0.86,organic,1,1.0
706,3070,1,1,0.182,paid_search,0,
707,3521,1,1,-0.756,organic,0,1.0
708,3908,1,1,-1.837,paid_search,0,1.0
709,968,0,0,0.425,organic,0,1.0
710,1600,0,0,-0.593,paid_search,1,1.0
711,819,1,0,-0.637,paid_search,0,0.0
712,4133,1,0,-0.785,referral,1,0.0
713,1226,0,0,-0.667,organic,1,1.0
714,4148,0,0,-1.063,organic,0,0.0
715,1578,1,1,0.312,paid_search,0,0.0
716,3756,0,0,-0.754,referral,1,0.0
717,803,0,0,-0.577,referral,1,1.0
718,3348,0,0,1.027,organic,0,1.0
719,3666,0,0,-0.09,paid_search,1,0.0
720,747,1,1,-0.637,partner,0,0.0
721,3355,0,0,-1.395,partner,0,0.0
722,2152,1,1,0.347,organic,0,1.0
723,3249,0,0,0.446,partner,1,0.0
724,1193,1,1,1.566,partner,1,1.0
725,3175,0,0,-0.734,organic,0,0.0
726,1510,0,0,-0.084,partner,0,0.0
727,3932,0,0,-1.027,organic,0,0.0
728,4236,0,0,0.989,paid_search,0,0.0
729,1542,0,0,0.793,organic,0,0.0
730,1345,1,1,-0.032,referral,0,
731,522,0,0,-0.718,organic,0,0.0
732,3247,1,0,2.479,organic,0,1.0
733,838,0,0,-1.21,organic,1,0.0
734,2999,0,0,-0.509,organic,0,1.0
735,4054,1,1,-1.572,organic,0,0.0
736,1368,1,1,1.589,paid_search,0,1.0
737,2676,1,1,-0.293,organic,0,0.0
738,3744,1,0,1.596,partner,0,1.0
739,3314,1,1,0.317,organic,1,1.0
740,1190,0,0,0.831,organic,0,0.0
741,3022,1,1,0.101,paid_search,0,0.0
742,3975,1,1,0.388,organic,0,1.0
743,154,0,0,-0.332,referral,0,0.0
744,1699,0,0,0.88,referral,0,0.0
745,3908,0,0,-0.021,paid_search,1,0.0
746,209,1,1,-1.947,paid_search,0,1.0
747,4124,1,1,-0.152,referral,1,
748,3791,1,1,1.694,partner,0,1.0
749,3847,0,0,-0.267,organic,0,0.0
750,3647,1,1,0.271,partner,0,0.0
751,816,1,1,-1.59,organic,0,
752,1417,1,1,-0.901,paid_search,0,0.0
753,3349,1,1,-0.147,paid_search,0,0.0
754,440,1,1,3.314,paid_search,0,1.0
755,2385,0,1,-1.093,organic,0,0.0
756,1115,1,0,0.335,organic,0,0.0
757,3579,1,1,1.049,referral,0,0.0
758,90,0,0,-0.054,organic,1,0.0
759,2016,0,0,-0.744,referral,0,0.0
760,1994,0,1,-1.275,organic,1,0.0
761,589,0,0,-1.177,organic,1,
762,3997,1,0,1.226,referral,0,1.0
763,1430,1,1,-0.727,organic,0,1.0
764,3745,0,0,-0.525,paid_search,1,1.0
765,2258,1,1,0.588,paid_search,0,0.0
766,1990,0,0,1.338,organic,1,0.0
767,3798,0,0,1.205,referral,0,1.0
768,4231,0,0,-0.015,organic,0,0.0
769,2729,0,0,-1.677,referral,0,0.0
770,3598,1,1,-0.079,organic,0,0.0
771,3968,0,0,-0.54,referral,0,1.0
772,916,1,1,3.093,partner,0,1.0
773,2982,1,0,-0.893,organic,1,1.0
774,3760,0,0,-0.365,paid_search,0,0.0
775,2992,1,1,0.255,referral,0,1.0
776,3658,0,0,1.527,paid_search,0,1.0
777,3166,0,0,1.872,paid_search,0,1.0
778,2193,1,1,-0.597,paid_search,0,0.0
779,1696,0,0,1.98,referral,0,0.0
780,4297,1,1,-0.611,partner,0,0.0
781,1529,0,0,-0.33,partner,0,0.0
782,671,0,0,-0.148,organic,0,1.0
783,2070,0,0,-0.148,paid_search,0,0.0
784,3347,0,0,-0.267,organic,0,0.0
785,4298,0,0,-0.407,partner,1,0.0
786,4263,1,1,0.862,paid_search,0,1.0
787,1186,1,0,0.387,organic,1,0.0
788,2999,0,0,-0.23,organic,1,0.0
789,380,1,1,2.033,organic,1,1.0
790,2336,0,0,-1.076,referral,0,0.0
791,4017,0,0,0.211,organic,1,0.0
792,2944,1,0,2.468,paid_search,0,1.0
793,3191,1,1,2.275,organic,1,1.0
794,2107,0,0,1.295,paid_search,0,
795,3700,0,0,-1.457,organic,0,0.0
796,1297,0,0,-1.83,referral,0,0.0
797,1267,1,1,-1.604,paid_search,0,0.0
798,1333,0,0,-0.289,partner,0,0.0
799,1695,1,1,1.875,paid_search,0,1.0
800,3759,0,0,1.45,referral,1,1.0
801,3182,0,0,0.696,paid_search,0,1.0
802,3433,1,1,0.213,organic,0,0.0
803,2059,0,0,1.718,partner,0,
804,3825,1,1,-1.072,referral,0,0.0
805,1911,1,1,-0.251,paid_search,1,1.0
806,1770,0,0,-0.438,paid_search,1,
807,4114,1,1,0.426,paid_search,1,0.0
808,733,0,0,-0.393,organic,1,0.0
809,3284,0,0,-1.081,organic,1,1.0
810,3610,1,1,-2.026,paid_search,0,0.0
811,1940,1,1,1.747,organic,0,1.0
812,1342,0,0,-1.25,referral,1,0.0
813,437,1,1,0.087,paid_search,1,1.0
814,2346,1,0,0.495,organic,1,0.0
815,24,1,1,0.073,referral,0,1.0
816,2275,1,1,-0.863,referral,0,0.0
817,2515,0,0,1.286,paid_search,0,1.0
818,3935,1,1,-0.368,organic,0,0.0
819,886,0,0,0.109,organic,0,
820,3431,1,1,0.852,paid_search,1,1.0
821,3488,1,1,-0.548,organic,0,1.0
822,505,1,1,2.133,paid_search,0,0.0
823,2423,0,0,0.67,organic,0,0.0
824,1213,0,0,1.712,paid_search,0,0.0
825,855,0,1,1.255,organic,0,1.0
826,2044,0,0,-1.147,organic,0,1.0
827,3920,1,1,-1.245,organic,1,0.0
828,2051,1,1,-1.221,paid_search,0,0.0
829,1148,0,0,-0.727,organic,0,0.0
830,3559,1,0,0.799,partner,0,1.0
831,3015,1,1,-0.35,organic,1,0.0
832,3940,1,1,-1.456,organic,0,0.0
833,1052,1,1,1.821,referral,0,1.0
834,2950,1,1,-0.43,paid_search,0,1.0
835,3799,0,0,0.589,paid_search,0,1.0
836,472,1,1,-0.632,organic,0,
837,1121,0,0,1.37,paid_search,0,0.0
838,1806,0,0,-0.581,paid_search,1,
839,1960,0,0,0.254,organic,0,1.0
840,1247,0,0,0.514,paid_search,0,
841,2859,1,1,0.319,organic,0,0.0
842,1475,0,0,-0.73,organic,1,1.0
843,1845,1,1,0.131,organic,1,0.0
844,1895,0,0,1.296,paid_search,0,0.0
845,3470,1,1,1.13,paid_search,0,0.0
846,2444,1,1,-1.236,paid_search,1,0.0
847,3285,1,1,0.927,paid_search,0,1.0
848,475,1,1,-1.122,paid_search,0,0.0
849,611,0,0,0.42,organic,1,0.0
850,2602,0,0,-0.134,paid_search,0,0.0
851,1220,1,0,0.13,organic,0,1.0
852,1448,1,1,1.432,organic,0,0.0
853,555,1,1,0.719,paid_search,1,0.0
854,3468,0,0,-1.815,paid_search,1,0.0
855,392,0,0,0.717,paid_search,0,1.0
856,3363,1,1,1.3,referral,0,1.0
857,1169,0,0,1.043,organic,1,
858,240,0,0,0.788,organic,0,1.0
859,307,0,0,-0.549,paid_search,1,0.0
860,3096,0,0,-0.268,organic,0,1.0
861,3133,1,1,-0.411,paid_search,0,1.0
862,2602,0,0,0.725,partner,1,0.0
863,2847,1,0,-0.06,organic,0,
864,1659,0,0,-0.41,organic,0,1.0
865,3802,1,1,-1.704,referral,0,0.0
866,2961,1,1,0.094,partner,0,0.0
867,1626,0,0,-0.393,paid_search,0,0.0
868,988,0,0,-0.711,paid_search,1,0.0
869,2676,1,1,-0.454,paid_search,0,0.0
870,3832,1,1,-0.851,paid_search,0,0.0
871,1642,1,1,0.316,organic,0,0.0
872,2098,0,0,1.582,organic,0,1.0
873,1362,1,1,-0.332,paid_search,0,1.0
874,34,1,1,1.04,organic,0,0.0
875,647,1,1,0.45,organic,0,
876,5,0,0,0.091,referral,0,0.0
877,523,1,1,0.805,organic,0,0.0
878,4247,1,0,-0.353,paid_search,0,
879,4178,1,1,1.441,partner,0,1.0
880,3861,1,1,-1.158,paid_search,0,0.0
881,3447,1,1,2.88,partner,0,1.0
882,130,0,0,-0.309,organic,0,0.0
883,2454,1,0,0.126,referral,0,
884,1355,0,0,0.342,organic,0,
885,2382,0,0,1.793,organic,0,1.0
886,1741,1,0,-0.827,paid_search,0,0.0
887,1786,1,1,-0.842,referral,0,1.0
888,2975,1,1,-1.614,organic,0,
889,1932,1,1,1.052,organic,0,1.0
890,1240,1,1,0.434,paid_search,1,0.0
891,756,0,0,0.708,organic,0,0.0
892,2373,0,0,0.525,organic,1,1.0
893,847,0,0,0.415,paid_search,0,0.0
894,135,1,1,-1.796,organic,1,0.0
895,3013,1,0,0.37,organic,1,0.0
896,1240,0,0,1.156,referral,1,1.0
897,615,0,1,-0.298,referral,0,1.0
898,591,1,1,0.724,organic,0,
899,2894,0,0,-1.499,referral,1,0.0
900,3634,0,0,0.232,organic,0,0.0
901,1105,0,0,-1.139,organic,0,0.0
902,558,0,0,-0.059,organic,0,0.0
903,1162,0,0,0.592,paid_search,1,0.0
904,2725,0,0,-0.014,paid_search,0,1.0
905,4186,0,0,0.135,organic,0,0.0
906,275,1,1,1.052,paid_search,1,0.0
907,1623,0,0,0.181,paid_search,0,0.0
908,1701,0,0,0.036,paid_search,1,1.0
909,289,1,0,1.311,organic,0,0.0
910,1078,0,0,-1.06,paid_search,0,1.0
911,3041,1,0,1.147,referral,0,
912,1407,1,1,-0.238,organic,0,0.0
913,773,1,1,0.148,paid_search,0,0.0
914,390,1,1,0.447,paid_search,0,1.0
915,4132,0,0,-1.841,organic,1,0.0
916,3831,0,0,-0.397,paid_search,0,
917,471,0,0,-1.969,paid_search,0,
918,1403,0,0,1.211,organic,0,0.0
919,3705,0,0,-0.871,organic,0,0.0
920,4172,0,0,1.534,organic,1,0.0
921,54,0,0,0.207,organic,1,0.0
922,2245,1,1,0.927,paid_search,1,0.0
923,3486,0,0,1.711,organic,0,1.0
924,3778,0,1,-1.384,organic,1,1.0
925,2771,0,1,0.236,organic,0,1.0
926,116,1,1,-0.572,referral,0,1.0
927,2887,1,0,0.903,partner,0,1.0
928,2709,1,1,-0.636,organic,0,1.0
929,1793,1,1,-0.393,organic,1,0.0
930,855,1,1,1.195,paid_search,0,
931,3919,1,1,-2.136,paid_search,0,0.0
932,2883,1,1,1.608,partner,0,0.0
933,4122,1,1,-0.142,referral,0,0.0
934,580,0,0,-0.288,organic,0,0.0
935,632,1,0,-1.031,organic,0,0.0
936,3768,1,1,1.143,referral,0,0.0
937,92,0,0,-1.078,paid_search,1,
938,3973,0,0,-0.44,organic,0,0.0
939,1692,0,0,2.437,paid_search,0,1.0
940,3371,1,1,0.608,organic,0,1.0
941,629,1,0,1.105,organic,0,1.0
942,986,1,1,-0.072,organic,0,0.0
943,4074,0,1,1.199,referral,0,1.0
944,1599,1,1,-0.97,referral,0,0.0
945,113,1,1,1.554,organic,1,1.0
946,4173,0,0,-0.485,organic,0,
947,3228,1,1,-0.525,paid_search,1,0.0
948,106,1,1,-0.661,paid_search,0,0.0
949,718,1,1,0.292,organic,0,0.0
950,3439,0,0,-0.18,partner,0,0.0
951,169,1,1,-0.203,referral,0,1.0
952,2484,1,1,0.977,referral,0,0.0
953,2824,0,0,-0.035,paid_search,0,
954,356,0,0,-0.099,referral,0,1.0
955,2944,0,0,-0.344,organic,0,1.0
956,1446,1,1,-0.588,organic,0,0.0
957,3795,1,1,1.108,paid_search,0,1.0
958,1517,1,1,-0.518,organic,0,0.0
959,3794,1,1,-0.326,referral,0,1.0
960,1574,1,0,1.009,referral,0,1.0
961,1064,1,1,-1.14,paid_search,0,1.0
962,3587,0,0,-1.403,organic,0,0.0
963,2763,0,0,0.73,referral,0,0.0
964,3267,1,0,-1.314,partner,0,0.0
965,2631,0,0,0.094,organic,0,
966,2351,0,1,0.052,organic,0,0.0
967,3703,1,0,0.688,paid_search,1,0.0
968,1678,0,0,1.213,partner,0,1.0
969,2669,1,1,-0.629,organic,0,
970,723,0,0,0.422,organic,0,
971,136,1,0,-0.149,organic,0,0.0
972,3154,1,1,0.353,paid_search,0,0.0
973,4257,0,0,-0.972,paid_search,0,1.0
974,1727,0,0,0.349,organic,0,0.0
975,271,1,0,-1.342,organic,0,1.0
976,3177,0,0,0.399,paid_search,0,1.0
977,2171,1,1,0.514,referral,0,0.0
978,4023,0,0,0.108,referral,1,0.0
979,1187,0,0,-0.375,paid_search,0,0.0
980,3334,0,0,0.202,paid_search,0,0.0
981,1493,0,0,-1.248,paid_search,0,
982,1909,1,1,0.071,organic,0,
983,2786,0,0,0.351,organic,0,0.0
984,1939,1,0,1.406,organic,0,1.0
985,1903,0,0,1.24,partner,1,1.0
986,1294,0,0,-0.602,partner,0,0.0
987,1409,0,0,0.974,paid_search,0,0.0
988,1803,1,1,-0.616,referral,0,0.0
989,3838,0,0,0.15,organic,0,0.0
990,2976,0,0,-1.044,referral,1,0.0
991,3179,0,0,-1.293,paid_search,0,0.0
992,886,0,1,0.02,paid_search,0,0.0
993,356,0,0,0.97,paid_search,0,1.0
994,2409,1,1,1.759,organic,0,1.0
995,3555,0,0,-0.153,paid_search,0,0.0
996,3733,1,0,-0.481,organic,1,0.0
997,3771,0,0,0.083,referral,0,0.0
998,1810,0,0,-0.937,paid_search,0,0.0
999,2234,0,0,-0.326,organic,0,0.0
1000,175,0,0,0.163,organic,0,0.0
1001,1850,0,0,0.81,partner,0,1.0
1002,1776,1,1,-0.716,organic,0,0.0
1003,2295,0,0,0.092,partner,0,0.0
1004,1887,0,1,0.36,paid_search,1,0.0
1005,2810,0,0,0.631,organic,0,0.0
1006,3508,0,0,0.017,referral,1,1.0
1007,3652,1,1,-0.791,referral,0,0.0
1008,1051,1,1,-0.399,paid_search,0,1.0
1009,13,0,0,-0.543,organic,0,0.0
1010,895,0,0,-0.256,referral,1,
1011,3443,0,0,-0.109,organic,0,0.0
1012,4014,0,0,-0.308,organic,0,0.0
1013,1758,1,0,-0.483,referral,0,1.0
1014,3519,0,0,0.621,paid_search,1,0.0
1015,843,0,0,-1.421,organic,0,1.0
1016,3864,1,0,-1.195,referral,0,1.0
1017,4079,0,0,-1.174,paid_search,1,0.0
1018,2182,1,1,0.561,partner,0,
1019,2534,1,1,1.875,paid_search,0,1.0
1020,1356,1,1,1.68,paid_search,0,0.0
1021,2366,1,1,-0.464,organic,0,0.0
1022,1872,1,0,1.045,paid_search,0,0.0
1023,3926,0,0,1.435,paid_search,0,0.0
1024,1411,1,1,0.567,paid_search,0,0.0
1025,4272,0,0,-0.836,paid_search,0,1.0
1026,2067,0,0,0.21,referral,0,0.0
1027,3620,0,0,1.241,partner,1,0.0
1028,811,1,1,-1.008,organic,0,0.0
1029,3806,1,0,0.867,referral,0,
1030,1718,0,0,0.67,organic,0,
1031,2641,1,1,0.867,paid_search,0,0.0
1032,263,1,1,-1.317,paid_search,0,0.0
1033,2234,0,0,-1.168,organic,1,0.0
1034,2085,1,1,-0.822,referral,0,
1035,473,0,0,-0.195,organic,0,0.0
1036,437,1,1,2.129,partner,0,0.0
1037,266,1,1,0.943,partner,0,0.0
1038,3451,1,1,-0.399,paid_search,0,1.0
1039,959,1,1,-0.123,organic,0,1.0
1040,3208,0,0,-0.734,paid_search,0,0.0
1041,474,1,1,0.305,referral,0,
1042,3764,0,0,0.574,referral,0,1.0
1043,1940,1,1,-1.728,paid_search,0,
1044,730,1,1,-0.644,referral,0,1.0
1045,519,0,0,-0.614,organic,1,0.0
1046,2667,0,0,-0.599,partner,1,0.0
1047,2116,1,1,-0.564,paid_search,0,1.0
1048,545,0,0,-0.432,paid_search,0,1.0
1049,2787,0,0,0.203,organic,0,0.0
1050,2748,1,1,0.464,paid_search,0,0.0
1051,3690,0,0,0.036,organic,0,1.0
1052,3676,1,1,-0.167,paid_search,0,0.0
1053,4009,0,0,0.392,organic,0,0.0
1054,2707,1,1,-0.374,organic,0,1.0
1055,3822,1,1,0.77,paid_search,0,0.0
1056,2807,0,0,-0.404,partner,0,0.0
1057,1747,0,0,-0.498,organic,0,1.0
1058,3688,1,1,-0.454,paid_search,0,0.0
1059,3707,0,0,0.685,paid_search,1,0.0
1060,1260,1,1,0.79,organic,0,0.0
1061,4107,1,1,-1.425,paid_search,0,0.0
1062,1742,1,0,0.387,paid_search,1,0.0
1063,3263,1,1,-0.101,organic,1,1.0
1064,422,0,0,1.101,paid_search,1,0.0
1065,1521,0,0,2.646,organic,0,1.0
1066,974,0,0,-0.208,organic,1,0.0
1067,2481,1,1,0.883,organic,1,1.0
1068,50,1,0,-0.837,paid_search,0,
1069,2467,1,1,-2.341,organic,0,0.0
1070,820,0,0,-1.614,paid_search,0,0.0
1071,2307,0,0,-1.042,paid_search,0,0.0
1072,2834,1,1,-0.846,referral,1,0.0
1073,1169,0,0,1.159,organic,0,0.0
1074,3150,1,1,-0.186,organic,0,1.0
1075,2412,0,0,-0.659,paid_search,0,0.0
1076,1859,0,0,-0.199,referral,0,1.0
1077,1441,1,1,0.896,organic,0,
1078,1093,1,1,0.041,paid_search,0,
1079,3899,1,1,-0.205,organic,0,0.0
1080,638,1,1,0.747,organic,0,0.0
1081,191,1,1,0.168,organic,0,1.0
1082,2298,0,0,-1.015,organic,0,1.0
1083,3656,0,0,1.622,paid_search,0,0.0
1084,692,1,0,-0.491,organic,0,0.0
1085,430,0,0,-0.188,referral,0,0.0
1086,1985,1,1,0.942,referral,0,1.0
1087,339,0,1,-0.404,organic,1,0.0
1088,663,0,0,-1.375,referral,1,1.0
1089,1540,0,0,-1.502,paid_search,0,0.0
1090,1322,1,1,0.006,organic,0,1.0
1091,3327,0,0,0.133,organic,0,0.0
1092,4022,1,1,0.341,referral,0,1.0
1093,2818,0,0,-1.083,organic,0,0.0
1094,883,1,1,1.136,organic,0,0.0
1095,2017,1,1,1.035,organic,0,1.0
1096,213,0,0,0.049,referral,0,1.0
1097,3276,0,0,-1.047,organic,0,0.0
1098,2332,1,1,1.929,organic,0,1.0
1099,1155,0,0,-1.357,paid_search,0,0.0
1100,1496,0,0,1.739,paid_search,0,1.0
1101,3781,0,0,0.231,paid_search,0,0.0
1102,1261,0,0,0.555,organic,0,0.0
1103,4134,1,1,0.697,referral,1,0.0
1104,4005,1,1,0.102,organic,0,0.0
1105,373,0,0,-0.469,referral,0,0.0
1106,2958,0,0,-0.063,referral,0,1.0
1107,2994,1,1,-0.374,organic,0,0.0
1108,1942,1,1,0.454,organic,0,0.0
1109,4102,0,0,-1.157,referral,1,1.0
1110,876,0,0,-0.361,paid_search,0,1.0
1111,1145,0,0,-1.303,paid_search,0,0.0
1112,2370,1,1,0.649,partner,0,0.0
1113,3472,0,0,-1.382,paid_search,1,0.0
1114,2967,0,0,0.719,referral,0,1.0
1115,800,1,1,0.15,organic,0,0.0
1116,3354,1,1,0.857,referral,0,1.0
1117,1196,1,1,-0.749,organic,0,
1118,317,0,0,0.414,referral,1,1.0
1119,3245,1,1,0.863,organic,0,0.0
1120,647,1,1,0.607,referral,0,0.0
1121,4029,0,0,-0.664,organic,1,0.0
1122,1459,1,1,0.822,referral,0,
1123,56,1,1,0.013,partner,0,0.0
1124,2437,1,0,-1.923,referral,0,0.0
1125,1846,1,1,-0.259,organic,0,0.0
1126,1116,1,1,-0.492,organic,0,0.0
1127,1491,0,0,0.818,organic,0,1.0
1128,2439,0,0,-0.819,referral,0,0.0
1129,479,1,1,1.421,paid_search,1,1.0
1130,841,0,0,0.707,paid_search,0,1.0
1131,2282,1,1,-0.404,referral,0,0.0
1132,3183,0,0,2.177,organic,1,1.0
1133,1813,0,0,0.748,organic,0,1.0
1134,1701,1,1,0.518,organic,1,0.0
1135,714,0,0,-1.373,referral,0,
1136,1827,0,0,-1.702,organic,1,0.0
1137,2213,0,0,-1.134,partner,1,1.0
1138,711,1,1,0.201,partner,0,0.0
1139,3317,0,0,-0.423,referral,0,0.0
1140,2542,1,1,1.178,paid_search,1,1.0
1141,3505,0,0,0.931,referral,0,1.0
1142,3806,0,0,-0.632,organic,0,0.0
1143,1900,0,0,0.248,organic,0,1.0
1144,2788,0,0,0.714,paid_search,1,0.0
1145,3382,1,1,-0.987,paid_search,0,1.0
1146,3402,1,1,-1.105,organic,1,0.0
1147,1005,0,0,0.181,paid_search,0,0.0
1148,3071,1,1,-0.663,paid_search,0,1.0
1149,730,0,0,-0.84,referral,0,0.0
1150,2673,0,0,-1.302,paid_search,0,0.0
1151,2844,1,1,-0.325,paid_search,0,1.0
1152,3719,0,0,-0.616,referral,0,0.0
1153,3993,0,0,0.934,organic,1,0.0
1154,2101,0,0,1.059,organic,0,
1155,629,1,1,0.063,paid_search,0,
1156,4256,1,1,-0.904,organic,0,0.0
1157,4200,0,0,2.297,organic,0,1.0
1158,1238,1,1,0.678,organic,0,0.0
1159,2777,1,1,-1.227,organic,0,
1160,4299,0,0,-2.018,partner,0,0.0
1161,1330,1,1,0.924,partner,0,0.0
1162,4165,1,1,-1.408,paid_search,0,0.0
1163,770,0,0,0.035,referral,1,1.0
1164,1906,0,0,0.483,paid_search,0,
1165,817,1,1,-1.109,organic,0,0.0
1166,3089,0,0,0.566,organic,0,0.0
1167,800,1,1,-0.614,partner,0,1.0
1168,1195,1,1,-1.388,organic,0,0.0
1169,1102,0,0,1.696,organic,1,1.0
1170,2766,0,0,0.53,organic,0,0.0
1171,539,1,1,-2.054,paid_search,0,0.0
1172,67,0,0,-0.065,paid_search,0,0.0
1173,1130,1,1,0.823,referral,0,0.0
1174,4023,0,0,-0.199,paid_search,0,0.0
1175,3372,0,0,-1.786,organic,0,0.0
1176,370,1,1,0.96,organic,0,0.0
1177,1431,0,0,-0.205,organic,1,0.0
1178,4105,1,1,-0.122,organic,0,1.0
1179,406,1,1,0.835,organic,0,0.0
1180,4018,1,1,0.166,partner,0,1.0
1181,2459,0,1,1.411,paid_search,0,0.0
1182,2782,0,0,-0.828,partner,1,0.0
1183,3578,0,1,1.326,organic,0,1.0
1184,2892,1,1,2.709,paid_search,1,1.0
1185,4126,1,1,1.374,paid_search,1,1.0
1186,1075,1,1,-0.294,paid_search,0,0.0
1187,3159,0,0,1.371,organic,1,1.0
1188,371,0,0,-0.747,referral,0,1.0
1189,3171,1,1,0.392,organic,0,0.0
1190,2038,0,0,2.179,organic,0,1.0
1191,2936,0,0,0.279,organic,0,0.0
1192,1422,1,1,1.12,organic,1,0.0
1193,3527,0,1,-1.472,referral,0,1.0
1194,145,0,0,0.342,referral,1,1.0
1195,3809,0,0,0.411,partner,0,1.0
1196,28,1,1,-0.208,partner,0,1.0
1197,2572,0,0,0.338,organic,0,0.0
1198,3791,1,1,0.943,paid_search,0,0.0
1199,3756,1,0,0.899,partner,0,0.0
1200,579,1,0,1.409,referral,0,
1201,2939,0,0,-0.551,organic,0,
1202,1748,1,1,0.675,referral,0,1.0
1203,2280,0,0,-0.054,partner,0,1.0
1204,1444,0,0,0.272,organic,0,0.0
1205,4242,0,0,-0.15,referral,0,0.0
1206,3679,1,1,0.003,paid_search,0,0.0
1207,596,0,0,0.87,paid_search,0,0.0
1208,962,1,1,0.209,paid_search,1,1.0
1209,3047,0,0,-1.563,paid_search,1,0.0
1210,2501,0,0,0.058,paid_search,1,0.0
1211,953,0,0,-0.827,organic,0,0.0
1212,4263,1,1,0.987,referral,0,0.0
1213,2936,1,1,-0.701,paid_search,0,0.0
1214,3454,1,1,-0.236,organic,0,0.0
1215,3318,1,1,0.953,organic,1,0.0
1216,3258,1,1,0.964,organic,0,1.0
1217,3128,1,1,-0.763,organic,0,0.0
1218,3458,0,0,-0.906,organic,0,
1219,1184,1,1,-0.599,organic,0,
1220,204,1,1,0.336,paid_search,0,0.0
1221,657,0,0,-0.06,referral,0,1.0
1222,2724,1,1,1.006,paid_search,1,0.0
1223,820,1,0,-0.38,paid_search,0,0.0
1224,2923,0,0,-1.106,organic,1,1.0
1225,1347,1,0,-0.253,organic,0,0.0
1226,512,0,0,-0.295,paid_search,1,0.0
1227,2711,1,1,1.658,referral,0,1.0
1228,684,1,1,0.718,organic,0,1.0
1229,973,1,0,0.19,partner,0,0.0
1230,1594,1,0,0.72,referral,0,
1231,1039,1,1,0.875,paid_search,0,0.0
1232,3227,1,1,1.125,partner,0,0.0
1233,2676,1,1,-1.037,referral,0,1.0
1234,321,1,1,1.174,organic,0,0.0
1235,2000,1,1,0.509,partner,0,0.0
1236,3870,0,0,-0.619,referral,0,
1237,2334,0,0,-0.578,organic,0,0.0
1238,1654,0,1,-1.11,organic,1,0.0
1239,2112,1,0,1.599,paid_search,0,0.0
1240,2456,1,1,0.004,organic,0,0.0
1241,3807,0,0,-0.822,organic,0,0.0
1242,3584,0,0,0.426,organic,0,0.0
1243,1544,1,1,0.981,organic,0,
1244,1966,0,0,1.145,organic,0,1.0
1245,968,1,1,0.063,organic,0,0.0
1246,411,0,0,0.466,referral,0,1.0
1247,21,0,0,-0.756,paid_search,0,0.0
1248,33,0,0,0.222,paid_search,0,0.0
1249,720,0,0,-0.106,referral,1,0.0
1250,1448,1,0,0.721,organic,0,0.0
1251,3952,1,1,1.411,referral,1,1.0
1252,2531,1,1,-1.331,partner,0,0.0
1253,3453,0,0,-0.719,paid_search,0,1.0
1254,1492,1,1,1.143,referral,0,0.0
1255,4109,0,0,-0.833,referral,0,0.0
1256,1842,1,0,0.713,organic,1,0.0
1257,1586,0,0,0.776,partner,0,0.0
1258,3613,1,0,-1.304,paid_search,0,0.0
1259,3743,0,0,0.124,paid_search,0,0.0
1260,1657,0,0,0.07,organic,0,
1261,3710,0,0,-0.216,referral,1,0.0
1262,1195,0,0,0.188,organic,1,0.0
1263,1652,1,1,-1.067,paid_search,0,0.0
1264,1121,0,0,-0.504,organic,0,0.0
1265,3354,1,1,-0.258,paid_search,0,0.0
1266,3845,1,1,-0.385,partner,0,0.0
1267,2335,0,1,0.144,partner,0,1.0
1268,3626,0,0,0.617,organic,0,1.0
1269,914,1,1,-0.701,referral,0,
1270,248,0,0,-0.798,organic,0,0.0
1271,2309,1,1,0.067,partner,0,0.0
1272,2652,0,0,0.647,organic,0,1.0
1273,1259,0,0,2.41,referral,0,1.0
1274,2035,0,0,-0.536,paid_search,0,
1275,788,0,0,-0.074,organic,0,0.0
1276,1337,1,0,0.037,organic,0,1.0
1277,980,0,1,0.201,organic,0,0.0
1278,2689,0,0,1.848,referral,1,0.0
1279,3973,0,0,-0.483,organic,1,0.0
1280,1304,1,1,-2.358,organic,0,0.0
1281,2774,1,1,1.341,organic,1,0.0
1282,142,0,0,0.196,organic,1,0.0
1283,869,0,0,0.432,organic,0,0.0
1284,1797,1,1,1.928,paid_search,0,1.0
1285,2476,0,0,-1.784,organic,0,0.0
1286,776,0,0,0.478,organic,0,1.0
1287,2518,0,0,-1.326,referral,1,0.0
1288,1657,1,1,1.046,organic,0,1.0
1289,1115,0,0,0.308,referral,0,1.0
1290,3634,0,0,-0.9,paid_search,0,0.0
1291,664,0,0,1.239,organic,1,1.0
1292,3698,1,1,-1.408,referral,0,0.0
1293,853,1,1,-0.397,organic,0,1.0
1294,2907,1,1,-1.921,partner,0,0.0
1295,611,1,0,0.3,paid_search,0,0.0
1296,1473,1,1,-0.433,paid_search,1,0.0
1297,3766,1,1,0.484,organic,0,1.0
1298,1780,1,1,0.418,organic,0,
1299,1988,1,1,-0.389,paid_search,0,1.0
1300,4253,1,1,-0.632,organic,0,0.0
1301,2722,0,0,-0.237,partner,0,0.0
1302,651,1,1,0.395,paid_search,0,1.0
1303,3004,1,1,-0.176,organic,0,1.0
1304,221,0,0,-2.315,organic,1,1.0
1305,2298,1,1,-1.077,paid_search,0,1.0
1306,445,0,0,-2.024,paid_search,1,0.0
1307,1892,0,0,-1.15,organic,1,0.0
1308,2059,0,0,0.241,organic,0,0.0
1309,1646,1,1,-1.027,partner,0,0.0
1310,295,1,1,-0.099,paid_search,0,0.0
1311,2241,0,0,-0.421,organic,0,0.0
1312,2984,1,1,0.487,organic,0,1.0
1313,1538,0,0,0.608,organic,1,0.0
1314,1571,1,1,-0.563,organic,1,1.0
1315,1416,1,1,-0.458,paid_search,0,1.0
1316,66,0,1,0.312,organic,0,1.0
1317,234,0,0,0.352,organic,0,1.0
1318,1704,1,1,1.772,organic,0,1.0
1319,437,1,0,0.307,organic,0,1.0
1320,178,1,1,-1.396,organic,0,0.0
1321,65,0,0,-1.48,referral,0,0.0
1322,1492,1,1,0.47,paid_search,0,0.0
1323,3038,1,1,-0.765,organic,0,1.0
1324,303,0,0,1.592,referral,1,1.0
1325,3016,0,1,0.847,paid_search,1,1.0
1326,2246,0,0,-0.616,organic,1,
1327,2240,1,1,-0.454,organic,0,1.0
1328,2408,1,1,-0.998,referral,0,1.0
1329,1565,0,0,0.839,organic,1,0.0
1330,2731,1,1,-0.798,referral,0,0.0
1331,3631,1,1,-0.143,organic,0,0.0
1332,3975,0,0,-0.367,referral,0,0.0
1333,1717,0,0,-1.703,partner,0,0.0
1334,1171,0,0,-0.119,paid_search,0,0.0
1335,473,0,0,0.376,referral,0,1.0
1336,1557,1,1,0.389,organic,0,1.0
1337,1395,1,1,0.15,organic,1,1.0
1338,1535,1,1,-0.748,paid_search,1,0.0
1339,3690,1,1,0.077,paid_search,0,1.0
1340,3818,0,0,-2.231,paid_search,0,0.0
1341,25,0,0,-0.693,organic,1,0.0
1342,1555,0,0,-0.375,organic,0,0.0
1343,1986,1,1,-2.428,organic,0,0.0
1344,1645,1,1,0.672,organic,0,0.0
1345,3829,0,0,1.569,organic,1,1.0
1346,4203,1,1,-0.865,referral,0,0.0
1347,776,1,1,1.048,paid_search,0,1.0
1348,3627,1,1,-0.641,organic,1,
1349,2406,0,1,-1.698,organic,0,1.0
1350,364,0,0,-0.17,paid_search,1,0.0
1351,729,1,1,1.333,partner,0,0.0
1352,1294,1,1,-1.419,organic,0,0.0
1353,3949,1,1,-1.357,referral,0,0.0
1354,471,0,0,0.042,organic,0,
1355,244,0,0,0.188,referral,0,0.0
1356,4062,1,1,-0.825,referral,0,0.0
1357,1843,1,1,2.028,paid_search,0,1.0
1358,1067,1,1,-0.688,paid_search,0,0.0
1359,1099,0,0,1.171,paid_search,0,0.0
1360,1614,0,0,0.696,partner,0,0.0
1361,1520,0,0,-0.591,paid_search,0,0.0
1362,465,0,0,-0.876,paid_search,0,0.0
1363,3688,0,0,-1.455,partner,0,0.0
1364,3964,0,0,0.672,paid_search,1,0.0
1365,795,1,1,0.31,organic,0,1.0
1366,4147,1,1,0.858,paid_search,0,
1367,3029,0,0,1.413,referral,1,0.0
1368,1291,0,0,0.101,paid_search,1,1.0
1369,3770,1,0,-0.42,paid_search,0,
1370,1860,0,1,0.547,paid_search,0,1.0
1371,3322,1,1,0.996,referral,0,0.0
1372,4061,0,1,-0.451,organic,0,0.0
1373,2696,1,1,1.002,organic,0,
1374,2017,1,1,-0.415,organic,0,0.0
1375,2499,0,0,-1.467,referral,0,1.0
1376,3951,0,0,-0.319,referral,1,1.0
1377,2917,0,0,-0.674,paid_search,1,
1378,1099,0,0,0.88,organic,0,1.0
1379,3123,1,1,0.684,paid_search,0,1.0
1380,2719,1,0,-1.197,referral,0,0.0
1381,3063,1,1,1.319,organic,0,0.0
1382,3630,1,1,1.023,organic,1,
1383,2389,1,0,-1.144,referral,1,0.0
1384,33,1,1,-0.504,partner,0,0.0
1385,714,1,0,2.424,partner,0,1.0
1386,2355,0,1,1.639,organic,0,1.0
1387,3856,1,1,1.102,organic,0,0.0
1388,1047,0,0,-0.722,referral,1,0.0
1389,101,1,0,-1.559,organic,0,0.0
1390,288,0,0,-1.278,partner,1,0.0
1391,2889,0,0,1.627,organic,0,0.0
1392,3836,0,0,0.593,organic,0,1.0
1393,2245,0,0,1.888,paid_search,0,1.0
1394,4135,0,0,-2.494,partner,0,0.0
1395,2352,1,1,-0.537,organic,1,0.0
1396,2743,1,1,0.364,paid_search,0,0.0
1397,2857,1,0,0.658,paid_search,0,1.0
1398,46,0,0,0.097,organic,1,1.0
1399,582,0,0,-0.145,paid_search,1,1.0
1400,1532,1,1,1.063,paid_search,0,1.0
1401,557,1,1,1.918,partner,0,1.0
1402,4123,0,1,-0.336,organic,0,1.0
1403,886,1,1,-0.868,referral,0,0.0
1404,1173,1,1,-0.47,organic,1,0.0
1405,2214,0,0,-1.257,partner,0,1.0
1406,652,0,0,-0.189,referral,0,0.0
1407,1367,1,0,0.726,referral,1,0.0
1408,1604,1,1,-1.618,organic,0,1.0
1409,3110,0,0,-1.472,organic,1,
1410,3499,1,1,0.446,organic,0,1.0
1411,1337,1,1,-1.578,partner,0,0.0
1412,3257,0,0,-1.073,organic,0,0.0
1413,2097,0,0,0.952,referral,1,0.0
1414,2741,1,1,-0.901,paid_search,0,0.0
1415,3512,1,1,1.033,organic,0,1.0
1416,2839,0,0,0.134,organic,1,0.0
1417,3413,0,0,-0.689,referral,0,
1418,78,0,0,-0.201,organic,1,0.0
1419,3028,1,0,0.736,organic,0,1.0
1420,4202,0,0,-0.098,organic,0,1.0
1421,3790,0,0,1.208,referral,0,0.0
1422,2515,1,1,0.617,organic,0,0.0
1423,1239,1,0,-0.634,referral,1,0.0
1424,1308,0,0,0.719,organic,1,1.0
1425,1777,0,0,0.288,organic,0,0.0
1426,1384,1,1,-0.29,paid_search,0,
1427,912,0,0,-1.919,organic,0,1.0
1428,2922,0,0,0.168,organic,1,0.0
1429,2587,0,0,-0.695,organic,0,0.0
1430,1188,0,0,0.339,partner,0,0.0
1431,126,0,0,-0.817,organic,0,0.0
1432,2335,1,0,0.151,organic,0,1.0
1433,1981,0,0,2.624,referral,0,0.0
1434,133,0,0,-0.021,organic,0,0.0
1435,3596,1,1,-1.161,partner,1,0.0
1436,732,0,0,0.232,paid_search,0,1.0
1437,662,1,1,1.253,referral,0,1.0
1438,115,0,0,1.04,organic,0,0.0
1439,4206,1,1,0.835,organic,0,1.0
1440,1037,0,0,1.339,referral,1,0.0
1441,3317,0,0,-0.646,referral,1,0.0
1442,1151,1,1,1.931,organic,0,
1443,729,0,0,0.707,organic,1,0.0
1444,1184,1,1,0.037,organic,0,
1445,2052,0,0,-0.082,organic,0,0.0
1446,1143,0,0,1.493,organic,0,0.0
1447,982,0,0,-0.047,organic,0,0.0
1448,1422,1,1,-0.443,organic,0,0.0
1449,1864,1,0,-1.598,referral,1,0.0
1450,1464,0,1,-1.179,referral,1,0.0
1451,3951,1,1,-0.919,paid_search,1,0.0
1452,1499,1,0,-1.357,paid_search,1,0.0
1453,1585,0,0,0.768,organic,0,1.0
1454,969,0,0,-1.711,paid_search,0,0.0
1455,3841,0,0,0.179,paid_search,0,0.0
1456,3912,1,1,-0.003,organic,0,
1457,1303,0,0,0.814,referral,0,0.0
1458,3640,0,0,-0.383,organic,0,0.0
1459,1201,1,0,0.292,paid_search,0,1.0
1460,2057,0,0,-1.331,referral,0,0.0
1461,3338,1,1,-1.151,organic,0,0.0
1462,694,0,1,-2.269,organic,0,0.0
1463,860,0,0,-2.135,paid_search,1,0.0
1464,4131,0,0,0.37,partner,0,0.0
1465,351,1,1,-1.076,paid_search,0,1.0
1466,1973,1,1,0.22,paid_search,0,0.0
1467,4057,1,1,-0.164,organic,0,0.0
1468,4271,1,1,1.168,organic,1,1.0
1469,766,1,1,-0.114,organic,1,0.0
1470,2738,1,1,-0.726,referral,0,
1471,1812,1,1,1.256,paid_search,1,
1472,938,0,0,-0.748,organic,1,0.0
1473,2691,0,1,-1.403,paid_search,0,0.0
1474,1204,0,0,0.084,organic,0,1.0
1475,3601,1,1,0.29,referral,0,1.0
1476,150,0,0,-0.528,referral,0,0.0
1477,2540,1,1,0.206,paid_search,1,1.0
1478,1523,1,1,0.387,partner,0,
1479,1516,1,1,0.215,referral,0,1.0
1480,4038,1,1,-2.247,organic,0,
1481,3642,1,1,1.204,organic,0,1.0
1482,294,1,1,-1.231,paid_search,0,1.0
1483,2311,1,1,0.488,partner,0,0.0
1484,1000,1,1,0.075,referral,0,1.0
1485,3744,0,0,1.106,referral,1,
1486,3741,1,1,-0.697,referral,1,1.0
1487,167,1,0,-0.2,paid_search,0,1.0
1488,1141,0,0,1.841,paid_search,0,0.0
1489,3118,0,0,-0.777,organic,0,1.0
1490,267,0,0,-0.59,referral,0,
1491,1941,0,0,0.456,paid_search,0,0.0
1492,3331,1,1,-0.629,paid_search,0,0.0
1493,405,1,1,-1.677,paid_search,1,1.0
1494,2930,1,0,0.925,organic,0,0.0
1495,3573,0,1,-0.11,paid_search,0,
1496,1218,0,0,-0.591,organic,0,1.0
1497,44,1,1,-1.68,paid_search,1,1.0
1498,579,0,0,-1.325,partner,1,0.0
1499,1698,1,1,-1.363,referral,1,1.0
1500,3453,0,0,-1.206,organic,0,0.0
1501,64,1,1,0.434,referral,0,
1502,3659,0,1,1.03,organic,0,1.0
1503,3527,1,1,0.677,referral,0,0.0
1504,957,1,0,0.19,referral,0,
1505,3660,0,0,-0.629,paid_search,0,0.0
1506,2378,0,0,0.053,paid_search,0,0.0
1507,2338,1,1,-1.073,organic,0,1.0
1508,1128,1,1,0.27,organic,0,0.0
1509,3352,0,0,0.506,paid_search,0,0.0
1510,160,1,1,-0.786,organic,0,
1511,2280,1,1,0.822,organic,0,1.0
1512,758,0,0,1.798,paid_search,0,1.0
1513,3820,0,1,1.929,referral,1,1.0
1514,936,0,0,1.597,organic,0,1.0
1515,2162,1,1,-0.446,paid_search,1,0.0
1516,3679,0,0,1.289,paid_search,0,0.0
1517,3322,1,1,0.592,paid_search,0,0.0
1518,3781,1,1,1.23,referral,0,1.0
1519,1895,1,1,-0.325,partner,0,0.0
1520,3026,1,1,-2.981,paid_search,0,0.0
1521,3043,1,1,0.508,referral,0,0.0
1522,1301,0,0,0.6,organic,0,1.0
1523,2550,0,0,0.41,organic,1,0.0
1524,1875,0,0,-0.482,partner,0,0.0
1525,2494,0,0,0.975,paid_search,0,1.0
1526,3440,1,1,-0.192,organic,0,1.0
1527,2172,1,1,0.84,partner,0,1.0
1528,1891,0,0,0.368,organic,0,1.0
1529,1765,1,1,1.777,organic,0,1.0
1530,1065,0,0,1.361,paid_search,0,1.0
1531,2822,0,0,0.238,paid_search,1,1.0
1532,3920,1,1,0.095,partner,0,0.0
1533,3983,0,0,1.246,paid_search,0,1.0
1534,342,0,0,-0.599,referral,0,0.0
1535,781,1,0,0.224,organic,0,0.0
1536,943,0,0,-0.012,paid_search,1,0.0
1537,2421,1,1,1.013,referral,0,1.0
1538,185,1,0,2.115,organic,1,1.0
1539,3941,0,0,-0.075,paid_search,0,0.0
1540,1111,0,0,0.296,paid_search,0,0.0
1541,2349,0,0,0.614,referral,0,1.0
1542,2459,0,0,0.804,paid_search,1,0.0
1543,2854,0,0,0.085,organic,0,0.0
1544,1152,1,0,0.394,paid_search,1,1.0
1545,3581,1,1,0.636,referral,0,0.0
1546,2401,1,0,0.673,paid_search,0,1.0
1547,1141,0,0,-0.48,paid_search,1,1.0
1548,606,1,1,0.876,paid_search,0,1.0
1549,255,1,1,-0.535,organic,0,1.0
1550,1176,1,1,-0.518,organic,1,1.0
1551,2186,0,0,0.519,organic,0,0.0
1552,1892,0,0,0.477,referral,0,0.0
1553,2442,1,1,0.598,referral,0,1.0
1554,2197,0,0,-0.789,referral,0,1.0
1555,1625,1,1,-0.823,paid_search,0,0.0
1556,1862,1,1,-0.45,paid_search,1,1.0
1557,149,0,0,-1.234,referral,0,0.0
1558,4095,1,1,0.394,organic,0,
1559,2371,0,0,-1.239,organic,1,0.0
1560,4234,1,1,-1.0,referral,0,
1561,392,1,1,-1.209,organic,0,0.0
1562,3001,0,0,-1.856,organic,0,0.0
1563,3017,1,1,-1.335,partner,0,1.0
1564,2498,0,0,0.684,paid_search,1,0.0
1565,2545,0,0,0.719,organic,0,1.0
1566,1397,0,0,-0.008,organic,0,1.0
1567,2177,0,0,1.225,partner,0,0.0
1568,392,1,1,0.928,referral,0,1.0
1569,2972,1,1,-1.041,organic,1,0.0
1570,3911,0,0,0.141,organic,0,0.0
1571,2398,0,0,-0.234,partner,1,1.0
1572,2542,0,0,-0.455,referral,0,0.0
1573,702,1,0,-0.795,organic,1,0.0
1574,2984,1,1,1.606,organic,0,0.0
1575,3551,1,0,0.003,referral,0,0.0
1576,512,1,0,0.801,organic,0,
1577,3181,1,0,0.316,organic,0,1.0
1578,1068,0,0,0.862,paid_search,1,0.0
1579,4166,0,0,0.889,partner,0,1.0
1580,3391,1,1,-0.742,organic,0,0.0
1581,147,0,0,-0.022,referral,0,0.0
1582,3167,0,0,-0.619,paid_search,0,0.0
1583,1487,0,0,-0.364,referral,1,0.0
1584,3792,1,1,-2.301,organic,0,0.0
1585,2368,1,0,0.581,organic,0,0.0
1586,2599,0,0,0.016,partner,0,1.0
1587,2419,0,0,-1.777,organic,0,0.0
1588,3143,0,0,-1.038,paid_search,0,0.0
1589,546,1,1,1.034,referral,0,0.0
1590,3562,1,0,-0.825,paid_search,0,0.0
1591,2966,0,0,0.005,referral,0,0.0
1592,324,1,0,0.77,organic,1,0.0
1593,3317,0,0,-1.447,organic,0,
1594,2204,1,0,-0.754,organic,1,0.0
1595,3160,0,0,-1.17,organic,0,
1596,3209,1,1,-0.277,referral,0,0.0
1597,1734,0,0,0.052,referral,0,1.0
1598,706,1,1,-0.228,referral,0,0.0
1599,2515,0,0,-1.995,organic,0,1.0
1600,1124,0,0,-0.537,paid_search,0,0.0
1601,334,1,0,-1.794,paid_search,1,0.0
1602,2906,0,0,-0.747,organic,0,0.0
1603,3881,0,0,-0.756,organic,0,0.0
1604,622,0,0,1.482,organic,0,1.0
1605,2475,1,1,-0.29,organic,0,
1606,3262,0,0,1.151,organic,0,0.0
1607,3540,1,1,0.095,partner,0,0.0
1608,1871,0,0,1.019,partner,0,0.0
1609,1557,0,1,1.415,referral,0,0.0
1610,1722,1,1,-1.337,partner,0,0.0
1611,2829,0,0,0.418,organic,0,0.0
1612,1972,0,1,-0.039,paid_search,0,0.0
1613,2746,1,1,-0.16,paid_search,0,0.0
1614,2548,0,0,-1.145,partner,0,0.0
1615,232,1,1,0.307,organic,0,0.0
1616,1928,0,0,-0.141,paid_search,0,1.0
1617,653,1,1,-0.837,paid_search,0,0.0
1618,28,0,0,-0.718,organic,0,0.0
1619,2332,0,0,-0.018,organic,0,0.0
1620,2950,1,1,1.496,organic,0,0.0
1621,2533,1,1,1.062,organic,0,1.0
1622,2854,1,1,-0.496,organic,1,0.0
1623,2540,1,1,-0.568,organic,0,0.0
1624,1328,0,0,-0.123,partner,0,0.0
1625,445,1,1,0.076,organic,0,0.0
1626,589,0,0,-0.114,organic,1,0.0
1627,451,0,0,-0.697,organic,1,0.0
1628,1734,0,0,0.019,organic,0,0.0
1629,522,1,1,1.734,paid_search,0,1.0
1630,2407,1,1,-1.486,organic,0,
1631,1863,1,1,-0.959,referral,0,0.0
1632,3587,0,0,-0.377,organic,0,0.0
1633,278,0,0,-2.368,organic,1,0.0
1634,3109,1,1,-0.725,referral,0,1.0
1635,61,0,0,1.225,organic,0,1.0
1636,3067,0,0,-1.209,partner,1,0.0
1637,3563,0,0,-0.474,organic,0,0.0
1638,2996,0,1,0.126,organic,0,0.0
1639,1219,1,1,3.189,organic,0,1.0
1640,2066,1,1,-0.615,organic,0,0.0
1641,709,1,1,0.442,organic,0,
1642,1776,0,0,0.915,partner,1,
1643,1147,1,1,1.019,referral,0,0.0
1644,3195,1,0,-0.416,organic,0,0.0
1645,2088,0,0,0.561,paid_search,1,0.0
1646,3300,1,1,-1.054,referral,0,1.0
1647,3554,1,1,0.672,organic,0,0.0
1648,1124,0,0,-1.054,organic,0,0.0
1649,3668,0,0,0.964,paid_search,0,0.0
1650,670,1,1,-2.269,paid_search,0,
1651,1558,0,0,-1.447,organic,0,0.0
1652,837,1,1,1.213,organic,0,1.0
1653,2494,1,1,0.835,organic,0,0.0
1654,2526,1,1,-0.078,paid_search,0,0.0
1655,371,1,1,0.996,paid_search,0,1.0
1656,2521,0,0,0.553,organic,0,0.0
1657,2037,0,0,-0.592,paid_search,0,0.0
1658,4197,1,1,-0.046,paid_search,0,1.0
1659,1273,1,0,-0.305,referral,0,1.0
1660,285,0,0,-1.157,organic,1,0.0
1661,3954,1,1,0.41,organic,0,1.0
1662,765,0,0,1.581,referral,1,0.0
1663,3696,1,1,-0.932,organic,0,0.0
1664,2259,1,1,-0.522,organic,0,1.0
1665,4105,1,1,1.917,referral,0,
1666,3275,0,0,0.535,paid_search,0,1.0
1667,1434,1,1,-0.067,organic,0,0.0
1668,4223,0,0,2.066,referral,0,0.0
1669,2587,0,0,-0.02,organic,0,0.0
1670,1469,1,0,1.862,paid_search,0,1.0
1671,1428,1,1,-3.189,organic,1,1.0
1672,1100,1,1,1.698,organic,0,1.0
1673,1862,0,0,-0.121,paid_search,1,0.0
1674,3498,1,1,-0.097,paid_search,0,1.0
1675,1738,0,0,-2.219,organic,0,0.0
1676,1413,1,1,1.016,referral,0,1.0
1677,2383,0,0,-1.648,partner,1,
1678,2561,1,1,-1.078,organic,0,0.0
1679,425,1,1,0.935,organic,0,0.0
1680,3947,1,1,-1.351,organic,0,
1681,3691,1,1,-0.526,paid_search,0,0.0
1682,4274,0,0,-0.659,organic,0,0.0
1683,2310,1,0,-0.902,organic,0,1.0
1684,1809,1,1,0.244,referral,0,1.0
1685,527,0,0,1.855,paid_search,0,0.0
1686,2889,1,0,-0.8,organic,0,0.0
1687,2989,0,0,0.418,paid_search,1,1.0
1688,4033,0,0,2.603,organic,0,1.0
1689,807,1,1,0.275,organic,0,1.0
1690,3854,0,0,1.647,organic,0,1.0
1691,582,1,1,1.001,referral,0,1.0
1692,2111,1,1,-1.029,referral,0,0.0
1693,377,0,0,-0.728,referral,0,0.0
1694,375,1,1,0.457,organic,0,0.0
1695,1128,1,1,-1.606,referral,0,0.0
1696,4104,1,1,-0.844,referral,0,1.0
1697,739,0,0,0.939,paid_search,1,1.0
1698,3881,1,1,-1.99,organic,0,
1699,191,0,0,-2.193,organic,0,0.0
1700,1655,1,1,0.821,partner,0,0.0
1701,3475,0,0,-0.393,referral,0,0.0
1702,1719,0,0,-0.181,paid_search,1,1.0
1703,1704,0,0,1.182,referral,1,1.0
1704,2258,0,0,-1.293,organic,0,0.0
1705,2431,1,1,1.363,organic,0,1.0
1706,2199,0,0,1.172,organic,0,0.0
1707,3962,0,0,0.368,organic,0,0.0
1708,2340,0,0,-0.872,partner,0,0.0
1709,107,1,0,-0.854,referral,0,
1710,992,0,1,1.129,paid_search,0,1.0
1711,1226,1,1,0.0,organic,0,0.0
1712,498,0,0,0.426,referral,0,0.0
1713,2180,1,1,-1.406,referral,0,1.0
1714,1095,0,0,0.068,referral,0,0.0
1715,3823,0,0,1.046,paid_search,0,0.0
1716,2246,0,0,-0.005,partner,0,0.0
1717,3350,1,1,0.797,paid_search,0,0.0
1718,3631,1,1,-0.229,referral,1,0.0
1719,3125,0,0,-0.927,paid_search,0,0.0
1720,3863,1,1,1.581,referral,0,0.0
1721,2906,1,1,-0.221,referral,0,1.0
1722,631,1,1,2.001,partner,0,0.0
1723,3506,1,1,0.071,paid_search,0,0.0
1724,2363,0,0,0.731,organic,0,0.0
1725,1010,1,0,1.153,paid_search,1,0.0
1726,394,1,1,-2.326,organic,0,
1727,962,1,1,-0.321,organic,0,0.0
1728,1599,0,0,-0.005,partner,0,0.0
1729,874,0,0,1.384,paid_search,0,
1730,3966,1,0,-0.058,organic,0,0.0
1731,2371,0,0,-1.269,organic,1,
1732,604,0,0,-0.273,organic,0,0.0
1733,1283,1,1,-0.282,organic,1,0.0
1734,1326,0,0,-1.533,organic,0,0.0
1735,1356,0,0,-1.0,referral,0,0.0
1736,3568,1,1,-0.476,organic,0,0.0
1737,2954,1,1,0.015,organic,0,1.0
1738,398,0,0,1.679,organic,0,0.0
1739,1268,0,0,-0.362,organic,0,0.0
1740,2412,0,0,0.094,paid_search,1,1.0
1741,4278,0,0,0.843,partner,0,1.0
1742,2361,0,0,0.078,paid_search,0,0.0
1743,2899,0,0,1.524,organic,0,1.0
1744,3608,0,0,2.113,referral,1,0.0
1745,2738,0,0,-0.072,organic,0,1.0
1746,458,1,1,-0.071,paid_search,0,0.0
1747,441,1,1,-0.108,organic,0,1.0
1748,502,1,1,-1.842,organic,1,0.0
1749,1351,0,0,0.078,organic,0,
1750,3857,1,0,0.641,organic,0,0.0
1751,3723,0,0,0.959,organic,1,0.0
1752,488,0,0,-0.37,referral,0,0.0
1753,1555,1,1,0.284,organic,0,1.0
1754,2565,0,0,0.956,organic,0,0.0
1755,566,1,1,0.252,paid_search,0,0.0
1756,933,0,0,-1.34,paid_search,1,0.0
1757,713,0,0,-0.55,paid_search,1,
1758,690,0,0,2.186,organic,0,
1759,2701,1,1,0.879,organic,1,0.0
1760,642,1,1,0.667,organic,0,0.0
1761,3350,1,1,-0.227,paid_search,0,0.0
1762,437,0,0,-0.189,organic,0,1.0
1763,4283,1,1,0.074,referral,0,0.0
1764,3807,1,1,0.146,paid_search,1,
1765,1353,0,0,0.308,referral,0,0.0
1766,3858,0,0,0.195,paid_search,0,0.0
1767,2847,1,1,-0.173,organic,0,1.0
1768,3272,1,0,0.782,referral,0,0.0
1769,937,1,1,-0.633,organic,0,0.0
1770,3942,1,0,-0.035,referral,1,1.0
1771,2727,1,1,-0.583,organic,1,
1772,3006,1,1,0.507,organic,0,
1773,408,0,0,0.167,organic,0,1.0
1774,2103,1,1,-0.639,organic,0,1.0
1775,821,1,1,-0.366,organic,0,0.0
1776,1628,0,0,0.138,referral,1,1.0
1777,766,1,1,-0.62,organic,0,1.0
1778,2071,0,0,-2.092,paid_search,1,
1779,1209,0,0,-0.798,referral,0,1.0
1780,3581,1,1,-0.273,referral,0,1.0
1781,4293,0,0,-0.157,organic,0,0.0
1782,1310,0,0,0.335,referral,0,0.0
1783,1448,0,0,-0.01,paid_search,0,0.0
1784,375,0,0,1.866,organic,0,1.0
1785,273,1,1,-0.787,partner,0,
1786,1554,0,0,-1.364,paid_search,0,0.0
1787,1108,0,0,1.212,organic,0,1.0
1788,1663,0,0,-1.189,partner,0,0.0
1789,2255,1,1,1.287,referral,0,1.0
1790,2705,1,1,0.796,organic,0,
1791,1712,1,1,1.593,organic,0,1.0
1792,4073,1,1,1.201,paid_search,0,0.0
1793,2424,1,1,-0.086,organic,0,0.0
1794,2704,0,0,0.886,paid_search,0,0.0
1795,522,1,0,-1.083,partner,0,0.0
1796,3517,1,0,-0.389,paid_search,1,
1797,681,0,0,-0.709,organic,0,1.0
1798,4027,0,0,0.359,organic,1,0.0
1799,4269,1,1,-0.895,partner,0,0.0
1800,1265,0,1,0.56,referral,0,0.0
1801,2780,1,1,-0.139,organic,0,0.0
1802,1353,0,0,1.759,referral,0,1.0
1803,4074,1,1,-0.402,paid_search,0,0.0
1804,1228,1,1,2.178,organic,0,1.0
1805,1953,1,0,-0.409,organic,0,
1806,1274,0,0,0.303,organic,0,0.0
1807,3448,1,1,-1.028,referral,0,
1808,1991,0,0,0.467,organic,0,1.0
1809,3232,0,0,-0.671,partner,1,1.0
1810,3306,0,0,0.355,organic,0,0.0
1811,844,0,0,-1.098,referral,0,0.0
1812,87,1,1,-1.515,referral,0,0.0
1813,710,1,1,0.752,referral,0,0.0
1814,4232,1,1,-1.413,organic,0,
1815,4047,0,0,-0.326,organic,1,1.0
1816,1797,1,1,-0.179,organic,0,1.0
1817,274,1,1,0.765,paid_search,0,1.0
1818,2228,0,0,-0.512,paid_search,0,0.0
1819,205,0,0,0.791,organic,0,1.0
1820,1930,1,1,0.293,organic,1,0.0
1821,1636,1,1,-1.212,referral,0,0.0
1822,264,1,1,-1.504,organic,1,
1823,3095,1,1,0.021,paid_search,0,0.0
1824,2323,1,1,-2.446,paid_search,0,0.0
1825,3585,1,1,-0.154,paid_search,1,1.0
1826,2357,1,0,-0.23,organic,0,1.0
1827,2512,1,1,0.115,paid_search,1,0.0
1828,2580,1,1,1.07,partner,0,1.0
1829,1529,0,0,0.72,organic,0,0.0
1830,531,0,1,1.276,paid_search,1,1.0
1831,636,1,1,-0.769,partner,0,0.0
1832,1523,0,0,1.493,organic,0,1.0
1833,4270,1,1,-0.028,paid_search,0,
1834,1814,0,0,0.193,organic,0,1.0
1835,287,0,0,0.707,organic,0,1.0
1836,675,0,0,0.418,paid_search,0,0.0
1837,492,1,0,-1.508,paid_search,0,0.0
1838,3016,1,0,0.214,paid_search,0,0.0
1839,3584,0,0,-0.259,referral,0,1.0
1840,1901,0,0,1.254,referral,1,0.0
1841,537,0,0,-0.185,paid_search,0,0.0
1842,4008,0,0,0.365,organic,0,0.0
1843,1757,0,0,-0.982,partner,1,0.0
1844,3321,0,0,0.999,referral,1,0.0
1845,3951,0,0,0.214,partner,0,1.0
1846,3400,1,1,-0.365,paid_search,1,0.0
1847,2173,0,0,0.403,organic,0,1.0
1848,1157,1,1,0.36,paid_search,0,
1849,1827,0,0,-0.61,paid_search,0,0.0
1850,1261,1,1,-0.473,paid_search,0,0.0
1851,2611,0,0,0.706,organic,1,0.0
1852,5,1,1,-0.459,organic,0,
1853,3852,0,0,-0.595,paid_search,1,1.0
1854,725,1,0,0.092,referral,0,0.0
1855,1885,1,1,0.397,partner,0,1.0
1856,1167,0,0,-0.586,organic,0,0.0
1857,3855,1,1,-0.437,organic,1,0.0
1858,3249,1,1,0.551,partner,0,1.0
1859,1439,0,0,0.728,organic,0,0.0
1860,513,1,0,-0.372,organic,0,0.0
1861,14,0,0,-1.541,organic,0,0.0
1862,2930,0,0,1.431,paid_search,1,0.0
1863,643,1,1,2.026,organic,1,1.0
1864,328,1,1,2.789,organic,0,1.0
1865,3765,1,1,-1.349,referral,0,0.0
1866,1466,0,0,-0.355,paid_search,0,0.0
1867,3334,1,1,0.71,paid_search,0,1.0
1868,444,0,0,-0.061,paid_search,0,0.0
1869,4241,0,0,-0.041,paid_search,0,0.0
1870,113,0,0,-0.891,organic,0,0.0
1871,3015,1,0,-0.55,partner,0,0.0
1872,1979,1,1,0.946,organic,0,
1873,2335,0,0,-1.821,organic,0,
1874,859,1,1,-0.75,referral,0,1.0
1875,2778,0,0,0.276,paid_search,1,0.0
1876,3083,0,0,-0.455,organic,1,0.0
1877,83,0,0,-1.087,organic,1,1.0
1878,1558,1,1,0.32,organic,0,
1879,4182,0,0,-1.27,referral,0,0.0
1880,906,0,0,-1.447,paid_search,1,0.0
1881,2444,1,1,0.291,paid_search,0,1.0
1882,101,0,0,-1.179,organic,0,0.0
1883,3000,1,1,0.732,referral,0,0.0
1884,2990,1,0,-0.109,organic,1,0.0
1885,465,1,1,0.435,partner,0,
1886,1275,1,0,-0.417,referral,1,1.0
1887,951,0,0,-1.136,referral,0,0.0
1888,1513,1,1,-1.0,paid_search,0,1.0
1889,3787,0,0,-2.31,referral,0,0.0
1890,1162,1,1,0.3,referral,0,0.0
1891,2512,0,0,0.016,partner,1,0.0
1892,915,1,1,-1.44,paid_search,0,1.0
1893,1117,1,1,-0.268,referral,0,1.0
1894,2317,0,0,-0.707,referral,1,1.0
1895,356,1,1,0.424,paid_search,0,0.0
1896,2999,0,0,-0.629,paid_search,1,0.0
1897,2851,0,0,0.034,referral,1,1.0
1898,4072,0,0,-0.278,referral,0,
1899,850,0,0,-1.243,organic,0,1.0
1900,641,0,0,1.051,organic,0,1.0
1901,33,1,1,0.238,organic,1,1.0
1902,1606,1,1,-1.39,partner,0,0.0
1903,3202,0,1,0.377,paid_search,0,0.0
1904,350,0,0,0.399,paid_search,0,0.0
1905,2884,1,0,0.337,referral,0,1.0
1906,860,1,1,0.84,paid_search,0,0.0
1907,1647,0,0,0.03,organic,1,0.0
1908,364,0,0,0.746,referral,0,1.0
1909,213,0,0,0.259,referral,1,1.0
1910,4167,0,0,2.511,organic,1,1.0
1911,3154,0,0,-1.039,organic,0,
1912,2290,1,1,0.46,organic,0,
1913,2897,1,1,0.601,organic,0,
1914,798,0,0,0.94,organic,0,0.0
1915,1704,0,0,0.509,paid_search,0,0.0
1916,704,0,0,0.749,partner,1,1.0
1917,2872,1,1,-0.222,paid_search,0,
1918,4256,0,0,-0.452,organic,0,1.0
1919,188,1,1,-0.116,organic,0,1.0
1920,2503,1,1,0.821,partner,0,1.0
1921,1878,1,1,-0.626,referral,0,0.0
1922,1218,0,1,0.988,organic,0,0.0
1923,775,0,0,0.348,paid_search,0,0.0
1924,1730,0,0,-0.721,organic,0,1.0
1925,1877,1,0,0.186,referral,0,0.0
1926,1518,1,1,0.111,paid_search,0,1.0
1927,3640,0,0,0.064,referral,0,1.0
1928,3897,1,1,-0.579,organic,0,0.0
1929,4021,0,0,0.682,paid_search,0,0.0
1930,699,0,0,2.205,organic,0,1.0
1931,3827,1,1,1.136,referral,0,1.0
1932,2517,1,1,1.554,organic,1,1.0
1933,1949,1,1,-1.678,organic,0,0.0
1934,2177,1,1,0.219,referral,1,0.0
1935,1685,0,0,0.55,referral,0,1.0
1936,2469,1,1,-1.694,organic,0,0.0
1937,2530,0,0,1.242,paid_search,0,1.0
1938,2987,0,1,0.671,organic,0,
1939,1858,1,1,-1.517,organic,1,1.0
1940,2796,0,0,0.491,referral,0,0.0
1941,3024,0,1,-0.072,referral,0,1.0
1942,1037,1,1,-0.483,paid_search,0,1.0
1943,2665,1,0,0.555,organic,0,0.0
1944,2848,0,0,1.014,referral,1,1.0
1945,2375,0,1,0.093,paid_search,0,0.0
1946,626,1,0,0.134,paid_search,0,0.0
1947,884,1,1,-0.964,partner,0,0.0
1948,4297,0,1,0.501,paid_search,0,1.0
1949,1649,1,1,0.133,paid_search,0,
1950,429,1,1,0.309,paid_search,0,0.0
1951,3352,1,1,-0.275,paid_search,0,0.0
1952,1802,1,1,0.047,paid_search,0,0.0
1953,222,1,1,0.06,organic,0,
1954,4013,0,0,-0.624,organic,0,1.0
1955,2616,0,0,-0.839,paid_search,0,1.0
1956,3808,0,0,0.253,organic,0,0.0
1957,2687,0,0,-0.65,organic,0,0.0
1958,3752,1,0,0.287,organic,0,0.0
1959,2526,1,1,-0.701,paid_search,0,0.0
1960,3231,1,1,0.838,organic,0,1.0
1961,1164,1,0,0.179,organic,1,0.0
1962,2918,0,0,-0.682,paid_search,1,0.0
1963,1427,1,1,0.243,organic,0,0.0
1964,3502,1,1,-1.145,referral,1,0.0
1965,997,0,0,1.421,referral,0,0.0
1966,2713,0,0,0.231,referral,0,0.0
1967,1222,0,1,0.518,paid_search,0,0.0
1968,1848,0,0,-0.065,partner,1,1.0
1969,686,1,1,-0.467,referral,1,0.0
1970,1016,1,1,0.947,organic,1,0.0
1971,2220,0,0,-1.168,organic,1,1.0
1972,3319,1,1,-0.739,organic,0,1.0
1973,3296,0,0,-0.025,paid_search,0,0.0
1974,3865,1,1,-0.147,organic,0,1.0
1975,1411,1,0,-0.196,partner,0,0.0
1976,738,0,0,0.16,paid_search,0,1.0
1977,4038,0,0,-0.737,referral,0,1.0
1978,2289,0,0,-1.456,organic,0,0.0
1979,1650,0,0,0.455,paid_search,0,0.0
1980,3882,0,0,0.123,organic,0,0.0
1981,1741,1,0,1.538,paid_search,1,0.0
1982,4089,1,1,1.773,organic,0,1.0
1983,3234,0,0,0.342,organic,0,1.0
1984,2646,1,1,1.316,paid_search,0,
1985,715,1,0,0.766,referral,1,
1986,1532,0,0,-0.182,paid_search,0,0.0
1987,315,1,1,-0.254,organic,1,
1988,841,1,1,0.066,organic,0,1.0
1989,2773,1,1,-0.488,partner,0,0.0
1990,2818,1,0,-0.248,organic,0,0.0
1991,1700,1,1,-0.796,organic,0,0.0
1992,4005,1,1,1.564,paid_search,0,1.0
1993,3156,1,1,-1.339,referral,0,0.0
1994,2837,1,1,0.579,organic,0,0.0
1995,2167,0,0,-1.731,referral,0,0.0
1996,3760,0,1,0.59,organic,1,1.0
1997,2162,0,0,1.219,referral,0,1.0
1998,2528,0,0,0.905,referral,0,1.0
1999,1967,1,1,1.374,referral,0,
2000,3448,0,0,0.136,paid_search,1,1.0
2001,552,0,0,-0.924,organic,0,0.0
2002,1506,0,0,-0.398,paid_search,1,1.0
2003,3273,0,0,1.065,organic,0,1.0
2004,4136,1,1,-0.687,partner,0,
2005,3135,1,1,-1.407,referral,0,0.0
2006,2440,1,1,1.169,paid_search,0,1.0
2007,394,0,0,-0.823,partner,1,0.0
2008,3382,1,1,-0.963,organic,0,1.0
2009,1513,0,0,0.82,organic,0,0.0
2010,3769,0,1,0.411,partner,0,0.0
2011,3150,1,1,0.92,partner,0,0.0
2012,3896,1,1,-2.483,organic,0,0.0
2013,2051,0,0,0.058,paid_search,1,1.0
2014,562,0,0,-0.325,organic,1,0.0
2015,3606,1,1,1.984,partner,0,1.0
2016,995,1,1,-2.06,paid_search,1,0.0
2017,1917,0,0,1.632,organic,0,1.0
2018,2718,1,1,1.924,paid_search,0,1.0
2019,174,0,0,-2.349,organic,0,0.0
2020,73,0,0,-0.068,referral,1,0.0
2021,1202,1,1,-0.232,paid_search,1,1.0
2022,2911,1,0,-0.339,organic,1,0.0
2023,3023,0,0,-0.966,paid_search,0,0.0
2024,44,1,1,0.98,referral,0,0.0
2025,997,1,1,-1.802,organic,0,1.0
2026,192,1,1,0.171,paid_search,1,1.0
2027,2726,1,0,-1.24,organic,0,1.0
2028,1809,0,0,-0.091,paid_search,0,0.0
2029,3757,1,1,-1.048,organic,0,
2030,570,1,1,0.435,paid_search,0,1.0
2031,1763,1,1,-0.974,organic,0,
2032,100,0,0,1.874,organic,0,1.0
2033,1747,0,0,-0.846,organic,0,0.0
2034,525,0,0,0.439,referral,1,0.0
2035,466,0,0,0.307,referral,0,0.0
2036,2487,0,0,-0.585,referral,0,0.0
2037,215,0,0,-0.019,organic,0,1.0
2038,3953,0,0,-1.557,referral,0,0.0
2039,1280,0,0,-0.187,organic,0,1.0
2040,3050,1,1,-1.867,organic,0,0.0
2041,3900,1,0,0.351,referral,0,1.0
2042,3419,1,1,-1.064,referral,0,1.0
2043,980,1,1,0.748,organic,0,0.0
2044,4256,0,0,-0.12,referral,1,1.0
2045,437,0,1,0.176,referral,0,0.0
2046,2813,1,1,0.639,organic,0,
2047,588,1,1,-0.737,organic,0,0.0
2048,1135,0,0,-1.021,partner,0,0.0
2049,4104,0,0,1.12,referral,0,0.0
2050,2245,0,1,0.33,referral,0,1.0
2051,4005,0,0,-0.208,paid_search,1,0.0
2052,556,1,0,-0.583,paid_search,1,0.0
2053,4232,0,0,0.049,referral,0,1.0
2054,1956,1,1,0.556,organic,1,0.0
2055,2651,1,1,0.669,organic,0,0.0
2056,2379,0,0,1.211,organic,0,0.0
2057,2638,0,0,-0.289,paid_search,1,0.0
2058,4263,0,0,-0.851,paid_search,0,1.0
2059,2719,1,1,1.368,organic,0,0.0
2060,2044,1,1,2.133,paid_search,0,
2061,1150,0,0,-0.846,paid_search,0,0.0
2062,2907,0,0,-0.112,referral,0,1.0
2063,2969,0,0,-0.828,organic,0,0.0
2064,2777,0,0,-1.962,organic,0,0.0
2065,2488,0,0,1.805,paid_search,0,0.0
2066,1542,1,1,-0.044,paid_search,0,1.0
2067,1434,0,0,-0.682,organic,0,1.0
2068,3376,0,0,0.273,referral,1,0.0
2069,9,0,0,-0.263,partner,0,0.0
2070,484,1,0,0.092,organic,1,1.0
2071,2407,0,0,-1.326,organic,0,0.0
2072,1072,0,0,0.321,partner,0,0.0
2073,150,0,0,0.566,organic,0,1.0
2074,3970,0,0,-1.714,organic,0,0.0
2075,1155,1,1,0.312,organic,0,0.0
2076,641,1,0,-1.165,referral,0,0.0
2077,2808,0,0,0.536,organic,0,
2078,1560,0,0,-0.226,organic,0,0.0
2079,1508,1,1,1.345,organic,0,1.0
2080,1618,1,1,-0.698,paid_search,1,
2081,1770,0,0,-0.047,paid_search,0,0.0
2082,4013,0,0,0.431,organic,1,0.0
2083,3143,1,1,-0.395,referral,0,
2084,1869,1,1,-0.368,referral,0,1.0
2085,905,0,0,-1.261,paid_search,0,0.0
2086,1435,0,0,0.045,paid_search,1,0.0
2087,3583,0,0,-0.219,referral,0,1.0
2088,2586,0,0,-0.593,referral,0,1.0
2089,3411,0,0,-1.077,paid_search,1,
2090,3601,1,1,-0.865,paid_search,0,1.0
2091,589,0,0,0.581,organic,1,0.0
2092,2620,0,0,-0.765,paid_search,0,0.0
2093,1831,1,1,-1.23,paid_search,0,0.0
2094,473,1,1,-0.792,organic,0,0.0
2095,1842,1,0,2.461,paid_search,0,1.0
2096,1051,0,0,1.211,referral,1,1.0
2097,1293,0,0,-0.526,organic,1,1.0
2098,3675,0,0,2.448,organic,1,1.0
2099,80,1,1,0.183,organic,0,1.0
2100,1022,0,0,0.802,paid_search,0,0.0
2101,1821,0,0,-0.151,referral,0,1.0
2102,2412,1,1,1.736,paid_search,0,0.0
2103,2979,1,1,0.908,paid_search,0,
2104,4158,1,1,-0.455,paid_search,1,
2105,1042,0,0,1.149,organic,0,1.0
2106,3805,1,1,2.378,organic,0,
2107,1728,1,0,1.142,referral,1,0.0
2108,882,1,1,0.826,organic,0,1.0
2109,2667,1,1,-1.098,paid_search,1,0.0
2110,2128,1,0,-0.189,referral,0,0.0
2111,1900,0,0,-1.158,partner,0,1.0
2112,1322,0,0,-0.553,referral,0,1.0
2113,3287,0,0,0.584,organic,0,1.0
2114,1730,1,1,-0.328,paid_search,0,0.0
2115,350,1,1,-1.105,organic,1,0.0
2116,3992,1,1,-1.345,partner,1,0.0
2117,894,1,1,-1.014,organic,1,0.0
2118,3638,0,0,-0.898,organic,0,
2119,4174,1,1,0.765,referral,0,1.0
2120,4018,1,1,1.022,organic,0,0.0
2121,2397,0,0,0.07,paid_search,0,1.0
2122,56,1,1,2.181,organic,0,1.0
2123,3722,0,0,-0.983,organic,0,0.0
2124,712,0,0,0.332,partner,0,0.0
2125,329,1,1,0.327,partner,0,
2126,3567,0,0,0.465,referral,0,1.0
2127,3563,1,1,0.362,paid_search,1,1.0
2128,3172,0,0,-0.703,organic,0,0.0
2129,3738,1,1,-0.09,organic,0,1.0
2130,1230,0,0,-0.587,paid_search,1,0.0
2131,2052,1,1,0.032,referral,0,1.0
2132,2520,0,0,0.754,partner,0,0.0
2133,1837,1,1,-1.857,organic,0,0.0
2134,3470,1,0,0.94,referral,0,1.0
2135,3662,1,0,0.081,paid_search,0,0.0
2136,3221,1,1,0.04,organic,1,1.0
2137,3302,1,1,-0.309,organic,0,1.0
2138,2589,0,0,0.542,referral,0,0.0
2139,2197,1,1,2.4,organic,0,1.0
2140,2103,1,1,-0.942,paid_search,0,1.0
2141,2128,1,1,0.334,organic,0,
2142,1626,0,0,-0.897,organic,0,
2143,2410,1,1,0.992,organic,0,0.0
2144,337,1,1,-1.309,referral,1,
2145,2719,1,1,0.732,paid_search,0,
2146,3372,1,1,-0.52,referral,0,
2147,1899,1,1,-0.078,organic,0,0.0
2148,125,1,0,-1.61,referral,0,0.0
2149,643,1,1,0.145,paid_search,1,1.0
2150,4079,1,0,-1.47,organic,1,0.0
2151,2819,1,1,-1.205,referral,0,0.0
2152,4138,0,0,-1.179,paid_search,1,
2153,1772,0,0,-1.167,paid_search,0,1.0
2154,1920,1,1,0.834,organic,0,0.0
2155,2065,1,1,0.049,paid_search,0,0.0
2156,2068,1,0,-0.688,referral,1,0.0
2157,2938,0,1,-1.919,organic,0,0.0
2158,926,0,1,1.422,organic,0,1.0
2159,4130,1,1,-0.887,organic,0,0.0
2160,3011,1,1,-0.707,organic,0,0.0
2161,2531,0,0,-0.501,partner,1,0.0
2162,3974,0,0,-0.866,organic,0,1.0
2163,3911,1,1,-0.836,organic,0,0.0
2164,990,1,1,-1.286,partner,0,1.0
2165,2175,1,1,1.722,paid_search,0,1.0
2166,255,1,1,0.162,organic,1,0.0
2167,4232,0,0,-1.161,partner,1,0.0
2168,927,1,1,0.447,organic,0,
2169,53,1,0,0.846,paid_search,0,
2170,3561,1,1,1.204,organic,0,0.0
2171,1378,0,0,-0.9,referral,0,0.0
2172,125,1,1,1.839,organic,0,1.0
2173,1946,0,0,0.521,organic,0,0.0
2174,3494,0,0,-1.525,referral,1,0.0
2175,592,1,1,-0.639,organic,0,0.0
2176,2944,1,1,0.069,paid_search,1,1.0
2177,853,1,1,0.595,organic,0,0.0
2178,1917,0,1,-0.197,paid_search,0,0.0
2179,1740,0,0,0.791,paid_search,1,
2180,2141,1,1,0.15,organic,0,0.0
2181,2266,1,1,1.138,organic,0,0.0
2182,3317,0,0,2.167,organic,0,1.0
2183,123,1,1,0.719,organic,0,0.0
2184,1503,0,0,-3.383,organic,0,0.0
2185,2364,0,1,-0.127,organic,0,0.0
2186,962,1,0,1.425,paid_search,0,1.0
2187,2100,1,1,-0.208,paid_search,1,1.0
2188,2295,0,1,1.815,organic,0,0.0
2189,2314,1,1,0.162,organic,0,1.0
2190,3548,1,1,0.396,paid_search,0,0.0
2191,1457,0,0,0.556,organic,0,1.0
2192,523,0,0,-0.92,organic,0,1.0
2193,3807,0,0,0.159,organic,1,1.0
2194,4117,1,0,-1.549,referral,0,0.0
2195,3662,1,0,0.608,organic,0,0.0
2196,923,1,1,-0.615,referral,1,1.0
2197,3573,0,0,0.852,referral,0,1.0
2198,3072,1,1,0.239,paid_search,0,1.0
2199,2387,1,1,0.506,partner,1,1.0
2200,377,1,1,-1.777,referral,1,
2201,3683,1,0,-1.505,partner,0,0.0
2202,3859,0,0,-0.284,organic,0,1.0
2203,3344,0,0,-0.299,referral,0,0.0
2204,2499,1,1,0.539,organic,0,
2205,3915,1,1,0.761,organic,1,0.0
2206,4156,0,0,-1.06,referral,0,0.0
2207,2816,1,1,-0.653,paid_search,0,1.0
2208,2390,0,0,-1.282,organic,0,0.0
2209,3477,1,1,-0.907,organic,1,
2210,2262,0,0,0.981,referral,0,1.0
2211,2613,1,1,0.71,paid_search,0,0.0
2212,2214,1,1,0.317,paid_search,0,0.0
2213,244,1,1,0.36,organic,0,0.0
2214,2609,1,1,0.541,organic,0,1.0
2215,2452,0,0,-2.797,organic,1,0.0
2216,1556,1,1,0.581,paid_search,0,1.0
2217,3693,1,1,-0.656,organic,0,0.0
2218,4197,1,0,-0.171,organic,0,0.0
2219,3670,0,0,1.824,paid_search,0,1.0
2220,616,0,0,1.522,organic,0,1.0
2221,3466,1,1,-0.07,organic,0,1.0
2222,1091,0,0,-3.303,organic,0,0.0
2223,933,1,1,-0.998,paid_search,1,0.0
2224,362,1,1,0.343,organic,0,
2225,849,1,1,0.266,paid_search,1,
2226,1800,1,1,-0.94,paid_search,0,0.0
2227,3531,0,0,-1.718,organic,0,0.0
2228,2654,0,0,0.362,organic,0,0.0
2229,2098,1,1,1.262,organic,0,1.0
2230,1821,0,0,0.802,organic,0,0.0
2231,2780,1,1,1.433,organic,1,0.0
2232,4030,1,0,0.099,organic,0,0.0
2233,3602,1,1,1.015,organic,0,1.0
2234,2318,0,0,-1.027,partner,0,0.0
2235,1950,0,0,-2.746,organic,1,0.0
2236,2715,0,0,-0.223,paid_search,0,0.0
2237,503,1,0,-0.133,organic,0,0.0
2238,3494,0,0,-0.309,partner,0,
2239,3242,1,1,0.593,organic,0,1.0
2240,4121,0,0,-0.518,organic,1,1.0
2241,4238,1,1,-0.732,organic,0,1.0
2242,2323,0,0,-0.91,partner,0,0.0
2243,214,1,0,1.372,organic,0,
2244,609,1,1,0.248,paid_search,0,1.0
2245,423,0,0,-2.086,organic,0,
2246,523,1,1,-0.201,paid_search,0,0.0
2247,504,0,0,-0.637,organic,0,
2248,3660,1,0,-0.558,paid_search,1,0.0
2249,473,1,1,1.536,organic,1,1.0
2250,848,0,0,0.873,referral,1,1.0
2251,2665,0,0,-0.085,organic,0,1.0
2252,1875,1,1,1.186,organic,0,1.0
2253,2016,0,0,-0.314,partner,1,1.0
2254,1656,1,1,-0.678,referral,0,0.0
2255,1358,0,0,-0.019,paid_search,0,0.0
2256,467,1,1,-1.168,referral,0,0.0
2257,4180,1,0,-0.896,referral,0,0.0
2258,1641,1,1,0.736,organic,0,1.0
2259,3054,1,1,1.312,organic,0,
2260,1886,0,0,-1.167,paid_search,0,0.0
2261,343,1,1,-0.541,paid_search,0,0.0
2262,1929,0,0,-1.372,organic,0,0.0
2263,1665,1,1,-0.46,organic,1,1.0
2264,3041,0,0,-0.942,paid_search,0,0.0
2265,3406,0,0,1.252,organic,1,1.0
2266,4198,0,0,0.704,organic,1,0.0
2267,3597,0,0,-0.737,referral,0,1.0
2268,4269,0,0,3.336,organic,0,1.0
2269,2657,0,0,1.664,organic,0,1.0
2270,1697,0,0,-0.002,organic,0,0.0
2271,2029,0,0,0.215,referral,0,1.0
2272,1683,0,0,0.461,paid_search,1,1.0
2273,462,0,0,0.188,organic,0,1.0
2274,1594,0,0,-0.699,paid_search,0,0.0
2275,542,1,1,0.471,paid_search,1,0.0
2276,138,0,0,-0.015,referral,0,0.0
2277,2577,1,1,1.159,paid_search,1,0.0
2278,3820,1,1,0.379,paid_search,0,1.0
2279,1068,0,0,-1.55,organic,1,
2280,3297,0,0,2.154,partner,0,1.0
2281,2555,0,0,-0.889,referral,1,0.0
2282,3133,0,0,0.309,paid_search,0,0.0
2283,737,0,0,-1.859,paid_search,0,0.0
2284,714,1,1,1.471,organic,0,
2285,356,1,1,0.34,referral,1,1.0
2286,3637,1,1,-0.156,paid_search,1,1.0
2287,3566,0,0,-0.958,referral,0,0.0
2288,2583,0,0,0.066,paid_search,0,1.0
2289,516,0,0,0.04,paid_search,0,1.0
2290,4213,0,0,0.303,paid_search,1,0.0
2291,3839,1,1,-0.487,paid_search,0,1.0
2292,1631,1,1,-0.06,organic,1,1.0
2293,992,1,1,0.416,paid_search,0,0.0
2294,243,1,1,0.498,organic,1,0.0
2295,3701,1,1,-0.073,partner,0,0.0
2296,1813,1,1,0.021,organic,0,1.0
2297,1804,1,1,1.066,paid_search,0,1.0
2298,1495,1,1,0.357,partner,1,0.0
2299,713,1,1,0.054,organic,0,0.0
2300,3241,0,0,-0.031,organic,0,0.0
2301,71,1,1,-1.643,partner,1,0.0
2302,3594,0,0,-0.399,paid_search,1,1.0
2303,4120,0,1,0.683,organic,0,0.0
2304,3543,1,0,-0.395,paid_search,1,1.0
2305,606,0,0,0.093,organic,0,1.0
2306,2317,0,0,1.126,paid_search,0,0.0
2307,1896,1,0,-0.484,paid_search,1,0.0
2308,1425,1,0,0.7,paid_search,0,0.0
2309,1226,1,1,-1.296,partner,0,0.0
2310,652,1,0,0.725,organic,0,0.0
2311,3623,0,1,0.658,organic,0,0.0
2312,3945,1,1,-0.412,paid_search,1,1.0
2313,3278,1,1,-1.085,organic,0,0.0
2314,2269,0,0,0.932,organic,1,0.0
2315,3465,1,0,-0.523,referral,0,0.0
2316,1102,1,0,-0.192,partner,0,0.0
2317,3653,0,0,-0.594,organic,0,0.0
2318,1488,1,1,0.493,referral,0,0.0
2319,1511,0,0,0.19,referral,0,
2320,2922,1,1,0.094,referral,0,1.0
2321,651,0,0,-0.076,organic,1,0.0
2322,4199,0,0,-1.407,organic,1,1.0
2323,2037,1,1,-0.798,paid_search,0,0.0
2324,4249,0,0,-0.686,paid_search,0,0.0
2325,871,0,0,1.385,paid_search,0,1.0
2326,571,1,1,-0.691,referral,0,1.0
2327,3891,1,1,-1.215,organic,0,0.0
2328,1831,1,1,-0.492,organic,1,0.0
2329,1014,0,0,2.279,organic,1,1.0
2330,847,1,1,-0.026,organic,0,1.0
2331,1124,0,0,-0.348,referral,0,0.0
2332,1937,1,1,0.916,organic,0,0.0
2333,1816,0,1,-0.347,organic,0,0.0
2334,1665,0,0,-0.475,referral,0,0.0
2335,4164,1,1,0.682,paid_search,0,0.0
2336,3125,0,0,-0.795,organic,0,0.0
2337,3605,1,0,-0.749,paid_search,0,
2338,3016,1,1,0.275,referral,0,1.0
2339,1364,1,1,-0.381,paid_search,0,0.0
2340,2561,1,1,0.961,organic,0,1.0
2341,2477,0,0,1.163,organic,0,0.0
2342,427,0,0,-1.142,paid_search,0,0.0
2343,4153,1,1,-1.586,organic,0,0.0
2344,2547,0,0,0.29,referral,0,
2345,3803,1,1,-1.587,organic,0,0.0
2346,100,1,1,-0.047,paid_search,0,1.0
2347,4290,0,0,0.411,paid_search,0,0.0
2348,4022,0,0,-1.887,referral,0,1.0
2349,2918,0,0,0.191,organic,0,1.0
2350,561,1,1,-0.306,referral,1,1.0
2351,2377,1,1,0.65,organic,0,1.0
2352,387,1,0,-0.611,paid_search,0,0.0
2353,3247,1,0,0.504,paid_search,0,1.0
2354,28,0,0,1.468,paid_search,0,0.0
2355,2339,0,0,-0.337,referral,1,0.0
2356,2353,0,0,-1.981,paid_search,0,0.0
2357,2886,1,1,0.952,organic,0,1.0
2358,3198,1,1,-1.234,organic,0,0.0
2359,3032,0,0,1.071,organic,0,1.0
2360,1442,0,0,0.141,paid_search,0,1.0
2361,1013,1,0,-2.491,organic,1,0.0
2362,2543,0,0,0.959,referral,0,1.0
2363,371,1,1,0.289,referral,0,1.0
2364,3298,1,1,-1.43,organic,0,1.0
2365,1658,0,0,1.048,paid_search,0,0.0
2366,934,0,0,1.617,organic,0,1.0
2367,3594,1,1,0.24,paid_search,0,0.0
2368,227,0,0,-1.149,paid_search,0,0.0
2369,1884,0,0,-0.492,partner,0,0.0
2370,17,0,0,0.855,organic,0,1.0
2371,3045,0,0,0.652,partner,0,1.0
2372,2684,1,1,-0.01,organic,0,0.0
2373,238,0,0,-0.751,referral,0,0.0
2374,798,1,1,0.208,referral,0,0.0
2375,1884,0,0,-0.737,organic,0,0.0
2376,1030,0,0,-0.669,partner,1,0.0
2377,1675,0,1,-1.91,partner,0,0.0
2378,570,1,1,0.157,referral,1,0.0
2379,3595,0,0,0.747,organic,0,1.0
2380,2704,0,0,-0.85,referral,0,0.0
2381,220,1,1,2.288,referral,0,1.0
2382,3142,0,0,-0.095,referral,1,1.0
2383,1910,1,0,0.514,organic,0,0.0
2384,698,0,1,-0.63,organic,0,0.0
2385,2087,0,1,-0.705,organic,0,0.0
2386,3234,0,0,1.053,paid_search,1,0.0
2387,2395,1,1,0.105,organic,0,0.0
2388,2861,0,0,-0.461,organic,0,0.0
2389,3002,1,1,0.26,referral,0,1.0
2390,1599,0,0,0.845,referral,1,1.0
2391,3811,1,1,-0.596,referral,0,1.0
2392,240,1,1,-0.656,referral,1,
2393,2374,1,1,0.864,organic,0,0.0
2394,3359,0,0,-0.448,organic,0,0.0
2395,2145,1,1,-0.87,partner,0,1.0
2396,2026,0,0,0.441,partner,0,1.0
2397,1910,0,0,-2.421,paid_search,0,0.0
2398,3134,1,1,-1.478,organic,0,1.0
2399,3715,1,1,-0.95,organic,1,0.0
2400,2490,1,0,0.115,organic,0,1.0
2401,2955,1,0,-0.512,organic,0,0.0
2402,1219,1,1,0.161,partner,0,0.0
2403,2731,0,0,0.044,partner,1,0.0
2404,43,1,0,-2.603,partner,1,0.0
2405,2564,1,1,-0.728,paid_search,0,0.0
2406,2818,1,1,-0.039,referral,0,1.0
2407,2442,1,1,-2.567,paid_search,0,0.0
2408,3717,0,0,0.098,paid_search,0,0.0
2409,59,0,0,-0.17,organic,0,1.0
2410,1786,0,0,0.022,referral,1,0.0
2411,2228,0,0,-0.483,referral,0,0.0
2412,4266,0,0,-0.834,partner,0,0.0
2413,2698,0,0,-0.363,paid_search,1,0.0
2414,1673,0,0,-0.442,partner,1,1.0
2415,876,1,1,1.374,paid_search,0,1.0
2416,1394,0,0,-0.275,organic,0,0.0
2417,4263,0,0,0.879,paid_search,1,1.0
2418,703,1,1,0.084,paid_search,0,1.0
2419,963,0,0,0.294,organic,0,1.0
2420,3751,0,0,1.149,organic,0,
2421,391,1,1,0.416,referral,0,1.0
2422,474,0,0,-1.626,paid_search,1,0.0
2423,3291,0,0,0.12,organic,1,
2424,2687,0,0,-0.125,organic,0,
2425,1922,0,0,-0.233,organic,0,1.0
2426,1282,0,0,-0.214,organic,0,1.0
2427,2365,0,1,-0.236,organic,0,1.0
2428,396,0,0,0.079,referral,1,1.0
2429,1561,1,1,0.064,partner,0,1.0
2430,1495,1,1,1.502,referral,0,1.0
2431,3490,1,1,0.078,paid_search,0,1.0
2432,1936,0,0,0.034,paid_search,0,0.0
2433,3772,1,1,0.749,paid_search,0,1.0
2434,412,1,1,-0.626,organic,0,
2435,2541,1,0,-0.966,partner,0,0.0
2436,2201,0,0,0.131,paid_search,0,1.0
2437,3918,0,0,2.173,referral,0,1.0
2438,2266,0,0,1.601,organic,1,1.0
2439,195,0,0,1.173,organic,1,1.0
2440,3376,0,0,-0.587,paid_search,0,0.0
2441,4087,0,0,1.154,organic,1,1.0
2442,1169,0,0,0.202,paid_search,1,1.0
2443,862,0,0,-1.211,referral,0,0.0
2444,2944,1,1,-0.428,paid_search,0,0.0
2445,3652,0,1,-0.15,paid_search,0,0.0
2446,152,1,1,-0.368,partner,0,0.0
2447,783,1,1,-1.616,organic,0,0.0
2448,3452,1,1,-1.137,organic,0,0.0
2449,878,0,0,1.264,organic,0,1.0
2450,1329,0,0,-0.393,organic,0,0.0
2451,4136,1,1,0.571,organic,0,0.0
2452,3158,0,0,0.365,referral,0,0.0
2453,3729,0,0,-0.717,organic,0,0.0
2454,1338,1,1,-1.952,paid_search,0,
2455,4037,1,1,1.649,organic,0,0.0
2456,2041,1,1,-0.552,organic,0,0.0
2457,626,1,0,0.807,organic,0,0.0
2458,2193,1,1,1.604,paid_search,0,1.0
2459,712,1,1,-1.183,organic,0,0.0
2460,1072,0,0,2.741,organic,0,0.0
2461,3468,0,0,0.072,paid_search,1,0.0
2462,2060,1,1,-0.472,referral,0,0.0
2463,2085,1,1,-1.483,organic,0,0.0
2464,412,0,0,2.287,referral,0,0.0
2465,7,0,0,0.016,paid_search,0,1.0
2466,3616,0,0,0.949,referral,0,0.0
2467,1638,1,1,0.337,partner,0,1.0
2468,866,1,1,-1.154,paid_search,1,0.0
2469,3740,0,0,0.381,paid_search,0,1.0
2470,2725,0,0,-0.897,paid_search,1,0.0
2471,628,1,1,-0.472,paid_search,0,0.0
2472,2093,1,1,1.656,referral,0,0.0
2473,1662,0,0,-0.548,organic,0,0.0
2474,3266,0,0,1.704,referral,0,0.0
2475,2709,1,0,-0.478,paid_search,1,0.0
2476,3236,0,0,0.178,referral,0,0.0
2477,2575,0,0,1.455,organic,0,0.0
2478,2795,1,1,-0.649,partner,0,0.0
2479,1215,1,1,0.566,organic,0,1.0
2480,3429,1,1,0.676,organic,1,0.0
2481,883,0,0,-1.224,referral,0,0.0
2482,2719,0,0,0.741,paid_search,0,0.0
2483,106,1,1,0.448,organic,1,0.0
2484,1005,1,1,0.961,organic,0,1.0
2485,203,0,0,0.095,paid_search,0,0.0
2486,4052,1,0,-1.699,organic,1,0.0
2487,1097,0,0,-0.738,referral,0,0.0
2488,3327,0,0,-1.572,paid_search,1,0.0
2489,3089,1,1,-0.042,partner,0,
2490,3366,0,0,1.048,paid_search,0,1.0
2491,2861,0,0,0.013,referral,0,0.0
2492,1680,1,1,-0.025,referral,0,0.0
2493,3281,1,1,1.27,partner,0,1.0
2494,2474,1,1,0.5,organic,0,1.0
2495,1049,1,1,-0.888,paid_search,0,0.0
2496,732,1,1,0.247,referral,0,1.0
2497,52,1,1,1.133,referral,1,1.0
2498,3426,1,1,-0.779,organic,0,1.0
2499,2182,0,0,-0.836,paid_search,0,0.0
2500,974,1,1,0.852,organic,1,1.0
2501,2717,1,1,-0.319,paid_search,0,0.0
2502,1992,1,0,0.138,referral,1,1.0
2503,3904,1,0,-0.153,paid_search,1,0.0
2504,1686,0,0,0.338,organic,1,1.0
2505,563,1,1,0.339,organic,0,0.0
2506,2421,1,1,0.647,paid_search,0,0.0
2507,518,0,0,-0.535,organic,0,1.0
2508,1620,1,1,-0.01,partner,0,0.0
2509,2073,0,0,-0.019,organic,0,0.0
2510,163,1,1,1.985,paid_search,0,1.0
2511,2800,1,1,0.472,referral,0,1.0
2512,1588,1,1,0.319,organic,0,1.0
2513,584,1,1,1.559,paid_search,0,0.0
2514,833,1,1,1.931,paid_search,0,0.0
2515,2403,0,0,-0.373,referral,0,0.0
2516,586,1,1,0.666,organic,0,1.0
2517,3747,0,0,0.203,organic,0,1.0
2518,364,0,0,-1.064,referral,0,1.0
2519,3039,1,1,0.781,paid_search,0,0.0
2520,448,0,0,-0.715,organic,0,1.0
2521,2002,0,0,-1.683,paid_search,0,0.0
2522,1845,0,0,1.248,partner,0,1.0
2523,1192,1,1,0.436,paid_search,0,1.0
2524,4068,0,0,0.042,paid_search,1,0.0
2525,1467,1,1,0.51,organic,0,
2526,994,1,1,-0.546,referral,0,1.0
2527,2069,0,0,-0.148,referral,1,0.0
2528,2089,1,1,-0.062,organic,0,
2529,2543,1,1,1.465,organic,0,0.0
2530,2699,0,1,0.606,partner,0,0.0
2531,3581,1,0,1.144,paid_search,0,1.0
2532,238,0,0,-1.792,organic,1,0.0
2533,3067,0,0,0.085,organic,1,1.0
2534,2092,0,0,1.521,organic,0,1.0
2535,3526,0,0,-0.166,organic,0,
2536,3645,0,0,-0.646,referral,0,1.0
2537,4219,0,0,-0.885,paid_search,1,
2538,3368,0,0,-0.63,organic,0,1.0
2539,2217,0,1,-0.715,paid_search,0,1.0
2540,318,0,0,0.212,organic,0,0.0
2541,1483,0,0,-0.598,organic,1,0.0
2542,2647,0,0,-2.161,paid_search,1,1.0
2543,1131,1,0,-0.145,organic,0,0.0
2544,4004,0,0,0.201,paid_search,0,1.0
2545,725,1,1,1.242,organic,0,0.0
2546,2918,0,0,1.725,paid_search,0,1.0
2547,3901,1,1,0.609,organic,0,1.0
2548,3518,0,0,0.495,partner,1,0.0
2549,2939,1,1,-1.376,partner,1,1.0
2550,2202,1,1,-0.814,organic,0,1.0
2551,2211,1,1,0.145,paid_search,0,
2552,4134,0,0,0.388,paid_search,0,
2553,19,0,0,-0.483,paid_search,0,0.0
2554,614,1,1,-0.722,organic,0,0.0
2555,2263,1,1,-0.732,organic,1,0.0
2556,3051,0,0,-1.131,organic,0,0.0
2557,159,0,0,0.9,referral,0,1.0
2558,2526,1,1,-1.05,referral,0,1.0
2559,682,1,1,0.236,organic,0,
2560,1011,1,1,-0.435,paid_search,0,0.0
2561,1941,1,0,-0.164,organic,0,1.0
2562,1623,0,0,-1.31,organic,1,1.0
2563,3775,1,0,-1.112,organic,0,0.0
2564,2377,0,0,-0.367,referral,0,0.0
2565,2368,1,1,0.455,organic,1,1.0
2566,1191,0,0,0.419,referral,0,1.0
2567,3253,1,1,0.898,referral,1,1.0
2568,3628,0,0,0.697,organic,0,0.0
2569,659,1,0,-1.976,paid_search,0,0.0
2570,1730,1,1,0.117,referral,1,0.0
2571,3799,0,0,0.492,organic,0,0.0
2572,1276,0,0,0.735,referral,0,0.0
2573,1053,1,1,-0.537,organic,0,0.0
2574,833,1,1,0.008,referral,0,1.0
2575,180,0,0,0.803,organic,1,0.0
2576,4029,1,1,1.152,organic,0,1.0
2577,4106,1,1,-0.631,referral,0,1.0
2578,1086,1,1,0.818,paid_search,0,
2579,879,0,0,-0.679,paid_search,0,0.0
2580,1182,1,1,0.753,organic,1,1.0
2581,4068,0,0,-0.535,paid_search,1,0.0
2582,1723,0,0,-0.192,organic,0,1.0
2583,1346,0,0,0.79,organic,0,0.0
2584,3680,1,1,-0.424,referral,0,1.0
2585,3936,1,0,1.52,referral,0,1.0
2586,2349,0,0,-0.909,paid_search,0,0.0
2587,4074,1,1,-0.988,referral,0,1.0
2588,3940,0,0,1.022,paid_search,0,0.0
2589,3009,0,0,2.263,paid_search,0,
2590,3336,1,1,1.57,organic,0,1.0
2591,2507,1,1,-0.351,referral,0,1.0
2592,305,0,0,-0.285,referral,0,0.0
2593,322,0,0,1.364,paid_search,0,0.0
2594,2478,0,0,0.137,referral,0,0.0
2595,2545,0,0,-0.203,organic,1,1.0
2596,4138,0,0,-0.19,organic,1,0.0
2597,3847,0,0,0.023,partner,1,0.0
2598,3685,1,0,-0.504,organic,1,0.0
2599,1056,1,1,0.979,referral,0,
2600,185,0,0,-0.144,organic,0,0.0
2601,771,0,0,-0.618,paid_search,0,0.0
2602,3954,0,0,-1.622,paid_search,0,
2603,3069,0,0,-0.454,referral,1,1.0
2604,3945,1,1,0.052,paid_search,0,0.0
2605,1244,1,1,-0.046,organic,0,
2606,3128,0,0,-0.151,paid_search,0,0.0
2607,627,0,0,-0.957,referral,1,
2608,1407,0,0,0.744,referral,0,
2609,1477,0,0,-0.437,organic,0,
2610,2360,0,0,1.815,paid_search,0,1.0
2611,3648,1,1,-1.811,organic,0,
2612,2252,0,0,-0.877,referral,0,0.0
2613,250,0,0,-0.604,organic,1,1.0
2614,2596,1,1,2.285,organic,0,1.0
2615,2002,1,1,0.447,partner,0,
2616,349,1,1,0.722,organic,0,1.0
2617,2630,0,0,-0.37,organic,0,0.0
2618,113,1,0,0.917,referral,1,
2619,3838,1,1,0.837,referral,0,1.0
2620,2419,0,0,0.401,paid_search,0,1.0
2621,2128,0,0,-0.505,organic,0,0.0
2622,2946,1,1,-1.194,paid_search,0,1.0
2623,895,1,1,-0.529,paid_search,0,0.0
2624,766,0,1,-0.619,paid_search,1,0.0
2625,3777,1,1,0.215,paid_search,0,0.0
2626,3182,1,0,0.51,organic,0,1.0
2627,3526,0,0,-1.749,organic,0,0.0
2628,4218,0,0,0.175,paid_search,1,1.0
2629,590,0,0,-2.121,referral,1,0.0
2630,268,0,0,0.099,organic,0,0.0
2631,66,1,1,0.502,referral,0,1.0
2632,904,0,1,1.506,organic,0,1.0
2633,1330,0,0,-0.999,referral,0,0.0
2634,1189,1,1,0.357,organic,0,1.0
2635,1504,1,1,-0.69,organic,0,1.0
2636,2462,0,1,1.318,organic,0,1.0
2637,4243,0,0,0.407,partner,0,0.0
2638,486,1,1,-0.307,organic,0,1.0
2639,2716,1,0,-0.375,organic,1,0.0
2640,667,0,0,1.69,organic,0,0.0
2641,3425,0,0,-0.871,referral,1,1.0
2642,2099,1,1,-0.057,paid_search,0,0.0
2643,3972,0,0,0.303,organic,0,1.0
2644,3004,1,1,0.28,organic,1,0.0
2645,8,1,1,-0.268,organic,0,0.0
2646,3687,1,1,-1.279,organic,1,0.0
2647,907,1,1,-0.362,organic,0,0.0
2648,3236,1,0,-0.385,referral,1,0.0
2649,1978,1,1,-0.777,organic,0,0.0
2650,1075,1,0,0.688,organic,0,0.0
2651,1851,0,0,2.076,referral,0,1.0
2652,1550,1,0,2.44,organic,0,1.0
2653,560,1,1,1.24,paid_search,0,1.0
2654,4000,0,0,1.397,paid_search,0,1.0
2655,2600,0,0,2.637,organic,0,1.0
2656,3989,0,0,0.841,paid_search,0,0.0
2657,1850,0,0,0.717,organic,0,1.0
2658,2381,0,0,0.193,paid_search,0,0.0
2659,749,0,0,-1.175,referral,0,0.0
2660,1701,0,0,0.799,organic,0,0.0
2661,1963,1,1,-0.684,referral,0,0.0
2662,3611,1,1,0.068,partner,0,
2663,71,0,0,-0.222,referral,1,1.0
2664,1865,0,0,-0.318,paid_search,1,0.0
2665,439,1,1,-0.297,paid_search,1,0.0
2666,1496,1,0,-0.716,referral,0,1.0
2667,1292,1,1,-0.643,referral,0,0.0
2668,1102,1,1,0.874,referral,0,1.0
2669,752,1,0,-0.002,organic,0,0.0
2670,2111,0,0,-1.371,organic,1,0.0
2671,3980,1,1,0.929,paid_search,0,0.0
2672,158,0,0,0.136,partner,0,0.0
2673,1334,1,1,0.459,referral,0,1.0
2674,1570,1,1,1.147,organic,1,0.0
2675,3438,1,1,-1.584,referral,0,0.0
2676,1395,0,0,-2.974,referral,1,0.0
2677,3053,0,0,-0.073,organic,0,0.0
2678,3927,0,1,0.915,organic,1,1.0
2679,4191,1,1,-0.199,partner,0,1.0
2680,1569,1,0,-0.256,paid_search,1,0.0
2681,1585,0,0,-1.22,paid_search,0,0.0
2682,4283,0,0,1.232,organic,0,0.0
2683,2783,1,1,0.383,partner,1,0.0
2684,2221,1,1,-1.115,organic,1,
2685,3889,0,0,0.389,paid_search,0,1.0
2686,3365,1,1,-1.378,referral,0,
2687,3049,1,1,0.132,organic,0,0.0
2688,3868,0,0,1.647,organic,0,0.0
2689,1184,1,1,-0.114,organic,0,0.0
2690,512,1,1,0.08,referral,0,0.0
2691,420,1,1,1.415,paid_search,0,1.0
2692,1496,0,0,1.602,organic,0,1.0
2693,252,1,0,0.038,organic,0,0.0
2694,1322,1,1,-1.092,partner,0,0.0
2695,1229,0,0,-0.782,partner,0,0.0
2696,2543,0,0,0.362,referral,0,0.0
2697,3442,1,1,-1.341,organic,0,0.0
2698,735,0,0,0.188,referral,0,1.0
2699,4158,1,1,1.443,paid_search,0,1.0
2700,4182,1,1,-1.978,paid_search,1,1.0
2701,1393,1,1,0.79,partner,0,1.0
2702,240,0,0,-0.528,paid_search,1,0.0
2703,633,1,1,-0.618,partner,0,0.0
2704,262,0,0,0.09,organic,1,0.0
2705,135,1,0,-0.201,paid_search,0,1.0
2706,81,1,1,1.228,partner,0,0.0
2707,4035,1,1,0.981,referral,0,0.0
2708,2029,0,0,0.993,organic,1,0.0
2709,57,0,0,0.264,organic,0,
2710,1322,1,0,-0.893,paid_search,0,0.0
2711,3070,0,1,-0.514,organic,0,
2712,2888,0,0,-0.201,organic,1,0.0
2713,187,1,1,-1.655,referral,0,0.0
2714,3289,0,0,0.66,paid_search,1,
2715,2451,1,1,1.289,organic,0,1.0
2716,3696,0,0,1.044,paid_search,0,1.0
2717,3178,0,0,0.358,organic,0,0.0
2718,2196,0,0,-0.472,paid_search,0,0.0
2719,2634,1,1,-0.741,organic,1,0.0
2720,1384,1,1,0.542,organic,1,1.0
2721,2361,1,1,-0.417,organic,0,1.0
2722,50,1,1,-0.219,paid_search,0,
2723,3863,0,0,-1.059,partner,0,1.0
2724,2076,1,1,0.066,paid_search,0,
2725,1719,0,0,-0.441,organic,0,0.0
2726,525,0,1,1.31,referral,1,0.0
2727,2208,1,1,-1.39,referral,1,1.0
2728,1559,1,1,-1.346,organic,1,0.0
2729,1354,0,0,0.45,referral,0,0.0
2730,407,0,0,-0.273,referral,1,0.0
2731,1582,0,0,0.322,paid_search,1,1.0
2732,3139,1,1,0.351,paid_search,0,0.0
2733,1997,0,0,1.475,referral,0,1.0
2734,1449,0,0,0.989,paid_search,0,1.0
2735,2514,1,0,-0.018,referral,0,
2736,676,0,0,1.045,paid_search,0,1.0
2737,1255,0,1,0.032,organic,1,0.0
2738,165,1,1,-1.98,partner,0,
2739,4136,0,0,1.319,paid_search,0,0.0
2740,1441,1,0,-3.28,paid_search,0,0.0
2741,373,1,1,-1.82,organic,0,
2742,3303,0,0,-0.146,partner,0,0.0
2743,1406,0,0,0.424,organic,1,1.0
2744,3272,0,0,0.045,organic,1,1.0
2745,4255,1,1,0.973,organic,0,0.0
2746,617,1,0,0.968,organic,0,0.0
2747,1075,0,0,-0.357,organic,1,0.0
2748,35,1,1,1.329,partner,0,1.0
2749,3186,0,0,0.692,partner,0,0.0
2750,3140,1,1,-0.904,organic,0,1.0
2751,7,1,1,-1.231,paid_search,0,
2752,2957,1,0,-0.829,referral,0,0.0
2753,982,0,0,1.576,organic,0,1.0
2754,2831,0,1,-0.183,organic,0,1.0
2755,3795,0,0,-1.591,paid_search,0,0.0
2756,3548,0,0,0.344,organic,0,0.0
2757,379,1,0,-1.188,organic,0,1.0
2758,1381,1,0,-0.141,referral,0,0.0
2759,1431,0,0,0.565,partner,0,0.0
2760,3730,0,0,1.507,referral,0,0.0
2761,373,0,0,-0.503,organic,1,0.0
2762,2350,0,0,-0.082,referral,0,0.0
2763,2628,0,0,0.092,paid_search,0,1.0
2764,1422,0,0,-0.426,organic,0,1.0
2765,394,1,1,-1.109,partner,0,0.0
2766,2837,1,0,0.838,paid_search,1,0.0
2767,1964,0,0,1.625,paid_search,0,0.0
2768,2207,1,1,-1.807,organic,0,0.0
2769,3200,1,0,-0.049,referral,0,
2770,3401,1,1,-0.086,paid_search,0,
2771,328,1,1,-0.71,paid_search,0,
2772,1104,0,0,-0.196,partner,0,0.0
2773,3336,1,1,0.157,partner,1,0.0
2774,1582,0,0,0.092,referral,0,1.0
2775,2139,0,0,0.012,paid_search,0,1.0
2776,950,0,0,0.173,partner,0,1.0
2777,85,1,1,0.355,referral,0,1.0
2778,740,1,1,0.5,referral,1,0.0
2779,1284,0,0,0.072,paid_search,0,1.0
2780,1385,1,0,-0.919,organic,0,1.0
2781,2615,1,1,-1.072,partner,0,1.0
2782,1980,0,0,-0.89,organic,0,1.0
2783,3070,1,1,-0.331,paid_search,0,1.0
2784,3548,0,0,0.04,organic,0,0.0
2785,175,0,0,-0.13,organic,0,1.0
2786,3711,1,1,-0.878,organic,1,0.0
2787,3427,1,1,-0.522,organic,0,0.0
2788,3538,1,1,-1.014,referral,0,1.0
2789,38,1,0,-0.605,organic,0,0.0
2790,2305,1,1,0.564,referral,0,0.0
2791,476,1,1,-0.219,partner,0,0.0
2792,1524,1,1,-0.872,organic,0,0.0
2793,1574,1,1,0.849,organic,0,0.0
2794,403,1,0,0.416,referral,1,
2795,4122,1,1,-1.033,referral,0,0.0
2796,64,1,1,0.674,paid_search,0,1.0
2797,366,1,1,1.527,organic,0,1.0
2798,2144,1,1,1.388,referral,0,1.0
2799,1797,0,0,-1.238,paid_search,1,1.0
2800,1851,0,0,1.277,referral,0,0.0
2801,1415,0,0,0.422,organic,1,1.0
2802,2884,0,0,1.376,organic,0,1.0
2803,1807,0,0,0.786,referral,1,0.0
2804,3246,1,1,1.406,partner,0,0.0
2805,2740,0,0,-0.678,organic,0,0.0
2806,1895,0,0,-0.342,organic,0,0.0
2807,129,1,0,-0.688,organic,0,1.0
2808,4130,1,0,0.161,paid_search,1,
2809,3187,1,1,1.518,organic,1,0.0
2810,261,0,0,-1.127,organic,1,0.0
2811,3666,1,1,1.037,organic,0,1.0
2812,960,1,0,-1.022,organic,0,0.0
2813,1351,1,1,1.919,organic,0,1.0
2814,2824,0,0,1.302,organic,0,1.0
2815,2139,0,0,1.525,paid_search,1,0.0
2816,1458,0,0,-1.143,organic,1,0.0
2817,134,0,0,-0.77,organic,0,0.0
2818,4062,0,0,0.926,organic,0,1.0
2819,845,0,0,0.354,referral,0,0.0
2820,2574,1,1,1.08,organic,0,1.0
2821,854,1,1,1.152,partner,0,0.0
2822,3747,1,1,-2.381,paid_search,0,0.0
2823,2881,0,0,0.301,referral,0,1.0
2824,1712,0,0,-0.525,organic,0,1.0
2825,977,1,0,-1.436,partner,0,0.0
2826,4119,0,0,1.004,referral,0,
2827,730,1,1,-0.233,partner,1,
2828,349,0,0,1.287,referral,0,1.0
2829,614,1,0,-2.366,referral,1,0.0
2830,1212,0,0,-0.38,organic,0,0.0
2831,3307,1,1,0.587,organic,0,1.0
2832,3083,1,1,0.734,partner,0,1.0
2833,1614,1,1,0.445,paid_search,0,0.0
2834,2046,1,1,2.064,partner,0,1.0
2835,2772,1,1,-1.766,organic,0,0.0
2836,2985,0,0,-0.537,paid_search,0,1.0
2837,956,0,0,-1.427,referral,1,1.0
2838,1334,1,1,1.223,organic,0,0.0
2839,2111,1,1,-0.202,organic,0,
2840,24,0,0,1.474,partner,1,1.0
2841,3664,1,0,0.181,organic,0,0.0
2842,3410,0,0,-0.301,referral,0,1.0
2843,3748,0,0,1.45,organic,0,1.0
2844,601,0,0,-0.478,partner,1,0.0
2845,984,1,1,0.633,paid_search,0,0.0
2846,1867,0,0,-1.0,paid_search,0,0.0
2847,1312,1,1,0.504,organic,0,1.0
2848,1612,0,0,-1.064,referral,0,0.0
2849,2880,1,1,0.875,organic,0,1.0
2850,3473,1,1,0.322,paid_search,0,1.0
2851,1386,1,1,-0.409,paid_search,1,1.0
2852,2263,1,1,0.71,paid_search,0,1.0
2853,4129,1,1,0.287,paid_search,0,0.0
2854,4163,0,0,-2.258,referral,1,0.0
2855,3900,1,1,1.169,paid_search,0,1.0
2856,1249,0,0,-0.692,referral,1,1.0
2857,2325,0,0,1.361,paid_search,0,1.0
2858,2065,1,1,-0.356,paid_search,0,0.0
2859,3275,1,1,0.132,referral,0,
2860,3549,1,1,0.357,organic,0,0.0
2861,2417,1,1,0.407,partner,1,0.0
2862,219,1,1,-0.619,organic,0,1.0
2863,882,0,0,0.884,organic,0,1.0
2864,1594,0,1,-0.525,organic,1,0.0
2865,3839,0,0,-0.718,referral,1,0.0
2866,3996,0,1,0.155,partner,0,0.0
2867,1958,0,0,-2.332,referral,0,0.0
2868,1008,0,1,2.111,paid_search,0,1.0
2869,2196,1,1,1.011,organic,1,1.0
2870,991,0,1,0.868,organic,0,0.0
2871,1103,0,0,-0.74,referral,0,0.0
2872,1261,0,0,0.1,paid_search,0,1.0
2873,1492,1,1,1.235,referral,0,1.0
2874,423,0,0,0.852,organic,1,0.0
2875,583,1,1,-0.29,organic,0,1.0
2876,114,0,0,-1.336,paid_search,0,0.0
2877,1170,1,1,-1.824,paid_search,0,
2878,2211,1,1,0.977,paid_search,0,1.0
2879,2808,1,1,-0.874,organic,0,0.0
2880,2878,1,1,-1.481,organic,0,0.0
2881,295,1,1,0.09,organic,0,0.0
2882,2088,1,0,-0.633,partner,0,1.0
2883,2065,1,0,1.82,organic,0,1.0
2884,2254,1,1,-0.367,organic,0,0.0
2885,129,0,0,0.923,organic,0,0.0
2886,2318,0,0,-1.453,paid_search,0,0.0
2887,1234,0,0,-2.857,organic,0,
2888,1074,0,0,0.313,partner,1,0.0
2889,3449,0,0,0.656,referral,1,0.0
2890,4198,0,1,0.627,referral,0,1.0
2891,735,1,1,0.85,referral,0,1.0
2892,2843,1,0,1.111,organic,0,0.0
2893,2030,1,1,-0.523,organic,0,1.0
2894,3479,1,0,0.94,paid_search,0,0.0
2895,3028,0,0,1.275,organic,1,0.0
2896,440,0,1,0.024,partner,0,0.0
2897,638,1,1,0.498,organic,0,1.0
2898,3768,0,0,0.614,referral,0,1.0
2899,2778,0,0,0.614,referral,0,1.0
2900,2281,0,0,-0.879,partner,0,0.0
2901,12,0,0,-0.18,organic,0,0.0
2902,1542,1,1,0.501,paid_search,0,0.0
2903,2582,0,0,1.596,partner,0,0.0
2904,4158,1,1,0.228,referral,1,1.0
2905,672,1,0,0.64,organic,0,1.0
2906,788,1,1,0.821,partner,1,0.0
2907,739,1,1,2.023,referral,0,
2908,333,1,1,0.112,paid_search,0,0.0
2909,3916,0,0,-0.922,paid_search,0,1.0
2910,4009,0,0,-0.231,partner,0,
2911,1113,1,1,-0.395,paid_search,0,0.0
2912,2054,0,0,2.055,paid_search,1,
2913,2626,0,0,-1.575,organic,0,0.0
2914,1762,1,1,-0.199,organic,0,0.0
2915,1431,0,0,0.973,referral,0,
2916,1533,0,0,-0.373,organic,0,1.0
2917,4277,1,1,-0.534,organic,0,1.0
2918,2747,1,1,0.456,organic,0,1.0
2919,1255,1,1,0.59,paid_search,1,0.0
2920,925,1,1,1.083,referral,0,0.0
2921,2770,1,1,0.12,organic,0,0.0
2922,2629,1,1,0.572,organic,0,1.0
2923,3351,1,1,0.188,organic,0,0.0
2924,3532,0,0,-1.813,paid_search,1,1.0
2925,438,1,1,-1.721,organic,0,0.0
2926,3824,1,1,-0.39,paid_search,0,1.0
2927,1321,1,0,1.065,organic,0,1.0
2928,3357,1,1,0.993,paid_search,0,0.0
2929,749,1,1,-0.744,partner,1,0.0
2930,1481,1,1,-1.932,referral,0,0.0
2931,3637,1,1,-0.26,paid_search,0,0.0
2932,1052,0,0,0.218,paid_search,0,1.0
2933,876,0,0,-1.082,organic,1,
2934,943,0,0,0.034,paid_search,0,0.0
2935,1855,1,1,0.232,referral,0,
2936,2537,1,1,0.61,organic,0,
2937,931,0,0,-1.108,organic,0,
2938,3785,0,0,0.227,organic,1,0.0
2939,2036,1,0,1.505,referral,0,1.0
2940,1052,1,1,-1.303,organic,0,0.0
2941,131,0,0,0.527,referral,1,1.0
2942,1527,1,1,0.774,organic,0,0.0
2943,2614,1,1,1.413,organic,1,0.0
2944,2965,0,0,0.87,paid_search,0,1.0
2945,2761,0,0,0.512,organic,0,1.0
2946,1694,0,0,1.125,organic,0,1.0
2947,2042,1,0,1.653,paid_search,0,1.0
2948,1822,1,1,-0.677,referral,0,
2949,2492,0,0,0.937,organic,1,1.0
2950,1919,1,1,-0.186,paid_search,0,0.0
2951,3985,0,0,-1.245,referral,1,0.0
2952,4141,1,1,-0.555,paid_search,1,1.0
2953,1802,1,1,-1.133,paid_search,1,1.0
2954,832,0,0,0.743,referral,0,0.0
2955,3553,0,0,0.065,paid_search,0,0.0
2956,1661,0,0,0.723,organic,1,0.0
2957,3680,1,1,0.4,paid_search,0,1.0
2958,712,1,1,-1.126,paid_search,0,0.0
2959,3182,1,1,-1.298,referral,0,
2960,1356,0,0,-1.899,organic,1,
2961,2097,0,0,1.55,referral,1,1.0
2962,2117,1,1,0.253,paid_search,0,1.0
2963,661,1,1,0.218,paid_search,0,1.0
2964,1908,0,0,-0.747,organic,0,0.0
2965,1164,0,0,1.788,partner,0,1.0
2966,3362,1,1,-0.467,partner,0,0.0
2967,3644,0,1,-1.456,referral,1,0.0
2968,347,1,1,-0.399,paid_search,0,0.0
2969,307,0,0,-0.402,organic,1,1.0
2970,3905,1,1,0.323,organic,0,
2971,4007,0,0,-0.188,organic,0,0.0
2972,1493,0,0,1.598,organic,0,1.0
2973,2912,0,0,0.57,paid_search,0,0.0
2974,3739,0,0,1.638,organic,0,
2975,551,0,0,-1.627,organic,0,0.0
2976,1559,1,0,-1.118,paid_search,0,
2977,3792,0,0,0.22,paid_search,1,1.0
2978,1551,1,1,-0.313,paid_search,0,1.0
2979,883,1,1,0.372,organic,1,1.0
2980,2410,0,0,-0.115,organic,0,0.0
2981,2562,0,0,0.629,organic,1,1.0
2982,1797,1,0,-0.705,partner,1,0.0
2983,2240,0,0,0.779,partner,1,1.0
2984,1408,1,1,1.555,paid_search,0,0.0
2985,1601,1,1,0.732,referral,0,1.0
2986,729,0,0,0.745,organic,0,0.0
2987,1950,0,0,1.082,organic,0,1.0
2988,2168,0,0,0.978,organic,0,0.0
2989,2371,0,0,-0.28,paid_search,0,0.0
2990,585,0,0,-0.286,partner,0,1.0
2991,772,0,0,-0.471,referral,1,0.0
2992,3466,1,1,-0.005,partner,0,1.0
2993,2188,1,1,-0.124,organic,0,1.0
2994,20,0,0,1.256,partner,0,1.0
2995,3296,1,1,0.643,referral,0,0.0
2996,2623,0,0,-0.937,partner,0,0.0
2997,1940,1,1,1.328,organic,0,
2998,2810,1,1,-0.544,partner,0,0.0
2999,521,0,0,0.518,referral,1,1.0
3000,2152,1,1,-0.417,organic,0,0.0
3001,4232,0,0,0.465,partner,0,
3002,3823,1,1,0.699,organic,0,0.0
3003,391,1,1,1.211,referral,0,0.0
3004,3555,1,1,-1.166,organic,0,
3005,2026,0,0,-0.83,organic,0,1.0
3006,3897,1,1,1.016,referral,0,1.0
3007,2191,0,0,-1.118,organic,0,0.0
3008,3123,0,0,0.011,organic,0,0.0
3009,140,1,0,-1.474,organic,0,1.0
3010,3017,0,0,2.133,organic,1,1.0
3011,4192,1,1,0.196,paid_search,0,0.0
3012,3708,0,0,-0.384,organic,1,0.0
3013,2706,1,1,-0.248,organic,0,1.0
3014,1825,1,1,-0.068,paid_search,0,
3015,3645,1,0,0.772,organic,0,0.0
3016,2249,1,1,0.182,paid_search,0,1.0
3017,2257,1,1,0.675,organic,0,1.0
3018,2685,0,0,-0.642,paid_search,0,1.0
3019,2872,1,1,-1.227,referral,0,1.0
3020,3618,0,0,-0.015,referral,0,1.0
3021,894,1,1,0.435,organic,0,0.0
3022,3463,1,1,-0.073,partner,0,0.0
3023,3146,0,0,-1.469,paid_search,0,0.0
3024,2187,1,1,0.145,referral,0,1.0
3025,4218,0,0,-0.353,paid_search,0,
3026,730,0,0,0.971,partner,0,0.0
3027,1650,0,0,0.29,organic,0,0.0
3028,1641,0,0,-1.156,organic,0,0.0
3029,2259,1,1,0.832,referral,0,0.0
3030,1886,1,1,-0.474,paid_search,0,0.0
3031,3562,0,0,-1.365,referral,1,0.0
3032,4077,1,1,-0.505,referral,0,0.0
3033,3141,0,0,-0.585,organic,0,0.0
3034,222,1,1,-0.876,organic,0,0.0
3035,34,0,0,-0.711,organic,0,0.0
3036,3087,1,1,1.085,referral,0,0.0
3037,3862,1,1,0.145,paid_search,0,0.0
3038,1044,0,0,-0.921,referral,1,0.0
3039,2845,1,1,1.415,paid_search,0,0.0
3040,89,0,0,1.776,organic,0,0.0
3041,2910,0,0,-0.699,paid_search,0,1.0
3042,2015,1,1,0.245,partner,1,0.0
3043,403,1,1,-1.465,paid_search,0,1.0
3044,466,0,0,0.391,paid_search,0,1.0
3045,853,1,1,-0.342,paid_search,0,
3046,96,1,1,-0.049,paid_search,1,0.0
3047,984,0,0,0.495,paid_search,0,1.0
3048,2,0,0,-0.278,organic,0,1.0
3049,915,0,0,-0.489,referral,1,0.0
3050,135,1,0,2.086,organic,0,0.0
3051,1058,1,1,-1.001,organic,0,0.0
3052,1670,1,1,2.683,paid_search,0,1.0
3053,1992,0,0,0.239,organic,0,1.0
3054,3794,1,1,-1.07,paid_search,0,1.0
3055,2179,0,0,0.781,paid_search,0,0.0
3056,4062,0,0,-0.733,paid_search,0,0.0
3057,2297,1,1,-1.07,paid_search,0,1.0
3058,2498,0,0,-1.31,organic,0,0.0
3059,3861,0,0,-0.098,organic,0,0.0
3060,1629,0,0,-0.623,paid_search,0,1.0
3061,2968,0,0,-2.068,organic,0,0.0
3062,3784,0,0,1.46,organic,0,1.0
3063,883,1,1,-0.77,paid_search,0,1.0
3064,1507,0,0,0.459,paid_search,0,0.0
3065,2119,0,0,-1.602,organic,0,0.0
3066,260,1,1,-1.751,paid_search,0,0.0
3067,3359,1,1,0.311,referral,0,
3068,3166,1,1,2.692,paid_search,0,1.0
3069,4226,0,0,0.322,organic,0,0.0
3070,755,1,1,-0.012,paid_search,0,0.0
3071,821,1,1,-0.132,referral,0,1.0
3072,3004,1,1,0.31,partner,0,0.0
3073,1670,0,0,0.285,organic,0,1.0
3074,1041,1,1,-0.121,paid_search,0,1.0
3075,3293,0,1,-1.596,paid_search,0,0.0
3076,3712,1,1,-0.336,referral,0,0.0
3077,331,1,0,-1.954,paid_search,1,
3078,376,0,0,-0.139,organic,1,1.0
3079,1396,1,1,-0.311,organic,1,
3080,3233,1,1,-0.568,organic,0,1.0
3081,165,0,0,-0.039,organic,1,1.0
3082,522,1,1,0.105,organic,0,0.0
3083,1989,1,1,0.859,paid_search,1,1.0
3084,1705,1,1,-0.95,organic,0,0.0
3085,3310,0,1,-0.236,organic,0,0.0
3086,2832,1,1,-0.098,organic,0,1.0
3087,319,0,0,-2.125,partner,0,0.0
3088,3284,0,1,-2.096,organic,0,0.0
3089,2686,0,0,0.378,organic,1,0.0
3090,2370,0,0,0.599,referral,0,0.0
3091,2017,0,0,2.268,paid_search,0,0.0
3092,1802,1,1,-1.413,paid_search,0,0.0
3093,844,0,0,0.747,referral,0,0.0
3094,844,0,0,1.273,organic,0,0.0
3095,1640,1,1,0.458,paid_search,0,0.0
3096,3576,0,0,-0.025,paid_search,0,0.0
3097,2469,1,1,-1.45,organic,0,0.0
3098,2187,0,0,0.093,organic,0,0.0
3099,2733,1,1,-0.113,paid_search,0,0.0
3100,905,1,1,0.199,organic,0,
3101,351,1,1,1.136,paid_search,0,1.0
3102,2360,1,1,1.042,referral,0,1.0
3103,2144,1,1,-0.225,paid_search,1,
3104,4146,1,1,-0.862,paid_search,0,1.0
3105,1033,1,1,-0.991,referral,0,0.0
3106,1564,0,1,1.24,paid_search,0,1.0
3107,3030,1,1,-0.139,referral,0,0.0
3108,3360,1,1,0.202,organic,0,0.0
3109,3075,0,0,0.311,referral,0,1.0
3110,2627,0,0,-0.46,organic,1,0.0
3111,340,0,0,0.117,paid_search,0,0.0
3112,1293,0,0,-0.453,organic,0,0.0
3113,2948,0,0,0.758,organic,0,0.0
3114,3005,0,0,0.876,paid_search,1,1.0
3115,2036,0,0,1.065,organic,0,0.0
3116,2560,0,0,-0.256,paid_search,0,1.0
3117,2508,0,0,-1.451,referral,1,0.0
3118,3101,0,0,-0.15,paid_search,0,0.0
3119,1562,1,1,-1.789,referral,0,
3120,130,0,0,-0.332,paid_search,1,0.0
3121,2104,1,0,0.46,organic,0,0.0
3122,2011,0,0,0.324,referral,0,1.0
3123,2372,1,1,0.579,paid_search,0,1.0
3124,3862,0,0,0.665,referral,0,1.0
3125,2412,0,0,-0.079,paid_search,0,0.0
3126,726,0,0,-0.319,organic,0,0.0
3127,627,0,0,-1.292,referral,1,0.0
3128,3848,0,0,1.285,referral,1,1.0
3129,3446,1,1,0.803,organic,0,0.0
3130,2682,1,1,1.288,paid_search,0,0.0
3131,1623,0,0,0.431,paid_search,0,1.0
3132,370,0,0,-0.483,organic,1,0.0
3133,1731,1,1,0.151,paid_search,0,0.0
3134,1533,1,1,-1.357,referral,0,1.0
3135,3212,1,1,1.098,partner,0,0.0
3136,2699,1,1,-0.154,referral,0,
3137,2244,1,0,0.448,paid_search,0,0.0
3138,811,1,1,-0.047,paid_search,0,0.0
3139,3434,0,1,-1.181,paid_search,0,0.0
3140,1828,1,1,-0.833,organic,0,0.0
3141,4140,1,1,0.069,organic,0,1.0
3142,2574,0,0,0.622,referral,0,1.0
3143,2679,0,0,-0.117,organic,1,0.0
3144,1407,1,1,-0.618,organic,0,0.0
3145,2681,0,0,-2.155,referral,0,0.0
3146,784,0,0,3.556,referral,0,1.0
3147,1071,1,1,0.296,referral,0,1.0
3148,3894,0,0,0.56,organic,0,0.0
3149,3431,0,0,0.171,organic,1,0.0
3150,329,0,0,-1.368,organic,0,0.0
3151,1183,1,1,-0.276,partner,0,1.0
3152,2951,1,1,-0.479,referral,0,1.0
3153,1803,0,0,-0.835,organic,0,0.0
3154,3518,0,0,0.493,referral,1,1.0
3155,526,0,0,1.76,paid_search,0,1.0
3156,2162,0,0,0.576,partner,0,0.0
3157,563,0,0,-0.161,referral,1,1.0
3158,1572,1,1,-1.07,referral,0,0.0
3159,3676,0,0,-0.161,paid_search,0,0.0
3160,3217,1,1,-2.398,paid_search,0,0.0
3161,424,1,0,1.929,paid_search,0,0.0
3162,3176,1,1,-0.746,paid_search,0,0.0
3163,3266,1,1,-1.407,partner,0,
3164,1674,1,1,0.055,referral,0,1.0
3165,1406,0,0,-0.591,organic,1,0.0
3166,953,1,1,0.374,organic,0,0.0
3167,1900,1,0,0.152,organic,0,1.0
3168,2406,1,1,0.039,organic,0,0.0
3169,458,0,0,-0.405,paid_search,0,0.0
3170,3796,1,1,-0.918,partner,0,0.0
3171,1834,1,1,1.007,organic,0,
3172,3921,1,1,1.005,organic,0,1.0
3173,1867,0,0,-0.845,organic,0,1.0
3174,4016,0,0,-0.505,referral,0,1.0
3175,3657,0,1,0.577,organic,0,0.0
3176,3321,0,0,0.614,organic,0,1.0
3177,3687,1,1,1.082,referral,0,1.0
3178,2453,1,1,-0.987,referral,0,0.0
3179,1052,0,0,0.018,partner,0,0.0
3180,3400,0,0,-1.101,organic,0,0.0
3181,3053,0,0,0.185,organic,0,
3182,42,0,0,-1.177,referral,0,0.0
3183,4073,0,0,-0.943,referral,0,0.0
3184,1450,1,1,0.089,organic,0,0.0
3185,4009,0,0,-0.073,organic,1,0.0
3186,2406,1,1,-0.408,organic,0,0.0
3187,2122,0,0,0.328,referral,1,0.0
3188,2277,0,0,-0.791,organic,1,0.0
3189,105,1,1,-1.091,organic,0,
3190,3969,0,0,0.565,paid_search,0,0.0
3191,434,1,1,-1.523,referral,0,0.0
3192,2874,1,1,-0.749,organic,0,1.0
3193,3377,1,1,0.238,organic,0,0.0
3194,270,1,1,-1.204,paid_search,0,1.0
3195,35,0,0,1.571,organic,0,1.0
3196,3180,1,1,-0.135,paid_search,1,0.0
3197,1320,1,1,-0.251,referral,0,0.0
3198,2682,1,1,0.927,partner,0,1.0
3199,1697,1,0,-0.113,paid_search,1,0.0
3200,3556,1,1,-0.189,referral,0,0.0
3201,4047,1,1,-1.865,referral,0,
3202,1753,0,0,0.453,referral,0,1.0
3203,3032,1,1,1.523,paid_search,0,0.0
3204,1715,0,0,1.145,organic,0,0.0
3205,4059,1,1,0.361,paid_search,1,0.0
3206,750,0,0,-0.154,organic,1,
3207,2436,0,0,0.598,organic,0,0.0
3208,1583,0,0,-1.814,referral,1,1.0
3209,1852,0,1,-0.537,paid_search,0,0.0
3210,1216,1,1,-0.977,paid_search,1,1.0
3211,2529,0,0,2.154,organic,0,1.0
3212,1841,0,0,-0.822,organic,0,0.0
3213,3514,0,0,0.042,organic,0,0.0
3214,1026,1,1,0.352,organic,0,1.0
3215,3391,0,0,0.416,paid_search,0,1.0
3216,2534,0,0,-0.898,organic,0,1.0
3217,1753,1,1,0.21,organic,0,1.0
3218,1365,1,1,-1.274,paid_search,0,1.0
3219,3511,0,0,-0.193,organic,1,0.0
3220,292,0,0,1.711,organic,0,1.0
3221,441,0,0,0.272,referral,1,1.0
3222,2044,0,0,0.013,organic,1,0.0
3223,1231,1,1,0.437,referral,0,
3224,429,1,1,0.568,organic,0,1.0
3225,3769,0,0,0.91,organic,0,1.0
3226,371,0,0,1.881,organic,0,1.0
3227,224,0,0,0.882,organic,1,
3228,210,1,1,0.842,partner,0,0.0
3229,1296,1,1,0.544,paid_search,0,1.0
3230,2875,1,1,-0.384,referral,1,1.0
3231,3526,0,0,0.808,organic,0,1.0
3232,2514,1,0,-0.276,paid_search,1,0.0
3233,2432,1,1,0.714,paid_search,0,1.0
3234,3002,0,0,-0.595,paid_search,0,0.0
3235,1038,1,1,0.389,organic,1,
3236,1226,0,0,-0.593,partner,0,0.0
3237,253,0,0,0.331,paid_search,0,0.0
3238,4214,0,0,-0.876,referral,1,0.0
3239,17,1,1,-0.462,organic,1,
3240,1835,0,0,1.037,organic,0,0.0
3241,2062,1,1,0.017,organic,0,1.0
3242,1095,0,0,1.073,organic,0,1.0
3243,3017,0,1,-0.246,organic,1,1.0
3244,2585,1,1,0.357,organic,0,1.0
3245,1209,1,1,-1.035,paid_search,0,
3246,793,0,0,-0.13,organic,0,1.0
3247,795,0,0,0.07,referral,0,0.0
3248,454,0,0,-1.238,paid_search,0,0.0
3249,3575,0,0,-1.245,organic,0,1.0
3250,2353,0,0,-0.605,paid_search,1,0.0
3251,1867,0,0,0.078,paid_search,0,0.0
3252,2627,0,0,-0.64,organic,0,0.0
3253,1899,1,1,-0.463,referral,0,
3254,788,0,0,1.633,referral,0,1.0
3255,2844,0,0,0.457,organic,0,1.0
3256,566,1,1,0.291,referral,0,1.0
3257,2075,1,1,-0.512,paid_search,0,0.0
3258,2626,0,0,-1.024,paid_search,1,0.0
3259,1837,1,1,2.004,paid_search,0,1.0
3260,1734,0,0,0.08,paid_search,0,1.0
3261,3708,0,0,-0.077,organic,0,0.0
3262,4278,1,1,1.679,paid_search,1,1.0
3263,3697,0,0,0.583,partner,0,0.0
3264,3315,0,0,0.69,partner,0,1.0
3265,4096,0,0,-1.718,paid_search,0,0.0
3266,4008,0,0,0.334,organic,1,1.0
3267,976,1,1,0.301,referral,0,
3268,972,0,0,1.105,paid_search,0,1.0
3269,820,1,1,0.689,organic,1,1.0
3270,4039,0,0,0.15,partner,1,1.0
3271,71,0,0,-0.289,paid_search,0,1.0
3272,1426,0,0,0.398,referral,0,1.0
3273,2818,0,0,-1.158,paid_search,0,0.0
3274,3123,1,1,-1.563,referral,1,0.0
3275,3759,0,0,-0.949,organic,1,
3276,1324,1,1,0.629,organic,0,1.0
3277,3386,0,0,-0.662,referral,0,0.0
3278,1865,1,1,0.019,referral,0,0.0
3279,2867,1,1,-0.072,organic,0,1.0
3280,3204,0,0,-0.136,paid_search,0,1.0
3281,2472,1,1,1.062,organic,0,0.0
3282,1411,1,1,-1.154,partner,0,0.0
3283,832,0,0,-0.53,organic,0,1.0
3284,3258,0,0,-1.036,organic,1,0.0
3285,598,0,0,1.161,organic,0,1.0
3286,1102,1,0,0.499,organic,0,1.0
3287,2292,0,0,-0.006,paid_search,0,1.0
3288,2696,1,1,-1.5,referral,0,1.0
3289,638,0,0,-0.297,paid_search,1,0.0
3290,2332,0,0,-0.234,partner,0,0.0
3291,1936,0,0,0.694,paid_search,0,0.0
3292,2631,0,0,1.391,organic,0,1.0
3293,339,1,1,1.829,paid_search,0,1.0
3294,3583,1,1,-0.024,paid_search,0,0.0
3295,238,1,1,-0.808,organic,0,0.0
3296,1721,1,1,0.074,referral,0,0.0
3297,4135,1,0,-0.724,referral,0,0.0
3298,355,0,0,0.77,partner,0,1.0
3299,4124,0,0,0.549,partner,1,1.0
3300,2126,1,1,2.343,referral,0,1.0
3301,2678,1,1,1.409,organic,1,0.0
3302,1950,1,0,-0.619,referral,0,0.0
3303,88,1,1,-0.214,organic,0,0.0
3304,733,0,0,-0.41,paid_search,0,0.0
3305,1873,0,0,0.648,paid_search,0,0.0
3306,2686,0,0,0.732,referral,0,1.0
3307,2259,0,0,0.685,paid_search,0,0.0
3308,2518,1,1,2.099,organic,0,0.0
3309,1928,1,1,1.561,partner,0,
3310,3095,1,1,-1.714,referral,0,0.0
3311,1366,0,0,-0.551,organic,1,1.0
3312,4278,1,0,0.606,paid_search,0,0.0
3313,1127,1,1,-1.656,referral,0,0.0
3314,3475,0,0,-0.308,organic,1,0.0
3315,358,0,0,-0.688,referral,1,0.0
3316,4109,0,0,-1.46,organic,0,0.0
3317,3841,1,1,-0.498,organic,0,0.0
3318,2950,0,0,-0.779,organic,0,0.0
3319,2343,1,1,1.308,paid_search,0,0.0
3320,4220,0,0,-0.033,paid_search,0,0.0
3321,335,1,1,-1.237,paid_search,1,1.0
3322,3646,1,1,1.102,organic,1,1.0
3323,1403,1,0,0.314,organic,0,0.0
3324,1638,1,1,0.363,organic,0,0.0
3325,257,1,1,-1.003,paid_search,1,1.0
3326,2512,1,0,-0.471,paid_search,0,0.0
3327,358,1,1,-1.818,organic,1,1.0
3328,408,1,1,-1.954,referral,0,1.0
3329,245,1,1,-0.615,partner,0,
3330,3362,1,0,1.59,referral,0,
3331,2039,1,1,0.324,paid_search,0,
3332,933,0,0,0.183,paid_search,1,1.0
3333,3381,1,1,1.312,organic,0,1.0
3334,2022,1,1,-3.004,referral,0,0.0
3335,3831,1,1,1.042,organic,1,1.0
3336,4161,1,1,-0.327,paid_search,1,0.0
3337,1555,1,1,0.433,partner,0,
3338,2716,0,0,-0.502,referral,0,0.0
3339,1488,1,1,1.368,organic,1,1.0
3340,2992,1,0,0.771,referral,0,0.0
3341,1005,1,0,1.553,paid_search,0,0.0
3342,3518,1,1,0.6,organic,0,0.0
3343,221,0,1,1.238,organic,0,1.0
3344,1588,1,1,-0.392,paid_search,0,
3345,1432,0,0,-0.65,paid_search,1,0.0
3346,2976,0,0,0.82,referral,1,
3347,2152,1,1,1.249,paid_search,0,1.0
3348,3650,1,1,-0.733,organic,0,0.0
3349,3443,0,0,0.364,referral,0,1.0
3350,2692,1,1,1.019,referral,0,1.0
3351,2517,0,0,-0.38,referral,0,1.0
3352,1756,1,1,-0.17,organic,0,0.0
3353,3055,0,0,-0.002,organic,1,0.0
3354,3514,0,0,1.435,partner,1,0.0
3355,4144,1,1,0.019,organic,0,1.0
3356,1190,0,0,-0.333,referral,0,1.0
3357,610,1,1,0.115,organic,0,0.0
3358,495,1,1,0.05,paid_search,0,1.0
3359,3330,1,1,0.92,paid_search,0,
3360,2040,1,0,1.182,partner,0,1.0
3361,2206,0,0,1.177,organic,0,0.0
3362,3361,1,0,-0.541,paid_search,0,0.0
3363,1454,1,1,-1.035,referral,0,1.0
3364,1476,1,0,0.656,referral,0,0.0
3365,748,0,0,1.787,organic,0,0.0
3366,1586,0,0,-0.249,paid_search,0,0.0
3367,1229,1,1,0.751,referral,0,
3368,2063,1,1,-0.474,organic,0,1.0
3369,2381,0,0,1.445,organic,0,0.0
3370,863,0,0,0.585,referral,0,0.0
3371,1835,0,0,-0.201,referral,0,0.0
3372,2293,1,0,0.169,organic,0,1.0
3373,644,0,0,-0.029,organic,0,0.0
3374,2799,1,1,1.017,referral,0,
3375,498,0,0,0.467,organic,0,1.0
3376,1314,1,1,-1.126,organic,0,0.0
3377,4025,0,0,-2.008,organic,0,0.0
3378,94,1,1,-0.421,organic,0,
3379,1996,0,0,-0.772,organic,0,1.0
3380,2917,0,0,0.91,organic,0,1.0
3381,2365,0,0,-0.727,partner,0,0.0
3382,2342,1,1,0.624,organic,1,0.0
3383,2489,1,1,1.797,paid_search,0,1.0
3384,885,0,0,0.441,organic,0,1.0
3385,4086,0,0,0.707,organic,0,
3386,3299,1,1,0.188,organic,0,
3387,3078,1,1,0.528,referral,0,1.0
3388,706,0,0,0.018,organic,0,
3389,2641,0,0,-0.94,partner,0,0.0
3390,3712,0,0,2.128,referral,0,1.0
3391,2706,1,1,-1.522,organic,0,1.0
3392,76,1,1,-0.963,paid_search,0,0.0
3393,1811,0,0,-0.059,paid_search,1,0.0
3394,4279,1,1,-0.473,paid_search,0,1.0
3395,2375,1,1,0.26,organic,0,0.0
3396,4164,1,1,0.019,organic,0,1.0
3397,2847,1,1,-0.724,organic,0,0.0
3398,791,1,1,-1.003,organic,0,1.0
3399,61,1,1,0.051,organic,0,
3400,436,0,0,0.991,paid_search,0,1.0
3401,3180,1,0,-0.092,organic,0,1.0
3402,3876,0,0,-0.339,referral,0,0.0
3403,1135,0,0,0.211,organic,0,1.0
3404,1676,1,1,-0.317,organic,0,0.0
3405,1196,0,0,1.356,organic,0,0.0
3406,3337,0,0,0.832,paid_search,0,0.0
3407,1105,1,1,0.582,referral,0,0.0
3408,3719,1,1,-0.139,organic,0,0.0
3409,1580,0,0,-0.005,referral,0,0.0
3410,2780,0,0,0.628,organic,0,0.0
3411,3486,0,0,-0.364,paid_search,0,1.0
3412,2053,0,1,0.208,paid_search,1,0.0
3413,154,1,1,0.359,organic,0,0.0
3414,1444,1,1,-0.314,organic,0,1.0
3415,676,0,0,-0.101,organic,0,1.0
3416,2132,0,0,0.398,organic,0,0.0
3417,820,0,0,0.055,referral,0,0.0
3418,402,0,0,-0.023,paid_search,1,0.0
3419,1601,0,0,0.693,referral,0,0.0
3420,1749,0,0,1.269,organic,0,1.0
3421,1253,1,1,-0.977,paid_search,0,
3422,640,0,0,-0.221,organic,0,0.0
3423,2191,1,1,0.775,organic,0,
3424,596,0,0,2.529,referral,0,0.0
3425,2997,1,0,-0.22,paid_search,0,1.0
3426,3259,0,0,-1.272,organic,0,
3427,3419,0,0,0.396,organic,1,0.0
3428,1968,1,1,-0.061,paid_search,0,0.0
3429,831,0,0,1.669,referral,0,1.0
3430,1181,1,1,1.849,partner,0,0.0
3431,1196,1,1,0.661,organic,0,1.0
3432,3036,1,1,0.775,partner,0,1.0
3433,2408,1,1,1.159,paid_search,0,1.0
3434,3714,0,0,1.382,organic,0,0.0
3435,3100,0,0,0.013,organic,0,0.0
3436,2597,0,0,-0.38,paid_search,0,1.0
3437,354,0,0,0.215,referral,0,1.0
3438,2821,0,0,1.144,paid_search,1,1.0
3439,898,1,1,-0.198,organic,0,0.0
3440,972,1,0,-0.295,referral,0,0.0
3441,2994,1,1,0.14,organic,0,0.0
3442,1769,0,0,-1.154,referral,1,0.0
3443,2749,1,1,0.003,organic,0,
3444,3375,0,0,-0.825,organic,0,0.0
3445,2548,0,0,-0.353,organic,1,0.0
3446,2424,0,0,-1.088,referral,1,0.0
3447,2416,0,0,-0.488,organic,0,0.0
3448,228,0,0,0.54,referral,0,0.0
3449,1378,0,0,-0.638,referral,0,0.0
3450,616,0,0,-1.122,organic,0,0.0
3451,3983,1,1,0.839,paid_search,0,0.0
3452,2422,1,1,-2.26,referral,0,0.0
3453,497,1,1,-0.333,paid_search,0,
3454,2118,1,1,-0.414,paid_search,0,1.0
3455,3077,1,1,-0.83,organic,0,0.0
3456,3124,1,1,-1.546,paid_search,0,1.0
3457,1359,1,1,-2.336,organic,0,
3458,2934,0,1,0.63,paid_search,0,0.0
3459,3451,1,1,0.873,organic,0,0.0
3460,3037,1,1,0.799,organic,1,0.0
3461,82,0,0,0.376,referral,0,0.0
3462,1651,0,0,0.852,organic,0,1.0
3463,2923,1,1,-0.395,organic,0,1.0
3464,3740,1,1,-0.297,paid_search,0,0.0
3465,1426,0,0,0.239,partner,1,0.0
3466,3714,0,0,-0.042,organic,0,0.0
3467,4202,1,1,-0.462,paid_search,1,1.0
3468,555,0,0,-1.728,paid_search,0,0.0
3469,1421,0,0,0.361,paid_search,0,1.0
3470,2264,0,0,-0.237,organic,0,0.0
3471,405,1,1,-0.501,referral,0,1.0
3472,2829,0,0,0.509,paid_search,0,1.0
3473,1639,1,0,-0.499,referral,1,0.0
3474,3235,0,0,1.989,referral,1,1.0
3475,976,1,0,-0.203,paid_search,1,0.0
3476,3204,0,0,-0.422,organic,1,0.0
3477,3561,0,0,1.521,referral,1,1.0
3478,3474,1,1,-0.539,organic,0,0.0
3479,102,1,1,-0.858,organic,0,1.0
3480,2938,1,0,1.31,referral,0,
3481,731,1,1,0.453,organic,0,
3482,2732,0,0,-0.818,referral,0,0.0
3483,3220,0,0,-0.433,paid_search,0,0.0
3484,4046,1,1,-0.844,referral,1,0.0
3485,634,1,0,0.072,referral,0,1.0
3486,584,0,0,-0.587,referral,0,0.0
3487,1842,0,0,-0.42,paid_search,0,0.0
3488,1209,1,1,-0.064,partner,1,1.0
3489,2684,1,1,-0.058,organic,0,1.0
3490,2922,1,1,-1.007,paid_search,0,
3491,1966,0,0,0.056,organic,0,0.0
3492,2284,1,1,-2.295,referral,0,0.0
3493,2786,1,1,0.557,organic,0,0.0
3494,1477,0,0,-0.409,organic,1,0.0
3495,2575,0,0,-1.248,organic,1,0.0
3496,1898,0,0,-0.531,organic,0,
3497,3452,1,1,0.092,organic,0,0.0
3498,1372,0,0,-0.25,organic,1,0.0
3499,1023,0,0,-0.379,organic,0,1.0
3500,1113,1,1,0.62,referral,0,0.0
3501,4010,1,1,0.366,organic,0,0.0
3502,971,0,0,-0.263,referral,0,1.0
3503,2368,1,1,0.937,organic,0,1.0
3504,2867,1,1,-0.92,paid_search,0,0.0
3505,4115,1,0,1.248,organic,1,1.0
3506,1824,0,0,1.141,referral,0,1.0
3507,960,1,0,-1.159,organic,0,0.0
3508,278,0,0,-0.994,paid_search,0,0.0
3509,3685,0,0,0.486,organic,0,1.0
3510,606,1,1,-0.295,organic,0,1.0
3511,3435,1,0,-0.245,paid_search,1,0.0
3512,1507,1,1,0.524,referral,0,
3513,11,1,1,-2.168,referral,0,0.0
3514,360,1,1,0.029,paid_search,0,1.0
3515,566,1,1,-0.326,organic,0,1.0
3516,3359,0,1,-0.685,organic,0,0.0
3517,1539,1,1,0.415,paid_search,0,1.0
3518,4072,0,0,0.098,referral,0,1.0
3519,66,1,1,1.336,referral,0,0.0
3520,1390,1,1,0.88,paid_search,0,
3521,1935,0,1,0.164,organic,0,1.0
3522,2472,1,0,-1.286,organic,0,0.0
3523,4099,1,0,1.254,organic,0,0.0
3524,3013,0,0,0.476,referral,0,1.0
3525,2996,1,0,1.563,referral,0,0.0
3526,4170,0,0,0.684,referral,1,1.0
3527,677,0,0,0.51,organic,1,1.0
3528,2370,0,0,0.708,paid_search,0,1.0
3529,4128,0,0,0.125,referral,0,0.0
3530,3040,1,1,-0.099,referral,0,0.0
3531,2983,0,0,-1.133,organic,0,0.0
3532,3264,0,0,0.328,organic,0,0.0
3533,3862,1,1,1.13,referral,0,1.0
3534,2236,0,0,-0.586,partner,0,0.0
3535,3819,1,0,-0.626,organic,1,1.0
3536,3809,1,0,-1.278,organic,0,
3537,1649,1,1,-0.712,organic,0,1.0
3538,4100,1,0,0.311,paid_search,0,0.0
3539,2544,1,1,0.826,referral,0,1.0
3540,488,0,0,-0.376,organic,0,0.0
3541,3447,0,0,1.507,paid_search,0,0.0
3542,1524,1,1,0.445,organic,0,1.0
3543,866,1,1,0.744,organic,0,0.0
3544,2848,0,0,0.057,referral,0,1.0
3545,460,1,1,-0.912,paid_search,1,
3546,1237,1,1,0.716,referral,1,1.0
3547,2317,0,0,-1.293,referral,0,0.0
3548,3595,0,0,0.699,paid_search,1,1.0
3549,2443,0,0,0.485,organic,0,1.0
3550,210,1,0,0.035,organic,0,0.0
3551,3248,0,0,0.667,partner,0,0.0
3552,2923,1,1,-0.116,organic,0,0.0
3553,2392,0,0,-1.176,organic,0,0.0
3554,1741,0,0,-1.219,paid_search,1,0.0
3555,283,1,0,0.859,paid_search,1,
3556,3440,1,1,-0.683,organic,0,1.0
3557,4101,1,1,-0.672,referral,0,0.0
3558,2447,1,0,0.101,paid_search,1,0.0
3559,3622,1,1,0.416,organic,0,1.0
3560,3338,0,0,-0.377,organic,0,0.0
3561,791,0,0,-1.813,referral,1,0.0
3562,2298,0,0,-0.538,organic,0,0.0
3563,3215,0,0,-0.353,organic,0,1.0
3564,3998,0,0,1.568,referral,0,1.0
3565,1429,0,1,-0.452,referral,0,1.0
3566,2441,1,1,0.079,paid_search,0,0.0
3567,4073,1,1,0.155,paid_search,0,
3568,1198,0,0,-0.293,referral,0,1.0
3569,1678,1,1,-0.543,paid_search,0,1.0
3570,2820,1,1,1.103,organic,0,0.0
3571,408,0,0,-0.589,referral,0,0.0
3572,1993,0,0,-0.524,paid_search,0,0.0
3573,973,0,0,-0.371,referral,0,0.0
3574,1541,1,0,-0.167,referral,0,
3575,1555,1,0,-2.645,organic,0,
3576,453,0,0,0.431,referral,0,1.0
3577,2235,1,1,0.59,paid_search,0,1.0
3578,2475,1,1,-1.231,paid_search,1,0.0
3579,3499,1,0,0.747,referral,0,0.0
3580,4291,1,1,-0.215,referral,0,0.0
3581,429,1,0,0.433,partner,0,1.0
3582,531,0,0,0.177,paid_search,1,1.0
3583,1500,1,1,0.011,organic,0,1.0
3584,3513,0,0,-2.14,referral,1,0.0
3585,2623,0,0,-1.258,organic,1,0.0
3586,1795,1,0,1.221,partner,0,1.0
3587,408,1,1,-1.182,organic,0,
3588,2717,0,0,-0.279,referral,0,0.0
3589,2073,0,0,-0.781,organic,0,0.0
3590,2035,0,0,0.205,paid_search,0,0.0
3591,756,1,1,0.052,paid_search,0,0.0
3592,948,0,0,0.249,organic,1,0.0
3593,1029,0,0,-0.806,referral,0,
3594,2878,0,0,-0.122,partner,0,0.0
3595,1631,1,1,0.311,organic,0,0.0
3596,2611,0,0,-0.788,organic,1,0.0
3597,2659,0,0,1.074,paid_search,0,1.0
3598,1854,0,0,-0.51,organic,0,0.0
3599,892,0,0,-0.729,paid_search,0,0.0
3600,3548,1,1,-0.38,partner,0,1.0
3601,3689,1,1,1.74,referral,1,1.0
3602,3871,0,0,0.113,organic,0,0.0
3603,602,1,1,0.196,referral,0,
3604,3870,1,1,0.092,organic,0,0.0
3605,272,0,0,-0.867,organic,1,0.0
3606,2881,0,0,-0.159,organic,0,0.0
3607,3370,0,0,-0.344,organic,0,1.0
3608,3694,1,1,1.268,partner,0,1.0
3609,854,0,0,-1.024,paid_search,1,0.0
3610,816,0,0,1.403,organic,0,1.0
3611,1359,0,0,0.816,organic,1,0.0
3612,2507,1,0,0.319,organic,0,1.0
3613,2486,1,0,-1.015,referral,1,0.0
3614,818,0,0,0.843,partner,0,0.0
3615,2889,1,1,0.427,organic,0,1.0
3616,3518,0,0,0.583,organic,1,0.0
3617,694,1,1,0.975,referral,0,0.0
3618,1678,0,0,-1.622,paid_search,0,0.0
3619,2452,0,0,-0.07,paid_search,0,
3620,1493,0,0,-0.077,organic,1,
3621,1241,1,1,-0.613,organic,1,1.0
3622,976,1,1,-0.073,partner,0,
3623,2125,0,0,-1.204,organic,1,0.0
3624,304,0,0,1.918,organic,1,0.0
3625,1821,0,1,1.361,partner,1,
3626,243,1,1,-1.414,partner,0,
3627,2365,1,1,1.165,paid_search,0,0.0
3628,1581,1,1,-0.317,paid_search,0,0.0
3629,3668,1,1,-0.47,partner,1,
3630,2127,0,0,0.375,partner,0,0.0
3631,1525,0,0,0.707,paid_search,1,
3632,2219,0,0,1.3,paid_search,1,0.0
3633,1721,1,1,0.224,organic,0,0.0
3634,894,1,1,-0.134,paid_search,0,
3635,642,1,0,-0.075,organic,0,0.0
3636,2798,0,0,0.762,referral,0,1.0
3637,1770,0,0,-0.043,paid_search,0,0.0
3638,889,0,0,0.145,referral,0,
3639,4201,1,1,-0.258,partner,0,0.0
3640,2779,0,0,0.35,organic,0,0.0
3641,2150,1,1,0.039,referral,0,0.0
3642,3108,0,0,1.119,paid_search,1,1.0
3643,4186,1,0,-0.473,organic,1,1.0
3644,779,1,1,-0.551,referral,0,1.0
3645,445,0,0,-0.516,organic,0,0.0
3646,3850,1,1,0.804,organic,0,0.0
3647,4062,1,1,-1.001,paid_search,0,0.0
3648,2323,1,0,1.148,organic,0,0.0
3649,2610,1,1,-2.1,organic,0,0.0
3650,828,0,0,1.442,organic,0,
3651,1081,0,0,-0.234,organic,0,
3652,2331,1,1,-0.336,organic,0,
3653,1754,1,1,-0.917,organic,0,0.0
3654,4182,1,1,-0.197,organic,0,0.0
3655,1175,1,1,0.963,paid_search,0,1.0
3656,3223,1,0,2.102,paid_search,0,0.0
3657,1698,0,0,1.107,paid_search,0,
3658,3687,1,1,-1.196,organic,0,0.0
3659,670,0,0,2.471,organic,0,1.0
3660,729,0,0,-1.13,organic,1,0.0
3661,2794,1,1,0.123,organic,0,0.0
3662,3436,1,1,0.701,organic,0,
3663,2762,1,1,-0.75,organic,0,1.0
3664,4270,0,0,0.099,paid_search,0,1.0
3665,3077,0,0,-0.385,paid_search,1,0.0
3666,1984,1,1,-0.346,referral,0,
3667,1691,1,1,0.395,organic,0,1.0
3668,2996,1,1,-0.181,organic,0,1.0
3669,2619,1,1,0.525,referral,0,
3670,1859,0,0,-0.459,referral,0,0.0
3671,2170,1,1,-0.22,organic,0,0.0
3672,1046,0,0,0.418,paid_search,1,0.0
3673,3249,1,1,0.906,organic,0,1.0
3674,1808,0,0,0.082,organic,1,1.0
3675,2229,1,1,-0.656,referral,1,1.0
3676,4063,1,1,-0.841,organic,0,1.0
3677,1135,1,1,0.765,paid_search,0,0.0
3678,49,0,0,0.219,organic,1,0.0
3679,3227,0,0,-0.256,paid_search,0,0.0
3680,2902,1,1,-1.049,organic,0,0.0
3681,2344,1,1,0.813,paid_search,0,0.0
3682,2552,1,1,-0.127,organic,0,0.0
3683,875,1,0,0.875,referral,0,0.0
3684,1681,0,0,-0.011,paid_search,1,0.0
3685,1804,1,1,-0.835,paid_search,0,0.0
3686,3958,1,1,-0.283,partner,0,0.0
3687,3426,0,0,0.044,partner,0,0.0
3688,4230,1,1,-0.261,paid_search,0,0.0
3689,3638,0,0,-1.901,referral,1,0.0
3690,1334,1,0,-2.214,paid_search,0,0.0
3691,2072,1,1,-0.463,paid_search,0,
3692,4233,1,1,-0.437,referral,1,1.0
3693,1630,0,0,-0.064,referral,0,1.0
3694,2245,0,0,0.661,organic,0,1.0
3695,628,0,0,0.07,organic,0,0.0
3696,1808,0,0,-0.605,referral,0,0.0
3697,198,0,0,-1.658,paid_search,0,1.0
3698,1658,1,1,-0.464,organic,1,1.0
3699,4099,0,0,2.116,organic,0,0.0
3700,1112,0,0,-0.434,organic,0,0.0
3701,725,1,1,-1.345,paid_search,0,0.0
3702,3812,0,0,0.498,partner,0,1.0
3703,1132,0,0,-0.679,partner,1,0.0
3704,3269,1,1,1.263,organic,0,1.0
3705,1251,1,1,0.669,referral,0,
3706,967,0,0,-1.033,referral,0,0.0
3707,1898,0,0,-1.174,partner,0,0.0
3708,3924,0,0,-0.481,organic,0,0.0
3709,872,0,0,-0.766,paid_search,1,1.0
3710,1343,0,0,0.773,paid_search,0,0.0
3711,1887,1,1,0.636,organic,0,0.0
3712,406,1,1,-1.161,organic,1,0.0
3713,9,0,1,-0.246,organic,0,1.0
3714,161,1,0,-2.189,organic,1,0.0
3715,3079,0,0,1.347,organic,0,0.0
3716,852,0,0,-1.82,paid_search,1,1.0
3717,1496,0,0,0.453,organic,1,1.0
3718,3749,0,0,0.769,paid_search,0,1.0
3719,977,1,1,1.151,paid_search,0,1.0
3720,2505,0,0,0.02,paid_search,0,0.0
3721,4059,0,1,1.936,organic,0,0.0
3722,3131,1,1,0.141,referral,0,1.0
3723,1579,1,1,-1.298,paid_search,0,0.0
3724,1741,1,1,0.23,organic,0,0.0
3725,3538,0,0,-0.041,organic,0,0.0
3726,1299,1,1,2.556,paid_search,0,0.0
3727,3672,1,1,0.236,organic,1,0.0
3728,349,1,1,2.107,paid_search,0,
3729,3870,0,1,0.982,organic,0,0.0
3730,2343,1,1,0.252,organic,0,
3731,1795,1,1,-0.798,organic,0,1.0
3732,240,0,1,2.335,organic,0,0.0
3733,189,0,0,0.566,organic,1,1.0
3734,3075,0,0,-2.656,referral,1,0.0
3735,1343,1,1,0.967,organic,0,0.0
3736,1941,1,0,1.512,referral,0,0.0
3737,4054,1,0,-0.765,organic,0,0.0
3738,2537,0,0,0.134,referral,0,1.0
3739,3291,1,1,-0.338,organic,0,0.0
3740,1646,0,0,1.347,organic,0,1.0
3741,1945,1,1,0.443,organic,0,1.0
3742,1697,1,0,-1.679,referral,0,1.0
3743,1106,1,0,1.118,partner,0,1.0
3744,2401,0,0,1.872,organic,0,0.0
3745,2382,0,0,-1.072,paid_search,0,0.0
3746,2162,0,0,1.164,partner,0,0.0
3747,354,1,1,-1.724,paid_search,1,0.0
3748,3434,0,0,-0.701,paid_search,0,0.0
3749,1426,0,0,0.407,paid_search,0,0.0
3750,3465,1,1,-0.966,referral,0,0.0
3751,3126,1,1,-1.438,organic,0,0.0
3752,4019,0,0,0.516,organic,1,0.0
3753,3467,1,1,-2.697,organic,0,
3754,1258,1,0,0.508,organic,0,0.0
3755,3076,0,0,0.625,paid_search,1,0.0
3756,854,1,0,0.639,paid_search,1,1.0
3757,383,1,0,0.877,organic,0,0.0
3758,4107,1,1,2.126,organic,1,1.0
3759,63,1,1,-0.477,organic,0,1.0
3760,4085,1,1,-0.018,partner,0,1.0
3761,1359,1,0,0.045,referral,1,0.0
3762,1765,1,1,0.089,organic,0,1.0
3763,1136,0,0,0.209,organic,1,0.0
3764,1779,1,1,1.205,paid_search,1,1.0
3765,3423,1,0,0.375,paid_search,0,0.0
3766,1117,0,0,0.449,organic,1,1.0
3767,2614,1,1,-0.225,partner,1,0.0
3768,3747,0,0,-2.966,partner,0,0.0
3769,2439,0,0,-0.042,paid_search,0,1.0
3770,745,1,1,0.579,organic,0,0.0
3771,2814,1,1,0.056,organic,0,1.0
3772,2863,0,0,1.057,organic,0,1.0
3773,2141,1,1,0.778,organic,0,
3774,2765,0,1,-1.201,paid_search,0,1.0
3775,3740,0,0,0.678,organic,0,
3776,3936,1,1,1.455,organic,0,0.0
3777,3300,1,1,1.392,organic,0,1.0
3778,1758,1,1,-0.676,referral,0,1.0
3779,3525,1,1,-0.305,organic,0,
3780,1136,0,0,0.918,organic,0,0.0
3781,256,0,0,0.203,paid_search,0,1.0
3782,953,1,1,0.034,paid_search,0,1.0
3783,3141,0,0,-1.877,organic,1,0.0
3784,3980,1,0,-0.605,referral,0,1.0
3785,1374,1,1,-0.51,partner,1,0.0
3786,3343,1,1,-0.391,referral,0,1.0
3787,3467,0,0,1.542,paid_search,0,1.0
3788,2610,0,0,-0.397,organic,0,1.0
3789,1468,1,0,0.141,organic,0,0.0
3790,3622,0,0,-1.677,organic,1,0.0
3791,1243,0,0,-0.523,organic,0,0.0
3792,3090,0,0,-0.5,partner,0,0.0
3793,2985,1,1,-0.335,organic,0,1.0
3794,3900,0,0,-1.812,paid_search,0,0.0
3795,2457,0,0,-0.847,organic,1,0.0
3796,958,0,0,0.131,partner,0,1.0
3797,196,0,0,-1.499,organic,1,0.0
3798,514,1,1,1.316,organic,0,0.0
3799,3267,1,1,-1.362,organic,0,1.0
3800,3019,0,0,-1.303,referral,0,0.0
3801,4084,1,1,-0.684,paid_search,1,0.0
3802,3892,1,1,-0.147,referral,0,1.0
3803,893,0,0,1.793,referral,0,1.0
3804,538,1,1,-0.568,paid_search,0,1.0
3805,1115,1,1,-2.047,referral,0,
3806,408,1,0,-1.195,organic,1,0.0
3807,946,1,1,-0.302,referral,1,0.0
3808,3903,0,0,-1.154,organic,0,0.0
3809,1632,0,1,0.184,organic,0,0.0
3810,689,0,0,-0.967,paid_search,1,
3811,413,0,0,0.538,partner,0,0.0
3812,643,1,1,0.378,partner,0,
3813,2633,0,0,-1.994,paid_search,0,1.0
3814,467,1,1,2.88,organic,0,
3815,2187,0,0,-1.056,organic,0,0.0
3816,3294,1,1,0.743,referral,0,1.0
3817,1288,1,1,-0.282,referral,0,0.0
3818,1673,1,0,-2.365,organic,0,0.0
3819,153,0,0,0.036,organic,0,0.0
3820,45,1,1,-0.179,paid_search,0,1.0
3821,357,0,0,0.676,paid_search,0,0.0
3822,2753,1,1,1.195,paid_search,0,0.0
3823,2972,1,1,-1.117,organic,0,
3824,3350,1,0,1.189,organic,0,0.0
3825,3248,1,1,-1.228,organic,0,1.0
3826,742,1,0,-0.248,organic,0,0.0
3827,1445,1,1,1.13,organic,0,0.0
3828,679,1,0,0.092,organic,0,1.0
3829,1411,0,0,0.707,paid_search,0,0.0
3830,332,1,1,-0.582,referral,0,1.0
3831,3212,1,0,0.0,paid_search,0,1.0
3832,1441,1,0,0.918,referral,0,0.0
3833,446,1,1,-0.162,organic,0,0.0
3834,2751,0,0,-0.289,organic,0,0.0
3835,519,0,0,0.349,referral,0,0.0
3836,3641,0,0,1.248,referral,0,1.0
3837,2020,1,1,1.307,referral,0,1.0
3838,3979,1,0,1.423,paid_search,0,0.0
3839,281,1,1,-1.766,organic,0,1.0
3840,3164,1,1,0.966,paid_search,1,0.0
3841,2295,1,1,-0.338,organic,1,
3842,3610,0,0,2.674,organic,0,1.0
3843,1879,0,0,0.496,organic,0,0.0
3844,1119,0,0,0.382,organic,0,1.0
3845,3087,1,1,1.477,referral,0,0.0
3846,3266,1,1,-0.18,paid_search,0,
3847,863,1,0,-0.201,paid_search,1,1.0
3848,3411,0,0,0.782,referral,0,0.0
3849,4043,0,0,-1.139,organic,0,0.0
3850,3736,1,0,-0.469,organic,1,0.0
3851,2169,1,1,0.273,organic,0,1.0
3852,2404,1,1,-1.067,paid_search,0,0.0
3853,2782,0,0,0.466,referral,0,
3854,2722,0,0,-0.331,referral,0,0.0
3855,3002,1,1,-0.335,organic,0,0.0
3856,171,1,1,0.249,organic,0,0.0
3857,2796,0,0,-2.204,organic,0,1.0
3858,340,1,1,0.775,organic,0,
3859,1644,1,1,-0.427,paid_search,0,0.0
3860,3178,1,1,1.459,organic,0,0.0
3861,84,1,1,0.646,organic,0,0.0
3862,2649,1,0,0.13,organic,0,0.0
3863,1258,1,1,-0.289,partner,0,1.0
3864,3804,0,0,0.66,organic,0,1.0
3865,1990,0,0,1.376,organic,0,0.0
3866,3346,1,1,1.162,organic,0,0.0
3867,2242,0,0,0.836,paid_search,0,1.0
3868,4286,0,0,-1.382,organic,0,0.0
3869,488,0,0,0.549,paid_search,0,0.0
3870,3645,0,0,-0.389,paid_search,0,
3871,2418,1,1,-1.157,paid_search,1,
3872,2720,0,0,0.287,referral,0,0.0
3873,3229,1,1,-1.297,referral,1,1.0
3874,112,0,0,0.194,organic,0,0.0
3875,592,1,1,-0.039,partner,0,0.0
3876,766,0,0,2.225,organic,0,1.0
3877,1470,0,0,0.569,organic,1,0.0
3878,604,0,1,1.009,paid_search,0,1.0
3879,1335,1,1,1.515,organic,0,1.0
3880,1104,1,1,0.692,organic,1,0.0
3881,1154,0,0,1.911,referral,0,0.0
3882,146,1,1,-0.594,referral,1,1.0
3883,684,0,0,0.635,partner,1,0.0
3884,2261,0,0,-0.311,partner,0,0.0
3885,1927,1,1,-1.859,organic,1,1.0
3886,126,0,0,2.075,paid_search,0,1.0
3887,3029,1,1,-0.481,organic,0,1.0
3888,3100,0,1,-0.597,organic,0,1.0
3889,2175,1,1,-0.009,paid_search,0,0.0
3890,537,0,0,-0.66,organic,0,0.0
3891,2838,1,1,1.179,organic,0,1.0
3892,2171,1,1,1.1,paid_search,0,1.0
3893,2568,1,1,-2.45,organic,0,1.0
3894,792,0,0,-1.796,referral,0,0.0
3895,2495,1,1,-0.909,organic,1,0.0
3896,2214,1,0,-0.618,organic,0,
3897,2899,1,1,-0.821,paid_search,0,
3898,3165,0,0,0.152,referral,0,0.0
3899,2822,1,1,-1.534,organic,0,1.0
3900,3231,1,1,-1.214,organic,0,0.0
3901,873,1,1,0.941,organic,0,0.0
3902,3575,0,0,0.296,paid_search,0,
3903,4140,1,1,1.982,partner,0,1.0
3904,238,1,1,1.082,organic,1,1.0
3905,2520,0,0,-0.562,organic,0,0.0
3906,142,0,1,0.241,referral,0,1.0
3907,1298,1,1,0.223,organic,1,1.0
3908,2992,0,0,-0.389,organic,0,0.0
3909,589,1,1,0.451,organic,0,
3910,724,0,0,1.168,organic,0,1.0
3911,2333,0,0,-0.158,organic,0,0.0
3912,266,0,0,0.502,organic,1,0.0
3913,164,1,1,-0.123,organic,0,0.0
3914,1230,0,0,-1.5,referral,0,0.0
3915,3830,1,0,0.185,paid_search,0,0.0
3916,242,1,1,0.807,organic,0,1.0
3917,2684,0,0,-0.948,paid_search,0,1.0
3918,1986,1,1,-0.09,organic,1,1.0
3919,3628,0,1,-0.587,paid_search,0,0.0
3920,3329,1,0,1.351,organic,0,1.0
3921,707,1,1,0.095,paid_search,0,0.0
3922,1162,1,0,0.806,organic,0,1.0
3923,474,0,0,1.271,organic,0,1.0
3924,2275,0,1,-0.053,referral,0,0.0
3925,779,0,0,0.404,organic,1,1.0
3926,2516,1,1,-0.642,paid_search,0,
3927,194,0,0,0.495,organic,0,0.0
3928,203,1,1,0.024,organic,0,0.0
3929,3534,0,0,-0.479,referral,0,0.0
3930,966,0,0,1.128,referral,0,0.0
3931,303,1,1,1.607,organic,0,1.0
3932,3024,1,1,1.233,paid_search,0,
3933,1630,1,1,-0.405,paid_search,1,0.0
3934,2209,0,0,0.061,paid_search,0,1.0
3935,4113,0,0,1.345,paid_search,0,0.0
3936,1879,1,0,0.456,paid_search,0,0.0
3937,3063,0,0,1.141,partner,0,0.0
3938,1964,1,0,-0.127,paid_search,0,1.0
3939,2558,0,0,-0.684,paid_search,0,0.0
3940,4133,0,0,0.526,organic,0,
3941,2758,0,0,0.796,organic,0,1.0
3942,3024,1,0,0.718,organic,1,1.0
3943,3867,1,1,-0.795,organic,0,1.0
3944,654,1,1,0.521,paid_search,0,
3945,3879,0,0,-0.162,organic,1,1.0
3946,3971,0,0,-0.028,paid_search,0,1.0
3947,1738,0,0,0.06,paid_search,0,0.0
3948,2321,0,0,0.718,organic,1,0.0
3949,17,0,0,0.514,referral,0,1.0
3950,3525,1,0,0.101,organic,0,0.0
3951,2225,1,1,-0.562,paid_search,0,0.0
3952,2374,0,0,0.121,paid_search,0,0.0
3953,2951,0,0,-0.152,paid_search,0,
3954,3852,0,0,0.223,organic,0,0.0
3955,1439,0,0,0.127,referral,0,0.0
3956,3575,0,0,-0.839,referral,0,0.0
3957,3945,1,1,0.612,organic,0,0.0
3958,1598,0,0,1.44,organic,0,1.0
3959,2246,1,1,0.21,organic,0,0.0
3960,2080,1,1,-0.009,paid_search,0,1.0
3961,319,1,1,1.161,referral,0,1.0
3962,345,0,0,0.794,paid_search,0,0.0
3963,1543,0,0,-0.504,paid_search,0,0.0
3964,399,0,0,-0.161,organic,0,1.0
3965,1168,0,0,0.215,partner,0,0.0
3966,897,0,0,-0.662,organic,1,1.0
3967,1375,0,0,-0.015,paid_search,0,1.0
3968,3672,1,0,0.36,organic,0,1.0
3969,2120,1,1,0.414,organic,0,1.0
3970,653,0,0,0.831,organic,1,0.0
3971,2799,1,1,-1.119,paid_search,0,0.0
3972,2567,1,0,1.21,organic,0,1.0
3973,2062,1,0,0.612,referral,0,
3974,2712,1,1,-1.879,paid_search,1,0.0
3975,1600,1,0,0.376,organic,0,1.0
3976,3182,1,1,-0.943,referral,1,1.0
3977,3926,1,1,0.377,paid_search,0,1.0
3978,826,1,1,0.326,paid_search,0,0.0
3979,3321,1,1,0.388,referral,0,0.0
3980,3195,0,1,0.5,paid_search,0,1.0
3981,2554,1,0,-0.473,paid_search,0,0.0
3982,4018,0,0,1.12,paid_search,0,0.0
3983,3131,0,0,1.72,organic,0,1.0
3984,1413,0,0,0.098,paid_search,1,1.0
3985,1520,0,0,0.566,referral,0,0.0
3986,3071,0,0,0.517,organic,0,1.0
3987,165,1,0,-0.3,organic,0,0.0
3988,4197,0,0,0.871,organic,0,0.0
3989,845,0,1,-0.368,organic,1,0.0
3990,2590,1,1,0.422,referral,0,0.0
3991,1546,0,0,2.093,paid_search,1,1.0
3992,1238,1,1,0.388,partner,0,1.0
3993,2498,0,0,0.945,paid_search,1,1.0
3994,3041,0,0,-1.653,organic,0,0.0
3995,4169,0,0,-0.21,organic,0,0.0
3996,2661,1,1,-0.077,organic,0,0.0
3997,2272,0,0,-0.447,organic,0,1.0
3998,750,1,1,1.46,organic,0,
3999,3565,1,1,-1.216,partner,0,0.0
4000,446,0,0,1.345,organic,0,0.0
4001,337,1,1,1.374,organic,0,0.0
4002,481,1,0,1.435,partner,0,
4003,3032,0,0,-0.018,partner,0,0.0
4004,2211,1,1,1.09,organic,0,1.0
4005,976,1,1,-2.102,partner,0,0.0
4006,3200,1,1,1.165,organic,0,0.0
4007,2046,0,0,-1.08,organic,0,0.0
4008,3272,1,1,-0.507,organic,0,0.0
4009,1416,0,1,1.195,organic,0,1.0
4010,2314,1,1,0.3,organic,1,0.0
4011,4159,0,0,-0.17,referral,0,1.0
4012,163,1,1,-0.593,organic,0,
4013,1426,1,1,1.537,organic,0,1.0
4014,3951,0,0,0.135,paid_search,0,0.0
4015,2681,1,1,-0.076,organic,0,0.0
4016,1467,1,1,-1.56,organic,1,0.0
4017,1407,1,0,0.428,organic,0,1.0
4018,1351,1,1,-1.283,organic,0,0.0
4019,1765,1,1,-0.182,paid_search,0,1.0
4020,3160,1,1,-0.283,paid_search,0,0.0
4021,1112,1,1,0.354,organic,0,1.0
4022,1449,0,0,-1.31,referral,0,0.0
4023,2202,1,1,-0.008,paid_search,0,1.0
4024,1844,0,0,0.399,paid_search,0,0.0
4025,576,1,1,0.368,partner,0,0.0
4026,1388,0,0,0.14,organic,1,0.0
4027,2355,1,1,1.095,paid_search,0,1.0
4028,3628,0,0,-0.822,referral,0,0.0
4029,1985,0,0,0.345,paid_search,0,1.0
4030,1790,0,1,-1.323,paid_search,0,0.0
4031,3834,0,0,0.383,paid_search,0,1.0
4032,2685,0,0,0.48,organic,1,0.0
4033,1039,1,1,1.37,paid_search,0,0.0
4034,1041,1,1,0.22,organic,0,1.0
4035,1812,0,0,0.302,organic,1,
4036,2848,1,1,-0.094,organic,0,1.0
4037,2935,0,0,0.569,organic,0,0.0
4038,2419,0,0,-2.029,organic,0,1.0
4039,2439,1,1,-0.085,organic,0,0.0
4040,3591,0,0,0.307,partner,1,0.0
4041,3771,0,1,1.505,organic,1,1.0
4042,1843,1,1,-0.143,paid_search,0,1.0
4043,326,1,1,1.44,paid_search,0,
4044,205,1,1,-0.488,partner,0,0.0
4045,1042,1,1,-0.075,paid_search,0,
4046,1871,1,1,-2.408,partner,1,0.0
4047,1653,1,1,1.662,organic,0,1.0
4048,3037,0,0,-0.068,organic,1,0.0
4049,2751,0,1,-2.069,paid_search,0,0.0
4050,157,1,1,1.271,partner,1,1.0
4051,4224,1,1,-0.57,referral,0,0.0
4052,4084,1,1,-0.118,organic,0,1.0
4053,557,1,1,0.665,referral,0,1.0
4054,3211,1,1,0.845,referral,1,1.0
4055,319,0,0,0.698,paid_search,0,0.0
4056,3175,1,1,0.886,referral,0,1.0
4057,113,1,1,0.117,organic,0,1.0
4058,2281,0,0,-0.2,paid_search,0,1.0
4059,2302,0,0,-2.165,organic,0,0.0
4060,3069,0,0,0.016,organic,0,0.0
4061,1519,0,0,-0.534,partner,0,0.0
4062,1775,0,0,-0.303,paid_search,0,1.0
4063,971,0,0,-0.955,referral,0,0.0
4064,404,1,1,0.664,organic,0,1.0
4065,748,1,1,0.97,organic,0,1.0
4066,598,1,1,-0.083,paid_search,0,0.0
4067,3766,0,0,2.495,organic,0,0.0
4068,302,0,0,0.391,organic,0,0.0
4069,2512,1,1,-0.086,paid_search,1,1.0
4070,3909,0,0,0.744,paid_search,0,1.0
4071,4223,0,0,0.403,organic,0,0.0
4072,1606,1,0,-1.047,paid_search,0,0.0
4073,2157,1,1,1.142,referral,0,0.0
4074,191,0,0,-0.564,paid_search,0,0.0
4075,1828,1,1,0.595,organic,0,0.0
4076,610,0,0,-0.567,organic,1,0.0
4077,38,1,1,1.072,referral,0,1.0
4078,3207,1,1,-0.501,referral,0,0.0
4079,1058,0,0,1.406,referral,0,1.0
4080,3517,1,1,0.25,paid_search,0,1.0
4081,290,1,1,0.804,organic,0,1.0
4082,2104,0,1,1.215,partner,0,1.0
4083,1992,0,0,-0.878,paid_search,1,0.0
4084,4211,1,1,1.033,organic,0,1.0
4085,3400,1,1,-0.963,organic,0,1.0
4086,2979,1,1,-0.334,paid_search,0,0.0
4087,3734,0,0,-1.431,referral,0,0.0
4088,476,0,0,-0.551,organic,1,1.0
4089,2973,0,0,0.136,organic,1,0.0
4090,173,1,1,-0.7,organic,0,0.0
4091,1491,0,0,-0.227,paid_search,0,0.0
4092,318,0,0,-0.544,paid_search,0,0.0
4093,635,1,1,-1.065,paid_search,0,0.0
4094,680,0,0,-0.291,organic,1,1.0
4095,1795,0,0,-1.047,organic,1,0.0
4096,2287,0,0,1.575,paid_search,0,1.0
4097,1971,1,1,1.154,paid_search,0,1.0
4098,4148,0,0,0.906,paid_search,0,0.0
4099,1293,0,0,-0.425,paid_search,0,0.0
4100,2845,0,0,0.594,paid_search,0,0.0
4101,2021,1,1,0.94,organic,0,0.0
4102,4078,1,1,-0.125,organic,0,
4103,2395,1,1,-0.025,partner,0,0.0
4104,329,1,1,-1.954,paid_search,1,0.0
4105,1304,0,0,1.547,partner,0,1.0
4106,598,1,1,0.227,referral,0,
4107,1299,0,0,0.381,organic,1,0.0
4108,2395,1,1,-1.233,paid_search,1,0.0
4109,3365,0,0,-0.328,paid_search,0,0.0
4110,1924,1,0,-0.619,paid_search,1,
4111,632,1,0,0.222,referral,0,1.0
4112,2198,1,1,-0.903,paid_search,0,
4113,1447,0,0,-0.057,organic,1,0.0
4114,2834,0,0,-0.297,organic,1,
4115,2277,0,0,0.204,referral,0,1.0
4116,716,0,0,0.286,organic,0,1.0
4117,2326,1,1,-1.122,paid_search,1,0.0
4118,3247,0,0,1.028,organic,0,0.0
4119,925,1,1,-0.354,organic,0,0.0
4120,3813,0,0,-1.036,partner,0,0.0
4121,2584,0,1,0.279,paid_search,1,0.0
4122,1523,1,1,-1.396,referral,0,0.0
4123,1094,1,1,-0.84,organic,0,1.0
4124,583,1,1,0.031,organic,0,0.0
4125,3466,1,1,1.41,referral,0,1.0
4126,35,0,0,0.67,organic,1,0.0
4127,2613,0,0,-0.728,organic,0,0.0
4128,428,0,0,-1.892,organic,1,1.0
4129,3282,0,0,0.498,paid_search,1,0.0
4130,3232,1,1,-0.647,paid_search,0,
4131,2190,0,0,-0.691,organic,0,1.0
4132,2701,1,1,0.429,referral,0,1.0
4133,381,0,0,-0.019,referral,0,
4134,296,1,1,0.562,paid_search,0,0.0
4135,3109,1,1,0.415,organic,0,1.0
4136,2147,1,1,-0.605,organic,0,1.0
4137,1590,0,0,1.286,referral,0,0.0
4138,1217,1,1,-1.332,organic,1,0.0
4139,402,0,0,-0.937,organic,0,
4140,2227,1,1,-0.283,referral,0,1.0
4141,2933,0,1,-0.37,organic,0,0.0
4142,2348,1,1,0.429,referral,0,
4143,816,0,0,0.369,paid_search,0,0.0
4144,2919,1,1,-0.337,organic,0,0.0
4145,3940,0,0,-0.337,referral,0,0.0
4146,457,0,0,0.437,organic,0,0.0
4147,3612,0,0,0.062,referral,0,0.0
4148,2491,1,1,1.88,organic,0,1.0
4149,2710,1,1,0.685,partner,0,1.0
4150,2332,0,0,0.901,organic,1,0.0
4151,3537,1,1,0.324,paid_search,0,1.0
4152,2358,1,1,-0.652,paid_search,0,1.0
4153,4081,0,0,0.052,organic,1,
4154,1826,0,0,-0.573,partner,1,0.0
4155,1409,1,1,-0.198,organic,0,0.0
4156,9,1,0,-0.214,organic,0,0.0
4157,2364,1,0,1.357,paid_search,1,1.0
4158,140,0,0,0.402,paid_search,0,0.0
4159,3472,0,0,0.869,referral,0,1.0
4160,3261,1,1,-0.183,paid_search,0,0.0
4161,274,0,0,-0.49,organic,0,0.0
4162,2906,0,0,0.659,organic,1,0.0
4163,3251,0,0,0.102,organic,0,1.0
4164,2676,0,0,1.579,referral,0,1.0
4165,2794,1,1,-1.033,organic,1,0.0
4166,1431,1,1,-0.781,referral,0,0.0
4167,1129,0,0,-0.296,paid_search,0,0.0
4168,24,0,0,0.443,referral,0,
4169,3582,1,1,1.612,referral,0,1.0
4170,1169,0,0,-1.244,organic,0,0.0
4171,3955,0,0,-0.692,organic,1,0.0
4172,1005,1,1,1.037,organic,0,0.0
4173,1754,0,0,-1.683,paid_search,1,0.0
4174,4114,1,0,-0.003,paid_search,0,0.0
4175,2333,1,1,-0.804,referral,0,1.0
4176,1249,0,1,-0.093,paid_search,0,1.0
4177,1771,0,0,-1.331,organic,0,0.0
4178,1483,1,1,1.983,organic,0,0.0
4179,1456,0,0,2.622,organic,0,1.0
4180,4279,0,0,0.481,referral,0,0.0
4181,1428,1,1,-0.528,referral,0,0.0
4182,3775,0,0,-1.288,organic,1,0.0
4183,4003,0,0,-0.781,organic,1,0.0
4184,1496,0,0,-1.504,referral,0,0.0
4185,1511,0,0,0.642,referral,0,0.0
4186,2363,1,1,-0.851,referral,0,1.0
4187,597,0,0,0.822,referral,1,1.0
4188,370,0,0,1.938,organic,0,0.0
4189,1984,1,0,1.053,partner,0,0.0
4190,1546,0,0,-0.118,organic,0,1.0
4191,2947,0,0,0.414,organic,0,1.0
4192,1316,1,1,0.322,organic,0,0.0
4193,2482,0,0,0.515,organic,0,1.0
4194,3350,1,1,-0.269,organic,0,0.0
4195,3163,0,0,-0.716,referral,0,0.0
4196,4009,1,0,-0.99,partner,0,0.0
4197,2429,1,1,0.174,referral,0,0.0
4198,2116,1,1,1.048,referral,0,1.0
4199,270,1,1,-0.661,organic,0,1.0
4200,79,1,1,1.193,referral,0,1.0
4201,4046,1,1,1.623,organic,0,1.0
4202,1259,1,1,1.579,organic,0,1.0
4203,973,1,1,1.07,paid_search,0,1.0
4204,2766,1,1,0.256,organic,0,1.0
4205,1711,1,1,-1.053,organic,0,0.0
4206,3951,0,0,1.762,referral,0,1.0
4207,1380,0,0,1.019,referral,0,1.0
4208,269,0,0,0.007,organic,0,0.0
4209,2870,1,0,0.311,organic,0,0.0
4210,699,0,1,1.492,organic,0,0.0
4211,1666,1,1,-0.266,referral,0,1.0
4212,4161,0,0,0.126,organic,0,1.0
4213,213,0,0,-0.105,referral,0,1.0
4214,1141,0,0,0.722,paid_search,0,0.0
4215,834,0,0,-0.4,referral,0,0.0
4216,3440,0,0,1.714,paid_search,1,1.0
4217,144,1,1,1.411,organic,1,1.0
4218,3413,1,1,-0.396,paid_search,0,1.0
4219,3329,1,1,1.042,referral,1,1.0
4220,3392,1,1,-1.186,organic,0,
4221,3060,1,1,-0.686,organic,0,0.0
4222,253,1,1,-0.466,paid_search,0,0.0
4223,499,0,0,-1.484,partner,0,
4224,1757,1,0,0.036,referral,1,0.0
4225,1689,1,1,-0.129,paid_search,1,0.0
4226,1308,0,0,0.423,referral,0,1.0
4227,3867,1,1,-1.293,paid_search,0,0.0
4228,2784,0,0,-0.675,partner,0,0.0
4229,4001,0,0,-0.708,organic,0,0.0
4230,1137,0,0,-1.678,paid_search,0,0.0
4231,29,0,0,-0.495,referral,0,1.0
4232,542,0,0,-0.77,organic,0,0.0
4233,2235,0,0,-0.02,referral,0,1.0
4234,3923,0,1,1.76,referral,0,1.0
4235,2760,1,1,-1.836,organic,0,
4236,715,0,0,0.965,paid_search,0,0.0
4237,2980,1,1,0.758,organic,1,1.0
4238,3489,0,0,0.987,referral,0,1.0
4239,3742,0,0,0.765,organic,0,1.0
4240,2419,0,0,-1.989,referral,0,0.0
4241,828,1,1,-0.326,organic,0,1.0
4242,843,0,0,1.377,partner,0,0.0
4243,1307,1,1,-1.196,organic,0,0.0
4244,1945,1,1,-0.806,organic,0,1.0
4245,2286,1,0,-0.589,partner,1,1.0
4246,1217,0,0,0.267,paid_search,1,1.0
4247,3813,0,0,1.444,paid_search,0,0.0
4248,539,1,0,0.599,referral,0,1.0
4249,1780,1,1,1.519,paid_search,1,1.0
4250,1568,0,0,1.144,organic,0,1.0
4251,3765,1,1,0.334,paid_search,0,0.0
4252,2782,0,0,1.544,organic,0,1.0
4253,3144,1,1,-1.093,paid_search,0,0.0
4254,192,0,1,0.533,partner,0,1.0
4255,3963,1,1,1.688,paid_search,0,
4256,2419,1,1,-0.57,organic,1,0.0
4257,4201,1,1,2.252,paid_search,0,1.0
4258,754,0,0,1.086,partner,0,0.0
4259,2633,0,0,-0.88,organic,0,1.0
4260,301,0,0,0.389,paid_search,1,0.0
4261,1034,1,1,0.665,organic,0,1.0
4262,301,0,0,-0.709,partner,0,1.0
4263,3209,0,0,-0.247,organic,1,0.0
4264,1786,1,0,0.386,organic,0,1.0
4265,3081,0,0,-1.473,organic,1,0.0
4266,357,0,0,-0.258,organic,0,1.0
4267,28,1,1,-0.335,organic,0,1.0
4268,3916,1,0,0.981,paid_search,0,1.0
4269,4153,0,0,1.058,referral,1,1.0
4270,1237,0,0,0.66,paid_search,0,0.0
4271,2458,0,0,0.562,paid_search,0,1.0
4272,760,1,1,-1.265,paid_search,0,0.0
4273,1021,0,0,0.579,paid_search,0,
4274,2447,1,1,1.179,organic,0,0.0
4275,3356,1,1,1.083,referral,0,0.0
4276,3295,0,0,0.625,paid_search,0,1.0
4277,40,0,0,-1.389,organic,1,
4278,125,1,1,0.096,organic,0,
4279,2079,0,0,0.246,organic,0,1.0
4280,1458,1,0,-1.382,paid_search,0,0.0
4281,432,0,0,-0.071,organic,0,0.0
4282,3385,0,0,-0.381,organic,0,1.0
4283,618,0,0,-0.199,organic,0,1.0
4284,4219,0,0,-0.737,referral,1,1.0
4285,2413,0,0,-0.242,referral,0,1.0
4286,446,0,0,1.135,referral,0,1.0
4287,893,0,0,1.296,paid_search,0,1.0
4288,3995,0,0,0.184,organic,0,0.0
4289,2470,0,0,-0.658,referral,0,1.0
4290,775,0,0,-0.099,organic,0,0.0
4291,442,0,0,1.168,partner,0,0.0
4292,1566,0,0,-1.072,paid_search,0,0.0
4293,3169,0,0,-0.665,paid_search,0,0.0
4294,3540,1,0,-0.292,paid_search,1,0.0
4295,2961,0,0,-0.406,paid_search,0,
4296,2101,1,1,-1.38,organic,1,0.0
4297,408,0,0,-1.276,referral,0,0.0
4298,3193,1,1,0.102,organic,0,1.0
4299,3606,1,1,1.054,organic,0,0.0
4300,2,0,0,0.806,paid_search,1,
4301,4152,0,0,-0.015,referral,0,0.0
4302,321,0,0,-0.814,organic,1,0.0
4303,2248,1,1,-0.762,referral,0,0.0
4304,468,1,1,-0.996,organic,0,0.0
4305,3110,1,1,-1.873,referral,0,0.0
4306,1740,1,0,0.689,organic,0,
4307,581,0,0,0.658,organic,0,1.0
4308,1449,1,1,0.303,partner,0,1.0
4309,4219,0,0,-0.622,paid_search,1,0.0
4310,2072,0,0,0.103,organic,0,1.0
4311,3262,0,0,-1.381,referral,0,0.0
4312,712,0,0,0.328,organic,0,
4313,2212,0,0,-1.048,organic,0,1.0
4314,4207,0,0,0.134,organic,1,0.0
4315,130,0,0,-0.516,paid_search,0,
4316,2956,0,0,-0.137,referral,1,1.0
4317,4004,1,1,0.609,organic,0,1.0
4318,3772,0,0,0.086,organic,0,0.0
4319,2438,1,1,1.93,paid_search,0,1.0
4320,2813,1,1,-0.569,organic,0,0.0
4321,4147,0,0,1.12,referral,0,1.0
4322,2561,1,1,0.297,referral,0,0.0
4323,1063,0,0,1.731,organic,0,1.0
4324,986,0,0,0.503,partner,0,1.0
4325,3099,0,0,0.027,paid_search,1,0.0
4326,3366,1,0,1.212,organic,0,0.0
4327,3656,0,0,-0.372,referral,0,1.0
4328,2968,0,0,0.351,paid_search,1,1.0
4329,656,1,1,1.38,paid_search,0,
4330,2988,0,0,-0.661,referral,1,0.0
4331,3118,1,0,2.149,organic,0,0.0
4332,1270,0,0,0.548,organic,0,0.0
4333,3270,0,0,2.237,referral,0,1.0
4334,2854,1,1,-0.489,organic,0,0.0
4335,863,0,0,-1.497,organic,1,1.0
4336,2652,1,1,-0.507,referral,1,0.0
4337,460,1,0,1.069,partner,0,1.0
4338,1663,0,0,-1.238,paid_search,1,0.0
4339,1331,1,1,1.983,referral,0,0.0
4340,1990,0,0,0.039,organic,0,1.0
4341,795,1,1,-0.714,paid_search,0,0.0
4342,3139,1,1,-0.581,paid_search,0,1.0
4343,678,1,1,-1.516,organic,0,0.0
4344,1906,0,0,-0.736,paid_search,1,0.0
4345,1613,0,0,0.453,organic,0,0.0
4346,107,1,1,0.708,referral,0,0.0
4347,3016,1,1,-0.886,organic,1,0.0
4348,869,1,0,-0.464,paid_search,0,0.0
4349,340,0,0,0.017,referral,0,1.0
4350,2609,1,1,-0.389,paid_search,0,0.0
4351,1760,0,0,1.787,paid_search,1,1.0
4352,3393,0,0,-0.81,organic,1,0.0
4353,2373,1,1,-0.327,organic,0,
4354,3953,1,1,2.677,organic,0,
4355,1809,1,1,0.187,organic,0,0.0
4356,260,1,1,-1.536,organic,1,0.0
4357,1061,0,0,1.341,paid_search,0,0.0
4358,1823,0,0,-2.189,paid_search,0,0.0
4359,1330,1,0,0.369,paid_search,0,0.0
4360,644,1,1,0.508,paid_search,0,1.0
4361,2016,1,1,-1.069,referral,0,0.0
4362,4021,1,1,0.389,partner,1,
4363,2034,0,0,0.214,paid_search,1,1.0
4364,1912,0,0,-0.676,organic,0,0.0
4365,3696,0,0,0.131,paid_search,1,1.0
4366,1562,1,1,-1.066,organic,0,0.0
4367,3264,1,0,-0.955,organic,0,
4368,1714,1,1,-0.469,organic,0,0.0
4369,2029,1,1,-1.523,paid_search,0,1.0
4370,3240,1,1,-1.928,paid_search,1,0.0
4371,930,0,0,0.33,partner,0,0.0
4372,1519,0,0,-0.248,paid_search,0,0.0
4373,3015,0,0,1.334,organic,0,0.0
4374,2651,0,0,0.206,organic,0,0.0
4375,2601,1,0,-0.394,paid_search,1,0.0
4376,3162,0,0,-0.436,paid_search,0,0.0
4377,1841,1,1,-1.001,organic,0,
4378,92,1,1,-0.381,referral,0,1.0
4379,3570,1,1,0.075,referral,0,1.0
4380,19,1,1,-0.069,paid_search,0,0.0
4381,3316,0,0,-2.081,organic,1,0.0
4382,1468,0,0,-0.147,referral,0,
4383,3753,1,1,0.676,organic,1,0.0
4384,2066,0,0,1.437,organic,0,
4385,3862,0,0,0.893,organic,0,0.0
4386,2590,1,1,-1.914,partner,1,0.0
4387,303,1,1,-0.766,organic,0,0.0
4388,2610,1,0,-0.543,referral,0,1.0
4389,2125,0,0,0.545,paid_search,0,1.0
4390,3559,0,1,-1.291,paid_search,0,
4391,693,1,0,1.487,organic,0,0.0
4392,534,1,1,0.523,organic,0,1.0
4393,2886,0,0,-0.492,paid_search,0,0.0
4394,3462,1,1,-1.036,partner,0,0.0
4395,3605,1,1,0.023,referral,0,0.0
4396,1023,1,0,-0.963,referral,0,1.0
4397,2041,1,1,1.271,organic,0,1.0
4398,2168,1,0,1.729,referral,0,1.0
4399,1707,0,0,-0.525,referral,0,1.0
4400,764,0,1,-0.5,paid_search,0,1.0
4401,1499,1,1,0.059,referral,1,0.0
4402,3173,0,0,2.596,partner,0,0.0
4403,4156,1,1,0.468,referral,0,1.0
4404,2453,1,1,2.291,organic,0,1.0
4405,2840,1,1,2.356,paid_search,0,0.0
4406,3959,0,0,-0.312,organic,0,0.0
4407,1643,1,1,-0.183,paid_search,0,0.0
4408,2793,1,0,-0.889,referral,0,0.0
4409,602,1,1,-2.352,paid_search,0,0.0
4410,2439,1,1,-0.151,organic,0,1.0
4411,2800,0,0,-2.229,paid_search,1,0.0
4412,4108,0,0,-2.144,referral,1,0.0
4413,2149,0,0,1.098,paid_search,0,1.0
4414,357,0,0,0.432,organic,0,
4415,160,1,0,-1.491,referral,0,0.0
4416,3332,1,0,-0.952,organic,0,0.0
4417,1197,1,0,1.632,organic,1,1.0
4418,284,0,0,0.888,referral,0,1.0
4419,2261,0,1,0.035,organic,0,
4420,3846,0,0,-0.964,partner,1,0.0
4421,148,1,0,-0.053,paid_search,0,0.0
4422,2421,0,0,-1.252,organic,0,0.0
4423,4153,1,0,-0.325,organic,1,1.0
4424,2717,0,0,1.279,organic,0,0.0
4425,1108,0,0,1.19,referral,1,1.0
4426,4191,1,1,0.042,organic,0,1.0
4427,3610,1,1,-0.403,organic,1,
4428,3749,0,0,-1.614,referral,0,0.0
4429,2524,1,1,-0.41,referral,0,0.0
4430,4087,1,0,0.455,organic,0,0.0
4431,3585,1,1,-1.011,referral,0,0.0
4432,3860,0,0,0.789,referral,1,0.0
4433,50,1,1,-0.256,referral,0,1.0
4434,367,1,1,-0.077,organic,0,0.0
4435,1638,1,0,0.603,organic,0,0.0
4436,2624,1,0,1.299,organic,0,0.0
4437,2453,1,1,0.786,paid_search,1,
4438,553,0,0,0.472,partner,0,1.0
4439,1782,0,0,1.35,paid_search,0,1.0
4440,1601,1,1,0.539,paid_search,0,0.0
4441,1885,1,1,-0.847,organic,0,0.0
4442,10,1,1,-0.353,paid_search,0,1.0
4443,1302,0,0,-0.088,organic,0,1.0
4444,1244,0,0,1.197,organic,0,0.0
4445,4146,0,0,-0.098,paid_search,1,0.0
4446,958,1,1,1.338,referral,0,1.0
4447,3364,0,1,0.667,partner,0,0.0
4448,1506,0,0,0.297,organic,1,0.0
4449,924,1,1,-0.725,organic,0,1.0
4450,3682,0,0,0.687,paid_search,1,0.0
4451,2783,1,1,-2.011,organic,1,1.0
4452,3050,0,0,0.091,paid_search,0,1.0
4453,3813,1,1,-0.566,partner,0,1.0
4454,3471,0,0,-0.036,referral,0,0.0
4455,639,0,0,0.714,paid_search,1,1.0
4456,1365,1,1,0.435,referral,0,1.0
4457,278,0,0,0.488,organic,0,1.0
4458,4004,0,0,-2.921,paid_search,1,0.0
4459,3981,0,0,0.832,referral,0,
4460,1722,0,0,-0.938,referral,0,0.0
4461,1718,0,0,0.337,referral,0,0.0
4462,3751,1,1,-1.091,paid_search,0,
4463,2748,1,1,0.193,organic,0,0.0
4464,2077,0,0,2.093,paid_search,0,1.0
4465,1577,0,0,-2.545,paid_search,0,0.0
4466,2187,1,0,0.224,paid_search,0,0.0
4467,1919,0,1,0.821,organic,0,1.0
4468,1979,0,0,0.265,organic,0,1.0
4469,2196,0,0,-0.937,organic,1,1.0
4470,1845,0,0,-0.146,organic,0,0.0
4471,1689,0,1,0.028,organic,0,0.0
4472,292,0,0,1.068,organic,0,1.0
4473,3951,0,0,0.916,organic,0,1.0
4474,2588,0,0,-1.181,paid_search,0,1.0
4475,4141,1,1,-0.165,organic,0,0.0
4476,2796,0,0,1.73,referral,0,1.0
4477,3057,1,1,-1.41,organic,1,0.0
4478,3652,0,0,0.602,referral,1,0.0
4479,58,0,0,-0.487,paid_search,0,1.0
4480,3851,0,0,0.831,organic,1,0.0
4481,2035,0,0,-1.469,paid_search,0,0.0
4482,3635,0,0,0.729,paid_search,0,1.0
4483,2601,1,1,-0.829,organic,0,1.0
4484,4080,1,0,-0.529,organic,1,1.0
4485,3109,1,1,0.118,referral,0,0.0
4486,2279,1,1,0.13,paid_search,0,0.0
4487,2452,0,0,-0.626,paid_search,0,0.0
4488,4016,0,0,0.028,paid_search,0,0.0
4489,1886,0,0,0.354,referral,0,0.0
4490,2201,0,0,1.524,organic,1,
4491,636,1,1,-2.104,partner,0,0.0
4492,3259,1,1,-0.407,paid_search,0,0.0
4493,2716,0,0,-1.191,paid_search,0,0.0
4494,3762,0,0,-0.629,organic,1,1.0
4495,4068,1,1,0.724,referral,0,
4496,944,0,0,0.246,organic,0,0.0
4497,284,0,0,-0.853,referral,0,0.0
4498,2903,1,1,-1.005,referral,1,1.0
4499,3200,0,0,1.268,paid_search,0,1.0
4500,3667,0,0,0.247,paid_search,0,0.0
4501,2062,1,1,0.458,partner,0,0.0
4502,2839,0,0,-0.636,referral,0,1.0
4503,1229,0,0,0.255,paid_search,0,1.0
4504,1371,0,0,0.397,organic,0,1.0
4505,230,1,0,0.446,organic,0,1.0
4506,3223,1,1,-0.164,organic,0,1.0
4507,144,1,1,0.315,partner,0,1.0
4508,1488,0,0,-0.164,paid_search,1,0.0
4509,4296,1,1,-0.595,paid_search,1,0.0
4510,448,0,0,0.023,referral,0,0.0
4511,3536,1,1,-0.092,partner,0,1.0
4512,2094,1,1,-0.681,organic,0,0.0
4513,2299,1,1,-1.456,partner,0,1.0
4514,1766,0,0,-1.003,paid_search,0,0.0
4515,2095,0,0,-0.07,organic,0,1.0
4516,3318,0,0,-0.688,paid_search,1,1.0
4517,2913,0,0,1.516,organic,1,1.0
4518,4289,0,0,1.999,organic,0,1.0
4519,3110,0,0,-0.023,organic,0,1.0
4520,2287,1,1,-1.176,organic,0,
4521,1777,1,1,1.759,organic,0,1.0
4522,3534,0,0,-0.169,referral,1,0.0
4523,2010,1,1,0.648,paid_search,1,0.0
4524,530,0,0,-0.221,paid_search,0,
4525,2244,0,0,-1.018,partner,1,
4526,2199,0,0,-0.714,partner,1,0.0
4527,4199,0,0,0.58,organic,0,1.0
4528,559,1,1,-1.966,referral,1,0.0
4529,259,0,0,-1.677,paid_search,0,0.0
4530,1818,1,1,0.622,organic,1,1.0
4531,3998,1,1,-0.03,paid_search,1,0.0
4532,149,1,1,-1.474,referral,0,0.0
4533,1353,0,0,0.2,paid_search,0,0.0
4534,537,0,0,2.156,organic,0,1.0
4535,2275,0,0,-1.335,paid_search,0,0.0
4536,3429,1,1,-1.885,paid_search,1,1.0
4537,1777,1,1,-1.29,referral,0,1.0
4538,2232,0,0,-0.391,referral,1,
4539,3017,0,0,0.096,referral,0,0.0
4540,3668,1,1,0.454,organic,0,1.0
4541,4169,1,1,0.006,organic,0,1.0
4542,2500,1,1,0.243,paid_search,1,1.0
4543,295,0,0,-0.542,organic,0,0.0
4544,1767,0,0,1.026,referral,0,0.0
4545,1488,1,0,0.693,organic,1,0.0
4546,4256,0,0,-0.641,paid_search,0,0.0
4547,2192,0,0,-0.902,organic,0,0.0
4548,4111,1,1,0.096,partner,0,
4549,2838,1,1,-1.413,organic,0,0.0
4550,86,0,0,-0.304,referral,0,0.0
4551,3004,1,1,-0.037,organic,0,0.0
4552,3781,0,0,2.65,paid_search,0,1.0
4553,3882,1,0,-0.904,partner,0,0.0
4554,1805,0,0,1.476,partner,0,1.0
4555,1473,1,1,0.83,organic,0,0.0
4556,369,0,0,0.723,organic,0,1.0
4557,3256,0,0,-0.079,organic,0,0.0
4558,1910,0,0,-1.954,organic,0,1.0
4559,1284,1,1,2.286,paid_search,0,1.0
4560,862,0,0,0.91,referral,1,1.0
4561,2682,1,1,-0.284,organic,0,0.0
4562,635,0,0,-0.428,organic,1,0.0
4563,2181,1,1,0.149,organic,0,1.0
4564,3082,1,1,-1.057,paid_search,1,1.0
4565,1120,1,1,1.183,referral,0,
4566,458,1,1,-0.621,organic,0,1.0
4567,3033,0,0,2.641,organic,0,1.0
4568,2615,1,1,0.15,paid_search,0,1.0
4569,522,0,0,-0.153,referral,0,0.0
4570,317,1,1,-1.09,partner,0,1.0
4571,2700,1,1,0.132,organic,0,1.0
4572,3510,0,0,1.555,partner,1,
4573,3297,1,1,1.073,paid_search,0,0.0
4574,4216,0,0,0.384,referral,0,1.0
4575,1824,0,0,-2.428,referral,0,0.0
4576,2148,1,1,-0.546,paid_search,0,0.0
4577,4202,0,0,0.899,paid_search,0,
4578,141,1,1,-0.316,referral,0,0.0
4579,1395,0,0,-0.24,organic,0,1.0
4580,152,1,1,0.463,referral,0,
4581,3631,0,0,0.099,referral,1,0.0
4582,674,1,1,-2.916,partner,1,
4583,1671,1,1,-1.41,organic,0,0.0
4584,3100,1,1,0.387,organic,0,0.0
4585,273,0,0,0.084,organic,0,0.0
4586,429,1,1,-0.194,referral,0,0.0
4587,1530,0,0,-1.585,organic,1,0.0
4588,2771,0,0,2.11,partner,0,0.0
4589,595,0,0,1.055,referral,0,0.0
4590,3402,0,0,-0.485,partner,1,0.0
4591,3106,0,0,0.491,referral,1,0.0
4592,3,0,0,-0.86,organic,0,0.0
4593,1390,0,0,0.965,referral,1,
4594,4204,1,0,-1.346,referral,1,0.0
4595,2951,0,0,0.298,referral,1,1.0
4596,2310,0,0,-1.555,referral,0,0.0
4597,4040,0,0,0.799,paid_search,1,1.0
4598,2546,1,1,0.395,paid_search,1,
4599,977,0,0,-0.638,paid_search,0,0.0
4600,2636,1,1,-0.701,paid_search,0,0.0
4601,2904,1,1,-0.297,paid_search,1,1.0
4602,198,0,0,-0.596,paid_search,0,1.0
4603,1374,0,0,0.113,paid_search,1,0.0
4604,447,1,1,0.628,organic,0,1.0
4605,1248,1,1,1.81,partner,0,0.0
4606,2748,1,1,0.477,paid_search,0,0.0
4607,1630,0,0,0.019,organic,1,0.0
4608,2521,0,0,-0.727,partner,0,0.0
4609,448,1,1,0.627,partner,0,1.0
4610,1860,1,1,-0.832,partner,0,0.0
4611,2710,0,0,-0.183,partner,0,0.0
4612,2414,0,0,-0.714,referral,1,1.0
4613,3530,0,1,-0.205,partner,0,0.0
4614,617,0,0,-0.109,paid_search,1,0.0
4615,2323,1,1,-0.666,referral,0,1.0
4616,3824,1,1,0.434,paid_search,0,0.0
4617,2973,0,0,-0.18,paid_search,1,0.0
4618,469,0,0,1.563,referral,0,1.0
4619,2754,0,0,1.305,paid_search,0,1.0
4620,4159,0,0,-0.345,paid_search,0,1.0
4621,386,0,0,1.681,referral,0,1.0
4622,1997,0,0,-0.935,organic,0,0.0
4623,122,0,0,1.508,organic,0,
4624,3955,0,0,0.729,partner,0,1.0
4625,1439,1,1,0.328,paid_search,0,
4626,697,0,0,0.333,organic,0,0.0
4627,4295,1,1,-0.245,partner,0,1.0
4628,2625,1,1,-0.074,organic,0,
4629,3438,1,1,-0.255,paid_search,1,0.0
4630,3168,1,1,-1.062,organic,0,0.0
4631,1580,1,1,-0.529,paid_search,0,1.0
4632,3269,1,0,-1.654,paid_search,0,0.0
4633,880,1,1,0.448,paid_search,0,1.0
4634,403,1,1,1.454,referral,0,0.0
4635,3872,0,0,-1.109,organic,1,1.0
4636,4167,0,0,-0.791,organic,1,1.0
4637,4069,1,1,-0.536,organic,0,
4638,309,0,0,-0.486,paid_search,0,0.0
4639,2170,0,0,-0.533,referral,0,0.0
4640,484,1,1,-1.415,organic,0,0.0
4641,2008,1,1,-1.49,partner,0,0.0
4642,177,0,0,0.644,partner,0,1.0
4643,2866,1,1,0.342,organic,1,0.0
4644,3218,0,0,0.265,partner,0,0.0
4645,2775,1,0,0.148,paid_search,0,1.0
4646,1498,0,0,-0.613,organic,1,1.0
4647,790,0,0,-0.302,paid_search,0,0.0
4648,1673,1,1,1.605,organic,0,0.0
4649,590,0,0,-0.485,paid_search,0,0.0
4650,3221,0,0,0.587,paid_search,0,1.0
4651,876,0,0,1.869,organic,0,1.0
4652,2979,1,1,1.345,organic,1,
4653,3529,0,0,0.375,organic,0,0.0
4654,3702,0,0,-0.343,organic,0,0.0
4655,3242,1,0,1.663,organic,0,1.0
4656,999,0,0,0.233,organic,0,0.0
4657,421,0,0,-0.442,referral,0,0.0
4658,3719,1,1,-1.169,organic,0,
4659,2522,0,0,-0.319,paid_search,1,1.0
4660,4045,1,0,0.625,paid_search,0,1.0
4661,2321,1,1,-0.338,paid_search,0,1.0
4662,318,1,0,0.438,paid_search,0,1.0
4663,1953,1,0,1.236,referral,0,0.0
4664,4005,1,1,-0.8,referral,0,0.0
4665,3193,0,0,1.495,organic,0,1.0
4666,1284,0,0,-0.857,referral,0,0.0
4667,4017,1,0,-0.959,organic,0,0.0
4668,2678,1,0,1.116,organic,1,1.0
4669,3476,0,0,-1.405,organic,0,
4670,2629,1,1,0.106,paid_search,1,0.0
4671,1001,1,1,-0.249,referral,0,
4672,4081,1,1,0.079,organic,0,
4673,133,0,0,-0.218,organic,1,0.0
4674,3416,1,1,0.397,paid_search,0,1.0
4675,101,0,0,-0.336,organic,0,
4676,1500,1,0,1.974,paid_search,1,0.0
4677,3402,0,0,0.648,organic,0,1.0
4678,1387,0,0,-0.45,referral,0,0.0
4679,3733,0,0,0.556,organic,0,
4680,1860,0,0,1.416,organic,0,1.0
4681,1584,0,0,0.489,organic,0,0.0
4682,629,0,0,0.544,partner,0,1.0
4683,2663,1,1,0.589,paid_search,1,1.0
4684,4123,0,0,-1.024,organic,1,0.0
4685,433,1,1,-0.618,organic,0,0.0
4686,2164,1,1,1.356,organic,0,1.0
4687,4027,0,0,-1.166,paid_search,0,0.0
4688,3991,0,0,0.717,referral,0,1.0
4689,3413,0,0,0.601,paid_search,0,0.0
4690,2746,0,0,0.755,referral,1,0.0
4691,1819,1,0,-0.98,organic,1,0.0
4692,1306,0,1,-0.914,organic,0,0.0
4693,2562,1,1,0.751,organic,0,0.0
4694,2524,1,0,0.796,partner,1,0.0
4695,2088,1,1,-0.171,organic,0,1.0
4696,3107,0,1,-1.352,paid_search,0,0.0
4697,1021,1,1,-0.563,paid_search,0,0.0
4698,1191,1,0,-1.326,referral,0,0.0
4699,856,0,0,1.559,organic,1,1.0
4700,2167,1,1,-0.188,referral,0,
4701,2129,0,0,1.154,organic,0,0.0
4702,3400,1,1,-0.357,paid_search,1,1.0
4703,3017,0,0,-1.026,organic,1,0.0
4704,1986,0,0,-1.018,paid_search,1,1.0
4705,2751,0,0,0.092,organic,0,0.0
4706,1570,0,0,-0.789,organic,0,
4707,3097,1,0,-0.849,paid_search,0,0.0
4708,3898,0,0,-1.345,organic,0,0.0
4709,1057,0,0,-1.754,referral,0,
4710,3463,0,0,2.167,paid_search,1,1.0
4711,409,0,0,-0.916,referral,1,0.0
4712,3149,1,1,-0.751,referral,0,1.0
4713,1653,0,0,-0.827,partner,0,1.0
4714,3521,1,1,0.399,referral,0,0.0
4715,1835,0,0,0.063,organic,0,0.0
4716,3106,1,1,-1.817,referral,0,1.0
4717,1505,1,1,-0.137,paid_search,1,0.0
4718,3475,1,1,-1.124,paid_search,0,0.0
4719,292,1,1,-0.902,referral,0,0.0
4720,827,1,1,0.627,referral,0,1.0
4721,954,1,1,-2.468,paid_search,1,1.0
4722,1270,0,0,0.909,paid_search,1,0.0
4723,936,1,1,-1.045,partner,0,0.0
4724,325,1,1,1.999,partner,0,1.0
4725,4133,1,1,1.207,organic,0,1.0
4726,980,0,0,-0.242,paid_search,0,0.0
4727,4085,1,1,0.183,organic,0,1.0
4728,1676,0,0,-1.211,partner,0,0.0
4729,3924,0,0,-1.424,organic,0,0.0
4730,3491,0,0,0.543,paid_search,0,0.0
4731,3458,1,1,0.778,paid_search,0,
4732,1530,0,0,0.292,paid_search,0,0.0
4733,2292,1,0,0.683,organic,1,0.0
4734,3341,0,0,-1.511,referral,0,1.0
4735,1281,0,0,-1.073,paid_search,1,0.0
4736,3629,1,1,0.543,partner,0,1.0
4737,3544,0,0,0.851,partner,1,0.0
4738,1300,0,0,-0.544,paid_search,1,
4739,3730,0,0,3.187,referral,0,1.0
4740,4098,0,0,2.152,organic,0,0.0
4741,2036,1,1,0.87,referral,0,0.0
4742,2250,0,0,0.218,paid_search,0,0.0
4743,3385,1,0,-1.952,organic,1,0.0
4744,4292,0,0,0.007,organic,0,0.0
4745,529,1,1,0.716,organic,0,0.0
4746,1179,0,1,0.29,organic,0,0.0
4747,3398,1,1,0.158,paid_search,0,0.0
4748,852,1,1,0.308,organic,0,0.0
4749,2772,0,0,0.683,organic,1,0.0
4750,1747,1,0,-0.335,organic,0,0.0
4751,2614,0,0,0.011,organic,0,0.0
4752,696,0,1,-0.461,organic,0,0.0
4753,2976,0,0,0.019,organic,1,0.0
4754,2189,1,1,0.315,organic,1,0.0
4755,2393,0,0,2.121,referral,0,1.0
4756,2187,1,1,-1.161,paid_search,0,0.0
4757,1851,0,0,0.497,organic,0,0.0
4758,1852,1,1,1.79,organic,1,
4759,3673,1,1,0.648,paid_search,0,0.0
4760,880,0,1,-1.326,organic,0,0.0
4761,1837,0,0,-0.938,organic,0,1.0
4762,1322,1,1,-0.624,paid_search,1,0.0
4763,200,0,0,-1.158,referral,1,
4764,789,0,0,0.457,paid_search,0,0.0
4765,957,1,1,-1.705,organic,0,1.0
4766,360,0,0,0.908,organic,0,0.0
4767,2325,1,1,-0.123,organic,1,0.0
4768,3115,0,0,-0.966,paid_search,0,0.0
4769,2014,0,0,0.627,paid_search,0,1.0
4770,701,1,1,0.29,partner,1,0.0
4771,847,1,1,-0.036,referral,1,1.0
4772,2303,0,0,0.566,paid_search,0,0.0
4773,3589,0,0,2.754,organic,0,1.0
4774,425,1,1,1.297,partner,0,1.0
4775,2981,1,1,-0.991,organic,1,0.0
4776,2274,0,0,0.343,organic,0,1.0
4777,43,1,1,-0.289,paid_search,0,
4778,3865,1,1,1.465,organic,0,1.0
4779,2660,1,1,0.885,partner,0,
4780,3394,1,1,0.206,organic,0,0.0
4781,602,1,1,0.285,referral,1,0.0
4782,3331,0,0,-0.244,partner,0,0.0
4783,4229,1,0,0.619,referral,1,0.0
4784,692,1,1,-1.929,referral,1,0.0
4785,211,1,1,-1.048,paid_search,0,0.0
4786,3897,0,0,-0.886,partner,1,0.0
4787,240,0,0,-2.195,organic,0,0.0
4788,1566,1,1,0.854,paid_search,0,1.0
4789,95,1,0,0.801,organic,0,0.0
4790,2899,0,0,-1.557,partner,0,0.0
4791,3749,1,1,2.107,organic,0,0.0
4792,1021,0,0,-0.213,organic,1,0.0
4793,705,0,0,1.076,paid_search,0,0.0
4794,161,0,0,0.928,partner,0,1.0
4795,326,0,0,-1.538,referral,0,0.0
4796,2674,1,1,1.436,organic,0,1.0
4797,3097,1,0,-0.702,partner,0,0.0
4798,3104,0,0,0.295,referral,0,1.0
4799,3326,1,1,-0.696,paid_search,0,0.0
4800,3017,0,0,0.059,paid_search,0,0.0
4801,1043,1,1,-0.58,organic,0,0.0
4802,2785,1,1,0.517,referral,0,1.0
4803,3317,0,0,0.978,organic,0,1.0
4804,2092,1,1,-0.092,referral,0,0.0
4805,2297,1,1,-0.376,paid_search,1,1.0
4806,2854,0,0,0.332,organic,1,0.0
4807,8,1,0,0.757,paid_search,0,0.0
4808,3265,0,0,-0.254,organic,0,0.0
4809,4270,1,0,-1.969,organic,0,0.0
4810,2081,1,1,0.017,partner,0,1.0
4811,1427,1,1,0.325,paid_search,0,
4812,3513,1,1,1.88,organic,1,0.0
4813,2778,0,0,0.315,referral,0,0.0
4814,1782,1,1,-0.015,paid_search,1,
4815,2945,1,1,1.459,paid_search,0,
4816,2081,1,1,-0.749,referral,1,0.0
4817,1475,0,0,0.952,referral,0,0.0
4818,3503,1,1,0.771,paid_search,0,0.0
4819,1428,0,0,-1.968,referral,0,0.0
4820,2674,1,1,-0.118,organic,1,1.0
4821,1732,0,0,1.625,paid_search,0,1.0
4822,2563,1,1,1.038,organic,0,0.0
4823,342,0,0,-0.534,paid_search,0,0.0
4824,3722,0,0,0.197,organic,0,1.0
4825,3723,1,1,1.404,organic,1,1.0
4826,3811,1,1,-1.473,referral,0,1.0
4827,1352,0,0,-2.266,paid_search,0,0.0
4828,3742,0,0,0.391,paid_search,0,1.0
4829,3250,0,0,-0.277,referral,0,1.0
4830,810,1,1,0.233,paid_search,1,1.0
4831,3356,0,0,-0.421,organic,0,0.0
4832,4062,0,0,-0.326,partner,1,0.0
4833,2380,0,0,-1.034,referral,0,0.0
4834,3730,0,0,0.763,paid_search,0,1.0
4835,2119,0,0,-0.743,organic,1,0.0
4836,1093,0,0,0.538,organic,0,1.0
4837,2071,0,0,0.938,organic,0,1.0
4838,1907,0,0,-2.046,referral,0,0.0
4839,3527,1,1,0.755,referral,0,0.0
4840,2320,0,0,0.474,paid_search,0,1.0
4841,480,1,1,-0.398,referral,1,
4842,480,0,0,-1.653,paid_search,0,0.0
4843,1260,0,0,1.125,referral,0,1.0
4844,3732,1,1,-0.618,organic,0,1.0
4845,2831,0,0,-1.191,organic,0,
4846,4157,1,0,0.695,partner,1,1.0
4847,3752,1,1,-0.068,organic,0,0.0
4848,2807,1,0,-0.88,partner,1,0.0
4849,2037,0,0,0.578,paid_search,0,0.0
4850,1460,1,0,-1.947,partner,0,
4851,4215,0,0,0.468,referral,0,0.0
4852,3509,1,1,-0.656,referral,0,
4853,4143,0,0,0.708,partner,0,0.0
4854,190,1,1,-0.138,referral,0,1.0
4855,876,0,0,-0.537,paid_search,1,0.0
4856,4279,1,1,-0.708,paid_search,0,0.0
4857,2688,1,1,0.213,referral,0,1.0
4858,3773,0,0,0.186,referral,1,0.0
4859,664,0,0,0.716,partner,0,0.0
4860,885,1,1,3.182,referral,0,1.0
4861,4071,1,1,0.415,organic,0,1.0
4862,3485,0,0,0.672,organic,1,0.0
4863,98,0,0,1.556,paid_search,0,1.0
4864,236,0,0,0.877,organic,1,1.0
4865,1890,0,0,0.232,organic,0,0.0
4866,1047,0,0,0.287,partner,0,1.0
4867,69,0,0,-0.189,partner,0,0.0
4868,4247,0,0,0.355,referral,0,1.0
4869,2104,0,0,-0.426,referral,0,0.0
4870,776,1,1,0.586,organic,0,
4871,3143,1,1,0.383,organic,0,
4872,1561,1,0,-1.001,referral,1,0.0
4873,967,1,0,-0.515,organic,1,0.0
4874,489,0,0,0.008,partner,0,0.0
4875,1270,1,0,0.445,referral,0,1.0
4876,1277,0,0,-1.012,referral,1,1.0
4877,792,0,0,-0.662,referral,0,0.0
4878,274,0,0,2.711,paid_search,0,0.0
4879,1766,1,0,1.88,organic,0,0.0
4880,2481,1,1,-0.589,paid_search,0,0.0
4881,2290,1,1,1.992,organic,0,1.0
4882,2131,1,1,-0.598,organic,0,1.0
4883,18,1,1,1.886,partner,0,
4884,4186,1,1,-0.184,paid_search,0,0.0
4885,3533,0,0,-0.091,paid_search,0,0.0
4886,3,0,0,0.471,organic,1,
4887,73,1,1,0.934,paid_search,0,0.0
4888,4196,1,1,0.131,organic,0,1.0
4889,1430,0,0,2.052,paid_search,0,0.0
4890,4124,1,0,-0.719,referral,0,0.0
4891,4152,0,0,0.53,organic,0,0.0
4892,2914,0,0,0.05,paid_search,1,
4893,1686,0,0,-0.971,organic,0,0.0
4894,3188,1,1,-1.4,paid_search,1,
4895,1380,1,1,-1.085,organic,1,1.0
4896,519,0,0,0.252,paid_search,1,0.0
4897,1661,0,1,0.98,organic,0,0.0
4898,3737,1,1,0.801,paid_search,0,1.0
4899,3735,0,0,0.085,paid_search,0,1.0
4900,2615,0,0,0.924,organic,0,1.0
4901,2297,0,0,0.155,organic,0,1.0
4902,3823,0,0,1.498,referral,0,0.0
4903,1780,0,0,0.025,paid_search,1,0.0
4904,57,0,0,-0.605,referral,1,0.0
4905,2712,1,1,0.943,referral,0,0.0
4906,987,1,1,1.442,organic,1,
4907,695,1,0,-0.525,organic,0,
4908,3419,0,0,1.209,organic,0,0.0
4909,4113,1,1,1.181,referral,0,0.0
4910,4003,0,1,-0.665,organic,0,0.0
4911,439,0,0,2.901,organic,0,1.0
4912,1447,1,0,-0.479,paid_search,0,0.0
4913,507,0,0,0.412,paid_search,0,0.0
4914,3288,1,0,1.476,organic,0,1.0
4915,2645,0,0,-1.373,organic,1,1.0
4916,1388,0,0,-0.344,referral,0,0.0
4917,3520,0,1,-0.566,paid_search,0,0.0
4918,279,0,0,-0.548,partner,0,0.0
4919,1912,1,1,-1.464,organic,0,
4920,1489,1,1,-1.185,paid_search,0,0.0
4921,3434,0,0,2.332,partner,0,1.0
4922,1761,0,0,1.315,paid_search,1,1.0
4923,1675,0,0,-0.274,organic,0,0.0
4924,3938,1,1,-0.759,organic,0,0.0
4925,4290,0,0,1.549,referral,0,1.0
4926,1997,1,1,0.961,paid_search,0,0.0
4927,3231,1,0,2.19,paid_search,0,0.0
4928,2315,0,0,0.081,paid_search,0,1.0
4929,1917,1,1,-0.696,organic,0,0.0
4930,2849,1,1,-0.414,referral,0,1.0
4931,2750,0,0,0.078,referral,1,1.0
4932,3218,1,1,0.524,paid_search,0,0.0
4933,840,1,1,-0.206,organic,0,0.0
4934,1938,1,1,-0.681,paid_search,0,0.0
4935,1577,1,1,0.608,organic,1,1.0
4936,639,1,1,2.634,paid_search,0,1.0
4937,2350,1,1,0.231,paid_search,1,0.0
4938,3631,0,0,0.497,organic,1,0.0
4939,1627,0,0,0.531,paid_search,0,0.0
4940,1586,1,1,-1.219,paid_search,1,0.0
4941,1759,1,1,-0.24,organic,0,
4942,2330,0,0,-0.856,partner,0,0.0
4943,2675,0,0,0.004,referral,0,1.0
4944,2851,0,0,-1.141,paid_search,0,1.0
4945,1449,0,0,-1.269,organic,1,0.0
4946,3207,1,1,0.409,referral,0,
4947,819,1,0,1.873,paid_search,0,0.0
4948,3838,1,1,-1.266,organic,0,0.0
4949,2223,0,0,-0.046,paid_search,1,0.0
4950,3754,1,1,-0.198,organic,0,1.0
4951,2176,0,0,-1.494,referral,1,0.0
4952,3236,0,0,0.456,organic,0,
4953,2540,1,1,1.055,referral,0,1.0
4954,2675,0,0,0.178,organic,0,1.0
4955,2423,1,0,0.61,paid_search,1,0.0
4956,3467,0,0,1.511,organic,0,0.0
4957,3841,1,1,0.431,referral,1,1.0
4958,3842,0,0,-0.55,referral,0,0.0
4959,361,0,0,0.513,organic,1,0.0
4960,2335,0,0,0.876,organic,0,0.0
4961,36,0,0,0.978,referral,0,
4962,422,1,1,1.186,referral,1,1.0
4963,2963,1,1,-1.803,paid_search,1,
4964,3723,1,1,0.179,organic,0,0.0
4965,1288,1,1,0.766,paid_search,0,1.0
4966,1736,1,1,-1.912,paid_search,0,0.0
4967,1395,1,0,0.866,organic,0,0.0
4968,853,0,0,-0.428,referral,1,0.0
4969,262,1,1,1.601,organic,1,1.0
4970,3583,0,1,0.554,organic,0,1.0
4971,1626,0,0,-0.823,referral,1,0.0
4972,1316,1,1,-1.431,organic,1,
4973,604,1,1,-0.404,referral,0,1.0
4974,1325,1,1,-1.261,partner,0,0.0
4975,3866,1,0,2.667,paid_search,0,0.0
4976,2392,1,1,-0.912,organic,0,1.0
4977,3760,1,1,-1.373,referral,0,0.0
4978,3781,1,1,0.561,referral,0,1.0
4979,1047,1,1,0.666,organic,1,1.0
4980,1450,0,0,0.264,organic,0,1.0
4981,2480,0,1,0.738,paid_search,0,1.0
4982,1307,0,0,0.787,organic,0,1.0
4983,1248,0,0,1.322,partner,0,1.0
4984,1709,0,0,0.933,referral,0,0.0
4985,428,1,1,0.726,organic,0,1.0
4986,1902,0,0,-0.885,organic,1,0.0
4987,290,1,1,1.687,organic,0,1.0
4988,2864,1,1,-1.219,referral,0,0.0
4989,3505,1,1,1.165,paid_search,0,0.0
4990,4191,1,1,0.49,organic,0,0.0
4991,172,0,0,-0.593,organic,0,0.0
4992,2015,1,1,-0.165,organic,0,0.0
4993,3621,1,1,0.193,paid_search,0,1.0
4994,531,0,0,-1.505,paid_search,0,1.0
4995,2279,1,1,0.814,organic,0,1.0
4996,2305,1,1,0.149,organic,0,0.0
4997,2819,0,0,1.027,referral,0,1.0
4998,2756,1,1,-0.905,paid_search,0,0.0
4999,4166,1,1,-0.492,referral,0,1.0
5000,1444,0,0,1.308,organic,0,1.0
5001,4153,0,0,-1.247,referral,0,0.0
5002,48,1,1,0.021,organic,0,0.0
5003,3253,0,0,0.441,paid_search,0,0.0
5004,815,1,1,-0.005,referral,1,1.0
5005,3829,1,0,-0.562,referral,1,0.0
5006,720,0,0,0.526,referral,0,1.0
5007,1590,0,0,1.312,organic,0,1.0
5008,1477,0,0,-2.021,paid_search,0,0.0
5009,3220,0,0,-0.301,organic,0,1.0
5010,4064,1,1,-0.243,paid_search,0,0.0
5011,3300,0,0,2.356,referral,0,1.0
5012,3198,0,0,-0.192,referral,0,1.0
5013,4284,0,0,0.236,paid_search,0,
5014,3514,0,0,0.821,paid_search,0,1.0
5015,184,1,0,-0.758,referral,0,1.0
5016,2395,1,0,1.057,paid_search,1,0.0
5017,808,0,0,-1.03,organic,1,0.0
5018,4194,0,0,-0.613,organic,1,0.0
5019,388,0,0,0.464,organic,1,0.0
5020,1089,1,1,0.926,referral,0,0.0
5021,3561,1,1,0.344,organic,0,0.0
5022,2352,0,0,-1.526,organic,1,
5023,2690,0,0,0.601,referral,1,0.0
5024,2533,1,0,-1.438,organic,1,1.0
5025,3116,0,0,0.684,organic,0,0.0
5026,2713,1,1,-0.743,organic,1,1.0
5027,138,0,0,1.475,organic,0,1.0
5028,1717,1,1,0.257,referral,1,0.0
5029,3300,1,1,1.458,paid_search,0,1.0
5030,2567,1,1,0.525,paid_search,1,1.0
5031,4097,1,1,0.263,paid_search,0,0.0
5032,1466,1,1,-2.479,paid_search,0,0.0
5033,4211,0,0,1.313,partner,0,1.0
5034,444,0,0,-0.624,referral,0,1.0
5035,200,1,0,-0.001,paid_search,0,0.0
5036,821,0,0,-0.212,paid_search,1,0.0
5037,4193,0,0,-0.816,referral,0,
5038,462,0,0,-0.499,paid_search,0,1.0
5039,2655,0,0,-1.048,organic,0,0.0
5040,3580,1,0,0.371,referral,0,1.0
5041,1687,1,1,-0.391,organic,0,1.0
5042,982,0,0,-0.675,paid_search,0,0.0
5043,2048,0,0,-1.402,partner,0,0.0
5044,4175,0,0,-0.29,referral,0,0.0
5045,482,0,0,1.178,partner,0,1.0
5046,2518,1,1,0.923,organic,0,1.0
5047,571,0,0,0.118,organic,0,1.0
5048,267,1,1,0.095,referral,0,0.0
5049,382,1,1,-0.231,organic,0,0.0
5050,3653,1,1,-1.108,referral,0,1.0
5051,2916,0,0,-1.94,paid_search,1,0.0
5052,2558,0,0,0.32,referral,0,0.0
5053,1854,1,0,0.234,organic,0,0.0
5054,926,1,0,0.007,organic,0,0.0
5055,3975,0,0,-1.399,partner,0,
5056,3204,0,0,-0.546,paid_search,1,0.0
5057,3290,1,1,-1.619,paid_search,0,
5058,892,0,0,0.278,organic,0,1.0
5059,3365,1,1,0.447,referral,0,0.0
5060,3903,0,0,-0.877,partner,0,1.0
5061,2004,0,0,-0.231,paid_search,1,0.0
5062,2042,1,0,1.231,referral,0,0.0
5063,1555,0,0,1.336,paid_search,0,
5064,1887,0,0,-0.771,organic,1,1.0
5065,3675,0,1,-1.474,organic,0,0.0
5066,1013,0,0,0.776,organic,1,1.0
5067,2869,1,1,-0.882,paid_search,1,1.0
5068,3861,1,1,1.471,partner,0,1.0
5069,3066,1,1,-0.07,partner,0,1.0
5070,49,0,0,1.028,paid_search,1,0.0
5071,1080,1,1,-1.395,paid_search,0,1.0
5072,3,0,0,0.845,organic,0,1.0
5073,78,1,1,0.529,organic,0,0.0
5074,3536,1,0,-0.031,referral,0,1.0
5075,816,0,0,-0.544,paid_search,1,0.0
5076,3601,1,0,1.106,paid_search,0,0.0
5077,3973,0,1,-0.005,organic,1,0.0
5078,3289,0,0,-0.12,partner,0,0.0
5079,111,0,0,0.213,organic,0,1.0
5080,900,0,0,0.138,paid_search,0,
5081,1679,0,0,-1.754,organic,0,0.0
5082,1329,0,0,0.608,paid_search,0,0.0
5083,64,1,1,-1.253,paid_search,0,0.0
5084,4094,1,1,-0.593,organic,0,0.0
5085,529,0,0,-0.017,organic,0,1.0
5086,2005,1,1,0.746,paid_search,0,1.0
5087,3248,1,1,-0.44,organic,0,1.0
5088,4130,0,0,1.483,referral,1,0.0
5089,1600,0,0,-1.103,referral,0,0.0
5090,3239,0,0,-1.368,paid_search,0,0.0
5091,2433,1,0,1.394,paid_search,1,
5092,2138,1,1,-0.557,organic,0,0.0
5093,2030,0,0,0.002,organic,1,0.0
5094,3733,1,0,-0.57,organic,0,0.0
5095,1834,1,1,-0.882,partner,0,0.0
5096,1841,1,0,0.623,organic,0,0.0
5097,3863,0,0,0.601,referral,0,0.0
5098,4184,1,1,-1.541,referral,0,1.0
5099,596,1,1,-0.045,organic,0,0.0
5100,1393,1,1,-0.502,organic,1,0.0
5101,3013,1,1,0.075,paid_search,0,1.0
5102,3679,1,1,0.318,partner,0,0.0
5103,1307,0,0,0.883,partner,0,
5104,2887,0,0,1.642,referral,0,0.0
5105,1251,1,1,0.638,referral,0,0.0
5106,998,0,0,0.567,partner,0,0.0
5107,2812,0,0,0.773,organic,1,1.0
5108,767,0,0,-0.148,referral,1,0.0
5109,609,1,0,0.152,paid_search,0,
5110,2833,0,0,0.684,organic,0,0.0
5111,3183,0,0,-0.387,paid_search,0,0.0
5112,3604,1,1,0.858,referral,1,1.0
5113,1794,0,1,0.023,organic,0,1.0
5114,3578,1,0,0.19,partner,0,1.0
5115,173,1,1,0.465,organic,1,1.0
5116,1275,0,0,0.254,organic,0,1.0
5117,401,0,0,0.537,paid_search,0,
5118,2586,1,1,-1.762,referral,1,0.0
5119,2193,0,0,1.574,organic,0,1.0
5120,435,0,0,-0.875,organic,0,1.0
5121,2343,1,1,1.11,organic,1,0.0
5122,347,1,1,0.804,organic,0,
5123,2923,1,1,0.514,partner,0,
5124,3621,1,1,-0.252,organic,0,
5125,3446,0,0,-1.051,paid_search,1,0.0
5126,4032,0,0,-0.841,organic,0,1.0
5127,3466,1,1,1.263,paid_search,0,1.0
5128,2677,1,0,-0.325,paid_search,0,0.0
5129,1596,1,1,0.465,referral,0,1.0
5130,2267,1,1,0.624,paid_search,0,0.0
5131,186,1,0,-2.546,organic,0,
5132,3317,1,1,-0.941,paid_search,0,0.0
5133,2413,1,1,0.149,organic,0,0.0
5134,1372,0,1,1.598,paid_search,0,0.0
5135,3432,1,1,2.195,paid_search,0,0.0
5136,1227,1,1,1.405,referral,0,1.0
5137,3821,1,0,0.512,paid_search,0,0.0
5138,3635,1,1,1.21,organic,0,
5139,196,0,0,1.188,referral,1,0.0
5140,2574,0,1,-0.468,referral,0,1.0
5141,2350,1,0,-0.681,organic,0,1.0
5142,2660,0,0,-1.975,organic,0,1.0
5143,4291,0,0,0.541,paid_search,1,0.0
5144,4288,1,1,0.254,organic,0,0.0
5145,276,0,0,1.321,partner,0,0.0
5146,3424,1,1,-0.813,organic,0,0.0
5147,4247,1,1,1.325,partner,0,
5148,1736,0,0,-0.677,paid_search,0,1.0
5149,1616,0,0,0.71,referral,0,1.0
5150,1356,1,0,-0.419,paid_search,1,1.0
5151,3489,1,1,1.551,organic,0,0.0
5152,250,1,1,1.783,paid_search,0,
5153,1604,0,0,-1.361,partner,0,1.0
5154,1597,1,1,-0.09,paid_search,0,0.0
5155,1472,0,0,0.092,organic,0,0.0
5156,749,1,1,0.997,organic,0,0.0
5157,1406,1,1,-0.614,organic,0,1.0
5158,967,0,0,0.595,organic,0,0.0
5159,55,0,0,0.507,partner,0,
5160,404,1,1,-0.137,organic,0,
5161,795,0,0,-2.307,partner,1,0.0
5162,2053,1,1,1.095,organic,0,
5163,2355,1,1,-1.558,paid_search,1,
5164,3634,0,0,-0.148,paid_search,0,0.0
5165,1144,1,1,1.07,organic,0,0.0
5166,1243,0,0,-0.095,referral,0,1.0
5167,3660,1,1,1.332,paid_search,0,0.0
5168,1563,1,1,0.18,referral,0,0.0
5169,3379,1,1,0.037,paid_search,0,0.0
5170,3723,0,0,-1.37,organic,1,0.0
5171,1275,0,0,1.22,organic,0,0.0
5172,894,1,1,-0.021,organic,0,1.0
5173,3796,0,0,-0.456,referral,0,0.0
5174,1475,1,0,0.835,paid_search,0,0.0
5175,2867,0,1,0.723,paid_search,1,1.0
5176,4210,0,0,-0.093,paid_search,1,0.0
5177,2298,0,0,-0.673,organic,1,1.0
5178,934,0,0,-1.763,paid_search,1,0.0
5179,2493,1,1,-1.083,paid_search,0,
5180,1197,1,1,-1.058,organic,1,1.0
5181,2548,1,1,-1.012,organic,0,1.0
5182,4287,1,0,0.301,paid_search,0,0.0
5183,1012,1,0,2.344,paid_search,0,
5184,987,1,1,-0.969,paid_search,0,0.0
5185,2092,1,0,-1.452,paid_search,1,0.0
5186,3540,0,0,0.34,organic,0,0.0
5187,2003,0,0,0.142,referral,1,1.0
5188,3506,0,0,2.863,paid_search,1,1.0
5189,283,1,1,1.298,partner,1,1.0
5190,1896,1,1,-0.724,paid_search,0,0.0
5191,4130,0,0,0.374,paid_search,0,0.0
5192,924,1,1,-1.082,organic,0,0.0
5193,2853,1,0,0.318,paid_search,1,0.0
5194,1255,0,0,0.867,referral,0,
5195,2288,0,0,0.755,paid_search,0,1.0
5196,665,0,0,-0.218,paid_search,0,1.0
5197,1547,0,0,1.622,referral,1,1.0
5198,1672,0,1,1.413,organic,1,1.0
5199,846,0,0,0.62,organic,1,0.0
5200,395,1,1,0.24,referral,0,1.0
5201,351,1,1,-1.576,paid_search,0,
5202,620,1,1,0.621,organic,0,1.0
5203,619,0,0,-0.63,partner,1,0.0
5204,2853,1,1,0.77,organic,0,0.0
5205,2372,0,0,-2.082,paid_search,0,0.0
5206,1402,0,0,1.434,paid_search,1,1.0
5207,2048,1,0,1.186,organic,0,1.0
5208,3347,1,0,0.174,referral,0,
5209,1920,0,1,0.129,organic,1,1.0
5210,360,0,0,-1.063,partner,0,1.0
5211,224,1,1,0.22,referral,0,1.0
5212,207,1,0,0.597,partner,1,1.0
5213,1212,0,0,0.958,organic,0,
5214,2327,0,0,0.485,referral,0,0.0
5215,1906,1,0,-0.085,partner,0,1.0
5216,2414,1,1,-0.668,paid_search,0,
5217,3387,1,1,0.809,organic,0,0.0
5218,570,0,0,-1.53,paid_search,0,1.0
5219,4082,1,1,0.601,paid_search,0,1.0
5220,3205,0,0,0.561,paid_search,0,1.0
5221,3325,1,1,1.546,paid_search,0,1.0
5222,3084,0,0,-1.412,paid_search,0,0.0
5223,418,0,0,0.805,organic,0,0.0
5224,2432,0,0,-0.967,referral,0,0.0
5225,510,1,1,-0.572,organic,0,1.0
5226,1301,0,0,-0.226,referral,0,0.0
5227,1761,0,0,0.896,organic,0,0.0
5228,2422,0,0,2.481,organic,0,1.0
5229,1538,0,0,1.795,partner,0,
5230,8,0,0,-0.177,organic,0,0.0
5231,1734,1,1,0.875,organic,0,0.0
5232,1485,0,0,0.347,referral,0,0.0
5233,862,0,1,-0.072,organic,1,1.0
5234,1986,1,1,-1.829,paid_search,1,0.0
5235,1348,0,0,-0.944,organic,1,1.0
5236,2172,1,1,-1.251,organic,0,0.0
5237,595,0,0,1.63,organic,0,1.0
5238,3533,1,1,-0.584,referral,0,
5239,3885,0,0,-0.439,paid_search,0,1.0
5240,962,1,1,0.244,referral,1,1.0
5241,3265,1,1,-0.726,partner,0,
5242,574,1,1,-0.425,organic,0,1.0
5243,3939,0,0,0.133,paid_search,0,1.0
5244,3585,1,1,-1.033,organic,0,
5245,535,1,1,0.066,organic,1,0.0
5246,4054,0,0,0.319,paid_search,0,0.0
5247,4047,1,1,-1.415,organic,0,0.0
5248,2050,1,0,-2.465,partner,0,0.0
5249,1177,0,0,-1.39,organic,0,0.0
5250,3802,1,1,-1.81,organic,1,
5251,479,1,1,-1.95,paid_search,0,0.0
5252,2226,1,1,0.173,partner,1,1.0
5253,2831,1,1,-0.919,referral,0,0.0
5254,3150,1,1,-0.916,paid_search,1,0.0
5255,1843,1,0,-1.928,organic,1,0.0
5256,4027,0,0,-0.028,organic,0,0.0
5257,159,0,0,-1.583,organic,0,0.0
5258,3748,1,1,-1.851,organic,1,1.0
5259,4280,0,0,0.033,partner,0,
5260,1194,1,1,-1.001,referral,0,0.0
5261,143,0,0,-0.051,organic,0,0.0
5262,2800,1,1,0.242,referral,0,0.0
5263,2946,1,1,0.239,organic,0,1.0
5264,3725,0,0,-1.171,organic,0,0.0
5265,1104,0,0,-0.948,paid_search,1,0.0
5266,3425,1,1,-1.13,organic,0,0.0
5267,3298,1,1,-0.451,paid_search,0,0.0
5268,137,1,0,0.923,referral,0,
5269,3160,1,1,0.173,organic,0,1.0
5270,3746,1,1,-0.494,paid_search,0,0.0
5271,2849,0,1,0.549,organic,0,
5272,1147,0,0,-2.744,partner,0,0.0
5273,3198,1,1,1.062,paid_search,0,0.0
5274,1404,0,0,-1.021,paid_search,1,1.0
5275,643,1,1,-0.05,organic,0,0.0
5276,487,1,1,0.236,organic,0,1.0
5277,1088,0,0,0.678,organic,0,1.0
5278,399,0,0,1.066,partner,1,1.0
5279,3294,1,1,0.96,paid_search,1,0.0
5280,1527,0,0,-1.058,organic,0,0.0
5281,86,1,0,-0.675,organic,0,1.0
5282,2848,1,1,-0.264,organic,0,0.0
5283,705,1,1,0.513,referral,0,0.0
5284,51,1,1,0.35,referral,0,0.0
5285,2292,1,1,-1.557,organic,0,0.0
5286,2811,1,1,1.191,referral,1,0.0
5287,965,0,0,0.555,organic,0,0.0
5288,3276,0,0,0.836,organic,0,1.0
5289,3472,1,1,-0.519,organic,0,0.0
5290,1480,1,1,0.124,organic,1,0.0
5291,3971,1,1,-0.205,organic,0,0.0
5292,2277,0,0,-0.623,partner,0,0.0
5293,2121,1,1,-0.831,organic,1,
5294,2666,1,1,0.51,organic,0,0.0
5295,4200,1,1,0.386,organic,0,
5296,2528,0,0,0.118,paid_search,0,1.0
5297,1556,0,0,0.553,organic,0,0.0
5298,1848,0,1,-0.276,referral,0,
5299,3274,0,0,-1.27,organic,0,0.0
5300,1397,0,0,0.372,partner,1,1.0
5301,794,0,0,0.248,organic,0,0.0
5302,3668,1,1,-0.832,organic,0,0.0
5303,1453,1,1,0.932,paid_search,0,1.0
5304,81,1,1,-1.529,partner,0,1.0
5305,1716,0,0,0.609,paid_search,0,0.0
5306,3577,1,1,-0.783,partner,0,0.0
5307,3559,0,0,-0.338,organic,0,
5308,66,0,0,2.143,partner,0,1.0
5309,509,1,1,1.364,organic,1,1.0
5310,3952,1,1,0.616,organic,1,
5311,436,0,0,-1.002,organic,0,0.0
5312,2556,1,1,1.322,paid_search,0,1.0
5313,1108,1,1,0.157,referral,0,0.0
5314,234,1,1,-0.043,referral,0,1.0
5315,394,0,0,0.034,referral,0,0.0
5316,822,0,1,0.933,partner,0,1.0
5317,1617,0,0,-0.699,partner,1,0.0
5318,860,1,1,-0.348,organic,0,
5319,2510,1,1,-0.721,paid_search,0,0.0
5320,1945,1,1,-0.137,organic,0,0.0
5321,4012,1,1,-0.742,paid_search,0,1.0
5322,1561,0,0,-1.77,referral,0,1.0
5323,3429,0,0,0.998,referral,0,0.0
5324,528,1,1,0.463,paid_search,0,1.0
5325,331,0,0,-0.395,referral,0,0.0
5326,2729,1,1,0.411,partner,0,1.0
5327,2750,0,0,-1.842,paid_search,1,0.0
5328,2275,1,1,-0.484,partner,0,0.0
5329,3438,1,0,-0.69,organic,0,0.0
5330,558,0,0,-0.302,paid_search,1,0.0
5331,116,0,0,0.805,referral,0,1.0
5332,1675,0,0,1.023,organic,0,0.0
5333,2829,1,1,0.521,organic,0,0.0
5334,483,0,0,-0.189,referral,0,0.0
5335,4195,1,1,0.076,organic,1,1.0
5336,2123,1,1,1.106,referral,0,1.0
5337,3023,0,0,-1.257,referral,0,0.0
5338,3949,1,1,0.758,organic,0,0.0
5339,2368,0,0,1.052,paid_search,0,1.0
5340,3647,1,1,0.548,organic,1,0.0
5341,1648,0,0,-0.196,paid_search,0,1.0
5342,3034,1,1,-0.387,organic,0,0.0
5343,1431,1,1,-0.068,referral,0,0.0
5344,2837,1,1,0.587,organic,0,
5345,1354,1,1,-0.686,partner,0,1.0
5346,2016,0,0,-1.058,paid_search,1,0.0
5347,2723,0,0,1.115,paid_search,0,0.0
5348,2508,0,0,1.38,paid_search,0,1.0
5349,1923,0,0,-0.342,referral,0,0.0
5350,1535,0,0,0.587,referral,0,1.0
5351,218,1,0,-1.46,paid_search,0,1.0
5352,761,1,1,-0.204,paid_search,0,0.0
5353,30,0,0,0.525,paid_search,0,1.0
5354,1027,0,1,0.119,partner,1,1.0
5355,3385,0,0,0.974,paid_search,0,1.0
5356,1433,0,0,0.601,paid_search,0,0.0
5357,191,0,0,0.911,organic,0,0.0
5358,383,0,0,0.048,paid_search,0,0.0
5359,2646,1,1,0.487,referral,1,1.0
5360,263,1,1,0.381,paid_search,0,1.0
5361,946,1,0,-1.156,organic,0,
5362,759,0,0,-0.903,organic,0,0.0
5363,1492,1,0,1.316,partner,0,0.0
5364,1967,1,1,-0.679,paid_search,1,1.0
5365,3268,1,1,0.499,partner,0,1.0
5366,562,1,1,0.796,organic,0,0.0
5367,2431,1,1,-0.255,organic,0,0.0
5368,2884,0,0,0.869,referral,0,0.0
5369,3505,0,0,-0.412,paid_search,1,0.0
5370,3177,1,1,-1.26,organic,0,1.0
5371,848,1,1,-0.494,paid_search,0,1.0
5372,2358,1,1,0.7,paid_search,0,1.0
5373,1245,1,1,0.806,organic,0,1.0
5374,3088,0,0,0.095,organic,0,0.0
5375,2927,1,1,-0.241,organic,0,1.0
5376,960,1,1,0.256,organic,1,1.0
5377,211,1,1,-1.455,partner,0,0.0
5378,3254,0,0,-0.434,referral,0,0.0
5379,1040,0,0,0.86,organic,0,1.0
5380,1991,1,1,1.224,partner,0,1.0
5381,767,0,0,-1.12,paid_search,0,0.0
5382,3607,1,1,-1.139,organic,0,0.0
5383,2640,1,1,0.114,organic,1,1.0
5384,1299,1,0,-1.166,paid_search,0,
5385,3103,1,1,2.138,organic,0,1.0
5386,1572,1,1,2.167,organic,0,
5387,2075,0,0,-0.579,referral,0,0.0
5388,3268,1,1,-1.675,organic,0,0.0
5389,1563,1,0,0.69,paid_search,0,1.0
5390,3296,0,0,0.227,organic,0,1.0
5391,1699,1,1,1.016,referral,0,0.0
5392,4291,0,0,0.983,paid_search,0,1.0
5393,3767,1,1,1.158,referral,0,0.0
5394,2308,0,0,1.065,organic,0,1.0
5395,970,1,1,0.967,paid_search,0,
5396,537,1,1,-0.709,organic,1,0.0
5397,1901,1,1,0.896,paid_search,0,0.0
5398,1869,1,1,0.263,partner,0,1.0
5399,3515,1,0,0.753,paid_search,1,0.0
5400,4107,1,1,0.017,organic,0,1.0
5401,2314,1,1,0.185,organic,0,1.0
5402,2211,1,0,-0.034,referral,0,0.0
5403,1665,0,0,1.866,paid_search,0,1.0
5404,429,1,0,-0.069,organic,1,0.0
5405,1123,1,1,-1.059,organic,0,1.0
5406,271,1,1,0.088,organic,1,0.0
5407,3018,1,1,0.888,organic,0,
5408,1677,0,0,-1.113,paid_search,1,0.0
5409,225,0,0,1.574,referral,0,
5410,1545,1,1,-2.003,organic,0,0.0
5411,2218,1,1,1.195,organic,0,1.0
5412,1251,1,1,0.461,paid_search,0,0.0
5413,4294,1,1,0.823,paid_search,0,0.0
5414,2998,0,0,-0.86,referral,0,1.0
5415,2244,0,0,-0.259,referral,0,0.0
5416,631,0,1,0.309,partner,0,0.0
5417,3322,0,0,0.379,referral,0,0.0
5418,1246,0,0,-0.994,organic,1,0.0
5419,814,1,0,-0.99,organic,0,1.0
5420,1750,1,1,-1.137,paid_search,0,0.0
5421,4079,0,0,1.368,paid_search,0,0.0
5422,1672,0,0,1.117,referral,1,1.0
5423,3046,1,1,0.293,paid_search,0,0.0
5424,2072,1,1,1.475,organic,0,1.0
5425,1566,0,0,-0.377,organic,0,0.0
5426,4126,0,1,-1.53,organic,0,0.0
5427,1528,1,1,-0.662,referral,0,1.0
5428,3115,1,1,0.722,organic,0,
5429,391,1,1,0.801,referral,0,0.0
5430,3717,0,1,1.394,partner,0,0.0
5431,3576,1,1,-1.026,organic,0,1.0
5432,1822,1,1,0.962,organic,0,1.0
5433,2678,1,1,-0.94,organic,0,1.0
5434,3423,1,1,-0.329,organic,0,0.0
5435,2107,1,1,0.831,paid_search,0,1.0
5436,2020,1,1,-0.002,paid_search,0,1.0
5437,4164,1,0,0.573,referral,1,1.0
5438,3263,1,1,-1.766,paid_search,0,
5439,478,0,0,1.703,organic,0,1.0
5440,1519,1,1,-0.553,organic,1,0.0
5441,1842,0,0,1.334,organic,0,0.0
5442,3729,1,1,-1.038,organic,0,1.0
5443,1261,0,0,0.502,organic,0,1.0
5444,3581,0,0,-0.427,referral,0,1.0
5445,644,1,1,0.283,organic,0,1.0
5446,2828,0,0,-1.139,referral,0,0.0
5447,1781,1,0,0.477,organic,0,0.0
5448,605,0,0,1.949,paid_search,0,1.0
5449,2501,1,1,1.875,referral,1,1.0
5450,483,1,1,1.31,partner,0,
5451,3514,0,0,0.54,paid_search,1,0.0
5452,618,1,1,-0.678,organic,0,
5453,2499,1,1,0.136,partner,0,1.0
5454,1185,0,0,-0.728,partner,0,0.0
5455,739,0,0,-1.05,partner,0,0.0
5456,3745,1,1,0.341,referral,0,0.0
5457,2033,1,0,0.245,partner,0,0.0
5458,3054,1,0,-0.414,paid_search,0,1.0
5459,3376,0,0,-0.924,paid_search,0,0.0
5460,461,1,0,-0.363,organic,0,1.0
5461,2058,0,0,1.431,organic,0,1.0
5462,32,1,0,-0.397,paid_search,0,0.0
5463,839,0,0,-0.062,referral,0,1.0
5464,2467,0,0,-0.291,organic,1,0.0
5465,1705,0,0,-0.671,referral,1,0.0
5466,2212,1,0,0.015,organic,1,0.0
5467,1380,1,1,0.465,referral,0,0.0
5468,3743,0,0,-0.484,referral,0,
5469,2759,1,1,0.893,organic,0,1.0
5470,538,1,1,-0.633,organic,1,0.0
5471,1237,1,1,-0.173,organic,0,0.0
5472,4144,0,0,0.207,referral,0,1.0
5473,606,0,1,-1.153,organic,0,1.0
5474,1000,1,1,0.308,organic,0,1.0
5475,2217,0,0,-0.261,organic,0,1.0
5476,1061,0,0,-0.718,organic,1,1.0
5477,3577,0,0,-0.272,referral,0,0.0
5478,88,1,1,2.499,paid_search,0,1.0
5479,306,1,0,-1.11,organic,0,1.0
5480,2346,0,0,1.843,referral,0,1.0
5481,120,1,1,-0.558,organic,0,1.0
5482,1789,0,0,0.241,organic,0,
5483,1157,0,0,-0.029,paid_search,1,0.0
5484,4218,0,0,2.198,paid_search,0,1.0
5485,3237,0,0,-1.152,partner,0,0.0
5486,41,1,1,1.027,referral,0,0.0
5487,965,1,1,-0.829,organic,0,0.0
5488,1122,1,1,-1.781,organic,0,0.0
5489,3572,1,1,0.693,referral,0,0.0
5490,1198,0,0,0.954,paid_search,0,0.0
5491,3128,0,0,-0.838,referral,1,0.0
5492,4191,1,1,-1.026,organic,0,0.0
5493,14,1,1,-0.14,paid_search,0,
5494,537,1,1,-0.341,paid_search,1,1.0
5495,3466,0,0,-0.809,organic,0,1.0
5496,3835,1,0,1.562,referral,1,0.0
5497,4257,1,1,0.442,organic,0,1.0
5498,1657,1,1,2.101,organic,0,1.0
5499,3981,0,0,0.765,paid_search,0,1.0
5500,2054,0,0,-0.717,paid_search,0,0.0
5501,2941,0,0,1.971,referral,0,1.0
5502,3933,0,0,-0.447,referral,0,1.0
5503,3776,0,0,-0.954,partner,1,0.0
5504,2988,0,0,0.447,referral,1,1.0
5505,2425,0,0,1.443,organic,0,1.0
5506,1168,0,0,1.227,organic,0,0.0
5507,1091,0,0,-0.143,paid_search,0,0.0
5508,474,1,1,-0.721,paid_search,0,1.0
5509,1077,1,1,0.302,partner,0,0.0
5510,1732,1,1,0.253,organic,0,0.0
5511,3571,1,1,1.207,organic,0,0.0
5512,716,0,0,-0.468,referral,1,0.0
5513,3851,0,0,-0.399,paid_search,0,0.0
5514,208,0,0,1.585,organic,0,0.0
5515,2851,0,0,0.157,partner,1,0.0
5516,1496,1,0,-0.782,organic,1,0.0
5517,2642,1,0,-0.43,referral,0,0.0
5518,4149,0,1,0.561,organic,0,1.0
5519,1360,0,1,-0.662,organic,0,0.0
5520,3201,1,1,-1.456,organic,0,
5521,3671,0,0,1.96,paid_search,1,1.0
5522,3978,1,1,-0.826,referral,0,1.0
5523,173,1,1,0.122,organic,0,0.0
5524,3830,1,1,-0.014,organic,0,
5525,1693,1,1,0.874,organic,0,0.0
5526,944,0,0,1.898,referral,0,1.0
5527,127,1,1,-1.75,paid_search,1,
5528,3826,1,1,-0.492,paid_search,0,0.0
5529,367,1,1,-0.35,paid_search,1,
5530,2637,0,0,1.094,paid_search,0,0.0
5531,4231,1,1,0.123,referral,0,1.0
5532,578,0,0,0.839,organic,0,1.0
5533,107,1,0,1.153,partner,1,0.0
5534,2980,0,0,0.893,paid_search,0,1.0
5535,2699,1,0,1.455,organic,0,
5536,1870,0,0,1.025,organic,0,1.0
5537,534,0,0,2.223,referral,0,0.0
5538,1144,1,0,0.081,organic,1,0.0
5539,3699,0,0,-0.61,organic,0,
5540,3677,1,1,-1.933,partner,1,1.0
5541,3875,1,1,0.201,paid_search,0,0.0
5542,3544,0,0,1.517,paid_search,0,1.0
5543,2639,1,1,0.754,organic,0,0.0
5544,3989,0,0,1.404,organic,1,1.0
5545,1644,1,1,0.499,referral,1,1.0
5546,2131,1,1,0.113,organic,0,0.0
5547,3040,1,1,-1.543,referral,0,1.0
5548,1917,0,0,0.264,paid_search,0,0.0
5549,1626,1,1,-1.217,referral,1,0.0
5550,351,0,0,-0.24,organic,0,0.0
5551,870,1,1,-2.452,organic,0,0.0
5552,1004,0,0,0.32,referral,0,
5553,1066,1,1,-0.834,paid_search,0,0.0
5554,2699,1,1,-0.945,organic,0,0.0
5555,3211,1,1,-0.136,partner,1,0.0
5556,2257,1,1,-0.562,paid_search,0,
5557,559,0,0,-0.082,partner,1,0.0
5558,3693,1,1,-0.367,paid_search,0,
5559,1772,1,1,0.34,paid_search,0,0.0
5560,2233,1,1,0.198,organic,1,1.0
5561,4089,1,1,-0.511,referral,0,0.0
5562,3144,1,1,0.266,paid_search,0,1.0
5563,1395,1,1,0.281,organic,0,0.0
5564,3669,0,0,1.648,referral,1,0.0
5565,1795,1,1,-1.446,organic,1,0.0
5566,2860,1,0,-0.231,organic,0,1.0
5567,3658,1,1,0.055,partner,0,0.0
5568,432,1,1,-0.554,referral,0,
5569,1767,1,1,1.876,organic,0,0.0
5570,332,1,1,-0.785,organic,0,0.0
5571,187,0,0,1.183,referral,0,1.0
5572,3216,0,0,-1.237,paid_search,0,0.0
5573,1097,0,0,-0.733,referral,0,0.0
5574,303,0,0,0.791,paid_search,0,0.0
5575,89,0,1,-0.93,paid_search,1,1.0
5576,3136,1,1,1.841,organic,0,1.0
5577,3343,0,0,-0.041,referral,0,1.0
5578,1864,0,0,-0.188,paid_search,0,0.0
5579,1174,1,1,-1.009,referral,1,1.0
5580,4071,0,0,0.613,referral,0,1.0
5581,2383,1,1,-2.666,paid_search,1,0.0
5582,2989,1,0,0.134,paid_search,0,0.0
5583,1555,0,0,0.886,referral,0,0.0
5584,1502,0,0,1.738,organic,0,0.0
5585,1635,1,1,-0.563,referral,0,1.0
5586,3226,1,0,-0.327,paid_search,0,1.0
5587,274,0,0,-0.698,organic,1,0.0
5588,1564,0,0,-0.493,paid_search,1,0.0
5589,3822,0,0,-2.18,paid_search,1,0.0
5590,481,0,0,0.334,organic,0,0.0
5591,2697,0,0,0.133,organic,0,
5592,2761,1,1,-0.013,organic,0,0.0
5593,1105,0,0,-0.107,organic,0,0.0
5594,3328,1,1,0.291,organic,0,1.0
5595,548,0,0,1.017,referral,0,0.0
5596,526,1,0,-1.338,organic,0,1.0
5597,1668,1,1,-1.229,paid_search,1,0.0
5598,3322,1,1,-1.359,paid_search,0,0.0
5599,2812,1,1,-0.064,paid_search,0,0.0
5600,2293,1,1,-0.145,organic,0,0.0
5601,3643,0,0,-1.177,paid_search,0,0.0
5602,945,0,1,-1.098,paid_search,0,0.0
5603,353,1,1,-0.468,partner,0,0.0
5604,2484,0,0,-0.669,referral,0,0.0
5605,2516,1,1,0.083,paid_search,0,1.0
5606,3049,1,1,-0.017,organic,0,1.0
5607,1507,0,1,0.688,referral,0,0.0
5608,61,0,0,-1.303,partner,1,0.0
5609,1458,1,1,-1.788,partner,1,0.0
5610,1307,1,1,0.481,referral,0,0.0
5611,3845,1,1,1.432,organic,0,0.0
5612,3568,1,1,-0.545,organic,1,0.0
5613,641,0,0,1.383,organic,0,1.0
5614,4220,0,0,-0.283,paid_search,0,0.0
5615,2367,0,0,-1.096,organic,0,0.0
5616,295,0,0,-0.383,organic,0,
5617,1967,1,1,-0.696,partner,0,0.0
5618,2495,0,1,1.882,organic,0,1.0
5619,1644,1,0,2.384,organic,0,0.0
5620,1951,0,0,-0.608,organic,0,1.0
5621,3173,1,1,-2.694,organic,0,0.0
5622,3006,1,1,0.434,referral,0,1.0
5623,2874,0,0,-0.516,organic,0,0.0
5624,3706,0,0,0.99,organic,0,1.0
5625,139,0,0,-2.15,organic,0,0.0
5626,424,0,0,0.905,organic,1,0.0
5627,1055,1,0,-0.283,organic,0,1.0
5628,140,0,0,1.112,organic,0,0.0
5629,3215,1,1,-1.163,organic,0,
5630,2156,0,0,-0.185,organic,0,1.0
5631,1,1,1,0.45,partner,0,
5632,2635,1,1,1.538,referral,0,0.0
5633,2604,1,1,-0.777,organic,0,0.0
5634,427,0,0,0.466,organic,0,0.0
5635,2428,0,0,0.056,paid_search,1,0.0
5636,3283,0,0,-1.136,partner,0,1.0
5637,2546,1,0,-1.25,partner,0,0.0
5638,1599,0,0,0.949,partner,0,0.0
5639,1610,1,1,0.664,organic,0,0.0
5640,3014,0,0,-0.302,referral,1,0.0
5641,556,0,1,-0.77,referral,0,0.0
5642,4112,0,0,0.566,referral,1,1.0
5643,2951,1,1,-0.683,referral,0,0.0
5644,4271,1,1,0.1,referral,1,0.0
5645,2076,0,0,0.6,partner,1,1.0
5646,3528,0,0,1.705,paid_search,0,1.0
5647,2507,0,1,0.28,organic,0,1.0
5648,2601,0,0,-0.317,referral,1,1.0
5649,4182,0,0,-0.329,organic,0,0.0
5650,3793,0,0,1.398,referral,1,0.0
5651,2112,0,0,-0.768,paid_search,0,1.0
5652,2713,0,0,-0.426,organic,0,0.0
5653,1096,1,1,0.363,organic,1,1.0
5654,4228,1,1,1.304,paid_search,0,0.0
5655,4100,1,1,0.546,organic,0,1.0
5656,3882,1,0,0.325,organic,0,1.0
5657,2914,0,0,0.029,organic,1,1.0
5658,1253,0,0,1.314,referral,0,0.0
5659,4030,0,0,-1.663,paid_search,1,0.0
5660,57,1,1,0.869,partner,0,1.0
5661,1004,1,0,-1.142,organic,1,0.0
5662,3560,0,1,1.176,paid_search,0,1.0
5663,1044,1,1,2.533,paid_search,0,0.0
5664,2908,0,0,0.6,partner,0,1.0
5665,2163,0,0,-0.282,referral,0,1.0
5666,827,1,1,0.077,paid_search,0,0.0
5667,3227,0,0,0.624,partner,0,0.0
5668,2417,0,0,2.399,partner,1,1.0
5669,3519,1,1,-1.124,paid_search,0,1.0
5670,220,1,1,0.302,organic,0,1.0
5671,3061,1,1,-1.209,paid_search,0,1.0
5672,2971,1,1,-0.93,organic,1,0.0
5673,4203,0,0,-0.767,partner,0,0.0
5674,205,1,1,0.828,referral,0,
5675,36,1,1,-0.029,partner,0,
5676,2751,0,0,-0.147,partner,1,0.0
5677,534,1,1,-1.002,referral,0,1.0
5678,2248,0,0,0.502,partner,1,1.0
5679,3625,0,0,0.383,paid_search,1,0.0
5680,3912,1,1,-0.015,organic,0,0.0
5681,902,1,1,-0.705,paid_search,0,0.0
5682,1715,0,1,1.439,referral,0,1.0
5683,1137,1,1,0.267,paid_search,0,1.0
5684,2173,0,0,-0.685,organic,0,0.0
5685,2014,0,0,-1.147,organic,0,0.0
5686,4077,1,1,0.664,paid_search,0,0.0
5687,876,0,0,-0.09,organic,1,1.0
5688,3005,0,0,2.438,organic,0,1.0
5689,242,1,1,1.051,organic,0,0.0
5690,1734,1,1,1.091,organic,0,0.0
5691,1648,1,0,0.792,paid_search,0,0.0
5692,738,1,0,0.603,organic,0,0.0
5693,2151,1,1,1.21,referral,1,1.0
5694,2798,1,1,-0.44,paid_search,1,0.0
5695,2789,0,1,-0.473,paid_search,1,1.0
5696,3044,0,0,-0.339,organic,0,1.0
5697,500,1,1,0.411,paid_search,0,0.0
5698,3261,0,0,-0.448,partner,0,0.0
5699,1140,0,0,0.05,organic,1,0.0
5700,559,0,0,0.272,organic,1,0.0
5701,1180,0,0,1.229,organic,0,1.0
5702,912,1,0,-0.661,organic,0,1.0
5703,419,1,1,0.351,organic,1,0.0
5704,753,0,0,-0.544,partner,0,0.0
5705,2140,1,0,-0.188,referral,0,1.0
5706,728,0,0,-1.131,organic,0,
5707,53,0,0,-0.814,organic,0,0.0
5708,609,1,0,-0.612,paid_search,1,1.0
5709,1690,1,1,0.877,referral,0,1.0
5710,4174,1,1,0.517,paid_search,0,
5711,1947,0,0,-0.107,organic,0,0.0
5712,1431,1,0,-0.146,referral,0,
5713,2410,0,0,0.675,organic,0,0.0
5714,4182,0,0,-1.284,paid_search,0,0.0
5715,509,1,1,-1.977,organic,0,0.0
5716,3997,1,1,-0.284,organic,0,1.0
5717,3942,0,0,1.931,organic,0,1.0
5718,66,1,1,-0.474,organic,0,0.0
5719,436,0,0,0.929,paid_search,0,1.0
5720,3703,1,1,0.889,paid_search,0,0.0
5721,2373,1,1,0.585,paid_search,0,0.0
5722,1610,0,0,-0.259,referral,1,1.0
5723,4008,0,0,-0.093,paid_search,0,0.0
5724,1168,0,0,0.219,referral,0,0.0
5725,645,0,0,2.003,paid_search,1,1.0
5726,2370,0,0,-0.593,organic,0,0.0
5727,2942,1,1,0.589,paid_search,0,0.0
5728,2130,0,0,-2.018,organic,1,
5729,4200,0,0,0.263,paid_search,1,0.0
5730,3820,1,0,-0.688,organic,0,0.0
5731,1077,0,0,1.755,partner,0,1.0
5732,771,1,1,1.187,paid_search,0,1.0
5733,945,0,0,0.999,organic,0,0.0
5734,1909,1,1,0.471,referral,0,0.0
5735,861,1,1,-0.104,paid_search,0,1.0
5736,370,0,0,-0.171,organic,0,0.0
5737,4167,1,1,0.355,organic,0,
5738,1689,1,0,1.737,organic,0,1.0
5739,3249,1,1,1.094,organic,1,0.0
5740,2265,1,1,-0.966,organic,0,0.0
5741,3045,1,1,0.075,paid_search,0,0.0
5742,308,1,1,-1.423,organic,0,0.0
5743,2857,0,0,-0.072,organic,1,0.0
5744,2310,0,0,0.386,organic,0,0.0
5745,3184,0,0,1.115,referral,0,0.0
5746,1837,1,1,0.591,paid_search,0,1.0
5747,608,1,1,0.753,referral,0,0.0
5748,4146,0,0,-0.469,referral,1,0.0
5749,1664,1,0,-0.204,paid_search,0,1.0
5750,1144,1,1,-0.227,paid_search,0,
5751,2164,0,0,0.409,paid_search,1,0.0
5752,3181,1,1,1.07,referral,0,0.0
5753,3289,0,0,-1.545,partner,0,1.0
5754,3714,1,1,-0.412,paid_search,0,0.0
5755,1029,0,0,-0.43,organic,0,1.0
5756,3922,1,1,0.045,referral,1,0.0
5757,1828,0,0,-2.092,partner,0,0.0
5758,4223,1,1,0.319,organic,0,0.0
5759,1004,0,0,-0.255,organic,1,0.0
5760,4150,1,0,-0.386,partner,0,0.0
5761,1378,0,0,1.577,referral,0,1.0
5762,782,1,1,0.099,paid_search,0,0.0
5763,1284,0,0,-1.198,paid_search,0,0.0
5764,2090,1,1,-1.072,paid_search,0,0.0
5765,3782,0,0,-0.84,paid_search,0,0.0
5766,2686,0,0,0.596,referral,0,0.0
5767,1049,1,1,-0.404,paid_search,0,0.0
5768,3781,0,0,-1.149,referral,1,1.0
5769,632,1,0,0.035,partner,1,0.0
5770,2270,0,1,0.741,organic,0,1.0
5771,3621,0,0,-0.215,referral,0,1.0
5772,4191,0,0,0.435,referral,0,0.0
5773,3108,1,1,0.344,organic,0,
5774,2607,0,0,-0.337,organic,1,1.0
5775,46,1,1,0.467,paid_search,1,1.0
5776,2313,1,1,-1.227,paid_search,0,0.0
5777,3166,0,0,0.407,paid_search,1,
5778,1776,1,0,-0.273,partner,1,0.0
5779,1761,0,0,1.864,organic,0,0.0
5780,2441,1,0,1.721,organic,0,1.0
5781,2153,0,0,1.013,referral,0,1.0
5782,368,1,1,-1.037,partner,1,0.0
5783,1763,1,1,-0.722,organic,0,0.0
5784,434,0,0,-0.518,paid_search,1,1.0
5785,1606,1,1,-1.644,organic,0,
5786,2967,0,0,0.489,organic,0,0.0
5787,4294,1,1,-1.13,paid_search,0,0.0
5788,3401,0,0,-0.04,organic,0,0.0
5789,31,0,0,0.636,organic,0,1.0
5790,4152,0,0,-0.161,organic,1,0.0
5791,3287,1,1,-0.443,organic,0,0.0
5792,3761,0,0,-0.28,paid_search,1,1.0
5793,1259,0,0,-0.932,referral,0,1.0
5794,1079,0,0,0.002,paid_search,0,0.0
5795,2267,0,0,1.324,referral,0,0.0
5796,2810,1,1,0.107,paid_search,0,0.0
5797,4259,1,1,-0.189,partner,0,1.0
5798,1257,1,1,0.333,referral,0,0.0
5799,2582,1,1,-0.915,referral,0,0.0
5800,924,1,1,0.175,referral,0,1.0
5801,3801,1,1,-0.509,organic,0,1.0
5802,2223,0,0,0.341,organic,1,1.0
5803,4167,1,0,1.606,referral,0,1.0
5804,2807,0,0,0.569,organic,0,1.0
5805,1239,0,0,-0.698,paid_search,1,0.0
5806,3688,0,0,1.002,referral,0,0.0
5807,3082,0,0,-0.458,referral,1,0.0
5808,421,0,1,0.313,organic,0,0.0
5809,3571,1,1,-0.144,partner,0,0.0
5810,690,0,0,-0.389,paid_search,1,1.0
5811,1004,0,0,-0.522,organic,0,0.0
5812,2658,0,0,-0.958,referral,1,1.0
5813,2570,1,0,0.274,organic,1,0.0
5814,1305,1,1,-0.319,partner,0,
5815,3079,0,0,-1.077,organic,0,0.0
5816,2574,1,0,-1.46,organic,0,0.0
5817,835,1,0,-0.092,partner,0,0.0
5818,2767,1,1,0.167,referral,0,1.0
5819,3828,0,0,0.017,organic,0,0.0
5820,3729,0,0,-0.267,paid_search,1,1.0
5821,3456,1,1,-0.217,partner,0,0.0
5822,1482,1,1,0.071,organic,0,0.0
5823,3323,1,1,-0.929,organic,0,0.0
5824,3965,0,0,-0.255,organic,1,1.0
5825,2562,0,0,0.622,organic,0,1.0
5826,4180,1,0,-0.744,organic,0,1.0
5827,2716,1,1,0.063,organic,0,1.0
5828,3962,0,0,-0.078,organic,1,0.0
5829,2545,1,1,-0.152,organic,0,0.0
5830,4222,0,0,0.781,partner,0,0.0
5831,833,1,0,-2.198,partner,0,
5832,3819,0,0,-0.21,paid_search,0,1.0
5833,3350,1,1,1.813,organic,1,0.0
5834,920,0,0,-0.223,organic,1,0.0
5835,3245,1,1,-1.318,partner,0,0.0
5836,570,1,1,0.497,organic,0,0.0
5837,98,0,0,-0.435,organic,1,1.0
5838,3982,0,0,-1.127,organic,0,0.0
5839,166,0,0,1.129,organic,1,1.0
5840,1236,0,1,-0.448,organic,0,0.0
5841,689,0,0,-0.185,paid_search,0,
5842,1572,0,1,-0.153,paid_search,0,0.0
5843,1350,0,0,-2.211,organic,0,0.0
5844,1050,0,0,-0.398,organic,1,0.0
5845,2662,1,1,-0.662,organic,0,0.0
5846,3608,0,1,1.498,organic,0,1.0
5847,768,0,0,0.799,organic,0,0.0
5848,684,0,0,1.808,referral,1,0.0
5849,3604,0,0,0.069,referral,1,0.0
5850,2431,1,1,-1.541,referral,1,1.0
5851,2188,0,0,0.965,organic,0,0.0
5852,3713,0,0,-0.976,paid_search,1,0.0
5853,2776,1,1,1.023,referral,1,1.0
5854,1534,1,0,0.741,organic,0,0.0
5855,1315,1,1,-0.694,paid_search,0,0.0
5856,4128,0,0,1.469,partner,0,1.0
5857,3605,0,1,2.3,referral,0,0.0
5858,1145,0,1,0.91,referral,0,1.0
5859,3466,0,0,1.032,organic,0,0.0
5860,644,0,0,-0.847,paid_search,1,0.0
5861,3769,1,1,-1.612,organic,0,0.0
5862,3665,1,1,0.59,referral,0,1.0
5863,1149,0,0,0.021,partner,1,1.0
5864,1209,0,1,1.057,paid_search,0,0.0
5865,3856,1,1,-3.042,organic,0,
5866,1216,0,0,1.066,organic,0,1.0
5867,2622,0,0,0.804,referral,1,0.0
5868,395,1,1,0.423,paid_search,0,
5869,821,0,0,1.184,partner,0,1.0
5870,606,0,0,-0.208,organic,0,
5871,3327,1,1,0.314,organic,0,0.0
5872,3418,0,0,-0.939,organic,0,0.0
5873,2356,1,1,-1.912,paid_search,0,0.0
5874,2119,0,0,-0.732,referral,1,0.0
5875,19,0,0,0.441,referral,0,1.0
5876,1382,1,1,-0.964,organic,1,0.0
5877,1,1,1,-0.299,organic,0,1.0
5878,166,0,0,0.385,organic,0,1.0
5879,633,0,0,1.18,paid_search,0,1.0
5880,197,1,1,-0.568,organic,0,
5881,3837,1,1,-0.325,referral,0,0.0
5882,1626,1,1,0.546,organic,0,1.0
5883,819,1,1,0.851,organic,0,1.0
5884,538,1,1,0.13,organic,1,0.0
5885,835,0,0,2.352,organic,0,1.0
5886,1075,1,1,0.179,referral,0,0.0
5887,1924,1,1,0.304,paid_search,0,
5888,839,1,1,-0.795,organic,1,0.0
5889,3183,0,0,1.443,partner,1,0.0
5890,2420,0,0,-0.745,paid_search,0,0.0
5891,384,1,0,-1.421,paid_search,0,0.0
5892,1377,0,0,0.878,paid_search,1,0.0
5893,1435,0,0,0.71,partner,0,0.0
5894,2426,0,0,-0.796,organic,1,0.0
5895,1460,1,1,-0.07,organic,0,
5896,469,0,0,-0.267,partner,0,1.0
5897,575,1,0,1.8,referral,1,1.0
5898,1080,1,1,-0.034,paid_search,0,0.0
5899,1999,1,1,0.586,organic,0,
5900,4025,0,0,1.066,referral,0,
5901,2839,1,1,0.546,partner,0,0.0
5902,900,0,0,0.05,partner,1,0.0
5903,2929,1,0,0.116,organic,0,0.0
5904,379,0,0,1.001,paid_search,0,1.0
5905,811,1,1,0.131,referral,0,0.0
5906,1759,0,0,-0.378,referral,0,0.0
5907,2419,1,1,1.285,referral,0,1.0
5908,2255,0,0,1.136,organic,0,0.0
5909,450,0,0,0.068,referral,1,0.0
5910,2776,1,0,-0.445,referral,1,0.0
5911,2085,1,1,-0.034,referral,1,1.0
5912,3449,0,0,0.018,referral,1,0.0
5913,2562,0,0,-0.561,organic,1,1.0
5914,2219,1,1,1.056,organic,0,1.0
5915,3703,1,1,0.125,referral,0,1.0
5916,3941,1,0,-0.172,referral,0,0.0
5917,399,1,1,-0.15,referral,0,1.0
5918,2104,0,0,-0.042,paid_search,0,0.0
5919,2879,0,0,-1.005,paid_search,0,0.0
5920,1442,0,0,0.779,organic,1,0.0
5921,3019,1,1,-0.747,organic,0,0.0
5922,3300,1,1,1.116,referral,0,0.0
5923,3430,0,1,0.747,paid_search,0,1.0
5924,312,1,0,0.446,paid_search,0,0.0
5925,1575,1,0,-1.918,referral,0,0.0
5926,612,0,0,0.493,organic,1,0.0
5927,1741,1,1,0.663,referral,0,0.0
5928,909,0,0,-0.559,paid_search,0,0.0
5929,3894,0,0,0.431,organic,0,0.0
5930,1055,0,0,1.437,referral,1,0.0
5931,3857,1,1,0.115,referral,0,
5932,1623,1,1,1.049,organic,0,0.0
5933,4117,0,0,-1.147,paid_search,1,0.0
5934,3279,0,0,0.162,organic,0,0.0
5935,2829,0,0,-2.17,paid_search,1,
5936,1984,1,1,0.409,referral,0,1.0
5937,3827,1,1,-0.99,organic,1,1.0
5938,4225,0,0,-1.248,organic,1,0.0
5939,3159,1,1,0.517,referral,1,
5940,3789,0,0,0.122,paid_search,1,0.0
5941,948,0,0,-1.566,organic,1,0.0
5942,2454,0,0,-0.193,partner,0,1.0
5943,4071,1,1,0.195,referral,0,1.0
5944,454,0,0,-0.517,organic,0,1.0
5945,1803,1,1,0.551,organic,0,1.0
5946,2552,0,0,0.753,partner,0,1.0
5947,1935,0,0,-1.296,referral,1,0.0
5948,1361,0,0,-0.201,organic,0,1.0
5949,2692,1,1,0.318,partner,1,0.0
5950,2681,0,0,-0.066,referral,0,0.0
5951,1551,0,0,0.152,paid_search,0,1.0
5952,2721,1,1,1.086,organic,0,0.0
5953,2710,1,1,0.916,organic,1,0.0
5954,2405,0,0,-0.972,organic,0,1.0
5955,1104,1,1,0.274,referral,0,0.0
5956,431,1,1,0.283,organic,0,0.0
5957,2574,1,0,-1.439,referral,0,
5958,3700,1,1,0.1,organic,0,0.0
5959,2688,0,0,0.143,organic,0,1.0
5960,387,1,1,1.482,organic,1,1.0
5961,2394,0,0,-0.38,paid_search,0,0.0
5962,3681,0,0,-3.08,referral,0,1.0
5963,886,1,1,-0.873,paid_search,1,
5964,813,0,0,1.181,paid_search,0,0.0
5965,3484,0,0,1.155,organic,1,1.0
5966,4269,0,0,-2.006,organic,0,0.0
5967,3791,1,1,0.039,organic,0,0.0
5968,1777,1,1,-0.168,referral,0,1.0
5969,3729,0,0,0.643,paid_search,1,1.0
5970,3410,0,0,-0.564,partner,1,
5971,728,0,0,-0.474,paid_search,0,0.0
5972,2169,0,0,-0.656,organic,0,0.0
5973,2879,0,0,1.176,paid_search,0,1.0
5974,3065,1,0,-2.688,referral,0,0.0
5975,1690,1,0,-1.02,organic,1,
5976,1539,0,0,-0.568,paid_search,0,1.0
5977,3525,1,1,-1.04,organic,0,0.0
5978,560,1,1,0.689,referral,0,0.0
5979,1396,1,1,-0.486,organic,1,0.0
5980,426,0,0,2.628,organic,0,0.0
5981,2181,0,0,-1.958,paid_search,0,0.0
5982,1813,1,1,-0.337,organic,0,0.0
5983,3068,1,1,0.832,organic,0,1.0
5984,72,0,0,-0.496,organic,1,1.0
5985,820,0,0,1.74,organic,0,1.0
5986,218,0,0,3.522,referral,0,1.0
5987,2111,0,0,-1.395,partner,0,
5988,3158,1,1,-1.503,organic,0,1.0
5989,3255,1,1,0.116,organic,0,
5990,3856,0,0,0.39,organic,1,1.0
5991,3326,0,0,2.003,referral,0,0.0
5992,2538,0,0,-2.328,organic,1,1.0
5993,1313,0,0,1.952,paid_search,0,1.0
5994,2089,0,0,0.297,paid_search,1,0.0
5995,3944,0,0,-2.355,referral,1,0.0
5996,1774,1,1,0.392,organic,0,
5997,3418,0,0,-1.545,organic,0,1.0
5998,3738,0,1,-1.264,organic,0,
5999,375,0,0,0.867,partner,0,0.0
6000,1827,1,1,0.206,partner,0,0.0
