applicant_id,ability_score,networking_score,hired,performance
1,55.3,90.2,1,75.8
2,85.3,51.3,1,95.3
3,51.7,50.3,0,
4,81.2,39.3,1,98.3
5,65.6,60.8,0,
6,77.1,38.1,1,87.3
7,53.0,44.1,0,
8,75.1,52.6,1,69.1
9,65.7,44.9,0,
10,32.7,60.7,0,
11,66.5,49.2,0,
12,65.6,59.7,1,78.2
13,67.4,54.8,0,
14,79.6,45.7,1,79.0
15,67.6,41.2,0,
16,66.4,31.7,0,
17,52.0,30.1,0,
18,80.7,42.9,0,
19,76.6,46.0,1,71.3
20,84.9,67.4,1,81.0
21,80.5,58.0,1,90.8
22,66.5,48.1,1,65.9
23,94.7,56.4,1,87.4
24,75.4,52.5,1,79.9
25,60.3,60.1,0,
26,74.8,45.7,1,75.8
27,81.9,44.1,0,
28,86.2,71.5,1,84.4
29,81.3,36.5,0,
30,63.8,61.7,0,
31,77.4,52.2,1,81.1
32,69.8,43.9,0,
33,79.1,45.7,1,77.3
34,87.3,38.0,1,82.0
35,86.4,72.3,1,85.0
36,71.5,61.0,0,
37,71.7,32.4,0,
38,86.7,44.3,0,
39,66.5,35.3,0,
40,76.1,65.4,1,82.2
41,78.1,52.2,0,
42,80.2,48.9,0,
43,78.1,52.3,1,77.5
44,56.9,74.2,1,65.5
45,69.5,54.6,0,
46,66.6,72.5,1,70.8
47,78.4,53.8,1,84.6
48,55.0,59.0,0,
49,66.5,26.5,0,
50,52.6,42.7,0,
51,58.9,48.3,0,
52,60.6,51.0,0,
53,37.6,26.3,0,
54,99.7,67.3,1,85.6
55,61.7,17.7,0,
56,61.5,55.2,0,
57,61.3,62.7,0,
58,64.4,48.3,0,
59,81.8,25.7,0,
60,62.2,41.7,0,
61,87.3,40.9,1,87.5
62,60.6,51.5,1,71.6
63,62.5,33.9,0,
64,62.2,45.6,0,
65,70.1,43.2,0,
66,90.5,48.3,1,99.1
67,91.8,44.4,1,90.8
68,51.8,55.3,0,
69,54.8,49.4,0,
70,42.2,32.2,0,
71,60.9,44.1,0,
72,59.2,55.7,0,
73,56.0,53.3,0,
74,82.3,59.5,1,82.0
75,73.4,40.7,1,66.2
76,65.6,33.6,0,
77,55.9,68.1,0,
78,67.0,35.3,0,
79,79.5,51.4,1,84.2
80,64.7,90.3,1,70.1
81,80.3,54.8,0,
82,66.8,40.9,0,
83,63.1,59.4,0,
84,62.3,49.1,0,
85,61.6,38.0,0,
86,83.6,61.9,1,84.2
87,81.5,42.5,1,72.7
88,79.9,49.3,0,
89,67.9,67.0,0,
90,75.2,70.7,1,72.9
91,66.0,44.2,1,77.9
92,67.8,65.5,0,
93,57.0,81.6,1,44.3
94,50.3,32.4,0,
95,76.2,60.3,1,70.9
96,74.5,28.5,0,
97,60.6,49.6,0,
98,60.1,36.2,0,
99,36.4,46.4,0,
100,92.0,69.4,1,96.5
101,71.7,64.9,0,
102,76.2,11.1,0,
103,67.1,67.6,1,60.3
104,66.2,42.7,0,
105,76.9,76.4,1,68.5
106,79.5,61.8,0,
107,64.6,28.0,0,
108,68.0,45.2,0,
109,80.7,36.7,1,75.2
110,66.4,53.1,0,
111,60.3,52.2,0,
112,56.1,55.8,0,
113,48.7,47.6,0,
114,73.5,61.2,0,
115,68.0,46.2,0,
116,84.4,45.3,0,
117,90.9,48.0,1,85.7
118,74.7,76.0,1,82.5
119,66.5,58.5,0,
120,48.0,45.6,0,
121,56.7,48.3,0,
122,66.2,52.1,0,
123,49.7,52.0,0,
124,75.8,51.7,1,76.6
125,63.3,47.6,0,
126,58.9,30.1,1,70.4
127,62.7,57.9,0,
128,92.9,60.6,1,93.3
129,53.8,37.6,0,
130,57.6,71.7,1,51.7
131,67.6,61.7,1,73.5
132,60.6,60.6,1,60.2
133,62.6,35.8,0,
134,79.7,30.4,0,
135,60.1,50.3,0,
136,79.9,49.8,0,
137,56.2,55.9,0,
138,57.2,50.7,0,
139,84.8,47.2,0,
140,62.0,61.0,0,
141,66.0,57.9,0,
142,70.1,59.5,1,76.2
143,78.8,51.6,1,82.9
144,55.8,50.1,0,
145,90.0,18.1,0,
146,88.8,66.1,1,92.2
147,71.4,45.7,0,
148,79.0,51.9,1,87.9
149,74.7,30.6,0,
150,59.7,49.0,0,
151,77.9,59.1,1,73.1
152,67.0,31.0,0,
153,77.0,31.8,0,
154,66.0,65.4,1,73.6
155,64.0,48.1,0,
156,64.0,46.7,0,
157,71.5,46.0,0,
158,81.4,31.7,1,83.0
159,66.4,32.5,0,
160,74.1,44.3,1,73.6
161,73.9,51.4,1,77.6
162,58.9,46.3,1,68.0
163,81.5,41.4,0,
164,77.8,48.5,1,72.7
165,72.2,27.7,0,
166,70.7,57.9,1,73.5
167,59.1,61.0,1,75.8
168,70.6,45.9,1,71.3
169,75.1,61.9,1,70.8
170,68.4,42.1,0,
171,60.0,68.9,1,62.0
172,76.8,52.5,0,
173,52.8,29.1,0,
174,72.9,64.0,1,78.9
175,70.8,70.5,1,73.1
176,73.9,50.5,1,85.7
177,92.5,44.0,0,
178,66.1,78.7,1,66.1
179,61.3,50.4,0,
180,77.6,36.7,0,
181,66.7,41.5,0,
182,91.9,26.9,0,
183,61.5,41.5,0,
184,65.7,56.9,0,
185,75.2,33.0,1,70.8
186,90.2,45.7,1,102.0
187,96.2,53.7,1,93.4
188,51.6,59.6,0,
189,74.4,73.4,1,91.9
190,80.9,31.9,1,80.6
191,58.6,56.4,0,
192,68.8,52.2,1,79.7
193,65.6,44.0,0,
194,66.2,42.6,0,
195,49.2,58.5,0,
196,60.9,48.4,0,
197,80.5,36.7,0,
198,78.4,64.3,1,80.8
199,63.6,81.7,1,63.7
200,48.5,47.0,0,
201,86.0,51.5,1,89.4
202,51.3,58.3,0,
203,66.4,50.8,0,
204,63.8,57.7,0,
205,65.0,29.0,0,
206,96.3,55.6,1,93.4
207,55.1,58.5,0,
208,54.3,57.4,0,
209,47.7,49.4,0,
210,62.1,37.7,0,
211,70.3,34.7,0,
212,56.3,66.3,1,59.7
213,93.8,36.0,1,89.4
214,64.9,72.1,1,67.8
215,68.2,46.4,0,
216,63.4,36.1,0,
217,62.7,36.0,0,
218,63.2,30.8,0,
219,84.2,73.9,1,86.5
220,58.0,50.1,0,
221,81.1,36.8,1,72.5
222,67.5,61.7,0,
223,68.4,54.1,1,73.9
224,63.4,25.5,0,
225,52.9,68.4,0,
226,77.6,60.4,1,83.0
227,59.9,66.8,1,65.5
228,77.6,69.6,1,76.5
229,75.0,46.0,0,
230,82.7,25.6,0,
231,91.1,60.7,1,89.3
232,88.3,71.1,1,83.0
233,81.6,19.4,0,
234,64.2,41.4,0,
235,68.1,46.7,0,
236,68.3,37.2,0,
237,62.8,66.5,1,72.4
238,75.9,57.6,1,64.6
239,81.1,72.8,1,64.7
240,63.6,56.1,0,
241,60.4,38.5,0,
242,64.6,32.0,0,
243,80.8,41.8,1,87.5
244,65.3,49.6,0,
245,71.9,60.7,1,74.4
246,60.9,53.9,0,
247,73.2,48.4,1,82.2
248,63.3,43.9,0,
249,76.2,72.5,1,81.7
250,77.2,49.3,0,
251,82.9,55.4,1,82.6
252,62.9,44.2,0,
253,69.0,68.0,1,72.9
254,72.7,32.0,0,
255,79.0,59.2,1,81.6
256,61.9,47.6,1,71.8
257,75.1,49.9,0,
258,83.7,75.8,1,97.3
259,44.5,48.7,0,
260,59.4,62.4,1,69.5
261,70.4,57.3,1,79.9
262,76.9,38.6,0,
263,69.2,36.4,0,
264,57.2,56.2,0,
265,66.4,35.6,0,
266,95.1,33.0,0,
267,80.6,65.4,1,89.7
268,69.9,41.5,1,69.0
269,83.2,45.3,0,
270,83.9,48.3,1,83.2
271,94.2,27.3,0,
272,77.6,28.1,0,
273,56.5,63.2,0,
274,85.1,26.5,0,
275,74.7,33.2,1,75.0
276,82.1,47.2,1,69.2
277,64.2,51.9,0,
278,87.3,58.8,1,82.2
279,80.4,54.0,1,77.5
280,67.3,34.7,0,
281,90.4,34.7,0,
282,64.7,45.8,0,
283,78.8,57.8,1,76.0
284,63.5,56.3,1,60.4
285,75.8,61.5,1,80.9
286,74.6,71.1,1,86.8
287,79.3,54.0,1,78.6
288,72.6,45.0,1,78.2
289,77.3,52.0,1,76.4
290,97.0,48.9,1,93.6
291,65.6,54.0,0,
292,66.6,60.6,0,
293,55.8,24.5,0,
294,70.5,67.0,1,64.2
295,70.6,38.2,0,
296,65.9,80.9,1,74.9
297,52.8,50.7,0,
298,68.4,51.8,0,
299,53.8,18.3,0,
300,79.5,81.5,1,89.2
301,60.9,55.5,0,
302,68.4,69.6,0,
303,78.7,47.1,1,80.0
304,78.4,25.4,0,
305,63.0,39.7,0,
306,51.1,64.5,0,
307,79.3,46.9,1,88.7
308,68.6,61.3,1,70.3
309,83.1,56.0,1,79.9
310,73.6,50.0,1,78.0
311,79.5,54.5,1,81.1
312,74.7,55.9,1,69.0
313,53.3,49.1,0,
314,72.8,59.2,0,
315,79.2,64.0,1,84.4
316,53.0,41.3,0,
317,70.3,53.1,1,74.2
318,49.6,52.9,0,
319,101.1,65.8,1,88.2
320,65.8,58.6,1,67.8
321,60.3,34.5,0,
322,60.6,39.2,0,
323,73.7,37.9,0,
324,76.2,46.5,0,
325,57.3,26.3,0,
326,101.9,52.4,1,102.0
327,54.2,62.5,1,55.5
328,73.1,69.4,1,66.1
329,59.6,57.4,0,
330,59.5,57.9,0,
331,69.9,48.5,0,
332,88.9,56.8,1,85.5
333,55.0,54.7,0,
334,83.3,61.1,1,94.9
335,56.0,73.3,1,65.1
336,97.4,47.6,1,88.2
337,66.1,23.6,0,
338,72.1,34.1,0,
339,69.9,43.3,0,
340,72.0,69.3,1,81.5
341,69.7,41.0,0,
342,75.7,53.5,1,88.0
343,82.8,47.6,0,
344,71.8,51.8,1,80.8
345,68.6,39.9,0,
346,73.2,49.2,1,65.9
347,76.0,69.9,1,83.3
348,72.3,65.5,1,75.2
349,75.5,28.5,0,
350,60.5,57.1,1,75.9
351,72.8,38.4,0,
352,54.0,58.7,0,
353,54.6,55.7,0,
354,77.1,42.7,0,
355,68.4,50.3,0,
356,85.6,47.1,1,91.3
357,64.8,43.4,0,
358,58.8,63.3,0,
359,74.5,62.2,1,78.2
360,76.9,50.9,0,
361,81.2,36.7,0,
362,88.9,51.5,1,92.0
363,57.8,53.0,0,
364,53.6,45.1,0,
365,73.7,51.4,1,85.8
366,90.8,40.6,1,86.7
367,72.9,70.3,0,
368,71.4,55.2,0,
369,66.3,46.5,0,
370,76.9,59.6,1,82.7
371,49.6,43.4,1,61.4
372,66.0,33.9,0,
373,72.9,62.2,1,73.9
374,68.6,49.3,1,74.5
375,60.7,39.6,0,
376,73.0,70.7,1,75.7
377,74.7,36.9,1,76.1
378,77.6,46.5,1,80.7
379,57.6,42.6,0,
380,68.2,44.9,0,
381,62.8,53.1,1,67.2
382,62.0,27.4,0,
383,63.9,52.8,0,
384,81.6,55.8,1,75.8
385,67.0,48.2,1,82.1
386,62.2,56.7,0,
387,72.3,34.3,0,
388,76.9,53.0,1,77.7
389,79.5,65.8,0,
390,53.9,44.6,0,
391,70.9,56.4,0,
392,70.6,51.7,0,
393,56.6,55.0,0,
394,90.5,45.3,1,71.4
395,73.0,67.7,1,68.3
396,88.0,43.9,1,83.5
397,64.6,55.6,0,
398,84.4,34.1,0,
399,66.9,50.4,0,
400,88.9,74.1,1,87.0
401,87.1,50.8,1,94.8
402,69.3,38.6,0,
403,63.1,36.6,0,
404,88.9,50.1,1,93.3
405,78.0,68.1,1,75.7
406,54.6,48.8,1,68.6
407,85.0,43.2,1,89.8
408,70.9,30.3,1,66.7
409,76.2,33.7,0,
410,72.6,46.1,1,81.3
411,59.5,64.6,0,
412,73.6,59.7,1,69.5
413,74.8,45.3,1,74.8
414,66.8,53.7,1,67.8
415,79.0,61.5,1,72.3
416,90.9,67.3,1,84.6
417,59.0,44.3,0,
418,53.8,52.2,0,
419,61.3,47.2,0,
420,36.6,67.8,0,
421,104.6,47.1,1,100.9
422,73.3,49.8,1,75.8
423,59.5,47.1,0,
424,83.0,58.5,1,74.6
425,70.5,34.6,0,
426,49.4,31.3,0,
427,87.5,60.8,1,81.9
428,70.4,47.1,1,87.4
429,68.4,28.1,0,
430,54.4,33.1,0,
431,77.7,47.5,1,78.6
432,88.6,45.8,1,83.4
433,54.6,60.8,1,64.7
434,70.0,43.8,0,
435,99.5,52.7,1,95.7
436,50.6,61.5,1,53.5
437,60.1,47.6,0,
438,64.3,51.3,0,
439,78.1,67.7,1,77.0
440,85.1,60.3,1,78.7
441,85.5,53.2,1,81.1
442,82.5,26.2,0,
443,78.4,81.5,1,80.6
444,84.1,47.1,1,80.7
445,73.6,62.8,1,77.5
446,59.4,54.5,0,
447,61.7,40.2,0,
448,78.0,17.0,0,
449,72.5,42.7,0,
450,68.0,41.2,0,
451,87.3,46.5,1,83.1
452,61.8,50.0,0,
453,59.3,64.2,1,67.1
454,70.9,47.3,0,
455,77.6,69.1,1,87.2
456,68.0,69.6,1,76.8
457,86.9,29.7,0,
458,55.5,77.2,1,63.9
459,71.7,53.9,1,82.0
460,54.0,48.0,0,
461,56.5,46.9,0,
462,63.2,63.6,0,
463,74.8,42.1,0,
464,107.3,80.0,1,100.7
465,70.1,18.6,0,
466,83.8,61.1,1,76.9
467,61.2,28.4,0,
468,73.1,42.8,1,80.7
469,80.1,37.9,0,
470,91.8,52.0,1,84.7
471,58.7,21.5,0,
472,72.2,61.5,1,76.6
473,62.9,46.8,0,
474,42.5,64.3,1,50.9
475,80.6,45.8,0,
476,62.2,40.8,0,
477,89.8,54.9,1,81.6
478,62.2,40.1,0,
479,84.7,29.6,0,
480,79.2,52.8,1,74.9
481,55.0,52.9,0,
482,84.7,54.3,0,
483,83.6,41.8,1,84.7
484,51.0,30.8,0,
485,57.6,29.0,0,
486,69.5,48.7,0,
487,71.5,39.5,0,
488,55.2,35.1,0,
489,68.0,42.3,0,
490,56.7,39.4,0,
491,80.0,51.9,1,73.3
492,74.5,70.3,1,60.6
493,65.5,45.8,0,
494,74.4,43.4,0,
495,78.0,46.5,0,
496,64.9,43.0,0,
497,55.6,59.8,0,
498,70.2,32.2,0,
499,92.7,34.8,0,
500,75.4,43.0,0,
501,49.2,31.9,0,
502,69.4,48.7,0,
503,85.8,82.7,1,81.5
504,94.7,40.3,1,93.1
505,81.7,50.9,1,72.5
506,75.1,52.7,1,71.8
507,63.5,59.3,1,63.6
508,73.6,52.7,1,76.7
509,59.7,55.7,0,
510,58.1,35.5,0,
511,68.2,71.4,0,
512,61.2,48.7,0,
513,85.5,52.6,0,
514,75.3,48.6,0,
515,73.3,51.5,1,80.7
516,51.6,50.2,0,
517,60.7,56.5,1,69.5
518,56.0,35.9,0,
519,82.7,40.8,1,83.0
520,83.7,47.0,1,73.6
521,57.3,36.9,0,
522,55.9,54.3,1,73.0
523,79.4,54.3,0,
524,75.3,65.4,1,81.8
525,68.9,29.8,0,
526,69.9,58.7,0,
527,68.7,65.1,1,65.3
528,65.1,29.5,0,
529,60.1,53.9,1,71.0
530,72.7,43.3,0,
531,56.5,47.1,0,
532,65.7,64.5,1,72.2
533,65.6,19.0,0,
534,66.1,38.4,0,
535,77.8,52.2,1,70.6
536,58.9,39.6,0,
537,44.8,53.6,0,
538,81.4,56.9,1,88.8
539,67.8,49.7,0,
540,87.2,28.4,0,
541,69.2,48.1,1,74.8
542,73.8,46.3,0,
543,77.6,59.8,0,
544,67.1,47.3,0,
545,86.5,44.1,1,97.7
546,66.5,66.9,1,70.7
547,63.9,47.8,1,68.8
548,81.6,63.2,1,85.9
549,52.8,26.1,0,
550,90.3,47.8,1,96.1
551,61.2,44.9,0,
552,89.9,41.1,1,97.2
553,43.7,42.8,0,
554,70.3,41.6,0,
555,64.0,51.9,0,
556,105.5,29.8,1,106.8
557,74.9,52.9,0,
558,77.4,44.1,0,
559,79.1,62.4,0,
560,94.0,62.8,1,83.4
561,64.7,51.7,0,
562,85.2,54.0,1,75.1
563,57.9,53.5,1,71.9
564,88.3,67.1,1,85.8
565,64.3,45.7,0,
566,40.9,78.0,0,
567,58.8,44.9,0,
568,66.8,19.7,0,
569,75.6,60.0,1,87.8
570,41.3,38.6,0,
571,72.1,34.4,0,
572,80.6,44.2,0,
573,89.7,48.6,1,88.7
574,67.3,49.2,1,68.0
575,68.2,50.7,0,
576,80.8,35.1,0,
577,83.5,54.8,1,87.4
578,88.5,55.6,0,
579,79.6,59.4,1,82.1
580,59.6,60.6,0,
581,95.7,42.6,1,91.2
582,67.2,45.5,0,
583,77.6,38.8,0,
584,57.5,50.8,0,
585,64.8,56.1,0,
586,61.9,55.1,0,
587,79.0,39.2,0,
588,67.2,49.6,1,68.3
589,53.2,84.3,0,
590,75.6,52.7,1,82.5
591,84.6,37.1,1,74.4
592,68.2,35.9,0,
593,62.3,34.7,0,
594,63.9,47.3,1,73.6
595,78.1,54.6,0,
596,71.9,46.6,1,85.0
597,73.6,41.4,0,
598,75.7,54.3,0,
599,84.1,51.6,0,
600,82.2,55.8,0,
601,79.8,50.0,1,70.1
602,92.1,36.8,1,94.0
603,73.9,50.5,0,
604,53.9,36.6,0,
605,59.3,43.3,0,
606,83.1,22.9,0,
607,75.3,57.3,1,79.9
608,73.1,44.8,0,
609,66.1,42.6,0,
610,45.4,55.0,0,
611,60.8,56.7,1,63.6
612,52.7,42.8,0,
613,85.6,33.8,1,83.0
614,49.3,16.1,0,
615,55.2,42.8,0,
616,70.0,67.5,1,70.3
617,70.4,36.3,0,
618,73.3,70.5,1,78.0
619,66.8,38.2,0,
620,64.1,53.0,0,
621,57.0,32.6,0,
622,50.4,35.8,0,
623,75.6,33.6,0,
624,79.5,48.0,1,80.1
625,81.2,49.8,1,74.6
626,66.0,28.8,0,
627,91.8,61.6,1,98.0
628,63.2,30.1,0,
629,76.7,49.3,1,69.7
630,71.2,59.8,1,75.1
631,51.7,59.2,1,73.4
632,48.8,43.3,0,
633,63.0,58.3,1,64.0
634,63.7,33.1,0,
635,62.4,56.8,1,62.2
636,58.8,31.1,0,
637,83.3,54.1,1,76.0
638,66.0,41.5,0,
639,96.6,60.9,1,95.3
640,65.4,46.5,0,
641,70.9,56.9,1,71.2
642,78.9,71.0,1,78.0
643,82.9,48.6,1,90.3
644,80.6,53.2,1,78.7
645,66.5,49.7,0,
646,87.1,17.2,0,
647,71.6,37.1,0,
648,63.3,34.1,0,
649,60.0,52.1,0,
650,66.0,30.5,0,
651,77.5,49.5,1,84.0
652,61.8,34.4,0,
653,73.2,61.9,1,85.1
654,78.1,60.7,0,
655,46.4,56.5,0,
656,57.5,59.8,0,
657,47.9,65.5,0,
658,80.5,38.6,0,
659,77.5,54.5,1,78.5
660,60.8,48.6,0,
661,77.4,54.6,1,79.7
662,73.3,67.3,1,71.6
663,83.9,45.5,1,91.8
664,81.4,61.8,1,73.5
665,66.0,58.9,1,66.1
666,94.0,64.8,1,86.6
667,90.1,54.2,1,87.7
668,75.0,51.2,0,
669,80.4,40.6,1,78.1
670,68.8,32.8,0,
671,55.9,60.3,0,
672,67.1,33.4,0,
673,74.0,39.5,0,
674,64.1,42.4,1,74.4
675,76.2,45.4,0,
676,64.5,50.0,0,
677,47.6,54.8,0,
678,68.4,46.6,1,68.5
679,49.5,44.6,0,
680,73.2,52.9,1,78.7
681,65.5,55.7,1,74.5
682,69.2,20.2,0,
683,74.1,52.2,1,84.9
684,59.0,65.5,1,54.0
685,71.6,47.1,1,81.7
686,58.1,73.7,1,82.5
687,60.5,38.0,0,
688,73.9,58.6,1,68.3
689,74.4,34.6,0,
690,84.2,20.5,0,
691,73.1,56.0,1,61.5
692,87.7,47.2,1,89.2
693,65.4,46.7,0,
694,62.3,43.9,0,
695,46.2,17.5,0,
696,64.6,48.8,0,
697,77.0,6.3,0,
698,71.1,33.5,0,
699,50.4,53.6,0,
700,68.9,64.0,1,68.6
701,82.7,25.5,1,82.5
702,66.4,25.9,0,
703,65.1,35.2,0,
704,64.6,51.9,1,78.9
705,51.5,51.1,0,
706,79.5,35.1,1,83.8
707,97.7,24.4,0,
708,79.7,31.7,0,
709,84.3,50.3,1,89.3
710,80.0,60.1,0,
711,82.2,59.2,1,82.3
712,89.7,35.8,0,
713,73.6,57.0,0,
714,58.6,56.7,0,
715,68.5,43.9,0,
716,76.6,51.3,0,
717,66.4,24.7,0,
718,70.7,49.1,0,
719,63.1,62.2,1,64.9
720,79.9,65.2,0,
721,80.7,46.9,1,83.4
722,82.4,45.9,0,
723,73.8,61.5,1,75.7
724,64.1,49.4,0,
725,45.8,34.7,0,
726,82.8,46.3,0,
727,63.0,62.8,0,
728,57.1,53.0,0,
729,71.8,49.9,1,74.3
730,69.4,50.4,0,
731,80.2,75.4,1,71.7
732,87.0,50.0,1,83.8
733,89.9,38.8,1,90.5
734,60.5,62.0,0,
735,78.0,48.1,0,
736,59.8,45.1,0,
737,55.9,43.7,0,
738,58.8,62.2,1,56.8
739,60.5,42.8,0,
740,69.1,43.2,0,
741,72.7,44.9,1,69.0
742,50.1,32.4,0,
743,78.3,59.0,1,69.7
744,83.9,45.7,1,84.5
745,74.7,46.1,0,
746,71.3,67.5,1,78.5
747,70.9,64.9,1,69.8
748,55.1,49.8,0,
749,65.8,52.0,1,81.1
750,71.7,70.2,1,70.4
751,52.5,33.4,0,
752,58.2,48.2,0,
753,60.6,41.8,0,
754,85.4,29.6,1,99.1
755,82.2,73.3,1,76.5
756,49.6,34.3,0,
757,59.5,72.7,1,59.3
758,80.1,40.4,1,71.8
759,82.7,44.3,0,
760,77.3,66.9,0,
761,57.8,41.5,0,
762,58.5,30.4,0,
763,86.4,52.0,1,85.0
764,73.6,42.6,0,
765,97.1,50.3,1,100.0
766,68.9,78.9,1,69.6
767,57.2,52.1,0,
768,85.2,60.5,1,72.3
769,72.9,51.0,0,
770,82.9,33.0,0,
771,69.4,31.4,0,
772,85.5,62.1,1,84.0
773,58.8,45.4,0,
774,82.1,40.8,1,95.3
775,74.5,42.0,0,
776,68.4,58.0,0,
777,72.7,31.7,0,
778,42.7,65.8,0,
779,84.1,69.1,1,81.5
780,62.5,47.4,0,
781,75.4,21.0,1,59.2
782,76.3,46.9,0,
783,90.7,72.6,1,83.3
784,95.4,24.8,0,
785,70.4,33.4,1,67.6
786,62.6,68.0,1,53.5
787,78.6,66.2,1,83.6
788,63.6,51.8,0,
789,48.4,56.8,0,
790,74.1,79.6,0,
791,73.6,44.7,0,
792,64.2,53.6,1,66.7
793,47.2,60.1,0,
794,71.1,38.1,0,
795,69.7,52.3,0,
796,62.0,37.0,0,
797,64.2,31.3,0,
798,64.2,63.2,1,71.2
799,75.4,39.1,1,72.8
800,69.8,43.0,0,
801,83.3,49.7,1,80.3
802,90.9,48.3,1,87.7
803,52.6,71.8,1,60.9
804,80.2,55.6,0,
805,47.1,47.2,0,
806,42.7,41.5,0,
807,72.4,46.9,0,
808,48.6,47.1,0,
809,92.1,55.8,1,80.7
810,78.5,57.8,0,
811,57.0,42.5,0,
812,65.2,55.1,0,
813,84.1,40.0,0,
814,66.8,46.7,0,
815,64.2,55.4,0,
816,74.5,34.7,0,
817,61.9,45.4,0,
818,70.8,26.3,0,
819,60.8,44.6,0,
820,67.3,61.8,1,64.2
821,73.1,58.8,1,83.4
822,82.0,42.0,1,71.2
823,79.6,44.4,1,77.4
824,76.2,53.5,0,
825,78.5,38.8,1,78.8
826,63.1,45.2,0,
827,81.7,66.0,1,87.7
828,59.3,50.6,0,
829,100.6,60.5,1,91.3
830,49.5,32.6,0,
831,65.0,81.7,1,59.6
832,49.3,60.5,1,54.6
833,66.9,44.4,0,
834,76.8,76.5,1,68.0
835,65.7,47.4,0,
836,56.4,34.1,0,
837,72.9,57.8,1,72.4
838,65.5,72.3,0,
839,92.8,41.2,1,101.3
840,92.6,57.8,1,85.2
841,61.6,48.9,0,
842,56.5,37.8,0,
843,52.2,45.9,0,
844,61.7,30.5,0,
845,65.3,61.1,1,67.7
846,64.1,76.6,1,72.9
847,67.3,65.5,1,66.9
848,95.5,42.5,1,99.2
849,80.0,66.0,1,74.7
850,82.7,41.3,1,85.3
851,79.1,51.4,1,86.0
852,71.3,35.0,0,
853,72.1,33.2,0,
854,49.9,39.2,0,
855,65.2,49.8,1,72.2
856,59.5,68.8,0,
857,83.4,24.1,0,
858,62.9,38.1,0,
859,44.6,48.0,0,
860,81.4,53.0,1,83.0
861,74.9,41.2,0,
862,42.6,42.9,0,
863,60.7,51.0,0,
864,62.3,53.3,0,
865,82.8,42.4,1,86.7
866,65.9,74.8,1,66.8
867,73.0,55.8,0,
868,70.5,68.4,1,82.1
869,55.5,52.0,0,
870,51.4,50.1,0,
871,62.8,44.0,0,
872,78.6,40.3,0,
873,68.6,32.7,0,
874,58.8,35.1,0,
875,56.7,49.0,0,
876,73.0,48.4,1,76.2
877,63.2,38.6,0,
878,79.9,52.0,1,78.9
879,90.4,49.9,1,90.6
880,48.7,78.1,0,
881,102.1,47.3,1,89.8
882,83.7,49.8,0,
883,94.4,53.4,1,88.1
884,71.2,65.6,1,65.0
885,75.9,44.0,1,78.5
886,83.1,29.7,1,79.3
887,73.6,45.0,0,
888,82.6,67.7,1,82.3
889,85.9,71.3,1,77.0
890,61.3,40.7,0,
891,90.5,37.9,1,87.6
892,61.3,61.6,1,67.5
893,60.3,44.7,0,
894,66.0,54.1,1,76.0
895,58.4,59.7,1,65.9
896,60.0,58.6,1,56.2
897,78.6,53.3,0,
898,65.5,69.3,0,
899,93.2,63.5,1,78.4
900,89.6,41.0,0,
901,60.9,47.0,0,
902,53.9,56.9,1,51.0
903,80.6,42.0,0,
904,69.7,50.6,1,64.7
905,74.0,56.2,1,67.8
906,64.7,76.2,1,60.6
907,85.5,19.4,0,
908,102.0,59.3,1,84.7
909,79.6,45.7,1,77.2
910,69.2,46.5,1,74.8
911,69.1,53.8,1,75.1
912,71.2,58.0,0,
913,49.3,48.1,0,
914,73.0,58.5,1,83.8
915,60.7,47.2,0,
916,50.4,60.9,0,
917,67.0,61.0,0,
918,71.0,65.1,1,74.7
919,78.5,69.2,1,78.3
920,69.8,49.2,0,
921,54.4,30.8,0,
922,75.1,42.7,0,
923,53.0,62.0,0,
924,40.5,55.8,0,
925,63.3,56.9,1,62.0
926,79.5,41.5,0,
927,82.0,31.8,0,
928,82.0,57.4,1,73.7
929,102.2,64.1,1,108.1
930,69.2,46.6,0,
931,50.6,42.8,0,
932,94.0,39.9,1,81.6
933,79.6,43.7,0,
934,62.2,62.1,0,
935,78.2,60.4,1,75.3
936,86.1,41.2,0,
937,77.9,61.2,1,86.4
938,60.9,37.3,0,
939,59.9,47.6,0,
940,68.3,49.3,0,
941,64.7,67.9,1,60.8
942,58.6,44.7,0,
943,69.0,55.1,0,
944,65.2,59.5,0,
945,54.9,30.6,0,
946,68.3,69.7,1,75.2
947,81.1,55.8,1,69.5
948,83.3,58.9,1,83.3
949,67.0,74.3,0,
950,76.3,43.2,1,78.3
951,64.2,64.6,0,
952,72.3,12.8,0,
953,86.4,64.5,1,87.0
954,66.7,46.8,0,
955,77.2,31.7,0,
956,86.7,35.1,0,
957,45.3,39.2,0,
958,53.3,41.5,1,54.5
959,64.1,50.1,0,
960,40.8,25.1,0,
961,55.8,62.2,0,
962,76.1,48.9,1,77.2
963,75.1,53.3,1,77.0
964,70.4,56.0,0,
965,95.9,58.8,1,82.8
966,73.5,49.1,0,
967,63.1,43.2,0,
968,95.9,62.2,1,87.2
969,53.6,29.7,0,
970,86.9,50.2,1,82.8
971,97.1,63.3,1,95.9
972,73.4,35.3,0,
973,71.3,46.5,0,
974,95.5,39.2,1,87.0
975,82.7,60.9,1,80.8
976,69.0,38.1,1,81.1
977,92.8,48.9,1,78.0
978,56.3,32.7,0,
979,53.9,74.9,0,
980,60.8,53.8,0,
981,73.4,47.4,0,
982,60.6,73.9,1,57.1
983,74.7,51.8,0,
984,40.7,42.8,0,
985,66.5,35.2,0,
986,73.1,32.3,0,
987,82.0,58.5,1,78.9
988,74.9,63.1,1,77.9
989,61.4,55.0,0,
990,92.1,55.9,1,84.1
991,78.3,71.9,1,80.7
992,60.3,50.5,0,
993,59.7,45.4,1,75.6
994,90.8,41.1,1,79.2
995,89.2,47.4,1,98.2
996,64.0,35.0,0,
997,69.6,69.8,1,71.8
998,81.0,55.3,1,74.3
999,93.0,44.4,1,96.4
1000,61.6,29.5,0,
1001,81.4,39.3,0,
1002,89.5,30.6,1,73.6
1003,91.9,56.6,1,89.0
1004,72.3,51.8,1,70.1
1005,57.5,32.9,0,
1006,85.2,44.4,1,80.9
1007,83.2,61.0,1,77.7
1008,74.0,50.9,0,
1009,63.9,36.4,0,
1010,75.4,38.6,1,77.8
1011,62.1,52.3,0,
1012,35.3,40.1,0,
1013,54.5,45.2,0,
1014,85.4,52.2,1,95.7
1015,67.8,53.0,0,
1016,78.9,54.2,1,73.9
1017,77.6,55.2,1,75.9
1018,70.2,59.6,1,72.2
1019,51.5,53.4,0,
1020,91.4,44.0,0,
1021,83.1,66.8,1,88.0
1022,84.3,65.2,1,65.2
1023,70.7,32.3,0,
1024,78.8,37.8,0,
1025,78.1,62.8,1,82.9
1026,59.7,63.6,0,
1027,68.3,56.8,0,
1028,65.5,40.6,0,
1029,64.2,53.0,0,
1030,81.6,60.3,1,82.8
1031,68.1,60.4,0,
1032,90.8,39.4,1,92.1
1033,78.0,35.9,0,
1034,52.8,45.8,0,
1035,73.6,73.0,1,70.2
1036,85.9,72.1,1,79.0
1037,81.1,53.9,1,88.4
1038,58.3,61.7,0,
1039,57.6,46.4,0,
1040,56.1,46.1,0,
1041,61.3,56.8,1,64.8
1042,84.1,59.3,1,80.1
1043,87.3,55.7,1,87.0
1044,59.4,48.4,0,
1045,72.7,54.5,0,
1046,61.5,54.9,0,
1047,75.3,60.0,1,76.5
1048,42.0,59.1,0,
1049,53.2,27.6,0,
1050,57.9,65.6,0,
1051,65.8,46.1,0,
1052,55.6,26.2,0,
1053,50.3,46.1,0,
1054,63.9,44.4,0,
1055,71.6,52.5,0,
1056,70.1,38.8,0,
1057,72.4,32.5,0,
1058,84.2,33.7,0,
1059,69.1,47.9,1,73.7
1060,82.4,78.1,1,78.0
1061,71.0,36.9,0,
1062,86.3,55.8,1,76.8
1063,79.3,49.8,1,80.4
1064,71.7,51.8,1,76.9
1065,67.4,57.4,1,81.0
1066,80.6,57.8,1,78.9
1067,65.8,51.2,0,
1068,69.7,32.2,0,
1069,53.1,53.4,0,
1070,80.8,66.9,1,76.0
1071,88.4,54.2,1,94.7
1072,64.1,24.9,0,
1073,65.5,45.5,0,
1074,60.2,67.2,1,63.1
1075,67.6,62.3,1,73.3
1076,73.8,30.7,0,
1077,69.5,53.3,1,73.2
1078,59.5,58.5,1,72.1
1079,86.4,53.2,1,94.2
1080,68.1,63.9,1,59.6
1081,53.1,75.3,1,58.5
1082,76.4,38.0,0,
1083,72.9,38.5,1,72.3
1084,77.5,53.5,1,75.5
1085,86.0,64.3,1,85.3
1086,65.0,49.8,0,
1087,65.9,56.1,1,73.6
1088,71.4,38.6,0,
1089,46.4,56.0,0,
1090,60.4,54.6,0,
1091,87.6,41.5,1,78.4
1092,61.7,54.9,0,
1093,65.1,64.6,1,68.7
1094,70.5,69.5,1,77.0
1095,75.4,41.5,0,
1096,60.1,43.1,0,
1097,70.0,58.3,0,
1098,62.7,51.5,0,
1099,73.0,56.3,1,80.6
1100,85.5,67.6,1,82.3
1101,79.3,55.0,1,69.2
1102,67.1,31.0,0,
1103,74.4,43.8,0,
1104,57.4,60.3,1,61.3
1105,65.4,52.6,0,
1106,81.6,46.5,0,
1107,76.5,52.2,1,85.2
1108,55.7,31.8,0,
1109,58.0,53.4,0,
1110,83.1,42.3,0,
1111,74.2,52.4,1,79.0
1112,63.9,51.3,0,
1113,65.2,53.6,0,
1114,55.2,57.3,0,
1115,67.1,40.2,0,
1116,50.4,28.7,0,
1117,87.5,37.8,1,88.9
1118,90.9,49.4,1,105.4
1119,76.0,59.4,1,75.7
1120,52.2,56.1,0,
1121,57.2,53.7,0,
1122,61.9,39.7,0,
1123,71.6,48.5,1,81.8
1124,70.3,68.5,1,71.1
1125,73.6,28.5,0,
1126,77.5,21.9,0,
1127,75.4,48.3,0,
1128,78.8,61.2,1,72.6
1129,64.5,66.8,1,68.0
1130,75.3,37.7,1,88.6
1131,76.9,27.5,1,79.4
1132,76.1,50.8,0,
1133,94.5,52.6,1,97.2
1134,57.0,78.5,1,61.9
1135,64.9,33.8,0,
1136,66.4,41.3,0,
1137,88.7,34.2,0,
1138,67.8,77.4,1,78.8
1139,66.8,74.3,1,57.8
1140,68.3,66.0,1,69.2
1141,91.4,54.6,1,96.0
1142,59.1,46.3,0,
1143,60.7,59.7,0,
1144,72.8,48.9,1,73.7
1145,66.9,37.3,0,
1146,57.2,62.1,0,
1147,60.5,55.5,0,
1148,58.9,55.0,0,
1149,89.6,63.7,1,92.3
1150,78.8,42.1,1,83.0
1151,56.8,42.5,0,
1152,93.3,51.0,1,85.8
1153,62.5,29.5,0,
1154,62.4,24.4,0,
1155,74.4,44.4,1,82.7
1156,67.2,22.7,0,
1157,68.7,40.8,0,
1158,62.6,39.9,0,
1159,73.0,57.0,1,78.6
1160,91.2,69.3,1,87.9
1161,76.6,28.9,0,
1162,68.2,68.5,0,
1163,61.5,59.8,0,
1164,80.2,34.2,1,75.5
1165,87.6,33.1,1,83.7
1166,69.0,45.5,0,
1167,63.6,34.2,0,
1168,74.9,59.9,1,82.7
1169,58.5,71.0,1,58.9
1170,78.0,52.6,1,83.1
1171,51.8,47.0,0,
1172,65.2,54.9,0,
1173,86.4,34.5,0,
1174,77.6,57.5,1,88.7
1175,74.9,55.8,1,71.8
1176,80.6,46.5,0,
1177,70.5,82.4,0,
1178,74.1,42.9,0,
1179,67.0,34.9,0,
1180,84.7,75.9,1,87.8
1181,68.4,61.6,0,
1182,65.7,44.2,1,69.2
1183,78.0,58.2,0,
1184,83.1,24.7,0,
1185,71.1,34.7,1,73.0
1186,58.9,44.5,0,
1187,70.4,32.6,0,
1188,88.4,40.0,1,84.1
1189,53.1,73.8,0,
1190,70.0,27.5,0,
1191,68.3,44.2,0,
1192,70.3,66.7,1,75.5
1193,63.1,47.2,0,
1194,68.8,57.0,1,69.2
1195,87.6,64.4,1,84.3
1196,93.5,68.2,1,88.8
1197,87.8,79.7,1,79.3
1198,66.8,58.2,1,71.5
1199,64.8,77.2,1,64.6
1200,67.2,51.7,0,
1201,68.4,31.1,0,
1202,79.2,27.7,0,
1203,68.9,59.0,1,64.3
1204,72.3,39.1,0,
1205,61.9,41.2,0,
1206,57.3,52.8,0,
1207,68.6,52.3,0,
1208,62.1,57.1,0,
1209,59.4,42.4,1,67.8
1210,77.1,64.2,1,69.0
1211,54.7,46.2,0,
1212,63.6,36.0,0,
1213,62.9,63.1,0,
1214,89.8,44.3,1,90.3
1215,58.3,69.3,1,59.4
1216,55.2,48.0,0,
1217,58.3,24.1,0,
1218,84.7,55.7,0,
1219,68.3,40.6,0,
1220,62.9,65.3,1,63.2
1221,73.6,48.3,1,88.3
1222,74.5,40.7,0,
1223,76.2,64.7,1,72.2
1224,64.1,52.3,1,77.2
1225,86.5,31.7,0,
1226,82.5,41.7,1,82.6
1227,61.4,44.9,0,
1228,59.1,39.2,0,
1229,84.1,36.8,1,84.4
1230,73.7,37.2,0,
1231,69.0,54.7,0,
1232,72.5,57.9,1,66.8
1233,54.2,41.5,0,
1234,52.6,48.5,0,
1235,65.6,46.2,0,
1236,78.2,53.0,1,86.7
1237,99.9,40.2,1,101.7
1238,79.5,32.6,0,
1239,74.6,51.0,0,
1240,45.5,66.0,0,
1241,66.7,51.3,1,74.8
1242,71.3,76.1,1,63.5
1243,67.1,36.7,0,
1244,68.8,48.1,0,
1245,58.8,52.2,1,57.6
1246,70.0,67.8,1,82.5
1247,68.3,26.7,0,
1248,72.1,60.0,0,
1249,71.8,58.7,1,76.2
1250,90.7,53.2,1,94.8
1251,69.0,64.8,0,
1252,74.5,57.8,1,70.4
1253,69.9,17.5,0,
1254,49.2,63.3,1,57.9
1255,66.0,37.6,0,
1256,43.3,44.7,0,
1257,71.0,29.1,0,
1258,63.9,45.4,0,
1259,46.1,68.0,1,49.5
1260,68.1,41.6,0,
1261,76.1,41.8,1,77.9
1262,66.2,48.5,0,
1263,66.3,59.3,0,
1264,90.3,42.7,1,90.8
1265,53.7,69.7,1,61.8
1266,57.6,66.8,1,69.6
1267,74.9,31.2,0,
1268,57.2,53.0,1,67.3
1269,73.0,62.4,1,77.8
1270,71.1,35.7,0,
1271,68.2,46.9,1,74.2
1272,72.1,27.1,0,
1273,74.7,46.0,0,
1274,90.8,39.4,0,
1275,59.0,47.9,1,60.9
1276,50.5,33.8,0,
1277,66.2,54.9,1,74.4
1278,42.5,47.9,0,
1279,49.4,43.9,1,66.3
1280,77.1,60.8,1,71.2
1281,58.8,58.0,0,
1282,64.6,52.1,1,61.6
1283,89.4,63.8,1,81.3
1284,88.4,50.0,1,80.1
1285,60.7,40.1,0,
1286,82.3,61.0,1,72.6
1287,49.2,67.9,0,
1288,80.9,59.9,1,73.9
1289,102.7,56.8,1,87.2
1290,67.5,26.0,0,
1291,67.1,41.9,0,
1292,53.2,56.0,0,
1293,69.7,30.9,0,
1294,60.3,63.4,0,
1295,57.6,47.8,0,
1296,81.3,43.9,1,78.8
1297,88.8,54.8,1,90.9
1298,73.2,81.5,1,82.9
1299,69.8,61.6,1,66.2
1300,62.5,56.0,1,67.8
1301,80.2,60.8,1,72.9
1302,69.2,41.3,0,
1303,69.1,42.7,0,
1304,70.5,62.1,1,67.1
1305,60.4,65.1,0,
1306,69.7,55.2,0,
1307,48.4,38.1,0,
1308,66.3,71.2,1,58.4
1309,75.0,60.0,1,71.9
1310,75.6,55.2,0,
1311,61.0,36.0,0,
1312,69.6,34.7,0,
1313,76.6,48.9,1,64.4
1314,62.6,38.6,0,
1315,74.3,40.7,1,87.2
1316,65.4,42.5,0,
1317,60.7,64.4,1,72.3
1318,60.8,60.7,0,
1319,46.1,50.8,0,
1320,77.6,34.2,1,79.5
1321,81.6,75.6,1,78.5
1322,87.2,85.2,1,80.9
1323,65.4,46.1,0,
1324,89.3,18.5,0,
1325,83.0,78.7,1,75.4
1326,61.2,43.6,0,
1327,76.3,76.5,1,79.5
1328,58.7,49.8,0,
1329,77.0,28.5,1,65.4
1330,42.6,49.3,0,
1331,52.5,52.5,0,
1332,80.9,54.1,1,81.1
1333,71.6,40.5,0,
1334,73.6,54.3,0,
1335,60.8,44.3,0,
1336,69.1,54.9,0,
1337,59.6,58.7,0,
1338,70.0,67.9,1,72.6
1339,87.6,44.2,1,97.9
1340,51.7,36.8,0,
1341,78.2,36.0,0,
1342,54.6,69.1,1,66.5
1343,70.6,29.1,0,
1344,87.1,58.5,1,87.2
1345,48.9,35.5,0,
1346,99.8,63.9,1,91.1
1347,63.7,23.9,0,
1348,78.2,53.8,1,80.6
1349,70.4,54.1,0,
1350,97.6,58.3,1,96.8
1351,76.1,57.0,0,
1352,78.5,55.4,1,85.5
1353,70.2,61.4,0,
1354,73.7,51.3,1,61.4
1355,56.1,51.4,0,
1356,92.4,52.7,1,88.8
1357,66.6,61.7,0,
1358,52.8,49.9,0,
1359,93.2,76.3,1,99.2
1360,58.8,56.2,0,
1361,77.1,57.3,1,76.3
1362,73.7,49.3,0,
1363,49.8,77.1,1,58.4
1364,68.8,37.9,0,
1365,81.7,53.0,1,77.7
1366,76.1,67.1,1,75.5
1367,59.7,56.6,1,64.8
1368,76.2,65.2,1,83.1
1369,71.9,54.0,0,
1370,89.5,48.3,1,87.0
1371,76.6,62.1,1,73.7
1372,46.4,36.2,1,68.9
1373,65.1,58.1,1,68.0
1374,75.3,53.1,0,
1375,66.9,65.9,1,76.2
1376,77.0,75.3,1,78.2
1377,65.5,54.6,1,81.4
1378,74.7,67.0,0,
1379,49.0,54.0,0,
1380,88.7,41.3,1,87.6
1381,53.3,57.1,0,
1382,75.4,39.1,1,67.0
1383,87.9,44.1,0,
1384,64.0,62.6,0,
1385,79.6,48.0,0,
1386,65.2,56.3,0,
1387,72.0,55.4,1,80.9
1388,81.6,31.9,0,
1389,71.3,67.2,1,74.7
1390,67.4,65.8,1,70.1
1391,62.6,27.9,0,
1392,86.4,63.9,1,71.4
1393,55.4,54.7,1,61.8
1394,69.1,82.7,0,
1395,90.5,50.6,1,83.3
1396,56.4,20.8,0,
1397,82.4,47.3,1,73.9
1398,61.9,58.6,0,
1399,62.9,58.1,0,
1400,59.7,71.3,1,55.4
1401,63.4,63.7,1,71.7
1402,61.2,42.2,0,
1403,66.5,81.4,1,67.9
1404,66.7,51.0,0,
1405,96.0,52.8,1,90.5
1406,53.8,50.6,1,65.1
1407,65.5,62.2,0,
1408,68.6,40.5,0,
1409,66.6,48.5,0,
1410,88.3,39.1,1,87.9
1411,45.6,63.6,0,
1412,77.1,60.0,1,66.6
1413,48.3,72.9,0,
1414,74.2,26.7,0,
1415,72.1,61.1,1,79.4
1416,65.5,51.3,1,70.4
1417,65.0,40.7,0,
1418,70.9,42.7,0,
1419,57.0,43.6,0,
1420,75.0,48.2,1,78.5
1421,79.8,50.2,0,
1422,62.6,37.3,0,
1423,71.4,41.3,0,
1424,64.1,40.7,0,
1425,78.3,24.2,0,
1426,49.3,61.4,0,
1427,62.2,40.2,0,
1428,59.8,71.2,1,60.2
1429,65.9,44.6,0,
1430,72.4,52.0,1,81.1
1431,63.6,58.0,1,75.7
1432,67.6,35.4,0,
1433,30.1,38.1,0,
1434,71.1,47.5,0,
1435,76.3,58.4,1,67.5
1436,66.2,39.2,0,
1437,66.2,64.3,1,69.9
1438,54.3,55.9,0,
1439,105.2,32.9,0,
1440,72.7,56.5,1,91.7
1441,69.9,53.9,0,
1442,71.9,55.5,0,
1443,61.0,46.2,0,
1444,66.7,33.4,0,
1445,58.7,47.7,0,
1446,80.1,33.7,0,
1447,58.7,79.7,1,56.2
1448,63.3,57.9,0,
1449,58.4,30.6,0,
1450,62.1,38.0,0,
1451,95.6,47.3,1,88.6
1452,70.5,42.4,0,
1453,57.2,53.4,0,
1454,85.3,67.9,1,83.6
1455,90.4,70.7,1,86.7
1456,66.2,31.4,0,
1457,84.2,63.3,1,82.7
1458,77.1,37.0,1,85.9
1459,95.4,96.2,1,87.9
1460,67.9,51.8,0,
1461,87.2,45.8,1,77.1
1462,60.9,58.2,0,
1463,56.6,57.5,0,
1464,67.5,48.9,0,
1465,82.1,46.1,1,79.2
1466,63.3,72.0,1,70.9
1467,74.1,60.7,1,73.0
1468,64.0,43.2,0,
1469,65.8,59.0,1,63.1
1470,95.2,59.1,1,87.6
1471,72.4,53.5,0,
1472,67.3,34.1,0,
1473,79.0,53.3,1,89.9
1474,64.9,78.5,1,69.2
1475,72.9,47.4,0,
1476,56.1,42.3,0,
1477,71.0,51.3,0,
1478,82.9,56.9,1,73.7
1479,76.4,52.8,1,85.0
1480,74.6,65.9,1,84.7
1481,80.6,34.5,1,81.1
1482,74.7,40.9,0,
1483,65.8,50.0,0,
1484,79.0,41.3,0,
1485,72.2,70.1,1,85.1
1486,79.4,74.3,1,68.6
1487,61.1,22.5,0,
1488,82.1,50.9,1,75.1
1489,82.4,71.4,1,96.7
1490,79.6,47.6,1,76.1
1491,87.7,53.4,1,76.9
1492,75.2,44.5,0,
1493,62.9,54.5,1,65.2
1494,72.4,58.3,1,72.4
1495,96.3,66.7,1,86.9
1496,74.3,38.3,0,
1497,63.8,25.1,0,
1498,69.9,50.4,0,
1499,85.5,46.9,1,87.5
1500,56.1,43.0,0,
1501,65.5,42.9,0,
1502,65.3,16.7,0,
1503,68.8,57.8,0,
1504,85.7,39.8,1,83.6
1505,76.5,74.8,1,78.4
1506,73.7,24.7,0,
1507,53.4,39.1,0,
1508,69.4,46.7,1,83.8
1509,55.5,62.1,1,56.5
1510,83.7,57.2,1,81.6
1511,76.3,52.4,1,76.7
1512,73.6,39.8,1,80.0
1513,66.5,60.7,1,72.4
1514,68.9,51.8,0,
1515,74.6,50.9,1,88.5
1516,52.7,41.9,0,
1517,42.8,51.7,0,
1518,75.2,55.1,1,83.4
1519,76.8,51.6,0,
1520,80.7,27.1,0,
1521,93.1,70.0,1,91.6
1522,83.4,69.0,1,84.8
1523,81.3,39.0,0,
1524,60.1,50.4,1,73.6
1525,80.0,40.7,0,
1526,45.0,55.1,0,
1527,47.2,48.2,0,
1528,75.7,39.9,0,
1529,59.4,10.6,0,
1530,62.1,46.0,0,
1531,78.7,28.2,0,
1532,63.1,46.9,0,
1533,73.8,59.6,1,66.6
1534,79.8,29.0,0,
1535,54.5,33.3,0,
1536,87.9,55.5,1,84.5
1537,62.9,59.6,1,73.5
1538,56.5,32.9,0,
1539,80.7,44.7,1,82.7
1540,86.5,61.6,1,78.7
1541,93.1,61.4,1,87.3
1542,84.1,45.8,0,
1543,49.9,60.4,0,
1544,64.3,78.5,1,70.5
1545,78.0,39.6,1,70.2
1546,76.1,41.4,0,
1547,84.7,50.9,1,88.1
1548,58.8,51.2,0,
1549,79.5,58.5,1,76.7
1550,72.5,41.1,0,
1551,71.5,46.2,1,87.4
1552,68.8,36.7,0,
1553,53.5,36.5,0,
1554,72.9,54.0,1,79.8
1555,46.6,59.1,0,
1556,108.8,51.5,1,94.9
1557,43.2,60.0,0,
1558,82.2,30.0,0,
1559,92.0,65.9,1,89.8
1560,50.6,54.4,0,
1561,76.2,59.1,1,68.5
1562,86.3,32.2,1,80.9
1563,79.9,43.4,1,85.1
1564,59.3,63.1,1,69.8
1565,60.2,22.2,0,
1566,61.5,47.7,0,
1567,78.1,44.2,0,
1568,71.3,49.7,0,
1569,86.6,40.6,0,
1570,78.6,19.1,0,
1571,65.8,34.7,0,
1572,48.7,46.2,0,
1573,71.9,52.5,0,
1574,62.9,39.7,0,
1575,50.6,39.7,0,
1576,68.6,47.8,0,
1577,66.4,77.1,1,65.8
1578,70.8,30.9,0,
1579,76.3,50.2,0,
1580,89.6,40.3,1,92.0
1581,77.4,47.2,1,76.5
1582,76.7,32.5,0,
1583,66.2,44.2,0,
1584,57.7,70.4,1,58.4
1585,41.1,38.0,0,
1586,62.7,27.5,0,
1587,56.5,32.4,0,
1588,79.3,52.5,0,
1589,49.5,53.3,0,
1590,81.6,61.7,1,79.4
1591,52.8,44.0,0,
1592,77.6,31.3,0,
1593,49.9,48.0,0,
1594,57.9,61.8,1,59.6
1595,74.9,24.3,0,
1596,68.4,42.1,1,80.2
1597,41.9,41.7,0,
1598,81.3,58.0,1,95.4
1599,66.1,48.7,0,
1600,65.6,42.2,0,
1601,69.6,13.7,0,
1602,57.5,44.7,0,
1603,65.1,68.5,0,
1604,72.2,47.2,0,
1605,72.7,50.4,1,85.1
1606,73.6,52.7,1,85.4
1607,78.5,35.4,0,
1608,90.9,65.6,1,88.1
1609,84.6,45.8,1,93.0
1610,54.8,51.5,0,
1611,76.4,64.2,1,77.3
1612,71.4,63.2,1,82.1
1613,67.0,54.0,0,
1614,69.2,30.2,0,
1615,64.6,49.1,0,
1616,61.7,48.1,0,
1617,77.1,47.4,1,76.4
1618,58.7,51.3,0,
1619,93.0,37.9,0,
1620,72.3,34.0,1,73.7
1621,60.6,26.2,0,
1622,85.8,45.4,0,
1623,86.7,51.8,1,87.2
1624,39.8,45.1,0,
1625,88.2,51.6,1,93.5
1626,87.1,52.7,1,76.5
1627,72.0,41.5,0,
1628,74.9,35.3,1,82.8
1629,77.3,65.2,1,69.0
1630,68.4,50.3,1,84.1
1631,66.6,57.9,0,
1632,73.5,54.2,1,74.0
1633,78.0,54.3,1,80.3
1634,62.6,31.9,0,
1635,73.0,44.4,1,82.7
1636,95.9,75.5,1,102.2
1637,78.4,47.0,0,
1638,90.3,66.5,1,88.4
1639,70.7,37.6,0,
1640,71.2,51.0,1,69.3
1641,57.1,34.9,0,
1642,66.7,68.1,1,71.4
1643,76.0,65.8,1,82.9
1644,55.9,52.9,0,
1645,57.9,61.8,0,
1646,77.8,36.5,0,
1647,85.9,50.7,1,77.6
1648,69.4,59.8,1,70.6
1649,72.8,29.7,1,68.1
1650,81.5,32.9,0,
1651,95.4,44.0,1,92.2
1652,60.8,37.7,0,
1653,83.4,19.1,0,
1654,76.1,62.3,1,78.4
1655,65.5,52.5,0,
1656,100.2,52.0,1,94.0
1657,63.7,70.5,1,52.6
1658,52.1,75.6,1,55.4
1659,82.5,50.4,1,84.0
1660,64.3,66.8,1,70.1
1661,60.5,62.6,1,65.4
1662,73.4,51.7,0,
1663,58.7,51.2,0,
1664,70.4,71.1,1,76.0
1665,84.5,52.9,1,88.0
1666,45.4,66.6,0,
1667,81.8,53.9,1,88.2
1668,87.2,33.3,0,
1669,71.8,45.2,0,
1670,80.2,44.2,0,
1671,80.9,61.8,1,70.8
1672,85.1,39.8,1,103.0
1673,84.6,84.4,1,79.5
1674,66.6,61.4,1,74.6
1675,64.3,48.0,0,
1676,92.7,66.5,1,87.1
1677,72.1,46.4,1,72.5
1678,83.8,18.5,0,
1679,70.0,64.8,1,78.7
1680,75.2,58.2,1,68.0
1681,76.7,51.5,1,76.4
1682,43.9,26.6,0,
1683,54.8,40.0,0,
1684,55.8,54.7,1,66.2
1685,65.8,58.0,1,69.6
1686,63.9,28.9,0,
1687,66.0,31.3,0,
1688,67.0,46.7,0,
1689,67.4,26.6,0,
1690,85.0,63.3,1,77.1
1691,73.5,59.8,1,68.1
1692,71.6,49.4,0,
1693,97.0,35.8,1,87.4
1694,64.5,77.2,1,75.0
1695,71.0,35.5,0,
1696,78.5,59.4,1,77.0
1697,71.1,38.1,0,
1698,73.2,49.8,1,78.2
1699,52.3,42.2,0,
1700,60.6,52.3,0,
1701,49.6,40.5,0,
1702,58.0,50.9,0,
1703,61.8,52.6,0,
1704,77.8,52.4,1,93.6
1705,77.2,53.0,0,
1706,78.4,46.3,0,
1707,103.0,51.1,1,102.3
1708,72.4,72.1,1,72.3
1709,66.3,31.2,0,
1710,77.4,33.7,1,77.1
1711,61.3,29.6,0,
1712,74.1,51.0,1,74.2
1713,80.6,72.6,1,73.4
1714,79.2,54.0,1,81.9
1715,52.6,64.1,0,
1716,71.6,47.1,0,
1717,64.5,60.5,1,63.4
1718,66.1,50.6,1,77.0
1719,68.8,60.3,1,68.3
1720,78.1,37.0,1,73.9
1721,71.9,55.3,0,
1722,74.5,60.5,1,72.8
1723,48.6,65.9,0,
1724,86.4,60.4,1,80.6
1725,59.3,29.8,0,
1726,53.7,52.9,0,
1727,67.1,42.4,0,
1728,79.8,45.1,1,67.0
1729,63.2,34.7,0,
1730,87.7,61.0,1,89.0
1731,59.5,52.6,0,
1732,78.2,69.7,1,63.1
1733,88.6,51.6,1,99.6
1734,68.8,50.9,1,68.7
1735,82.6,70.3,1,85.1
1736,101.2,44.3,1,94.4
1737,71.7,44.9,1,71.3
1738,59.3,30.0,0,
1739,62.9,28.3,0,
1740,78.0,46.5,1,84.8
1741,48.5,59.3,0,
1742,66.7,61.2,0,
1743,55.0,46.9,0,
1744,58.8,50.0,0,
1745,74.2,44.8,1,62.2
1746,83.5,40.7,1,90.5
1747,52.8,37.1,0,
1748,65.3,43.4,0,
1749,64.5,43.0,0,
1750,40.7,53.6,0,
1751,83.7,38.9,1,87.7
1752,71.0,38.0,0,
1753,74.1,29.4,0,
1754,56.5,34.7,0,
1755,87.2,45.5,0,
1756,78.8,64.3,1,77.5
1757,79.2,46.0,1,83.4
1758,67.5,48.0,0,
1759,40.7,50.9,0,
1760,67.3,34.0,0,
1761,62.7,43.6,0,
1762,78.2,52.2,1,74.5
1763,65.3,27.6,0,
1764,68.4,40.7,0,
1765,60.8,49.2,0,
1766,62.7,45.5,0,
1767,69.9,44.4,1,64.3
1768,38.6,67.2,0,
1769,89.9,47.3,1,97.4
1770,50.3,45.8,0,
1771,85.7,40.0,1,95.0
1772,58.3,40.5,0,
1773,59.1,19.3,0,
1774,80.2,50.0,0,
1775,62.2,-3.7,0,
1776,70.0,54.2,0,
1777,67.4,33.9,0,
1778,42.5,51.2,0,
1779,71.5,41.0,0,
1780,70.8,54.8,1,78.0
1781,83.3,57.2,1,85.6
1782,72.7,47.2,0,
1783,46.5,57.0,0,
1784,72.2,58.0,1,82.2
1785,73.3,64.7,1,78.1
1786,53.2,27.7,0,
1787,73.0,53.2,1,84.1
1788,80.1,22.1,0,
1789,66.1,63.3,0,
1790,74.3,53.9,0,
1791,42.8,26.5,0,
1792,57.3,59.3,0,
1793,79.9,57.8,0,
1794,79.2,59.4,1,79.0
1795,86.4,60.8,1,76.8
1796,65.4,46.2,0,
1797,67.3,55.7,1,80.4
1798,68.6,68.0,0,
1799,60.3,46.6,0,
1800,69.3,63.7,1,72.0
1801,81.3,52.7,1,83.2
1802,72.4,47.4,0,
1803,63.6,19.9,0,
1804,76.8,66.7,1,88.9
1805,44.1,52.8,0,
1806,69.6,48.0,1,75.0
1807,70.7,24.4,0,
1808,85.7,63.6,1,75.1
1809,78.6,81.0,1,76.1
1810,62.0,52.8,0,
1811,83.7,45.6,1,83.5
1812,75.3,53.0,1,74.7
1813,72.9,70.2,1,72.9
1814,81.6,38.3,0,
1815,87.0,29.8,1,94.0
1816,84.6,56.1,1,64.9
1817,54.4,54.7,0,
1818,83.8,18.9,0,
1819,71.8,77.7,1,84.8
1820,71.3,30.7,0,
1821,97.4,54.5,1,91.4
1822,67.8,63.5,1,73.2
1823,46.9,64.6,0,
1824,76.3,37.4,0,
1825,74.4,60.8,0,
1826,75.4,30.0,0,
1827,55.4,62.9,0,
1828,54.8,65.8,1,61.8
1829,73.1,37.3,0,
1830,65.7,30.3,0,
1831,43.2,47.5,0,
1832,90.4,44.1,1,95.2
1833,74.2,52.0,1,69.8
1834,63.9,67.9,1,58.4
1835,60.8,42.3,0,
1836,65.2,67.9,1,71.2
1837,58.7,41.0,0,
1838,79.5,77.4,1,70.2
1839,64.9,66.1,1,74.6
1840,90.0,37.9,0,
1841,66.0,40.9,0,
1842,56.4,38.8,0,
1843,52.9,54.9,0,
1844,62.7,60.5,0,
1845,98.2,74.7,1,92.4
1846,86.0,53.8,1,78.3
1847,58.7,56.8,1,68.3
1848,65.1,42.1,0,
1849,36.9,30.2,0,
1850,62.4,52.2,0,
1851,62.6,27.9,0,
1852,61.6,43.6,0,
1853,62.6,75.9,1,77.2
1854,89.1,57.6,1,88.9
1855,63.2,56.2,1,72.3
1856,75.7,40.2,0,
1857,70.9,70.2,1,77.2
1858,75.3,48.3,0,
1859,73.5,51.5,0,
1860,77.0,46.8,1,87.7
1861,62.4,53.2,1,68.5
1862,70.4,42.7,0,
1863,66.0,67.4,1,78.9
1864,55.4,38.2,0,
1865,49.8,32.4,0,
1866,49.3,48.6,0,
1867,75.0,26.6,0,
1868,78.8,55.7,1,88.8
1869,62.2,47.1,0,
1870,39.0,65.9,0,
1871,83.4,34.5,0,
1872,68.8,61.2,1,63.6
1873,56.5,80.1,0,
1874,83.4,28.1,0,
1875,39.9,32.4,0,
1876,62.7,63.1,0,
1877,79.4,37.6,1,80.2
1878,77.0,55.2,1,79.9
1879,70.1,48.0,0,
1880,65.7,66.5,0,
1881,72.7,40.4,0,
1882,71.0,39.1,0,
1883,80.4,38.9,1,76.3
1884,51.4,73.9,1,64.4
1885,67.5,45.6,0,
1886,71.8,52.8,0,
1887,101.1,43.4,1,105.1
1888,81.8,62.9,1,76.8
1889,53.1,54.3,0,
1890,66.4,53.5,0,
1891,72.6,26.1,0,
1892,59.6,58.4,0,
1893,83.5,42.6,0,
1894,71.8,54.7,1,84.0
1895,52.6,42.8,0,
1896,34.0,51.3,0,
1897,63.5,65.0,1,69.3
1898,68.7,30.1,0,
1899,72.5,72.0,1,70.0
1900,69.5,65.1,1,62.4
1901,76.5,42.1,0,
1902,84.5,33.7,1,81.5
1903,80.9,37.4,1,74.7
1904,76.9,65.4,1,78.1
1905,76.4,36.9,0,
1906,61.6,55.2,1,69.8
1907,63.5,55.6,0,
1908,72.9,40.0,0,
1909,60.4,77.1,1,53.5
1910,73.5,47.2,1,70.9
1911,66.0,35.5,0,
1912,73.7,60.6,1,74.2
1913,62.0,38.1,0,
1914,61.0,62.6,0,
1915,78.7,45.9,1,75.8
1916,76.2,55.2,1,82.4
1917,74.0,51.1,0,
1918,54.6,38.4,0,
1919,75.6,42.9,1,81.7
1920,94.9,34.5,1,95.0
1921,70.5,48.6,0,
1922,88.4,38.0,0,
1923,67.2,38.2,1,63.1
1924,89.3,38.8,0,
1925,70.4,46.1,0,
1926,77.5,34.6,1,73.5
1927,61.0,62.3,1,57.2
1928,52.9,51.1,0,
1929,90.3,70.6,1,86.4
1930,69.2,19.7,0,
1931,94.6,51.7,1,92.7
1932,47.2,55.3,0,
1933,68.0,42.9,0,
1934,96.6,62.9,1,91.1
1935,86.4,46.1,1,72.3
1936,61.9,62.3,1,66.0
1937,81.2,44.4,0,
1938,68.9,34.8,0,
1939,68.5,59.5,1,66.8
1940,56.8,51.4,0,
1941,58.3,52.3,0,
1942,64.9,63.9,1,68.5
1943,74.6,24.5,0,
1944,70.1,43.5,0,
1945,85.8,79.5,1,87.1
1946,70.3,64.3,1,67.5
1947,72.7,57.0,1,79.4
1948,77.2,47.1,0,
1949,62.7,72.0,1,65.7
1950,66.2,54.0,0,
1951,75.4,52.9,1,73.2
1952,68.3,50.3,1,67.0
1953,85.7,46.9,0,
1954,70.4,64.3,0,
1955,60.7,47.3,0,
1956,85.8,47.3,0,
1957,81.8,57.5,1,84.1
1958,82.2,50.5,1,81.5
1959,70.2,71.4,0,
1960,68.0,63.2,0,
1961,64.7,35.1,0,
1962,66.5,72.1,1,67.6
1963,75.1,33.9,0,
1964,47.8,58.2,0,
1965,54.1,44.6,0,
1966,66.8,42.0,0,
1967,67.6,49.8,0,
1968,67.4,64.6,1,74.1
1969,66.4,59.3,1,77.0
1970,54.4,51.6,0,
1971,73.9,51.3,1,77.6
1972,82.3,43.2,1,98.5
1973,65.3,48.1,0,
1974,52.3,28.4,0,
1975,62.5,51.5,0,
1976,52.2,53.7,0,
1977,95.3,36.8,0,
1978,44.3,59.4,0,
1979,85.7,35.9,1,70.7
1980,89.2,41.9,1,93.7
1981,67.1,47.0,0,
1982,71.6,63.9,1,70.0
1983,79.6,55.6,1,78.3
1984,73.6,54.4,1,68.9
1985,83.5,33.6,1,80.2
1986,60.1,43.4,0,
1987,70.7,55.4,0,
1988,80.5,43.7,0,
1989,62.1,52.5,0,
1990,71.0,43.6,0,
1991,85.1,34.4,0,
1992,61.0,67.2,1,66.5
1993,77.5,45.6,0,
1994,87.0,56.1,1,84.3
1995,59.8,43.6,0,
1996,67.3,42.8,0,
1997,63.2,42.1,0,
1998,68.4,55.4,1,74.3
1999,82.3,86.4,1,77.5
2000,75.6,73.0,1,73.0
2001,57.5,63.2,0,
2002,82.6,60.3,1,73.2
2003,74.3,52.0,0,
2004,82.9,41.9,1,84.2
2005,70.2,47.5,1,83.5
2006,68.0,37.1,0,
2007,64.2,34.0,0,
2008,88.2,40.8,0,
2009,68.1,62.2,0,
2010,60.5,41.1,0,
2011,58.7,47.6,0,
2012,82.7,72.0,1,81.9
2013,51.0,42.5,0,
2014,57.4,36.2,0,
2015,65.8,50.0,1,56.9
2016,93.4,51.2,1,88.2
2017,43.5,45.2,0,
2018,64.8,37.1,0,
2019,57.6,48.2,0,
2020,74.0,39.9,1,78.7
2021,76.8,69.4,1,82.3
2022,58.0,59.1,0,
2023,61.2,69.0,0,
2024,74.5,45.9,0,
2025,66.5,43.4,0,
2026,81.8,59.7,1,79.6
2027,65.2,47.7,0,
2028,73.0,50.3,1,76.0
2029,54.8,18.5,0,
2030,55.6,57.6,1,72.1
2031,60.3,51.9,0,
2032,73.7,34.2,0,
2033,51.7,46.8,0,
2034,69.2,64.1,0,
2035,81.0,33.7,1,80.0
2036,84.9,60.2,1,81.7
2037,63.5,49.4,0,
2038,56.2,72.3,1,66.2
2039,77.1,54.5,1,84.4
2040,58.6,39.4,0,
2041,73.3,51.6,1,71.2
2042,80.3,61.9,1,79.3
2043,68.7,46.9,0,
2044,45.9,64.3,0,
2045,57.4,60.1,0,
2046,67.2,65.8,1,61.0
2047,87.1,52.4,1,91.1
2048,58.4,56.7,1,57.5
2049,62.5,48.6,0,
2050,82.1,57.9,1,100.0
2051,53.5,43.1,0,
2052,85.8,60.0,1,89.1
2053,62.2,31.2,0,
2054,63.9,44.7,0,
2055,80.4,31.0,0,
2056,75.5,53.8,0,
2057,48.0,24.5,0,
2058,56.5,41.6,0,
2059,94.6,63.0,1,81.1
2060,72.0,53.0,0,
2061,87.9,50.8,1,77.5
2062,52.5,51.0,0,
2063,67.0,54.2,1,70.3
2064,81.4,45.0,1,93.8
2065,94.2,56.6,1,91.1
2066,86.4,66.4,1,94.0
2067,74.7,37.3,1,77.4
2068,51.0,38.1,0,
2069,77.9,57.2,1,80.1
2070,60.6,51.1,0,
2071,72.4,40.7,1,77.0
2072,72.8,37.8,0,
2073,75.0,60.9,1,75.2
2074,78.7,50.8,1,73.7
2075,75.6,68.5,1,71.3
2076,65.5,48.1,0,
2077,67.3,64.8,1,72.9
2078,62.1,51.2,1,57.0
2079,58.2,58.1,1,62.5
2080,54.8,47.0,0,
2081,79.1,40.8,1,71.5
2082,58.6,69.6,1,59.1
2083,92.1,36.7,0,
2084,76.7,62.0,1,71.9
2085,66.8,46.5,1,69.1
2086,66.3,59.8,0,
2087,61.8,37.7,0,
2088,57.4,27.7,0,
2089,65.4,59.9,0,
2090,65.3,26.8,0,
2091,82.1,47.8,1,73.3
2092,78.4,49.1,1,80.0
2093,77.2,41.0,0,
2094,70.3,50.6,0,
2095,71.8,44.3,0,
2096,74.8,45.1,1,66.4
2097,68.0,53.2,1,73.7
2098,68.0,74.6,1,69.7
2099,66.2,60.6,0,
2100,67.1,58.8,1,72.3
2101,60.5,38.8,0,
2102,72.4,65.4,0,
2103,71.4,61.1,1,70.2
2104,66.3,49.7,1,78.0
2105,65.2,51.6,0,
2106,56.5,72.5,1,64.1
2107,84.4,58.9,1,78.9
2108,65.9,49.3,0,
2109,54.6,56.4,0,
2110,62.5,53.2,0,
2111,60.2,44.5,0,
2112,63.3,42.4,0,
2113,94.9,70.4,1,84.7
2114,77.2,46.0,0,
2115,68.9,70.5,1,61.4
2116,79.2,58.7,1,76.5
2117,67.1,40.0,0,
2118,67.0,43.3,0,
2119,70.1,42.5,0,
2120,77.2,48.2,1,80.1
2121,83.6,49.4,1,79.3
2122,77.7,59.0,1,89.9
2123,75.5,57.3,1,79.1
2124,76.6,37.2,0,
2125,84.8,49.0,0,
2126,54.0,41.7,0,
2127,47.8,37.3,0,
2128,78.4,37.1,0,
2129,76.0,60.3,0,
2130,64.5,32.8,0,
2131,64.1,57.2,1,70.2
2132,61.3,37.9,0,
2133,83.2,47.4,1,83.3
2134,101.0,58.2,1,92.7
2135,71.9,58.9,1,76.5
2136,85.7,46.2,1,78.0
2137,90.1,45.4,1,75.5
2138,77.4,39.4,0,
2139,75.7,78.0,1,93.6
2140,56.4,48.8,0,
2141,71.4,73.3,1,75.0
2142,73.0,52.0,0,
2143,66.4,39.5,0,
2144,69.2,55.3,1,80.0
2145,63.7,55.4,1,62.8
2146,51.6,74.7,1,46.4
2147,44.2,45.2,0,
2148,87.4,29.5,0,
2149,81.2,52.4,1,84.3
2150,82.6,34.3,0,
2151,85.8,41.2,1,87.7
2152,85.0,41.1,0,
2153,80.7,41.3,1,70.3
2154,68.1,60.2,1,82.0
2155,73.2,62.2,1,77.0
2156,75.4,63.6,1,69.2
2157,61.0,42.3,0,
2158,55.6,49.6,0,
2159,63.1,69.7,1,73.0
2160,82.2,53.1,1,91.1
2161,77.8,53.6,1,85.8
2162,75.9,37.1,0,
2163,49.2,81.5,1,67.1
2164,70.8,49.7,1,73.5
2165,64.7,67.8,1,62.0
2166,72.2,66.4,1,78.3
2167,94.2,54.3,1,81.4
2168,64.8,60.8,1,62.8
2169,80.2,48.7,1,82.2
2170,69.8,58.4,1,75.8
2171,70.4,69.5,1,77.3
2172,38.3,42.6,0,
2173,95.3,70.3,1,94.0
2174,62.6,46.9,1,69.3
2175,41.9,38.8,0,
2176,78.1,42.2,0,
2177,68.4,44.2,1,73.8
2178,91.2,50.5,1,90.5
2179,66.8,27.3,0,
2180,61.3,58.0,0,
2181,81.3,50.6,1,83.5
2182,90.1,53.4,1,86.1
2183,45.9,55.4,0,
2184,68.8,40.5,1,71.4
2185,80.4,60.6,1,70.8
2186,71.3,61.5,1,83.4
2187,71.6,44.3,0,
2188,66.8,29.4,0,
2189,73.4,40.9,0,
2190,51.8,54.0,0,
2191,61.6,39.3,1,68.8
2192,65.3,55.1,0,
2193,59.7,58.4,0,
2194,70.7,54.6,1,75.2
2195,56.1,52.4,0,
2196,67.5,21.6,0,
2197,92.9,63.5,1,90.0
2198,84.4,51.8,1,77.8
2199,53.7,46.9,1,65.1
2200,72.9,55.6,0,
2201,68.8,41.8,1,69.6
2202,84.2,48.7,0,
2203,72.1,56.2,1,64.5
2204,68.0,39.0,1,68.7
2205,64.0,38.5,0,
2206,64.9,76.4,1,78.6
2207,83.5,23.5,1,93.9
2208,62.9,37.9,0,
2209,56.7,47.3,1,58.9
2210,71.0,44.8,0,
2211,71.1,55.4,1,72.1
2212,65.1,37.4,0,
2213,68.5,26.9,0,
2214,59.5,54.4,0,
2215,63.3,30.2,0,
2216,57.0,37.6,0,
2217,60.9,42.4,0,
2218,71.2,34.1,1,75.4
2219,93.5,59.6,1,80.0
2220,54.6,24.8,0,
2221,51.2,45.5,0,
2222,67.3,50.4,1,75.5
2223,72.0,46.0,0,
2224,88.3,49.4,1,86.4
2225,48.7,57.4,0,
2226,82.3,47.2,1,92.6
2227,84.1,54.9,0,
2228,65.3,46.1,0,
2229,81.2,52.8,1,75.0
2230,50.3,31.8,0,
2231,65.3,49.4,0,
2232,62.0,49.0,0,
2233,66.9,26.8,0,
2234,50.5,43.5,0,
2235,68.7,57.3,0,
2236,72.1,48.0,1,69.9
2237,69.7,54.6,1,70.3
2238,82.3,57.3,0,
2239,71.8,17.8,0,
2240,44.2,48.2,0,
2241,63.6,60.7,0,
2242,82.4,46.8,1,79.3
2243,72.5,14.9,0,
2244,57.1,51.7,0,
2245,77.3,49.9,1,73.6
2246,57.3,52.8,0,
2247,51.1,55.0,0,
2248,59.4,45.8,0,
2249,86.5,63.2,1,87.1
2250,55.5,39.6,0,
2251,86.9,43.4,1,75.1
2252,64.1,61.7,1,75.0
2253,67.1,58.3,1,73.2
2254,61.4,53.7,0,
2255,58.3,32.5,0,
2256,59.8,54.9,0,
2257,75.8,67.0,0,
2258,69.8,30.5,0,
2259,65.0,54.8,1,63.2
2260,94.3,62.1,1,102.3
2261,29.2,32.3,0,
2262,77.0,55.0,1,77.6
2263,65.7,37.9,0,
2264,50.1,54.3,1,58.2
2265,77.4,68.0,1,72.0
2266,71.8,56.7,1,73.5
2267,66.4,57.8,1,68.8
2268,66.0,43.4,0,
2269,64.5,51.2,1,71.8
2270,83.8,53.1,1,88.0
2271,69.3,38.5,1,76.9
2272,82.4,44.8,1,88.1
2273,41.0,25.3,0,
2274,69.1,44.6,1,77.2
2275,56.0,45.2,0,
2276,63.1,60.3,1,67.1
2277,89.6,62.8,1,95.2
2278,35.1,62.2,0,
2279,77.4,66.0,1,86.1
2280,82.5,34.4,0,
2281,77.7,81.5,1,77.6
2282,56.2,53.8,1,67.5
2283,80.0,46.1,1,75.7
2284,72.8,47.4,0,
2285,65.5,56.0,0,
2286,68.6,46.9,1,74.6
2287,92.2,52.8,1,91.1
2288,67.7,38.7,0,
2289,78.7,31.8,0,
2290,63.9,48.8,0,
2291,71.8,61.8,1,67.2
2292,59.9,39.8,0,
2293,67.6,56.4,1,72.5
2294,66.7,43.8,0,
2295,77.1,50.7,0,
2296,64.6,55.2,1,69.6
2297,79.5,55.1,1,73.1
2298,70.2,27.3,0,
2299,68.7,44.9,0,
2300,80.2,29.3,0,
2301,71.2,60.0,1,77.1
2302,67.9,83.1,1,73.0
2303,94.6,55.1,1,100.4
2304,53.2,41.5,0,
2305,77.1,61.8,1,78.3
2306,67.8,85.2,1,64.3
2307,69.1,61.2,1,66.7
2308,84.2,49.0,0,
2309,74.1,85.5,1,79.8
2310,67.1,65.8,0,
2311,78.7,56.9,1,72.3
2312,62.0,40.7,0,
2313,66.4,36.2,0,
2314,57.1,46.4,0,
2315,66.6,51.9,1,71.2
2316,39.7,60.9,0,
2317,85.3,62.6,1,93.7
2318,63.3,56.5,0,
2319,75.8,48.0,1,72.8
2320,83.1,57.4,1,90.7
2321,79.9,68.6,1,87.1
2322,80.3,36.9,0,
2323,61.0,50.3,0,
2324,82.6,32.9,0,
2325,78.3,36.4,0,
2326,75.9,45.6,0,
2327,72.6,26.1,0,
2328,71.4,51.0,1,74.9
2329,65.2,63.4,0,
2330,55.1,50.0,1,54.8
2331,63.0,41.4,0,
2332,74.4,60.0,1,67.4
2333,69.8,46.7,0,
2334,66.7,50.9,1,75.6
2335,86.8,36.6,0,
2336,70.9,37.9,0,
2337,76.5,53.2,1,81.0
2338,76.2,66.0,1,79.7
2339,61.8,60.9,1,64.6
2340,72.3,63.5,0,
2341,86.2,59.2,1,95.9
2342,70.8,55.2,0,
2343,87.6,47.2,1,92.7
2344,82.7,40.1,0,
2345,81.4,52.6,1,80.1
2346,55.8,53.2,0,
2347,86.9,59.5,1,90.8
2348,68.2,71.9,1,70.6
2349,56.2,55.5,1,58.5
2350,57.5,30.1,0,
2351,64.7,27.5,0,
2352,58.3,54.5,1,63.1
2353,71.3,43.4,1,83.9
2354,62.4,74.8,0,
2355,62.0,37.3,0,
2356,75.6,49.7,0,
2357,80.1,51.4,1,83.2
2358,55.4,68.7,1,58.1
2359,59.0,62.4,0,
2360,28.8,80.3,0,
2361,62.1,59.4,0,
2362,91.3,20.4,0,
2363,78.4,52.3,1,91.7
2364,54.4,44.2,0,
2365,53.0,37.2,0,
2366,63.0,56.1,1,75.6
2367,64.9,36.8,0,
2368,69.4,50.0,0,
2369,55.5,55.4,0,
2370,82.3,62.3,1,77.8
2371,70.0,30.4,0,
2372,74.4,40.6,1,81.2
2373,95.7,71.0,1,102.2
2374,59.5,47.8,0,
2375,71.1,20.1,0,
2376,87.4,44.5,1,76.0
2377,62.0,37.1,0,
2378,104.3,33.7,1,105.6
2379,54.8,44.5,0,
2380,70.6,35.4,0,
2381,41.5,52.4,0,
2382,66.1,68.4,1,69.5
2383,68.0,55.5,0,
2384,64.7,49.6,0,
2385,80.2,57.2,0,
2386,61.1,54.9,0,
2387,58.7,40.2,0,
2388,64.4,30.5,0,
2389,56.1,56.3,0,
2390,58.3,55.0,0,
2391,49.5,47.7,0,
2392,67.0,73.4,1,69.9
2393,80.8,61.0,1,83.0
2394,80.3,36.2,0,
2395,73.5,58.4,0,
2396,75.0,36.3,0,
2397,77.9,44.1,0,
2398,71.2,23.6,0,
2399,60.6,48.2,1,67.6
2400,62.4,60.4,0,
2401,71.1,42.6,1,66.5
2402,63.4,45.8,0,
2403,70.3,61.8,1,72.1
2404,66.0,44.0,0,
2405,86.5,53.0,1,76.8
2406,80.0,42.8,0,
2407,62.0,50.0,0,
2408,71.9,38.0,0,
2409,45.2,38.3,0,
2410,67.4,22.6,0,
2411,65.6,65.0,1,65.0
2412,72.1,57.3,1,83.2
2413,88.7,29.3,0,
2414,63.5,80.1,1,68.3
2415,56.3,58.8,0,
2416,51.0,54.5,0,
2417,76.1,27.2,0,
2418,80.9,41.5,1,82.8
2419,66.8,48.4,0,
2420,81.8,30.2,0,
2421,70.4,52.9,0,
2422,60.7,56.9,1,70.2
2423,69.2,64.8,1,75.5
2424,87.2,33.6,0,
2425,63.0,50.3,0,
2426,53.4,35.2,0,
2427,64.1,87.6,1,58.2
2428,75.2,44.2,1,71.0
2429,85.9,55.9,1,81.9
2430,73.0,34.0,0,
2431,68.7,45.2,0,
2432,79.9,63.6,1,93.0
2433,66.4,44.1,0,
2434,76.8,24.9,0,
2435,63.1,61.6,1,70.9
2436,86.6,53.1,1,97.3
2437,59.0,78.4,1,75.3
2438,83.7,52.3,1,97.3
2439,67.8,53.4,1,79.8
2440,81.8,50.8,0,
2441,78.3,68.8,1,73.6
2442,83.8,48.3,1,82.0
2443,46.5,38.2,0,
2444,79.0,43.8,0,
2445,58.7,31.0,0,
2446,79.1,37.2,1,82.5
2447,59.7,41.6,0,
2448,87.6,34.0,1,92.5
2449,58.2,58.9,0,
2450,83.3,47.6,1,84.0
2451,75.5,51.7,0,
2452,77.4,55.8,1,86.8
2453,71.4,56.7,1,76.0
2454,57.5,76.6,1,62.1
2455,70.6,61.5,1,70.2
2456,80.1,32.4,0,
2457,55.8,64.4,0,
2458,87.6,69.0,1,77.1
2459,84.2,63.5,1,88.8
2460,73.7,52.4,1,72.9
2461,46.0,43.3,0,
2462,78.2,30.0,0,
2463,96.1,32.8,1,99.0
2464,59.3,32.8,0,
2465,59.8,30.7,0,
2466,68.4,46.9,0,
2467,82.6,63.8,1,80.4
2468,77.5,29.5,0,
2469,61.0,45.0,1,62.1
2470,70.1,52.7,0,
2471,63.7,39.1,0,
2472,73.6,46.6,0,
2473,76.4,41.1,0,
2474,84.5,30.2,0,
2475,99.4,37.6,1,101.5
2476,85.0,48.7,0,
2477,61.5,65.9,1,54.3
2478,73.3,43.4,0,
2479,78.1,45.5,0,
2480,68.0,59.4,0,
2481,76.2,48.5,1,74.6
2482,42.7,30.6,0,
2483,66.5,41.9,0,
2484,65.3,27.1,0,
2485,61.8,21.6,0,
2486,39.0,40.0,0,
2487,64.0,52.6,0,
2488,67.4,17.3,0,
2489,53.4,54.8,0,
2490,79.8,55.9,0,
2491,65.4,50.2,0,
2492,52.1,58.2,0,
2493,69.9,54.9,1,71.3
2494,62.9,25.5,0,
2495,43.2,49.7,0,
2496,85.8,33.3,0,
2497,102.7,65.7,1,101.0
2498,79.3,44.4,1,79.4
2499,68.5,57.7,1,73.6
2500,74.1,51.0,1,73.5
2501,77.4,47.9,1,88.4
2502,83.4,45.3,1,82.4
2503,54.4,70.5,0,
2504,63.5,31.8,0,
2505,80.5,50.0,1,78.0
2506,69.7,47.6,0,
2507,80.6,43.5,1,88.4
2508,65.3,68.7,0,
2509,83.2,60.3,1,72.7
2510,62.6,37.6,0,
2511,74.7,43.1,1,85.5
2512,77.0,76.6,1,82.2
2513,78.9,43.2,1,73.3
2514,48.9,56.8,0,
2515,80.6,65.8,1,90.1
2516,48.6,48.3,0,
2517,67.9,30.6,0,
2518,64.9,61.4,0,
2519,38.1,59.1,0,
2520,57.3,37.7,0,
2521,68.0,37.8,0,
2522,47.6,61.6,0,
2523,81.0,74.5,1,79.4
2524,70.3,42.2,0,
2525,79.2,56.0,1,75.0
2526,56.7,84.4,1,52.3
2527,81.8,47.6,0,
2528,80.2,21.9,1,85.3
2529,42.5,42.8,0,
2530,86.8,41.4,1,79.5
2531,80.6,39.0,0,
2532,54.3,30.5,0,
2533,98.1,57.3,1,93.2
2534,53.5,56.6,0,
2535,55.4,39.5,0,
2536,78.6,57.3,1,80.3
2537,85.4,50.9,1,86.3
2538,73.7,29.1,0,
2539,68.3,44.4,0,
2540,75.3,55.4,0,
2541,75.1,38.3,0,
2542,60.7,36.6,0,
2543,50.2,49.3,0,
2544,78.1,78.0,1,85.3
2545,59.8,97.0,1,58.1
2546,52.3,40.8,0,
2547,62.6,45.0,0,
2548,50.2,49.5,0,
2549,59.0,66.0,0,
2550,72.6,54.3,1,81.4
2551,63.8,42.0,0,
2552,48.9,35.0,0,
2553,70.4,51.1,1,76.9
2554,72.0,29.0,0,
2555,90.0,55.7,1,74.2
2556,78.7,46.2,1,85.2
2557,80.2,40.6,1,85.1
2558,91.5,60.1,1,91.7
2559,76.9,42.3,1,89.0
2560,74.8,65.8,1,85.2
2561,55.9,37.7,0,
2562,77.9,32.1,0,
2563,71.6,57.3,0,
2564,93.0,39.6,0,
2565,59.9,58.1,0,
2566,68.3,42.8,1,63.7
2567,57.0,55.4,0,
2568,69.3,76.0,1,66.1
2569,66.9,68.6,1,63.6
2570,60.6,24.2,0,
2571,67.4,20.8,0,
2572,60.6,27.5,0,
2573,99.5,49.5,1,100.1
2574,87.6,66.3,1,78.3
2575,58.9,68.0,0,
2576,61.5,58.8,0,
2577,45.5,53.3,0,
2578,71.7,69.6,1,74.4
2579,61.7,37.7,0,
2580,57.4,22.2,0,
2581,69.6,65.4,1,72.3
2582,52.3,53.8,1,64.8
2583,56.3,50.6,0,
2584,71.1,24.1,0,
2585,63.2,55.5,0,
2586,83.2,52.8,0,
2587,78.7,31.9,0,
2588,85.1,45.1,1,72.6
2589,65.5,46.0,0,
2590,66.8,54.3,1,57.4
2591,67.5,54.6,1,65.2
2592,68.9,40.3,1,66.2
2593,85.6,33.8,0,
2594,67.1,41.2,0,
2595,76.3,58.1,1,80.8
2596,49.7,54.1,0,
2597,71.5,42.8,0,
2598,80.9,39.4,0,
2599,69.1,23.6,0,
2600,69.9,90.8,1,72.1
2601,65.5,42.8,0,
2602,73.7,35.6,0,
2603,67.9,46.3,0,
2604,47.3,63.9,0,
2605,76.0,52.3,1,78.0
2606,60.2,43.4,0,
2607,70.4,45.4,1,71.9
2608,73.0,68.0,1,72.4
2609,80.6,55.1,0,
2610,68.7,46.4,0,
2611,51.4,73.5,1,62.0
2612,54.3,57.9,0,
2613,71.4,47.5,0,
2614,82.7,63.4,1,79.2
2615,65.2,27.5,0,
2616,98.8,44.8,1,90.5
2617,70.1,35.0,0,
2618,89.9,45.1,1,91.0
2619,44.1,50.5,1,52.6
2620,75.9,61.0,1,72.4
2621,78.2,47.6,0,
2622,74.9,53.8,1,74.8
2623,88.6,66.0,1,83.0
2624,59.1,42.6,0,
2625,71.0,38.5,1,68.4
2626,40.0,42.8,0,
2627,70.2,22.7,0,
2628,76.1,43.3,1,71.7
2629,65.0,55.1,1,62.4
2630,84.5,55.3,1,89.0
2631,68.2,45.1,0,
2632,58.8,45.7,0,
2633,66.3,34.8,0,
2634,68.4,76.5,1,75.1
2635,61.3,64.7,0,
2636,76.2,48.4,1,69.4
2637,76.8,64.8,1,73.0
2638,69.5,34.1,0,
2639,84.4,69.4,1,86.2
2640,56.4,46.6,0,
2641,87.7,47.1,1,82.4
2642,61.1,11.8,0,
2643,72.4,61.3,1,66.4
2644,75.5,41.4,0,
2645,55.0,45.3,0,
2646,73.3,34.8,0,
2647,58.3,65.6,0,
2648,74.1,26.7,0,
2649,59.3,40.0,0,
2650,72.3,40.2,0,
2651,60.8,42.7,0,
2652,59.6,43.0,0,
2653,68.7,65.8,1,70.4
2654,63.6,35.3,0,
2655,86.0,37.3,1,89.9
2656,89.0,26.2,1,91.7
2657,69.2,60.1,1,69.8
2658,86.9,31.9,1,75.9
2659,84.0,52.8,1,73.5
2660,61.2,42.2,0,
2661,73.6,44.1,0,
2662,70.0,52.2,1,74.6
2663,68.2,49.7,1,81.2
2664,65.6,50.7,0,
2665,67.0,31.1,0,
2666,79.7,37.1,0,
2667,78.1,46.2,0,
2668,91.9,33.0,0,
2669,62.2,71.6,1,64.0
2670,70.4,51.4,1,71.4
2671,62.4,33.7,0,
2672,80.1,31.2,0,
2673,66.6,74.7,1,56.7
2674,76.7,78.3,1,62.2
2675,77.4,48.5,0,
2676,73.3,60.1,1,71.9
2677,55.1,53.3,0,
2678,63.6,46.1,0,
2679,58.5,48.4,1,68.9
2680,60.3,76.4,1,77.6
2681,77.0,37.2,1,73.5
2682,57.5,50.8,0,
2683,96.4,64.1,1,100.2
2684,60.1,60.2,0,
2685,54.7,55.0,0,
2686,52.7,41.9,0,
2687,71.4,39.1,0,
2688,75.7,56.7,1,57.5
2689,81.4,61.7,1,77.5
2690,60.0,58.4,0,
2691,70.8,40.9,0,
2692,53.4,53.0,0,
2693,66.7,46.6,0,
2694,78.1,93.5,1,69.6
2695,70.8,35.8,0,
2696,60.3,42.4,0,
2697,61.8,69.6,1,51.1
2698,75.0,36.1,0,
2699,69.3,58.1,1,74.7
2700,57.6,24.5,0,
2701,70.1,61.5,1,67.7
2702,76.5,46.5,0,
2703,94.0,24.9,1,91.2
2704,63.1,38.4,0,
2705,87.6,74.1,1,87.6
2706,70.6,30.4,0,
2707,78.9,59.0,1,79.4
2708,62.8,49.7,0,
2709,85.7,50.7,1,87.1
2710,70.5,28.8,0,
2711,64.3,62.1,0,
2712,58.7,46.4,0,
2713,67.0,58.1,0,
2714,58.6,63.3,1,68.3
2715,69.5,77.1,1,76.9
2716,72.8,60.6,1,70.9
2717,80.5,47.3,1,81.7
2718,68.2,48.1,0,
2719,78.4,34.2,0,
2720,76.9,58.3,1,74.1
2721,81.3,67.1,1,89.0
2722,102.0,60.5,1,89.5
2723,67.5,51.8,0,
2724,51.5,52.0,0,
2725,63.0,32.8,0,
2726,67.7,71.9,1,75.4
2727,60.6,59.5,1,69.5
2728,94.8,28.3,1,93.1
2729,74.6,47.2,1,76.9
2730,61.5,67.4,1,65.7
2731,57.0,27.6,0,
2732,72.3,55.8,0,
2733,45.4,59.4,0,
2734,79.2,49.7,1,66.4
2735,49.1,58.9,0,
2736,84.7,49.6,1,84.8
2737,62.3,43.8,0,
2738,81.4,38.1,1,76.0
2739,38.8,31.8,0,
2740,96.9,52.2,1,97.4
2741,79.7,42.3,0,
2742,57.2,57.3,0,
2743,67.4,57.4,0,
2744,70.5,35.2,0,
2745,77.1,45.7,0,
2746,80.0,46.6,0,
2747,39.3,56.4,0,
2748,73.2,68.7,1,81.8
2749,57.3,27.9,0,
2750,67.6,62.4,1,78.8
2751,74.8,49.4,1,67.4
2752,85.9,75.4,1,76.0
2753,65.5,60.7,1,68.8
2754,70.1,84.6,1,84.5
2755,81.8,28.8,0,
2756,77.3,65.7,1,79.5
2757,57.4,48.1,0,
2758,57.3,37.7,0,
2759,76.1,63.0,1,80.8
2760,49.6,64.1,0,
2761,65.9,55.4,1,68.6
2762,66.8,22.2,0,
2763,73.2,52.3,1,84.3
2764,71.3,56.3,1,76.2
2765,91.6,42.4,1,86.1
2766,59.5,60.9,0,
2767,79.7,54.8,1,74.1
2768,71.0,49.1,0,
2769,69.0,86.8,1,67.3
2770,63.5,44.7,0,
2771,77.0,58.4,1,70.6
2772,79.5,50.2,1,86.4
2773,50.8,64.1,0,
2774,75.6,65.4,1,84.5
2775,72.3,44.6,0,
2776,77.3,55.0,0,
2777,79.8,40.2,1,82.6
2778,96.5,57.1,1,104.6
2779,79.9,30.3,0,
2780,69.0,45.6,1,74.0
2781,60.3,62.7,0,
2782,63.8,67.3,1,71.1
2783,72.6,37.8,1,80.9
2784,80.6,50.3,1,85.1
2785,88.1,63.0,1,88.0
2786,47.0,46.0,0,
2787,71.8,25.0,0,
2788,76.4,45.9,1,79.5
2789,58.9,63.5,0,
2790,84.3,63.7,1,87.0
2791,70.7,55.3,0,
2792,76.3,34.7,0,
2793,44.4,45.9,0,
2794,48.8,47.7,0,
2795,70.6,16.7,0,
2796,58.8,61.1,0,
2797,79.9,45.3,1,87.3
2798,60.1,53.2,1,60.3
2799,59.1,26.3,0,
2800,65.5,51.1,0,
2801,54.2,62.2,0,
2802,71.3,70.3,1,78.7
2803,70.9,69.1,1,74.8
2804,72.1,61.6,0,
2805,55.2,36.1,0,
2806,72.2,65.9,0,
2807,80.0,49.8,0,
2808,51.1,67.1,0,
2809,53.0,67.0,0,
2810,83.9,44.0,1,88.9
2811,47.2,51.7,0,
2812,92.2,54.9,1,97.0
2813,60.3,25.8,0,
2814,77.9,58.3,1,84.9
2815,77.5,71.7,1,77.1
2816,80.7,32.3,0,
2817,63.6,60.5,0,
2818,86.7,56.7,1,83.5
2819,93.2,61.1,1,89.3
2820,79.5,54.4,1,73.6
2821,52.6,40.7,0,
2822,75.4,37.7,1,72.9
2823,78.4,60.0,0,
2824,77.6,64.8,1,82.0
2825,84.6,41.5,0,
2826,76.9,44.4,1,91.4
2827,83.0,36.7,0,
2828,65.5,74.9,1,78.0
2829,44.2,41.3,0,
2830,85.0,96.2,1,87.1
2831,63.8,23.2,0,
2832,86.1,44.7,0,
2833,54.6,40.1,0,
2834,76.2,46.1,1,69.8
2835,54.8,32.3,0,
2836,78.1,32.1,0,
2837,73.8,34.3,1,87.9
2838,89.5,43.1,1,78.8
2839,54.2,48.3,0,
2840,60.2,44.0,0,
2841,59.7,56.8,0,
2842,51.5,46.8,1,71.8
2843,76.7,59.4,0,
2844,75.7,57.6,1,78.9
2845,70.7,51.9,1,81.3
2846,86.3,32.4,0,
2847,72.0,78.7,1,82.4
2848,62.8,41.8,1,61.1
2849,57.8,48.7,0,
2850,70.6,52.1,1,73.0
2851,80.5,31.6,1,78.2
2852,61.8,55.5,0,
2853,56.0,65.6,1,72.5
2854,64.0,53.8,1,76.9
2855,67.9,35.8,0,
2856,83.0,49.5,1,80.9
2857,65.6,67.8,1,75.7
2858,78.0,42.0,1,73.7
2859,50.7,76.9,0,
2860,59.3,41.6,1,69.8
2861,80.4,63.9,1,76.7
2862,75.3,59.9,1,69.5
2863,72.1,60.4,1,81.1
2864,83.6,31.7,1,88.3
2865,57.3,40.9,0,
2866,65.9,30.3,1,82.6
2867,77.1,58.7,0,
2868,74.0,38.0,1,81.2
2869,68.6,65.5,1,71.7
2870,65.2,73.7,1,61.2
2871,59.0,42.7,0,
2872,71.6,47.8,0,
2873,72.2,60.4,1,68.0
2874,64.1,65.8,1,62.2
2875,77.2,49.8,0,
2876,71.1,40.6,0,
2877,72.8,60.3,1,82.5
2878,65.5,48.9,0,
2879,71.9,45.1,1,66.2
2880,67.0,34.3,0,
2881,66.0,45.3,0,
2882,53.8,66.3,1,76.4
2883,83.2,23.9,0,
2884,74.8,38.1,1,70.0
2885,75.5,57.8,0,
2886,74.4,57.0,1,72.8
2887,48.7,62.4,0,
2888,92.3,48.4,0,
2889,85.8,28.9,0,
2890,79.6,41.4,0,
2891,60.1,74.7,1,64.4
2892,71.6,56.4,1,66.5
2893,70.1,67.8,1,64.5
2894,65.7,40.4,0,
2895,61.0,56.6,0,
2896,80.3,59.1,1,71.0
2897,68.7,52.8,1,73.4
2898,86.8,34.2,0,
2899,70.1,40.8,1,79.9
2900,78.5,60.2,1,75.8
2901,68.6,66.6,1,69.6
2902,62.3,18.4,0,
2903,52.9,88.7,0,
2904,60.5,52.7,0,
2905,78.2,44.8,0,
2906,67.9,44.4,0,
2907,78.2,43.1,0,
2908,66.9,50.8,1,75.9
2909,66.3,73.1,1,76.2
2910,43.3,48.5,0,
2911,46.6,51.1,0,
2912,55.4,38.8,0,
2913,49.4,30.7,0,
2914,89.6,62.4,0,
2915,48.0,39.3,0,
2916,62.3,32.0,0,
2917,65.8,58.2,0,
2918,81.1,41.0,1,82.8
2919,42.9,42.7,0,
2920,52.6,44.1,0,
2921,85.9,62.0,1,91.5
2922,73.0,59.6,1,74.4
2923,56.7,76.6,1,63.5
2924,67.6,28.2,0,
2925,62.5,63.9,1,73.4
2926,70.1,47.5,0,
2927,64.4,54.8,0,
2928,63.3,44.2,0,
2929,82.9,73.4,1,80.0
2930,64.8,57.3,1,60.3
2931,49.0,52.4,0,
2932,83.4,42.3,1,99.6
2933,83.0,44.1,1,83.6
2934,84.2,52.9,1,86.8
2935,50.6,45.4,1,52.0
2936,56.3,38.9,0,
2937,86.3,57.1,1,76.4
2938,89.0,19.2,0,
2939,68.3,60.6,1,58.3
2940,66.0,57.6,0,
2941,68.9,55.7,0,
2942,66.1,57.2,1,76.5
2943,89.7,64.3,1,78.8
2944,70.0,32.8,0,
2945,64.2,46.7,1,68.9
2946,57.9,42.1,0,
2947,55.3,50.5,0,
2948,86.1,39.1,1,97.7
2949,75.0,47.3,1,73.3
2950,63.1,18.7,0,
2951,74.5,35.0,0,
2952,70.1,76.9,1,69.4
2953,67.7,60.6,1,66.6
2954,61.3,49.9,0,
2955,68.6,47.4,0,
2956,54.3,56.9,0,
2957,79.0,39.0,0,
2958,81.6,36.9,0,
2959,87.7,26.5,0,
2960,87.6,77.5,1,86.1
2961,42.7,62.1,0,
2962,85.9,56.4,1,84.9
2963,74.1,65.5,1,74.6
2964,59.9,59.1,0,
2965,64.3,54.7,0,
2966,60.1,39.3,0,
2967,63.1,45.4,0,
2968,67.4,44.6,0,
2969,60.1,44.4,1,59.5
2970,57.9,52.3,0,
2971,70.7,41.8,0,
2972,85.2,43.5,1,94.5
2973,81.4,33.8,0,
2974,81.1,67.3,1,77.3
2975,54.6,47.6,0,
2976,79.5,69.9,1,79.9
2977,84.7,41.8,0,
2978,80.7,47.1,1,79.3
2979,67.6,68.2,1,78.1
2980,76.0,79.9,1,70.9
2981,74.0,60.4,0,
2982,47.9,54.0,0,
2983,61.8,66.0,1,64.1
2984,56.0,52.9,0,
2985,48.9,71.0,1,53.6
2986,94.0,70.7,1,95.1
2987,53.3,46.8,0,
2988,81.3,48.3,0,
2989,82.0,46.9,1,83.3
2990,60.0,38.6,0,
2991,73.2,33.9,0,
2992,53.2,67.6,0,
2993,66.2,46.6,0,
2994,75.5,57.4,0,
2995,75.6,32.7,0,
2996,75.7,50.4,0,
2997,63.4,29.3,0,
2998,74.1,80.7,1,72.8
2999,69.8,61.6,1,70.2
3000,77.1,42.2,1,77.2
3001,48.0,34.5,0,
3002,75.0,49.5,0,
3003,87.5,31.7,1,85.4
3004,61.6,71.8,1,63.3
3005,68.3,79.2,1,69.4
3006,44.3,70.2,1,45.9
3007,59.6,64.7,0,
3008,76.6,70.6,1,83.8
3009,88.7,52.9,1,83.8
3010,69.5,45.4,0,
3011,59.2,74.6,1,65.1
3012,77.0,67.8,1,81.8
3013,78.0,54.6,1,89.0
3014,68.9,51.1,0,
3015,61.2,53.2,1,66.2
3016,69.3,45.8,0,
3017,61.6,62.2,0,
3018,65.1,61.6,0,
3019,54.6,88.2,1,56.4
3020,80.5,27.9,0,
3021,61.2,42.9,0,
3022,61.0,32.7,1,69.6
3023,46.3,50.9,0,
3024,88.0,67.3,1,82.1
3025,70.3,35.3,0,
3026,77.1,41.3,1,86.2
3027,61.6,41.3,0,
3028,62.1,39.8,0,
3029,80.3,56.2,1,70.1
3030,74.3,51.4,0,
3031,67.0,38.1,0,
3032,61.9,32.6,0,
3033,92.1,48.8,1,87.3
3034,54.8,26.8,0,
3035,50.3,62.4,0,
3036,96.7,45.8,1,88.5
3037,60.1,34.2,0,
3038,68.6,63.6,0,
3039,77.8,47.6,0,
3040,65.7,47.8,0,
3041,47.5,36.9,0,
3042,65.0,40.0,0,
3043,66.5,20.4,0,
3044,68.2,61.3,0,
3045,79.5,58.8,1,86.3
3046,65.3,82.5,1,71.3
3047,87.5,69.2,1,89.4
3048,67.3,55.2,1,54.7
3049,65.1,38.6,0,
3050,81.0,36.1,0,
3051,58.4,19.9,0,
3052,73.5,34.3,0,
3053,68.2,90.4,1,65.1
3054,87.9,49.8,1,87.0
3055,65.9,34.3,0,
3056,65.0,59.1,0,
3057,58.4,39.1,0,
3058,73.0,62.6,0,
3059,88.6,36.6,0,
3060,32.1,58.0,0,
3061,81.3,49.5,1,80.1
3062,69.6,32.0,0,
3063,56.6,52.1,0,
3064,100.6,30.4,1,88.6
3065,69.1,55.0,0,
3066,54.7,40.4,0,
3067,67.0,82.1,0,
3068,69.6,33.3,0,
3069,72.1,35.9,1,66.6
3070,66.1,42.8,0,
3071,69.1,56.5,1,71.1
3072,56.2,25.3,0,
3073,76.0,28.4,0,
3074,56.9,38.9,0,
3075,69.4,66.1,1,70.3
3076,60.4,41.2,0,
3077,66.1,35.0,0,
3078,60.5,39.8,0,
3079,62.2,24.8,0,
3080,61.6,46.9,1,56.4
3081,93.1,31.9,0,
3082,67.2,42.0,0,
3083,66.9,46.0,0,
3084,65.2,40.2,0,
3085,79.4,49.4,0,
3086,50.3,54.3,0,
3087,63.2,42.0,0,
3088,62.3,49.5,0,
3089,63.7,34.9,0,
3090,74.3,56.8,1,84.5
3091,50.3,47.3,0,
3092,53.2,20.0,0,
3093,62.3,60.2,0,
3094,66.4,57.7,1,77.3
3095,67.7,49.4,1,75.0
3096,80.8,53.7,1,77.7
3097,57.2,60.6,0,
3098,62.7,48.3,1,59.6
3099,68.9,54.9,1,63.4
3100,75.7,47.6,1,71.0
3101,68.3,24.7,0,
3102,83.9,64.1,1,77.8
3103,80.3,42.2,1,83.1
3104,86.6,67.2,1,80.9
3105,76.1,47.4,1,72.7
3106,61.7,49.7,0,
3107,62.8,69.3,1,63.3
3108,85.5,54.9,1,85.0
3109,42.6,57.5,0,
3110,77.3,90.3,1,86.2
3111,86.5,51.4,1,84.6
3112,66.6,57.7,0,
3113,60.1,57.4,1,52.7
3114,97.2,67.4,1,99.3
3115,53.7,58.4,0,
3116,50.8,35.3,0,
3117,88.9,50.4,1,73.5
3118,67.1,58.4,0,
3119,51.5,40.2,0,
3120,64.4,73.4,1,71.5
3121,40.1,56.3,0,
3122,91.7,60.7,1,86.6
3123,83.6,49.7,1,93.6
3124,79.6,45.3,0,
3125,69.9,64.8,1,75.6
3126,66.4,43.7,1,74.7
3127,53.1,35.6,0,
3128,68.2,62.0,0,
3129,83.4,26.7,0,
3130,51.8,41.2,0,
3131,89.9,50.9,1,96.9
3132,68.7,50.9,0,
3133,75.6,33.7,0,
3134,66.4,34.9,0,
3135,93.6,38.9,1,91.4
3136,77.3,48.1,1,72.0
3137,73.4,55.0,1,64.7
3138,79.2,61.0,1,71.8
3139,73.4,37.6,0,
3140,61.5,45.7,0,
3141,64.6,51.2,0,
3142,65.8,48.8,0,
3143,46.7,62.2,0,
3144,39.7,68.4,0,
3145,93.1,40.6,0,
3146,60.0,62.6,0,
3147,68.1,57.8,0,
3148,72.6,43.0,1,78.3
3149,80.3,37.9,0,
3150,64.7,47.4,0,
3151,82.4,29.7,1,87.8
3152,75.2,73.2,1,67.8
3153,79.6,27.7,0,
3154,73.2,50.3,0,
3155,48.5,36.9,0,
3156,78.3,39.5,1,77.0
3157,54.2,49.0,0,
3158,80.5,35.4,1,79.4
3159,72.6,54.1,0,
3160,76.6,74.6,1,79.2
3161,57.2,48.0,0,
3162,52.3,44.6,0,
3163,58.4,22.0,0,
3164,67.2,59.1,0,
3165,91.9,53.9,1,86.4
3166,88.1,36.3,0,
3167,70.8,41.1,0,
3168,64.8,34.6,0,
3169,56.9,39.6,0,
3170,58.7,49.4,0,
3171,50.2,39.0,0,
3172,63.8,49.7,0,
3173,86.1,53.0,1,87.9
3174,62.7,42.6,0,
3175,55.1,37.0,0,
3176,81.1,57.8,1,83.7
3177,57.4,33.7,0,
3178,67.1,42.0,0,
3179,57.8,46.3,0,
3180,48.1,43.6,0,
3181,73.2,70.3,1,61.8
3182,77.7,65.6,1,84.1
3183,87.9,43.5,0,
3184,82.7,68.3,1,73.9
3185,52.2,52.4,0,
3186,93.2,88.3,1,91.5
3187,73.4,51.4,1,92.4
3188,73.6,54.1,0,
3189,58.8,58.2,1,59.5
3190,64.1,29.6,0,
3191,53.2,58.2,1,58.8
3192,64.9,52.9,0,
3193,75.8,47.5,1,84.4
3194,100.8,56.4,1,90.4
3195,68.4,35.3,0,
3196,73.0,56.5,1,69.7
3197,92.4,58.9,1,90.4
3198,58.1,38.8,0,
3199,66.3,23.0,0,
3200,66.0,42.3,0,
3201,55.9,49.7,0,
3202,62.5,70.8,1,68.7
3203,79.9,50.9,0,
3204,55.1,57.0,0,
3205,49.4,42.1,0,
3206,71.2,54.3,1,85.0
3207,76.4,54.6,1,71.0
3208,46.5,40.8,0,
3209,63.9,54.4,1,67.1
3210,43.4,54.0,0,
3211,72.8,46.6,0,
3212,65.9,47.5,1,62.0
3213,73.6,44.0,0,
3214,77.5,48.5,0,
3215,78.8,65.5,1,70.1
3216,69.6,36.8,0,
3217,60.3,40.6,0,
3218,76.3,41.0,0,
3219,72.5,35.3,0,
3220,70.4,38.8,0,
3221,70.9,57.0,1,83.8
3222,73.8,38.4,0,
3223,37.7,53.2,0,
3224,62.2,33.0,0,
3225,64.7,20.9,0,
3226,67.8,49.9,0,
3227,65.1,52.0,1,74.8
3228,82.3,48.3,1,84.0
3229,59.2,46.5,1,59.5
3230,81.4,26.0,0,
3231,86.6,77.9,1,78.7
3232,100.9,34.0,1,93.3
3233,86.4,54.7,1,79.1
3234,64.7,60.5,0,
3235,73.4,40.2,0,
3236,74.8,66.3,0,
3237,82.2,57.6,1,72.2
3238,74.6,41.0,0,
3239,62.8,40.7,0,
3240,63.1,49.4,0,
3241,91.0,36.9,0,
3242,53.7,22.8,0,
3243,49.4,32.1,0,
3244,69.2,49.6,1,79.5
3245,75.2,53.3,0,
3246,78.3,52.5,1,77.6
3247,70.3,57.9,1,69.2
3248,65.2,54.3,0,
3249,72.0,36.9,0,
3250,78.8,49.4,1,81.1
3251,65.1,57.8,1,66.4
3252,68.9,70.0,1,81.4
3253,69.9,60.1,1,75.2
3254,97.8,33.0,1,84.6
3255,75.6,65.1,1,82.0
3256,71.0,38.0,0,
3257,82.4,60.5,1,80.9
3258,73.3,51.1,1,70.7
3259,96.3,56.1,1,89.2
3260,72.3,47.2,0,
3261,83.1,46.5,1,77.7
3262,77.7,58.9,1,83.6
3263,73.9,64.0,1,85.4
3264,79.5,52.5,1,80.5
3265,80.4,52.9,1,75.1
3266,78.3,39.5,0,
3267,68.1,53.7,1,83.8
3268,62.8,56.0,1,68.2
3269,76.1,46.2,1,85.6
3270,78.1,55.7,1,72.9
3271,82.6,78.3,1,82.4
3272,83.2,37.0,0,
3273,77.6,57.4,1,73.8
3274,68.6,57.4,1,78.3
3275,85.2,63.9,1,77.2
3276,75.3,57.9,1,78.6
3277,70.4,37.9,0,
3278,78.2,50.1,1,80.1
3279,77.3,47.9,1,74.3
3280,71.0,38.9,0,
3281,92.7,56.8,1,95.4
3282,54.2,27.9,0,
3283,91.9,46.8,0,
3284,58.0,62.2,1,61.3
3285,72.8,45.9,0,
3286,95.2,85.5,1,80.9
3287,67.1,53.1,0,
3288,45.8,59.5,0,
3289,70.6,39.8,0,
3290,72.5,53.9,0,
3291,76.1,45.7,0,
3292,97.8,61.7,1,94.1
3293,74.9,54.8,1,67.2
3294,92.0,48.5,1,89.5
3295,62.8,75.5,1,78.7
3296,75.4,42.9,0,
3297,56.7,58.6,0,
3298,69.6,36.1,0,
3299,70.8,52.4,0,
3300,80.3,39.3,0,
3301,84.9,49.1,1,84.2
3302,56.1,46.9,0,
3303,67.6,27.2,0,
3304,66.8,64.5,1,77.9
3305,80.0,68.7,1,81.4
3306,76.2,54.2,1,83.0
3307,86.3,36.3,1,90.9
3308,50.7,63.9,0,
3309,65.1,57.7,1,71.7
3310,80.6,52.6,1,80.0
3311,73.7,56.9,0,
3312,73.8,44.8,0,
3313,85.8,51.2,1,77.7
3314,79.8,42.0,0,
3315,58.6,50.0,0,
3316,73.7,65.9,1,81.1
3317,74.4,36.8,0,
3318,60.0,35.5,0,
3319,75.1,44.4,1,87.6
3320,87.9,70.8,1,84.5
3321,85.4,61.8,1,81.2
3322,85.4,69.7,1,85.4
3323,70.2,39.7,0,
3324,67.8,45.4,1,67.3
3325,76.1,55.9,1,80.1
3326,101.2,73.8,1,105.2
3327,82.3,45.6,1,80.1
3328,57.5,56.9,1,64.1
3329,60.0,44.1,0,
3330,73.8,47.9,1,87.0
3331,68.0,41.5,1,64.9
3332,58.9,73.8,1,53.2
3333,101.7,64.3,1,93.1
3334,71.6,30.1,0,
3335,87.4,70.4,1,87.0
3336,52.0,66.8,0,
3337,61.8,41.2,0,
3338,72.2,46.9,0,
3339,64.3,60.1,1,66.2
3340,67.3,50.7,0,
3341,65.7,69.1,1,72.2
3342,66.6,38.9,0,
3343,72.7,51.5,0,
3344,71.7,42.3,0,
3345,68.0,76.0,1,74.5
3346,62.2,62.7,0,
3347,86.6,42.0,1,86.8
3348,60.6,48.3,0,
3349,72.3,38.4,0,
3350,69.7,54.2,1,82.6
3351,82.0,38.2,1,92.4
3352,77.3,58.4,1,76.6
3353,65.8,48.1,0,
3354,78.4,36.1,0,
3355,53.2,71.7,0,
3356,74.3,70.7,1,73.5
3357,50.6,30.8,0,
3358,51.8,60.0,1,60.6
3359,68.2,28.2,0,
3360,104.4,35.2,1,99.8
3361,49.4,50.7,0,
3362,72.5,48.3,0,
3363,59.6,53.8,0,
3364,74.8,62.7,1,81.8
3365,83.5,40.5,1,86.6
3366,57.3,69.7,1,65.2
3367,67.2,41.0,0,
3368,66.5,50.1,1,87.0
3369,78.0,34.3,0,
3370,60.8,53.8,0,
3371,75.1,47.2,1,83.3
3372,62.2,40.5,0,
3373,61.3,44.8,0,
3374,102.7,49.3,1,99.5
3375,63.0,30.4,0,
3376,76.4,61.5,1,85.9
3377,62.6,62.4,0,
3378,63.1,68.2,1,61.6
3379,71.3,40.8,1,69.6
3380,76.2,56.6,1,84.7
3381,60.4,44.2,0,
3382,65.5,51.1,0,
3383,62.6,42.4,0,
3384,41.9,44.9,0,
3385,57.7,50.4,0,
3386,67.5,45.4,0,
3387,84.4,35.8,0,
3388,45.1,41.5,0,
3389,57.0,65.1,1,59.2
3390,76.0,32.3,0,
3391,73.7,57.2,0,
3392,67.6,50.8,1,71.3
3393,78.2,13.0,0,
3394,60.2,40.7,0,
3395,78.2,77.0,1,75.3
3396,62.4,52.7,0,
3397,58.0,57.8,0,
3398,79.1,46.1,0,
3399,52.1,44.1,0,
3400,50.7,28.4,0,
3401,69.8,55.0,1,72.0
3402,65.3,36.9,0,
3403,61.9,55.8,1,63.7
3404,63.2,67.0,1,71.9
3405,74.3,61.9,0,
3406,77.3,61.9,0,
3407,90.1,48.1,1,81.7
3408,51.8,51.3,0,
3409,64.8,57.7,1,76.0
3410,60.9,38.6,0,
3411,72.5,53.3,1,79.6
3412,80.5,42.7,1,83.9
3413,55.9,38.4,0,
3414,73.1,75.8,1,80.1
3415,70.6,78.6,1,67.1
3416,73.4,42.9,1,77.5
3417,81.7,47.4,0,
3418,70.4,49.6,1,74.9
3419,69.2,55.9,1,67.9
3420,59.7,44.0,0,
3421,64.9,45.4,0,
3422,80.0,43.5,0,
3423,86.1,38.7,0,
3424,64.3,43.3,0,
3425,80.6,40.4,0,
3426,94.9,40.4,0,
3427,56.7,70.5,1,55.3
3428,68.7,50.5,1,66.7
3429,63.2,62.6,0,
3430,61.9,57.4,1,65.1
3431,44.2,49.6,0,
3432,76.7,59.3,0,
3433,67.5,17.5,0,
3434,60.4,34.5,0,
3435,70.3,31.2,1,72.5
3436,55.5,63.6,0,
3437,80.7,53.0,0,
3438,52.6,52.7,0,
3439,70.2,21.0,0,
3440,65.3,63.0,1,70.1
3441,83.2,42.1,0,
3442,61.1,49.5,0,
3443,91.1,51.2,1,95.5
3444,80.4,66.6,1,84.2
3445,80.9,28.7,0,
3446,71.0,18.5,0,
3447,72.2,67.1,1,77.4
3448,78.1,61.3,1,68.5
3449,87.6,52.3,0,
3450,86.8,36.7,1,79.4
3451,80.0,32.1,0,
3452,51.1,63.0,0,
3453,66.7,66.2,0,
3454,68.9,54.6,0,
3455,53.1,52.0,0,
3456,81.7,46.3,0,
3457,76.3,45.7,0,
3458,80.5,40.7,0,
3459,81.2,54.5,1,80.7
3460,75.1,68.5,1,80.0
3461,75.7,58.4,1,80.4
3462,68.4,58.5,0,
3463,53.2,42.7,0,
3464,55.3,58.0,0,
3465,80.0,51.8,1,84.7
3466,55.9,36.9,0,
3467,41.6,63.4,0,
3468,73.4,54.3,1,70.9
3469,68.3,64.0,1,71.8
3470,102.8,65.9,1,86.4
3471,101.4,46.6,1,88.3
3472,76.7,59.8,1,88.6
3473,96.0,45.3,1,94.4
3474,65.3,57.7,1,75.5
3475,61.0,76.6,1,63.3
3476,54.2,49.7,0,
3477,71.4,37.9,0,
3478,72.5,51.3,0,
3479,48.3,34.3,0,
3480,63.9,50.6,0,
3481,84.3,62.6,1,79.7
3482,74.7,45.8,1,76.8
3483,73.8,40.4,1,77.4
3484,76.1,44.4,0,
3485,75.1,44.9,1,74.0
3486,69.6,52.9,1,72.1
3487,75.7,46.4,1,78.2
3488,74.6,62.2,1,90.6
3489,56.6,72.0,0,
3490,78.8,62.9,1,70.8
3491,77.1,40.6,1,76.3
3492,86.1,57.9,1,88.1
3493,83.5,38.7,0,
3494,48.0,55.9,0,
3495,71.6,72.4,1,74.0
3496,61.4,37.2,0,
3497,75.0,57.5,1,66.3
3498,47.8,57.8,0,
3499,72.5,29.8,0,
3500,65.1,48.3,1,79.3
3501,86.9,71.8,1,87.0
3502,89.3,67.4,1,84.9
3503,74.8,79.6,1,68.9
3504,70.3,37.1,0,
3505,59.2,76.1,1,69.5
3506,79.7,46.5,1,83.2
3507,33.1,48.2,0,
3508,62.5,42.1,1,64.3
3509,62.1,33.1,1,78.0
3510,77.8,53.5,1,81.0
3511,52.3,54.0,0,
3512,72.4,28.2,0,
3513,74.0,48.7,1,70.4
3514,76.6,44.1,1,86.5
3515,57.5,58.3,0,
3516,65.7,48.0,0,
3517,70.5,59.9,0,
3518,57.6,63.0,0,
3519,67.0,42.7,0,
3520,51.8,68.4,0,
3521,86.8,37.9,1,81.3
3522,78.6,41.8,0,
3523,94.0,53.6,1,93.7
3524,75.4,58.1,1,88.6
3525,48.2,53.3,0,
3526,77.6,54.2,1,82.8
3527,75.3,68.5,1,72.1
3528,73.3,38.2,1,73.0
3529,44.6,53.2,0,
3530,60.2,52.2,0,
3531,74.6,67.3,1,76.1
3532,71.7,49.2,0,
3533,55.6,42.5,0,
3534,70.1,48.2,1,66.2
3535,56.4,43.8,0,
3536,80.4,49.0,0,
3537,72.5,56.5,1,71.0
3538,69.5,40.3,0,
3539,59.7,54.5,0,
3540,55.7,84.3,1,59.4
3541,81.4,36.5,1,90.1
3542,46.9,37.2,0,
3543,84.1,59.5,1,87.6
3544,45.1,62.6,0,
3545,51.0,56.9,0,
3546,55.6,30.6,0,
3547,65.2,43.8,0,
3548,67.1,47.3,0,
3549,93.6,40.7,1,82.9
3550,71.1,47.9,0,
3551,81.8,33.6,1,86.1
3552,69.9,61.8,1,73.4
3553,49.1,33.2,0,
3554,59.1,33.4,0,
3555,49.6,55.1,0,
3556,53.1,49.6,0,
3557,58.4,58.0,0,
3558,63.3,44.7,0,
3559,63.0,49.6,1,65.3
3560,87.0,63.1,1,84.0
3561,64.1,62.7,0,
3562,57.7,56.2,0,
3563,91.8,50.6,1,91.9
3564,65.8,56.6,1,69.3
3565,73.9,55.1,1,69.6
3566,74.7,49.2,1,79.3
3567,60.7,52.8,0,
3568,62.9,70.7,1,65.1
3569,73.2,77.2,1,66.6
3570,65.9,43.8,1,74.6
3571,81.4,44.9,1,78.1
3572,81.8,58.8,1,87.2
3573,85.1,57.3,1,91.7
3574,51.0,62.0,1,57.9
3575,53.3,48.3,0,
3576,64.7,57.8,1,79.9
3577,57.3,34.0,0,
3578,71.3,40.7,0,
3579,47.4,42.7,0,
3580,62.1,68.8,0,
3581,52.5,48.9,0,
3582,79.8,64.9,1,78.0
3583,48.8,46.5,0,
3584,84.6,41.6,1,92.6
3585,51.7,41.9,0,
3586,52.2,53.0,0,
3587,74.9,50.6,1,87.1
3588,80.5,60.0,1,86.2
3589,61.7,50.0,0,
3590,77.1,61.5,0,
3591,76.9,45.1,1,73.2
3592,86.7,49.1,1,79.5
3593,67.5,51.5,0,
3594,85.8,37.2,0,
3595,62.4,61.8,1,73.1
3596,66.2,63.0,1,74.3
3597,84.0,40.1,1,86.4
3598,80.7,52.1,0,
3599,82.9,49.4,0,
3600,54.1,42.4,0,
3601,79.9,49.5,1,77.3
3602,76.7,43.1,0,
3603,58.3,65.2,0,
3604,72.0,52.8,1,82.7
3605,63.1,57.9,1,60.2
3606,85.3,55.5,0,
3607,75.4,18.3,0,
3608,57.7,48.8,0,
3609,69.3,57.9,1,66.9
3610,69.1,32.2,0,
3611,64.4,48.6,0,
3612,57.3,62.9,0,
3613,78.0,52.4,1,72.7
3614,45.2,38.2,0,
3615,62.1,46.1,0,
3616,73.7,83.1,1,73.8
3617,67.5,55.8,1,70.3
3618,60.9,36.9,0,
3619,78.0,45.2,1,89.8
3620,71.4,60.5,1,71.5
3621,74.1,55.1,1,70.5
3622,83.9,65.1,1,82.4
3623,76.0,49.5,0,
3624,69.9,44.9,0,
3625,42.9,37.1,0,
3626,62.7,72.6,1,62.2
3627,78.9,43.3,1,76.3
3628,76.5,67.7,1,72.3
3629,84.1,57.3,0,
3630,68.9,45.0,0,
3631,62.0,46.4,0,
3632,65.1,62.5,1,63.0
3633,79.0,29.8,0,
3634,60.4,30.1,0,
3635,78.0,59.0,1,78.8
3636,85.6,45.4,1,83.9
3637,71.7,46.7,0,
3638,73.1,63.0,1,73.9
3639,48.6,50.9,0,
3640,68.0,53.4,0,
3641,71.3,68.9,1,81.3
3642,49.0,60.8,0,
3643,69.3,29.7,0,
3644,90.5,48.0,1,97.1
3645,95.5,69.0,1,98.3
3646,58.6,51.3,0,
3647,61.2,70.0,0,
3648,67.2,60.9,1,60.3
3649,75.1,61.0,1,69.5
3650,57.4,33.4,0,
3651,77.4,40.6,1,69.3
3652,78.3,65.9,1,82.2
3653,70.4,32.1,1,77.0
3654,93.5,28.9,0,
3655,84.8,24.6,0,
3656,71.4,33.3,0,
3657,58.7,40.9,0,
3658,71.8,28.9,0,
3659,84.1,62.0,1,76.6
3660,49.3,64.0,0,
3661,82.1,72.8,1,91.9
3662,94.7,31.5,0,
3663,94.5,40.4,1,89.9
3664,72.1,42.4,1,76.2
3665,65.7,53.0,0,
3666,84.8,65.9,1,87.2
3667,36.7,66.4,0,
3668,84.5,36.3,0,
3669,68.0,61.0,1,65.1
3670,93.4,54.1,1,85.6
3671,61.6,36.1,0,
3672,58.7,52.5,0,
3673,72.9,20.8,0,
3674,61.9,60.3,0,
3675,61.6,70.0,1,62.3
3676,60.6,41.5,0,
3677,73.8,35.1,1,79.2
3678,64.6,70.3,0,
3679,57.6,36.9,0,
3680,82.4,45.4,1,87.0
3681,59.9,55.9,0,
3682,57.8,47.4,0,
3683,82.6,61.8,1,81.3
3684,69.0,72.4,0,
3685,79.3,39.1,0,
3686,72.0,45.2,1,76.2
3687,64.0,32.8,0,
3688,79.8,44.0,1,75.9
3689,62.0,47.2,0,
3690,71.5,38.9,0,
3691,68.0,35.5,0,
3692,58.7,59.5,0,
3693,63.7,59.2,0,
3694,49.6,65.7,0,
3695,73.3,41.6,0,
3696,58.0,20.6,0,
3697,65.1,65.4,0,
3698,84.1,64.0,1,78.1
3699,73.5,76.5,1,75.7
3700,52.7,31.3,0,
3701,56.9,32.7,0,
3702,75.9,45.6,0,
3703,71.2,59.7,1,73.0
3704,64.7,89.5,0,
3705,60.5,48.4,0,
3706,61.2,41.5,0,
3707,64.4,40.9,0,
3708,70.5,67.5,1,75.2
3709,51.6,43.7,0,
3710,75.7,61.4,1,94.3
3711,83.9,43.1,1,97.6
3712,35.7,20.6,0,
3713,81.7,54.7,1,75.4
3714,51.1,59.1,0,
3715,65.4,63.6,1,76.7
3716,65.0,45.4,0,
3717,50.3,52.7,0,
3718,56.2,46.7,0,
3719,68.9,48.0,0,
3720,73.2,47.2,0,
3721,83.2,46.0,0,
3722,54.9,51.4,0,
3723,84.5,47.1,1,70.2
3724,69.1,52.7,0,
3725,41.2,52.1,0,
3726,69.1,50.8,0,
3727,92.8,75.9,1,87.4
3728,65.1,44.8,0,
3729,73.5,51.2,1,77.9
3730,63.5,42.3,0,
3731,82.3,54.2,1,86.0
3732,81.7,64.8,1,86.7
3733,66.2,51.5,0,
3734,64.8,59.8,1,71.3
3735,62.8,42.0,0,
3736,95.7,77.3,1,95.1
3737,60.2,49.8,0,
3738,72.9,40.2,0,
3739,78.4,27.7,0,
3740,102.6,43.1,1,105.6
3741,61.8,59.6,1,55.2
3742,52.6,37.1,0,
3743,64.2,64.7,1,74.1
3744,64.1,44.2,0,
3745,91.6,36.6,1,83.3
3746,66.2,61.9,0,
3747,48.2,51.6,0,
3748,89.8,50.0,1,93.6
3749,64.5,57.2,1,68.7
3750,57.5,46.0,0,
3751,74.9,59.3,1,76.1
3752,68.5,41.4,0,
3753,70.6,50.7,0,
3754,66.7,43.2,0,
3755,80.6,52.5,1,74.2
3756,71.1,56.3,1,72.3
3757,60.7,47.8,1,69.3
3758,55.6,46.2,1,65.4
3759,80.9,47.8,0,
3760,52.9,42.9,0,
3761,68.6,31.4,0,
3762,61.8,45.9,0,
3763,62.3,58.7,0,
3764,94.0,45.8,1,97.2
3765,77.6,46.4,0,
3766,69.3,48.4,0,
3767,62.1,75.6,1,67.3
3768,96.6,45.7,1,78.5
3769,70.2,41.6,0,
3770,78.9,29.1,0,
3771,78.8,51.2,1,84.4
3772,79.2,32.1,0,
3773,66.6,39.3,0,
3774,62.4,51.5,0,
3775,60.7,41.8,0,
3776,53.8,54.5,0,
3777,61.0,47.0,0,
3778,62.9,58.9,0,
3779,52.1,47.3,0,
3780,68.9,50.9,0,
3781,92.7,54.0,1,80.5
3782,88.6,92.7,1,83.4
3783,56.7,77.4,1,64.1
3784,44.3,40.6,0,
3785,70.5,52.5,1,68.4
3786,59.3,61.9,1,66.3
3787,64.0,36.2,0,
3788,62.9,51.9,1,72.6
3789,77.1,71.0,1,78.9
3790,87.4,60.0,0,
3791,67.6,41.2,1,68.6
3792,68.4,36.6,0,
3793,41.2,49.4,0,
3794,69.4,74.6,1,64.9
3795,53.7,51.4,0,
3796,75.8,43.4,1,78.7
3797,66.7,42.8,0,
3798,71.6,14.0,0,
3799,66.6,46.1,1,60.0
3800,47.3,50.9,0,
3801,54.9,63.3,1,70.4
3802,56.4,31.5,0,
3803,78.9,52.7,0,
3804,55.2,50.3,0,
3805,76.1,53.7,1,82.7
3806,56.5,58.9,0,
3807,87.6,59.6,1,87.4
3808,54.7,62.7,0,
3809,74.4,56.7,1,75.6
3810,66.7,55.5,1,71.5
3811,55.5,56.7,0,
3812,84.5,37.5,0,
3813,81.6,37.5,1,94.2
3814,66.7,67.1,1,83.9
3815,48.3,53.5,0,
3816,59.8,41.6,0,
3817,81.6,55.7,1,82.9
3818,79.5,46.9,0,
3819,71.4,49.4,0,
3820,78.5,32.2,0,
3821,63.5,34.8,0,
3822,73.9,78.3,1,60.2
3823,68.3,65.5,1,74.6
3824,82.4,58.6,1,76.6
3825,61.6,69.2,1,71.7
3826,63.2,39.9,0,
3827,85.4,27.4,0,
3828,60.9,39.3,0,
3829,56.3,47.6,0,
3830,57.0,53.7,1,56.3
3831,87.0,31.2,0,
3832,74.5,43.2,0,
3833,67.3,62.1,1,68.7
3834,88.2,67.3,1,89.1
3835,55.8,55.7,1,63.8
3836,88.6,30.0,1,79.9
3837,50.8,49.2,0,
3838,79.1,38.3,0,
3839,64.8,35.1,0,
3840,75.8,44.7,0,
3841,59.0,46.1,0,
3842,58.6,43.9,0,
3843,65.9,54.7,0,
3844,71.8,59.7,1,69.4
3845,74.8,48.1,1,79.7
3846,61.6,26.7,0,
3847,87.5,56.0,1,82.8
3848,79.1,50.3,1,77.9
3849,72.1,34.4,0,
3850,69.0,56.3,1,82.8
3851,60.6,38.5,0,
3852,82.3,54.6,1,72.9
3853,42.2,58.3,0,
3854,67.3,33.4,0,
3855,76.0,62.6,1,84.3
3856,86.3,62.7,1,84.2
3857,56.9,46.0,0,
3858,60.4,50.4,1,71.5
3859,76.4,35.5,1,79.9
3860,52.3,60.7,0,
3861,89.5,54.1,0,
3862,67.7,59.4,1,63.2
3863,68.5,29.4,1,81.9
3864,54.2,53.5,0,
3865,71.7,55.2,1,69.2
3866,71.1,52.7,0,
3867,45.1,44.2,0,
3868,62.8,40.0,0,
3869,67.7,59.4,1,68.1
3870,60.9,42.6,0,
3871,71.2,52.6,1,86.1
3872,67.6,52.9,0,
3873,82.9,57.3,1,78.2
3874,76.1,63.7,1,80.7
3875,34.8,49.6,0,
3876,51.2,27.0,0,
3877,66.0,53.7,0,
3878,87.0,61.6,1,79.8
3879,80.3,48.3,1,91.9
3880,68.6,60.0,1,76.1
3881,77.0,46.0,0,
3882,80.8,46.5,0,
3883,62.5,30.2,0,
3884,72.6,48.4,1,88.1
3885,85.3,64.6,1,88.2
3886,78.7,44.0,1,77.7
3887,89.5,38.8,1,78.4
3888,67.8,40.7,0,
3889,68.2,69.3,1,66.2
3890,59.0,69.3,1,54.6
3891,68.2,55.1,1,87.0
3892,73.6,45.3,0,
3893,69.3,51.3,0,
3894,50.6,77.9,1,55.0
3895,77.2,69.4,1,76.9
3896,71.7,82.8,1,64.6
3897,67.5,60.8,1,71.7
3898,74.3,51.3,1,69.9
3899,92.7,53.5,1,74.9
3900,35.2,38.5,0,
3901,39.9,65.7,0,
3902,74.7,60.8,1,72.4
3903,48.4,69.3,0,
3904,87.0,48.5,1,81.6
3905,91.6,56.5,1,96.2
3906,79.9,44.8,0,
3907,82.1,59.0,1,83.5
3908,76.5,45.5,0,
3909,80.3,58.5,1,79.2
3910,62.8,52.5,0,
3911,69.5,66.2,0,
3912,55.3,33.9,0,
3913,49.1,64.3,1,70.8
3914,93.0,25.5,1,75.8
3915,59.3,62.9,0,
3916,54.9,54.8,1,73.1
3917,51.0,41.5,0,
3918,62.2,61.8,1,59.1
3919,65.6,44.3,0,
3920,81.4,63.6,1,89.3
3921,83.4,57.9,1,81.6
3922,76.1,48.3,0,
3923,59.2,40.4,0,
3924,57.3,69.5,1,66.9
3925,93.4,62.6,1,84.5
3926,47.7,42.7,0,
3927,83.1,51.3,1,76.8
3928,80.6,39.6,1,85.9
3929,75.0,60.5,1,73.9
3930,70.9,38.0,0,
3931,76.4,47.6,1,75.3
3932,69.0,60.7,1,72.7
3933,78.6,55.7,1,78.5
3934,74.9,26.5,0,
3935,83.0,46.3,1,84.5
3936,88.5,52.8,1,79.1
3937,41.6,55.0,0,
3938,64.1,53.5,0,
3939,50.6,67.0,0,
3940,79.7,25.8,0,
3941,57.7,32.3,0,
3942,74.5,29.3,0,
3943,76.5,56.5,0,
3944,93.1,45.8,1,91.6
3945,89.3,46.6,1,81.6
3946,64.2,45.4,1,64.7
3947,87.8,62.5,1,87.0
3948,77.3,43.3,1,85.1
3949,65.3,64.8,1,63.3
3950,83.1,55.2,1,84.3
3951,75.5,49.4,1,80.4
3952,63.3,53.4,1,73.4
3953,50.2,69.5,1,56.4
3954,54.2,33.3,0,
3955,71.1,37.2,0,
3956,54.6,33.0,0,
3957,73.7,59.2,0,
3958,59.2,48.2,0,
3959,58.3,48.8,0,
3960,76.7,48.7,1,84.8
3961,77.3,49.3,1,77.0
3962,70.3,67.5,1,82.3
3963,65.5,42.3,0,
3964,53.5,64.2,1,62.2
3965,69.4,53.1,1,66.9
3966,68.8,29.9,0,
3967,79.0,57.6,0,
3968,79.3,42.2,1,83.9
3969,64.0,65.7,1,72.6
3970,68.6,58.2,1,79.7
3971,60.4,43.9,0,
3972,67.2,70.1,1,70.6
3973,79.9,68.1,1,79.3
3974,75.9,35.0,1,82.3
3975,79.3,62.5,1,74.1
3976,75.3,35.6,0,
3977,59.9,50.2,1,64.4
3978,74.9,55.9,1,74.2
3979,68.2,42.5,0,
3980,83.9,44.6,1,80.7
3981,86.3,44.8,1,88.8
3982,58.1,93.1,1,57.7
3983,51.2,40.9,0,
3984,74.2,61.3,0,
3985,62.8,61.8,1,63.2
3986,66.3,35.8,0,
3987,92.6,39.1,1,87.4
3988,62.7,76.1,1,74.8
3989,42.7,37.7,0,
3990,64.0,39.8,0,
3991,51.8,46.2,0,
3992,56.8,32.8,0,
3993,80.1,56.5,0,
3994,71.7,49.7,1,65.5
3995,78.8,71.5,1,77.8
3996,75.8,52.9,1,71.6
3997,63.9,44.0,0,
3998,78.3,46.7,0,
3999,62.0,30.3,0,
4000,60.9,49.0,0,
4001,65.5,48.0,0,
4002,71.1,46.9,0,
4003,60.0,22.0,0,
4004,60.2,28.9,0,
4005,68.4,47.0,0,
4006,83.1,38.9,0,
4007,87.6,67.2,1,83.2
4008,71.9,51.0,1,78.0
4009,114.9,41.3,1,111.0
4010,73.4,46.8,0,
4011,57.5,44.3,0,
4012,65.8,47.4,0,
4013,77.0,66.7,1,72.8
4014,53.1,37.8,0,
4015,63.6,53.0,1,81.9
4016,76.8,49.5,1,79.9
4017,63.2,71.2,0,
4018,63.5,57.2,0,
4019,94.4,42.2,1,87.0
4020,49.2,36.0,0,
4021,59.2,42.9,0,
4022,80.0,63.9,1,77.7
4023,69.9,42.4,0,
4024,89.6,48.7,1,90.2
4025,81.6,34.7,0,
4026,74.8,37.6,1,74.7
4027,77.3,61.4,1,64.6
4028,59.6,61.0,0,
4029,100.5,63.1,1,88.8
4030,82.7,49.0,0,
4031,53.8,65.1,0,
4032,74.6,41.6,0,
4033,69.3,31.2,0,
4034,92.0,37.6,1,73.6
4035,64.9,33.1,0,
4036,69.1,38.1,0,
4037,75.5,56.2,1,76.0
4038,74.3,55.6,1,68.6
4039,63.6,60.7,1,60.9
4040,82.2,56.9,1,80.5
4041,69.4,40.3,0,
4042,77.4,63.7,1,66.1
4043,66.0,44.3,0,
4044,64.0,65.0,0,
4045,67.4,51.9,0,
4046,69.2,51.2,1,76.2
4047,82.1,55.0,1,77.9
4048,80.1,88.4,1,84.3
4049,77.3,51.6,0,
4050,83.3,32.0,0,
4051,81.7,55.8,1,79.6
4052,62.1,41.2,0,
4053,71.1,55.5,1,68.7
4054,70.7,60.3,0,
4055,80.2,63.6,1,83.8
4056,56.7,47.2,0,
4057,77.9,58.9,0,
4058,75.8,53.6,1,71.7
4059,53.5,63.2,0,
4060,59.9,56.7,0,
4061,83.7,52.1,1,81.9
4062,70.2,54.1,1,78.8
4063,73.0,69.5,1,75.0
4064,51.6,52.9,0,
4065,52.4,35.8,0,
4066,86.3,56.7,1,103.3
4067,88.0,58.3,1,97.5
4068,91.2,40.0,1,75.8
4069,74.8,30.5,0,
4070,72.1,44.8,0,
4071,64.5,65.8,1,56.8
4072,70.0,74.0,1,66.3
4073,61.1,40.8,1,69.2
4074,68.2,35.0,0,
4075,48.5,40.8,0,
4076,58.3,42.7,1,67.9
4077,75.6,38.5,0,
4078,55.7,49.3,0,
4079,83.4,58.0,1,82.2
4080,72.3,52.6,0,
4081,61.7,43.7,0,
4082,62.1,50.4,0,
4083,66.7,64.4,1,62.3
4084,77.6,57.5,1,81.1
4085,66.8,51.1,1,75.5
4086,95.2,40.0,1,97.4
4087,75.1,65.9,1,73.6
4088,75.0,47.2,0,
4089,64.3,56.8,1,66.4
4090,62.9,62.3,1,70.9
4091,83.2,67.3,1,85.6
4092,81.2,33.9,1,87.4
4093,69.6,45.0,0,
4094,51.5,49.1,0,
4095,70.6,38.5,0,
4096,82.3,46.4,1,84.9
4097,58.6,43.5,0,
4098,65.5,43.6,0,
4099,72.6,39.0,0,
4100,70.5,54.2,0,
4101,61.4,57.5,0,
4102,72.2,63.9,1,84.2
4103,70.2,40.5,0,
4104,63.1,36.3,0,
4105,91.8,56.1,1,85.8
4106,84.9,37.6,1,94.1
4107,78.1,36.2,1,92.7
4108,52.3,18.3,0,
4109,78.4,52.3,0,
4110,70.1,69.4,1,74.6
4111,70.3,56.2,0,
4112,71.6,20.6,0,
4113,56.6,14.5,0,
4114,73.0,50.4,1,71.0
4115,73.1,25.0,0,
4116,76.7,37.9,0,
4117,83.3,65.6,1,83.5
4118,90.1,44.4,1,93.3
4119,62.6,39.1,0,
4120,81.9,36.4,0,
4121,75.8,39.9,0,
4122,87.3,48.9,1,86.2
4123,84.1,46.0,1,98.9
4124,58.8,48.8,0,
4125,83.8,59.6,1,81.9
4126,69.1,65.3,1,71.7
4127,82.0,54.2,0,
4128,53.5,47.0,0,
4129,67.8,62.2,1,70.2
4130,55.3,33.7,0,
4131,71.3,55.7,1,71.5
4132,80.1,37.8,0,
4133,73.7,48.7,0,
4134,68.4,44.0,0,
4135,68.4,54.7,1,75.5
4136,59.2,56.9,0,
4137,74.9,59.8,0,
4138,74.7,69.5,1,72.0
4139,87.1,46.3,0,
4140,56.4,48.1,0,
4141,74.7,55.3,1,79.2
4142,68.8,51.8,1,77.0
4143,54.3,50.7,0,
4144,81.3,56.6,1,80.2
4145,48.8,55.6,1,51.7
4146,45.7,60.3,0,
4147,77.1,37.1,0,
4148,66.2,40.1,0,
4149,74.7,27.5,0,
4150,72.8,29.5,0,
4151,76.7,55.4,0,
4152,67.4,45.9,0,
4153,58.4,29.9,0,
4154,59.9,43.3,0,
4155,69.0,33.3,0,
4156,66.4,31.1,0,
4157,69.7,44.1,1,82.6
4158,81.6,42.6,0,
4159,63.4,53.2,0,
4160,79.9,58.9,1,81.6
4161,80.4,42.2,0,
4162,92.6,46.2,1,84.0
4163,74.6,54.5,1,73.9
4164,58.8,64.6,1,59.4
4165,68.3,48.0,1,77.9
4166,83.5,60.6,1,89.6
4167,54.7,56.5,0,
4168,58.1,40.8,0,
4169,70.5,38.5,0,
4170,63.2,29.9,0,
4171,59.8,44.2,0,
4172,66.6,30.7,0,
4173,69.8,59.4,1,76.9
4174,94.2,36.7,0,
4175,78.7,43.3,0,
4176,66.5,73.3,1,71.9
4177,64.3,56.1,0,
4178,55.4,48.9,0,
4179,76.1,31.8,0,
4180,73.0,41.8,0,
4181,76.3,54.4,1,73.3
4182,45.5,41.3,0,
4183,82.2,57.6,1,79.0
4184,51.4,47.8,0,
4185,86.4,52.1,1,75.1
4186,58.1,66.2,1,64.5
4187,78.6,71.9,1,84.4
4188,75.6,42.9,1,73.4
4189,61.5,60.4,0,
4190,63.7,60.0,1,72.2
4191,63.2,41.5,0,
4192,63.4,41.3,0,
4193,93.9,65.6,1,97.5
4194,70.1,56.0,0,
4195,87.8,43.4,1,95.7
4196,73.0,39.0,1,83.5
4197,61.5,27.9,0,
4198,88.6,36.3,1,81.4
4199,90.1,46.5,1,92.6
4200,71.9,32.8,0,
4201,63.7,76.2,1,71.0
4202,63.9,55.0,0,
4203,49.8,80.4,1,49.2
4204,68.1,50.2,0,
4205,80.9,56.7,1,78.3
4206,64.8,44.6,1,73.4
4207,50.8,61.0,0,
4208,63.8,47.4,0,
4209,46.3,60.1,0,
4210,78.1,31.5,0,
4211,60.3,76.1,1,65.5
4212,66.2,38.0,0,
4213,81.6,25.6,1,87.5
4214,84.6,55.7,1,85.0
4215,59.0,39.7,0,
4216,77.6,65.3,1,71.9
4217,85.4,43.3,1,89.0
4218,69.8,72.2,1,65.0
4219,101.1,79.1,1,98.7
4220,61.3,38.4,0,
4221,56.6,37.6,0,
4222,85.4,32.9,0,
4223,81.7,34.3,0,
4224,50.9,60.7,0,
4225,68.7,59.6,1,75.0
4226,76.7,59.3,1,76.7
4227,83.4,43.5,1,87.8
4228,67.9,52.1,1,78.8
4229,47.8,54.5,0,
4230,51.4,57.1,0,
4231,90.4,41.2,1,100.8
4232,77.0,46.4,1,89.3
4233,82.1,59.3,1,75.7
4234,66.6,66.0,1,68.9
4235,49.5,75.4,0,
4236,61.0,52.5,1,56.2
4237,47.6,51.3,0,
4238,67.9,35.4,0,
4239,65.0,54.5,0,
4240,71.6,58.7,0,
4241,39.9,42.8,0,
4242,62.5,53.9,0,
4243,66.6,35.3,0,
4244,76.6,55.7,1,71.5
4245,63.0,31.1,0,
4246,62.3,52.0,0,
4247,72.1,62.2,1,79.8
4248,82.4,53.0,1,77.0
4249,58.8,58.6,0,
4250,70.8,22.0,0,
4251,32.3,40.0,0,
4252,62.7,37.2,0,
4253,45.1,46.9,0,
4254,60.7,43.8,0,
4255,72.3,44.3,0,
4256,69.6,64.2,1,77.6
4257,59.8,39.0,0,
4258,77.7,61.9,1,68.8
4259,90.3,39.8,0,
4260,76.0,62.9,1,84.1
4261,60.5,55.7,1,65.1
4262,57.6,61.2,0,
4263,80.1,42.0,1,81.7
4264,79.1,35.5,1,74.1
4265,77.8,35.3,0,
4266,63.1,44.9,0,
4267,67.8,51.0,1,69.2
4268,75.5,64.6,1,81.7
4269,55.3,56.9,0,
4270,62.4,70.4,1,66.7
4271,54.5,30.1,0,
4272,66.3,40.1,0,
4273,48.0,73.9,1,59.6
4274,63.3,48.6,1,67.3
4275,77.3,32.7,0,
4276,66.1,50.7,0,
4277,63.3,49.5,0,
4278,61.2,40.2,0,
4279,60.0,34.6,0,
4280,78.3,53.5,0,
4281,76.2,57.9,1,79.5
4282,72.0,52.6,0,
4283,72.1,66.6,1,82.0
4284,60.5,57.5,0,
4285,74.3,54.6,1,85.4
4286,91.0,68.0,1,89.7
4287,82.9,56.9,1,71.1
4288,41.5,67.6,0,
4289,75.1,52.8,1,76.5
4290,87.0,53.5,1,76.2
4291,70.5,45.3,0,
4292,62.6,63.7,1,58.2
4293,87.7,32.1,0,
4294,64.2,61.3,0,
4295,88.7,41.8,1,89.4
4296,45.3,24.5,0,
4297,60.9,57.7,0,
4298,49.3,28.7,0,
4299,50.2,50.1,0,
4300,103.1,39.4,0,
4301,76.9,70.8,1,65.2
4302,79.3,51.4,0,
4303,70.5,50.8,1,78.8
4304,77.1,57.5,1,81.7
4305,69.1,70.1,1,77.6
4306,58.0,60.0,0,
4307,49.4,67.0,0,
4308,68.7,43.4,0,
4309,82.3,35.6,0,
4310,29.8,45.4,0,
4311,69.0,64.2,1,66.6
4312,66.5,53.2,1,71.3
4313,62.3,70.4,1,81.0
4314,71.4,32.8,0,
4315,93.4,48.6,1,78.8
4316,94.4,57.4,1,91.8
4317,55.1,66.6,0,
4318,37.4,71.4,0,
4319,91.4,44.5,1,82.2
4320,54.8,52.2,0,
4321,73.6,56.9,1,72.3
4322,65.9,58.4,1,65.9
4323,64.8,58.3,0,
4324,65.6,52.3,0,
4325,80.0,49.0,1,82.6
4326,69.1,49.7,0,
4327,76.4,46.9,0,
4328,79.1,42.2,1,83.8
4329,65.2,28.2,0,
4330,79.5,41.8,1,77.8
4331,75.9,45.9,1,82.3
4332,73.6,40.2,0,
4333,72.4,47.7,1,82.1
4334,70.6,41.4,0,
4335,58.7,56.4,0,
4336,66.8,54.9,1,68.5
4337,62.4,54.2,1,74.1
4338,71.1,52.7,1,67.3
4339,66.6,32.1,0,
4340,89.3,50.9,1,77.4
4341,64.2,41.9,0,
4342,72.4,50.7,1,73.6
4343,65.3,14.9,0,
4344,70.4,62.2,1,75.0
4345,69.2,18.3,0,
4346,62.6,31.5,0,
4347,62.0,56.5,0,
4348,66.2,60.7,0,
4349,66.5,41.7,0,
4350,53.8,45.7,0,
4351,75.1,54.9,1,58.8
4352,60.0,56.2,1,70.9
4353,83.1,36.3,0,
4354,80.5,31.2,0,
4355,76.8,37.4,0,
4356,73.0,57.9,1,74.7
4357,49.0,48.1,0,
4358,76.9,30.2,0,
4359,84.9,68.2,1,72.0
4360,60.4,50.6,0,
4361,63.9,45.4,0,
4362,63.5,36.7,0,
4363,58.6,51.0,0,
4364,61.3,78.9,1,72.7
4365,62.2,39.1,0,
4366,60.8,49.0,0,
4367,59.3,38.1,0,
4368,86.8,61.6,1,68.4
4369,90.8,50.2,1,78.5
4370,54.8,52.6,0,
4371,71.3,49.4,0,
4372,64.7,56.9,1,78.3
4373,68.6,67.2,0,
4374,60.6,56.3,0,
4375,72.4,55.2,0,
4376,56.8,39.4,0,
4377,59.5,45.6,0,
4378,77.6,65.5,1,75.1
4379,77.7,54.3,1,81.8
4380,80.2,72.2,1,65.7
4381,76.3,81.2,1,78.1
4382,76.4,26.6,0,
4383,57.7,56.8,0,
4384,71.9,50.0,1,71.3
4385,54.4,49.3,0,
4386,79.8,51.5,1,72.3
4387,66.6,71.3,1,66.8
4388,57.0,59.7,0,
4389,47.7,26.5,0,
4390,64.2,35.0,0,
4391,54.2,50.4,0,
4392,66.9,51.2,1,61.3
4393,63.0,53.4,0,
4394,73.5,43.4,0,
4395,75.4,53.1,0,
4396,60.6,60.0,1,58.7
4397,76.6,55.2,1,74.5
4398,74.1,61.6,1,73.3
4399,59.1,37.0,0,
4400,72.0,38.8,0,
4401,42.1,51.2,0,
4402,69.6,62.8,1,68.9
4403,72.9,60.1,0,
4404,75.3,56.1,1,78.4
4405,75.2,57.3,0,
4406,77.9,58.1,1,80.0
4407,54.9,63.1,0,
4408,87.7,75.0,1,92.1
4409,71.4,52.5,1,70.0
4410,73.3,62.4,1,65.2
4411,78.0,38.7,1,71.7
4412,67.4,54.6,0,
4413,85.4,46.6,1,92.2
4414,41.8,38.0,0,
4415,82.4,30.5,1,84.4
4416,76.8,44.5,0,
4417,65.3,37.0,0,
4418,61.6,52.1,0,
4419,61.7,50.1,0,
4420,61.7,37.0,0,
4421,83.4,50.9,1,88.5
4422,67.0,36.3,0,
4423,82.1,41.3,1,80.2
4424,67.4,66.1,1,73.5
4425,67.1,31.8,0,
4426,79.6,58.4,0,
4427,69.5,60.8,1,72.7
4428,82.8,36.2,0,
4429,86.0,20.8,0,
4430,83.4,37.7,0,
4431,62.7,46.2,0,
4432,89.1,52.4,1,72.1
4433,88.6,52.7,1,103.4
4434,84.6,66.8,1,85.8
4435,59.3,62.1,0,
4436,68.3,36.0,0,
4437,53.0,57.1,0,
4438,58.1,76.6,1,61.6
4439,62.2,73.3,1,57.7
4440,85.5,28.8,1,83.5
4441,69.5,44.8,1,76.4
4442,45.2,43.3,0,
4443,53.7,26.6,0,
4444,70.8,33.5,0,
4445,66.9,48.9,0,
4446,77.0,37.8,0,
4447,99.8,32.2,1,105.2
4448,66.0,37.0,0,
4449,60.3,69.4,1,59.6
4450,67.7,70.7,1,62.0
4451,72.4,61.7,1,71.7
4452,54.0,67.8,0,
4453,47.6,31.4,0,
4454,35.3,63.6,1,47.5
4455,73.8,65.0,0,
4456,58.4,61.2,1,72.1
4457,52.7,8.7,0,
4458,56.8,69.3,1,60.8
4459,97.9,42.3,1,96.8
4460,61.6,48.1,0,
4461,66.4,57.7,1,69.8
4462,78.9,55.3,1,76.1
4463,73.4,45.1,0,
4464,82.3,64.0,1,78.8
4465,65.8,63.3,0,
4466,60.1,54.7,0,
4467,54.6,64.1,0,
4468,61.4,52.9,0,
4469,63.8,39.3,0,
4470,66.8,41.1,0,
4471,66.9,54.5,1,74.9
4472,71.7,44.2,1,69.8
4473,71.4,20.5,0,
4474,59.7,21.5,0,
4475,82.3,53.7,0,
4476,80.2,58.7,1,77.7
4477,77.6,42.4,1,78.8
4478,73.1,62.4,1,63.9
4479,79.8,62.0,1,81.5
4480,73.3,64.6,1,80.4
4481,75.3,67.4,0,
4482,56.9,48.5,0,
4483,82.0,39.7,0,
4484,72.7,49.7,0,
4485,81.4,37.6,1,78.1
4486,54.2,47.1,0,
4487,68.9,48.5,0,
4488,76.3,64.7,0,
4489,63.8,65.8,1,58.7
4490,67.5,39.5,0,
4491,76.7,49.9,1,82.7
4492,73.6,51.5,1,77.1
4493,60.4,43.5,0,
4494,66.0,52.6,0,
4495,65.1,49.9,0,
4496,62.5,59.9,1,70.2
4497,65.6,42.3,0,
4498,79.8,30.4,0,
4499,68.5,40.8,0,
4500,79.7,60.1,1,81.0
4501,73.8,60.3,1,73.9
4502,62.4,67.5,1,52.5
4503,57.2,37.4,0,
4504,87.8,58.5,1,86.6
4505,68.0,62.1,1,74.3
4506,55.8,23.5,0,
4507,82.8,62.7,0,
4508,56.1,65.2,0,
4509,83.0,25.8,1,78.9
4510,70.3,49.6,1,71.8
4511,69.5,54.4,0,
4512,51.8,43.4,0,
4513,64.0,40.8,0,
4514,67.2,34.7,0,
4515,70.7,42.4,0,
4516,66.7,56.1,1,81.3
4517,45.2,57.3,0,
4518,55.0,38.6,0,
4519,71.9,51.7,1,76.3
4520,79.3,58.6,1,73.3
4521,44.0,71.5,0,
4522,79.7,29.7,0,
4523,69.6,55.0,1,75.7
4524,68.9,40.7,0,
4525,59.8,55.1,0,
4526,59.2,40.9,0,
4527,77.6,82.5,1,80.7
4528,88.6,63.8,1,86.9
4529,72.5,48.4,0,
4530,50.6,53.3,0,
4531,60.8,43.3,1,59.1
4532,81.2,71.8,1,78.5
4533,67.3,42.4,0,
4534,66.5,44.3,1,89.5
4535,60.1,50.2,0,
4536,86.8,53.5,1,79.1
4537,59.6,59.4,1,55.5
4538,63.1,41.5,0,
4539,81.7,36.2,1,75.4
4540,73.2,33.6,0,
4541,65.9,45.5,0,
4542,66.1,51.8,0,
4543,75.6,54.7,0,
4544,79.6,51.9,1,80.1
4545,53.2,61.2,0,
4546,77.4,65.8,1,80.8
4547,70.4,65.6,1,71.5
4548,77.4,29.3,0,
4549,87.1,37.7,1,90.2
4550,89.6,62.3,1,91.7
4551,65.0,30.8,0,
4552,64.1,38.1,0,
4553,67.9,51.0,1,65.3
4554,52.0,33.5,0,
4555,83.9,42.6,1,79.8
4556,66.8,64.0,1,67.2
4557,55.3,49.2,0,
4558,83.1,59.0,1,86.2
4559,83.3,59.4,1,80.9
4560,64.7,47.6,0,
4561,62.8,49.0,0,
4562,88.2,47.0,1,88.8
4563,73.8,51.3,1,72.6
4564,67.0,65.8,1,66.4
4565,56.8,33.9,0,
4566,77.1,41.9,0,
4567,60.2,61.0,0,
4568,80.9,67.5,1,81.9
4569,82.7,49.1,1,77.6
4570,89.8,44.0,1,94.4
4571,70.5,15.8,0,
4572,56.0,67.1,1,58.7
4573,58.8,53.1,0,
4574,81.4,56.1,1,72.1
4575,78.7,56.3,1,90.1
4576,63.4,73.8,0,
4577,64.1,67.6,1,65.9
4578,82.7,57.6,0,
4579,76.1,51.6,1,72.2
4580,69.9,44.4,1,75.7
4581,66.0,28.8,0,
4582,68.8,63.1,0,
4583,73.2,64.4,1,80.5
4584,86.7,41.4,0,
4585,69.2,56.8,1,63.3
4586,77.1,52.2,0,
4587,69.1,50.6,0,
4588,57.8,55.0,0,
4589,52.9,37.7,0,
4590,67.5,46.9,0,
4591,70.8,39.6,0,
4592,72.9,43.9,0,
4593,74.9,62.9,1,70.9
4594,66.8,42.5,0,
4595,64.0,56.4,0,
4596,66.5,47.1,0,
4597,75.6,48.4,1,77.7
4598,82.7,54.1,0,
4599,71.7,24.8,0,
4600,68.3,24.9,0,
4601,51.8,50.2,0,
4602,74.6,25.6,0,
4603,67.3,34.9,0,
4604,95.4,46.5,1,94.4
4605,72.3,60.1,1,76.7
4606,66.2,43.6,0,
4607,75.6,49.3,1,71.1
4608,77.0,31.8,1,82.1
4609,61.9,43.1,0,
4610,35.8,61.1,0,
4611,94.2,45.4,1,88.0
4612,74.9,58.2,1,89.2
4613,45.6,67.7,0,
4614,57.0,51.4,0,
4615,75.7,43.6,0,
4616,52.9,54.6,0,
4617,73.2,54.9,0,
4618,66.5,67.7,1,76.8
4619,65.7,37.2,0,
4620,49.0,69.6,1,61.2
4621,80.6,39.2,1,75.2
4622,67.4,41.8,0,
4623,58.8,42.7,0,
4624,71.1,34.2,0,
4625,79.7,50.7,0,
4626,71.4,26.9,0,
4627,65.9,52.7,1,66.6
4628,83.2,37.8,1,78.1
4629,57.1,52.3,0,
4630,48.0,42.5,0,
4631,56.0,29.1,0,
4632,66.4,26.9,0,
4633,74.7,68.9,1,77.7
4634,62.5,46.6,0,
4635,73.6,27.2,0,
4636,54.8,52.1,0,
4637,62.7,56.4,1,63.0
4638,71.6,58.8,1,73.5
4639,68.6,40.1,0,
4640,70.5,53.9,1,63.5
4641,62.8,58.7,0,
4642,77.9,53.5,0,
4643,69.5,62.6,1,73.8
4644,66.4,51.5,0,
4645,67.2,56.2,1,70.1
4646,80.3,69.3,1,81.5
4647,61.5,53.8,0,
4648,81.8,54.8,1,80.6
4649,89.4,49.2,1,87.4
4650,66.5,46.8,0,
4651,70.8,66.0,1,92.9
4652,61.1,48.8,0,
4653,64.2,72.1,1,53.6
4654,74.9,45.6,1,73.8
4655,66.8,11.1,0,
4656,71.4,60.5,0,
4657,67.4,32.9,0,
4658,69.1,75.2,1,67.5
4659,86.6,49.9,1,73.0
4660,42.4,44.7,0,
4661,59.4,69.4,1,58.4
4662,42.8,77.8,0,
4663,66.4,60.5,0,
4664,67.7,39.6,0,
4665,75.2,58.1,1,77.5
4666,76.4,39.3,0,
4667,80.5,54.6,1,64.2
4668,74.6,54.6,1,75.7
4669,56.6,62.7,1,69.6
4670,96.9,37.8,1,85.3
4671,73.7,32.1,0,
4672,66.6,44.6,1,82.3
4673,55.0,24.5,0,
4674,84.1,58.9,1,84.9
4675,76.7,35.1,1,84.7
4676,97.1,40.4,1,92.8
4677,69.5,48.5,0,
4678,65.7,45.5,0,
4679,63.0,35.2,0,
4680,53.5,67.6,1,51.2
4681,51.7,68.6,0,
4682,83.5,49.3,1,89.6
4683,72.3,66.6,1,68.1
4684,44.7,45.0,0,
4685,70.0,82.2,1,80.4
4686,83.8,75.8,1,81.0
4687,67.2,38.7,0,
4688,68.6,36.1,1,79.3
4689,77.5,50.8,1,75.5
4690,60.5,36.5,0,
4691,86.3,45.5,1,76.0
4692,73.1,38.1,0,
4693,62.5,33.5,0,
4694,70.8,44.8,1,75.1
4695,80.9,34.5,1,73.4
4696,80.8,54.5,1,83.4
4697,43.1,52.6,0,
4698,53.9,45.8,0,
4699,83.5,51.4,1,70.5
4700,61.7,47.6,1,72.7
4701,62.9,50.5,0,
4702,69.2,50.6,1,79.1
4703,74.8,60.2,1,73.3
4704,60.0,39.9,0,
4705,76.4,32.2,0,
4706,93.8,32.6,1,90.5
4707,79.9,45.7,0,
4708,76.7,64.8,1,68.3
4709,56.6,44.6,0,
4710,51.4,65.9,0,
4711,64.1,28.6,0,
4712,82.6,72.1,1,88.4
4713,62.7,44.0,1,66.7
4714,86.2,67.8,1,76.8
4715,82.5,48.5,1,89.2
4716,72.8,46.4,1,81.2
4717,55.2,45.6,0,
4718,58.1,51.1,0,
4719,76.1,63.5,0,
4720,60.5,23.7,0,
4721,85.3,72.5,1,82.8
4722,77.9,43.2,0,
4723,65.8,61.0,0,
4724,46.6,56.3,1,65.4
4725,62.5,48.9,0,
4726,59.8,34.4,0,
4727,74.6,57.8,1,84.6
4728,82.8,41.7,1,76.7
4729,64.3,38.1,0,
4730,73.0,46.8,0,
4731,88.0,35.6,1,77.1
4732,68.6,49.6,0,
4733,80.5,56.5,1,68.6
4734,70.0,30.7,0,
4735,68.2,56.8,0,
4736,80.4,42.6,1,84.6
4737,62.0,47.8,0,
4738,82.6,65.7,1,86.2
4739,73.5,71.2,1,74.8
4740,71.0,61.4,1,75.0
4741,87.9,51.1,1,86.6
4742,71.6,39.1,0,
4743,65.8,41.6,0,
4744,77.7,48.1,0,
4745,79.5,39.3,0,
4746,66.3,53.6,0,
4747,87.8,62.3,1,85.0
4748,61.4,31.9,0,
4749,50.8,47.9,0,
4750,44.8,50.7,0,
4751,71.8,71.5,1,75.8
4752,86.8,30.0,1,75.9
4753,73.0,34.9,0,
4754,72.4,39.5,1,80.9
4755,90.4,41.2,1,83.8
4756,58.3,53.0,1,80.4
4757,64.3,26.8,0,
4758,59.6,50.5,0,
4759,65.1,33.5,0,
4760,54.9,61.5,0,
4761,55.1,78.2,1,54.1
4762,74.4,50.5,1,71.3
4763,73.9,18.7,0,
4764,48.6,44.7,0,
4765,80.7,54.0,1,70.9
4766,68.0,38.6,0,
4767,68.9,36.0,0,
4768,75.5,58.0,1,80.6
4769,57.3,35.6,0,
4770,77.4,31.7,0,
4771,63.9,46.7,0,
4772,83.2,54.5,1,86.6
4773,79.4,66.0,1,81.9
4774,42.9,32.4,0,
4775,80.7,39.9,0,
4776,57.9,18.1,0,
4777,57.6,47.2,1,51.9
4778,49.3,46.0,0,
4779,84.2,42.1,1,87.6
4780,73.3,65.5,1,70.2
4781,71.4,33.5,0,
4782,59.6,58.7,0,
4783,94.9,42.7,1,85.6
4784,62.2,48.0,0,
4785,78.3,53.3,1,77.6
4786,54.9,58.9,0,
4787,77.3,25.8,0,
4788,87.4,57.1,1,78.2
4789,81.6,60.2,1,90.9
4790,62.1,42.6,0,
4791,73.0,42.4,0,
4792,69.3,46.3,1,79.8
4793,70.6,46.3,1,76.8
4794,95.2,44.2,1,96.9
4795,78.3,46.7,1,74.7
4796,65.9,51.8,0,
4797,59.8,58.9,1,66.6
4798,76.4,56.2,1,79.2
4799,67.3,54.8,1,64.8
4800,56.0,50.2,0,
4801,64.2,40.2,1,72.9
4802,61.7,41.0,0,
4803,91.5,63.9,1,86.2
4804,56.9,58.9,0,
4805,52.7,49.0,0,
4806,67.9,58.5,1,61.5
4807,77.6,50.5,0,
4808,73.3,79.9,1,76.7
4809,69.1,55.5,1,65.9
4810,60.5,39.8,1,62.9
4811,65.4,46.7,0,
4812,66.9,64.8,0,
4813,70.9,59.5,1,71.3
4814,58.8,48.5,0,
4815,68.4,60.3,1,69.8
4816,70.0,44.8,0,
4817,88.2,35.2,0,
4818,64.4,28.3,0,
4819,90.3,58.4,1,84.2
4820,93.1,42.4,1,90.8
4821,59.3,35.2,0,
4822,78.3,22.8,0,
4823,49.7,52.1,0,
4824,61.0,42.5,0,
4825,68.5,61.6,0,
4826,67.0,36.5,0,
4827,85.5,45.0,0,
4828,88.8,50.1,1,95.1
4829,77.3,68.2,0,
4830,49.4,38.2,0,
4831,81.3,53.3,1,85.7
4832,94.1,48.4,1,107.3
4833,61.7,37.7,0,
4834,70.5,59.7,1,72.3
4835,72.0,44.4,0,
4836,68.9,29.1,0,
4837,56.8,47.5,0,
4838,50.7,55.2,0,
4839,73.1,66.8,1,59.8
4840,46.1,65.1,0,
4841,77.5,55.7,0,
4842,81.9,51.8,1,79.3
4843,66.8,67.1,1,75.1
4844,94.0,60.9,1,89.6
4845,79.6,73.1,1,71.0
4846,79.4,54.6,1,74.8
4847,60.2,69.4,1,74.3
4848,72.4,41.4,0,
4849,58.5,45.9,0,
4850,56.9,52.9,0,
4851,69.1,52.2,0,
4852,44.1,47.9,0,
4853,73.3,51.9,0,
4854,70.5,37.2,0,
4855,65.9,38.7,0,
4856,62.4,59.7,0,
4857,71.7,52.3,0,
4858,83.3,27.3,1,75.1
4859,57.5,43.0,0,
4860,84.5,61.4,1,76.7
4861,84.9,52.1,1,76.9
4862,50.9,66.3,0,
4863,65.3,46.2,0,
4864,69.5,54.3,0,
4865,65.2,44.0,0,
4866,66.3,60.1,1,77.1
4867,74.7,37.3,0,
4868,84.2,56.3,0,
4869,60.1,54.1,0,
4870,62.1,62.8,1,61.3
4871,74.3,33.4,0,
4872,72.2,40.6,0,
4873,74.3,58.9,1,77.2
4874,69.4,24.6,0,
4875,66.7,59.2,1,61.6
4876,72.5,57.9,1,76.4
4877,70.8,41.8,0,
4878,46.5,61.2,1,60.4
4879,76.1,69.5,1,75.3
4880,73.5,75.9,1,77.0
4881,64.8,36.0,0,
4882,84.6,51.2,1,88.8
4883,70.2,54.5,1,75.7
4884,40.4,64.4,0,
4885,85.0,58.1,1,91.4
4886,71.0,33.3,0,
4887,87.0,43.7,1,88.7
4888,59.2,49.4,0,
4889,70.5,59.4,1,64.0
4890,74.6,37.6,0,
4891,70.5,62.4,1,85.3
4892,54.3,38.0,0,
4893,54.9,52.0,0,
4894,81.7,44.5,0,
4895,89.6,50.3,1,85.1
4896,66.6,51.4,0,
4897,69.0,24.6,0,
4898,70.2,65.9,1,72.6
4899,74.1,43.4,0,
4900,105.7,39.4,1,102.5
4901,61.4,35.1,0,
4902,56.1,61.1,0,
4903,79.1,62.4,1,86.5
4904,75.5,52.6,1,77.1
4905,75.8,68.5,1,67.2
4906,61.8,71.9,1,65.1
4907,57.8,67.4,0,
4908,73.5,76.2,1,82.1
4909,34.0,40.3,0,
4910,72.4,22.2,0,
4911,64.2,28.6,0,
4912,96.5,61.0,1,89.9
4913,81.1,56.2,0,
4914,89.3,39.8,0,
4915,66.6,31.7,0,
4916,74.8,53.8,0,
4917,69.8,51.4,0,
4918,71.7,60.7,1,67.4
4919,61.9,54.4,0,
4920,73.8,53.9,1,72.1
4921,94.3,72.6,1,96.8
4922,73.2,43.4,0,
4923,65.8,57.2,0,
4924,63.1,45.2,0,
4925,58.1,46.2,1,63.7
4926,94.2,61.9,1,79.2
4927,58.6,45.1,0,
4928,71.7,57.9,1,70.9
4929,57.4,65.8,0,
4930,70.6,56.2,1,77.8
4931,84.1,29.5,0,
4932,81.0,35.0,0,
4933,66.4,30.4,0,
4934,61.7,53.2,0,
4935,68.9,61.5,1,77.3
4936,56.9,59.8,1,61.6
4937,56.6,47.9,0,
4938,55.5,39.8,0,
4939,72.4,35.6,0,
4940,94.9,53.9,1,95.5
4941,85.5,34.2,0,
4942,76.9,44.4,0,
4943,59.2,43.1,0,
4944,55.7,63.3,0,
4945,60.8,49.2,1,63.6
4946,88.3,58.4,1,95.4
4947,84.2,47.6,1,72.4
4948,62.1,60.4,0,
4949,76.9,69.7,1,77.6
4950,64.7,73.7,0,
4951,80.7,37.6,0,
4952,57.7,55.2,0,
4953,75.7,64.4,1,69.8
4954,58.5,61.7,0,
4955,67.3,63.3,1,70.2
4956,71.2,39.7,0,
4957,89.2,40.9,1,101.9
4958,72.2,67.2,1,71.1
4959,76.6,51.7,1,79.6
4960,76.7,42.1,0,
4961,54.3,54.9,0,
4962,59.7,34.6,0,
4963,81.5,26.8,0,
4964,78.7,47.1,1,78.7
4965,63.5,41.3,0,
4966,78.5,42.3,1,88.8
4967,84.5,46.9,0,
4968,63.5,47.7,0,
4969,70.2,45.3,0,
4970,87.3,52.8,1,89.6
4971,55.6,32.6,0,
4972,70.8,47.2,0,
4973,60.5,50.0,0,
4974,67.6,58.7,0,
4975,62.1,67.0,1,66.3
4976,59.0,60.2,0,
4977,47.4,37.7,0,
4978,79.9,47.5,1,79.0
4979,72.0,51.5,0,
4980,45.2,47.6,0,
4981,66.7,55.3,0,
4982,80.4,47.0,1,88.1
4983,75.3,38.9,0,
4984,58.5,69.1,1,59.0
4985,62.8,69.7,0,
4986,61.4,33.2,0,
4987,62.8,34.3,0,
4988,61.4,62.5,1,78.0
4989,72.2,24.9,0,
4990,62.9,55.4,1,71.7
4991,67.9,66.9,1,74.6
4992,71.8,55.0,1,77.3
4993,76.1,46.8,1,74.4
4994,75.0,30.4,0,
4995,59.0,61.0,0,
4996,64.4,44.7,0,
4997,73.7,44.0,1,78.6
4998,53.1,45.4,0,
4999,69.7,31.2,0,
5000,62.0,69.8,0,
5001,65.8,51.0,1,71.4
5002,77.9,24.6,0,
5003,57.0,50.2,0,
5004,63.4,43.2,0,
5005,79.8,58.4,1,74.7
5006,71.9,22.5,0,
5007,66.1,50.7,1,75.0
5008,55.6,45.6,0,
5009,86.9,62.4,1,93.1
5010,55.8,39.7,0,
5011,71.4,53.1,1,66.4
5012,58.6,67.8,0,
5013,87.0,66.1,1,73.8
5014,92.2,65.7,1,92.5
5015,67.7,44.5,0,
5016,60.2,52.3,0,
5017,93.1,47.2,1,91.3
5018,73.7,62.1,0,
5019,72.0,51.9,1,72.0
5020,80.3,46.2,1,80.2
5021,65.6,49.8,1,67.3
5022,75.3,41.0,0,
5023,60.7,18.0,0,
5024,64.8,54.4,0,
5025,56.0,39.9,0,
5026,89.2,43.0,0,
5027,83.0,19.9,0,
5028,52.4,53.6,0,
5029,74.7,29.5,0,
5030,83.7,52.0,1,86.7
5031,49.7,58.1,0,
5032,99.9,55.7,1,87.9
5033,68.6,41.1,0,
5034,70.7,66.4,1,70.5
5035,82.6,44.6,1,74.7
5036,59.8,67.5,0,
5037,47.3,52.2,0,
5038,88.5,50.8,1,84.8
5039,54.6,72.9,1,64.8
5040,70.0,55.0,0,
5041,67.6,47.0,0,
5042,74.6,47.4,0,
5043,80.0,41.0,1,76.9
5044,63.2,33.1,0,
5045,69.4,60.0,1,71.1
5046,77.2,59.6,1,83.3
5047,72.7,41.7,0,
5048,89.0,47.8,1,82.4
5049,75.6,73.6,1,78.5
5050,84.6,46.1,0,
5051,74.5,46.6,0,
5052,71.5,72.1,1,76.1
5053,71.1,47.0,1,68.8
5054,62.5,48.0,0,
5055,66.4,48.2,0,
5056,57.9,66.5,0,
5057,62.9,63.6,0,
5058,87.2,45.3,1,85.0
5059,62.5,55.2,1,74.3
5060,63.4,44.2,0,
5061,69.2,39.4,0,
5062,84.1,22.1,0,
5063,59.2,52.9,0,
5064,88.7,43.6,1,87.6
5065,80.2,51.0,1,75.1
5066,66.0,38.0,0,
5067,69.9,26.4,0,
5068,87.6,34.9,0,
5069,74.1,59.0,1,68.3
5070,64.4,54.7,0,
5071,71.8,70.4,1,86.2
5072,68.7,61.0,1,78.8
5073,97.7,19.7,0,
5074,84.5,48.9,1,73.8
5075,73.2,67.1,1,69.2
5076,63.9,49.6,0,
5077,66.5,31.4,0,
5078,79.7,34.4,0,
5079,83.8,70.6,1,77.4
5080,70.8,45.6,0,
5081,69.3,72.0,1,69.0
5082,79.7,40.2,0,
5083,87.3,37.4,0,
5084,72.1,60.4,1,79.6
5085,79.4,81.8,1,80.7
5086,71.0,50.3,0,
5087,65.3,34.0,0,
5088,76.5,47.7,0,
5089,62.2,42.5,0,
5090,70.4,54.5,0,
5091,84.8,44.5,1,91.7
5092,81.3,60.7,0,
5093,67.2,43.1,0,
5094,77.6,71.1,1,76.9
5095,71.7,44.2,1,79.6
5096,75.1,61.5,1,85.5
5097,66.2,54.2,0,
5098,57.9,28.3,0,
5099,63.8,42.9,0,
5100,75.1,48.2,0,
5101,74.1,47.1,0,
5102,76.9,51.2,1,84.7
5103,76.8,80.2,1,80.5
5104,72.4,45.7,1,67.9
5105,59.3,54.4,0,
5106,91.9,55.8,1,88.3
5107,62.7,16.5,0,
5108,64.6,64.7,1,68.2
5109,65.7,65.7,1,58.2
5110,54.7,41.9,0,
5111,82.5,45.8,1,76.7
5112,49.1,57.5,0,
5113,86.6,47.4,1,82.9
5114,71.7,30.3,0,
5115,81.3,18.7,0,
5116,60.8,44.1,0,
5117,73.5,47.2,0,
5118,78.7,40.7,0,
5119,76.2,34.8,0,
5120,67.5,7.3,0,
5121,64.1,43.5,0,
5122,72.5,62.3,1,78.1
5123,79.7,64.6,1,71.8
5124,80.6,45.3,0,
5125,66.4,40.2,0,
5126,75.9,52.6,0,
5127,70.3,56.9,0,
5128,72.2,46.0,0,
5129,83.5,38.3,1,82.7
5130,81.3,43.9,1,79.5
5131,71.3,63.5,1,66.7
5132,73.1,69.9,1,71.4
5133,80.6,69.3,1,74.9
5134,62.5,56.4,1,79.9
5135,65.5,65.1,0,
5136,74.7,37.5,1,70.5
5137,62.3,93.9,1,75.0
5138,52.3,56.1,0,
5139,63.6,57.4,1,61.4
5140,61.3,63.7,0,
5141,56.8,38.9,0,
5142,69.9,35.0,0,
5143,84.7,46.4,1,90.1
5144,77.6,61.0,1,70.4
5145,64.6,53.3,1,65.1
5146,73.3,54.9,0,
5147,87.9,65.0,1,98.6
5148,66.8,40.1,0,
5149,66.9,72.2,0,
5150,85.8,72.2,1,77.0
5151,81.2,70.8,1,62.3
5152,72.7,69.7,1,77.7
5153,72.0,67.8,1,86.3
5154,68.7,51.6,1,75.5
5155,67.0,52.1,1,78.0
5156,58.3,64.5,0,
5157,72.7,60.5,1,70.8
5158,64.0,52.9,1,63.0
5159,67.6,52.4,1,67.1
5160,60.9,35.2,0,
5161,86.1,55.4,1,86.9
5162,67.0,56.7,1,78.4
5163,92.6,41.1,0,
5164,70.8,33.9,1,78.4
5165,49.9,50.4,0,
5166,91.8,50.7,1,92.7
5167,40.2,39.6,0,
5168,74.4,47.4,0,
5169,58.6,52.0,0,
5170,72.8,60.5,1,72.3
5171,59.8,54.8,1,75.2
5172,98.2,55.1,1,94.1
5173,63.0,45.0,0,
5174,69.9,36.4,0,
5175,38.5,67.0,0,
5176,66.5,44.8,0,
5177,55.0,73.1,1,63.0
5178,67.1,41.8,0,
5179,65.3,68.8,1,71.6
5180,44.3,48.4,0,
5181,75.8,45.5,1,75.7
5182,58.4,36.6,0,
5183,62.9,63.1,1,62.8
5184,54.2,38.5,0,
5185,93.4,80.2,1,86.1
5186,63.2,59.0,0,
5187,75.7,54.3,1,82.6
5188,79.7,63.7,1,81.5
5189,82.1,56.4,1,84.1
5190,77.1,40.1,0,
5191,81.7,56.9,0,
5192,71.1,45.9,0,
5193,107.0,60.0,1,95.8
5194,45.8,59.0,0,
5195,83.6,31.6,1,66.5
5196,65.0,51.5,0,
5197,74.0,60.8,1,77.3
5198,57.5,68.8,1,68.1
5199,79.8,70.8,0,
5200,79.3,35.7,1,93.3
5201,70.2,58.5,0,
5202,51.1,31.9,0,
5203,64.2,39.4,0,
5204,68.8,39.6,0,
5205,77.4,47.8,0,
5206,58.4,42.1,0,
5207,58.5,30.6,1,77.4
5208,67.1,43.2,0,
5209,77.3,66.9,1,77.4
5210,60.8,44.3,0,
5211,94.1,28.5,0,
5212,81.0,56.1,1,85.3
5213,68.6,57.1,1,76.9
5214,64.5,53.3,0,
5215,61.0,49.1,0,
5216,70.6,59.3,0,
5217,75.9,51.0,0,
5218,74.9,42.8,0,
5219,51.4,52.4,0,
5220,82.8,41.7,0,
5221,68.9,72.3,1,68.2
5222,55.9,59.2,0,
5223,48.1,72.5,1,62.2
5224,73.4,38.2,0,
5225,95.9,53.0,1,102.6
5226,62.2,39.8,0,
5227,84.8,33.9,1,74.7
5228,55.2,50.5,0,
5229,79.1,53.4,0,
5230,100.2,48.4,1,104.5
5231,61.7,83.2,1,55.6
5232,77.5,29.5,0,
5233,56.9,51.6,0,
5234,81.2,26.8,0,
5235,53.4,52.7,0,
5236,54.9,46.4,0,
5237,81.0,72.6,1,92.7
5238,52.4,56.4,0,
5239,73.2,55.1,1,67.3
5240,71.7,54.2,1,71.3
5241,70.9,37.1,0,
5242,63.0,44.6,1,57.4
5243,59.8,55.6,0,
5244,59.9,60.1,1,63.5
5245,74.0,56.2,1,75.3
5246,53.4,42.3,0,
5247,67.3,63.6,0,
5248,62.3,30.6,0,
5249,65.5,56.0,1,76.6
5250,62.6,18.4,0,
5251,74.6,35.9,0,
5252,84.6,58.6,1,84.0
5253,86.8,25.1,0,
5254,70.6,77.6,1,81.3
5255,70.8,53.8,0,
5256,79.0,30.3,0,
5257,57.2,54.6,0,
5258,59.6,37.3,0,
5259,67.8,16.6,0,
5260,51.7,70.2,1,53.9
5261,43.9,71.0,1,58.8
5262,74.9,48.6,1,64.7
5263,81.8,61.0,1,71.7
5264,78.8,50.6,1,78.5
5265,45.3,45.0,0,
5266,94.7,71.5,1,78.7
5267,77.7,75.7,1,75.9
5268,67.3,65.7,1,66.3
5269,75.4,37.6,0,
5270,78.7,34.0,0,
5271,54.3,35.7,0,
5272,83.4,44.2,1,83.7
5273,65.3,40.2,0,
5274,71.5,67.7,0,
5275,63.8,29.6,0,
5276,54.9,56.1,0,
5277,60.7,55.3,1,72.5
5278,62.1,66.9,1,73.9
5279,87.2,59.5,1,82.0
5280,65.1,31.3,0,
5281,80.1,70.8,1,80.9
5282,55.1,33.0,0,
5283,76.8,66.0,1,74.9
5284,58.8,26.3,0,
5285,63.9,33.9,0,
5286,66.0,46.3,0,
5287,62.2,59.8,0,
5288,85.6,71.7,1,91.2
5289,71.0,35.7,0,
5290,65.6,53.1,0,
5291,67.0,49.2,1,78.3
5292,56.4,51.4,0,
5293,87.6,27.8,1,83.4
5294,93.5,60.4,1,91.1
5295,72.1,65.5,1,69.3
5296,77.3,45.9,0,
5297,62.6,46.8,0,
5298,57.6,44.4,0,
5299,64.7,42.9,0,
5300,76.3,34.0,0,
5301,85.6,70.2,1,82.9
5302,63.3,48.7,0,
5303,81.1,27.6,0,
5304,79.9,42.0,0,
5305,60.9,48.1,1,56.7
5306,78.6,62.7,1,77.5
5307,86.6,24.8,0,
5308,72.6,46.9,1,82.2
5309,68.8,56.5,0,
5310,69.6,34.2,0,
5311,69.9,57.7,1,66.8
5312,57.8,57.9,0,
5313,70.5,41.7,0,
5314,72.4,56.5,0,
5315,78.3,58.2,1,79.7
5316,74.8,52.4,1,76.9
5317,64.6,55.7,0,
5318,74.6,35.6,0,
5319,67.1,45.9,1,70.3
5320,78.0,57.4,1,76.3
5321,60.8,57.9,1,56.7
5322,83.3,49.1,1,81.4
5323,71.6,61.3,1,74.9
5324,62.1,47.9,0,
5325,80.0,68.1,1,76.0
5326,80.9,51.4,0,
5327,92.8,53.6,1,96.4
5328,69.7,29.4,0,
5329,36.7,49.8,0,
5330,67.6,50.4,0,
5331,68.2,22.6,0,
5332,87.5,63.6,1,82.6
5333,74.2,39.3,0,
5334,85.4,51.8,1,79.0
5335,81.3,58.3,1,88.0
5336,52.3,61.6,0,
5337,70.3,76.6,1,70.0
5338,81.0,71.7,1,80.1
5339,90.0,36.6,1,86.2
5340,89.3,54.2,1,88.7
5341,59.4,34.0,0,
5342,56.6,64.1,1,64.2
5343,54.9,44.1,0,
5344,62.4,41.8,0,
5345,68.9,71.4,1,71.6
5346,55.4,51.1,0,
5347,60.9,40.2,0,
5348,49.6,47.6,0,
5349,79.7,33.0,0,
5350,78.7,51.2,1,76.7
5351,74.2,63.4,1,75.4
5352,86.2,50.9,1,86.8
5353,67.6,47.6,0,
5354,63.7,71.8,1,62.7
5355,57.1,33.8,0,
5356,69.4,29.6,0,
5357,84.1,50.3,0,
5358,72.7,60.2,1,73.0
5359,73.5,62.5,0,
5360,81.8,62.7,1,91.6
5361,69.6,33.0,0,
5362,80.0,60.4,1,78.0
5363,52.2,53.5,0,
5364,72.2,71.0,1,64.1
5365,66.2,62.6,0,
5366,85.3,40.0,1,89.4
5367,84.5,46.6,1,77.6
5368,66.2,30.1,0,
5369,57.1,53.4,0,
5370,64.4,64.5,0,
5371,69.9,32.5,0,
5372,74.3,48.5,0,
5373,74.7,77.8,1,72.8
5374,81.5,50.0,1,77.2
5375,76.6,50.6,1,79.5
5376,71.0,49.1,1,76.0
5377,80.2,47.6,1,81.4
5378,63.4,60.0,1,59.1
5379,69.7,50.3,0,
5380,68.0,43.4,0,
5381,52.4,38.3,0,
5382,54.8,30.8,0,
5383,65.0,44.2,0,
5384,82.2,56.8,1,79.8
5385,38.9,45.0,0,
5386,74.0,48.7,1,81.6
5387,42.4,43.2,0,
5388,60.3,38.3,0,
5389,82.1,85.2,1,85.1
5390,66.8,32.7,0,
5391,57.3,80.1,1,68.3
5392,58.5,58.5,0,
5393,69.6,50.2,1,79.7
5394,90.4,58.2,1,86.0
5395,62.6,36.4,0,
5396,64.4,67.1,1,62.6
5397,72.4,60.8,0,
5398,60.4,67.7,0,
5399,56.8,42.7,0,
5400,52.3,64.4,0,
5401,76.9,60.7,1,83.5
5402,72.5,50.4,1,71.1
5403,75.7,62.6,1,74.9
5404,69.8,55.1,0,
5405,90.4,38.1,1,98.3
5406,54.7,57.3,1,69.5
5407,65.4,26.9,0,
5408,89.2,44.8,1,88.9
5409,85.1,50.9,0,
5410,68.4,61.5,1,65.6
5411,79.6,16.3,0,
5412,61.6,62.1,0,
5413,78.4,69.8,1,69.2
5414,68.8,43.8,1,74.2
5415,74.7,47.1,0,
5416,70.5,73.7,1,69.6
5417,61.3,37.8,0,
5418,89.7,58.1,1,84.2
5419,61.5,53.4,0,
5420,93.8,41.8,0,
5421,91.9,59.3,1,98.3
5422,58.3,56.8,0,
5423,72.1,42.0,0,
5424,70.8,58.9,1,59.8
5425,45.8,37.5,0,
5426,67.1,54.0,0,
5427,70.5,55.6,0,
5428,88.3,71.8,1,78.4
5429,76.6,53.0,0,
5430,62.6,60.8,0,
5431,66.2,54.7,1,65.6
5432,89.0,51.1,1,77.8
5433,63.0,58.5,1,80.6
5434,80.3,33.6,0,
5435,71.8,52.2,0,
5436,59.1,43.7,0,
5437,75.2,33.0,1,82.7
5438,78.7,51.4,0,
5439,75.9,36.8,0,
5440,72.5,56.9,0,
5441,62.8,50.4,0,
5442,92.2,78.3,1,88.3
5443,48.0,62.7,0,
5444,90.4,44.8,1,84.9
5445,67.7,63.3,1,59.9
5446,54.4,61.1,0,
5447,71.5,49.8,0,
5448,71.3,61.7,1,76.5
5449,75.0,42.4,1,77.2
5450,62.5,40.1,0,
5451,55.0,43.7,0,
5452,79.0,34.2,0,
5453,74.0,52.1,1,69.9
5454,68.7,45.8,1,64.1
5455,71.2,62.3,1,71.8
5456,65.8,45.2,0,
5457,60.9,46.8,0,
5458,79.5,63.7,1,85.3
5459,84.9,22.7,0,
5460,60.4,64.9,0,
5461,65.7,52.3,0,
5462,77.9,37.2,1,79.4
5463,70.1,55.7,1,64.9
5464,89.2,52.4,1,82.3
5465,82.0,36.1,0,
5466,54.8,65.6,1,48.2
5467,69.5,39.2,0,
5468,70.2,54.8,1,69.6
5469,50.7,36.2,0,
5470,74.6,67.4,0,
5471,65.4,58.6,1,68.0
5472,81.4,56.7,1,68.0
5473,59.4,56.1,0,
5474,60.2,75.3,1,67.4
5475,79.2,36.3,1,95.6
5476,71.4,41.5,1,84.7
5477,59.9,59.0,0,
5478,52.9,44.1,0,
5479,80.7,41.8,0,
5480,68.1,32.2,0,
5481,65.5,61.7,0,
5482,82.0,50.1,1,79.5
5483,56.0,50.0,0,
5484,78.6,65.2,1,82.8
5485,67.0,71.7,0,
5486,72.9,74.6,1,78.5
5487,63.0,53.7,0,
5488,65.1,64.5,1,65.8
5489,73.6,41.3,0,
5490,45.7,59.6,0,
5491,56.9,32.7,0,
5492,60.5,31.6,0,
5493,74.7,49.3,0,
5494,87.4,44.0,1,86.6
5495,74.1,40.5,1,85.7
5496,88.9,66.5,1,94.4
5497,90.9,58.3,1,89.3
5498,56.0,66.5,1,60.7
5499,79.8,66.3,1,83.0
5500,64.6,93.0,1,68.9
5501,63.3,45.8,0,
5502,82.7,42.6,1,77.1
5503,62.4,57.7,1,65.1
5504,72.1,42.8,0,
5505,49.1,25.2,0,
5506,86.3,31.5,0,
5507,75.1,57.1,1,78.0
5508,86.8,67.6,1,87.1
5509,59.0,48.8,0,
5510,69.4,53.0,1,73.7
5511,91.9,27.0,0,
5512,59.5,75.7,1,53.7
5513,78.5,55.9,1,73.4
5514,74.3,74.0,1,75.3
5515,60.5,40.3,0,
5516,63.9,56.1,1,59.9
5517,67.2,54.5,0,
5518,59.9,38.4,0,
5519,72.4,63.7,1,70.9
5520,80.7,44.0,0,
5521,69.6,48.9,0,
5522,93.0,42.7,1,79.5
5523,63.1,68.3,1,64.7
5524,82.7,63.0,1,81.4
5525,63.0,41.8,0,
5526,71.8,55.7,1,78.4
5527,75.8,44.6,1,99.7
5528,90.9,55.9,1,98.6
5529,115.6,66.4,1,111.5
5530,69.9,59.0,1,79.1
5531,92.5,58.5,1,82.6
5532,77.4,53.8,0,
5533,50.8,35.2,0,
5534,64.5,68.1,1,62.1
5535,68.3,46.9,1,68.6
5536,81.5,65.3,1,79.4
5537,82.3,72.9,1,88.1
5538,89.4,63.2,1,84.8
5539,72.9,48.9,1,69.0
5540,73.2,57.2,0,
5541,78.0,75.5,1,83.6
5542,72.3,46.1,1,70.8
5543,76.9,31.8,0,
5544,89.0,32.6,0,
5545,75.4,57.0,0,
5546,68.1,18.5,0,
5547,60.4,72.7,1,74.4
5548,78.5,38.0,0,
5549,83.6,46.8,1,85.3
5550,89.5,35.9,0,
5551,92.6,64.7,1,86.9
5552,57.7,52.3,0,
5553,52.2,64.8,0,
5554,90.2,28.6,0,
5555,75.9,57.1,1,79.8
5556,57.3,48.8,0,
5557,79.7,53.8,1,75.9
5558,51.5,50.3,0,
5559,67.8,71.7,0,
5560,59.0,40.2,0,
5561,50.5,47.0,0,
5562,57.5,42.5,0,
5563,73.0,71.2,1,76.3
5564,72.0,60.2,0,
5565,67.3,52.1,1,59.4
5566,61.8,76.3,1,64.8
5567,55.2,36.5,0,
5568,68.3,38.8,0,
5569,52.8,46.2,0,
5570,57.4,54.2,0,
5571,73.6,59.8,1,60.0
5572,82.0,73.0,1,94.3
5573,60.9,53.1,0,
5574,72.8,79.6,1,68.5
5575,66.1,54.0,0,
5576,66.0,54.4,0,
5577,94.4,67.2,1,91.3
5578,91.2,70.8,1,86.9
5579,84.0,30.0,1,83.0
5580,88.8,45.6,1,87.7
5581,79.6,41.9,0,
5582,52.1,30.7,0,
5583,44.9,28.8,0,
5584,76.3,18.7,0,
5585,53.3,50.6,0,
5586,75.9,57.6,1,80.5
5587,67.8,60.9,1,68.5
5588,72.9,64.6,1,86.0
5589,67.9,40.8,0,
5590,74.1,60.7,1,79.4
5591,62.8,59.2,0,
5592,82.0,45.8,1,72.5
5593,79.6,60.7,1,85.8
5594,49.5,43.4,0,
5595,63.4,61.0,0,
5596,73.9,53.6,0,
5597,76.4,54.1,1,74.2
5598,69.9,73.4,1,76.2
5599,62.8,68.4,0,
5600,74.2,36.8,1,81.4
5601,55.9,68.9,0,
5602,65.0,36.2,1,74.3
5603,73.0,59.0,1,79.5
5604,66.6,55.4,1,71.0
5605,74.3,51.9,0,
5606,90.1,39.8,1,85.8
5607,81.1,55.7,0,
5608,78.9,58.7,0,
5609,96.8,67.2,1,79.9
5610,75.0,49.1,0,
5611,76.9,70.7,1,79.4
5612,77.6,67.2,1,77.1
5613,97.7,61.0,1,93.8
5614,58.3,52.6,0,
5615,54.2,47.3,0,
5616,73.8,57.0,1,83.2
5617,68.8,31.4,0,
5618,95.8,41.3,0,
5619,71.4,69.2,1,71.9
5620,55.2,68.5,0,
5621,56.4,48.2,0,
5622,71.1,61.1,1,64.3
5623,77.6,34.6,0,
5624,66.8,56.4,1,65.5
5625,62.7,45.2,0,
5626,60.1,63.9,1,63.2
5627,70.3,46.7,1,76.2
5628,72.7,66.0,1,72.6
5629,49.5,34.1,0,
5630,59.2,59.1,1,62.1
5631,70.4,51.8,1,80.7
5632,51.3,57.0,1,75.6
5633,52.9,33.3,0,
5634,56.9,72.7,1,61.8
5635,72.0,42.1,1,77.8
5636,68.4,30.0,0,
5637,71.2,50.5,1,80.2
5638,106.6,45.4,1,104.9
5639,48.7,41.7,0,
5640,77.9,38.3,0,
5641,52.4,59.7,0,
5642,70.5,61.0,1,68.3
5643,65.5,55.7,1,77.0
5644,89.9,42.4,0,
5645,54.9,0.5,0,
5646,56.2,51.9,0,
5647,70.0,36.3,0,
5648,77.6,37.5,0,
5649,53.7,30.7,0,
5650,67.6,61.0,0,
5651,76.3,49.9,0,
5652,37.3,66.1,0,
5653,75.3,38.6,1,77.4
5654,79.1,49.2,0,
5655,89.4,41.2,0,
5656,64.6,68.1,0,
5657,63.0,50.0,0,
5658,61.9,41.5,0,
5659,74.7,43.0,0,
5660,54.6,52.7,0,
5661,58.5,28.2,0,
5662,54.3,73.9,0,
5663,89.0,53.3,0,
5664,70.4,71.7,1,84.4
5665,80.9,76.0,1,88.8
5666,75.9,60.8,1,75.2
5667,59.8,40.5,0,
5668,84.9,38.3,1,87.6
5669,66.2,46.1,1,82.5
5670,55.0,45.1,0,
5671,72.9,56.6,1,76.0
5672,72.0,69.1,0,
5673,69.3,27.2,0,
5674,60.2,50.8,0,
5675,56.4,51.9,1,63.6
5676,75.1,35.9,0,
5677,77.2,52.4,1,74.5
5678,75.1,30.1,0,
5679,71.8,36.6,0,
5680,90.1,36.2,0,
5681,80.5,45.1,0,
5682,71.5,55.4,1,70.0
5683,84.8,57.1,0,
5684,72.5,49.4,0,
5685,66.8,33.6,0,
5686,49.5,56.9,0,
5687,72.9,23.8,0,
5688,48.1,53.8,0,
5689,82.4,53.8,1,75.0
5690,55.9,63.8,1,57.9
5691,82.8,39.8,0,
5692,77.3,51.8,1,71.9
5693,64.6,31.9,0,
5694,76.4,55.0,1,78.3
5695,78.0,40.9,0,
5696,63.8,41.9,0,
5697,57.0,68.1,0,
5698,67.0,53.8,0,
5699,53.3,39.1,0,
5700,62.0,52.2,1,68.6
5701,52.0,47.1,0,
5702,68.8,46.5,0,
5703,83.7,70.1,1,86.2
5704,85.0,66.6,1,88.3
5705,80.0,50.7,1,78.7
5706,80.4,58.8,0,
5707,89.0,37.5,0,
5708,81.8,53.3,1,84.8
5709,77.9,66.1,1,80.0
5710,68.7,61.5,1,74.7
5711,88.5,37.8,1,80.3
5712,65.9,59.5,0,
5713,42.5,37.2,0,
5714,76.1,35.6,0,
5715,56.9,57.2,1,65.0
5716,93.9,39.9,0,
5717,63.3,50.0,1,68.7
5718,65.3,61.1,1,71.4
5719,83.1,50.7,1,85.6
5720,50.6,34.7,0,
5721,67.6,75.0,1,74.2
5722,57.9,68.1,0,
5723,78.5,53.2,0,
5724,68.7,38.4,0,
5725,62.3,40.7,0,
5726,55.9,57.8,0,
5727,91.5,54.7,1,85.9
5728,35.4,34.4,0,
5729,77.6,39.2,0,
5730,79.0,27.4,0,
5731,74.1,48.0,1,74.3
5732,77.9,38.0,0,
5733,76.6,55.6,0,
5734,78.4,43.0,0,
5735,66.2,36.2,0,
5736,87.0,58.4,1,84.6
5737,80.0,48.3,0,
5738,61.6,28.6,1,83.6
5739,55.4,58.3,1,65.1
5740,74.2,49.9,1,85.2
5741,62.6,66.0,1,61.9
5742,54.4,49.4,0,
5743,80.3,45.5,1,84.5
5744,77.8,53.6,1,78.0
5745,49.5,48.4,0,
5746,37.0,38.4,0,
5747,63.2,33.7,0,
5748,65.3,44.0,1,75.0
5749,68.4,58.0,1,63.2
5750,63.7,39.2,0,
5751,71.9,36.8,0,
5752,69.2,45.7,0,
5753,77.1,67.2,1,79.0
5754,74.1,68.5,1,81.2
5755,84.7,50.5,1,85.9
5756,83.9,47.6,0,
5757,65.7,46.7,1,67.5
5758,64.5,58.8,1,65.7
5759,69.0,53.9,1,69.2
5760,70.4,61.7,1,65.9
5761,77.3,51.7,1,80.5
5762,85.5,64.3,1,72.1
5763,63.1,66.5,0,
5764,71.2,-2.8,0,
5765,61.2,34.3,0,
5766,69.4,53.2,1,55.4
5767,56.0,41.7,0,
5768,96.5,46.4,1,94.3
5769,61.1,40.6,0,
5770,81.5,75.3,1,75.6
5771,64.6,42.9,0,
5772,59.6,59.5,0,
5773,58.4,58.3,1,67.5
5774,46.9,37.3,0,
5775,74.4,55.6,1,69.4
5776,78.1,49.0,0,
5777,61.6,32.8,0,
5778,81.5,30.1,0,
5779,75.6,19.8,0,
5780,75.8,48.0,0,
5781,69.5,53.8,1,58.1
5782,61.9,45.9,0,
5783,70.4,46.4,0,
5784,66.9,39.8,0,
5785,58.0,54.2,1,63.8
5786,64.4,63.7,1,62.0
5787,74.7,48.9,0,
5788,75.5,68.2,1,71.2
5789,69.2,41.5,0,
5790,84.5,25.1,0,
5791,94.3,46.8,1,93.4
5792,79.7,32.9,1,80.2
5793,66.5,41.5,1,67.5
5794,81.0,50.4,1,79.2
5795,81.7,66.2,1,89.6
5796,88.7,53.4,0,
5797,61.7,65.6,1,56.3
5798,70.3,33.0,0,
5799,74.3,76.9,1,79.0
5800,71.9,45.6,0,
5801,84.3,54.6,1,93.2
5802,69.0,61.8,1,59.6
5803,69.8,66.0,1,72.8
5804,61.6,63.6,0,
5805,97.7,41.8,1,98.7
5806,72.6,63.3,0,
5807,67.7,69.8,1,69.3
5808,94.8,39.8,1,86.5
5809,79.3,45.6,1,78.1
5810,57.3,42.8,0,
5811,53.7,37.5,0,
5812,61.4,45.9,0,
5813,79.4,28.7,0,
5814,81.5,68.6,1,77.1
5815,86.9,61.7,1,74.4
5816,71.1,47.4,0,
5817,58.5,39.7,0,
5818,64.1,48.2,1,70.7
5819,36.9,49.7,0,
5820,67.7,64.1,1,71.1
5821,71.9,73.7,0,
5822,71.3,59.7,0,
5823,72.6,73.5,1,67.2
5824,82.4,72.1,1,84.5
5825,75.5,51.4,1,76.3
5826,72.4,34.9,0,
5827,93.7,67.3,1,83.2
5828,62.0,52.5,0,
5829,71.3,70.8,1,73.7
5830,81.0,44.7,0,
5831,55.7,39.9,1,78.5
5832,72.7,20.4,0,
5833,55.4,59.0,0,
5834,78.8,29.5,0,
5835,65.6,39.7,1,75.7
5836,79.7,39.2,0,
5837,81.4,36.8,0,
5838,63.7,59.5,1,74.3
5839,73.8,49.8,1,78.8
5840,60.0,83.4,1,74.3
5841,67.7,55.9,1,71.6
5842,67.5,58.3,1,77.4
5843,45.4,15.4,0,
5844,89.1,30.0,1,95.0
5845,61.6,46.6,1,66.8
5846,90.5,67.0,1,79.1
5847,69.9,55.8,1,70.3
5848,47.6,56.9,0,
5849,59.2,59.9,1,68.5
5850,87.9,48.8,1,91.8
5851,71.1,46.8,1,69.3
5852,54.0,65.1,1,68.8
5853,71.3,20.9,0,
5854,83.0,60.4,1,73.5
5855,42.9,53.3,0,
5856,55.9,36.2,0,
5857,76.5,52.3,1,79.3
5858,80.9,44.5,1,82.9
5859,57.6,59.5,1,70.8
5860,44.6,54.7,0,
5861,78.5,39.9,0,
5862,91.8,41.5,1,91.4
5863,53.7,62.0,1,67.6
5864,58.1,30.5,0,
5865,83.5,27.3,1,93.0
5866,71.3,62.3,1,70.3
5867,90.9,49.7,1,82.9
5868,76.8,49.9,0,
5869,67.0,20.5,0,
5870,79.2,59.9,1,80.5
5871,88.2,52.0,0,
5872,58.5,33.6,0,
5873,78.7,50.9,1,81.0
5874,88.6,50.5,1,80.4
5875,78.5,55.2,1,72.0
5876,68.3,63.6,1,71.2
5877,68.0,52.7,0,
5878,51.6,41.6,0,
5879,66.6,55.7,1,69.1
5880,62.4,41.9,1,60.5
5881,71.0,51.1,0,
5882,66.1,50.7,1,69.8
5883,73.1,56.4,0,
5884,61.4,73.1,1,66.6
5885,62.7,76.7,1,65.1
5886,49.1,30.2,0,
5887,93.1,58.8,1,86.5
5888,59.3,43.5,1,54.6
5889,84.6,17.1,0,
5890,62.6,46.1,0,
5891,68.2,48.2,0,
5892,59.4,37.6,0,
5893,67.9,56.5,1,56.0
5894,39.6,36.7,0,
5895,78.9,38.7,0,
5896,72.4,77.8,1,78.4
5897,63.0,62.0,1,67.0
5898,75.4,63.5,1,69.0
5899,69.1,60.9,1,69.3
5900,74.8,52.2,1,75.0
5901,73.8,57.8,1,82.1
5902,72.8,38.7,1,79.1
5903,66.3,49.4,0,
5904,48.3,45.2,0,
5905,54.0,59.4,0,
5906,62.8,76.1,1,57.6
5907,63.9,46.0,0,
5908,70.5,49.2,0,
5909,75.7,32.6,0,
5910,85.9,35.6,0,
5911,46.9,67.9,1,61.1
5912,83.7,43.0,1,79.0
5913,77.2,49.3,1,92.1
5914,63.7,63.5,0,
5915,59.3,57.5,0,
5916,55.7,65.6,0,
5917,70.7,49.8,1,72.6
5918,70.8,24.3,0,
5919,71.0,58.8,1,79.5
5920,75.0,49.8,0,
5921,66.3,70.6,1,82.7
5922,80.2,49.7,1,70.9
5923,79.6,48.5,1,94.6
5924,67.2,48.5,1,69.6
5925,73.5,48.3,0,
5926,55.4,16.4,0,
5927,65.4,46.4,0,
5928,75.8,55.3,0,
5929,72.4,47.9,1,80.1
5930,68.5,63.5,0,
5931,66.1,46.8,0,
5932,89.1,35.4,0,
5933,46.5,49.3,0,
5934,73.2,59.8,1,76.9
5935,69.7,51.6,0,
5936,56.6,41.8,0,
5937,65.2,63.2,1,71.5
5938,93.8,53.0,1,83.0
5939,70.3,51.5,0,
5940,58.7,36.8,0,
5941,79.0,40.3,1,79.9
5942,72.7,40.2,0,
5943,71.4,45.5,0,
5944,87.7,51.4,1,90.4
5945,69.0,42.5,0,
5946,73.3,59.9,1,76.3
5947,64.3,55.6,0,
5948,76.2,29.9,0,
5949,67.9,43.7,0,
5950,70.2,38.2,0,
5951,61.0,61.9,0,
5952,75.5,35.7,0,
5953,98.4,62.6,1,97.1
5954,79.5,37.5,1,88.6
5955,68.4,64.8,0,
5956,63.4,64.1,1,58.0
5957,74.1,70.8,1,81.8
5958,82.9,37.4,1,78.9
5959,72.9,46.3,1,82.1
5960,79.8,55.9,0,
5961,90.7,58.7,1,85.8
5962,56.0,70.6,0,
5963,62.2,65.9,1,70.3
5964,80.7,47.0,0,
5965,55.5,70.6,1,69.2
5966,65.1,37.4,0,
5967,61.7,42.2,0,
5968,81.4,59.3,1,82.1
5969,71.9,47.6,0,
5970,88.3,50.0,1,72.7
5971,68.1,64.3,0,
5972,94.0,68.6,1,98.9
5973,65.7,57.5,1,72.2
5974,85.1,45.7,1,90.1
5975,74.6,47.3,1,88.9
5976,72.9,55.6,0,
5977,60.5,48.9,0,
5978,60.9,67.4,1,75.5
5979,78.6,60.8,1,82.4
5980,64.1,37.2,0,
5981,49.5,51.6,0,
5982,65.3,34.8,0,
5983,61.8,51.9,1,56.1
5984,64.5,67.1,1,58.2
5985,66.2,64.9,1,63.9
5986,66.6,50.2,0,
5987,46.1,37.1,0,
5988,78.4,33.6,1,81.8
5989,79.8,41.5,1,79.0
5990,65.2,35.8,0,
5991,34.8,48.2,0,
5992,81.1,46.2,1,75.1
5993,74.5,42.8,0,
5994,76.1,42.4,1,70.3
5995,70.7,34.6,0,
5996,42.3,60.5,0,
5997,67.3,61.9,1,73.4
5998,77.2,55.0,1,72.6
5999,76.8,77.4,1,76.8
6000,54.2,68.4,1,47.5
6001,68.0,44.8,0,
6002,78.0,47.3,0,
6003,80.8,66.9,1,94.1
6004,78.2,53.8,1,65.5
6005,89.3,51.5,1,94.7
6006,59.0,51.0,0,
6007,64.5,35.0,0,
6008,52.5,55.8,0,
6009,74.4,44.7,1,78.2
6010,74.8,64.0,1,72.7
6011,81.1,67.1,1,80.9
6012,74.8,45.3,0,
6013,72.3,43.7,1,84.8
6014,69.8,63.4,1,67.0
6015,65.7,33.6,0,
6016,80.7,50.0,1,86.0
6017,69.3,42.1,0,
6018,90.6,66.3,1,80.8
6019,72.2,51.6,1,77.0
6020,70.4,62.1,1,78.2
6021,85.9,44.6,0,
6022,54.8,32.0,0,
6023,78.3,66.0,1,84.3
6024,56.2,48.7,0,
6025,92.4,26.7,1,95.2
6026,68.3,50.0,0,
6027,56.1,56.1,1,59.6
6028,56.3,57.0,1,62.8
6029,68.7,73.4,1,68.7
6030,96.8,64.1,1,87.0
6031,55.4,62.7,1,63.2
6032,83.7,50.6,1,83.9
6033,83.8,42.9,1,83.4
6034,69.3,49.9,0,
6035,63.2,28.7,0,
6036,81.9,74.5,1,90.4
6037,79.9,46.5,0,
6038,59.0,48.3,0,
6039,71.2,50.6,1,77.8
6040,103.0,43.3,1,87.9
6041,43.6,68.6,0,
6042,55.3,58.2,0,
6043,87.9,56.5,1,76.9
6044,68.8,63.8,0,
6045,82.8,74.9,1,80.5
6046,68.7,50.7,1,78.3
6047,65.9,70.8,1,71.2
6048,71.9,28.8,1,71.7
6049,79.5,20.9,0,
6050,86.9,70.1,1,82.9
6051,70.5,24.8,0,
6052,73.4,53.1,1,74.0
6053,88.7,44.3,1,82.4
6054,68.2,47.2,0,
6055,70.6,47.6,0,
6056,74.5,53.3,1,71.7
6057,51.8,37.4,0,
6058,76.3,62.7,0,
6059,89.3,50.5,1,88.6
6060,93.3,43.8,1,84.0
6061,80.8,29.6,1,90.8
6062,75.4,59.1,1,79.1
6063,70.9,63.3,0,
6064,67.9,41.3,0,
6065,66.1,63.5,1,69.6
6066,79.9,51.9,1,96.5
6067,72.0,62.6,1,80.9
6068,80.1,50.4,1,66.9
6069,76.1,43.1,0,
6070,56.7,61.4,1,62.2
6071,61.9,64.3,0,
6072,86.9,47.8,1,81.4
6073,76.3,65.8,1,80.9
6074,83.2,39.6,0,
6075,41.8,50.9,0,
6076,90.1,49.0,1,88.4
6077,65.5,28.5,0,
6078,70.0,27.6,0,
6079,81.9,52.9,1,88.6
6080,73.1,34.1,1,83.8
6081,77.5,74.1,1,77.5
6082,93.9,69.5,1,100.1
6083,86.6,53.7,1,89.1
6084,57.0,58.4,0,
6085,70.9,68.8,1,69.8
6086,91.2,51.8,1,92.6
6087,71.1,31.3,1,74.8
6088,60.9,50.0,0,
6089,70.2,39.2,0,
6090,51.0,53.8,0,
6091,59.3,53.7,0,
6092,75.2,12.0,0,
6093,62.1,47.5,0,
6094,59.5,58.5,0,
6095,72.9,50.7,1,81.8
6096,71.3,45.7,0,
6097,88.6,36.2,1,79.7
6098,79.9,41.3,1,71.8
6099,82.0,41.1,1,71.1
6100,73.6,44.9,0,
6101,79.6,52.8,0,
6102,70.5,35.7,0,
6103,64.2,47.5,0,
6104,83.6,77.9,1,75.1
6105,69.4,57.7,1,80.5
6106,80.6,45.6,1,86.5
6107,69.9,66.3,1,75.0
6108,89.4,50.4,1,99.0
6109,57.1,61.2,0,
6110,68.1,63.9,1,65.0
6111,84.4,70.6,1,81.3
6112,69.2,39.2,0,
6113,73.2,60.0,0,
6114,70.4,43.9,1,75.6
6115,55.3,53.4,0,
6116,74.1,35.2,0,
6117,67.5,61.2,1,65.2
6118,55.0,47.6,0,
6119,74.4,53.7,1,80.1
6120,96.4,46.0,1,97.1
6121,82.3,38.0,1,83.7
6122,68.4,40.4,0,
6123,72.8,51.0,1,68.4
6124,65.8,64.8,0,
6125,91.4,42.2,1,89.6
6126,77.7,46.6,0,
6127,69.6,29.4,0,
6128,83.3,50.6,1,80.8
6129,53.4,64.5,0,
6130,52.1,82.7,1,54.0
6131,52.5,21.8,0,
6132,75.1,56.3,1,70.5
6133,82.3,8.2,0,
6134,50.8,34.9,0,
6135,97.6,49.2,1,102.4
6136,59.8,53.7,0,
6137,80.6,38.3,1,85.6
6138,73.1,46.8,1,78.0
6139,66.6,40.0,1,68.3
6140,94.4,65.0,1,83.5
6141,72.8,58.3,0,
6142,61.6,48.2,1,72.6
6143,70.6,52.6,1,71.4
6144,80.2,50.3,0,
6145,71.9,56.6,1,70.9
6146,61.8,64.7,0,
6147,71.0,40.8,1,84.1
6148,78.2,72.3,1,79.6
6149,77.7,71.5,1,87.8
6150,65.4,35.0,0,
6151,88.4,62.3,1,82.9
6152,72.7,63.2,0,
6153,67.3,31.5,0,
6154,46.8,37.0,0,
6155,65.9,46.7,0,
6156,76.3,71.2,1,91.0
6157,84.0,35.9,1,85.6
6158,77.7,57.7,1,81.2
6159,56.3,45.6,0,
6160,77.8,52.5,1,64.8
6161,66.0,54.8,1,68.6
6162,69.9,13.2,0,
6163,73.1,53.0,1,65.7
6164,66.3,56.8,1,73.0
6165,58.6,50.8,0,
6166,79.5,69.9,1,79.6
6167,70.5,46.9,0,
6168,76.2,49.7,0,
6169,64.5,59.0,1,68.4
6170,49.4,53.7,0,
6171,78.1,69.5,1,74.0
6172,57.1,50.0,0,
6173,63.2,32.1,0,
6174,56.5,48.1,0,
6175,76.4,45.6,0,
6176,81.3,60.2,1,85.4
6177,92.5,48.6,1,79.4
6178,80.4,44.6,0,
6179,50.5,41.8,0,
6180,86.1,43.2,1,86.3
6181,68.9,41.8,0,
6182,68.6,38.2,0,
6183,68.5,26.6,0,
6184,63.5,40.1,0,
6185,67.9,55.6,0,
6186,63.1,35.9,0,
6187,71.2,50.9,1,76.7
6188,86.4,70.3,1,84.9
6189,58.5,35.9,0,
6190,63.8,64.7,1,67.8
6191,70.4,51.3,0,
6192,51.2,87.3,0,
6193,81.0,50.3,1,92.3
6194,54.5,53.3,1,71.8
6195,86.1,32.3,0,
6196,70.0,50.2,0,
6197,47.4,42.9,0,
6198,59.8,48.1,0,
6199,50.4,36.5,0,
6200,75.3,52.3,1,78.1
6201,63.3,49.3,0,
6202,71.4,42.6,0,
6203,74.3,44.1,1,88.7
6204,70.1,46.0,0,
6205,74.9,53.8,1,61.6
6206,70.3,49.3,1,81.6
6207,70.7,40.8,0,
6208,58.6,44.3,0,
6209,67.2,50.9,0,
6210,73.8,51.1,1,76.7
6211,56.6,46.0,0,
6212,57.7,56.2,0,
6213,72.3,65.1,1,74.9
6214,64.3,50.5,0,
6215,95.9,42.6,1,88.0
6216,63.5,39.5,0,
6217,75.6,57.4,0,
6218,72.5,37.2,0,
6219,73.5,58.3,0,
6220,83.8,22.9,0,
6221,73.8,78.2,1,85.2
6222,68.0,60.5,0,
6223,69.4,61.8,0,
6224,78.1,58.3,1,69.9
6225,79.1,51.8,1,74.6
6226,82.4,46.1,0,
6227,62.7,68.1,1,58.4
6228,63.8,53.0,0,
6229,62.5,47.1,0,
6230,83.7,40.7,1,86.7
6231,72.3,42.7,0,
6232,76.3,51.0,0,
6233,66.4,60.9,1,64.5
6234,53.0,44.2,0,
6235,47.6,55.3,0,
6236,79.6,57.0,1,76.3
6237,89.0,49.7,1,80.1
6238,87.0,34.6,1,84.3
6239,67.8,44.9,0,
6240,62.4,34.7,0,
6241,80.4,34.4,0,
6242,27.1,43.4,0,
6243,75.5,75.5,1,72.9
6244,63.7,50.2,0,
6245,66.9,24.8,0,
6246,79.9,64.2,1,72.2
6247,80.4,86.4,1,83.9
6248,90.4,50.5,1,86.9
6249,70.0,67.0,0,
6250,57.5,47.9,1,75.9
6251,71.7,59.2,1,66.8
6252,61.4,36.5,0,
6253,80.6,52.8,1,91.8
6254,57.4,64.3,0,
6255,71.3,47.5,1,69.9
6256,60.7,26.6,0,
6257,65.3,37.5,0,
6258,67.0,63.2,1,56.7
6259,65.4,48.2,0,
6260,99.8,34.7,1,96.3
6261,85.0,62.8,1,87.5
6262,90.0,35.3,1,75.9
6263,81.2,59.1,1,83.1
6264,60.4,62.8,1,70.2
6265,73.7,48.3,0,
6266,78.2,60.7,1,74.7
6267,70.6,40.2,0,
6268,80.2,71.0,1,76.6
6269,79.5,81.8,1,83.2
6270,63.3,51.3,0,
6271,64.8,47.7,0,
6272,81.0,57.0,1,62.8
6273,51.6,53.8,0,
6274,37.9,62.7,0,
6275,68.6,62.5,1,76.8
6276,94.5,43.1,1,87.4
6277,61.2,42.8,0,
6278,74.5,37.2,1,75.8
6279,83.5,50.3,0,
6280,45.6,77.2,1,52.0
6281,76.1,52.0,1,81.6
6282,55.9,44.1,0,
6283,71.4,50.4,0,
6284,50.9,42.3,0,
6285,86.5,58.6,1,79.4
6286,60.9,58.6,0,
6287,69.3,43.4,1,66.0
6288,58.3,57.8,0,
6289,72.0,58.2,1,76.3
6290,69.8,56.4,1,66.2
6291,87.4,38.4,0,
6292,36.2,55.2,0,
6293,67.6,36.1,0,
6294,68.8,36.8,0,
6295,51.2,80.0,1,63.3
6296,84.0,43.3,0,
6297,62.7,23.8,0,
6298,50.8,51.9,0,
6299,79.0,52.2,1,74.2
6300,60.9,67.3,1,62.1
6301,75.1,46.4,0,
6302,79.5,48.3,1,81.2
6303,70.2,53.9,0,
6304,76.6,68.1,1,75.2
6305,70.9,31.3,0,
6306,45.8,63.8,0,
6307,71.4,78.6,1,69.8
6308,63.9,31.7,0,
6309,84.4,58.7,1,85.8
6310,66.1,46.0,0,
6311,89.9,64.2,1,80.2
6312,71.3,34.7,0,
6313,75.1,59.1,1,83.8
6314,49.9,57.6,0,
6315,54.4,63.6,0,
6316,64.2,47.6,0,
6317,53.4,67.4,0,
6318,93.4,47.2,1,98.4
6319,62.9,69.0,1,74.7
6320,65.7,48.3,1,75.3
6321,76.6,50.8,1,78.8
6322,81.3,54.8,1,81.6
6323,94.7,63.9,1,97.5
6324,89.8,60.4,1,89.5
6325,54.7,44.3,0,
6326,56.9,53.6,0,
6327,72.3,28.6,0,
6328,71.7,41.2,0,
6329,64.6,62.4,1,63.7
6330,63.4,68.6,1,72.5
6331,66.7,63.6,1,71.6
6332,74.9,35.1,1,76.7
6333,87.0,69.0,1,80.5
6334,67.5,61.6,1,51.9
6335,81.5,48.3,0,
6336,82.8,60.9,1,92.5
6337,70.9,71.7,1,78.5
6338,62.3,74.3,0,
6339,85.4,59.7,1,88.5
6340,66.5,51.0,1,69.9
6341,50.1,56.0,0,
6342,58.1,58.8,1,54.3
6343,67.1,64.0,0,
6344,77.3,37.0,0,
6345,50.6,60.5,0,
6346,81.3,53.6,1,78.1
6347,54.5,50.2,1,72.5
6348,81.7,17.1,0,
6349,62.3,59.9,0,
6350,76.7,57.7,1,74.6
6351,66.5,50.2,0,
6352,73.6,33.8,0,
6353,68.1,48.7,1,67.0
6354,60.5,48.2,0,
6355,85.1,53.8,1,84.1
6356,80.2,56.6,1,76.9
6357,65.0,68.3,1,68.1
6358,91.0,45.2,1,87.6
6359,40.5,49.9,0,
6360,51.2,71.3,0,
6361,82.9,56.3,1,82.1
6362,75.1,32.1,1,86.9
6363,59.5,51.3,0,
6364,65.7,50.0,0,
6365,48.6,79.2,0,
6366,59.5,45.5,0,
6367,72.4,50.3,0,
6368,77.7,67.2,1,84.6
6369,69.7,39.7,0,
6370,77.3,37.6,1,84.9
6371,57.6,56.1,0,
6372,69.1,64.9,1,64.0
6373,58.8,15.0,0,
6374,75.4,65.1,1,74.4
6375,76.4,25.9,0,
6376,70.5,58.2,1,78.3
6377,81.4,58.2,1,95.0
6378,69.0,37.8,0,
6379,93.0,47.5,1,87.4
6380,39.8,39.5,0,
6381,77.3,59.6,1,74.5
6382,90.1,25.7,1,81.0
6383,61.4,48.6,0,
6384,66.5,57.4,1,68.9
6385,52.4,40.9,0,
6386,61.7,63.0,0,
6387,53.0,42.9,0,
6388,74.8,59.5,1,79.9
6389,62.6,59.6,0,
6390,94.6,46.6,1,87.2
6391,53.0,63.2,1,62.4
6392,97.4,28.4,1,85.2
6393,69.7,64.4,1,73.3
6394,79.3,59.2,1,72.5
6395,74.3,63.9,1,69.4
6396,53.0,52.0,0,
6397,77.9,51.1,0,
6398,58.7,49.1,1,66.6
6399,42.9,57.5,0,
6400,44.0,58.0,0,
6401,73.3,58.0,1,84.1
6402,57.6,84.6,1,67.9
6403,63.6,39.2,0,
6404,69.0,59.1,0,
6405,65.8,49.0,0,
6406,46.1,65.5,0,
6407,60.4,50.9,0,
6408,53.3,45.7,0,
6409,79.7,56.2,1,83.8
6410,76.6,59.6,1,81.3
6411,62.1,58.3,0,
6412,75.4,29.5,0,
6413,68.7,37.8,0,
6414,59.0,41.2,0,
6415,93.3,34.9,1,85.0
6416,64.1,61.7,1,80.3
6417,64.8,55.1,1,61.9
6418,86.1,43.0,0,
6419,84.2,64.0,1,75.2
6420,61.0,49.9,0,
6421,72.8,72.3,1,72.9
6422,87.9,53.6,1,76.8
6423,86.1,42.4,1,84.9
6424,68.7,46.1,1,75.0
6425,86.4,48.4,1,81.1
6426,63.1,40.6,0,
6427,60.0,53.5,0,
6428,76.3,51.9,0,
6429,73.8,33.0,0,
6430,66.6,62.1,1,72.0
6431,65.7,37.2,0,
6432,81.6,47.3,1,86.7
6433,67.8,70.7,1,74.0
6434,64.0,52.5,1,60.9
6435,65.1,24.0,0,
6436,83.8,44.5,1,103.3
6437,55.8,45.7,1,67.0
6438,84.6,25.6,0,
6439,59.0,48.2,0,
6440,67.9,56.6,1,69.6
6441,63.1,43.3,0,
6442,64.1,45.9,0,
6443,92.5,45.5,1,89.6
6444,51.7,40.8,0,
6445,87.0,59.8,1,81.5
6446,45.0,52.0,0,
6447,71.7,47.2,0,
6448,86.7,53.9,1,80.9
6449,75.6,42.0,0,
6450,77.1,40.3,0,
6451,87.5,48.7,1,81.4
6452,67.4,25.7,0,
6453,69.0,26.1,0,
6454,69.5,35.2,0,
6455,86.3,51.0,1,86.6
6456,68.2,53.3,0,
6457,76.9,40.9,0,
6458,51.3,39.1,0,
6459,59.8,51.0,0,
6460,83.8,52.2,1,80.4
6461,72.5,40.8,0,
6462,79.3,60.5,1,71.4
6463,73.9,37.6,0,
6464,81.3,56.9,1,88.0
6465,63.4,72.9,1,70.9
6466,72.3,41.8,0,
6467,58.7,33.6,0,
6468,49.5,64.4,0,
6469,92.4,40.2,1,82.2
6470,68.1,43.4,0,
6471,55.3,51.1,0,
6472,84.5,27.6,0,
6473,69.4,46.0,0,
6474,81.1,48.4,1,80.2
6475,62.2,36.5,0,
6476,73.3,61.5,1,68.6
6477,62.3,41.0,0,
6478,53.6,55.0,0,
6479,54.8,60.2,0,
6480,74.1,38.0,1,70.7
6481,67.0,59.1,1,74.7
6482,48.9,76.8,1,48.1
6483,70.8,60.2,1,65.6
6484,78.2,35.4,1,74.9
6485,71.3,53.9,0,
6486,70.4,62.6,1,75.5
6487,85.4,58.6,1,86.4
6488,71.3,37.6,0,
6489,58.8,53.5,0,
6490,79.1,36.2,1,74.8
6491,67.6,63.9,1,73.0
6492,68.2,59.6,1,78.7
6493,65.9,54.0,0,
6494,75.4,54.3,1,75.6
6495,48.1,32.2,0,
6496,61.3,44.1,0,
6497,76.0,42.8,0,
6498,66.4,62.3,0,
6499,102.1,66.8,1,99.5
6500,54.2,27.1,0,
