customer_id,segment,pre_spend,tenure_months,region,income_k,loyalty,app_visits_post,satisfaction_post,post_spend
101405,value,50.08,57.1,Northeast,30.9,1,11,65.3,107.8
100439,standard,138.16,34.6,Midwest,32.9,0,3,71.5,162.78
100552,standard,144.79,4.3,West,72.8,1,8,73.9,184.62
101906,value,5.0,25.7,West,,0,0,48.1,10.69
101689,premium,171.52,16.5,South,36.9,0,5,80.3,204.86
100405,standard,109.09,18.2,Midwest,64.2,0,7,75.7,155.41
101149,premium,180.35,30.2,Northeast,89.2,0,8,67.2,215.47
100249,standard,120.65,8.6,West,60.8,1,8,83.3,129.67
102028,standard,102.04,9.1,West,45.2,0,4,71.0,54.15
101997,value,64.02,27.5,Midwest,15.0,1,6,90.7,61.81
101843,value,76.62,40.7,West,24.8,0,4,64.9,68.79
100565,value,39.42,8.0,South,39.0,0,1,59.9,12.34
100572,standard,109.06,45.0,Midwest,34.5,0,4,61.4,92.55
102005,standard,94.22,35.4,Midwest,57.9,1,10,73.3,119.63
100581,premium,210.64,37.2,South,107.6,1,10,90.4,271.23
100847,premium,155.24,73.8,Northeast,81.7,0,4,78.1,189.59
100946,value,69.04,17.1,South,,0,2,75.9,88.79
101519,value,45.04,28.7,South,16.5,0,3,64.4,66.43
101450,value,62.27,30.6,Midwest,67.5,1,5,65.6,168.4
101278,value,71.07,8.3,South,15.9,0,5,71.6,56.74
100660,value,79.75,15.0,West,40.5,1,7,89.3,101.23
101448,standard,123.75,26.7,West,62.2,1,8,83.8,167.37
100471,premium,247.63,17.5,Midwest,,1,8,79.6,262.08
100633,value,80.39,6.7,West,,1,6,78.2,107.23
102003,premium,173.62,35.8,Northeast,15.0,1,10,68.4,207.45
100956,premium,175.29,37.6,Midwest,41.9,1,5,78.9,145.48
101977,value,84.16,62.3,South,41.8,1,5,73.4,68.8
102537,premum,85.64,32.9,South,15.7,0,4,60.2,59.07
101759,premium,151.63,19.2,South,69.7,1,6,96.5,219.05
101865,standard,93.48,41.7,Northeast,78.7,1,6,78.6,135.12
101749,premium,222.56,10.3,Northeast,107.9,1,12,90.8,260.13
102101,standard,119.14,24.9,Northeast,80.4,0,3,75.4,108.7
100214,standard,98.18,22.6,Northeast,91.0,1,8,81.6,148.73
100162,standard,120.25,19.1,South,73.8,0,2,74.4,124.67
100676,standard,110.33,27.3,Northeast,15.0,1,7,61.9,189.94
100158,standard,109.7,31.1,Northeast,65.5,0,0,56.0,98.72
100822,standard,95.81,24.4,Midwest,37.0,0,2,51.5,82.5
101253,premium,169.02,58.7,Midwest,34.6,1,7,90.7,214.34
101035,premium,173.95,16.6,Midwest,53.6,1,4,75.8,193.22
102092,premium,214.21,43.1,West,61.6,1,7,71.2,271.02
100314,premium,162.5,35.0,Midwest,79.6,1,4,79.0,120.94
102031,standard,142.0,12.0,South,64.1,1,8,85.9,139.25
100948,standard,135.76,25.6,Midwest,48.7,0,2,78.1,168.42
101961,standard,143.65,21.4,West,52.5,0,7,65.7,161.08
100910,value,63.25,16.9,Midwest,43.4,0,0,61.1,103.87
100384,standard,113.17,13.7,Midwest,,1,7,74.6,127.36
102499,standard,102.14,47.6,Midwest,50.7,0,3,68.1,169.44
100785,standard,135.36,76.3,West,100.1,1,8,91.0,195.02
100253,value,37.59,30.1,Midwest,50.5,1,4,74.3,62.54
100949,value,79.6,8.2,West,33.2,1,6,60.5,167.13
100222,standard,121.22,3.3,Northeast,34.1,0,4,66.4,98.51
101011,standard,103.64,9.5,Midwest,29.1,0,4,70.4,113.3
100396,standard,123.2,29.8,Northeast,,1,2,68.6,170.71
100029,value,82.02,29.1,West,33.0,0,0,61.1,68.05
100919,value,85.19,1.0,South,44.7,1,8,67.7,166.3
101138,value,80.94,26.9,West,,1,4,75.2,139.34
101131,standard,128.72,11.0,Northeast,48.1,0,3,74.1,112.42
100043,premium,263.5,15.6,Midwest,41.6,1,9,70.3,220.38
102304,standard,123.31,45.5,Northeast,40.7,0,0,62.5,109.41
101709,standard,130.32,33.6,Northeast,91.8,0,3,63.9,120.13
100329,value,13.45,17.8,Midwest,31.3,0,2,64.1,38.81
100641,value,89.46,31.1,Midwest,58.9,1,11,74.9,149.21
100819,standard,96.81,59.2,Midwest,23.4,1,6,70.4,176.06
100914,standard,135.3,47.7,West,38.0,0,3,72.6,97.4
102000,premium,162.59,19.4,West,96.8,1,7,69.3,193.1
102584,standard,111.14,27.3,South,58.9,0,3,83.2,72.36
101241,premium,158.84,12.9,Northeast,81.0,1,8,87.3,227.49
101054,value,59.29,43.3,Northeast,39.8,0,7,58.1,95.0
101202,premium,157.21,20.9,South,71.6,0,5,72.6,180.44
100359,premium,169.99,22.1,Northeast,49.5,0,0,72.3,115.5
102353,value,28.69,31.5,South,40.8,0,1,67.9,44.8
102517,premium,191.5,55.8,Northeast,61.2,1,5,95.8,166.55
100366, standard ,5.0,14.7,South,27.4,0,3,60.8,49.28
101224,premium,195.09,20.6,Northeast,15.0,0,4,70.6,169.97
101544,standard,131.97,52.0,South,131.0,1,10,78.6,175.33
100248,premium,189.33,28.6,South,99.4,1,10,85.7,206.39
101729,standard,96.94,30.9,Midwest,25.9,0,3,84.2,136.7
102334,standard,90.95,64.3,South,,0,5,57.9,106.01
101793,standard,122.02,70.7,West,,1,9,83.5,210.64
102070,value,78.13,11.4,South,32.5,0,4,81.0,73.48
101921,standard,133.62,20.9,Northeast,79.3,1,8,73.8,141.16
101346,standard,104.38,20.2,South,,1,4,77.5,68.0
101281,standard,106.16,10.5,West,,0,4,70.8,117.42
100903,value,11.65,8.0,South,23.3,1,6,75.9,79.96
101431,value,5.0,19.5,Northeast,15.0,0,1,64.7,40.38
100839,standard,123.93,40.4,Midwest,56.7,1,10,78.0,201.98
101239,standard,149.14,42.9,West,86.6,0,8,64.3,173.65
102438,value,76.92,38.1,South,35.1,1,3,77.3,154.07
102113,standard,128.91,29.1,Northeast,49.9,0,3,71.0,127.35
101782,standard,123.66,3.4,Northeast,,1,10,69.4,125.92
100624,standard,141.32,28.8,West,70.1,1,5,81.2,163.0
100015,standard,91.24,19.1,South,17.6,0,3,49.0,87.48
101608,standard,128.82,14.3,West,79.3,0,2,87.1,154.05
100864,premium,225.41,30.5,Northeast,87.6,0,9,82.6,282.13
100469,value,45.91,41.3,Northeast,35.9,0,0,64.3,92.37
102295,standard,90.75,19.7,Northeast,,0,3,77.0,117.92
100921,VALUE,57.94,65.4,Midwest,39.9,1,8,76.3,133.77
102484,value,77.83,15.5,West,50.2,0,4,67.1,128.83
101958,standard,98.01,54.1,West,22.5,0,6,53.5,166.77
102366,standard,106.69,42.6,Midwest,,1,7,93.3,120.14
101270,premium,167.85,20.1,Midwest,61.3,1,8,87.3,184.2
101212,premium,156.07,52.6,South,70.8,0,5,60.0,174.46
101404,premium,167.76,15.3,Midwest,41.2,1,3,70.2,183.39
101965,value,43.19,19.3,Midwest,52.8,0,3,69.4,23.93
100932,value,46.77,15.6,Midwest,64.2,0,0,48.5,81.85
101147,value,73.25,23.0,Midwest,82.4,0,7,75.1,128.95
101441,standard,144.88,35.9,Northeast,86.2,1,8,76.3,112.49
100293,premium,159.87,48.7,Northeast,75.6,0,4,81.2,161.13
100480,value,53.5,22.8,West,22.9,1,8,69.3,76.36
102279,standard,119.55,48.8,Northeast,41.0,0,2,73.7,130.02
101884,value,61.93,59.2,Northeast,,1,6,67.5,92.42
102504,value,14.7,12.3,Midwest,80.6,0,3,76.0,89.79
100146,value,5.0,23.9,Northeast,50.3,0,7,73.8,73.08
100068,standard,107.43,42.9,Midwest,34.0,1,6,69.1,129.22
100599,value,66.85,33.3,Northeast,43.6,0,6,67.0,113.05
102437,value,87.34,36.1,South,62.5,0,6,78.5,139.57
101611, standard ,91.49,14.7,Northeast,18.7,1,8,84.7,125.93
102126,standard,118.05,11.9,West,65.2,0,1,64.3,123.19
102461,premium,181.88,16.2,West,90.0,0,8,69.1,182.86
101776, standard ,170.2,54.3,Midwest,78.3,1,8,70.4,231.45
102538,value,63.53,11.8,West,41.8,0,5,49.2,89.43
101126,standard,124.9,6.5,Northeast,54.1,0,1,61.1,95.23
100451,value,61.4,41.6,Northeast,73.4,1,6,79.8,130.46
102250,standard,122.47,42.9,Northeast,68.8,0,5,62.4,122.54
101742,value,64.0,20.2,Midwest,31.7,0,7,76.2,66.44
101975,premum,115.22,11.4,South,15.0,1,5,81.8,144.09
101132,premium,254.1,40.2,South,88.0,1,7,86.4,264.67
100611,standard,112.05,21.5,Midwest,15.0,0,1,63.8,121.32
102343,premium,159.5,53.4,South,111.6,1,7,90.9,164.05
100845,standard,132.34,44.2,Northeast,75.9,1,7,97.0,174.24
102182,premium,181.55,21.4,South,53.5,1,10,79.4,242.6
101976,standard,95.52,44.9,Northeast,80.4,1,7,65.2,137.0
102032,value,56.11,32.7,South,80.1,0,5,79.0,56.59
100634,standard,135.51,18.6,South,,0,4,61.1,112.44
100475,standard,131.27,19.8,West,86.2,1,9,89.8,196.04
100444,value,25.6,64.1,Midwest,65.8,0,3,56.2,50.96
102290,standard,112.51,22.1,Northeast,47.3,1,5,82.9,133.74
101302,value,81.9,21.3,West,17.5,0,5,63.3,86.45
101890,premium,150.82,40.6,West,53.4,1,6,84.1,207.82
101350,VALUE,87.71,10.2,West,34.1,1,6,69.6,85.95
102247,premium,155.22,58.4,West,53.3,1,9,89.6,251.5
101326,value,84.51,19.6,South,,0,4,69.5,109.12
102240,value,22.19,16.2,West,50.7,1,7,60.1,88.12
101042,standard,136.68,49.4,Midwest,16.8,0,2,70.0,139.54
100892,standard,119.11,22.3,Northeast,76.6,0,4,75.0,188.92
102500,premium,158.27,3.7,South,77.9,0,6,66.5,230.74
101697,standard,91.87,27.7,Northeast,37.6,1,6,61.3,100.24
101100,premium,183.27,14.1,Northeast,113.4,1,9,88.9,228.64
102188,standard,95.04,8.9,Northeast,58.3,0,4,72.3,103.84
102561,standard,110.08,39.9,South,61.6,0,3,65.1,48.1
100131,value,60.81,30.7,Northeast,15.0,1,1,71.1,67.77
101522,value,86.85,12.4,South,55.3,0,5,54.2,149.35
102377,premium,168.53,21.9,Northeast,70.9,1,6,72.7,132.52
101872,premum,162.44,20.3,Northeast,84.6,1,10,73.4,245.74
101231,value,52.18,37.6,Northeast,99.6,1,6,71.7,97.14
100311,value,76.45,20.0,Northeast,67.3,0,5,57.8,49.64
101607,premium,151.49,31.7,Northeast,74.7,0,7,75.3,163.68
100870,premium,219.21,21.8,West,41.7,1,7,84.6,291.55
101719,standard,92.33,23.9,Midwest,49.2,0,5,71.9,147.32
101385,standard,90.79,14.9,Midwest,67.2,0,7,54.7,137.81
101397,standard,99.47,33.0,Midwest,,0,0,84.0,123.92
100022,premium,194.91,51.8,South,95.9,1,10,88.3,300.21
100908,standard,96.42,25.6,Midwest,76.4,0,2,80.5,121.46
102531,standard,92.08,73.2,South,112.7,1,15,74.9,195.1
102468,standard,140.96,14.6,Northeast,78.9,0,3,83.1,107.97
101788,standard,100.28,39.1,West,73.6,0,5,77.5,117.76
100543,standard,95.8,22.6,South,64.4,0,4,82.0,72.85
100160,standard,102.37,21.0,Northeast,15.0,0,5,78.7,121.45
102010,value,69.62,27.3,South,56.5,1,4,74.5,148.3
101091,premum,73.3,17.6,Northeast,50.0,0,5,62.7,79.93
100745,premium,227.81,16.7,Northeast,49.8,1,10,75.6,197.34
102341, standard ,79.63,22.6,South,15.0,0,7,61.8,66.91
101018,value,61.29,10.5,West,81.3,0,5,73.4,88.17
102198,standard,104.22,10.9,West,30.7,1,6,71.0,82.84
100686,value,53.88,10.9,South,36.8,1,5,76.0,118.01
100937,premium,175.28,19.5,West,64.9,0,5,82.4,209.26
101726,value,83.51,50.7,Northeast,45.9,1,5,84.7,113.12
101338,standard,102.25,45.9,South,105.2,1,6,73.6,165.63
101068,value,86.95,43.8,South,81.9,0,8,69.4,79.84
101514,value,43.33,16.4,West,34.4,0,7,63.8,118.59
101422,premium,150.98,27.4,West,56.1,1,8,84.5,212.31
101037,standard,115.27,12.8,Midwest,51.1,1,12,89.4,192.31
100512,premium,152.35,19.9,West,46.7,0,2,53.6,138.9
102431,value,67.44,25.9,South,,1,8,81.6,102.96
102123,premium,168.74,50.2,Northeast,67.5,0,2,55.3,162.21
100343,value,64.08,39.1,Northeast,60.3,0,3,67.0,143.15
100067,standard,96.62,7.9,Midwest,,0,5,70.8,60.31
101666,value,61.59,37.6,West,77.3,1,1,82.9,72.81
100837,value,28.84,13.1,Midwest,90.8,0,0,64.0,59.09
101481,standard,96.77,24.3,South,24.1,0,0,81.2,62.85
101907,standard,105.21,36.3,West,49.1,0,8,72.3,128.49
101849,standard,125.07,25.0,Northeast,64.8,0,5,75.4,153.38
100178,standard,97.06,53.9,Northeast,46.1,0,4,65.1,58.92
101235,standard,147.93,8.7,South,23.3,1,10,81.3,211.22
100471,premium,247.63,17.5,Midwest,,1,8,79.6,262.08
101050,premium,191.18,37.2,Northeast,72.5,1,8,94.3,250.77
101013,value,64.19,22.2,West,31.8,0,5,68.1,125.68
102483,standard,121.4,26.6,Midwest,51.7,0,5,62.0,109.68
100340,premium,164.64,24.5,West,15.0,1,6,67.4,140.81
100751,value,5.0,12.3,West,42.7,1,8,77.0,44.12
101275,premum,78.73,11.6,South,69.3,1,6,79.0,134.95
102118,premium,224.3,49.3,South,72.1,1,10,60.1,255.46
100367,standard,115.65,35.7,South,,0,10,67.8,164.84
100139,premium,225.23,18.6,South,77.3,1,10,86.0,229.02
101956,standard,116.21,29.1,West,103.5,0,4,64.1,123.92
101477,standard,138.2,5.9,Midwest,62.4,0,8,72.4,151.44
102160,standard,99.33,55.7,Northeast,,0,2,71.1,116.49
101845,premium,199.9,18.8,Northeast,59.6,1,10,75.7,236.75
102323,standard,93.24,16.2,Northeast,23.6,1,4,72.1,89.18
100341,standard,101.15,33.0,Midwest,54.5,1,8,83.2,127.24
101418,value,84.92,9.9,South,79.3,1,11,84.7,181.9
100011,standard,129.15,33.2,Northeast,,0,5,79.0,186.06
101887,value,62.36,13.4,Midwest,26.1,1,5,67.5,75.73
100950,standard,139.6,32.6,Northeast,36.2,0,5,61.2,88.38
101564,standard,125.63,34.3,South,68.4,0,6,73.6,146.5
101249,standard,107.53,40.2,South,50.8,1,8,84.2,157.59
100608,value,74.67,35.8,South,58.8,1,5,61.4,119.44
100363,standard,98.24,27.8,West,27.2,0,1,66.3,104.79
100779,standard,106.77,26.7,South,69.2,1,10,66.9,196.61
100219,standard,118.77,8.8,Northeast,36.4,0,4,63.2,77.42
101019,standard,140.97,38.5,South,81.8,1,7,75.8,231.27
102331,premium,184.55,23.7,West,83.2,1,8,67.3,224.91
101453,VALUE,94.88,32.2,Northeast,53.4,0,1,76.3,151.21
100216,premium,169.1,14.5,South,84.2,1,6,75.9,229.63
101052,value,72.04,42.3,South,40.5,1,5,80.2,108.06
101427,standard,133.23,11.9,South,106.9,1,7,79.5,189.67
100747,Premium,123.24,62.3,Northeast,73.5,0,8,63.9,167.55
100610,standard,103.15,24.7,Northeast,52.1,1,7,68.6,128.64
102069,value,83.58,30.9,West,24.5,0,5,75.9,109.31
100351,premium,197.7,17.4,West,71.0,1,7,89.8,225.79
102600,premium,202.69,39.7,Northeast,42.2,0,6,66.3,215.96
101626,standard,115.33,26.0,West,64.8,1,2,59.0,130.83
102553,Premium,157.95,40.1,South,62.5,1,6,79.4,244.05
102340,value,51.04,19.3,West,17.6,0,3,64.3,58.78
100186,standard,104.92,37.3,Northeast,79.7,0,5,76.7,159.17
100776,premium,164.22,32.8,West,83.3,0,4,71.1,179.59
100271,premium,151.46,17.9,Northeast,20.3,0,1,74.5,70.32
101489,standard,149.49,11.8,South,98.2,1,3,92.7,180.36
101473,value,75.92,10.8,South,27.8,0,2,78.9,130.89
102594,value,80.5,14.0,Northeast,25.1,0,5,70.6,72.49
101344,value,72.96,34.8,Northeast,49.1,0,7,72.7,77.4
101506,standard,92.35,39.3,South,54.9,1,6,72.8,158.06
100943,standard,124.18,19.8,Northeast,80.0,0,9,69.9,167.99
102008,value,14.28,34.3,West,42.9,0,1,59.9,35.58
100133,premium,179.29,16.7,West,85.5,1,5,83.5,244.52
101823,premium,228.39,21.7,West,56.7,0,6,92.1,234.61
100423,standard,91.18,11.2,West,,0,1,74.8,63.18
101465,premium,154.2,36.4,West,68.2,1,7,82.3,174.79
100734,value,73.96,18.2,Northeast,,1,2,58.5,91.95
100794,value,83.32,22.0,West,45.2,1,8,90.3,59.49
100470,standard,137.94,71.5,South,91.1,1,10,73.0,162.02
102446,value,43.72,9.5,Midwest,33.3,1,9,76.9,108.74
102052,value,70.84,22.1,Northeast,49.5,0,5,64.5,61.73
100604,value,54.57,21.6,South,,0,0,63.6,141.78
102494,standard,139.9,33.4,South,30.3,1,9,76.1,157.25
101484,premium,151.93,43.3,Northeast,70.1,1,6,82.9,195.22
100277,value,73.21,20.2,Midwest,41.9,1,6,62.8,93.16
101176,value,65.78,21.7,Northeast,35.7,0,2,69.5,100.65
102067,standard,113.63,8.7,West,81.7,0,8,73.6,151.94
100976,standard,123.11,20.1,South,52.4,1,8,63.0,138.02
101186,value,60.66,113.0,South,96.0,0,3,62.1,28.95
101881,standard,142.0,41.8,Midwest,,1,7,73.7,157.72
100703,standard,134.36,31.7,South,51.3,1,13,69.4,222.8
101971,premium,150.93,24.9,Northeast,43.9,1,7,70.4,176.46
102151,value,43.99,30.5,South,,0,1,39.7,-5.96
102593,premium,194.19,17.4,Midwest,66.1,1,9,80.1,236.71
101688,standard,99.42,32.7,South,105.0,1,6,78.8,171.21
100016,standard,100.05,51.9,Midwest,50.5,1,5,72.1,144.14
100535,value,85.14,10.8,Midwest,68.3,1,5,83.3,133.18
100834,value,58.7,19.9,West,62.9,0,5,72.2,90.76
100762,premium,186.79,9.6,South,80.8,0,4,77.9,200.57
101764,standard,149.73,4.5,South,100.7,0,4,70.1,181.99
101243,premium,157.96,26.0,Northeast,99.1,1,11,98.9,271.33
102480,value,56.08,27.2,Midwest,42.2,0,1,80.4,83.34
102322,value,73.18,23.5,West,42.3,1,5,62.1,90.74
100378,standard,118.36,17.1,Northeast,41.6,0,3,65.0,98.66
100863,standard,141.24,71.8,South,51.4,1,11,63.7,152.01
101720,standard,135.79,16.0,South,92.3,0,1,69.5,114.07
101737,standard,104.31,80.3,Midwest,72.5,0,11,63.4,166.24
100590,VALUE,175.47,38.2,West,,1,9,59.7,207.52
100387,premum,41.81,27.9,Northeast,15.0,0,0,65.3,58.44
102235,standard,97.44,19.9,South,41.4,1,8,80.6,105.13
102227,standard,103.58,20.6,South,15.0,0,4,67.1,108.14
101530,standard,140.37,43.2,South,15.0,1,6,71.6,212.8
100227,premium,171.03,16.9,West,66.2,1,9,89.1,185.29
100521,value,76.6,26.1,Midwest,16.7,0,4,71.1,120.66
100602, standard ,68.56,54.2,West,57.9,0,2,66.4,144.14
100370,standard,116.63,17.3,South,52.4,0,3,58.7,87.65
101549,premium,243.55,37.7,Midwest,110.5,1,11,90.6,306.31
102401,standard,143.74,40.4,South,62.7,0,6,62.4,152.57
101966,VALUE,158.31,24.7,Northeast,43.1,1,6,77.2,210.89
101537,standard,105.62,13.8,Midwest,42.6,0,4,71.3,132.57
100623,standard,106.13,39.1,South,36.9,0,3,62.7,145.43
101766,premium,157.39,26.4,Northeast,39.2,1,6,67.5,203.98
100195,premium,181.68,12.1,South,90.3,1,8,86.7,185.88
101637,standard,148.52,47.0,Midwest,64.0,1,5,85.4,192.68
101848,value,81.05,39.5,Northeast,31.5,0,1,65.7,86.75
102549,standard,130.37,37.8,South,57.6,0,9,78.3,196.25
100815,premium,153.55,9.8,West,61.7,1,9,80.5,216.43
101561,standard,102.85,12.6,Midwest,32.2,1,8,79.1,158.65
100595,standard,94.25,43.6,South,80.5,0,5,80.0,116.74
101644,Premium,97.69,29.9,South,,0,3,68.5,108.94
100479,premium,151.34,15.6,Northeast,70.2,1,6,81.0,151.06
102596,standard,94.74,25.6,Northeast,,1,9,73.2,174.06
102308,standard,103.73,10.7,Northeast,90.5,1,8,75.4,210.71
101551,standard,90.44,35.6,West,67.1,0,0,65.2,138.02
100772,standard,109.74,103.5,Midwest,26.2,1,8,69.7,126.17
101924,premium,161.21,22.1,Northeast,110.3,1,8,81.4,221.32
100841,standard,100.87,27.4,Midwest,36.3,0,1,63.3,82.56
102079,standard,105.1,18.4,Northeast,31.4,1,8,89.4,181.82
102447,value,5.0,15.2,Midwest,47.2,0,1,61.3,45.08
102427,standard,91.94,44.8,Midwest,67.7,0,3,63.6,105.32
100325,standard,137.97,29.6,Midwest,41.1,1,7,70.1,151.8
102088,premium,177.26,4.2,South,65.5,1,3,78.0,248.0
102585,standard,90.56,19.1,Northeast,31.6,0,2,74.8,115.02
100570,standard,94.3,41.1,Northeast,,0,2,68.9,113.48
100330,value,52.18,68.8,West,15.0,0,6,53.5,122.46
101295, standard ,203.56,17.3,West,111.0,1,13,91.0,289.43
100680,premium,177.11,34.2,West,65.0,1,6,73.0,164.46
101292,standard,112.11,65.6,Midwest,31.2,0,5,63.1,139.04
101715,Premium,161.1,33.6,West,45.1,0,4,69.2,186.69
100988,standard,127.43,23.5,Midwest,46.0,0,6,67.3,114.58
100168,standard,106.19,22.2,Northeast,55.1,1,10,74.1,210.45
102436,Premium,146.24,35.4,West,24.3,0,7,68.8,149.11
100788,premium,188.83,19.1,Northeast,93.1,1,9,78.8,198.51
101558,premium,204.39,12.0,West,68.5,1,7,93.6,222.45
102099,VALUE,170.92,42.2,Northeast,,1,7,83.2,166.64
100536,premium,150.95,28.9,West,48.6,1,7,74.0,176.61
102033,value,60.97,21.0,Midwest,61.0,0,6,65.9,91.97
101454,value,85.69,15.2,West,64.6,1,3,81.1,121.12
102167,premium,155.89,66.2,South,73.8,1,7,94.6,199.71
101731,standard,104.55,31.7,West,21.0,0,3,61.2,70.79
101974,premum,62.0,40.3,South,36.6,1,4,66.7,90.28
102270,premium,184.15,45.9,West,65.5,1,5,72.3,173.52
100582,value,51.34,8.1,Northeast,50.6,1,4,71.6,12.5
102573,premium,225.69,9.3,South,80.1,1,6,89.5,221.37
101528,standard,98.85,39.6,West,15.0,0,5,74.6,109.23
101757,premium,170.75,20.9,West,77.5,1,7,76.2,225.59
101155,premium,167.2,13.2,South,70.6,1,5,66.9,184.52
100802,standard,135.49,8.3,Northeast,81.0,1,7,83.5,171.1
101319,value,76.03,36.9,South,61.2,0,4,91.6,130.12
102421,standard,97.34,16.9,West,85.9,1,10,94.6,165.15
102152,standard,135.42,48.4,Northeast,73.3,0,7,75.1,176.98
100922,premium,174.41,16.8,Northeast,106.4,1,6,82.2,197.12
101807,value,81.0,39.3,West,83.4,1,7,86.2,87.29
100102,value,77.09,37.1,Midwest,54.5,0,5,67.3,98.42
100873,premium,223.57,42.7,South,108.8,1,7,82.9,223.32
101867,value,61.94,21.9,South,40.1,1,9,77.5,78.8
100774,standard,94.17,33.8,Midwest,32.5,1,6,74.9,99.32
101901,value,79.52,11.1,Northeast,,1,4,84.1,145.75
100072,value,55.35,39.5,Midwest,73.9,0,7,70.8,72.19
101998,standard,99.22,12.4,Northeast,79.0,1,7,66.0,110.12
100338,standard,120.16,23.8,Midwest,24.5,0,5,52.5,109.88
101567,standard,109.56,29.9,Midwest,50.0,0,7,78.5,152.1
100685,standard,116.57,10.9,Midwest,78.9,1,4,94.5,124.13
101440, standard ,74.36,34.8,South,21.0,0,1,64.5,100.67
100958,standard,109.79,34.5,Midwest,50.2,0,5,75.6,126.07
102287,standard,138.03,18.0,Northeast,54.2,0,5,71.4,120.04
101732,standard,113.39,10.6,West,56.7,0,5,66.4,176.38
101177, standard ,91.9,32.1,South,15.0,0,1,87.0,95.69
101556,standard,96.64,26.0,South,56.3,0,6,58.7,132.58
100995,value,58.9,40.2,Northeast,58.1,0,9,76.2,118.39
100327,value,21.27,7.9,Northeast,,0,1,60.0,-4.31
100259,value,5.0,42.1,Northeast,15.0,0,3,72.8,60.84
102147,standard,97.89,27.3,Northeast,72.9,0,1,66.4,96.02
101660,standard,100.87,35.2,South,74.7,0,3,57.6,70.89
100001,standard,140.06,49.9,Midwest,48.4,0,6,75.5,152.3
100506,premium,186.93,8.9,South,44.6,1,6,77.7,236.3
102576,standard,138.63,13.0,South,,0,6,66.1,139.06
101162,premium,168.79,18.7,Midwest,64.7,0,4,64.1,184.8
102254,standard,98.38,60.4,West,53.2,1,10,75.0,132.45
102212,standard,107.34,9.6,West,38.9,1,5,77.0,194.68
100457,premium,160.78,34.7,Midwest,32.0,0,6,74.8,154.93
100348,standard,124.28,50.8,Midwest,85.6,0,6,81.9,155.85
101909,standard,122.5,25.1,Midwest,30.2,1,4,75.8,146.12
100373,standard,143.97,4.8,West,86.4,1,11,81.6,165.13
100755,premium,173.17,103.8,Northeast,69.3,1,4,69.1,211.15
102090,standard,141.5,30.0,Northeast,44.9,0,5,72.6,165.7
102292,standard,97.77,53.2,Northeast,96.6,0,4,64.2,152.01
100844,value,69.61,17.8,Midwest,53.2,0,8,82.8,134.2
102048,premium,197.89,15.0,Midwest,57.1,1,6,81.3,197.29
100106,value,82.22,45.1,Northeast,,1,11,86.7,158.27
101657,value,32.28,15.6,South,68.1,1,7,75.4,110.08
100640,standard,97.93,33.4,Northeast,87.4,0,6,57.2,155.75
100516,value,79.22,22.3,South,56.5,0,6,85.9,78.71
102444,value,32.87,59.1,Northeast,15.0,0,2,56.5,-20.23
100769,standard,91.29,14.7,South,80.7,0,2,85.6,134.13
100028,value,80.0,26.2,West,,0,5,71.2,136.56
101374,value,71.15,46.1,West,21.4,0,5,66.2,70.62
102017,standard,129.63,36.6,Northeast,71.0,0,6,69.6,122.71
100109,standard,129.47,35.6,South,64.8,0,9,86.8,103.78
100643,standard,96.2,23.5,West,69.3,1,8,71.3,153.2
100909,premium,215.98,117.2,Northeast,111.0,1,9,84.3,250.71
101589,value,35.86,31.7,Midwest,,0,3,59.1,35.45
102385,standard,118.29,7.1,Midwest,,0,6,50.6,124.83
100135,standard,109.19,21.7,Northeast,31.5,1,7,75.9,79.88
101877,premium,162.86,20.6,Northeast,80.7,1,6,84.9,207.77
101412,standard,97.87,16.7,Midwest,71.9,0,9,66.4,172.95
101531,standard,122.74,13.8,Northeast,51.2,0,6,74.6,132.32
102259,standard,142.21,16.0,Midwest,98.7,1,11,86.0,219.93
101962,standard,96.76,46.0,West,63.7,1,8,85.7,103.52
101623,value,51.59,20.9,South,50.8,1,5,80.8,97.81
100939, standard ,151.72,33.5,South,77.7,1,8,71.8,176.18
100191,premium,150.78,17.2,West,61.9,1,7,83.5,204.84
102246,value,59.2,40.5,West,43.9,0,6,62.9,81.08
101684,standard,125.28,17.9,West,31.4,1,3,76.1,146.61
101538,standard,95.4,57.3,Midwest,,0,1,67.3,121.85
100708,standard,123.97,16.0,Northeast,15.0,0,3,73.2,138.53
101553,standard,145.02,30.2,Midwest,55.8,0,1,74.7,91.11
101679,standard,96.86,45.3,South,48.6,0,5,66.0,110.22
100669,standard,128.61,13.6,Midwest,38.1,1,7,82.1,211.51
101570,premium,175.29,48.4,Midwest,99.8,1,8,93.3,235.01
102260,value,61.02,32.1,West,28.1,0,3,63.8,86.07
100614,premium,163.12,12.6,Midwest,90.8,1,7,92.9,167.2
100357,standard,130.83,40.5,Northeast,95.9,1,7,72.6,186.69
101370,value,44.63,20.7,South,26.6,0,2,62.3,23.94
100468,standard,126.74,19.8,Midwest,67.7,0,5,72.7,167.53
100526,standard,126.37,20.0,Midwest,66.1,0,6,67.7,138.55
101717,standard,90.55,24.5,Northeast,74.8,1,12,77.2,162.17
101213,value,89.62,39.8,West,28.1,1,12,82.2,177.11
101090,value,70.44,28.3,Midwest,76.6,1,7,63.0,142.12
100962,premium,169.1,12.0,Northeast,84.2,0,3,75.7,197.71
102074,premium,229.44,26.3,Midwest,94.6,1,9,95.2,248.72
102534,VALUE,5.0,13.7,West,,0,3,61.7,-1.99
101503,standard,126.07,46.1,South,32.3,0,4,61.1,101.8
101215,standard,140.57,37.1,West,103.6,1,8,92.6,243.45
101748,VALUE,195.2,19.1,Northeast,79.9,1,7,89.7,242.76
100228,premium,173.54,14.7,West,101.7,1,12,89.4,208.17
100721,value,26.03,16.6,South,,0,3,86.6,91.38
101348,value,78.0,17.0,Northeast,30.1,0,2,71.4,97.16
100557,standard,99.73,29.8,Midwest,18.4,0,1,79.9,108.69
100904,value,86.23,24.1,Northeast,60.8,1,7,81.9,83.18
102423,standard,142.44,40.2,Northeast,,0,3,65.3,182.88
101407,premium,170.08,28.7,South,35.1,0,4,71.3,162.35
102454,value,69.1,15.0,South,,0,0,69.8,32.02
102034,standard,126.13,23.0,Midwest,60.7,1,4,71.7,140.57
101057,standard,121.27,3.6,South,58.3,0,5,58.8,176.22
100527,standard,142.03,22.1,Northeast,57.6,1,7,81.1,187.73
102229,standard,115.42,21.1,Midwest,25.5,1,2,70.5,85.66
100603,premium,158.64,75.9,South,78.2,1,9,73.7,148.16
101225,standard,130.63,13.3,Northeast,52.6,0,6,65.8,164.18
101043,premium,176.26,18.8,Northeast,93.9,1,10,56.5,136.97
101852,value,5.0,73.4,South,35.9,0,0,64.2,39.25
102387,standard,122.22,21.4,South,75.1,0,8,88.9,171.93
100302,premium,178.78,22.3,Midwest,55.0,1,7,76.1,213.05
102133,value,86.38,26.2,West,42.8,0,0,75.7,100.35
101072,value,15.49,3.3,Midwest,49.9,1,7,76.7,52.43
102469,standard,136.62,44.7,West,77.1,0,5,73.7,165.96
100203,premum,135.35,12.8,South,121.5,1,6,80.9,183.61
101299,standard,102.57,45.2,South,,1,7,70.6,178.31
100342,premium,183.59,29.1,West,74.1,1,8,64.1,169.43
101903,premium,157.19,19.7,South,94.4,0,2,65.3,131.84
101646,premium,159.86,21.8,South,62.7,1,5,75.5,180.55
102378,standard,106.32,30.8,South,24.5,0,1,67.5,131.75
101238,value,61.85,43.5,West,33.0,0,4,64.1,138.61
102286,Premium,171.94,22.9,West,107.6,1,11,94.0,239.32
100402,standard,125.98,35.4,Northeast,36.5,0,4,65.1,93.68
101093,value,80.25,43.5,Northeast,,0,1,74.0,31.15
102190,premium,155.84,21.1,Northeast,69.7,0,3,91.6,216.47
101942, standard ,76.86,21.6,South,,0,1,64.5,97.44
101195,premium,155.39,24.2,South,78.3,0,2,70.5,177.95
100148,standard,112.02,15.3,Midwest,36.2,1,7,71.0,121.94
100735,standard,120.37,16.7,West,36.6,0,3,60.2,131.67
100901,value,58.88,23.5,South,,0,3,64.6,114.98
101123,value,85.76,10.6,South,41.1,1,5,80.6,160.57
100789,standard,140.93,17.4,Midwest,79.3,1,10,65.7,201.08
100401,standard,108.91,26.7,Midwest,15.0,1,8,87.4,150.69
101895,premium,199.09,26.3,Northeast,65.3,1,8,86.4,241.96
102278,value,51.72,31.6,West,,0,3,56.0,100.4
102419,standard,116.84,26.3,South,44.8,0,4,64.3,131.76
101345,standard,101.87,45.0,Midwest,31.4,1,4,74.8,82.31
101342,value,85.3,50.7,West,68.3,0,3,80.6,123.99
101022,standard,100.66,23.8,West,15.0,1,4,86.4,75.98
100996,standard,148.33,24.3,South,60.2,0,5,72.1,173.85
100437,standard,98.71,27.0,Northeast,39.1,1,5,69.6,101.31
100782,standard,132.58,26.5,Northeast,43.8,0,1,69.3,153.55
100463,standard,143.63,35.7,South,60.8,1,8,80.0,190.68
100764,value,32.0,12.5,Northeast,15.0,0,2,50.2,6.64
100768,standard,134.35,38.1,Northeast,116.5,1,10,74.2,243.56
101388,standard,109.21,30.3,Northeast,57.8,0,5,88.0,140.36
102496,standard,130.59,17.4,West,83.9,0,7,82.7,167.14
100959,standard,139.46,40.3,South,57.2,1,7,67.7,97.01
101947,standard,137.38,49.2,Midwest,,1,3,82.8,188.78
101413,standard,109.06,17.9,West,117.6,1,6,72.9,140.46
101963,premium,159.04,31.7,Midwest,63.1,1,11,82.0,259.04
100125,premium,179.07,11.7,Northeast,102.7,0,5,66.9,172.39
101140,standard,131.02,34.1,West,58.3,1,5,86.5,173.57
100242,standard,104.95,11.4,Northeast,15.0,1,4,89.5,121.46
100208,premium,188.96,48.9,Northeast,94.4,1,10,95.3,267.35
101491,standard,113.88,20.7,South,72.9,0,6,58.7,123.53
102347,standard,125.21,51.6,Northeast,31.2,0,5,80.4,110.99
100008,value,58.41,24.3,Midwest,,0,6,63.4,23.74
100692,premium,197.32,36.4,Northeast,73.5,1,8,73.9,224.84
102208,value,70.14,34.8,West,33.5,0,5,65.0,114.97
101156,premium,160.09,47.1,Midwest,,1,5,82.2,169.75
100824,value,68.08,22.1,Midwest,,0,0,69.3,58.44
101036,standard,145.6,10.0,Northeast,34.4,1,10,83.5,127.61
100644,standard,130.44,23.0,Midwest,,0,9,59.2,189.06
100856,value,71.21,22.4,Northeast,25.3,0,2,56.2,81.11
102352,premium,152.62,42.3,Northeast,61.9,1,5,70.3,171.55
101780,standard,103.43,24.4,Midwest,87.2,1,7,90.8,172.42
102117,premium,158.66,7.9,Midwest,90.9,1,8,71.5,237.45
101245,premium,175.28,56.6,Midwest,67.2,1,10,88.5,228.59
102558,value,26.94,21.8,West,52.6,0,2,69.8,0.91
101467,premium,205.38,36.9,Midwest,132.7,1,10,77.6,268.13
101279,value,87.1,21.6,Midwest,,0,3,71.6,133.18
102263,premium,169.38,63.5,South,69.4,1,11,83.7,209.58
101369,premium,175.01,28.1,West,46.1,1,10,91.6,235.75
101946,premium,158.28,32.9,Northeast,86.4,1,9,90.5,233.52
101968,standard,91.36,27.0,Midwest,56.3,1,5,79.5,157.55
102595,value,6.79,12.5,Northeast,28.3,0,2,60.4,83.88
102396,standard,99.5,33.3,Midwest,51.0,0,8,46.1,90.17
101704,value,84.62,26.8,South,58.7,1,5,74.9,77.33
100715,standard,127.57,34.0,West,44.1,0,5,61.7,119.0
100076,value,70.52,72.6,Northeast,15.0,0,2,56.5,109.49
100132,value,73.24,70.9,West,49.4,1,6,83.5,162.65
101456,standard,115.89,23.9,Midwest,94.9,1,10,66.5,177.81
101486,standard,135.72,15.5,West,43.5,1,4,74.7,137.49
101390,standard,108.16,10.7,Northeast,61.4,1,6,85.7,86.48
101761,standard,149.49,26.8,Northeast,62.9,0,6,81.8,174.43
102364,premium,258.01,21.2,Northeast,146.3,1,11,88.5,265.1
101696,value,72.93,18.5,Midwest,56.9,0,3,74.3,130.66
100731,premium,169.35,22.8,South,72.0,1,3,82.8,237.09
100352,value,74.52,24.9,South,66.9,1,6,84.5,119.89
100486,value,48.84,39.3,Northeast,15.0,0,3,57.1,26.4
101983,value,81.94,18.2,Northeast,,1,5,64.4,111.69
100655,value,80.23,95.0,West,15.0,1,6,71.1,136.31
100092,value,50.14,37.0,South,15.0,1,8,83.6,44.66
100251,standard,108.03,22.4,Midwest,49.6,0,4,61.6,81.98
100940,premium,155.13,16.4,Northeast,15.0,0,2,69.4,144.01
102087,standard,111.9,28.4,Midwest,48.9,0,2,73.7,113.05
102506,standard,91.5,16.5,South,77.4,0,5,54.4,139.98
101058,premum,117.21,37.8,Midwest,21.9,0,4,65.6,102.03
100432,standard,97.87,29.9,West,38.1,1,9,87.9,85.62
100156,standard,102.67,48.6,Midwest,,0,3,66.6,128.45
101498,value,77.66,10.4,West,65.1,0,2,66.9,97.87
102318,premium,152.19,12.4,Midwest,33.7,1,9,63.5,164.1
102335,value,85.41,33.9,South,47.9,0,0,64.4,49.51
102360,value,65.04,49.4,Midwest,35.5,1,8,74.6,37.62
100051,premium,167.46,23.1,South,83.3,1,5,86.7,210.26
101913,value,74.59,24.0,South,28.9,0,0,55.8,47.31
101641,premium,154.76,41.7,West,61.2,0,2,70.0,183.87
100232,value,39.44,16.8,Midwest,36.9,1,5,50.5,57.94
102112,value,5.0,18.9,South,,0,0,43.8,-21.76
100017,premum,128.95,13.0,Midwest,66.5,0,0,67.2,114.24
100143,value,41.54,31.8,Northeast,23.7,0,0,71.4,42.23
102179,standard,115.22,29.1,West,82.4,0,4,65.7,169.24
102187,standard,140.99,33.0,South,66.1,1,8,80.3,161.55
101943,standard,146.72,36.3,South,,0,3,64.3,158.87
102488,value,69.6,10.3,West,47.6,0,0,71.1,38.67
101661,premium,153.73,40.4,Northeast,39.1,0,5,88.5,110.43
100799,standard,132.5,10.7,Midwest,53.1,1,4,89.8,185.61
100099,value,41.9,16.8,South,38.6,0,4,61.2,85.23
101525,premium,217.67,20.7,West,102.0,1,9,80.2,243.47
100336,value,31.02,27.5,West,,0,5,79.3,95.26
101115,value,71.39,30.2,Northeast,55.7,0,6,61.5,81.15
100236,premium,153.66,22.1,Midwest,60.5,1,4,85.1,136.95
102086,value,80.46,52.7,Midwest,43.2,1,7,68.2,63.9
101178,value,36.84,31.7,Northeast,16.0,0,3,58.3,72.4
101828,standard,98.09,50.0,Northeast,120.0,1,6,84.2,97.52
101574,standard,141.16,31.2,West,56.3,1,9,72.9,186.2
102363,value,28.38,64.4,Midwest,35.4,0,3,68.2,52.38
101416,standard,124.43,17.6,South,79.2,1,3,71.2,157.04
102148,value,45.47,40.3,Northeast,,0,0,50.7,68.04
100902,value,13.34,21.5,West,15.0,0,3,56.8,3.61
102018,standard,93.14,19.8,Midwest,61.5,0,3,88.0,158.01
101938,standard,107.52,17.9,Northeast,73.9,0,4,73.9,143.89
101015,standard,110.46,67.7,Midwest,57.5,1,6,71.1,153.12
100078,standard,101.6,20.8,Northeast,60.5,0,2,68.4,101.61
101269,value,89.97,30.0,West,70.5,0,0,83.1,108.66
101027,value,74.33,31.9,West,48.5,0,1,66.5,115.56
100483,premium,160.7,83.6,West,34.3,0,5,67.6,162.06
101322,standard,94.88,20.2,South,39.0,1,3,80.8,133.59
100748,premium,197.49,33.6,Northeast,91.7,1,11,79.1,230.06
101595,premium,191.38,16.6,South,63.8,1,7,83.0,208.95
100386,value,5.0,42.1,West,,0,0,62.1,-14.4
102296,standard,98.32,56.3,South,84.5,0,0,72.3,129.22
101955,value,83.9,54.1,South,108.5,0,7,77.3,134.22
101082,standard,107.76,35.3,West,78.3,1,7,84.3,135.52
102245,value,32.96,32.6,West,29.9,0,2,55.6,5.04
100813,value,59.35,19.9,South,71.1,0,3,62.9,85.72
100095,standard,116.81,19.3,South,33.5,1,9,72.5,173.13
100538,premium,166.82,42.2,Midwest,128.3,0,6,79.5,213.54
100645,value,28.85,46.3,South,31.6,0,3,63.3,52.96
102417,premium,185.46,30.1,South,85.1,1,8,87.8,223.42
102244,standard,130.74,30.2,Northeast,54.1,0,3,58.7,153.85
100400,value,89.58,12.4,West,47.4,1,4,69.4,119.93
100791,value,77.14,24.8,Northeast,41.9,0,4,62.1,132.33
102161,standard,124.99,28.0,South,41.4,1,9,94.2,202.51
101550,premium,197.14,29.5,Midwest,86.3,1,5,82.4,188.84
101174,value,25.1,34.1,South,76.4,0,6,50.2,89.96
101379,value,75.44,19.3,South,15.0,1,4,70.4,65.72
100273,standard,142.95,50.6,Midwest,54.7,0,6,74.2,143.7
101585,premium,179.69,22.4,West,129.5,0,6,79.6,206.93
101414,standard,128.77,8.4,Northeast,50.5,1,6,74.1,165.76
101154,standard,145.28,26.8,Midwest,47.6,0,7,62.6,200.94
102226,standard,146.44,45.7,Midwest,36.9,1,8,76.0,208.5
102475,standard,124.21,32.4,South,25.3,1,8,72.7,163.96
100224,premium,220.89,14.7,Midwest,88.5,1,10,83.4,301.23
101864,standard,94.29,26.2,South,69.9,1,6,75.7,140.09
102592,premium,156.88,38.5,South,68.3,0,1,74.9,123.68
100409,value,45.91,30.8,West,43.6,0,6,60.9,34.2
102105,value,81.39,21.7,Northeast,,0,5,63.8,39.7
100650,standard,105.26,12.6,Northeast,63.2,1,6,76.0,161.36
100859,standard,143.89,16.8,Northeast,76.8,0,8,74.0,161.74
101752,value,14.59,31.7,West,37.6,0,1,65.9,32.78
100969,premium,170.86,9.0,Midwest,88.7,0,1,67.9,156.05
102203,standard,117.33,29.6,South,30.0,0,1,60.3,132.94
102221,value,87.22,53.8,Northeast,64.1,1,7,76.9,175.88
100872,standard,147.0,23.5,Northeast,28.6,0,6,77.5,155.14
102590,standard,107.05,36.2,Northeast,86.6,1,9,89.0,185.51
100269,value,84.62,51.6,West,15.0,0,7,78.2,101.74
102210,value,66.46,19.3,West,19.5,1,4,72.6,84.94
102577,value,51.1,39.0,South,72.5,0,0,68.8,93.16
102557,value,47.75,53.9,Northeast,,0,6,68.4,61.62
100009,value,41.34,29.8,Northeast,61.6,0,6,78.5,93.28
100406,standard,128.65,20.6,West,86.6,1,4,84.2,124.41
102055,standard,115.66,17.9,Northeast,50.1,0,3,82.7,135.09
102078,premium,150.9,13.7,Midwest,112.9,0,6,76.5,182.99
100854,standard,99.2,98.7,Midwest,26.7,0,6,62.0,86.98
101863,standard,116.33,22.2,Midwest,48.6,0,7,84.5,125.79
100290,premium,181.44,54.9,Midwest,57.2,0,5,64.9,223.8
101583,standard,119.89,15.6,Northeast,96.3,1,2,86.4,159.7
102541,premium,215.72,9.2,West,78.8,1,5,76.8,225.36
100392,premium,218.85,31.9,Northeast,66.3,1,12,89.1,242.26
100866,value,59.51,13.6,Northeast,56.4,0,6,85.8,81.41
100761,premium,188.73,27.0,Northeast,79.2,1,10,81.2,233.3
100189,standard,125.65,25.8,Midwest,59.0,0,4,73.6,127.17
102193,premium,193.05,32.4,West,79.1,0,6,76.7,236.74
101521,value,19.79,21.5,South,48.0,1,5,59.5,74.87
101668,standard,146.37,7.0,Northeast,15.0,0,2,67.3,161.94
100684,standard,93.01,26.2,South,41.1,1,8,76.2,109.9
100998,standard,140.27,42.0,Midwest,70.5,0,5,69.4,116.35
100668,value,86.02,31.4,South,49.9,0,8,72.2,91.76
101981,premium,155.09,34.2,West,99.1,1,9,75.9,126.31
102041,standard,102.54,18.3,Midwest,24.6,0,5,87.7,177.22
100606,standard,96.42,8.8,Northeast,22.1,0,4,60.7,85.1
101254,standard,113.92,26.1,West,19.1,0,3,57.2,94.83
102047,standard,102.64,23.8,South,64.2,1,6,79.8,161.16
101308,premium,182.8,22.6,Midwest,108.8,1,11,85.5,249.91
101819,standard,132.27,37.7,South,75.4,1,9,85.8,193.4
102219,premium,154.65,33.1,Northeast,40.1,0,0,70.8,145.34
100455,value,79.44,79.5,South,43.5,0,3,65.7,112.37
100112,value,56.12,27.1,Midwest,15.8,1,8,84.0,102.97
101406,standard,130.37,21.9,Midwest,40.0,0,5,65.2,143.55
101582,value,76.27,32.6,South,37.1,0,2,66.9,93.89
100745,premium,227.81,16.7,Northeast,49.8,1,10,75.6,197.34
100142,standard,95.64,22.0,Midwest,15.0,0,3,64.1,94.83
102019,value,67.13,19.2,Midwest,59.8,0,6,66.7,128.9
100318,Premium,64.27,52.4,South,44.2,0,4,60.7,43.51
100574,standard,117.36,8.3,West,70.2,0,4,70.8,142.22
100886,standard,91.98,26.4,South,31.6,1,6,65.4,105.21
102493,premium,156.58,30.8,Midwest,87.6,1,5,75.9,216.81
102349,premium,163.35,46.0,West,43.4,1,7,87.4,166.1
100322,premium,175.84,7.1,West,63.6,1,10,78.3,184.7
102214,standard,109.52,54.8,Northeast,33.5,1,5,82.3,151.92
100627,standard,148.54,32.4,South,52.9,0,9,69.7,171.45
101795,standard,90.77,23.8,Northeast,15.0,0,0,61.5,109.46
101366,standard,139.7,16.0,West,,1,5,78.4,167.09
100754,standard,139.56,96.6,Northeast,42.8,1,4,78.9,178.25
101754,premium,215.57,35.2,South,79.4,1,12,78.0,257.2
101328,premium,170.17,36.6,Northeast,118.8,0,3,79.6,183.81
100205,premium,203.94,47.8,South,107.5,0,3,66.2,180.04
100082,premium,155.88,10.2,Northeast,112.5,1,9,88.9,183.77
102225,standard,122.01,41.2,West,104.5,0,4,68.4,125.74
100924,value,85.23,32.6,Northeast,45.7,0,5,66.2,83.12
100184,premium,170.62,30.6,West,94.0,1,10,76.6,242.94
100240,value,79.69,53.3,West,27.9,0,4,42.6,123.27
100569,Premium,124.4,30.4,Northeast,68.0,0,4,82.9,174.75
102306,value,86.71,28.6,Midwest,15.0,0,2,64.5,77.49
102128,standard,116.06,38.9,West,60.2,1,4,80.7,161.61
102044,value,66.65,13.7,Northeast,55.1,1,6,78.3,180.03
102171,value,57.47,23.3,West,48.7,0,0,76.7,99.34
102542,standard,100.16,31.0,South,56.5,1,5,79.6,94.17
100173,value,81.76,43.0,Midwest,,0,0,68.1,66.5
101860,standard,130.79,21.9,Northeast,,1,6,81.8,95.97
101790,standard,100.81,12.2,South,77.8,0,3,77.8,117.22
100880,value,75.2,33.3,West,73.5,0,2,63.9,67.62
101842,value,66.98,18.0,West,46.7,0,3,71.0,102.35
100800,premium,201.77,66.6,Midwest,50.8,1,10,68.8,213.1
101866,value,40.78,24.2,South,31.8,1,6,90.2,110.75
102597,standard,116.19,60.1,Northeast,47.2,1,6,87.1,170.97
101488,value,9.55,31.3,West,35.9,0,3,73.4,10.98
100720,value,9.19,23.8,Northeast,74.9,0,2,55.6,29.62
100196,standard,98.98,6.1,Northeast,,0,1,75.4,79.17
100331,value,48.46,26.0,South,49.3,0,0,74.9,52.46
101587,value,6.15,24.8,West,56.0,0,3,60.4,58.38
102072,value,77.73,31.3,West,60.5,0,8,59.9,140.82
102393,standard,146.04,16.7,West,63.1,1,10,75.2,196.59
102237,premium,159.76,36.9,Northeast,,1,10,79.0,213.35
101318,Premium,73.23,83.7,South,39.6,0,1,69.6,92.31
100929,value,86.82,42.5,Midwest,,1,7,68.3,12.89
100982,standard,102.93,8.2,Midwest,39.2,0,0,84.7,62.27
101323,standard,144.09,11.8,Midwest,130.6,1,10,71.4,212.33
100740,standard,126.94,3.6,Northeast,68.3,1,6,83.4,137.32
102579,standard,118.13,16.9,South,40.8,0,5,64.5,112.07
100515,value,55.95,17.1,West,35.3,0,2,69.9,85.51
100392,premium,218.85,31.9,Northeast,66.3,1,12,89.1,242.26
102138,standard,92.81,20.3,South,69.5,1,7,92.1,132.33
100194,value,54.94,41.1,South,45.3,0,4,66.4,30.36
102514,standard,102.6,30.3,South,45.8,0,5,75.3,165.61
100034,standard,122.35,54.9,Midwest,60.2,0,4,76.6,88.76
101377,standard,92.66,10.2,Midwest,66.7,1,3,79.0,150.49
101847,value,51.68,23.9,Midwest,,0,3,69.7,46.5
101937,standard,105.29,13.1,West,107.1,0,5,82.2,175.57
101132,premium,254.1,40.2,South,88.0,1,7,86.4,264.67
102336,standard,135.91,22.4,Midwest,72.1,1,7,67.7,168.66
101539,value,63.48,20.7,South,58.8,0,3,52.7,25.49
100803,premium,162.97,19.2,Midwest,72.0,0,2,65.0,189.56
100577,premium,160.42,36.8,Midwest,57.7,0,5,55.4,151.29
101063,standard,111.02,8.3,Midwest,69.8,0,4,78.7,155.61
101471,value,88.75,66.9,South,,0,4,66.5,145.99
101208,value,43.5,50.2,Midwest,39.3,0,5,69.2,65.4
100118,standard,120.63,23.7,South,64.0,0,5,78.4,144.51
102357,value,77.56,29.4,South,,1,7,75.6,119.04
100869,standard,148.99,53.0,Northeast,72.5,1,11,77.1,272.05
101425,standard,133.24,27.7,West,42.2,0,6,70.2,176.47
100044,standard,107.61,39.4,West,51.5,0,5,71.4,130.25
100321,standard,104.3,49.2,West,98.6,1,12,67.0,194.06
101892,standard,143.77,25.7,West,74.7,0,2,69.2,136.36
102548,standard,122.66,20.4,South,52.1,1,9,88.2,139.12
101371,value,85.76,19.4,West,,1,11,67.2,114.86
102487,standard,124.01,31.9,South,26.5,0,4,77.4,130.44
100620,standard,103.91,31.3,South,,0,9,73.1,221.88
100181,standard,146.21,53.2,West,48.2,1,8,80.1,136.61
100878,standard,122.37,25.0,South,74.6,1,8,75.1,161.65
101086,Premium,110.96,30.6,South,58.1,1,6,67.9,85.21
102001,standard,141.65,7.1,Midwest,73.3,1,5,79.2,161.03
100005,standard,126.33,19.0,West,36.6,1,8,77.7,146.63
101941,standard,108.25,11.0,West,66.1,0,5,76.5,108.94
100275,value,54.74,20.2,West,46.3,0,4,66.1,79.22
102046,premium,179.08,12.3,South,51.2,1,5,88.8,187.1
101487,premium,177.84,24.7,West,72.6,1,5,73.5,175.41
101738,standard,132.48,21.4,South,35.3,0,5,64.9,123.05
102355,premium,185.13,27.3,Midwest,55.5,1,8,57.0,243.71
100344,standard,137.44,20.7,South,33.1,0,2,77.9,107.82
101067,value,41.22,14.8,West,30.5,0,2,61.1,87.91
102098,value,68.39,27.1,Midwest,35.8,1,3,61.3,80.93
101979,standard,95.76,22.3,West,,0,3,59.8,130.25
100607,standard,136.68,17.6,Northeast,70.8,1,6,91.1,171.1
100894,value,89.1,22.8,South,80.2,0,2,68.7,100.32
101273,premium,160.47,45.2,West,63.7,0,4,63.0,144.38
101784,standard,132.64,15.8,South,,1,5,78.5,203.42
101457,Premium,45.6,10.8,West,,1,5,72.2,78.39
100371,VALUE,91.37,27.8,Northeast,96.7,0,2,82.9,87.23
102143,value,76.42,28.4,Midwest,,1,4,75.5,97.24
101333,standard,128.02,25.5,Midwest,87.8,0,4,68.3,175.75
102109,value,78.59,34.8,South,59.5,0,6,69.4,102.57
101816,Premium,151.75,21.6,South,,0,1,63.8,139.44
100677,standard,147.28,21.6,South,16.5,1,5,63.8,128.15
100165,value,61.69,38.9,Northeast,37.0,0,3,73.5,56.15
100979,Premium,124.19,21.4,South,22.5,1,6,72.4,96.87
100446,standard,91.38,4.8,Midwest,,0,4,68.8,126.16
102213,Premium,95.95,67.7,South,32.8,0,3,74.8,141.23
101327,value,61.41,14.1,West,91.1,0,6,76.5,130.13
101628,VALUE,228.65,30.4,West,81.5,1,10,80.5,283.61
100563,standard,137.12,10.3,West,67.8,0,5,74.8,126.95
101290,standard,127.23,9.6,West,49.2,0,1,75.7,137.21
102104,standard,116.13,39.7,West,67.9,1,10,72.7,112.71
101638,standard,143.5,23.7,Northeast,73.6,0,2,60.5,152.03
101619,standard,135.4,18.6,Midwest,50.6,1,5,89.0,211.44
101088,value,43.82,26.2,Northeast,15.0,0,0,52.7,16.35
101834,Premium,138.68,50.2,West,44.1,0,4,80.4,135.92
100297,standard,100.86,20.0,West,15.0,0,2,73.1,87.38
102157,standard,124.15,44.5,West,41.2,0,3,63.7,86.04
101794,value,22.71,18.5,Northeast,63.2,1,7,64.8,106.42
102524,standard,148.22,22.4,South,77.8,1,6,75.3,205.85
102293, standard ,103.44,9.1,Midwest,63.0,0,6,64.4,129.14
101694,value,5.0,37.9,South,40.5,0,2,71.7,51.59
100674,standard,102.58,36.8,South,26.6,1,6,68.4,156.84
100006,premium,179.4,35.7,West,56.7,1,7,76.7,223.93
100944,VALUE,17.07,27.3,Midwest,35.5,0,0,52.4,-28.13
101368,value,53.07,34.8,West,48.4,0,2,48.3,46.23
102458,standard,115.32,26.9,West,72.0,1,7,82.1,137.92
101061,standard,109.29,30.1,West,53.4,1,11,76.8,123.42
101535,value,25.1,50.8,Midwest,28.0,1,6,83.1,83.83
101569,standard,112.94,11.1,Northeast,62.4,1,9,90.5,204.45
100554,premium,179.04,9.9,Northeast,95.9,1,11,74.8,208.14
100244,standard,105.5,25.3,Midwest,48.2,0,5,63.8,92.74
101104,value,27.92,21.0,Midwest,57.6,0,0,83.8,52.49
100292,premium,157.58,3.2,Northeast,96.7,0,2,69.4,113.7
102391,standard,122.44,73.8,Northeast,108.8,1,9,76.3,159.93
100666,value,45.29,12.4,West,53.7,0,4,57.9,63.81
102241,standard,107.69,63.0,Northeast,105.6,1,10,83.0,176.47
100062,value,53.49,12.0,Northeast,61.4,1,8,76.3,127.84
100361,value,49.8,69.4,Midwest,15.0,0,2,46.4,35.81
101461, standard ,63.1,32.8,Midwest,15.0,0,0,50.4,103.37
100954,premium,183.8,3.7,Northeast,101.6,1,10,81.8,244.28
102373,premium,182.36,16.9,Northeast,70.1,1,7,84.6,222.13
101007,value,26.25,42.4,Northeast,,0,4,59.6,36.96
100851,standard,102.17,23.8,Northeast,58.5,1,3,54.6,132.32
100217,standard,116.66,17.1,West,43.4,1,8,81.7,218.99
101189,value,5.0,36.8,Midwest,15.0,0,0,58.7,34.6
101993,value,58.03,24.0,Northeast,63.2,0,0,65.0,74.03
100781,premum,8.75,50.4,Northeast,36.3,0,1,60.8,24.25
101387,value,65.7,15.2,Northeast,,1,6,67.4,92.48
101640,value,12.44,17.9,West,17.5,1,7,59.8,55.35
102397,premium,170.73,35.8,Midwest,67.6,0,5,76.2,237.01
101690,premium,175.75,9.4,Northeast,123.3,0,10,65.3,182.23
100923,value,12.25,14.6,South,25.9,0,0,68.8,-11.25
100564,standard,146.57,26.8,Northeast,33.4,0,7,66.3,135.57
101451,premum,189.52,5.5,Midwest,57.1,1,5,78.4,207.14
100605,value,65.29,6.3,Midwest,24.4,0,2,69.7,104.67
100084,standard,143.38,33.9,West,71.5,0,4,71.4,90.33
100266,value,62.91,38.2,Northeast,45.1,0,3,62.1,106.53
102006,standard,92.56,6.7,Northeast,47.3,1,8,82.8,115.68
100379,standard,98.0,49.2,West,75.6,0,1,59.3,87.26
100857,standard,104.53,42.0,Northeast,,0,1,51.7,116.3
101378,standard,128.2,42.0,West,49.6,1,6,75.5,125.35
101291,value,46.86,31.6,Northeast,,0,0,80.3,52.22
101631,premium,184.33,34.7,Midwest,74.8,1,8,72.6,219.13
101594,value,59.61,15.3,Midwest,27.6,0,1,80.5,108.08
100736,standard,129.03,23.0,Northeast,38.3,1,2,72.2,111.58
102007,value,33.07,10.7,Midwest,37.7,1,11,62.6,141.87
101423,standard,119.62,9.1,Midwest,66.0,0,4,91.5,110.65
102150,standard,105.06,40.3,Northeast,90.6,1,9,65.3,118.64
100843,VALUE,79.11,34.7,West,45.4,0,1,71.1,45.84
101039,value,77.17,33.0,Midwest,55.1,0,1,55.6,72.48
101340,value,50.31,40.9,West,39.0,0,7,52.9,105.06
101496,standard,91.77,28.5,Midwest,48.6,1,6,92.2,91.81
100818,standard,134.36,10.4,Northeast,34.7,1,9,78.5,166.63
102566,standard,143.36,23.3,West,54.2,0,9,51.0,186.76
100284,standard,135.44,46.5,Midwest,22.7,0,3,55.3,170.03
100310,value,75.88,18.5,Midwest,52.8,1,5,69.5,96.98
100004,standard,130.91,40.6,South,87.1,1,11,81.4,158.26
102200,standard,104.97,51.9,Midwest,74.9,1,6,72.3,207.18
102381,value,64.55,62.7,South,,0,0,63.8,84.88
101393,value,27.19,32.1,Midwest,33.9,1,5,81.7,92.0
100489,standard,130.43,20.7,Midwest,74.9,0,7,69.9,149.85
102326,standard,130.31,29.4,South,,0,3,60.4,123.8
102502,value,82.4,92.7,Northeast,38.8,0,7,68.9,100.11
102281,standard,95.9,13.2,West,40.7,0,8,57.8,110.02
101136,standard,105.11,38.4,South,20.7,1,3,72.5,115.34
102284,standard,143.92,26.9,Northeast,138.2,1,8,92.6,182.8
102392,standard,95.37,51.0,West,54.0,0,5,59.9,94.46
100175,value,80.29,17.0,South,22.6,0,0,59.2,47.13
102379,value,36.05,43.7,South,68.0,0,1,61.1,86.72
101824,premum,172.65,35.8,Midwest,112.7,1,7,69.4,205.86
100842,value,65.76,16.3,Midwest,49.8,0,3,69.7,71.31
100707,value,79.15,23.4,West,45.2,0,3,87.3,119.15
100443,standard,139.43,37.4,West,63.7,1,8,76.2,178.5
102016,premium,201.14,38.3,Midwest,56.4,1,10,84.2,277.48
100749,value,87.56,10.8,Northeast,87.4,1,7,70.6,113.06
102526,value,89.21,4.7,Midwest,85.3,0,4,66.3,136.78
100530,premium,195.64,27.4,South,55.4,1,10,67.3,176.21
102532,value,51.5,12.1,Northeast,,0,1,64.0,61.93
101380,value,77.52,30.7,Northeast,36.7,1,3,65.9,107.13
101934,standard,125.42,15.7,Northeast,86.4,1,4,80.3,130.81
102445,Premium,166.06,28.2,Midwest,65.9,0,6,73.5,242.37
101229,value,53.31,16.8,Northeast,55.4,0,4,58.2,81.24
101931,standard,96.37,27.8,South,40.0,1,2,73.7,68.8
100796,standard,104.06,40.1,Northeast,35.2,1,8,67.9,69.87
101639,value,60.98,57.7,West,49.1,0,0,74.6,85.84
101791,premum,5.0,39.7,Midwest,15.0,0,4,66.3,19.44
101194,VALUE,127.93,64.8,West,79.8,0,3,72.0,115.68
102521,standard,100.83,31.3,Midwest,92.4,0,4,65.9,97.02
100040,standard,120.98,22.1,Northeast,32.5,0,4,80.3,156.33
101899,value,5.0,51.7,Midwest,,0,0,54.1,-7.19
101806,standard,113.29,15.0,Northeast,33.0,1,7,82.7,131.74
100500,value,63.88,29.1,West,,0,4,50.5,60.28
101470,value,30.95,23.4,West,74.0,0,2,57.6,17.67
100328,premium,185.93,42.4,South,76.7,1,9,80.4,196.01
101341,value,81.0,52.6,Midwest,93.1,1,11,72.9,144.67
101534,premium,187.19,17.7,South,77.6,1,10,60.4,238.32
101803,standard,114.58,18.0,Northeast,50.0,1,9,60.9,141.29
102222,value,77.28,28.5,West,40.9,0,8,71.8,132.3
101048,standard,123.43,41.4,South,100.2,0,6,82.2,175.77
102582,standard,104.58,42.6,Midwest,22.2,0,0,63.3,93.41
100491,standard,125.66,24.9,Midwest,97.3,1,12,77.2,195.7
102142,standard,116.14,11.1,West,46.1,0,2,66.0,95.96
102110,premium,153.54,10.2,Midwest,50.4,1,4,76.7,128.94
102114,value,29.71,74.7,Northeast,45.3,1,5,79.5,47.5
101999,standard,126.55,84.4,West,,0,0,74.4,174.95
102038,value,65.36,18.7,South,15.0,0,5,80.3,84.39
102132,value,77.02,30.2,Midwest,42.6,1,5,77.4,102.7
101192,premium,181.36,14.7,South,54.5,1,9,68.5,159.51
102201,value,54.12,21.4,South,15.0,0,3,82.8,58.83
100710,premium,160.86,20.9,South,,0,8,76.7,200.24
102403,standard,99.46,13.3,South,92.5,1,5,74.4,204.38
101362,premium,220.45,16.1,Midwest,,1,8,76.0,247.17
101479,premium,163.55,13.6,Northeast,107.2,1,8,97.1,189.74
100121,value,61.01,75.0,South,49.5,1,7,58.2,72.62
101032,standard,119.25,31.7,South,59.5,1,5,68.6,114.48
100730,standard,141.2,5.7,Northeast,45.9,1,7,82.8,151.79
101778,value,79.99,5.3,Midwest,37.3,1,5,68.6,137.22
101889,value,54.24,14.1,West,,0,3,58.3,55.27
101721,value,71.15,35.3,Northeast,53.7,0,2,91.5,102.84
101672,standard,124.14,82.4,Northeast,77.4,1,6,86.4,160.28
102058,premium,200.66,5.4,Northeast,84.0,1,7,76.9,232.73
101102,standard,125.38,120.0,South,74.1,1,6,71.9,177.05
102248,standard,142.45,22.3,Midwest,32.7,1,6,79.4,90.72
100864,premium,225.41,30.5,Northeast,87.6,0,9,82.6,282.13
102124,standard,120.39,71.2,South,15.0,0,4,67.2,96.94
101575,standard,92.4,17.4,Midwest,,1,11,79.8,189.38
100079,standard,114.49,8.4,Northeast,64.4,0,3,69.3,136.97
101294,premium,161.51,21.2,South,82.7,0,5,74.1,184.14
100884,standard,104.39,24.8,West,42.2,1,5,75.8,106.48
100120,standard,149.94,16.6,Northeast,66.1,0,6,69.0,175.07
100389,value,5.0,27.9,Midwest,15.0,0,2,49.9,19.97
100722,standard,90.87,26.2,Northeast,54.0,1,7,94.8,110.83
100609,value,87.05,22.9,West,,0,7,63.3,170.14
100706,standard,143.5,31.9,Northeast,76.3,1,9,91.1,178.5
101628,VALUE,228.65,30.4,West,81.5,1,10,80.5,283.61
100281,standard,101.07,28.7,South,31.6,0,2,74.4,120.14
100139,premium,225.23,18.6,South,77.3,1,10,86.0,229.02
100787,standard,97.11,7.5,Midwest,36.6,0,3,53.0,163.91
101725,value,59.06,59.1,West,48.9,1,7,85.0,180.74
101038,standard,116.84,42.9,South,116.5,1,3,72.3,148.63
100649,standard,137.61,32.1,Northeast,73.8,0,4,73.7,202.62
100989,value,31.76,60.5,West,42.9,0,4,63.5,66.47
100670,standard,108.85,19.8,South,44.2,1,8,70.2,141.85
100218,value,84.79,7.7,South,78.8,1,5,76.8,69.93
102472,standard,118.58,42.6,Northeast,69.6,1,10,75.7,176.35
100115,value,65.24,39.0,Northeast,15.0,1,8,67.0,191.09
102371,value,87.12,60.7,West,,1,2,71.2,119.09
102388,standard,96.16,29.0,South,44.4,1,11,76.9,142.76
101771,Premium,172.99,44.3,Midwest,47.3,1,8,79.6,163.17
101711,standard,126.03,22.5,West,44.2,1,9,78.7,205.81
100411,standard,129.95,20.0,South,87.8,1,10,85.7,138.24
100395,standard,134.78,35.8,West,71.8,0,5,81.0,179.15
102280,value,40.49,17.1,West,,0,3,53.3,104.71
100447,standard,91.6,34.8,Northeast,87.1,1,6,89.0,122.33
102361,premium,247.5,23.2,South,92.8,1,9,86.1,254.76
100537,standard,109.7,10.9,Northeast,57.5,0,3,78.9,142.96
102382,value,14.61,12.1,Midwest,15.0,0,3,72.8,94.33
100596,standard,124.62,21.3,West,62.9,1,7,81.8,123.21
100888,premium,155.22,55.3,Midwest,59.8,0,7,67.9,202.1
100021,premum,38.45,5.8,West,,0,3,82.2,69.8
100945,value,41.95,42.8,West,61.0,0,3,69.4,68.16
101920,value,48.42,20.0,South,63.5,1,5,72.4,100.37
100738,standard,124.15,8.4,Midwest,63.6,0,5,60.1,105.96
101430,standard,109.57,11.8,West,47.2,0,7,65.5,123.98
102485,standard,146.11,16.4,Midwest,61.8,1,4,87.8,157.15
101617,value,65.43,29.4,Midwest,,0,3,67.2,50.43
102283,standard,101.64,21.7,Midwest,30.7,1,8,77.8,157.6
100467,standard,111.23,64.3,Midwest,77.6,0,4,76.2,107.79
100398,value,68.33,34.9,Midwest,58.9,0,1,61.4,50.81
100197,standard,105.75,17.9,West,36.0,0,5,56.2,115.93
101982,standard,134.41,43.0,South,46.3,1,4,72.8,183.01
100584,standard,100.21,23.3,West,73.2,1,7,81.7,113.65
100533,standard,146.06,34.7,Midwest,90.6,1,7,71.8,159.68
101653,standard,94.84,26.8,South,17.1,1,6,92.5,175.57
102515,value,13.51,33.3,Northeast,31.3,0,5,55.8,109.71
100252,standard,98.02,28.8,Northeast,41.8,0,2,76.0,96.42
101578,standard,117.07,26.1,South,,0,4,58.4,109.55
101598,standard,115.21,23.6,West,19.8,1,5,87.8,123.89
100365,value,78.12,15.8,South,15.0,0,0,52.9,57.36
101432,standard,140.99,27.6,West,97.5,0,6,66.2,170.12
100037,standard,142.01,22.1,Midwest,54.7,1,6,88.5,144.87
100300,standard,110.71,22.0,West,59.8,1,5,72.4,99.86
100672,standard,130.07,23.3,West,80.1,0,3,78.7,148.95
101442,standard,97.96,33.8,Midwest,82.0,0,1,69.7,124.22
102460,value,5.0,29.3,Northeast,15.0,0,2,55.0,20.94
101678,premium,171.18,29.2,South,44.8,1,8,84.3,216.03
101835,value,83.65,59.9,Midwest,,0,0,61.5,53.48
100635,value,77.9,18.3,South,15.0,0,2,69.3,97.0
101912,standard,125.03,17.7,West,68.1,0,8,59.0,111.6
101314,standard,123.71,33.5,West,66.6,1,11,91.4,200.75
101459,value,5.0,42.9,West,39.1,0,1,59.6,51.41
102258,premium,197.64,23.0,Northeast,48.4,1,6,79.7,261.53
100422,standard,122.5,18.8,Northeast,39.0,1,9,82.5,129.13
102004,premium,218.99,14.3,West,95.6,1,11,75.2,234.73
100033,value,73.34,39.7,South,70.3,1,9,60.5,125.44
100580,premium,164.83,58.8,Midwest,117.1,1,7,84.7,243.15
100687,value,9.17,35.7,West,43.1,1,6,73.5,35.19
100711,standard,97.07,57.5,West,33.8,1,9,80.4,147.27
100074,value,14.9,34.0,Midwest,15.0,0,2,46.3,24.84
100199,standard,130.71,7.2,Midwest,59.4,1,11,69.1,207.71
100523,value,50.62,52.0,South,15.0,0,4,55.4,52.09
101734,standard,121.56,31.1,Northeast,39.7,0,0,62.1,51.27
102276,value,69.0,14.1,Northeast,34.0,1,7,80.9,73.24
100823,standard,95.14,14.3,Midwest,,0,2,67.7,73.79
102346,standard,133.91,14.3,Midwest,79.9,1,9,83.8,147.64
101499,standard,97.4,17.4,Northeast,50.5,1,4,79.4,66.36
101122,premum,109.5,17.9,South,33.0,0,6,85.6,95.14
101497,standard,101.14,16.2,Midwest,15.0,0,5,49.3,135.35
101861,premium,160.45,34.0,Midwest,91.8,1,11,87.5,228.56
101247,standard,111.43,31.4,Midwest,62.6,0,2,80.3,119.37
101216,standard,132.24,39.2,Midwest,24.9,1,6,76.9,135.94
101331,value,5.0,20.2,South,15.0,0,3,50.7,11.74
102418,standard,130.13,38.2,Midwest,,0,3,68.0,111.79
102274,standard,128.94,20.9,West,86.8,0,5,74.7,130.96
100382,value,61.42,34.2,South,32.7,0,1,71.4,19.0
101394,value,47.4,35.9,Midwest,52.2,0,0,59.8,98.8
101827,premium,174.92,11.6,Northeast,87.2,0,6,84.1,176.09
102170,value,58.08,10.6,South,,0,4,71.3,123.18
101200,standard,121.42,26.1,Northeast,42.1,0,1,54.9,97.73
100875,standard,114.87,48.0,Midwest,80.8,0,5,57.4,140.15
101786,standard,98.51,13.6,Northeast,83.6,0,2,62.4,81.46
100767,premium,159.41,12.9,West,86.5,0,5,82.5,175.87
100014,premium,154.41,20.3,South,74.0,1,6,63.8,168.96
101856,standard,124.18,93.5,Midwest,34.4,0,4,75.3,95.9
101142,value,66.49,5.3,South,,0,1,56.9,24.47
102478,value,40.2,15.6,Midwest,15.0,0,1,59.6,83.26
100038,standard,106.11,26.1,South,71.2,1,9,66.6,193.71
101869,standard,110.97,18.6,Northeast,47.9,1,6,78.3,130.97
100691,premium,178.29,31.5,West,59.2,1,7,84.6,226.09
102030,standard,110.06,62.7,Midwest,29.8,1,5,63.9,150.72
100968,standard,144.12,12.4,West,46.1,0,0,71.3,105.13
100243,standard,108.93,33.9,Northeast,82.7,1,5,70.7,156.04
100202,premium,193.02,33.7,Northeast,63.8,1,8,92.1,224.6
101437,value,59.41,13.9,Midwest,51.2,1,5,84.0,104.77
100466,value,64.48,51.1,Midwest,43.9,0,4,59.2,99.71
101246,premium,164.14,25.6,Northeast,34.0,0,4,70.0,114.43
100123,standard,103.09,25.2,South,101.1,0,4,62.4,112.52
100391,premum,196.25,6.6,Midwest,66.5,0,8,80.1,219.65
100663,value,56.25,35.7,South,30.1,0,4,79.7,73.33
100264,Premium,85.17,66.4,South,,1,6,64.4,137.74
100434,value,68.23,29.4,Northeast,,0,1,64.1,83.82
100832,value,80.97,30.1,South,,0,4,55.1,152.6
100245,value,40.57,11.6,West,36.0,0,0,67.5,60.38
100429,standard,116.97,57.8,Midwest,,1,5,80.2,157.09
101755,premium,158.5,11.6,Midwest,95.4,0,5,66.7,170.16
101490,value,28.91,67.1,West,51.4,0,2,71.9,65.92
101110,standard,128.68,20.6,West,67.3,0,6,75.6,171.3
101458,premium,214.71,48.4,South,76.7,1,11,82.1,267.8
100417,value,5.0,20.0,Northeast,,0,5,72.8,47.23
101188,standard,125.36,27.2,South,15.0,1,7,68.6,178.24
101193,standard,142.23,53.9,Midwest,87.1,1,3,82.7,162.95
102372,value,89.54,16.3,Midwest,23.3,0,5,62.3,123.69
102082,standard,115.72,17.3,Northeast,91.9,0,3,80.1,134.14
100942,premium,164.62,56.3,South,51.0,0,5,74.4,168.5
100231,standard,129.19,10.7,South,73.8,1,9,79.2,169.7
101987,standard,117.57,12.2,West,46.8,1,3,81.6,120.58
102522,standard,90.07,33.4,West,74.1,1,7,84.3,151.08
101008,value,74.28,27.1,West,54.8,0,5,78.1,74.4
101256,value,85.74,11.4,Northeast,75.1,0,1,60.4,104.18
100566,standard,104.66,23.8,Northeast,44.7,0,7,72.3,171.38
101372,standard,137.52,34.0,South,69.5,0,6,86.7,214.62
102102,standard,95.28,45.5,West,68.3,0,4,60.0,92.02
100917,value,53.21,21.6,South,70.0,0,5,67.3,76.79
101084,premium,156.23,47.8,South,84.8,0,4,92.0,153.62
101891,value,24.22,39.1,Midwest,36.3,0,2,69.7,35.53
102477,standard,120.58,23.0,South,87.6,0,5,72.0,123.44
101902,premium,153.58,46.8,Northeast,71.9,1,6,76.7,176.8
100049,value,58.81,70.9,West,28.9,0,2,63.5,83.7
100174,premium,196.63,20.8,Northeast,,1,7,73.2,238.8
101439,standard,99.25,23.2,Midwest,61.3,1,2,78.9,109.07
101165,value,83.92,62.5,South,29.9,0,3,54.0,48.93
102220,standard,149.03,34.9,West,26.7,0,0,67.7,114.58
100652,standard,149.9,6.5,West,57.4,1,8,86.7,109.64
101610,value,84.34,93.6,South,,0,3,62.5,24.72
101733,premium,196.44,35.7,Northeast,87.5,1,9,98.5,188.29
100215,premium,180.66,18.8,Northeast,52.2,0,3,69.0,140.85
102316, standard ,154.64,26.1,West,70.0,0,1,69.7,143.95
100285,premium,150.73,8.4,Midwest,83.8,1,4,93.8,199.51
100047,value,39.86,37.6,West,39.5,0,0,64.6,40.18
102267,premium,168.29,22.6,West,61.8,1,12,76.4,204.03
101831,standard,99.1,36.2,South,53.6,0,4,63.7,120.14
100695,value,86.89,19.8,West,73.2,1,3,73.2,116.58
100426,standard,110.02,25.6,South,43.2,1,10,87.0,131.78
101927,premium,221.7,22.4,South,86.8,0,6,83.2,226.81
100612,standard,91.46,40.2,Northeast,54.9,1,8,75.4,194.45
101698,Premium,161.71,13.0,South,36.9,0,0,65.3,110.13
102036,value,25.5,54.7,West,56.4,1,8,75.1,100.83
100476,value,79.78,15.2,Midwest,45.6,1,6,72.2,142.51
102463,value,67.89,31.9,Northeast,70.2,0,6,79.1,126.65
100897,standard,139.32,88.9,South,95.1,1,10,73.4,239.38
101970,standard,110.48,49.0,Midwest,66.3,0,3,78.3,113.01
101562,premium,176.36,45.5,Midwest,68.4,1,9,82.0,187.56
100980,standard,102.33,15.6,West,67.0,0,3,60.5,138.46
100642,value,83.93,17.0,West,68.7,1,7,71.8,112.6
100587,value,75.1,43.8,Midwest,62.5,1,5,73.4,87.83
101010,premium,153.81,10.5,South,68.1,0,5,88.4,190.91
100925,standard,121.24,29.7,South,55.5,0,6,72.5,149.17
101301,standard,135.86,20.0,Northeast,,1,5,76.0,143.57
100770,value,5.0,24.5,Midwest,56.8,0,2,60.2,42.93
101645,value,62.11,42.9,Northeast,15.0,0,1,80.9,34.28
100324,standard,131.94,51.7,Midwest,49.3,0,3,82.1,169.15
101351,standard,147.43,52.4,West,,1,11,79.7,170.17
100436,standard,122.84,7.0,Midwest,53.3,1,4,72.6,166.49
100916,value,76.08,66.8,South,44.6,1,9,80.7,83.96
102091,value,87.29,52.9,Midwest,59.4,0,3,64.6,93.56
100003,standard,121.75,19.6,West,15.0,0,0,53.9,126.54
102434,value,75.93,36.8,Northeast,83.7,0,3,73.8,140.35
102362,value,81.73,90.1,West,73.6,0,5,69.9,109.16
100871,standard,109.4,17.1,Northeast,28.8,0,2,73.9,128.03
100413,value,38.12,45.5,West,35.5,0,2,54.8,91.55
102312,standard,138.48,29.1,West,50.2,0,1,72.9,168.62
101566,value,42.87,35.4,South,42.6,0,1,55.7,113.7
100126,standard,94.2,36.9,South,56.7,1,5,77.2,195.94
100138,standard,100.8,17.8,Midwest,,0,4,61.0,80.33
101596,premium,170.97,9.1,South,,0,6,59.8,182.57
102519,value,78.37,25.1,South,31.0,0,3,63.0,142.28
101070,premium,172.26,44.6,South,64.1,1,8,82.4,214.58
101277,value,35.19,9.2,Midwest,,0,3,53.3,54.61
100052,value,74.16,59.0,Midwest,95.2,1,8,81.4,116.1
100105,standard,96.1,13.7,South,15.0,1,3,67.5,68.6
101643,premium,177.71,24.7,South,,1,8,86.4,195.66
100678,value,78.04,46.1,West,24.4,1,5,78.2,97.8
102428,value,59.57,19.0,Midwest,44.0,0,6,60.9,109.09
101882,standard,96.34,23.8,Northeast,,0,4,53.0,31.16
101446,premium,179.43,22.9,Midwest,81.6,1,11,83.1,212.92
100144,value,57.73,13.9,West,41.6,0,4,48.8,60.55
102317,value,20.59,5.9,Northeast,15.0,0,3,65.8,2.37
101285,value,38.02,9.5,Midwest,,0,6,71.4,29.23
102389,value,66.89,10.1,Midwest,47.0,0,2,68.2,104.18
100503,premum,190.9,54.5,Northeast,85.0,1,11,94.6,197.41
100305,premium,174.45,30.6,West,27.5,1,6,76.0,142.37
100870,premium,219.21,21.8,West,41.7,1,7,84.6,291.55
102135,standard,93.88,35.8,Midwest,63.8,1,7,84.2,171.57
101069,value,86.88,12.2,Midwest,,0,5,62.4,108.24
101303,value,54.13,15.4,South,,0,0,44.0,60.01
101064,premium,158.69,43.5,South,46.2,1,10,74.3,170.9
102140,value,47.48,20.0,Midwest,31.2,0,1,63.4,84.42
100060,standard,99.13,21.8,South,49.3,1,3,75.8,82.7
100705,value,73.88,35.7,West,61.2,0,3,76.5,88.25
102294,standard,140.52,10.2,Northeast,,1,7,70.8,146.8
100713,value,5.0,12.5,Midwest,,0,2,69.7,25.31
101400,standard,109.93,17.6,Northeast,49.4,1,5,70.1,121.33
101914,standard,119.09,12.2,West,57.3,0,4,66.6,161.76
100597,premium,151.67,21.2,Northeast,,1,10,79.7,229.5
100775,premium,203.66,44.1,Northeast,20.5,0,7,78.2,231.02
100654,standard,148.7,37.6,South,47.3,1,7,73.8,163.75
102141,premium,208.84,18.9,Northeast,113.1,1,9,88.2,218.41
100820,value,87.05,31.3,South,51.7,1,5,91.0,134.41
101317,value,20.1,14.8,West,15.0,0,1,75.6,58.37
101433,value,55.88,14.6,Northeast,52.1,0,4,63.0,73.93
102491,value,75.36,43.2,West,15.0,0,4,73.4,142.89
102130,standard,129.44,6.6,Midwest,69.2,1,8,73.3,148.61
101157,standard,109.68,24.9,South,83.1,1,9,79.5,193.06
101025,value,86.0,30.0,South,68.3,0,5,60.6,87.58
100817,standard,94.54,22.6,Northeast,35.1,1,6,67.1,123.79
101609,value,69.66,15.3,South,54.2,1,6,86.8,146.73
101533,value,62.03,28.0,West,,0,3,59.4,62.31
101028,standard,112.14,38.7,Midwest,65.8,1,10,67.6,146.97
102301,premium,207.76,24.2,South,48.4,0,2,89.1,199.43
101600,standard,120.86,22.2,Northeast,68.4,0,4,61.0,96.0
100010,standard,104.48,93.6,West,66.8,0,4,83.1,147.77
101014,standard,102.33,14.7,Northeast,83.0,1,0,82.3,130.45
100594,standard,142.34,20.8,West,26.6,1,8,77.7,194.49
100952,value,40.39,8.6,Midwest,,0,0,59.1,74.32
101044,standard,93.19,12.9,Midwest,,1,5,78.9,143.93
100548,standard,108.54,25.2,Northeast,,0,4,75.4,90.68
100364,standard,92.28,25.2,Northeast,59.2,0,4,73.5,85.98
101118,standard,95.84,58.4,Northeast,99.8,1,7,79.2,133.75
100086,standard,122.72,55.2,Midwest,67.6,0,8,60.8,144.0
101673,value,55.86,47.5,West,56.9,0,7,87.2,97.59
101548,standard,127.66,16.4,South,68.9,1,7,83.9,158.25
100744,standard,113.08,37.9,West,64.7,0,4,89.7,127.41
101683,value,26.99,10.6,South,47.3,0,1,72.7,31.2
101003,value,26.54,25.0,West,15.0,0,6,69.8,53.35
101244,standard,104.15,25.9,Midwest,47.8,0,1,64.8,78.93
100272,value,66.0,25.8,Northeast,59.9,0,2,65.5,76.92
100750,standard,127.44,39.5,Northeast,46.6,1,8,77.1,122.09
100499,premium,160.62,24.5,Midwest,45.6,0,3,59.5,163.28
100461,standard,117.2,27.8,South,60.4,0,4,71.2,104.84
100675,VALUE,145.93,18.7,Midwest,64.6,1,10,85.1,188.04
100575,value,69.23,64.8,West,24.1,1,6,71.5,25.69
100807,value,46.52,12.2,Northeast,36.5,1,4,77.3,52.95
101210,standard,108.51,10.5,Midwest,,0,2,53.7,89.34
102095,value,82.32,26.9,Midwest,73.4,0,4,65.4,126.7
100167,standard,115.0,48.7,South,76.5,1,5,72.3,156.4
101744,standard,112.13,22.6,Northeast,63.8,0,4,71.3,92.28
101713,standard,115.59,59.6,Northeast,40.7,1,5,72.2,106.52
102022,standard,106.91,6.3,Northeast,91.1,0,2,60.1,85.76
100246,standard,149.8,28.2,Northeast,82.6,0,8,79.4,150.11
102412,standard,127.48,45.3,West,30.5,0,6,71.2,123.55
102196,standard,95.82,83.2,Midwest,38.1,1,3,65.1,130.3
100063,value,89.15,24.8,Northeast,87.4,0,7,65.3,124.99
102081,value,88.96,88.2,Northeast,57.0,1,7,87.9,116.35
100812,premium,154.32,17.4,Northeast,99.9,1,4,60.5,213.47
102416,value,48.74,11.6,South,,0,7,73.1,113.9
101399,premium,153.53,19.8,Northeast,59.8,0,8,53.9,217.87
100045,value,48.75,37.5,Midwest,64.1,0,5,70.5,35.39
100346,standard,98.4,15.4,Northeast,55.3,1,4,73.7,88.63
100573,value,18.18,25.9,South,15.0,0,3,72.6,6.01
101905, standard ,147.63,31.3,South,50.5,1,6,86.2,175.96
101134,value,85.36,14.3,Northeast,15.0,0,2,74.9,110.58
101851,value,70.9,3.9,West,15.0,1,7,83.3,129.01
102139,standard,98.93,48.0,South,57.2,1,9,83.3,186.69
100741,standard,114.95,41.6,Northeast,62.5,0,4,83.2,143.98
102535,value,77.01,36.9,Northeast,37.2,0,5,73.4,148.33
102572,standard,104.61,16.5,Northeast,15.0,0,0,79.4,63.1
102015,standard,138.62,27.8,South,52.0,1,2,77.7,115.83
102587,premium,168.79,59.5,South,93.5,1,5,72.3,185.77
101597,Premium,131.43,26.5,Midwest,60.2,0,3,71.7,141.14
101325,value,54.87,7.5,Northeast,64.5,1,5,64.8,134.05
101392,premium,235.85,34.2,Northeast,58.5,1,9,74.3,324.23
102176,premium,155.64,28.8,West,45.0,1,5,97.1,178.06
101841,standard,131.1,38.8,Northeast,24.1,1,7,71.1,183.72
102581,value,82.5,2.7,West,40.2,1,2,69.9,65.16
101669,Premium,66.96,44.8,West,63.5,1,8,70.9,144.7
101033,standard,96.96,49.4,Midwest,55.2,1,7,71.8,194.28
102060,standard,140.08,42.7,South,50.4,1,9,72.7,189.95
101756,standard,92.44,21.5,West,41.2,0,4,69.8,117.26
100428,value,76.9,40.3,West,15.0,0,7,53.1,147.24
101466,standard,111.09,34.1,West,95.0,0,4,71.5,143.26
100619,standard,149.08,36.6,West,114.8,0,5,72.2,195.6
100626,standard,111.23,31.8,Midwest,62.4,0,6,75.1,117.82
100308,standard,128.28,11.0,Midwest,57.9,1,5,70.8,119.44
100390,standard,140.43,17.7,West,39.2,1,8,78.0,209.08
101375,standard,93.79,31.2,South,27.9,1,9,74.3,76.98
102175,standard,135.13,47.6,Midwest,57.3,1,4,72.0,178.87
101197,premium,159.69,32.9,South,53.4,1,6,80.9,182.59
100032,standard,125.74,27.4,Midwest,58.6,0,4,74.4,162.04
100270,value,26.89,16.9,Midwest,,0,4,69.7,73.78
101201,value,44.91,54.9,Midwest,49.5,0,9,68.0,101.27
101474,value,7.55,35.3,Northeast,15.0,0,2,61.4,21.39
102321,premium,181.65,15.8,Northeast,108.9,1,10,78.9,181.36
100326,standard,104.41,29.1,South,41.0,0,4,62.4,99.11
101000,premium,170.11,11.7,South,66.4,1,6,69.2,208.15
100829,premium,156.25,26.2,Northeast,136.4,1,6,80.0,244.13
101830,premium,251.99,38.1,Midwest,62.0,0,7,88.7,249.36
101693,standard,112.75,41.2,South,61.8,0,3,68.4,117.32
102122, standard ,153.52,30.5,Midwest,62.2,1,6,71.6,178.16
101356,standard,149.63,15.6,Northeast,39.2,0,1,61.4,155.07
101746,value,55.35,4.5,South,42.7,0,0,58.2,89.59
102186,premium,178.8,19.9,West,61.2,1,6,89.1,233.99
100681,standard,144.36,30.4,South,99.7,1,8,84.8,207.78
101252,standard,127.93,13.1,South,28.1,1,5,72.5,154.4
101944,value,38.48,49.6,Midwest,,0,0,54.7,14.07
101687,value,45.91,11.5,South,24.8,0,0,55.6,35.67
101680,standard,148.39,7.7,South,93.9,0,5,72.7,213.35
102199,standard,96.88,13.4,South,30.7,0,3,72.8,63.21
100127,standard,142.63,9.0,Northeast,67.2,1,8,86.1,185.66
100862,standard,120.6,11.1,West,85.7,0,6,70.6,145.4
100136,premium,168.55,23.1,Northeast,89.4,1,10,80.2,213.42
100261,premium,232.45,27.4,South,113.6,1,8,102.2,237.19
100315,standard,118.88,9.5,Northeast,88.3,0,7,59.4,152.49
100375,value,86.56,8.7,Midwest,,0,4,75.7,79.0
102365,standard,126.86,15.5,South,58.2,0,2,66.9,84.13
101580,value,51.06,15.6,West,15.0,0,2,45.3,24.93
100840,premium,169.37,31.2,South,33.3,1,9,82.7,223.06
101309,premium,187.14,26.6,South,72.3,1,12,86.2,284.82
100531,premium,197.39,20.8,South,90.3,1,8,88.6,240.49
100544,standard,104.55,27.4,Midwest,61.3,1,11,71.9,160.86
100237,premium,159.47,15.4,Midwest,85.2,1,10,73.0,167.73
101267,standard,105.69,30.0,West,36.0,0,3,63.4,86.27
100334,standard,104.41,20.4,Northeast,28.2,1,4,81.9,109.63
100905, standard ,158.7,39.2,Midwest,30.2,1,9,75.7,175.29
100025,value,89.62,18.3,West,81.8,0,8,64.6,141.81
100187,standard,110.66,16.3,Northeast,27.7,0,1,63.5,127.31
102489,value,35.56,88.3,Northeast,15.0,0,4,72.1,42.98
101953,standard,104.87,39.5,Midwest,,0,6,72.4,116.91
100169,standard,125.84,30.0,Northeast,44.2,0,1,68.6,117.8
100225,standard,136.59,32.9,West,92.1,1,5,57.3,194.07
100766,value,30.79,20.8,Northeast,54.0,0,6,70.7,58.97
101401,value,66.68,26.6,Northeast,15.0,0,2,63.1,25.73
101840,standard,92.72,24.3,Midwest,15.0,1,4,60.2,102.59
100936,standard,147.89,41.0,Midwest,83.8,1,8,59.5,179.98
100427,value,63.67,42.0,Midwest,37.0,0,5,75.1,96.9
102492,premium,172.34,47.3,South,96.8,1,11,91.2,176.17
101986,premum,97.6,11.7,South,41.1,0,4,64.5,141.28
100260,premium,171.1,1.7,West,83.9,0,1,68.5,142.1
101862,standard,130.06,10.7,West,55.3,1,4,75.4,134.08
101753,standard,115.99,38.5,West,95.4,1,4,77.4,110.11
101429,premium,181.43,24.9,West,35.3,1,7,79.0,189.06
100889,standard,123.4,23.6,Midwest,98.8,1,12,85.0,203.94
100404,premium,230.23,26.6,Northeast,63.3,0,7,63.8,218.58
102206,standard,141.54,31.3,South,63.3,1,5,61.8,171.58
102411,standard,128.56,20.3,Northeast,74.4,0,1,82.6,137.81
101438,value,69.55,13.8,South,15.0,0,1,61.9,37.04
100485,value,87.56,44.4,West,78.9,0,4,86.0,174.06
102368,value,89.13,49.6,Northeast,25.2,1,8,65.6,150.39
100728,value,5.0,23.6,Northeast,15.0,0,2,41.7,-15.03
101768,standard,123.3,37.6,Midwest,74.2,1,6,81.3,204.66
102380,premium,150.7,69.8,Northeast,74.7,1,7,79.5,243.99
100198,standard,137.23,59.9,South,39.0,0,3,56.7,116.92
102407,standard,102.97,13.9,Midwest,49.4,0,3,55.1,97.86
101055,standard,126.36,41.3,Northeast,86.7,1,9,85.3,142.05
100850,standard,91.41,24.8,South,50.8,0,4,80.4,120.86
102023,value,88.58,10.1,West,49.6,1,6,70.0,150.0
101740,standard,123.65,56.9,Midwest,40.2,0,4,63.4,153.63
102516,standard,142.47,15.3,West,46.1,0,4,83.2,173.36
100836,value,50.49,40.3,West,15.0,0,5,62.2,58.27
101648,premium,213.83,20.6,Midwest,68.2,1,4,95.1,213.97
100247,standard,90.77,22.4,Midwest,37.2,0,2,64.8,112.71
100576,standard,149.49,38.6,Northeast,70.6,1,8,82.1,209.28
100155,standard,142.82,59.1,Northeast,64.7,0,2,77.1,134.77
101554,standard,115.69,108.7,South,58.2,1,9,84.3,153.08
102238,premum,56.63,15.1,South,,1,5,56.8,120.26
101952,standard,111.02,10.1,Midwest,29.6,1,5,74.3,115.5
101939,value,51.74,35.1,South,18.8,0,4,63.8,34.96
100589,standard,100.71,27.2,Midwest,90.1,0,3,76.3,112.46
102410,standard,121.3,25.2,South,105.3,1,5,73.2,177.03
101261,standard,95.15,13.8,Northeast,65.8,0,9,77.6,144.14
102518,premium,177.29,8.1,Midwest,131.5,1,6,88.3,247.58
101664,standard,105.14,12.2,Northeast,101.9,0,3,61.5,93.56
101475,standard,116.51,30.8,West,18.5,0,2,66.7,100.61
102197,value,41.95,14.0,West,51.6,0,4,70.4,128.85
101785,value,69.59,45.5,Northeast,37.5,0,0,76.1,102.67
101336,premium,163.35,26.2,Midwest,88.0,1,10,83.3,168.28
100210,VALUE,140.66,14.2,West,26.2,1,9,87.1,160.77
101226,premium,212.93,27.4,Midwest,72.7,0,5,81.1,226.52
101282,standard,98.4,6.1,Northeast,48.8,1,7,73.1,135.43
100080,value,65.2,45.5,Midwest,65.3,1,3,69.5,154.12
101359,value,78.81,47.0,South,83.5,0,3,67.4,130.14
100542,premium,182.67,31.6,South,119.8,0,6,72.0,190.6
101894,premium,198.49,50.5,West,61.5,0,6,79.1,180.1
101712,standard,114.72,9.3,South,49.6,0,3,67.5,112.81
100906,value,47.68,15.9,Northeast,65.1,0,4,76.1,98.2
102574,standard,107.04,17.1,West,105.8,1,10,83.3,172.61
101547,standard,97.12,45.1,Midwest,49.2,1,8,74.9,146.16
100177,standard,143.2,10.7,West,51.4,0,6,82.6,171.5
101787,standard,120.59,33.7,Northeast,61.6,0,9,60.4,125.16
102546,premium,151.6,25.6,West,37.8,0,5,77.6,184.21
101978,standard,149.03,52.5,South,74.5,1,8,85.0,166.19
100733,premium,157.59,32.5,South,58.5,1,6,85.9,214.51
100013,value,79.82,17.9,Northeast,54.6,0,6,72.8,124.7
100616,standard,107.88,38.7,South,15.0,0,0,62.4,50.43
102277,premium,157.73,47.3,South,93.9,1,6,80.8,204.65
102599,value,68.42,49.0,South,49.8,1,4,72.2,101.66
101659,premium,162.35,17.9,South,62.7,0,7,68.6,206.14
101633,value,83.24,56.3,Northeast,64.0,1,11,74.5,130.06
100622,standard,138.28,26.8,West,78.7,1,7,81.0,209.36
102375,standard,106.53,24.2,South,130.1,1,8,71.7,174.51
101105,value,76.31,29.5,West,,0,3,58.2,74.39
101850,standard,111.51,19.9,Midwest,60.3,1,6,63.8,132.72
100978,standard,91.64,5.9,Midwest,40.2,0,3,81.1,121.55
101671,value,39.68,21.0,South,27.9,0,0,60.2,7.41
101543,standard,108.13,28.5,Northeast,47.4,0,2,62.9,72.88
101146,standard,103.34,33.8,Northeast,43.6,1,7,76.7,147.45
102540,standard,149.65,37.0,Midwest,61.5,1,6,69.6,203.58
101228,standard,95.36,47.7,Midwest,15.0,0,2,83.8,92.72
100656,value,83.32,14.2,Northeast,60.2,0,5,67.4,76.69
101800,premium,178.89,30.4,West,30.8,1,6,63.9,186.7
100496,value,72.83,81.2,Midwest,31.6,1,3,63.7,90.33
101153, standard ,63.22,25.7,West,48.7,0,0,67.9,99.84
100696,standard,93.43,21.8,South,61.5,0,3,66.2,97.47
102562,value,87.74,101.0,West,,0,3,65.7,100.18
100993,standard,107.71,12.2,Northeast,63.2,1,7,74.4,134.32
101508,standard,113.75,9.4,Northeast,60.7,0,6,73.7,130.61
101330,value,71.84,7.2,Northeast,35.7,0,4,64.5,62.03
100541,standard,136.65,22.5,Midwest,70.3,0,5,74.5,171.83
101160,value,89.61,16.3,Midwest,73.4,1,7,78.9,172.17
100848,value,51.89,25.7,Midwest,49.5,1,5,66.5,131.19
102539,value,28.19,16.8,West,28.7,0,0,67.5,25.86
100150,value,58.87,35.6,West,,0,4,65.7,117.48
102103,premium,171.76,11.3,West,86.7,0,4,74.6,178.48
102288,standard,121.42,8.2,South,66.5,1,11,83.1,118.1
102145,premium,153.17,20.6,South,57.1,0,4,67.6,137.4
100368,standard,147.45,19.1,Midwest,35.2,1,4,81.2,94.86
102071,standard,111.08,14.8,Northeast,21.1,1,10,86.5,189.16
101227,standard,93.97,16.1,West,39.1,0,2,70.3,104.44
100220,premium,191.51,24.6,South,82.6,1,9,83.4,176.55
101883,value,78.6,28.6,West,43.2,1,4,92.7,136.9
101699,standard,108.11,35.5,South,62.8,0,4,61.0,140.48
100887,standard,126.86,33.5,Midwest,72.1,0,6,78.2,162.63
102327,value,26.72,27.8,South,,0,2,68.7,34.01
100274,standard,139.85,34.5,Midwest,127.6,1,8,81.7,183.79
100482,standard,106.74,21.0,West,60.7,0,5,76.4,154.47
101812,premium,151.6,20.5,South,65.5,0,4,62.1,105.81
101833,standard,93.75,31.4,West,54.2,0,1,72.0,135.26
102118,premium,224.3,49.3,South,72.1,1,10,60.1,255.46
100556,premium,190.72,70.8,South,76.6,1,10,75.6,256.12
101647,standard,124.41,27.3,South,15.0,0,3,63.3,87.17
100885,standard,98.04,17.9,West,25.2,1,6,76.0,131.58
100893,value,68.34,53.2,Northeast,43.9,0,5,61.6,56.47
101373,premium,182.16,54.3,West,,1,8,77.1,236.95
101557,standard,111.25,45.6,Northeast,52.6,0,7,75.6,117.8
102168,value,55.31,29.2,Northeast,47.2,0,3,63.4,70.86
100204,value,80.46,31.2,Midwest,59.4,0,4,49.2,133.12
101026,value,5.0,45.7,Northeast,,0,7,57.3,58.38
102354,value,57.42,19.4,West,63.6,0,5,70.0,108.92
102324,value,59.5,43.2,South,44.9,1,4,78.8,117.73
100701,standard,134.08,19.0,South,51.4,1,7,91.6,168.04
100966,standard,146.37,26.2,South,105.0,1,7,66.1,165.98
102039,value,82.62,10.6,Midwest,91.3,0,8,80.5,90.15
101700,value,55.91,41.7,South,33.8,1,6,71.8,68.19
100773, standard ,199.04,45.8,West,,0,6,68.9,224.49
101169,value,34.45,34.9,Northeast,65.7,1,8,69.1,90.46
102059,value,64.91,21.1,West,,1,5,68.5,114.55
100023,standard,121.72,32.6,South,98.8,0,7,74.8,183.39
102311,standard,95.63,8.5,West,77.8,0,4,72.7,105.75
100852,standard,131.35,46.0,West,35.5,0,4,81.4,85.51
100688,premium,198.43,23.6,Midwest,69.7,1,5,92.1,213.84
101512,premium,207.62,5.2,Midwest,87.1,1,7,85.9,215.53
100591,value,70.52,22.4,Northeast,56.0,1,8,73.4,91.41
100299,value,34.52,9.8,Midwest,32.0,0,4,64.7,11.95
101152,value,61.52,52.5,Midwest,71.3,0,2,65.3,92.63
100030,standard,103.88,27.0,Northeast,50.2,0,0,57.1,87.57
101747,standard,139.21,59.3,Midwest,63.7,0,5,78.9,128.68
100522,value,69.63,48.7,South,63.1,0,5,67.8,121.69
101199,value,86.6,24.3,Midwest,37.3,0,1,69.4,100.09
100507,standard,136.34,21.8,Northeast,50.8,1,7,63.1,204.63
101242,value,67.7,37.3,South,,0,0,52.1,71.84
101765,Premium,120.62,8.0,South,58.3,1,6,62.9,188.8
101075,standard,101.93,21.3,South,69.6,0,6,70.7,130.12
101021,value,81.57,24.5,Midwest,46.1,0,0,80.1,75.24
100043,premium,263.5,15.6,Midwest,41.6,1,9,70.3,220.38
100104,value,67.06,13.8,South,26.8,1,5,68.2,103.97
101603,standard,94.69,32.9,West,95.7,1,7,66.8,133.97
100994,standard,136.21,19.7,Northeast,94.6,1,5,64.7,151.54
100171,value,71.81,38.3,Northeast,42.6,0,1,67.3,57.08
100332,standard,98.98,17.6,West,52.2,0,3,70.6,95.71
100276,premium,166.99,43.8,Midwest,25.3,1,2,75.7,220.16
101796,standard,108.04,43.9,South,78.4,1,3,71.6,127.7
101705,premium,152.38,32.3,Midwest,91.7,1,8,75.1,210.32
101984,standard,92.5,21.1,Northeast,40.6,0,3,79.3,159.4
100301,standard,94.95,46.8,West,93.7,0,0,65.4,85.9
101095,value,33.6,35.1,South,,0,3,72.3,64.65
101964,value,72.54,25.8,Northeast,63.1,0,9,85.5,112.01
101933,value,29.55,50.8,West,20.3,1,8,76.8,113.9
102144,standard,100.75,31.6,South,25.3,0,0,55.2,112.17
100524,standard,140.93,32.1,Northeast,87.5,0,3,76.1,158.89
100498,standard,108.54,103.9,West,81.7,0,7,72.0,139.4
101500,premium,181.22,32.2,Midwest,67.2,1,10,85.3,205.65
102441,standard,115.42,36.1,South,31.0,0,1,69.1,110.59
101991,premium,163.27,27.4,South,95.9,0,6,77.8,144.1
100689,standard,140.57,7.0,South,26.2,0,8,77.2,121.1
101632,value,31.62,45.5,West,,0,0,71.0,60.62
101770,value,87.72,37.9,West,23.0,1,6,69.8,128.35
101395,standard,96.24,30.8,West,47.5,0,9,56.3,128.1
100077,value,67.82,28.7,West,,0,0,70.5,46.22
102420,standard,132.42,56.7,South,42.5,0,4,54.4,154.38
100464,standard,132.37,25.8,Northeast,66.0,0,9,71.4,189.57
100042,standard,127.66,10.6,West,,0,7,77.8,170.69
100312,VALUE,127.53,9.6,South,85.7,1,6,83.4,169.03
100631,value,61.48,26.0,South,15.0,0,1,58.1,53.7
101071,value,35.12,55.6,Midwest,,0,3,81.4,14.4
100488,premium,170.25,50.1,Northeast,73.2,1,9,76.8,156.87
100258,standard,126.4,24.7,Midwest,45.3,0,3,64.0,113.44
102073,standard,126.31,36.7,Midwest,,0,2,74.7,126.09
101305,value,66.66,9.8,Midwest,15.0,0,3,49.0,89.86
101916,standard,91.66,53.9,South,71.7,1,9,68.5,137.5
102598,value,16.66,34.5,Midwest,40.1,0,2,65.5,32.13
101103,value,89.38,19.7,South,57.2,0,2,56.0,66.51
100780,value,38.28,12.7,Northeast,63.5,0,3,68.6,76.1
101257,premium,197.08,14.3,South,114.4,0,9,79.4,179.57
101324,value,53.9,46.1,Midwest,,0,1,63.9,79.18
100879, standard ,99.21,44.4,South,42.2,0,2,64.5,133.75
100041,value,5.0,47.8,Midwest,,0,1,51.3,94.08
101143,standard,112.39,47.8,Midwest,48.7,0,5,67.4,116.64
100814,value,86.42,26.4,Midwest,45.0,0,3,62.1,86.21
102178,value,58.82,32.4,Northeast,62.3,1,7,60.9,77.09
100561,standard,91.56,25.0,Midwest,52.4,0,2,65.0,50.56
100234,standard,120.68,40.5,Northeast,62.2,1,2,71.8,202.3
100898,standard,132.71,12.4,West,43.5,0,5,68.3,164.37
100347,value,57.22,23.9,West,54.9,0,5,99.0,49.92
102451,standard,112.48,19.0,Northeast,42.1,0,0,62.1,90.33
101300,standard,105.8,45.8,West,,1,11,62.9,151.22
100151,premium,158.57,44.6,South,69.1,0,5,78.2,148.93
100970,value,5.0,59.4,West,15.0,0,3,65.8,39.37
102020,premium,155.67,15.4,Midwest,55.9,1,8,76.7,154.88
100883,standard,149.72,40.2,South,89.3,1,5,74.5,205.75
100826,standard,114.49,36.6,Midwest,42.8,0,5,78.4,133.46
102149,value,89.89,13.8,Midwest,,0,4,73.3,116.56
101750,value,63.15,39.4,South,,0,5,71.1,116.77
100882,value,76.28,16.3,Midwest,86.1,1,7,71.4,135.58
101167, standard ,48.97,9.0,South,15.0,0,6,59.4,51.53
101960,value,53.13,15.2,Midwest,52.0,1,7,81.1,117.02
101838,standard,110.51,63.4,Midwest,51.7,0,2,57.6,129.36
100385,value,72.34,4.6,Northeast,64.6,0,6,69.9,76.74
100066, standard ,78.56,32.5,South,,0,4,59.1,69.36
102042,standard,136.81,17.0,West,93.8,0,6,67.3,162.16
102127,value,89.51,22.0,Midwest,82.5,0,2,72.2,119.68
102185,standard,145.34,73.0,Midwest,22.5,1,6,47.2,178.71
100549,premium,213.75,20.4,West,95.9,1,12,89.7,238.88
102337,value,64.93,16.7,South,36.4,0,4,69.6,68.66
102435,value,37.87,22.4,South,,1,7,70.6,108.36
100777,standard,98.13,22.1,Northeast,39.8,1,6,61.9,115.31
100938,value,38.94,48.2,Northeast,15.0,0,2,72.7,26.69
100647,premium,169.68,17.6,South,83.9,1,8,86.2,206.0
100256,value,10.87,19.0,West,,0,5,60.5,14.4
100172,standard,108.24,69.6,South,94.9,1,6,82.9,156.85
101936,value,64.99,24.1,Northeast,99.7,0,1,69.0,102.15
101624,value,5.0,26.2,West,37.5,1,3,57.8,4.21
101343,standard,148.15,55.9,West,87.6,1,10,80.5,196.7
102556,standard,115.83,31.8,Northeast,,1,8,77.3,204.58
101735,premium,156.88,8.5,Midwest,30.0,0,6,79.7,204.65
101929,value,40.1,67.5,South,15.0,0,3,65.5,51.36
101472,value,45.53,19.4,South,65.2,0,1,69.2,60.42
102560, standard ,124.66,37.6,South,49.6,1,1,72.0,130.18
101743,premium,164.04,33.7,Midwest,89.1,1,6,74.0,185.12
101670,value,57.44,76.8,South,45.0,0,2,52.9,102.14
100598,standard,149.87,26.9,Midwest,106.5,1,7,65.7,154.62
101311,premium,172.84,17.3,Midwest,71.3,1,7,72.0,172.07
101223,value,69.03,38.5,Northeast,15.5,0,6,70.6,96.21
101763,standard,121.04,38.5,Midwest,15.0,0,1,52.0,122.36
101636,standard,126.88,59.7,South,60.8,1,5,68.7,140.5
102166, standard ,94.08,7.2,Midwest,,0,1,61.5,83.57
100107,standard,98.06,20.7,Midwest,30.8,0,4,74.3,86.72
100088,value,5.0,35.2,South,32.9,0,6,71.8,56.79
100412,standard,121.49,8.5,West,,0,4,63.5,147.44
100560,value,88.3,38.7,West,41.0,0,3,59.6,122.14
101658,standard,90.76,12.7,Northeast,33.3,0,6,71.4,155.82
102450,standard,137.48,42.4,Midwest,,1,6,83.9,103.97
101804,value,17.8,15.3,Midwest,31.0,1,4,66.6,20.38
101606,standard,147.65,63.0,Midwest,98.3,1,11,88.1,156.13
102253,standard,113.98,37.2,South,42.9,1,8,71.7,215.69
100141,value,23.91,33.4,West,15.0,0,2,58.4,9.23
102108,standard,123.66,18.1,Midwest,54.6,1,5,85.5,132.72
101335,value,41.64,15.5,South,59.9,0,2,59.3,50.79
100876,value,41.49,28.3,South,48.1,1,6,71.0,66.11
101501,value,33.52,23.1,South,15.0,0,1,55.9,16.8
101524,standard,95.6,50.0,South,99.3,0,3,80.2,126.68
101023,premium,154.55,37.2,Midwest,62.4,1,9,94.1,188.22
101009,standard,134.95,19.8,Midwest,,1,4,84.2,204.96
102455,value,55.61,27.1,Midwest,,1,8,75.4,161.42
100431,standard,114.05,29.9,South,15.0,1,7,78.9,91.15
101220,VALUE,60.3,8.5,West,72.8,1,9,73.0,99.67
101576,premium,214.61,48.2,Midwest,65.8,1,8,89.7,221.89
102479,standard,145.32,20.3,Northeast,40.0,1,6,73.8,173.19
101926,standard,127.46,21.0,South,51.8,0,1,63.7,117.62
101128,premium,180.67,39.5,South,105.2,1,7,75.5,245.52
101073,premium,187.01,2.4,Midwest,103.7,1,8,71.6,240.77
100235,value,5.0,19.8,Midwest,18.5,0,3,66.2,39.91
101096,value,5.0,10.1,Northeast,15.0,0,9,60.4,54.02
101527,value,49.74,63.7,Midwest,46.2,0,5,63.4,85.84
101163,value,39.42,32.1,South,,0,3,67.7,68.82
101476,premium,190.39,30.9,Midwest,70.0,1,6,81.4,234.98
102065,premium,172.76,68.4,South,59.9,0,7,72.0,189.86
100206,premium,161.19,30.4,Midwest,53.0,0,3,67.5,186.85
101127,premium,225.36,22.5,Northeast,64.0,1,12,82.2,242.14
102476,premium,158.33,13.1,Northeast,27.7,0,7,60.8,135.65
101706,premium,152.73,44.2,West,71.4,1,9,82.4,199.74
100714,value,71.65,30.4,Northeast,15.0,0,3,59.6,42.78
100637,value,5.0,18.8,South,,0,6,79.0,56.95
100421,standard,135.13,40.4,West,75.4,1,8,68.8,168.72
100124,premum,133.61,12.2,Midwest,68.1,1,5,68.5,115.44
102358,standard,92.54,43.4,Northeast,21.6,1,3,71.2,48.91
100238,value,56.81,24.9,South,71.1,0,4,61.1,87.53
102456,standard,125.99,18.1,Northeast,15.8,1,9,70.5,174.4
100265,premium,201.33,19.1,West,65.9,1,11,78.0,237.93
101954,value,87.29,7.6,South,82.9,1,6,86.6,160.27
101815,Premium,131.61,18.5,Northeast,75.5,0,5,75.4,123.59
100816,value,80.28,13.3,West,28.1,0,5,76.6,85.0
100891,standard,127.89,19.1,Northeast,34.7,0,7,68.0,146.0
102457,value,82.11,23.3,Northeast,77.2,0,4,71.6,100.71
100441,premium,248.38,74.8,South,91.1,1,10,82.5,272.85
101283,value,89.52,42.8,Midwest,42.2,0,0,68.4,80.99
100026,premium,227.49,5.5,Northeast,83.9,1,10,76.8,281.26
101230,value,41.02,31.8,Midwest,,1,3,76.3,46.61
102503,value,58.15,9.2,Midwest,26.6,0,0,61.8,114.99
100280,value,53.92,45.1,South,,0,0,68.1,93.2
100992,standard,92.11,61.9,Midwest,44.7,0,2,66.5,110.26
100440,value,72.29,32.2,Northeast,34.6,0,3,54.8,59.83
101272,value,40.04,16.6,Northeast,20.7,0,3,66.7,45.78
100636,standard,93.12,9.6,Midwest,97.0,1,7,83.2,144.01
100534,standard,116.49,9.5,South,79.4,0,6,67.3,141.83
101083,value,79.2,21.6,Northeast,39.9,0,6,71.2,137.45
101593,standard,120.6,61.0,Northeast,28.7,0,8,61.3,176.4
102374,value,85.37,19.6,South,54.2,0,2,66.0,64.97
102575,premium,224.91,16.5,South,63.5,1,7,88.1,229.7
100930,premium,176.84,25.4,Northeast,56.4,1,3,73.1,188.55
100513,value,65.62,17.0,West,37.9,0,1,69.6,67.71
102243,standard,122.75,41.6,Northeast,29.5,0,4,66.2,130.76
101196,standard,95.94,8.7,West,39.7,0,1,58.4,105.52
102061,standard,108.2,28.0,Midwest,57.3,0,3,64.9,114.33
101727,value,38.4,16.4,West,59.2,0,4,61.4,149.64
102217,value,45.04,22.1,Midwest,32.5,0,3,82.2,32.65
101236,standard,92.84,14.2,Midwest,,0,5,69.1,84.8
101542,value,28.27,16.8,Northeast,16.0,0,3,63.5,39.41
101928,standard,90.77,17.7,West,32.1,0,7,72.5,103.58
100061,premium,157.96,31.1,West,78.0,0,3,69.8,222.39
100907,premium,168.97,33.0,Northeast,62.2,1,9,98.0,173.78
100510,premum,141.16,46.1,West,62.5,1,10,84.2,174.88
101357,standard,106.62,21.4,South,20.3,0,4,70.1,144.5
100618,value,30.92,10.2,West,28.0,0,1,70.7,105.56
101650,standard,139.98,43.6,West,64.9,1,8,92.3,131.66
101304,premium,162.27,32.9,Midwest,44.2,0,5,64.4,145.13
100658,premium,187.13,23.1,Midwest,57.4,0,7,73.8,201.56
101361,value,86.23,9.7,Midwest,31.6,0,2,70.8,65.92
102094,premium,156.3,20.8,West,85.5,0,5,70.0,159.75
101908,standard,103.28,10.7,South,90.7,1,10,69.4,175.52
101654,standard,102.41,17.4,Northeast,44.7,1,1,74.2,66.72
100497,standard,124.73,27.0,Midwest,,1,2,84.8,145.64
102184,premium,161.26,6.3,Midwest,67.4,1,8,74.6,148.73
101347,premium,163.68,59.9,South,47.8,1,8,64.3,199.53
100717,standard,114.93,25.4,West,46.2,0,4,70.4,66.55
100145,standard,131.67,18.1,Northeast,65.9,0,4,68.5,116.22
100760,premium,168.5,16.2,South,44.0,1,10,73.2,217.47
102313,standard,135.3,32.0,South,49.5,0,11,77.4,156.35
101925,value,58.74,31.2,West,48.9,0,6,70.3,69.74
100725,value,78.05,34.9,Midwest,66.2,1,8,89.1,150.4
100920,premum,115.59,8.0,Northeast,50.5,1,4,66.1,188.78
100793,standard,141.58,14.0,South,62.7,0,7,61.3,157.93
100048,value,68.37,9.0,Northeast,20.3,0,4,63.8,121.31
101509,standard,126.63,20.8,Midwest,43.9,0,4,79.1,129.58
101260,value,78.2,80.8,Midwest,,0,3,66.7,88.06
101634,value,68.45,21.2,Northeast,15.0,0,8,61.6,105.75
101184,VALUE,39.42,31.1,West,15.0,0,2,61.1,82.77
100450,value,9.1,22.7,South,15.0,0,3,60.2,-11.3
102359,standard,103.24,31.4,South,96.7,1,8,83.2,124.27
100002,premium,171.76,73.7,West,,1,8,74.6,183.53
100462,standard,141.94,42.6,Northeast,81.1,1,9,76.0,198.86
100941,premium,162.73,17.0,Midwest,,1,3,82.1,213.99
101621,standard,108.52,12.1,South,28.9,0,3,63.8,119.22
101995, standard ,81.01,32.9,Midwest,,0,3,66.0,76.06
102062,standard,117.0,16.7,Midwest,42.1,1,6,66.2,176.07
101428,standard,96.41,37.6,Midwest,,0,4,69.0,41.68
102216,standard,126.62,12.2,Northeast,48.5,0,6,71.0,130.42
102234,premum,73.76,15.4,Midwest,15.0,1,5,82.3,117.56
100621,premium,174.55,10.4,Northeast,77.4,0,8,81.6,214.06
102302,standard,147.37,3.6,Northeast,113.8,1,7,87.7,184.91
101691,value,67.97,20.6,West,31.5,0,3,66.7,126.77
101541,standard,115.55,25.9,West,85.2,0,9,79.7,228.0
101074,value,57.72,12.3,West,,0,5,55.9,50.49
101857,standard,121.25,28.6,West,67.0,0,3,65.3,141.45
101092,value,5.0,28.5,Northeast,,0,3,55.2,-37.1
101540,standard,100.11,14.4,West,108.0,1,8,88.2,195.66
100374,value,35.93,50.4,Midwest,53.2,0,1,63.5,48.63
101642,standard,90.68,41.1,West,37.1,1,2,60.0,130.15
100801,premium,194.25,17.6,South,91.4,1,5,72.6,237.21
102156,value,41.01,30.1,Northeast,,0,2,76.9,94.56
102037,value,66.45,10.1,South,,1,6,55.6,101.45
100867,premium,172.73,23.2,Northeast,40.2,0,4,76.8,103.08
101799,premium,210.94,17.6,South,137.3,1,9,103.2,237.31
102459,standard,149.59,35.4,Northeast,56.7,1,2,74.0,196.48
102053,premium,192.96,9.2,South,,1,10,105.3,254.47
102025,value,85.77,25.6,Midwest,41.2,0,7,68.6,120.85
102256,value,77.23,29.1,South,34.7,0,4,76.0,76.35
101001,value,68.79,5.9,West,53.3,0,5,82.6,141.34
101919,standard,90.31,27.8,West,40.0,0,0,59.6,83.16
100868,premium,162.04,19.8,West,56.3,1,6,78.9,165.87
101353,premium,184.09,28.2,South,63.2,0,3,53.0,189.98
100953,VALUE,155.59,11.6,Midwest,32.2,0,1,80.8,159.69
102498,value,82.37,93.5,Northeast,,0,3,62.5,156.1
102075,value,65.02,25.0,Midwest,,0,3,73.0,104.67
100152,standard,148.88,7.3,West,58.4,1,7,66.9,247.69
102162,value,75.22,16.0,West,47.6,0,0,70.0,78.48
101675,premum,51.81,23.1,West,44.8,0,9,75.1,143.9
100418,standard,100.48,44.8,West,15.0,0,2,69.9,114.34
101911,standard,113.46,48.7,Northeast,17.1,0,7,67.2,139.71
102527,VALUE,36.3,19.3,Northeast,70.4,0,6,74.5,133.55
100137,standard,119.12,21.6,South,,0,4,61.6,184.82
102408,standard,116.46,20.5,Northeast,35.9,0,5,62.2,69.86
101135,premium,201.09,28.6,Midwest,120.4,1,10,84.1,266.41
101144,standard,133.95,31.7,South,,1,5,78.0,175.66
100712,value,54.64,12.4,South,,1,5,58.6,74.66
101829,value,42.15,16.0,Northeast,53.7,0,1,70.0,101.6
101629,value,77.09,63.2,West,82.8,1,8,80.2,131.77
100157,standard,149.12,23.3,Northeast,69.9,1,6,82.9,161.5
100632,value,23.12,31.3,Midwest,16.1,0,0,67.5,-13.7
101265,value,49.1,19.1,West,15.0,0,0,67.7,40.4
100213,VALUE,159.04,43.4,Northeast,61.9,1,6,75.8,229.03
101736,value,37.0,23.9,West,15.0,0,3,62.5,18.45
100790,value,71.51,18.7,Midwest,,0,3,63.9,142.04
102342,standard,144.22,7.1,Northeast,113.7,0,6,81.6,216.62
102085,standard,146.93,50.8,West,69.2,1,10,70.5,259.57
101814,value,66.09,16.1,Northeast,58.2,1,5,83.1,103.08
100835,standard,149.33,46.3,Midwest,,0,5,67.6,137.13
102547,value,69.18,37.8,Midwest,,0,2,68.7,105.13
102084,value,88.07,26.0,Northeast,,0,3,67.4,72.61
100254,standard,96.8,41.8,Northeast,47.3,0,0,69.4,120.47
102054,premium,209.64,18.1,Northeast,101.3,0,7,71.4,282.47
100024,standard,125.78,25.8,West,20.2,1,5,65.3,87.29
102068,premium,208.39,11.6,West,104.7,0,6,80.0,246.44
100629,standard,137.4,11.4,West,30.7,1,11,85.6,189.05
102063,value,49.44,66.4,West,,1,7,76.9,82.44
102239,premium,159.76,31.8,Northeast,73.6,0,4,73.5,187.75
102097,standard,146.02,14.2,South,64.2,1,5,78.5,166.3
101386,standard,141.52,26.2,Northeast,73.9,0,5,47.7,122.12
101663,value,53.33,27.5,South,28.1,0,0,56.8,74.27
101870,value,88.04,24.7,Midwest,15.0,0,3,64.4,110.19
100699,standard,102.5,18.7,Midwest,40.0,1,8,67.5,147.22
100282,premium,151.83,35.7,Midwest,136.8,1,6,57.7,229.02
101172,value,86.89,21.7,Northeast,35.1,1,12,71.6,162.98
102159,value,73.58,21.3,Northeast,87.3,1,8,73.2,114.31
101622,standard,129.72,12.0,Northeast,18.1,0,4,79.7,129.22
101935,value,5.0,17.8,South,24.5,0,2,73.1,-24.8
100007,value,77.42,23.9,Midwest,17.4,0,2,66.0,56.78
100388,value,78.31,43.2,Northeast,88.5,1,10,80.7,146.13
101855,premium,183.59,31.4,Midwest,74.8,0,5,68.8,98.64
101707,standard,107.6,44.4,Northeast,66.9,0,1,69.5,96.12
101723,value,44.39,35.9,Northeast,82.4,0,4,83.3,119.53
101130,value,86.71,20.2,West,15.0,0,2,53.8,74.69
100057,premum,152.34,21.2,West,56.6,1,4,80.5,166.92
100445,value,30.61,26.2,South,15.0,1,4,82.1,75.47
102523,value,38.85,14.7,West,,0,2,62.8,12.56
101234,value,89.82,27.8,Northeast,62.9,0,1,77.7,101.13
100268,standard,142.35,43.5,West,31.0,0,4,68.8,154.41
101940,Premium,146.32,75.7,Midwest,65.5,1,8,81.3,174.56
102269,standard,92.15,53.1,Northeast,45.9,0,2,61.2,135.35
100458,value,72.42,22.2,Northeast,50.9,1,5,82.5,143.36
101665,value,82.27,66.2,South,50.6,1,3,64.7,110.43
102432,VALUE,190.97,42.2,Midwest,52.5,0,4,58.7,197.99
100899,premium,174.86,41.4,Midwest,79.3,1,8,78.2,231.52
102474,premium,165.74,24.9,Midwest,77.5,1,9,87.5,182.45
100617,value,37.68,20.8,South,43.0,0,5,55.0,85.82
101150,value,61.28,17.2,Midwest,61.0,1,7,67.8,160.52
100625,value,73.66,7.1,South,40.8,0,5,62.0,48.03
101080,standard,115.73,24.4,Northeast,31.2,0,1,59.6,121.84
100967,premium,158.67,17.3,West,106.7,1,9,77.5,209.19
101656,premium,197.94,34.1,Northeast,71.5,1,9,77.5,211.27
101133,standard,93.01,24.8,Northeast,,0,3,71.7,91.05
101421,premium,178.81,59.2,Northeast,96.7,0,3,90.4,186.13
100414,premium,152.72,50.3,South,114.6,1,9,83.7,206.52
101034,premium,174.33,54.2,Northeast,99.0,0,9,62.7,179.97
101830,premium,251.99,38.1,Midwest,62.0,0,7,88.7,249.36
100806,value,76.68,15.5,Northeast,48.4,1,3,87.9,133.03
101482,standard,142.66,32.5,Midwest,93.6,0,7,68.0,136.85
100588,value,45.58,36.7,Northeast,24.0,0,3,70.5,67.02
102172,standard,107.28,24.1,Midwest,,0,7,92.3,121.44
102107,standard,100.86,5.7,Midwest,49.9,1,7,81.4,108.92
100036,standard,100.82,12.7,West,59.8,1,2,85.5,128.6
101447,value,81.55,34.1,Midwest,15.0,0,5,65.4,92.02
100592,premium,159.97,16.4,South,95.7,1,4,79.3,151.74
102563,value,53.82,46.4,South,46.1,1,5,78.3,41.67
102449,standard,135.02,15.5,South,73.7,1,7,76.9,193.98
101171,premium,180.32,19.5,Northeast,108.9,1,9,75.5,203.81
101846,value,49.34,30.2,Midwest,37.1,1,7,81.5,66.43
100808,standard,129.62,22.4,South,46.2,1,6,78.4,165.49
102273,standard,94.9,46.7,Midwest,15.0,0,0,57.9,67.55
100578,value,49.21,32.3,Midwest,80.8,1,6,72.8,147.94
101108,standard,128.19,6.9,Northeast,,0,5,80.3,112.19
100058,value,79.59,69.1,Midwest,21.9,0,4,77.9,65.41
100539,premium,180.06,12.0,West,72.1,1,6,75.3,206.43
101161,value,78.06,12.2,Midwest,33.6,1,6,71.1,87.93
101287,standard,99.48,13.0,Midwest,87.8,1,13,69.9,174.12
101381,standard,127.26,48.1,Northeast,,1,2,74.1,179.19
100097,value,70.42,71.6,West,66.7,0,0,78.5,87.47
100229,premium,159.98,18.7,South,48.7,1,10,75.4,231.32
101263,Premium,156.21,36.5,South,97.3,0,6,65.3,149.43
102012,standard,108.32,20.7,South,59.4,0,4,68.8,70.78
101510,standard,123.69,37.9,Midwest,72.1,1,6,82.6,144.22
101854,premium,175.59,17.8,South,51.3,0,2,49.0,168.94
100729,standard,147.94,23.0,Northeast,85.3,1,7,82.5,233.71
101209,standard,105.33,13.4,Northeast,94.1,1,7,82.7,163.3
101081,standard,90.54,19.7,South,67.8,1,7,82.0,163.19
100977,standard,112.71,27.5,West,92.9,0,7,73.5,150.32
102024,standard,135.12,39.3,Northeast,30.6,1,12,87.5,127.54
101449,Premium,143.58,24.3,South,34.1,0,7,67.9,165.81
102332,standard,117.56,52.7,South,78.3,0,5,73.5,126.69
101760,premium,171.38,47.2,South,39.6,0,4,70.9,203.2
100224,premium,220.89,14.7,Midwest,88.5,1,10,83.4,301.23
100955,standard,126.73,52.5,Midwest,61.2,0,3,65.4,143.57
102129,Premium,99.44,11.0,Midwest,94.0,0,4,83.9,141.63
101774,Premium,155.86,98.7,Northeast,91.6,0,2,74.0,139.73
100724,premium,155.72,12.5,West,68.4,0,3,82.1,163.85
100100,standard,118.81,26.8,Midwest,85.6,1,4,78.1,126.45
100613,Premium,85.45,14.3,Midwest,,1,5,57.6,5.89
101462,standard,118.89,19.1,Midwest,41.6,0,4,73.7,146.86
102189, standard ,144.43,28.2,Midwest,93.0,1,8,91.9,188.14
102473,value,76.73,50.0,Midwest,,0,2,65.3,87.42
102275,standard,91.63,17.6,Midwest,37.4,0,4,72.2,142.06
102242,value,45.57,46.6,Midwest,38.5,0,1,62.7,113.45
101419,standard,135.56,24.1,South,67.7,1,9,81.1,119.81
100653,standard,135.93,24.3,Midwest,52.8,0,1,56.1,127.63
102405,standard,94.38,16.5,Midwest,56.6,0,0,65.5,105.44
100358,standard,93.23,18.9,Northeast,90.4,0,2,74.1,120.46
102120,standard,104.27,80.2,West,76.3,1,4,78.0,102.96
102195,premium,157.34,13.4,Midwest,63.0,1,10,98.9,240.21
102400,standard,104.25,24.0,West,50.9,1,8,84.7,142.95
100704,standard,108.3,41.4,Northeast,60.5,0,5,77.3,101.45
101525,premium,217.67,20.7,West,102.0,1,9,80.2,243.47
102344,standard,91.37,28.1,South,15.0,0,5,70.5,73.76
101005,standard,141.18,31.8,South,102.6,1,10,84.3,183.58
100064,standard,92.0,24.2,South,43.4,1,4,68.3,92.71
101391,value,84.76,6.1,South,,0,4,71.5,80.15
102511,value,89.85,36.1,Northeast,29.1,1,4,70.3,124.45
101879,standard,134.35,41.8,Northeast,31.0,1,9,75.2,255.76
102116,standard,136.78,24.3,Midwest,66.0,1,9,82.3,225.52
102173,standard,137.26,24.5,Midwest,97.8,0,8,71.9,206.87
102307,premium,153.07,74.9,Northeast,93.1,1,8,65.0,113.73
100665,value,22.38,27.0,Northeast,15.0,0,2,59.3,-15.73
101885,standard,143.55,26.4,South,59.9,0,5,81.0,125.15
100727,premium,150.25,12.0,Midwest,110.5,0,3,83.9,155.47
102369,value,70.81,21.2,Northeast,53.4,0,2,55.5,77.55
101616,premium,177.2,31.3,West,94.8,1,9,80.0,216.94
102310,standard,106.88,25.6,Northeast,109.9,0,3,82.0,107.75
100545,premium,161.55,22.0,West,44.8,0,5,72.6,109.07
102386,premium,174.0,23.9,South,,1,5,79.4,145.27
100449,value,75.51,21.0,Midwest,96.7,1,12,75.8,92.86
101859,premium,177.83,16.9,West,70.9,1,0,78.1,181.12
100053,standard,145.21,26.9,Midwest,103.5,0,6,63.0,120.9
100743,value,48.78,32.7,Midwest,15.0,0,0,57.5,45.42
101615,premium,153.85,26.3,West,52.6,0,6,82.9,189.96
102440,value,82.24,19.5,Midwest,27.8,1,10,72.2,116.04
100303,premium,150.91,24.8,West,40.4,0,4,77.0,90.57
100087,standard,133.52,29.1,South,41.8,0,2,55.8,136.69
100679,standard,105.23,21.7,Northeast,74.5,0,0,64.2,104.29
101337,standard,100.69,27.5,South,15.0,1,8,77.9,123.92
100316,standard,130.4,45.3,Midwest,101.2,0,2,69.0,152.04
101109,value,64.2,53.1,Northeast,45.6,0,2,52.1,78.06
100323,premium,183.57,68.1,West,107.0,1,11,97.4,230.44
100957,standard,131.84,17.6,South,79.7,1,6,71.3,96.89
102298,standard,91.85,9.0,South,32.4,1,11,72.9,97.47
100369,standard,96.53,25.2,Midwest,92.1,1,8,82.4,97.23
100571,premum,207.87,25.3,South,81.5,1,6,84.0,177.23
101426,premium,164.26,41.0,West,88.1,0,2,74.7,137.67
101198,value,60.04,16.5,South,18.4,1,4,73.7,77.76
101930,premium,170.26,76.9,Northeast,,1,4,69.4,209.15
102029,value,43.74,4.8,South,40.2,0,5,81.6,72.94
100478,standard,101.92,23.9,Midwest,64.0,0,0,69.6,117.92
101204,value,44.73,19.4,South,50.4,0,4,70.7,39.1
101376,value,76.44,19.9,South,67.2,1,10,68.6,128.36
101769,standard,120.63,15.6,South,42.0,1,10,80.0,157.31
101649,standard,137.44,36.9,Midwest,73.9,0,5,67.4,143.0
100739,premum,137.88,6.7,West,66.7,0,4,64.9,141.74
101571,value,26.37,23.2,Midwest,15.0,1,4,69.9,49.87
101730,premium,182.15,7.0,Midwest,20.6,1,5,58.7,112.41
100117,standard,111.62,27.5,South,73.4,0,4,71.6,184.98
102121,standard,111.57,25.4,Northeast,82.0,1,5,80.6,127.32
100230,value,68.45,32.0,Northeast,41.9,1,7,89.4,149.17
101211,standard,99.11,30.6,Midwest,29.6,0,6,70.4,80.53
102370,value,86.4,39.7,South,21.4,0,6,49.2,72.12
102415,value,38.22,32.8,South,,0,0,63.6,59.38
100093,standard,109.71,15.0,South,40.6,0,5,72.9,164.85
100283,premium,157.94,41.8,West,48.0,0,5,70.4,136.97
102544,premium,181.11,49.6,West,71.8,1,8,94.1,204.27
100927,standard,130.6,29.5,South,56.1,1,7,75.5,176.37
100784,value,70.37,14.3,Midwest,97.4,0,8,74.4,148.36
102183,value,83.9,15.3,South,,0,2,75.6,127.5
101469,premium,158.92,23.2,West,50.5,0,1,73.6,151.93
100257,standard,145.9,14.7,Midwest,89.0,1,9,82.2,205.28
101483,standard,140.09,36.6,South,61.1,1,6,63.0,137.61
101599,standard,99.66,22.8,West,39.9,0,2,75.8,89.88
101089,standard,149.09,46.6,Midwest,69.3,0,6,72.3,192.01
102045,standard,123.03,28.7,West,82.9,0,1,74.0,144.18
102551,value,75.91,29.2,Midwest,56.0,0,0,69.2,65.63
101751,value,81.48,32.6,Northeast,17.1,0,2,67.2,117.65
100018,value,82.45,31.5,Northeast,59.6,1,7,78.8,174.53
100335,premium,160.39,23.6,South,92.7,1,10,73.6,165.11
101020,standard,96.99,15.3,Midwest,,0,2,59.4,117.31
101268,value,64.81,21.6,Northeast,34.1,0,3,65.4,70.21
102528,standard,115.03,24.8,West,19.4,0,4,70.5,186.31
102429,standard,109.29,63.6,Midwest,108.6,0,4,76.1,122.09
100183,value,51.35,55.9,South,41.2,0,1,57.8,95.52
101164,standard,101.65,24.7,Midwest,22.6,1,10,95.9,92.87
102486,value,57.62,22.6,Northeast,56.9,1,8,76.9,73.62
100110,value,39.77,18.9,West,,0,5,74.7,66.87
102580,standard,139.92,49.8,Northeast,100.6,1,8,77.0,124.2
102497,standard,99.63,21.7,Northeast,108.3,1,9,80.8,114.5
100600,standard,143.45,9.4,Northeast,,1,9,78.3,181.66
102163,standard,113.65,23.1,Midwest,15.0,0,1,63.2,102.68
101310,standard,129.78,26.3,Northeast,,0,4,77.6,151.24
102289,value,63.74,27.5,South,67.6,0,4,68.1,105.72
100442,premium,195.99,30.7,West,,0,5,76.4,192.93
101513,standard,140.12,33.5,West,82.7,1,9,79.6,176.3
102158,value,61.19,33.4,South,15.0,0,0,67.5,63.79
101293,standard,112.89,29.7,South,42.5,0,1,49.3,123.81
101563,standard,124.88,22.6,South,43.1,0,6,71.5,88.92
102261,standard,101.82,27.3,South,77.5,1,10,78.4,148.73
100827,premium,214.11,30.4,West,77.2,0,4,65.9,195.31
100628,standard,141.72,51.6,South,68.2,1,7,87.3,201.76
102255, standard ,116.89,36.7,Midwest,65.1,1,8,75.5,151.94
100397,standard,90.78,6.2,South,40.3,1,8,89.2,140.94
102351,premium,190.11,36.2,Midwest,119.6,0,9,72.7,206.85
101383,standard,134.82,21.3,South,15.0,0,5,66.5,107.19
101802,value,62.42,27.1,Midwest,46.6,0,6,75.9,82.13
101411,standard,118.13,62.6,Midwest,87.8,0,3,64.0,126.77
101443,VALUE,5.0,53.2,West,15.0,0,1,61.2,-4.81
100709,value,76.88,6.9,South,74.6,0,1,75.8,116.89
101288,standard,96.03,24.4,West,24.5,0,3,73.6,72.78
101945,premium,198.78,51.1,Northeast,73.5,0,6,75.8,156.03
102453,value,68.2,34.4,South,81.0,1,5,59.3,110.74
101579,premium,158.84,89.8,West,70.8,0,2,80.5,199.72
100757,standard,137.08,35.2,West,78.7,1,9,80.6,166.96
101686,premium,157.73,18.6,West,109.8,1,9,84.4,220.42
101722,standard,97.32,48.6,Midwest,26.6,1,5,73.3,85.97
100895,standard,108.38,8.0,Northeast,66.2,1,10,72.4,133.65
100520,Premium,37.78,46.5,Northeast,,0,5,50.6,13.21
100130,standard,138.36,26.6,Midwest,52.1,0,5,81.0,178.49
101529,value,85.88,26.5,Northeast,27.5,0,2,64.4,62.74
101141,standard,136.57,7.2,Northeast,35.7,0,1,55.3,114.76
101565,premium,182.18,32.4,South,90.6,1,10,81.6,227.76
100853,standard,137.26,29.2,Northeast,97.7,1,5,63.7,88.9
100362,standard,107.29,24.4,West,,0,6,73.1,134.39
102409,value,55.16,37.2,West,69.2,0,5,60.3,111.1
100185,premium,205.55,63.8,Northeast,80.2,1,7,79.6,250.62
101515,value,41.85,8.8,Northeast,24.7,0,0,62.0,84.22
101871,standard,101.25,15.2,South,48.4,0,5,79.4,121.31
102464,standard,122.46,13.2,Midwest,15.0,1,8,62.9,206.36
100381,standard,98.75,22.2,Midwest,,1,3,74.7,104.39
100103,premium,157.78,48.4,Midwest,,0,9,73.3,184.79
100317,value,66.39,28.8,West,63.2,0,0,60.9,92.08
100792,value,70.02,44.3,Midwest,83.3,0,3,70.5,124.1
100553,standard,95.28,29.9,Northeast,87.3,0,6,66.9,164.86
101682,value,33.34,19.2,Northeast,55.5,1,8,86.1,70.99
101494,value,7.29,9.7,Midwest,15.0,0,1,57.2,20.68
100403,standard,90.99,57.2,Midwest,46.0,0,2,67.2,73.05
101280,standard,92.17,25.8,West,53.3,0,4,69.9,131.63
100987,value,86.93,56.9,Midwest,60.5,0,5,65.3,40.54
101581,value,73.76,41.2,West,56.8,0,7,85.2,104.9
101781,value,26.23,52.4,South,62.5,1,5,73.2,78.2
100509,value,48.67,26.7,South,18.6,1,8,58.7,157.15
101932,standard,133.66,15.6,Northeast,95.0,1,12,86.1,203.01
102425,standard,110.81,15.8,Midwest,31.1,1,4,66.3,147.52
102536,premium,150.4,22.0,South,118.8,1,9,76.9,222.64
102080, standard ,71.01,45.6,West,,1,3,82.3,31.79
101808,standard,91.0,42.1,Northeast,49.9,1,6,83.2,141.96
100441,premium,248.38,74.8,South,91.1,1,10,82.5,272.85
101218,value,82.71,33.4,South,,0,0,65.8,96.88
102089,value,83.66,29.5,West,66.7,1,2,74.7,117.64
101716,standard,98.14,22.0,West,22.7,0,1,68.1,123.28
102014,standard,132.38,6.1,Northeast,60.6,1,6,83.9,152.84
100833,premium,177.48,41.8,South,67.8,1,4,82.2,176.18
101041,premium,177.51,25.9,South,84.0,1,8,80.1,224.67
100964,standard,111.77,23.0,Midwest,63.5,0,3,60.2,117.47
100991,premium,195.76,10.9,South,78.8,0,6,82.5,162.16
100529,standard,136.16,16.8,Northeast,43.8,1,8,85.2,202.7
102399,standard,98.52,18.5,Midwest,15.0,0,1,68.9,86.37
101959,standard,136.19,21.9,West,15.0,0,1,72.6,87.71
100926,premum,116.24,46.2,South,93.9,1,11,84.1,235.97
100221,value,54.39,15.1,Northeast,54.2,0,0,62.3,105.51
102529,VALUE,163.94,35.4,West,80.8,1,9,85.5,165.02
102395,value,69.42,26.7,Northeast,36.9,0,0,73.6,71.55
101703,value,49.68,23.4,Northeast,24.4,0,3,54.6,80.27
101106,standard,100.22,12.2,Northeast,46.4,0,0,54.4,72.57
102155,value,5.0,13.4,Midwest,15.0,0,3,60.1,17.04
101798,standard,110.02,26.9,South,66.1,1,9,82.4,163.1
102554,standard,124.38,10.2,Northeast,78.1,0,5,66.2,179.78
100821,standard,94.81,73.6,South,20.9,0,2,61.2,82.63
100089,standard,145.96,16.3,West,55.7,1,12,79.6,183.25
101312,standard,130.35,17.3,West,55.3,1,6,80.8,92.93
101062,premium,170.28,9.5,Northeast,59.1,0,6,78.8,210.65
101950,standard,140.52,26.3,Northeast,52.3,0,6,74.6,117.02
101179,standard,142.14,21.6,South,84.9,0,7,75.2,154.14
101051,VALUE,115.46,2.8,West,73.8,0,3,80.0,143.49
102575,premium,224.91,16.5,South,63.5,1,7,88.1,229.7
100519,standard,111.91,10.3,Northeast,33.5,0,4,49.4,172.36
102430,value,73.97,12.0,Northeast,,1,4,73.9,76.81
100349,value,40.58,42.8,South,52.0,0,5,59.8,114.08
102136,value,35.2,29.3,South,40.9,0,4,79.5,75.42
101384,standard,100.1,16.0,Midwest,76.4,0,4,75.2,138.93
100113,standard,131.27,30.6,Northeast,43.1,0,2,79.1,107.24
102443,standard,141.03,38.6,Midwest,46.9,1,8,81.8,212.85
101922,standard,122.33,19.6,Northeast,45.2,0,1,73.7,114.55
102076,standard,130.14,11.7,South,56.9,1,10,92.0,155.37
100690,standard,92.72,15.5,South,59.4,0,0,78.9,154.33
102191,Premium,49.33,14.4,Midwest,61.4,0,5,85.3,-2.06
100811,value,78.23,18.6,South,38.1,0,5,52.5,46.96
100874,standard,127.02,8.5,South,66.7,1,5,86.8,160.05
100567,standard,116.95,8.5,Midwest,25.3,1,6,84.0,145.67
100881,value,55.88,21.6,Northeast,,0,0,82.0,93.89
100188,standard,112.85,55.3,West,57.3,0,0,71.5,141.86
100211,standard,123.95,36.5,Midwest,64.7,1,7,71.2,116.96
102115,value,85.14,17.8,West,112.6,0,8,58.4,136.89
102398,Premium,39.32,22.4,Midwest,15.0,0,0,74.3,66.56
100716,standard,101.14,21.8,Northeast,33.7,0,0,62.0,92.69
101728,standard,123.09,53.3,Northeast,97.0,1,4,60.3,174.72
101820,standard,101.0,39.5,West,47.3,0,1,54.3,67.49
101917,premium,179.74,15.5,Midwest,,1,9,74.8,178.98
100550,premium,153.84,30.4,West,89.9,1,5,77.6,199.85
101258,premium,186.86,32.7,South,61.9,1,8,77.8,194.94
101031,standard,92.92,21.7,Midwest,,1,9,87.2,155.21
102011,standard,109.62,23.0,Midwest,39.0,0,0,65.7,111.34
101266,standard,139.75,41.9,Midwest,,0,1,75.7,137.23
101059,value,52.77,44.4,South,34.8,0,6,77.7,74.98
100630,value,45.43,64.1,Midwest,63.3,0,4,54.5,33.28
102466,standard,114.0,47.0,West,88.4,1,3,68.4,139.2
102249,standard,120.32,16.6,West,,0,2,95.0,151.82
100355,value,83.52,18.5,South,,0,3,72.1,75.59
101821,premium,180.38,29.9,Midwest,38.2,0,2,62.6,185.22
100809,standard,140.41,31.4,Northeast,48.1,1,8,75.4,139.28
101520,standard,133.99,6.1,West,65.3,0,3,77.3,139.6
101060,standard,103.17,84.3,Midwest,15.0,1,6,74.8,113.43
101572,standard,100.95,30.8,Midwest,25.1,0,4,65.6,170.74
101900,standard,96.12,37.3,South,34.0,0,3,54.9,41.16
102467,value,58.48,22.9,West,15.0,1,6,66.3,95.72
101493,standard,138.45,19.1,Midwest,57.7,0,5,77.7,148.8
100493,premium,171.76,12.1,West,72.5,0,7,64.5,190.44
101588,standard,112.17,24.2,South,65.9,1,5,77.6,133.32
100719,premium,166.11,20.9,Northeast,83.9,0,7,64.2,176.45
101233,value,68.76,57.1,Midwest,62.5,1,3,63.0,86.56
100153,standard,149.39,65.1,South,91.7,1,6,64.0,194.9
100771,premium,238.67,19.7,South,85.6,1,10,76.4,227.04
101918,premium,168.74,22.8,South,108.1,1,10,75.4,219.13
100425,value,12.17,19.2,South,16.9,0,3,57.5,75.38
100407,value,62.47,35.2,Northeast,66.0,0,5,72.5,88.12
100404,premium,230.23,26.6,Northeast,63.3,0,7,63.8,218.58
100452,Premium,217.4,64.2,South,84.2,1,11,90.1,197.62
101468, standard ,170.12,45.0,Northeast,25.8,1,2,80.2,116.23
100723,value,86.53,29.8,West,21.8,0,2,64.8,115.64
100662,value,24.89,26.7,Northeast,,1,1,65.7,11.39
102390,standard,130.41,23.7,West,57.4,0,1,72.7,149.84
101111,standard,117.59,18.2,South,70.8,1,9,79.4,184.61
100399,premium,167.59,13.1,Midwest,88.1,1,8,74.1,216.41
102043,standard,149.42,14.6,West,32.9,1,5,72.6,112.34
101364,value,36.81,40.8,South,24.7,0,4,56.9,52.92
102482,standard,105.99,42.2,Northeast,15.0,1,4,63.1,95.46
100163,premium,182.5,56.5,Midwest,117.7,1,11,78.1,244.47
101878,premium,192.52,22.2,South,85.5,1,8,83.6,237.77
101392,premium,235.85,34.2,Northeast,58.5,1,9,74.3,324.23
102367,standard,126.31,55.6,Northeast,75.6,1,10,81.3,184.95
102348,standard,133.32,29.1,Midwest,81.5,1,7,71.1,224.89
100659,standard,128.82,19.2,West,91.0,1,9,89.3,222.42
100896,value,61.27,44.6,Midwest,15.0,0,2,73.0,52.71
100490,value,45.92,4.3,South,83.3,0,3,79.2,78.75
102271,value,38.01,81.1,Midwest,38.9,1,6,66.9,79.93
100098,standard,112.91,39.6,West,15.0,0,5,72.5,113.4
102470,value,52.93,34.6,West,54.4,0,2,58.4,42.9
100154,value,61.02,7.9,West,26.3,0,8,64.1,102.34
100502,standard,144.63,33.5,West,88.0,1,10,74.8,168.34
101232,value,39.72,65.2,West,70.4,1,6,67.6,172.44
102169,value,86.67,8.6,South,56.3,0,6,66.4,86.48
100394,value,41.02,49.9,Northeast,40.1,0,1,75.0,10.4
100697,standard,130.62,45.5,South,58.6,0,9,80.1,211.26
100267,standard,124.81,33.7,Midwest,45.4,0,1,59.9,144.93
100287,standard,113.4,37.8,Midwest,64.0,0,6,55.2,156.07
100933,standard,139.84,81.6,Northeast,,1,6,92.8,206.49
102490,value,76.21,32.4,South,,0,2,61.7,57.8
101772,standard,102.99,64.6,Midwest,65.5,0,4,72.9,131.13
100505,value,17.97,35.0,Northeast,48.7,0,0,63.3,34.32
102555,Premium,173.06,56.8,Midwest,43.4,1,11,81.4,230.77
102510,VALUE,76.67,10.9,Northeast,23.0,0,0,62.6,89.23
101402,standard,142.98,8.6,Midwest,66.8,0,4,67.4,157.01
100111,standard,125.82,41.7,Northeast,39.5,0,5,72.1,125.36
102146,standard,99.89,15.8,West,40.3,0,3,65.4,106.32
102442,premium,157.57,36.7,Midwest,63.3,0,6,76.3,171.92
100320,Premium,140.25,54.7,West,54.5,1,10,82.2,210.11
101002,standard,121.56,36.2,Midwest,56.7,1,8,85.3,181.51
102297,value,80.33,10.3,West,,0,3,72.7,95.53
101076,standard,140.3,52.1,South,66.0,1,7,62.4,194.62
101004,standard,149.97,22.6,Midwest,39.5,1,7,77.3,214.25
100122,value,80.55,28.3,West,20.1,0,0,54.4,52.54
100983,standard,126.27,17.6,West,78.8,0,7,78.0,139.68
102588,premium,161.54,8.7,Midwest,60.2,1,8,66.7,232.98
101452,standard,96.21,14.8,West,58.6,0,4,80.0,89.91
101662,value,36.43,29.3,Midwest,,0,0,46.6,42.22
101601,premium,160.89,12.9,West,57.3,1,5,83.6,232.69
102215,value,87.71,27.0,West,,1,9,67.4,133.7
100435,premium,180.31,27.5,South,,0,5,71.4,197.66
101145,standard,132.12,27.3,West,108.8,0,3,66.5,138.17
100846,value,59.86,17.4,Midwest,80.1,0,5,68.5,134.85
100682,premium,175.48,31.0,South,58.4,1,8,79.9,221.27
101792,value,59.48,8.5,Midwest,36.4,1,6,81.0,93.27
101030,value,79.79,45.6,Northeast,59.9,0,5,64.2,100.0
100601,value,78.2,23.0,South,,0,4,48.8,124.34
100778,premum,91.96,57.5,South,37.4,1,11,85.2,148.24
101066,standard,127.51,11.2,Northeast,81.2,1,8,83.9,195.87
102533,standard,120.68,61.0,Northeast,35.5,0,4,77.4,144.87
102291,standard,99.38,50.3,West,15.0,0,1,60.3,106.81
101858,value,72.26,19.4,South,61.9,0,5,55.6,11.93
101568,value,66.99,24.9,Northeast,33.8,0,7,73.9,37.42
102448,VALUE,78.73,9.8,Northeast,54.6,0,2,62.7,26.97
102422,value,43.0,11.8,Northeast,28.5,0,4,58.9,37.02
101949,standard,131.72,33.3,Midwest,36.5,0,1,50.7,181.91
101029,value,54.05,40.6,Northeast,,0,2,47.2,-5.97
100664,standard,148.06,34.1,Northeast,85.6,1,8,72.3,213.68
102439,value,68.1,33.6,West,85.2,0,7,51.7,131.64
100129,value,56.21,12.3,South,60.4,0,3,57.2,68.23
100585,value,45.67,10.2,West,43.1,0,8,68.7,59.33
101313,standard,99.54,35.2,Northeast,65.1,0,4,64.0,111.87
102300,premium,192.15,13.8,Midwest,80.1,1,7,87.4,189.92
101332,standard,102.06,12.1,Midwest,77.6,0,4,85.7,118.44
101948,premium,159.11,21.4,West,89.5,1,10,79.2,144.54
100558, standard ,54.15,25.3,Midwest,,0,5,56.2,57.47
100579,standard,142.63,15.1,West,45.9,1,9,75.3,212.83
100012,value,63.48,31.9,Northeast,16.1,0,0,74.8,62.81
102265,standard,95.17,20.9,Northeast,72.8,0,4,60.8,129.28
102564,value,65.11,12.8,West,98.2,1,7,70.2,102.85
100380,value,70.42,6.6,Northeast,28.1,0,4,67.2,104.81
100337,premium,165.73,18.1,Northeast,93.9,1,7,70.6,222.22
100027,value,23.3,27.8,Midwest,18.4,0,0,59.5,48.86
102583,standard,92.77,28.4,Northeast,67.6,1,5,70.9,133.58
101967,standard,127.26,26.8,West,65.0,0,5,73.7,213.77
101507,standard,92.39,38.8,Northeast,36.9,0,6,71.3,150.85
101047,value,87.74,49.8,West,33.1,0,1,79.3,120.35
101762,value,71.7,28.0,West,80.1,0,6,78.6,125.81
100484,standard,129.01,21.4,Midwest,45.1,1,8,77.8,220.09
102569,premium,151.32,8.0,West,68.3,1,11,94.1,153.04
101012,value,62.9,31.6,West,,1,5,71.3,102.88
101741,standard,114.38,21.1,South,105.1,0,4,81.8,150.43
101148,standard,148.76,50.7,Northeast,68.5,0,5,75.0,197.15
100296,standard,95.42,34.3,South,27.8,0,2,59.0,77.21
101677,standard,101.93,43.6,West,40.7,0,5,60.6,146.16
100999,value,69.26,56.5,Northeast,41.2,0,6,62.6,84.71
100528,value,56.91,57.5,South,48.8,0,1,49.3,80.54
100771,premium,238.67,19.7,South,85.6,1,10,76.4,227.04
101175, standard ,110.72,9.1,South,36.1,1,6,80.6,150.52
101994,standard,107.62,13.8,Northeast,88.2,1,4,75.9,135.05
101113,premium,182.88,36.1,South,94.6,1,10,95.6,202.71
102329,value,71.89,43.2,Northeast,62.8,0,5,63.1,132.62
100783,value,64.68,43.3,South,47.1,0,0,75.7,112.75
100430,value,69.0,50.9,Midwest,26.8,0,0,70.1,52.63
102218,Premium,84.65,37.2,Northeast,43.9,0,2,56.8,112.57
100555,standard,130.31,9.2,West,38.4,0,5,65.8,133.05
100928,standard,128.96,41.4,Northeast,94.8,1,10,90.3,177.43
100758,standard,134.44,24.9,South,50.2,1,8,77.2,187.66
101739,premium,154.27,9.9,South,110.0,1,8,78.8,218.55
102567,value,63.2,17.4,South,,0,4,66.1,84.11
102414,value,75.12,8.5,Northeast,80.1,0,5,54.5,90.63
101604,standard,94.42,23.6,West,68.5,0,0,47.8,76.44
100786,Premium,157.45,14.5,Northeast,74.7,1,8,62.7,150.76
102578,standard,97.04,70.9,Northeast,49.9,1,8,80.4,186.18
101367,standard,104.84,64.1,South,22.8,1,8,78.8,129.52
101813,standard,97.31,39.6,Midwest,26.5,0,0,71.9,77.45
100981,value,64.07,58.5,West,42.1,0,4,65.5,35.09
100965,standard,133.74,16.4,West,77.5,1,8,75.9,155.78
100997,value,62.49,89.2,West,57.6,0,4,85.6,108.6
101352,value,58.46,19.6,Northeast,36.0,1,5,59.8,47.11
102586,standard,120.96,11.2,Midwest,70.2,1,8,69.8,190.04
100201,premium,165.58,13.6,South,75.7,0,6,74.0,188.53
101789,standard,126.7,22.6,Northeast,42.6,1,10,79.2,184.0
102452,standard,120.85,12.4,Midwest,80.7,0,2,80.6,87.54
100593,standard,144.53,28.6,Northeast,65.9,1,8,80.4,189.4
101349,standard,117.37,11.0,Northeast,53.9,1,8,83.7,140.67
101255,premum,190.86,17.4,South,91.4,1,5,93.8,211.29
100804,value,24.25,41.6,South,68.0,0,5,71.1,59.28
101651,value,46.1,21.7,South,,1,0,47.5,69.56
100128,value,75.84,54.1,Midwest,16.6,0,3,67.0,75.64
101897,standard,108.67,41.3,South,39.4,0,4,75.7,107.08
102057,standard,96.77,29.7,Northeast,30.5,1,6,84.9,142.46
101435,standard,112.18,34.4,Midwest,72.7,1,7,69.7,135.32
100193,value,60.76,44.5,South,67.3,0,4,76.9,71.35
101957,standard,144.68,37.6,Midwest,,0,4,62.9,141.37
102202,standard,114.59,7.6,Midwest,53.9,1,6,73.6,144.41
101972,value,76.48,19.2,South,53.3,0,3,47.7,92.45
102350,standard,95.97,54.7,Midwest,47.5,0,4,76.6,84.06
101718,standard,138.13,12.1,South,41.3,1,7,82.3,142.6
101758,value,62.9,49.7,Midwest,15.0,0,1,55.5,24.8
102207,standard,148.84,62.5,Midwest,34.2,0,6,78.5,128.54
100039,premium,212.8,28.0,Midwest,51.3,1,9,90.5,238.18
101119,value,73.33,17.1,Midwest,42.4,1,7,77.7,134.29
101094,premium,211.09,42.8,Midwest,72.3,1,12,90.8,225.86
101306,VALUE,134.56,16.0,West,,1,5,62.4,153.74
102153,premium,187.56,13.6,Northeast,78.8,1,12,70.7,248.43
101701,premium,176.29,23.7,Northeast,82.5,1,5,77.8,197.95
102404,standard,98.38,48.2,Midwest,48.6,0,4,79.3,105.06
102406,premium,156.45,42.0,South,59.5,1,8,70.7,144.29
100742,value,77.46,37.3,Midwest,39.1,1,6,76.0,149.21
101276,standard,140.31,86.7,Northeast,77.3,0,4,62.5,154.3
100223,value,33.04,20.9,Northeast,34.4,0,2,67.4,10.22
101065,value,5.0,57.9,Midwest,,0,3,68.5,73.8
100726,standard,149.6,16.4,West,67.6,0,5,81.8,132.56
100918,premium,181.91,44.0,South,54.9,1,8,81.8,225.57
102266,standard,110.78,53.3,South,66.5,1,8,105.8,139.43
102137,value,65.58,24.6,Northeast,15.0,0,1,63.3,76.21
102192,standard,108.46,46.2,South,18.0,0,1,70.9,100.33
102525,value,50.14,15.2,South,15.0,0,1,58.6,37.73
101652,standard,123.48,27.3,South,35.2,0,5,57.9,120.13
100134,standard,95.86,26.8,Northeast,15.0,0,3,58.6,103.45
101398,value,73.68,42.9,Northeast,109.1,1,9,82.4,128.67
101773,premium,167.96,40.0,Midwest,67.1,1,6,77.7,177.97
100071,standard,92.53,24.8,Northeast,41.5,1,8,86.3,148.72
101410,standard,120.45,26.0,Northeast,90.3,1,11,79.2,194.01
101485,standard,99.06,27.3,South,59.9,0,4,74.9,126.08
101915,standard,113.24,35.1,Northeast,,0,8,93.3,146.0
100295,value,85.29,37.5,Northeast,,1,10,77.6,147.7
101463,value,83.13,85.4,West,73.7,0,4,80.2,120.02
102364,premium,258.01,21.2,Northeast,146.3,1,11,88.5,265.1
101826,standard,110.92,15.5,South,26.6,0,0,54.5,104.03
101045,premium,163.59,27.5,West,21.3,0,4,77.1,125.8
101389,premium,173.73,16.0,West,80.3,1,10,87.5,253.75
101777,standard,98.61,42.4,West,56.6,1,8,84.6,122.95
101552,premium,174.11,38.5,West,71.4,1,7,81.5,244.62
102035,standard,128.03,68.5,West,66.3,1,8,67.9,150.49
100472,standard,124.76,19.4,South,30.3,0,4,63.5,89.05
100239,value,74.62,39.8,Midwest,59.4,0,0,81.4,83.19
101382,standard,108.19,14.2,South,37.9,0,6,63.4,113.52
101298,standard,102.87,12.0,Northeast,43.3,0,7,70.2,116.58
101549,premium,243.55,37.7,Midwest,110.5,1,11,90.6,306.31
101334,standard,128.62,47.0,Midwest,50.3,0,2,71.1,166.3
102064,standard,129.0,76.0,Midwest,97.5,0,3,69.1,137.93
100855,standard,94.57,90.0,West,58.7,0,4,70.8,127.95
100070,value,53.01,19.2,West,46.3,0,6,73.7,139.55
101097,standard,111.93,32.3,Midwest,15.0,1,4,66.8,127.24
101517,standard,122.75,25.2,Northeast,50.5,0,1,71.2,156.63
100477,standard,122.46,27.1,Northeast,42.8,0,3,59.3,127.37
101492,value,61.44,6.3,South,34.1,0,7,65.2,73.55
101264,value,45.11,12.0,Northeast,64.0,0,0,74.7,110.05
100913,standard,134.21,10.8,West,66.0,0,5,81.6,141.09
102165,value,74.03,42.4,South,,0,4,66.4,117.43
102119,value,47.23,14.5,Northeast,,0,0,66.7,44.14
101605,standard,103.52,45.2,South,66.2,0,4,82.4,150.52
102338,VALUE,129.02,37.6,Midwest,36.9,0,5,67.4,143.18
102471,standard,145.96,56.2,Northeast,32.4,1,8,85.6,144.85
101853,value,70.08,32.0,Midwest,,0,9,68.5,106.49
101460,value,20.85,30.3,Northeast,31.1,0,3,65.6,25.19
102309,premium,153.5,21.4,West,68.3,1,4,82.8,171.1
101078,standard,117.43,42.1,Northeast,19.9,0,0,64.1,93.9
101577,value,57.97,19.7,Northeast,,0,1,58.3,91.33
102299,value,70.2,33.0,Midwest,,0,1,73.1,132.67
102383,premium,199.21,23.3,Northeast,92.3,1,9,81.8,228.2
100114,standard,126.15,37.0,South,,0,4,69.4,129.78
102050,value,50.17,61.4,South,41.4,0,3,72.6,159.38
100416,VALUE,160.84,69.3,West,84.2,0,2,86.3,160.75
100170,value,60.72,35.3,Northeast,28.1,1,7,73.9,101.94
102568,premium,153.36,32.8,South,45.0,1,5,99.5,170.03
100718,value,9.37,16.2,Midwest,15.0,0,5,55.5,40.53
100495,premium,162.78,34.5,Northeast,103.3,1,7,81.4,168.12
102093,value,46.33,24.3,West,67.0,0,4,49.9,54.54
101898,standard,117.2,39.2,Midwest,51.9,0,5,75.4,128.1
100372,standard,93.53,13.9,West,49.9,1,9,80.9,133.99
102013,value,88.67,42.4,Midwest,47.9,0,4,70.2,158.78
101620,standard,105.92,60.7,Northeast,76.1,0,6,81.2,124.83
101591,value,23.11,9.8,South,51.9,0,5,79.7,85.65
100035,premium,176.65,21.1,Midwest,81.4,0,7,71.0,207.51
100286,premium,189.85,22.2,West,92.8,0,7,67.8,193.95
100763,premium,181.6,21.0,Northeast,51.8,1,6,84.2,178.08
101087,standard,129.65,9.8,West,68.4,0,2,63.5,141.43
101775,standard,95.64,28.5,South,22.8,0,5,78.6,126.41
102040,value,84.65,22.3,South,49.8,0,7,70.6,95.43
101745,standard,125.17,45.2,Midwest,119.0,0,6,67.5,249.44
101297,standard,120.0,33.0,Midwest,104.0,1,7,77.8,213.36
100639,standard,146.64,29.3,Midwest,87.1,0,9,84.7,122.48
101355,value,64.95,51.5,Northeast,105.4,0,4,79.7,131.77
101874,value,38.57,18.3,West,15.0,0,0,64.8,-14.85
100831,value,50.94,10.4,Midwest,32.1,0,6,62.1,49.66
100508,premium,157.0,18.5,Northeast,50.2,1,11,81.2,207.85
100798,value,77.41,23.7,West,80.4,1,7,80.7,129.53
101592,standard,106.74,31.9,West,80.0,1,9,80.1,138.78
100972,standard,97.38,7.7,Midwest,71.4,0,3,80.7,159.94
102570,standard,142.39,12.1,Northeast,102.0,1,6,80.2,193.93
101618,premium,173.76,23.3,Midwest,61.8,1,9,83.4,181.54
101016,standard,129.27,57.5,Midwest,51.0,1,9,81.4,171.13
100671,standard,115.54,25.4,Midwest,79.4,1,10,83.9,175.16
100350,standard,93.12,31.5,West,,1,1,66.8,99.42
101180, standard ,193.34,6.1,West,60.8,1,7,85.1,236.25
101112,value,83.59,36.1,Midwest,26.0,1,6,75.9,142.43
101532,value,75.19,66.8,Northeast,,0,7,68.6,92.32
101320,value,48.15,30.2,South,,0,2,66.5,88.84
100514,standard,104.64,16.3,Northeast,46.8,0,7,67.4,89.45
102333,Premium,129.84,59.6,Midwest,93.1,0,3,70.9,128.73
102230,premium,164.31,22.3,Northeast,96.9,1,8,75.4,227.2
100096,standard,124.55,80.8,Northeast,86.2,1,5,85.9,173.27
101990,standard,122.73,31.1,Midwest,43.3,0,2,70.3,109.43
101221,value,40.68,65.2,South,58.7,1,7,61.8,44.57
101365,standard,97.31,27.4,Northeast,56.5,0,5,63.1,93.87
100075,standard,133.44,32.4,West,47.0,1,8,79.4,181.35
100278,premium,191.42,22.2,Midwest,52.0,0,7,60.0,200.1
100974,value,85.0,37.4,Midwest,,0,0,65.4,67.15
100069,standard,133.34,70.0,Midwest,73.6,0,5,55.4,117.74
102164,value,75.65,53.5,South,15.0,0,3,67.0,104.78
100424,value,67.64,51.7,Northeast,,1,7,64.8,109.36
100858,standard,94.66,29.6,Northeast,89.5,1,5,96.3,123.4
102049,standard,135.56,26.0,West,36.4,0,3,67.1,214.08
102330,premium,174.88,9.0,Midwest,64.4,0,4,71.6,169.57
100291,premium,173.51,40.1,Midwest,94.8,1,11,71.8,234.12
100861,value,67.47,40.2,Midwest,25.0,0,3,67.8,107.58
102513,standard,91.28,40.9,South,24.3,1,3,78.7,96.09
101181,value,89.86,37.9,Midwest,41.0,0,0,65.3,139.07
100263,premium,158.69,34.4,West,67.7,1,8,76.7,154.48
102512,standard,143.19,24.7,South,66.8,1,4,69.8,154.56
101139,standard,128.47,66.9,Northeast,36.0,0,3,66.3,104.9
100339,premium,166.42,40.1,South,,1,7,75.2,198.62
101053,standard,105.38,40.1,West,70.7,0,8,68.8,150.44
100140,standard,135.32,12.0,Midwest,73.4,1,11,79.0,171.05
101749,premium,222.56,10.3,Northeast,107.9,1,12,90.8,260.13
100200,value,71.19,35.1,Northeast,,0,5,66.5,134.0
101880,standard,102.61,23.4,Midwest,38.0,0,4,68.7,94.16
101363,value,57.24,35.0,Midwest,,0,3,70.4,76.67
100255,premium,172.74,33.1,West,75.6,1,8,90.8,204.57
100661,standard,112.49,27.7,Midwest,51.3,0,2,78.2,34.54
101681,standard,142.57,6.3,Midwest,77.9,0,10,75.5,186.72
101125,premium,153.81,15.3,South,71.1,1,4,72.8,155.76
100518,standard,104.03,29.7,Northeast,81.5,1,5,82.2,200.57
100990,value,69.25,41.3,Northeast,28.4,0,3,57.6,101.14
102320,VALUE,140.43,64.0,Northeast,28.0,1,5,87.9,155.69
100020,standard,112.73,31.5,Northeast,,0,4,74.4,150.73
102134,standard,101.91,31.4,South,69.0,0,3,77.7,104.1
101676,standard,149.4,18.4,Northeast,81.8,0,6,75.7,235.08
100212,standard,93.54,20.3,South,78.9,1,8,75.4,147.06
101434,value,32.13,19.9,South,61.8,1,8,67.2,104.8
101151,standard,143.39,22.4,South,54.3,1,6,88.2,181.58
102559,premium,170.16,40.9,West,80.0,1,9,88.4,201.53
102131,value,49.61,28.7,West,,1,5,71.6,56.92
100877,standard,131.42,34.2,South,96.8,0,4,71.9,148.61
101205,standard,146.47,57.7,West,58.7,0,3,79.5,163.95
102056,standard,124.36,26.6,Midwest,61.2,1,5,85.7,117.4
100517,premium,161.32,36.1,South,,1,6,66.9,202.04
101251,standard,101.44,17.0,West,76.5,0,2,83.5,125.77
100119,standard,98.49,23.6,South,86.3,0,9,72.1,130.14
102319,standard,142.07,7.2,South,52.8,1,8,82.5,142.29
102174,value,79.8,54.9,Midwest,109.9,1,7,73.3,130.56
101329,value,74.68,27.8,Northeast,52.1,0,0,77.4,115.42
100702,premium,178.74,21.9,South,74.9,0,3,60.0,156.04
101274,standard,102.58,67.9,Midwest,74.0,1,9,88.7,137.81
100288,value,89.02,9.7,Northeast,64.6,0,4,63.0,157.55
101818,value,39.71,43.6,Midwest,15.0,0,0,70.9,43.45
100345,standard,125.67,32.1,Northeast,49.3,0,3,73.5,126.95
100081,standard,119.86,23.7,West,45.0,1,8,71.7,163.74
101098,premum,148.79,21.8,West,72.1,0,5,61.5,153.35
100810,value,25.64,52.6,South,54.8,0,5,63.1,58.72
100900,value,63.51,29.3,South,67.7,0,2,72.8,113.59
100438,premium,198.21,9.5,Northeast,75.9,1,9,81.8,294.16
100648,value,75.88,27.7,Northeast,23.3,0,7,68.7,88.62
100333,value,55.44,20.4,South,63.5,0,4,69.4,100.03
101805,standard,95.29,23.7,South,,0,6,79.9,148.16
101321,standard,110.22,43.0,West,,0,1,73.4,111.04
100289,standard,91.56,39.1,West,56.0,1,7,73.8,108.8
101077,value,15.3,45.4,Midwest,15.0,0,0,66.4,33.05
101844,value,66.87,44.9,Northeast,39.6,0,4,66.6,137.61
101168,standard,148.04,70.8,Northeast,,1,9,77.1,175.08
101797,standard,131.2,5.4,West,66.9,0,6,79.2,130.67
100309,value,54.25,36.7,South,29.4,0,0,62.9,46.19
101779,standard,119.31,9.6,Northeast,80.5,1,11,90.5,145.44
100226,value,58.89,21.2,Midwest,28.2,0,5,69.1,126.0
100525,premium,169.08,18.2,West,67.8,1,6,88.2,170.38
101207,value,68.77,43.0,South,42.2,0,1,60.4,37.71
101173,premium,160.29,81.3,Midwest,90.7,1,6,74.4,236.7
101046,standard,145.9,25.8,Northeast,81.1,0,6,80.9,153.75
101436,standard,128.59,17.4,Midwest,89.7,1,8,98.5,202.71
101444,premium,186.65,19.9,West,88.3,1,11,72.4,240.73
101117,value,44.14,26.5,Midwest,76.0,0,1,60.7,46.74
101526,standard,100.56,26.1,South,83.1,0,1,75.9,95.1
101017,standard,122.25,46.4,Midwest,38.0,1,10,70.2,164.74
100963,value,76.23,21.6,West,44.6,0,2,76.9,74.59
100698,premum,92.02,18.6,West,28.6,1,6,84.1,163.36
101996, standard ,136.27,57.2,Midwest,38.1,0,3,55.1,94.86
100353,VALUE,85.52,49.7,Midwest,42.5,1,7,81.8,145.44
100294,standard,122.43,42.9,West,82.0,1,6,80.9,146.12
100354,value,78.87,57.6,South,15.0,0,6,72.6,68.49
101114,value,62.67,39.7,West,42.3,0,2,62.3,40.01
102285,value,63.5,63.6,Midwest,20.7,0,4,79.0,131.74
102520,value,69.93,55.2,West,60.3,0,5,82.0,67.42
102180,value,21.98,75.6,West,33.7,0,1,82.1,97.39
102181,value,83.29,32.8,West,,1,5,82.6,111.89
100915,Premium,92.53,25.9,Midwest,26.6,0,6,72.3,90.13
101809,value,66.95,23.7,Northeast,46.5,0,3,61.7,146.58
101504,value,47.91,32.2,Midwest,16.3,0,2,70.2,3.64
101360,value,47.43,29.9,South,59.1,1,9,77.1,177.68
101767,premium,185.92,57.2,South,123.0,0,1,77.4,197.46
100241,standard,141.79,18.9,Midwest,33.9,1,4,73.2,166.78
100511,standard,120.31,32.9,Northeast,90.8,1,8,79.9,133.82
101586,value,33.17,7.7,Midwest,43.6,0,8,68.2,66.02
101627,standard,127.58,40.7,West,92.1,1,8,83.6,148.04
101822,premum,92.81,5.7,West,74.9,0,9,83.3,136.74
101214,value,84.24,24.0,Midwest,,0,4,67.7,59.95
101124,VALUE,118.21,18.1,West,,0,1,69.0,105.86
102424,standard,108.54,14.3,Northeast,61.8,1,6,66.6,141.13
100975,value,76.21,18.8,West,,0,4,66.6,127.35
100746,premium,151.64,47.4,Midwest,69.4,1,8,87.7,194.05
100182,standard,103.22,33.1,Midwest,73.1,0,7,78.8,121.02
102541,premium,215.72,9.2,West,78.8,1,5,76.8,225.36
100865, standard ,131.4,24.4,Midwest,42.7,1,7,75.9,156.71
101523,VALUE,167.48,10.2,Northeast,53.2,0,8,75.6,168.16
100393,standard,118.43,38.7,South,15.0,0,1,71.5,63.27
102083,value,46.94,12.4,West,35.0,0,3,89.2,80.57
102177,standard,120.82,18.2,Northeast,86.5,0,6,65.0,156.2
102356,value,83.24,112.9,South,57.5,1,7,84.3,173.96
102314,value,5.0,62.3,South,15.0,0,1,45.7,-7.97
100190,value,23.56,19.3,South,53.0,0,2,72.4,92.98
102571,premium,186.71,43.1,Northeast,59.2,1,5,76.2,166.78
102315,value,32.73,6.9,South,61.4,0,4,80.7,37.6
100250,standard,125.04,30.5,West,74.6,1,8,75.7,185.28
101237,premium,157.98,24.6,Northeast,92.0,1,11,89.8,175.69
102251,premium,174.58,22.2,Northeast,105.4,1,9,77.7,214.21
101832,standard,117.24,22.3,Midwest,24.3,0,3,79.0,132.14
101191,value,69.68,26.8,West,52.3,1,8,81.1,75.62
102465,value,87.67,11.6,Northeast,,0,0,54.7,36.96
100410,value,83.65,20.2,Northeast,,1,12,73.3,175.05
102413,premium,165.83,26.3,Midwest,34.8,1,8,92.4,180.16
102111,standard,94.79,17.2,Midwest,50.1,0,2,56.1,122.97
100065,standard,113.97,10.8,West,15.2,0,5,76.4,89.61
101511,standard,141.2,33.9,Northeast,71.3,1,8,84.7,175.8
101289,value,67.3,13.3,South,35.4,0,6,55.7,111.84
100693,premium,157.78,11.2,South,53.8,0,3,57.2,186.42
101127,premium,225.36,22.5,Northeast,64.0,1,12,82.2,242.14
100909,premium,215.98,117.2,Northeast,111.0,1,9,84.3,250.71
100207,value,84.75,45.2,West,22.0,0,2,71.3,56.94
101823,premium,228.39,21.7,West,56.7,0,6,92.1,234.61
100019,standard,114.26,8.5,West,,0,5,59.3,95.29
100108,premium,161.19,55.5,South,50.7,1,4,79.7,152.08
101403,value,73.13,31.2,West,54.0,1,7,81.6,93.97
101049,premium,154.84,43.3,South,40.1,0,5,61.8,160.73
101417,standard,93.3,13.3,South,41.0,0,4,56.7,28.79
100298,standard,94.79,22.7,Northeast,27.6,0,9,68.4,188.31
101408,value,66.53,14.7,Midwest,,1,6,77.0,169.52
101464,standard,98.64,27.4,South,116.3,1,6,82.2,170.73
101612,standard,142.61,29.6,South,64.8,0,0,62.9,81.19
102509,standard,132.2,26.5,Midwest,73.2,0,2,75.3,108.49
100091,premium,153.53,22.8,West,35.6,0,3,73.7,151.97
100307,standard,138.23,38.3,West,43.8,1,10,74.1,164.04
101923,premium,153.92,97.6,South,85.5,1,7,78.8,147.66
102096,value,43.56,40.0,West,,0,2,69.1,-20.78
101424,value,70.28,105.3,South,15.0,0,1,83.4,91.88
100960,standard,128.68,28.4,Midwest,43.1,1,4,79.8,132.83
101630,standard,120.96,22.1,West,66.2,0,5,72.8,177.86
101478,value,54.15,18.7,South,,0,1,71.9,38.13
101875,standard,99.66,18.4,Northeast,69.7,1,8,76.4,188.0
102021,value,24.45,16.7,South,,0,0,73.5,60.96
101187,standard,110.32,25.8,South,49.1,0,5,76.0,145.0
101969,standard,109.65,18.8,South,,0,7,75.5,141.83
101825,value,66.42,32.9,Midwest,,0,0,75.7,53.17
101502,standard,102.2,23.3,Northeast,66.9,0,8,81.8,169.11
101674,value,52.88,23.5,West,40.3,0,0,64.9,19.77
102589,premium,182.79,41.6,Midwest,123.5,1,12,77.0,153.74
101480,standard,121.24,16.6,South,74.4,0,7,61.7,170.84
101992,value,37.99,31.9,South,23.9,0,0,68.6,52.12
100973,standard,129.52,27.1,Midwest,42.0,0,9,77.8,164.01
101107,value,50.15,13.1,Midwest,69.6,0,3,76.4,97.23
100860,standard,143.34,25.9,Northeast,,1,4,88.3,167.56
101893,value,66.16,26.1,Midwest,22.3,1,6,63.8,96.56
101358,standard,124.28,55.4,Northeast,64.8,1,6,81.0,126.96
101259,premium,151.05,29.6,South,72.2,0,3,66.7,187.62
100192,standard,122.57,12.5,Midwest,75.8,1,7,69.2,152.32
100055,value,25.49,33.9,Northeast,31.4,1,6,66.1,100.98
101910,value,62.22,23.0,Midwest,47.8,0,3,49.6,63.07
102228,value,58.78,9.0,Northeast,27.7,0,2,73.8,76.7
102051,value,35.81,12.7,South,15.0,0,4,58.1,-1.5
101714,standard,112.02,23.9,West,60.9,1,5,81.0,123.64
101158,Premium,136.39,36.2,South,89.9,1,5,91.0,136.67
101185,value,43.08,35.5,South,38.1,0,4,68.0,83.17
101339,standard,116.55,12.2,Midwest,15.0,0,0,73.9,91.82
102591,standard,109.06,11.8,West,15.0,0,1,72.0,140.3
102545,premium,173.84,26.0,South,63.3,1,6,75.5,153.62
100657,value,45.08,41.7,Midwest,24.8,0,4,62.9,127.08
101904,value,79.17,15.5,Midwest,74.6,1,7,87.1,139.94
101455,standard,98.42,23.5,Midwest,,0,4,72.4,98.51
100085,standard,147.38,30.8,Northeast,81.5,1,13,80.5,223.02
102077,standard,98.63,18.9,West,46.8,1,6,90.4,149.39
100971,value,48.88,27.7,West,15.0,0,2,55.1,69.59
101182,standard,121.98,32.5,West,33.6,1,2,82.2,92.63
100547,standard,113.57,44.2,South,70.4,1,8,80.8,177.92
101888,standard,115.17,18.8,Midwest,72.2,1,8,81.4,142.31
101315,premum,147.47,51.7,South,83.1,1,11,90.0,202.18
100638,standard,142.21,41.0,Midwest,61.2,1,4,86.3,178.68
100562,premium,169.89,20.6,South,114.6,1,7,77.7,243.55
100262,value,86.96,84.8,South,41.6,0,7,63.4,106.46
101518,value,40.03,41.3,Midwest,81.9,1,11,70.4,143.45
101420,standard,90.83,83.5,West,66.6,1,1,74.4,51.93
101560,value,5.0,58.3,Midwest,29.3,0,4,72.4,41.27
100166,premium,156.26,27.9,West,77.2,1,11,83.2,133.91
101590,standard,131.95,15.7,South,51.7,0,5,63.6,143.69
100765,standard,120.48,61.7,Midwest,27.8,1,4,71.5,182.03
100306,standard,147.64,15.8,Northeast,35.8,0,2,66.6,157.92
102495,standard,135.94,111.1,South,68.1,0,7,66.8,113.96
101545,standard,107.55,10.1,West,45.7,0,3,57.8,86.37
102361,premium,247.5,23.2,South,92.8,1,9,86.1,254.76
100056,standard,141.23,3.9,West,111.9,1,7,90.6,179.36
102100,value,35.83,17.0,Northeast,15.0,0,6,60.0,74.53
100849,premium,157.52,41.4,Midwest,80.6,0,3,73.0,126.51
101555,standard,97.62,26.5,Midwest,34.5,0,0,75.1,133.27
101166,premium,190.26,29.0,South,85.8,1,12,77.7,216.31
102426, standard ,25.68,51.7,West,53.0,0,1,73.3,89.54
102303,value,87.5,20.4,Midwest,52.2,0,6,75.5,122.02
101876,standard,130.45,20.3,Midwest,68.2,1,7,70.0,155.61
101271,Premium,88.03,15.9,South,,0,3,55.2,55.97
102339,premium,193.38,32.7,West,67.9,1,8,84.2,173.33
101056,premium,161.05,15.3,Northeast,,0,0,57.5,175.85
100501,premum,124.15,25.8,South,67.5,1,5,79.4,161.18
100830,standard,126.49,28.9,Midwest,57.3,1,6,73.4,111.95
102328,standard,107.75,11.5,West,69.7,0,3,76.7,129.97
100961,standard,134.35,28.5,South,71.7,0,3,68.9,130.63
101248,value,33.48,24.6,West,,0,0,60.2,35.29
101584,VALUE,132.13,20.7,West,119.5,1,11,96.2,212.27
100304,value,80.33,24.8,Northeast,30.7,1,5,69.7,99.59
101614,standard,149.85,12.7,Northeast,68.2,1,7,79.2,203.01
101985,standard,121.43,41.7,Midwest,56.3,0,4,70.0,140.56
101354,premium,183.22,34.9,Midwest,65.0,1,11,76.4,206.01
102209,standard,103.66,46.2,South,90.1,0,4,67.8,125.99
100456,value,79.44,14.8,Northeast,24.7,0,3,62.2,41.11
100179,value,81.99,20.4,Northeast,62.4,1,10,74.5,163.7
100828,value,73.41,31.6,Midwest,60.7,0,0,74.3,120.16
101625,premium,167.25,39.2,South,61.1,1,10,84.1,154.86
102402,premium,168.05,24.2,West,55.8,0,8,66.2,174.19
102232,standard,120.51,57.3,West,15.0,0,2,58.7,135.23
100073,value,5.0,63.9,Northeast,34.1,0,4,62.2,68.4
100984,value,57.06,33.1,Midwest,56.6,0,2,59.9,56.04
102268,standard,103.71,11.3,Northeast,15.0,0,2,72.9,63.26
100054,value,58.34,39.5,Northeast,16.6,1,2,83.1,132.78
100551,standard,114.88,21.5,Midwest,53.8,0,0,56.1,139.51
101817,premium,184.23,53.5,Northeast,72.7,1,9,90.3,194.69
102505,standard,133.71,6.1,Northeast,43.1,1,12,81.9,147.99
100313,premium,174.7,27.8,Midwest,30.6,0,2,60.6,107.75
102262,value,85.06,17.6,West,,0,2,84.9,154.71
101170,value,86.77,27.7,Midwest,52.4,0,7,71.2,109.52
101896,value,85.49,21.9,Midwest,71.5,0,2,66.4,97.78
102543,standard,90.24,18.2,West,47.6,1,7,70.7,137.53
100376,value,78.32,61.3,Midwest,50.2,0,4,66.7,71.01
101839,standard,145.42,32.8,West,,1,10,71.8,206.29
100454,value,75.65,34.4,South,19.4,0,3,77.5,94.2
102264,value,52.89,10.9,Northeast,33.0,0,4,91.5,65.23
100947,standard,112.51,21.7,South,98.7,0,2,70.0,120.18
101559,value,79.47,18.0,South,,0,1,59.5,70.92
101613,value,49.57,14.7,South,34.2,0,2,50.8,47.73
102074,premium,229.44,26.3,Midwest,94.6,1,9,95.2,248.72
101206,value,77.85,19.1,Midwest,,0,4,72.2,135.33
100408,standard,105.12,19.2,South,80.5,1,8,75.9,144.17
100031,premium,166.4,27.4,West,44.2,0,2,71.1,152.66
101536,value,73.57,18.4,Midwest,45.7,0,6,66.1,101.06
101635,standard,95.78,63.7,West,15.0,1,4,69.9,103.12
100646,value,85.61,37.4,West,86.7,1,7,85.5,89.38
100985,premium,159.29,9.3,South,93.2,0,4,59.9,185.93
100737,standard,123.62,42.4,Northeast,47.2,1,4,88.8,191.45
101573, standard ,123.26,19.5,Northeast,101.7,1,7,71.2,169.49
100568,value,40.57,20.8,Northeast,71.3,0,5,66.7,102.27
100233,standard,115.39,26.3,South,55.2,0,2,62.9,117.87
101886,standard,106.76,33.5,Northeast,,0,6,70.4,143.64
102223,standard,147.57,10.7,South,60.8,0,5,68.4,163.03
100465,standard,123.28,42.7,West,81.2,1,11,87.6,205.58
100805,VALUE,12.89,8.6,South,,0,1,87.4,30.75
102508,standard,137.14,63.1,South,57.5,1,6,82.2,177.21
100116,standard,145.47,45.2,Midwest,59.2,1,6,64.5,138.09
101980,value,13.29,28.6,Northeast,33.6,0,0,62.3,34.18
102224,standard,112.84,28.1,South,,0,4,58.9,117.01
100532,value,86.21,65.4,West,,0,2,61.2,87.68
102194,standard,94.1,33.2,Northeast,18.6,0,5,70.7,85.91
100261,premium,232.45,27.4,South,113.6,1,8,102.2,237.19
100756,standard,141.05,10.0,Midwest,83.5,0,8,67.6,173.39
100912,premium,152.52,24.1,West,31.3,0,3,71.1,128.93
101286,standard,126.33,53.1,South,20.8,0,1,48.7,76.28
100911,standard,97.97,43.6,West,15.0,0,2,55.3,83.86
101296,standard,140.23,13.9,Midwest,19.5,0,6,67.1,112.61
101708,premium,168.12,41.5,Midwest,,0,6,62.3,159.92
100159,standard,96.72,21.7,Northeast,,0,5,53.9,123.3
102282,standard,118.37,13.3,West,29.1,0,4,70.2,172.26
100319,standard,101.72,7.5,Midwest,17.6,0,3,66.0,83.67
102125,value,16.31,12.9,South,,0,0,65.2,-68.11
101040,standard,113.79,41.7,South,119.8,1,8,76.1,214.53
101801,value,76.72,38.8,West,,1,11,88.3,196.25
100473,standard,125.39,27.0,Northeast,75.8,1,6,65.3,147.11
102345,premium,153.18,52.6,South,100.9,1,8,75.0,192.98
100795,value,57.36,8.5,South,42.9,1,6,85.2,118.86
102325,standard,131.98,47.9,South,61.8,1,7,79.1,175.84
100377,value,71.84,29.5,South,,0,3,58.6,80.89
100046,value,86.51,16.1,West,,0,1,66.6,113.1
100546,premum,97.22,23.9,Midwest,50.4,0,3,55.7,163.35
101409,value,21.99,63.7,Midwest,19.4,0,0,73.3,54.52
100452,Premium,217.4,64.2,South,84.2,1,11,90.1,197.62
100583,value,88.1,12.7,West,40.2,0,4,63.2,99.38
101810,standard,91.58,23.8,Midwest,34.3,0,3,72.0,133.53
101183,premium,169.72,29.8,South,67.1,1,10,84.8,194.01
100360,value,67.62,22.5,Northeast,35.7,0,3,70.7,117.87
102507,standard,109.23,16.6,West,89.5,1,6,78.2,120.24
102066,value,86.08,24.1,Northeast,81.3,0,1,69.9,97.62
102257,premium,196.01,44.7,Midwest,54.2,1,10,77.8,232.21
101203,value,25.45,19.0,Northeast,31.9,0,3,40.9,51.72
102211,premum,125.73,13.9,West,65.5,0,1,78.1,108.44
101120,standard,101.44,34.5,Midwest,67.7,1,6,89.2,163.56
101121,premium,163.62,19.7,Midwest,31.5,0,4,64.2,144.62
101219,premum,130.99,30.8,Midwest,46.2,0,5,74.8,128.8
101685,value,41.22,34.0,Northeast,18.8,0,4,67.6,1.46
101190,value,68.55,10.1,Midwest,84.7,0,3,88.4,86.41
100935,standard,104.51,16.9,West,54.1,1,5,79.3,187.94
102272,value,61.88,33.5,Midwest,74.7,0,6,66.0,103.89
100383,standard,129.48,18.9,South,45.0,1,8,91.9,174.83
101217,standard,106.44,14.7,Midwest,45.2,0,3,66.9,85.08
100094,Premium,74.42,23.1,South,72.5,0,4,65.5,95.8
102565,value,69.45,17.9,Northeast,66.9,0,2,53.8,81.73
100732,VALUE,91.38,57.9,South,41.6,0,2,76.1,63.86
101307,value,5.0,37.4,Northeast,55.0,0,0,56.7,0.72
102002,value,80.65,9.5,Northeast,58.0,0,4,65.8,113.51
102552,value,57.18,32.3,Midwest,19.5,0,5,63.7,53.66
100797,standard,92.71,27.1,South,74.3,1,3,62.3,117.1
102394,standard,93.73,24.8,South,55.1,0,2,58.9,119.26
102501,standard,110.85,9.5,South,74.8,1,3,70.4,114.17
100825,standard,92.59,19.6,West,80.5,1,7,86.8,101.07
102026,VALUE,99.06,65.6,South,77.4,0,2,63.3,139.77
102004,premium,218.99,14.3,West,95.6,1,11,75.2,234.73
100667,standard,123.54,24.1,West,73.7,1,4,89.2,110.12
101101,value,74.88,17.0,West,,0,3,61.6,87.02
100651,value,51.16,20.1,Northeast,41.6,0,5,70.9,106.45
100559,premium,162.1,4.9,Northeast,50.4,1,5,58.9,153.58
101445,value,66.91,29.2,West,48.0,0,5,70.3,97.61
101951,standard,126.82,18.4,West,65.9,1,2,59.9,151.29
101079,value,84.9,18.7,South,32.4,0,2,51.1,64.31
102376,premum,58.85,43.1,Midwest,47.5,0,0,74.4,109.98
100164,standard,102.81,25.7,West,,0,5,68.9,113.26
101973,standard,140.68,34.8,Midwest,73.6,0,1,66.3,101.79
101837,value,66.3,25.3,Northeast,49.5,0,1,59.5,57.52
102481,standard,104.43,21.4,Northeast,37.0,1,9,80.8,44.21
102204,standard,117.31,17.9,South,15.0,0,2,55.1,96.01
102236,standard,149.6,15.7,West,84.4,0,2,74.7,91.68
101546,standard,143.76,48.3,South,85.1,1,6,82.8,180.8
102027,standard,99.23,29.7,South,31.9,0,2,59.4,51.11
100838,value,69.0,25.5,West,28.7,0,4,61.9,137.29
100453,premium,215.25,41.2,South,62.3,1,12,92.8,252.63
100752,value,5.0,14.5,Northeast,15.0,0,4,64.0,34.57
100615,standard,138.8,28.7,West,,1,7,80.0,131.76
102233,standard,94.7,73.7,South,60.4,1,7,87.0,138.82
100951,standard,101.86,8.7,West,43.0,0,0,59.2,100.46
102106,value,66.71,24.7,Midwest,76.8,0,3,67.8,130.65
101240,Premium,86.54,16.5,South,37.0,0,5,75.2,161.39
101006,value,87.43,22.3,Midwest,68.2,1,13,80.4,136.4
101873,standard,146.27,39.2,South,61.0,0,6,65.9,165.97
101024,value,81.32,41.2,Midwest,59.6,0,8,73.6,91.83
100149,premium,198.13,68.8,Northeast,53.8,0,8,76.1,237.96
101702,standard,92.97,37.7,Midwest,43.6,0,3,52.3,84.56
101137,premium,194.69,52.8,Northeast,99.4,0,8,72.0,198.47
102305,standard,96.05,18.8,Midwest,35.9,1,10,83.9,197.36
100101,standard,139.55,80.2,Northeast,73.9,0,3,59.9,135.3
100487,value,65.78,17.0,Midwest,61.1,1,9,67.2,166.43
100931,value,41.05,13.4,West,,0,7,78.7,85.43
101116,premium,153.39,33.5,Northeast,101.4,1,8,76.2,195.46
100504,value,77.16,17.6,South,99.0,0,3,74.7,139.7
101783,premium,162.31,33.7,Midwest,59.6,1,7,92.2,186.91
100494,value,55.2,21.8,West,21.4,0,2,62.2,82.93
101811,value,87.63,10.3,Midwest,15.0,0,2,68.6,60.06
100161,standard,128.04,47.2,West,70.8,1,4,75.6,142.34
101836,standard,113.48,31.7,South,51.4,1,5,78.0,119.01
102550,value,38.36,39.2,South,66.0,0,5,75.1,93.3
100180,standard,144.77,14.9,West,48.4,0,5,69.7,170.4
101222,standard,95.27,48.6,Midwest,46.9,0,5,63.7,100.24
102154,standard,128.9,16.2,Midwest,39.6,0,1,56.6,109.19
102462,value,64.29,42.7,Midwest,93.5,0,6,75.4,77.11
102530,value,85.07,31.0,Midwest,25.9,0,4,83.4,123.24
101262,standard,94.8,9.2,South,58.8,0,6,69.2,109.5
100492,value,5.0,30.0,West,89.8,0,4,77.3,45.32
102231,standard,117.55,18.9,Midwest,57.4,1,5,76.2,164.89
100890,standard,108.72,12.5,West,37.0,0,3,54.6,112.11
100356,standard,141.92,6.4,West,89.9,1,7,95.9,199.77
100059,standard,132.1,11.4,South,77.8,1,9,85.6,199.54
100459,premium,173.14,27.0,Northeast,64.7,1,7,82.5,148.6
102205,premium,171.88,10.0,Midwest,55.2,1,10,66.0,196.52
101667,premium,179.6,1.9,Midwest,110.3,1,9,95.0,225.28
100683,premium,152.95,25.3,Midwest,114.6,1,5,67.3,198.35
100481,standard,100.97,31.2,West,75.1,1,7,77.6,138.93
101085,value,5.0,59.0,West,,0,4,59.6,25.15
100176,standard,139.44,37.6,South,80.6,1,9,70.1,181.86
102252,VALUE,67.53,34.1,South,,0,4,61.0,80.43
100694,standard,133.57,77.1,Midwest,62.9,0,3,72.6,143.63
101396,value,80.05,32.6,South,32.9,1,7,81.1,118.45
100934,value,74.53,15.2,South,,0,1,65.3,78.21
101516,value,64.16,35.2,Northeast,58.2,0,2,62.6,90.68
101602,standard,119.92,25.7,Northeast,65.6,0,8,68.1,162.04
101989,premium,161.7,16.3,West,41.0,0,5,80.2,202.43
101505,value,58.66,8.7,South,76.8,0,7,75.3,137.01
101250,premium,177.14,15.4,Northeast,89.0,0,3,69.3,213.14
100759,value,51.0,12.8,South,48.0,0,4,81.6,107.92
102384,premium,192.54,11.0,South,64.5,1,13,76.4,222.12
102009,value,37.8,10.6,Northeast,,1,5,72.4,82.42
100700,value,78.22,26.3,West,15.0,0,3,53.9,128.68
100986,Premium,77.71,22.5,Northeast,,1,6,63.8,131.93
101724,standard,133.08,23.4,Midwest,75.3,0,8,67.2,115.78
100540,standard,102.37,47.1,South,33.7,1,4,63.8,95.69
100673,standard,131.73,29.2,Midwest,33.2,1,4,69.4,151.15
100753,premium,151.23,17.9,Northeast,67.3,0,6,70.0,189.07
100415,standard,120.12,44.7,West,53.6,1,7,73.2,94.0
101710,standard,142.94,36.5,Midwest,56.4,0,6,78.3,205.31
100586,standard,97.8,52.7,Northeast,66.6,1,6,84.4,122.32
101159,premium,159.12,46.8,Northeast,73.0,1,5,80.6,208.89
100209,standard,95.0,15.8,Northeast,57.7,0,1,74.9,137.0
101495,standard,132.44,27.5,Northeast,72.0,0,1,61.4,118.91
100147,value,26.84,52.0,South,37.4,0,1,74.0,38.43
100448,standard,142.25,29.6,West,30.0,0,3,65.1,95.41
101695,standard,114.26,27.7,West,55.0,1,8,82.8,168.95
100420,premium,169.24,81.9,Northeast,77.0,1,5,79.4,181.42
101316,premium,191.36,43.1,Midwest,57.4,0,6,79.9,215.86
100090,standard,128.38,69.3,West,95.4,1,9,82.6,203.46
100083,value,71.19,17.2,Northeast,34.0,0,4,77.3,90.23
101129,VALUE,113.88,40.1,South,57.7,1,7,72.2,149.45
102433,standard,138.39,20.8,West,90.8,0,1,68.2,133.19
101099,value,38.44,36.9,Northeast,,0,2,70.8,22.31
101655,value,81.11,42.3,West,22.5,0,6,61.5,132.28
100460,standard,117.85,25.7,South,49.7,1,8,83.7,161.8
100419,standard,116.04,10.5,West,46.6,1,8,72.0,128.32
100474,premium,153.94,12.7,West,86.7,1,10,70.1,241.23
100050,Premium,120.4,25.9,Midwest,,0,2,69.6,113.92
100279,standard,124.77,9.4,West,70.2,1,8,78.4,189.67
100433,value,64.35,27.7,South,51.7,0,0,60.5,102.52
101988,standard,130.0,55.3,Northeast,25.3,1,5,71.7,136.71
101284,standard,148.1,60.4,West,42.2,0,6,55.2,173.74
101415,standard,97.12,37.5,Midwest,76.1,1,12,88.0,204.28
101692,standard,100.84,17.0,Midwest,89.4,0,4,69.7,95.31
101868,standard,107.4,30.6,West,60.5,1,3,70.6,150.6
