store_id,week,distance_supplier,fuel_zone,promotion,price,quantity
P001,01,116.5,0,0,11.289,1109.22
P001,02,116.5,0,1,11.917,1050.88
P001,03,116.5,0,0,10.47,976.2
P001,04,116.5,0,0,11.471,1052.79
P001,05,116.5,0,0,9.152,961.47
P001,06,116.5,0,0,11.251,1015.54
P001,07,116.5,0,0,10.446,996.51
P001,08,116.5,0,0,10.025,939.53
P001,09,116.5,0,0,9.138,842.72
P001,10,116.5,0,0,11.092,1003.88
P001,11,116.5,0,0,11.273,1006.7
P001,12,116.5,0,0,9.269,935.16
P001,13,116.5,0,0,11.735,1171.82
P001,14,116.5,0,0,13.168,1037.71
P001,15,116.5,0,0,11.548,1054.93
P001,16,116.5,0,1,11.763,981.83
P001,17,116.5,0,0,9.646,1087.97
P001,18,116.5,0,0,10.399,1002.95
P001,19,116.5,0,0,11.011,999.33
P001,20,116.5,0,0,10.355,1177.6
P001,21,116.5,0,0,11.547,1020.23
P001,22,116.5,0,0,11.712,973.63
P001,23,116.5,0,0,11.454,1023.27
P001,24,116.5,0,0,10.441,987.1
P001,25,116.5,0,0,11.543,1025.77
P001,26,116.5,0,0,11.097,1027.53
P001,27,116.5,0,0,11.358,977.87
P001,28,116.5,0,0,12.428,1071.91
P001,29,116.5,0,0,10.298,943.55
P001,30,116.5,0,0,10.64,911.95
P001,31,116.5,0,0,11.648,1049.33
P001,32,116.5,0,1,12.848,1114.69
P001,33,116.5,0,0,10.189,988.14
P001,34,116.5,0,0,11.428,1058.43
P001,35,116.5,0,0,12.67,1106.6
P001,36,116.5,0,0,11.953,1057.18
P001,37,116.5,0,0,10.528,1063.55
P001,38,116.5,0,0,13.53,1111.9
P001,39,116.5,0,0,10.803,1060.43
P001,40,116.5,0,0,11.567,978.8
P002,01,261.0,0,0,9.44,1037.16
P002,02,261.0,0,0,11.087,893.33
P002,03,261.0,0,0,10.999,1132.69
P002,04,261.0,0,0,12.288,1040.5
P002,05,261.0,0,0,9.899,850.05
P002,06,261.0,0,0,11.052,936.04
P002,07,261.0,0,1,12.672,994.55
P002,08,261.0,0,0,11.514,1041.71
P002,09,261.0,0,0,12.008,923.16
P002,10,261.0,0,1,12.332,1023.83
P002,11,261.0,0,0,11.713,987.29
P002,12,261.0,0,0,12.089,1026.61
P002,13,261.0,0,0,11.493,1079.87
P002,14,261.0,0,0,11.116,984.25
P002,15,261.0,0,0,9.769,1027.99
P002,16,261.0,0,0,10.662,989.2
P002,17,261.0,0,0,11.866,994.8
P002,18,261.0,0,1,11.239,1058.66
P002,19,261.0,0,0,9.123,893.37
P002,20,261.0,0,0,10.659,884.04
P002,21,261.0,0,0,10.818,942.95
P002,22,261.0,0,0,10.964,990.35
P002,23,261.0,0,0,10.969,1014.74
P002,24,261.0,0,0,11.64,895.94
P002,25,261.0,0,0,9.907,838.89
P002,26,261.0,0,0,10.67,890.63
P002,27,261.0,0,1,11.284,1088.91
P002,28,261.0,0,0,9.277,929.42
P002,29,261.0,0,0,10.393,976.3
P002,30,261.0,0,1,11.063,1019.07
P002,31,261.0,0,1,12.315,1146.95
P002,32,261.0,0,0,9.71,855.02
P002,33,261.0,0,0,10.444,937.63
P002,34,261.0,0,0,13.054,1167.75
P002,35,261.0,0,0,11.628,993.75
P002,36,261.0,0,0,10.967,969.64
P002,37,261.0,0,0,10.874,899.72
P002,38,261.0,0,0,12.467,936.64
P002,39,261.0,0,0,12.152,1068.83
P002,40,261.0,0,0,12.664,947.56
P003,01,312.6,0,0,12.056,1180.57
P003,02,312.6,0,0,12.771,1123.06
P003,03,312.6,0,0,13.054,1159.95
P003,04,312.6,0,0,13.214,1071.4
P003,05,312.6,0,0,12.202,1053.84
P003,06,312.6,0,0,12.513,998.7
P003,07,312.6,0,0,13.411,1207.71
P003,08,312.6,0,0,12.557,1087.76
P003,09,312.6,0,0,13.137,992.12
P003,10,312.6,0,0,13.836,1028.13
P003,11,312.6,0,0,13.991,1083.13
P003,12,312.6,0,0,13.788,1037.21
P003,13,312.6,0,0,15.49,1194.17
P003,14,312.6,0,0,13.068,1219.09
P003,15,312.6,0,0,11.627,1104.8
P003,16,312.6,0,0,12.397,1084.57
P003,17,312.6,0,0,11.951,1064.88
P003,18,312.6,0,0,12.774,1115.5
P003,19,312.6,0,1,12.571,992.3
P003,20,312.6,0,0,12.469,1057.65
P003,21,312.6,0,0,12.74,981.46
P003,22,312.6,0,0,13.335,1087.03
P003,23,312.6,0,0,13.244,1109.08
P003,24,312.6,0,0,14.386,1106.1
P003,25,312.6,0,0,13.36,1025.57
P003,26,312.6,0,1,13.421,1137.42
P003,27,312.6,0,0,13.113,1143.86
P003,28,312.6,0,0,13.965,1084.93
P003,29,312.6,0,0,12.873,1121.43
P003,30,312.6,0,0,13.055,1116.22
P003,31,312.6,0,0,13.799,1137.48
P003,32,312.6,0,0,13.647,1058.13
P003,33,312.6,0,0,12.669,1071.87
P003,34,312.6,0,0,14.78,1101.38
P003,35,312.6,0,0,14.066,1218.34
P003,36,312.6,0,0,12.23,1097.25
P003,37,312.6,0,0,13.487,1090.38
P003,38,312.6,0,1,14.877,1024.96
P003,39,312.6,0,1,14.629,1043.41
P003,40,312.6,0,0,12.908,1082.75
P004,01,303.3,0,0,12.4,1085.88
P004,02,303.3,0,0,12.988,1086.0
P004,03,303.3,0,0,10.951,1031.25
P004,04,303.3,0,1,11.674,1068.22
P004,05,303.3,0,0,11.549,1095.3
P004,06,303.3,0,0,12.203,1129.44
P004,07,303.3,0,1,12.319,996.53
P004,08,303.3,0,0,12.928,993.25
P004,09,303.3,0,1,13.017,1176.83
P004,10,303.3,0,0,13.947,1160.61
P004,11,303.3,0,0,13.304,1140.59
P004,12,303.3,0,0,12.182,1080.3
P004,13,303.3,0,0,13.29,1111.77
P004,14,303.3,0,0,13.365,1139.87
P004,15,303.3,0,0,13.081,1169.63
P004,16,303.3,0,0,12.353,1085.16
P004,17,303.3,0,0,12.114,983.21
P004,18,303.3,0,0,13.999,1129.49
P004,19,303.3,0,0,13.145,979.47
P004,20,303.3,0,0,10.65,1007.09
P004,21,303.3,0,0,13.415,1023.32
P004,22,303.3,0,1,13.974,1149.41
P004,23,303.3,0,1,14.763,1133.48
P004,24,303.3,0,0,12.289,1140.1
P004,25,303.3,0,0,13.088,1136.88
P004,26,303.3,0,0,14.597,1103.81
P004,27,303.3,0,0,12.826,1153.79
P004,28,303.3,0,0,11.691,993.94
P004,29,303.3,0,0,13.272,1116.4
P004,30,303.3,0,0,12.116,1067.54
P004,31,303.3,0,0,13.571,1244.91
P004,32,303.3,0,1,12.16,1151.52
P004,33,303.3,0,1,14.537,952.01
P004,34,303.3,0,0,12.671,1167.11
P004,35,303.3,0,0,13.775,1115.75
P004,36,303.3,0,0,11.889,1047.53
P004,37,303.3,0,0,12.06,1193.85
P004,38,303.3,0,0,13.523,1102.5
P004,39,303.3,0,0,13.012,1029.75
P004,40,303.3,0,0,12.612,986.48
P005,01,52.0,0,0,11.914,1046.99
P005,02,52.0,0,0,12.748,1073.44
P005,03,52.0,0,0,12.326,1147.11
P005,04,52.0,0,0,13.066,1169.99
P005,05,52.0,0,0,12.186,949.23
P005,06,52.0,0,0,12.347,991.61
P005,07,52.0,0,0,13.276,1005.18
P005,08,52.0,0,0,12.104,1087.62
P005,09,52.0,0,0,13.278,1141.25
P005,10,52.0,0,0,13.225,1050.13
P005,11,52.0,0,0,12.236,1043.6
P005,12,52.0,0,0,11.82,921.21
P005,13,52.0,0,0,14.3,1131.71
P005,14,52.0,0,0,12.308,1106.6
P005,15,52.0,0,0,13.399,1048.28
P005,16,52.0,0,0,12.648,1028.05
P005,17,52.0,0,0,12.427,1001.09
P005,18,52.0,0,0,13.679,1094.03
P005,19,52.0,0,0,12.945,1105.03
P005,20,52.0,0,0,14.26,985.58
P005,21,52.0,0,0,14.463,1010.55
P005,22,52.0,0,0,15.012,1041.31
P005,23,52.0,0,0,14.422,944.03
P005,24,52.0,0,0,15.277,942.53
P005,25,52.0,0,0,15.637,921.83
P005,26,52.0,0,0,13.896,909.8
P005,27,52.0,0,0,15.082,968.54
P005,28,52.0,0,0,14.219,932.74
P005,29,52.0,0,0,14.94,1026.54
P005,30,52.0,0,0,13.68,917.92
P005,31,52.0,0,0,15.479,990.18
P005,32,52.0,0,1,14.401,997.22
P005,33,52.0,0,0,15.235,1047.86
P005,34,52.0,0,0,14.873,1066.63
P005,35,52.0,0,0,15.072,1050.82
P005,36,52.0,0,0,14.465,957.06
P005,37,52.0,0,0,14.001,831.64
P005,38,52.0,0,0,16.283,1090.41
P005,39,52.0,0,0,15.036,992.52
P005,40,52.0,0,1,15.382,1037.87
P006,01,250.3,0,0,10.872,919.53
P006,02,250.3,0,1,12.55,1071.68
P006,03,250.3,0,0,11.176,822.29
P006,04,250.3,0,1,12.233,1077.97
P006,05,250.3,0,0,10.767,952.19
P006,06,250.3,0,1,11.905,1027.18
P006,07,250.3,0,0,12.065,902.67
P006,08,250.3,0,0,10.71,974.44
P006,09,250.3,0,0,10.625,979.62
P006,10,250.3,0,0,10.715,1069.86
P006,11,250.3,0,0,12.234,1044.54
P006,12,250.3,0,0,11.323,1058.11
P006,13,250.3,0,0,11.929,1037.6
P006,14,250.3,0,0,11.65,1105.97
P006,15,250.3,0,0,12.517,991.75
P006,16,250.3,0,0,11.325,1062.42
P006,17,250.3,0,1,12.821,1082.25
P006,18,250.3,0,1,10.699,944.9
P006,19,250.3,0,0,10.589,961.11
P006,20,250.3,0,0,10.491,815.16
P006,21,250.3,0,0,11.468,981.66
P006,22,250.3,0,0,12.1,1005.81
P006,23,250.3,0,0,11.978,1085.74
P006,24,250.3,0,0,12.778,882.14
P006,25,250.3,0,0,11.61,1105.84
P006,26,250.3,0,0,11.988,1073.07
P006,27,250.3,0,0,12.629,985.06
P006,28,250.3,0,0,11.61,1077.88
P006,29,250.3,0,1,12.117,1052.86
P006,30,250.3,0,0,12.644,1045.84
P006,31,250.3,0,0,12.626,1106.92
P006,32,250.3,0,0,12.507,949.57
P006,33,250.3,0,0,11.938,949.76
P006,34,250.3,0,0,11.112,1076.32
P006,35,250.3,0,0,11.612,1078.75
P006,36,250.3,0,0,11.582,1005.94
P006,37,250.3,0,0,11.02,1153.74
P006,38,250.3,0,0,11.837,1036.76
P006,39,250.3,0,0,12.655,1123.7
P006,40,250.3,0,0,12.646,1189.37
P007,01,23.9,0,0,10.83,1032.16
P007,02,23.9,0,0,10.64,1062.02
P007,03,23.9,0,1,11.204,1013.41
P007,04,23.9,0,0,13.27,1150.04
P007,05,23.9,0,0,11.84,1092.1
P007,06,23.9,0,0,12.663,1005.77
P007,07,23.9,0,0,12.922,984.19
P007,08,23.9,0,0,11.753,934.24
P007,09,23.9,0,1,11.468,1041.77
P007,10,23.9,0,1,11.641,1012.43
P007,11,23.9,0,0,13.411,1039.3
P007,12,23.9,0,0,12.266,1146.57
P007,13,23.9,0,0,12.442,1116.51
P007,14,23.9,0,0,12.84,1202.93
P007,15,23.9,0,0,11.084,1128.13
P007,16,23.9,0,0,13.046,1144.12
P007,17,23.9,0,0,10.853,944.23
P007,18,23.9,0,0,12.861,1091.71
P007,19,23.9,0,0,13.414,1123.19
P007,20,23.9,0,0,12.759,918.58
P007,21,23.9,0,0,14.341,943.59
P007,22,23.9,0,1,14.38,977.38
P007,23,23.9,0,0,13.786,1059.92
P007,24,23.9,0,0,14.505,1001.34
P007,25,23.9,0,0,15.993,978.98
P007,26,23.9,0,0,14.965,883.45
P007,27,23.9,0,0,13.365,1039.91
P007,28,23.9,0,0,16.001,963.7
P007,29,23.9,0,0,14.933,955.78
P007,30,23.9,0,0,12.915,835.78
P007,31,23.9,0,0,17.057,959.87
P007,32,23.9,0,1,15.458,961.85
P007,33,23.9,0,0,15.012,963.56
P007,34,23.9,0,0,15.597,1050.12
P007,35,23.9,0,0,15.059,858.45
P007,36,23.9,0,0,14.919,1093.63
P007,37,23.9,0,0,14.124,919.05
P007,38,23.9,0,1,15.848,942.88
P007,39,23.9,0,0,15.724,1075.55
P007,40,23.9,0,0,14.8,991.31
P008,01,319.2,0,0,10.822,1045.5
P008,02,319.2,0,0,12.417,1132.09
P008,03,319.2,0,0,13.868,1102.3
P008,04,319.2,0,0,12.984,1046.18
P008,05,319.2,0,0,12.144,1046.74
P008,06,319.2,0,0,11.897,950.11
P008,07,319.2,0,1,10.658,1009.07
P008,08,319.2,0,0,10.646,1055.56
P008,09,319.2,0,1,12.136,859.86
P008,10,319.2,0,0,11.228,1004.45
P008,11,319.2,0,0,12.957,1039.93
P008,12,319.2,0,1,12.041,1085.1
P008,13,319.2,0,0,12.632,1090.53
P008,14,319.2,0,0,10.929,1088.16
P008,15,319.2,0,0,11.179,998.5
P008,16,319.2,0,0,12.289,1067.66
P008,17,319.2,0,0,10.286,1063.77
P008,18,319.2,0,0,11.659,993.6
P008,19,319.2,0,0,13.602,1134.32
P008,20,319.2,0,0,12.078,917.94
P008,21,319.2,0,0,11.802,952.11
P008,22,319.2,0,0,11.899,993.08
P008,23,319.2,0,0,13.387,959.7
P008,24,319.2,0,0,9.689,964.44
P008,25,319.2,0,0,12.068,1101.09
P008,26,319.2,0,0,12.267,920.56
P008,27,319.2,0,0,11.432,1005.82
P008,28,319.2,0,0,10.731,963.85
P008,29,319.2,0,0,12.687,1080.24
P008,30,319.2,0,0,10.109,959.46
P008,31,319.2,0,0,13.019,1086.85
P008,32,319.2,0,0,12.944,1050.2
P008,33,319.2,0,0,13.877,1202.13
P008,34,319.2,0,0,13.584,1140.27
P008,35,319.2,0,0,11.56,981.35
P008,36,319.2,0,0,12.885,975.53
P008,37,319.2,0,0,10.752,1026.18
P008,38,319.2,0,0,14.063,1108.33
P008,39,319.2,0,0,11.946,1070.89
P008,40,319.2,0,0,10.837,1029.37
P009,01,89.1,1,0,12.768,1053.29
P009,02,89.1,1,0,11.054,1006.66
P009,03,89.1,1,0,11.558,989.27
P009,04,89.1,1,1,11.589,1022.2
P009,05,89.1,1,0,11.845,1059.19
P009,06,89.1,1,0,12.869,1033.61
P009,07,89.1,1,0,11.634,963.28
P009,08,89.1,1,0,9.998,960.88
P009,09,89.1,1,0,11.484,983.9
P009,10,89.1,1,0,12.746,1091.98
P009,11,89.1,1,0,10.975,1013.8
P009,12,89.1,1,0,11.663,1010.61
P009,13,89.1,1,1,15.024,1073.04
P009,14,89.1,1,0,12.665,1054.46
P009,15,89.1,1,0,10.924,946.44
P009,16,89.1,1,0,12.047,1090.91
P009,17,89.1,1,0,10.653,1136.78
P009,18,89.1,1,0,11.397,1101.77
P009,19,89.1,1,1,11.032,1033.94
P009,20,89.1,1,0,12.595,863.93
P009,21,89.1,1,0,13.037,916.11
P009,22,89.1,1,0,12.738,855.12
P009,23,89.1,1,0,13.491,866.12
P009,24,89.1,1,0,13.247,1091.69
P009,25,89.1,1,1,13.852,1077.31
P009,26,89.1,1,0,15.289,1032.41
P009,27,89.1,1,0,14.698,1080.94
P009,28,89.1,1,0,14.636,965.96
P009,29,89.1,1,0,15.034,1068.12
P009,30,89.1,1,0,14.754,882.34
P009,31,89.1,1,0,14.843,1053.91
P009,32,89.1,1,0,14.635,914.17
P009,33,89.1,1,0,13.66,899.69
P009,34,89.1,1,0,14.377,1074.06
P009,35,89.1,1,0,14.776,1049.63
P009,36,89.1,1,1,14.864,1101.91
P009,37,89.1,1,0,13.879,919.27
P009,38,89.1,1,1,16.509,1045.55
P009,39,89.1,1,0,16.444,1015.37
P009,40,89.1,1,0,14.767,1070.18
P010,01,145.1,0,0,12.151,1041.62
P010,02,145.1,0,0,10.502,1042.85
P010,03,145.1,0,0,11.435,1076.27
P010,04,145.1,0,1,11.907,1024.49
P010,05,145.1,0,1,12.486,992.24
P010,06,145.1,0,0,10.835,1071.96
P010,07,145.1,0,0,11.76,960.25
P010,08,145.1,0,0,11.438,1076.77
P010,09,145.1,0,0,12.578,1013.85
P010,10,145.1,0,0,12.754,1069.45
P010,11,145.1,0,0,11.768,964.85
P010,12,145.1,0,0,12.257,1176.18
P010,13,145.1,0,0,12.282,1068.23
P010,14,145.1,0,0,12.754,1040.75
P010,15,145.1,0,0,11.169,1071.53
P010,16,145.1,0,1,12.029,981.34
P010,17,145.1,0,0,10.599,1012.03
P010,18,145.1,0,0,13.523,1097.41
P010,19,145.1,0,0,12.264,1076.9
P010,20,145.1,0,0,11.719,979.71
P010,21,145.1,0,0,13.121,949.98
P010,22,145.1,0,0,11.213,1069.55
P010,23,145.1,0,0,11.15,1026.67
P010,24,145.1,0,0,12.509,999.26
P010,25,145.1,0,0,12.204,989.88
P010,26,145.1,0,0,12.567,965.99
P010,27,145.1,0,0,13.774,1153.33
P010,28,145.1,0,0,13.49,1027.79
P010,29,145.1,0,0,11.75,1139.22
P010,30,145.1,0,0,12.607,1041.98
P010,31,145.1,0,0,13.656,1180.05
P010,32,145.1,0,0,10.039,1065.88
P010,33,145.1,0,0,12.113,1082.84
P010,34,145.1,0,0,13.044,1103.2
P010,35,145.1,0,0,12.816,1084.03
P010,36,145.1,0,1,12.696,938.59
P010,37,145.1,0,0,12.521,1025.75
P010,38,145.1,0,0,13.1,1081.79
P010,39,145.1,0,0,12.464,1094.81
P010,40,145.1,0,0,12.363,1054.1
P011,01,189.5,0,0,9.845,977.03
P011,02,189.5,0,0,14.372,1152.38
P011,03,189.5,0,1,10.778,992.52
P011,04,189.5,0,1,12.646,1045.8
P011,05,189.5,0,0,10.994,979.46
P011,06,189.5,0,0,11.55,1025.08
P011,07,189.5,0,1,12.255,1018.08
P011,08,189.5,0,0,12.287,1041.75
P011,09,189.5,0,0,12.1,979.34
P011,10,189.5,0,1,12.257,1004.53
P011,11,189.5,0,0,11.431,1003.14
P011,12,189.5,0,0,13.031,1044.46
P011,13,189.5,0,0,13.118,1051.37
P011,14,189.5,0,1,12.476,1082.63
P011,15,189.5,0,0,11.756,1068.8
P011,16,189.5,0,0,11.961,978.87
P011,17,189.5,0,0,10.807,940.92
P011,18,189.5,0,0,10.956,1109.3
P011,19,189.5,0,0,11.097,1001.73
P011,20,189.5,0,0,10.831,998.03
P011,21,189.5,0,0,12.927,1029.15
P011,22,189.5,0,0,11.374,987.42
P011,23,189.5,0,0,11.778,1155.57
P011,24,189.5,0,0,10.546,1089.62
P011,25,189.5,0,1,13.15,1025.36
P011,26,189.5,0,1,12.201,954.91
P011,27,189.5,0,0,11.843,1119.71
P011,28,189.5,0,0,12.32,971.7
P011,29,189.5,0,0,12.222,1066.67
P011,30,189.5,0,0,10.372,1011.45
P011,31,189.5,0,0,12.212,1125.9
P011,32,189.5,0,0,11.736,1063.38
P011,33,189.5,0,1,12.584,1105.24
P011,34,189.5,0,0,14.038,1088.71
P011,35,189.5,0,0,12.537,1095.56
P011,36,189.5,0,0,13.759,1034.66
P011,37,189.5,0,0,12.56,975.91
P011,38,189.5,0,0,12.438,1060.95
P011,39,189.5,0,0,11.864,1043.81
P011,40,189.5,0,0,10.758,965.82
P012,01,108.8,0,0,11.644,1147.53
P012,02,108.8,0,1,11.02,1124.54
P012,03,108.8,0,0,11.051,1031.04
P012,04,108.8,0,0,10.837,1025.17
P012,05,108.8,0,0,11.849,1114.23
P012,06,108.8,0,1,12.112,1115.42
P012,07,108.8,0,0,12.479,916.03
P012,08,108.8,0,0,11.472,908.95
P012,09,108.8,0,0,9.991,997.63
P012,10,108.8,0,0,11.821,1034.53
P012,11,108.8,0,0,12.55,1095.43
P012,12,108.8,0,0,11.168,928.38
P012,13,108.8,0,0,12.651,1024.65
P012,14,108.8,0,0,12.767,1095.73
P012,15,108.8,0,0,10.929,1008.14
P012,16,108.8,0,0,11.674,1023.06
P012,17,108.8,0,0,12.156,1005.22
P012,18,108.8,0,0,12.454,1070.44
P012,19,108.8,0,1,12.257,1046.64
P012,20,108.8,0,0,10.459,1026.01
P012,21,108.8,0,0,12.264,1056.78
P012,22,108.8,0,0,10.914,1020.14
P012,23,108.8,0,0,13.235,974.91
P012,24,108.8,0,0,11.513,1041.37
P012,25,108.8,0,0,12.379,1148.04
P012,26,108.8,0,0,11.734,1157.84
P012,27,108.8,0,0,12.201,1053.03
P012,28,108.8,0,0,11.98,1045.94
P012,29,108.8,0,0,14.268,1102.13
P012,30,108.8,0,0,12.458,1020.38
P012,31,108.8,0,1,12.056,1055.04
P012,32,108.8,0,0,11.825,1006.0
P012,33,108.8,0,0,11.206,1055.93
P012,34,108.8,0,0,13.872,1145.64
P012,35,108.8,0,0,11.898,1097.9
P012,36,108.8,0,0,12.3,1081.59
P012,37,108.8,0,0,12.825,963.58
P012,38,108.8,0,0,13.053,1097.25
P012,39,108.8,0,0,12.34,1009.51
P012,40,108.8,0,0,12.138,1021.86
P013,01,148.6,0,0,11.163,1114.57
P013,02,148.6,0,0,12.545,1181.54
P013,03,148.6,0,0,11.924,1063.08
P013,04,148.6,0,0,13.276,1190.9
P013,05,148.6,0,0,12.088,1163.26
P013,06,148.6,0,1,14.268,1148.23
P013,07,148.6,0,0,12.605,1144.89
P013,08,148.6,0,1,13.901,1086.66
P013,09,148.6,0,1,14.704,1082.84
P013,10,148.6,0,0,12.112,1020.54
P013,11,148.6,0,0,11.857,1032.99
P013,12,148.6,0,1,13.541,1214.7
P013,13,148.6,0,0,12.923,1080.22
P013,14,148.6,0,0,14.028,1112.55
P013,15,148.6,0,0,13.41,1061.05
P013,16,148.6,0,0,13.213,1179.45
P013,17,148.6,0,0,13.158,1006.51
P013,18,148.6,0,0,10.992,1145.71
P013,19,148.6,0,0,14.257,1088.47
P013,20,148.6,0,0,12.537,1082.37
P013,21,148.6,0,0,13.97,1076.82
P013,22,148.6,0,0,13.322,1153.83
P013,23,148.6,0,0,14.579,1107.73
P013,24,148.6,0,0,13.516,1109.89
P013,25,148.6,0,0,12.91,1188.83
P013,26,148.6,0,0,12.497,948.3
P013,27,148.6,0,0,12.913,979.95
P013,28,148.6,0,0,12.579,1150.32
P013,29,148.6,0,1,12.366,1082.06
P013,30,148.6,0,0,11.515,1112.26
P013,31,148.6,0,0,14.791,1260.84
P013,32,148.6,0,0,11.479,1037.74
P013,33,148.6,0,1,12.87,982.38
P013,34,148.6,0,0,15.91,1144.36
P013,35,148.6,0,0,12.722,1166.75
P013,36,148.6,0,0,12.262,1159.14
P013,37,148.6,0,0,13.293,1141.44
P013,38,148.6,0,0,12.624,1024.1
P013,39,148.6,0,0,12.919,1173.36
P013,40,148.6,0,0,12.959,1024.47
P014,01,218.5,0,0,11.851,1068.22
P014,02,218.5,0,1,12.775,1137.44
P014,03,218.5,0,0,12.626,1164.4
P014,04,218.5,0,0,11.777,958.14
P014,05,218.5,0,1,13.016,1176.38
P014,06,218.5,0,0,12.814,1117.17
P014,07,218.5,0,0,12.834,1004.16
P014,08,218.5,0,0,12.876,1085.34
P014,09,218.5,0,1,13.348,1153.96
P014,10,218.5,0,1,12.59,1094.02
P014,11,218.5,0,0,11.964,1171.34
P014,12,218.5,0,1,13.654,1145.12
P014,13,218.5,0,0,13.284,1136.27
P014,14,218.5,0,1,12.632,1154.82
P014,15,218.5,0,0,12.915,1036.91
P014,16,218.5,0,0,13.671,1157.64
P014,17,218.5,0,0,11.153,991.64
P014,18,218.5,0,0,13.635,1074.81
P014,19,218.5,0,0,12.031,991.46
P014,20,218.5,0,0,12.415,1046.31
P014,21,218.5,0,0,11.366,980.46
P014,22,218.5,0,0,12.556,1045.26
P014,23,218.5,0,0,11.868,989.74
P014,24,218.5,0,0,11.764,1091.07
P014,25,218.5,0,0,12.59,1119.97
P014,26,218.5,0,0,13.101,1085.93
P014,27,218.5,0,1,13.634,1031.46
P014,28,218.5,0,0,12.648,1035.92
P014,29,218.5,0,0,12.844,1166.76
P014,30,218.5,0,0,12.991,1036.78
P014,31,218.5,0,0,13.118,1023.95
P014,32,218.5,0,0,12.048,1201.97
P014,33,218.5,0,0,12.303,1090.72
P014,34,218.5,0,0,13.074,1132.75
P014,35,218.5,0,0,13.291,1075.81
P014,36,218.5,0,0,12.532,1069.29
P014,37,218.5,0,0,12.689,1055.07
P014,38,218.5,0,0,13.731,1036.85
P014,39,218.5,0,0,13.649,1036.91
P014,40,218.5,0,0,13.075,1109.99
P015,01,134.2,1,0,13.018,949.43
P015,02,134.2,1,0,12.365,1158.71
P015,03,134.2,1,0,12.99,1103.84
P015,04,134.2,1,0,11.699,1057.69
P015,05,134.2,1,0,9.869,1063.44
P015,06,134.2,1,0,9.936,957.43
P015,07,134.2,1,0,11.002,1010.66
P015,08,134.2,1,0,11.115,1033.14
P015,09,134.2,1,0,12.649,1103.4
P015,10,134.2,1,0,10.959,988.07
P015,11,134.2,1,0,12.038,1061.67
P015,12,134.2,1,0,10.995,1039.58
P015,13,134.2,1,0,11.45,1007.05
P015,14,134.2,1,0,11.504,1026.65
P015,15,134.2,1,0,11.167,1084.82
P015,16,134.2,1,0,9.764,1024.37
P015,17,134.2,1,0,11.237,1052.9
P015,18,134.2,1,1,10.671,973.07
P015,19,134.2,1,0,13.065,902.68
P015,20,134.2,1,0,10.875,1046.47
P015,21,134.2,1,0,11.234,1131.17
P015,22,134.2,1,0,12.505,1001.89
P015,23,134.2,1,0,11.521,1022.97
P015,24,134.2,1,0,11.305,906.26
P015,25,134.2,1,0,10.582,1016.35
P015,26,134.2,1,0,11.627,1009.57
P015,27,134.2,1,0,13.161,1096.37
P015,28,134.2,1,0,12.765,1133.25
P015,29,134.2,1,0,12.434,983.11
P015,30,134.2,1,0,12.825,1113.4
P015,31,134.2,1,0,11.745,1026.62
P015,32,134.2,1,0,12.111,994.12
P015,33,134.2,1,0,14.544,1090.49
P015,34,134.2,1,0,13.477,1228.86
P015,35,134.2,1,0,11.309,1010.32
P015,36,134.2,1,0,13.196,1068.36
P015,37,134.2,1,0,12.436,1102.49
P015,38,134.2,1,0,13.816,1215.41
P015,39,134.2,1,0,12.578,1140.29
P015,40,134.2,1,0,12.23,1128.22
P016,01,21.6,0,0,14.076,1126.02
P016,02,21.6,0,0,15.861,1144.6
P016,03,21.6,0,0,14.697,1113.87
P016,04,21.6,0,0,14.396,1201.08
P016,05,21.6,0,0,14.792,1196.88
P016,06,21.6,0,0,15.061,1204.43
P016,07,21.6,0,0,15.032,1143.35
P016,08,21.6,0,0,14.745,1198.88
P016,09,21.6,0,0,14.137,1144.6
P016,10,21.6,0,0,15.19,1097.24
P016,11,21.6,0,0,14.217,1171.53
P016,12,21.6,0,0,13.58,1081.78
P016,13,21.6,0,1,14.894,1142.01
P016,14,21.6,0,1,15.517,1269.86
P016,15,21.6,0,0,14.005,1200.77
P016,16,21.6,0,0,14.758,1078.48
P016,17,21.6,0,0,15.292,1123.94
P016,18,21.6,0,0,15.91,1233.22
P016,19,21.6,0,0,14.97,1250.11
P016,20,21.6,0,0,16.975,983.87
P016,21,21.6,0,0,17.521,1080.22
P016,22,21.6,0,0,14.887,1066.62
P016,23,21.6,0,0,16.883,1088.38
P016,24,21.6,0,0,15.881,959.62
P016,25,21.6,0,0,16.131,1003.47
P016,26,21.6,0,0,16.58,1044.25
P016,27,21.6,0,0,15.927,1013.0
P016,28,21.6,0,0,17.865,1084.27
P016,29,21.6,0,0,16.551,1044.65
P016,30,21.6,0,0,15.429,1014.34
P016,31,21.6,0,0,18.384,1105.71
P016,32,21.6,0,0,16.36,984.62
P016,33,21.6,0,0,16.054,1078.19
P016,34,21.6,0,0,18.05,1171.89
P016,35,21.6,0,0,16.563,1145.51
P016,36,21.6,0,0,17.265,947.1
P016,37,21.6,0,0,17.293,1073.26
P016,38,21.6,0,0,16.994,1213.16
P016,39,21.6,0,1,18.064,1125.8
P016,40,21.6,0,0,15.715,1120.66
P017,01,49.1,1,0,12.319,1088.1
P017,02,49.1,1,0,12.369,986.03
P017,03,49.1,1,0,11.994,1041.4
P017,04,49.1,1,0,12.589,1029.3
P017,05,49.1,1,0,11.338,1009.52
P017,06,49.1,1,0,12.772,1051.0
P017,07,49.1,1,0,12.987,1043.66
P017,08,49.1,1,0,10.612,1000.3
P017,09,49.1,1,0,13.117,969.26
P017,10,49.1,1,0,12.027,1079.28
P017,11,49.1,1,1,13.239,1146.47
P017,12,49.1,1,1,12.849,974.17
P017,13,49.1,1,0,12.676,1084.22
P017,14,49.1,1,0,12.924,1049.12
P017,15,49.1,1,0,11.139,1063.91
P017,16,49.1,1,0,11.526,1115.07
P017,17,49.1,1,0,12.537,995.47
P017,18,49.1,1,0,12.96,1112.95
P017,19,49.1,1,0,13.116,1088.95
P017,20,49.1,1,0,14.016,987.96
P017,21,49.1,1,0,14.897,908.33
P017,22,49.1,1,1,15.088,890.8
P017,23,49.1,1,0,15.155,972.82
P017,24,49.1,1,0,15.978,932.07
P017,25,49.1,1,0,15.121,893.68
P017,26,49.1,1,0,14.637,848.85
P017,27,49.1,1,0,15.358,1005.02
P017,28,49.1,1,0,14.094,970.59
P017,29,49.1,1,0,15.497,1060.62
P017,30,49.1,1,0,14.845,1017.68
P017,31,49.1,1,0,15.318,1097.63
P017,32,49.1,1,0,13.945,1060.47
P017,33,49.1,1,0,14.794,990.29
P017,34,49.1,1,0,17.265,1112.97
P017,35,49.1,1,0,15.209,1123.21
P017,36,49.1,1,1,17.043,1161.35
P017,37,49.1,1,1,15.182,1079.99
P017,38,49.1,1,0,16.34,1147.2
P017,39,49.1,1,0,14.478,1036.21
P017,40,49.1,1,0,15.546,973.08
P018,01,271.5,1,0,10.788,1065.63
P018,02,271.5,1,0,11.483,1004.36
P018,03,271.5,1,1,12.308,1013.22
P018,04,271.5,1,0,13.582,1134.21
P018,05,271.5,1,0,11.528,1067.29
P018,06,271.5,1,1,11.588,980.47
P018,07,271.5,1,0,10.962,1069.1
P018,08,271.5,1,0,10.536,956.05
P018,09,271.5,1,0,9.953,979.79
P018,10,271.5,1,0,12.514,961.03
P018,11,271.5,1,0,12.202,1121.26
P018,12,271.5,1,0,11.992,1083.28
P018,13,271.5,1,0,10.978,1161.64
P018,14,271.5,1,0,13.265,1164.29
P018,15,271.5,1,0,12.923,1085.22
P018,16,271.5,1,0,12.719,1059.45
P018,17,271.5,1,1,13.447,1140.32
P018,18,271.5,1,0,10.829,867.93
P018,19,271.5,1,0,11.61,902.55
P018,20,271.5,1,0,10.829,983.72
P018,21,271.5,1,0,11.837,1008.15
P018,22,271.5,1,0,11.124,1071.45
P018,23,271.5,1,0,12.228,1023.01
P018,24,271.5,1,1,13.765,1057.49
P018,25,271.5,1,0,10.93,1068.04
P018,26,271.5,1,1,13.139,1261.98
P018,27,271.5,1,0,13.086,1162.49
P018,28,271.5,1,0,12.996,1052.07
P018,29,271.5,1,0,12.807,1157.21
P018,30,271.5,1,0,11.577,1038.78
P018,31,271.5,1,0,14.874,1143.44
P018,32,271.5,1,0,12.887,1084.26
P018,33,271.5,1,0,12.399,1076.1
P018,34,271.5,1,0,12.966,1179.21
P018,35,271.5,1,0,12.909,1112.84
P018,36,271.5,1,1,14.756,1217.52
P018,37,271.5,1,0,12.87,1013.13
P018,38,271.5,1,0,14.648,1193.58
P018,39,271.5,1,0,14.274,1188.7
P018,40,271.5,1,0,12.483,1160.46
P019,01,198.3,0,0,10.788,1052.45
P019,02,198.3,0,0,11.788,1000.58
P019,03,198.3,0,0,10.46,947.6
P019,04,198.3,0,0,13.08,1025.07
P019,05,198.3,0,0,13.052,1031.73
P019,06,198.3,0,0,12.952,1031.86
P019,07,198.3,0,0,12.504,1042.23
P019,08,198.3,0,0,11.808,1007.74
P019,09,198.3,0,1,13.736,1134.36
P019,10,198.3,0,0,13.19,1187.42
P019,11,198.3,0,0,13.494,1169.98
P019,12,198.3,0,1,12.722,1125.96
P019,13,198.3,0,0,12.963,994.26
P019,14,198.3,0,1,13.441,1060.06
P019,15,198.3,0,1,12.975,1082.42
P019,16,198.3,0,1,13.114,1062.22
P019,17,198.3,0,0,12.595,1052.37
P019,18,198.3,0,0,12.168,1145.1
P019,19,198.3,0,0,13.076,1036.26
P019,20,198.3,0,0,9.986,1019.56
P019,21,198.3,0,0,12.519,972.47
P019,22,198.3,0,0,12.307,1102.48
P019,23,198.3,0,0,12.902,1134.65
P019,24,198.3,0,0,13.089,1171.79
P019,25,198.3,0,0,12.192,1012.25
P019,26,198.3,0,1,13.662,1076.55
P019,27,198.3,0,0,13.106,1057.91
P019,28,198.3,0,0,13.155,1017.36
P019,29,198.3,0,0,12.851,1053.03
P019,30,198.3,0,0,11.921,959.02
P019,31,198.3,0,0,11.605,976.39
P019,32,198.3,0,0,11.48,957.56
P019,33,198.3,0,0,13.696,1109.03
P019,34,198.3,0,0,14.319,1127.64
P019,35,198.3,0,0,13.055,962.96
P019,36,198.3,0,0,12.888,1165.79
P019,37,198.3,0,0,12.776,1107.64
P019,38,198.3,0,0,12.818,1259.08
P019,39,198.3,0,0,12.951,1142.24
P019,40,198.3,0,0,12.855,1069.46
P020,01,301.0,0,0,12.03,1123.92
P020,02,301.0,0,0,14.733,1150.66
P020,03,301.0,0,0,13.4,1134.1
P020,04,301.0,0,0,12.457,1085.91
P020,05,301.0,0,0,13.709,1020.85
P020,06,301.0,0,0,13.116,1139.88
P020,07,301.0,0,0,13.087,1113.38
P020,08,301.0,0,0,12.847,1127.43
P020,09,301.0,0,0,13.297,1025.38
P020,10,301.0,0,0,13.67,1120.39
P020,11,301.0,0,0,12.476,1021.76
P020,12,301.0,0,0,11.612,1078.74
P020,13,301.0,0,0,13.951,1094.83
P020,14,301.0,0,0,14.207,1100.57
P020,15,301.0,0,0,13.317,1071.51
P020,16,301.0,0,0,13.169,1190.75
P020,17,301.0,0,1,13.043,1019.43
P020,18,301.0,0,0,13.584,989.2
P020,19,301.0,0,0,13.485,1132.57
P020,20,301.0,0,0,12.18,1131.45
P020,21,301.0,0,0,13.846,1145.56
P020,22,301.0,0,0,14.086,1067.41
P020,23,301.0,0,0,13.827,1215.52
P020,24,301.0,0,0,12.411,984.19
P020,25,301.0,0,0,13.92,1116.49
P020,26,301.0,0,0,12.856,1100.31
P020,27,301.0,0,0,14.948,1050.84
P020,28,301.0,0,0,14.638,1071.4
P020,29,301.0,0,1,14.209,1081.52
P020,30,301.0,0,0,13.005,1044.13
P020,31,301.0,0,0,14.014,1156.11
P020,32,301.0,0,0,13.248,1106.8
P020,33,301.0,0,0,13.102,1163.44
P020,34,301.0,0,0,14.582,1242.52
P020,35,301.0,0,0,13.31,1132.56
P020,36,301.0,0,0,14.586,1149.05
P020,37,301.0,0,1,14.061,1074.82
P020,38,301.0,0,0,14.769,1267.66
P020,39,301.0,0,0,13.45,1162.93
P020,40,301.0,0,0,11.69,1148.23
P021,01,270.9,0,0,10.927,979.59
P021,02,270.9,0,1,11.541,990.54
P021,03,270.9,0,0,11.831,1072.69
P021,04,270.9,0,0,11.617,941.68
P021,05,270.9,0,0,11.977,1046.67
P021,06,270.9,0,0,11.739,1051.74
P021,07,270.9,0,0,12.958,1149.02
P021,08,270.9,0,0,12.653,1156.28
P021,09,270.9,0,0,11.224,1041.2
P021,10,270.9,0,0,11.881,1000.21
P021,11,270.9,0,0,11.826,998.72
P021,12,270.9,0,1,12.788,1092.39
P021,13,270.9,0,0,12.87,1020.93
P021,14,270.9,0,0,12.844,959.93
P021,15,270.9,0,0,10.695,1094.55
P021,16,270.9,0,0,11.819,1050.55
P021,17,270.9,0,0,12.257,1181.2
P021,18,270.9,0,0,11.683,1052.3
P021,19,270.9,0,0,11.978,1082.0
P021,20,270.9,0,0,11.767,1035.64
P021,21,270.9,0,0,11.964,1038.42
P021,22,270.9,0,0,11.896,1059.09
P021,23,270.9,0,0,11.093,994.9
P021,24,270.9,0,1,11.642,1025.34
P021,25,270.9,0,0,12.313,1058.8
P021,26,270.9,0,0,10.563,936.83
P021,27,270.9,0,0,10.834,904.93
P021,28,270.9,0,0,11.245,1154.21
P021,29,270.9,0,0,13.608,1167.72
P021,30,270.9,0,0,11.43,1151.66
P021,31,270.9,0,0,12.916,1063.15
P021,32,270.9,0,0,11.798,1060.6
P021,33,270.9,0,0,11.869,1071.39
P021,34,270.9,0,0,14.176,1121.22
P021,35,270.9,0,0,12.419,1018.73
P021,36,270.9,0,0,12.758,998.0
P021,37,270.9,0,0,10.969,1007.21
P021,38,270.9,0,0,13.063,1117.21
P021,39,270.9,0,0,11.98,1051.19
P021,40,270.9,0,1,11.976,1145.48
P022,01,108.6,0,0,12.062,971.09
P022,02,108.6,0,0,13.304,1187.84
P022,03,108.6,0,0,12.521,1068.19
P022,04,108.6,0,0,13.466,1054.22
P022,05,108.6,0,0,11.871,1012.47
P022,06,108.6,0,0,14.071,1115.43
P022,07,108.6,0,0,14.579,1150.52
P022,08,108.6,0,0,13.691,1086.65
P022,09,108.6,0,0,13.516,1096.42
P022,10,108.6,0,0,14.093,1058.66
P022,11,108.6,0,0,13.022,1188.65
P022,12,108.6,0,0,12.662,1006.02
P022,13,108.6,0,0,14.676,1045.44
P022,14,108.6,0,0,14.302,1179.83
P022,15,108.6,0,0,11.515,1009.61
P022,16,108.6,0,1,13.932,1153.22
P022,17,108.6,0,0,12.788,1018.89
P022,18,108.6,0,0,12.107,1120.17
P022,19,108.6,0,1,13.386,1123.9
P022,20,108.6,0,0,14.462,1004.05
P022,21,108.6,0,0,13.46,1064.47
P022,22,108.6,0,0,13.102,1173.64
P022,23,108.6,0,0,14.394,1224.36
P022,24,108.6,0,1,13.45,1065.01
P022,25,108.6,0,1,13.761,1024.01
P022,26,108.6,0,0,13.111,1059.41
P022,27,108.6,0,0,13.012,1075.81
P022,28,108.6,0,0,13.043,1156.57
P022,29,108.6,0,0,12.548,1147.95
P022,30,108.6,0,0,12.577,1082.14
P022,31,108.6,0,0,11.993,1166.98
P022,32,108.6,0,0,13.211,1150.77
P022,33,108.6,0,0,13.425,1087.02
P022,34,108.6,0,0,14.843,1197.51
P022,35,108.6,0,0,13.771,1079.71
P022,36,108.6,0,0,13.764,927.73
P022,37,108.6,0,1,14.454,1056.97
P022,38,108.6,0,0,14.121,1143.12
P022,39,108.6,0,0,13.955,1092.11
P022,40,108.6,0,0,13.962,1201.8
P023,01,24.1,0,0,11.139,972.97
P023,02,24.1,0,0,10.72,968.52
P023,03,24.1,0,0,11.571,1097.16
P023,04,24.1,0,0,12.462,1073.93
P023,05,24.1,0,0,11.957,998.68
P023,06,24.1,0,0,12.566,989.64
P023,07,24.1,0,0,11.196,987.47
P023,08,24.1,0,0,11.793,1034.26
P023,09,24.1,0,0,11.406,1067.02
P023,10,24.1,0,0,11.11,993.72
P023,11,24.1,0,0,11.64,1082.8
P023,12,24.1,0,1,12.043,1076.12
P023,13,24.1,0,0,12.223,1191.91
P023,14,24.1,0,0,12.239,1047.23
P023,15,24.1,0,0,12.128,965.5
P023,16,24.1,0,0,11.245,1019.25
P023,17,24.1,0,0,10.145,1006.26
P023,18,24.1,0,0,11.439,1074.01
P023,19,24.1,0,0,12.234,1041.02
P023,20,24.1,0,0,13.114,939.68
P023,21,24.1,0,0,12.442,878.06
P023,22,24.1,0,0,13.35,958.5
P023,23,24.1,0,0,14.746,997.06
P023,24,24.1,0,0,13.63,961.77
P023,25,24.1,0,0,13.505,912.02
P023,26,24.1,0,0,11.99,907.94
P023,27,24.1,0,0,12.403,992.37
P023,28,24.1,0,0,15.046,972.04
P023,29,24.1,0,0,12.822,869.95
P023,30,24.1,0,0,12.458,935.67
P023,31,24.1,0,0,14.026,949.99
P023,32,24.1,0,0,11.262,800.76
P023,33,24.1,0,0,13.39,946.13
P023,34,24.1,0,0,14.944,1046.76
P023,35,24.1,0,0,14.731,942.23
P023,36,24.1,0,0,15.039,846.41
P023,37,24.1,0,0,13.558,928.38
P023,38,24.1,0,0,15.134,990.49
P023,39,24.1,0,0,13.139,927.23
P023,40,24.1,0,0,14.162,1025.23
P024,01,102.9,0,0,12.867,1109.18
P024,02,102.9,0,0,12.15,950.04
P024,03,102.9,0,0,12.131,985.96
P024,04,102.9,0,0,12.759,1136.15
P024,05,102.9,0,0,11.651,975.99
P024,06,102.9,0,0,13.101,1011.32
P024,07,102.9,0,0,13.123,1044.89
P024,08,102.9,0,0,12.625,1065.28
P024,09,102.9,0,0,14.263,1159.71
P024,10,102.9,0,0,12.425,1046.64
P024,11,102.9,0,0,12.184,1083.23
P024,12,102.9,0,0,13.411,1123.11
P024,13,102.9,0,0,13.793,1148.39
P024,14,102.9,0,0,14.298,1074.85
P024,15,102.9,0,0,11.463,966.7
P024,16,102.9,0,0,11.506,980.86
P024,17,102.9,0,0,12.254,1095.17
P024,18,102.9,0,0,13.95,1037.42
P024,19,102.9,0,0,13.224,1088.98
P024,20,102.9,0,0,12.906,972.23
P024,21,102.9,0,0,13.264,1122.07
P024,22,102.9,0,0,12.647,1084.44
P024,23,102.9,0,0,14.032,1116.7
P024,24,102.9,0,0,12.426,1091.86
P024,25,102.9,0,0,12.628,1100.96
P024,26,102.9,0,0,12.38,1034.89
P024,27,102.9,0,0,12.319,1054.87
P024,28,102.9,0,0,13.308,1173.69
P024,29,102.9,0,0,13.769,1053.31
P024,30,102.9,0,0,12.799,1039.75
P024,31,102.9,0,0,14.508,1199.1
P024,32,102.9,0,0,13.155,1216.18
P024,33,102.9,0,0,13.823,1202.46
P024,34,102.9,0,0,14.268,1202.33
P024,35,102.9,0,0,12.963,1080.97
P024,36,102.9,0,0,14.11,1152.8
P024,37,102.9,0,0,13.496,1028.37
P024,38,102.9,0,0,14.901,1122.75
P024,39,102.9,0,0,12.52,1119.48
P024,40,102.9,0,0,13.138,1043.76
P025,01,272.5,1,0,9.735,958.85
P025,02,272.5,1,0,10.356,991.87
P025,03,272.5,1,0,11.319,1086.34
P025,04,272.5,1,0,10.789,1098.64
P025,05,272.5,1,0,10.768,1078.52
P025,06,272.5,1,0,10.813,1001.61
P025,07,272.5,1,0,10.736,1068.61
P025,08,272.5,1,0,11.458,1019.94
P025,09,272.5,1,1,12.553,1057.03
P025,10,272.5,1,0,12.518,1022.91
P025,11,272.5,1,0,10.663,992.08
P025,12,272.5,1,1,11.02,1023.42
P025,13,272.5,1,0,11.666,1064.26
P025,14,272.5,1,0,13.093,988.97
P025,15,272.5,1,0,11.103,919.39
P025,16,272.5,1,0,12.426,1051.94
P025,17,272.5,1,0,11.014,924.61
P025,18,272.5,1,0,12.404,998.66
P025,19,272.5,1,0,11.557,989.9
P025,20,272.5,1,1,10.276,941.69
P025,21,272.5,1,0,10.611,1022.25
P025,22,272.5,1,0,11.771,993.08
P025,23,272.5,1,0,12.532,1114.78
P025,24,272.5,1,0,11.879,941.24
P025,25,272.5,1,1,11.394,1018.7
P025,26,272.5,1,0,11.855,1033.38
P025,27,272.5,1,0,12.331,1105.36
P025,28,272.5,1,0,11.324,1089.11
P025,29,272.5,1,0,12.023,1034.11
P025,30,272.5,1,0,10.85,1113.7
P025,31,272.5,1,0,12.306,1059.78
P025,32,272.5,1,0,13.534,1092.77
P025,33,272.5,1,0,11.003,1057.48
P025,34,272.5,1,0,14.277,1129.18
P025,35,272.5,1,0,13.938,1226.27
P025,36,272.5,1,0,12.6,1073.25
P025,37,272.5,1,0,11.641,1053.36
P025,38,272.5,1,0,12.803,1265.25
P025,39,272.5,1,0,13.365,1215.93
P025,40,272.5,1,1,13.789,1254.27
P026,01,317.9,0,0,12.907,1044.62
P026,02,317.9,0,0,12.186,1076.97
P026,03,317.9,0,0,12.366,858.27
P026,04,317.9,0,0,12.691,1173.99
P026,05,317.9,0,0,12.301,1064.17
P026,06,317.9,0,0,12.266,994.69
P026,07,317.9,0,0,12.137,1041.6
P026,08,317.9,0,0,12.518,1027.07
P026,09,317.9,0,0,13.455,957.54
P026,10,317.9,0,1,12.777,1124.19
P026,11,317.9,0,0,11.264,1081.23
P026,12,317.9,0,1,11.685,1106.56
P026,13,317.9,0,0,13.248,1014.56
P026,14,317.9,0,0,12.545,1072.8
P026,15,317.9,0,0,11.9,996.93
P026,16,317.9,0,0,11.692,975.23
P026,17,317.9,0,0,13.458,968.79
P026,18,317.9,0,0,12.177,1098.08
P026,19,317.9,0,0,12.911,960.68
P026,20,317.9,0,0,11.247,966.03
P026,21,317.9,0,0,12.034,990.81
P026,22,317.9,0,0,11.948,1028.95
P026,23,317.9,0,0,12.562,1079.17
P026,24,317.9,0,0,12.288,1028.5
P026,25,317.9,0,0,10.779,943.15
P026,26,317.9,0,0,12.545,1037.63
P026,27,317.9,0,0,11.917,1085.5
P026,28,317.9,0,0,14.345,1122.65
P026,29,317.9,0,0,11.959,1017.62
P026,30,317.9,0,0,11.413,1030.33
P026,31,317.9,0,0,13.167,1109.65
P026,32,317.9,0,0,11.501,1069.97
P026,33,317.9,0,0,11.338,1033.9
P026,34,317.9,0,0,14.504,1070.25
P026,35,317.9,0,0,13.219,975.4
P026,36,317.9,0,0,12.792,981.71
P026,37,317.9,0,0,10.82,1025.59
P026,38,317.9,0,0,12.897,1073.66
P026,39,317.9,0,0,11.04,1075.05
P026,40,317.9,0,0,12.957,1063.17
P027,01,169.0,0,0,11.98,1043.42
P027,02,169.0,0,0,12.394,1011.36
P027,03,169.0,0,1,13.452,1069.88
P027,04,169.0,0,0,11.567,951.01
P027,05,169.0,0,0,12.607,1040.92
P027,06,169.0,0,0,11.328,1051.62
P027,07,169.0,0,0,12.281,990.89
P027,08,169.0,0,0,13.51,1126.58
P027,09,169.0,0,0,12.567,1064.48
P027,10,169.0,0,0,12.894,1085.74
P027,11,169.0,0,1,13.167,1183.03
P027,12,169.0,0,0,12.105,1005.99
P027,13,169.0,0,0,11.874,1136.5
P027,14,169.0,0,0,11.983,1076.65
P027,15,169.0,0,0,11.757,1130.2
P027,16,169.0,0,0,11.875,1006.24
P027,17,169.0,0,0,11.232,983.0
P027,18,169.0,0,0,12.318,1147.13
P027,19,169.0,0,0,11.459,990.52
P027,20,169.0,0,1,12.388,1120.25
P027,21,169.0,0,1,13.248,1088.15
P027,22,169.0,0,1,11.502,888.78
P027,23,169.0,0,1,12.031,1099.07
P027,24,169.0,0,0,11.67,982.61
P027,25,169.0,0,1,13.191,1180.67
P027,26,169.0,0,0,12.578,1105.3
P027,27,169.0,0,0,12.227,1029.13
P027,28,169.0,0,0,11.597,1035.24
P027,29,169.0,0,1,13.826,998.47
P027,30,169.0,0,1,12.777,1175.85
P027,31,169.0,0,1,13.704,1173.25
P027,32,169.0,0,0,12.452,1099.62
P027,33,169.0,0,1,12.538,1005.89
P027,34,169.0,0,0,14.006,1019.5
P027,35,169.0,0,0,12.393,1069.98
P027,36,169.0,0,1,13.406,1167.03
P027,37,169.0,0,0,12.659,1032.59
P027,38,169.0,0,0,13.69,1154.43
P027,39,169.0,0,0,13.101,1111.91
P027,40,169.0,0,0,12.743,987.95
P028,01,136.5,0,0,14.095,1200.44
P028,02,136.5,0,1,12.509,1175.48
P028,03,136.5,0,0,13.406,983.93
P028,04,136.5,0,0,13.196,1020.76
P028,05,136.5,0,0,13.884,1188.03
P028,06,136.5,0,0,12.879,995.82
P028,07,136.5,0,0,14.008,1011.64
P028,08,136.5,0,0,12.288,953.15
P028,09,136.5,0,0,12.851,1147.22
P028,10,136.5,0,0,14.015,1040.41
P028,11,136.5,0,0,12.901,972.89
P028,12,136.5,0,0,12.648,997.73
P028,13,136.5,0,0,14.997,1033.94
P028,14,136.5,0,0,15.618,1170.77
P028,15,136.5,0,0,12.952,1081.59
P028,16,136.5,0,1,13.184,1049.58
P028,17,136.5,0,0,12.618,1020.41
P028,18,136.5,0,0,14.076,1052.04
P028,19,136.5,0,1,14.212,1156.16
P028,20,136.5,0,0,13.139,1138.73
P028,21,136.5,0,0,13.301,1187.26
P028,22,136.5,0,1,14.234,1218.74
P028,23,136.5,0,1,12.961,929.88
P028,24,136.5,0,0,12.859,1176.69
P028,25,136.5,0,0,12.318,1112.0
P028,26,136.5,0,0,14.323,1071.36
P028,27,136.5,0,0,12.559,1070.41
P028,28,136.5,0,0,14.816,1243.28
P028,29,136.5,0,0,15.257,1143.03
P028,30,136.5,0,0,13.675,1087.19
P028,31,136.5,0,0,15.017,1231.83
P028,32,136.5,0,0,13.514,1122.47
P028,33,136.5,0,0,12.767,1085.58
P028,34,136.5,0,0,14.482,1231.73
P028,35,136.5,0,0,14.707,1116.68
P028,36,136.5,0,0,14.214,1022.35
P028,37,136.5,0,0,13.718,1035.77
P028,38,136.5,0,0,15.909,1207.67
P028,39,136.5,0,0,13.056,1145.99
P028,40,136.5,0,0,13.721,1017.71
P029,01,22.4,0,0,12.961,1070.19
P029,02,22.4,0,0,13.261,982.99
P029,03,22.4,0,0,13.729,1026.41
P029,04,22.4,0,1,13.159,1122.76
P029,05,22.4,0,0,12.73,1104.88
P029,06,22.4,0,0,14.019,1098.44
P029,07,22.4,0,0,13.766,1130.22
P029,08,22.4,0,0,13.112,1044.57
P029,09,22.4,0,0,12.992,1140.91
P029,10,22.4,0,0,13.071,1130.47
P029,11,22.4,0,0,14.885,1086.23
P029,12,22.4,0,0,13.118,991.79
P029,13,22.4,0,0,13.432,1130.31
P029,14,22.4,0,0,14.751,1127.64
P029,15,22.4,0,0,14.038,1090.34
P029,16,22.4,0,0,12.389,1164.54
P029,17,22.4,0,0,11.17,982.53
P029,18,22.4,0,0,12.949,1054.47
P029,19,22.4,0,1,15.104,1088.92
P029,20,22.4,0,0,16.249,906.15
P029,21,22.4,0,1,14.817,1037.48
P029,22,22.4,0,0,16.079,928.89
P029,23,22.4,0,1,15.655,1125.56
P029,24,22.4,0,0,15.242,1129.89
P029,25,22.4,0,0,15.444,923.37
P029,26,22.4,0,0,15.504,1033.8
P029,27,22.4,0,0,17.316,1000.71
P029,28,22.4,0,0,15.312,959.17
P029,29,22.4,0,0,15.796,954.57
P029,30,22.4,0,0,16.294,1023.75
P029,31,22.4,0,1,16.741,1051.78
P029,32,22.4,0,0,14.716,953.41
P029,33,22.4,0,0,14.479,980.19
P029,34,22.4,0,1,16.756,1122.71
P029,35,22.4,0,0,16.855,1101.36
P029,36,22.4,0,0,17.196,1062.7
P029,37,22.4,0,0,14.206,1020.12
P029,38,22.4,0,0,16.293,1051.03
P029,39,22.4,0,0,15.004,941.89
P029,40,22.4,0,0,14.645,928.29
P030,01,107.2,1,0,10.457,841.64
P030,02,107.2,1,0,12.59,889.94
P030,03,107.2,1,0,10.948,952.42
P030,04,107.2,1,0,10.378,960.13
P030,05,107.2,1,0,13.199,985.07
P030,06,107.2,1,0,12.066,951.07
P030,07,107.2,1,0,11.611,940.32
P030,08,107.2,1,0,10.652,1062.22
P030,09,107.2,1,0,11.515,924.6
P030,10,107.2,1,0,9.561,995.41
P030,11,107.2,1,0,11.601,912.2
P030,12,107.2,1,0,11.161,1102.87
P030,13,107.2,1,0,12.466,933.78
P030,14,107.2,1,0,12.538,875.44
P030,15,107.2,1,0,11.527,856.61
P030,16,107.2,1,0,10.81,1067.79
P030,17,107.2,1,0,10.266,1029.1
P030,18,107.2,1,1,10.569,917.72
P030,19,107.2,1,0,10.301,1022.11
P030,20,107.2,1,0,10.21,900.27
P030,21,107.2,1,0,11.271,1012.67
P030,22,107.2,1,0,10.931,1061.5
P030,23,107.2,1,0,9.736,967.53
P030,24,107.2,1,0,10.95,921.7
P030,25,107.2,1,1,10.316,883.79
P030,26,107.2,1,0,12.886,1144.95
P030,27,107.2,1,0,12.166,1140.13
P030,28,107.2,1,0,13.191,1115.36
P030,29,107.2,1,0,13.608,1138.47
P030,30,107.2,1,0,12.169,1031.96
P030,31,107.2,1,0,12.636,1087.16
P030,32,107.2,1,0,12.527,1047.36
P030,33,107.2,1,0,11.97,1070.23
P030,34,107.2,1,0,14.509,1213.43
P030,35,107.2,1,1,12.59,1172.45
P030,36,107.2,1,0,13.903,1147.42
P030,37,107.2,1,0,11.838,1124.3
P030,38,107.2,1,0,12.882,1191.32
P030,39,107.2,1,0,13.06,1139.9
P030,40,107.2,1,0,12.907,991.23
P031,01,47.8,0,0,12.979,1064.99
P031,02,47.8,0,0,13.753,1082.47
P031,03,47.8,0,1,12.998,1127.78
P031,04,47.8,0,0,12.963,1004.44
P031,05,47.8,0,0,13.489,1092.89
P031,06,47.8,0,0,12.895,1003.5
P031,07,47.8,0,0,12.65,1142.84
P031,08,47.8,0,1,13.527,1061.65
P031,09,47.8,0,0,13.922,1049.25
P031,10,47.8,0,0,12.923,1048.57
P031,11,47.8,0,0,12.51,1237.69
P031,12,47.8,0,0,12.113,920.17
P031,13,47.8,0,0,13.85,1141.79
P031,14,47.8,0,0,13.512,1129.5
P031,15,47.8,0,0,12.375,1057.4
P031,16,47.8,0,0,12.493,1015.98
P031,17,47.8,0,0,11.218,1032.33
P031,18,47.8,0,0,13.856,1163.44
P031,19,47.8,0,0,12.632,1071.55
P031,20,47.8,0,0,13.271,903.4
P031,21,47.8,0,0,14.207,935.56
P031,22,47.8,0,0,14.719,965.1
P031,23,47.8,0,0,14.739,918.19
P031,24,47.8,0,0,15.008,1035.44
P031,25,47.8,0,0,14.832,1034.95
P031,26,47.8,0,0,15.013,959.43
P031,27,47.8,0,0,15.182,910.83
P031,28,47.8,0,1,15.24,969.73
P031,29,47.8,0,0,15.449,988.13
P031,30,47.8,0,0,14.874,947.21
P031,31,47.8,0,0,15.384,1107.49
P031,32,47.8,0,0,16.76,1015.42
P031,33,47.8,0,0,13.107,941.28
P031,34,47.8,0,0,15.061,971.94
P031,35,47.8,0,0,14.757,1025.91
P031,36,47.8,0,0,15.409,1086.23
P031,37,47.8,0,0,13.064,930.97
P031,38,47.8,0,0,15.638,904.51
P031,39,47.8,0,0,15.75,1025.23
P031,40,47.8,0,0,13.989,920.53
P032,01,315.6,0,0,12.018,1074.33
P032,02,315.6,0,0,10.176,969.34
P032,03,315.6,0,0,10.851,1016.25
P032,04,315.6,0,1,11.348,973.95
P032,05,315.6,0,0,11.578,1014.08
P032,06,315.6,0,0,11.445,1001.87
P032,07,315.6,0,0,10.987,983.48
P032,08,315.6,0,0,10.814,1028.05
P032,09,315.6,0,1,12.722,992.3
P032,10,315.6,0,0,10.89,1117.55
P032,11,315.6,0,1,11.093,1067.74
P032,12,315.6,0,0,10.898,982.37
P032,13,315.6,0,0,13.022,1005.37
P032,14,315.6,0,0,11.055,1084.22
P032,15,315.6,0,0,12.106,983.65
P032,16,315.6,0,1,12.79,1040.56
P032,17,315.6,0,0,10.421,966.03
P032,18,315.6,0,0,12.926,1097.35
P032,19,315.6,0,0,13.05,1226.21
P032,20,315.6,0,0,11.943,955.21
P032,21,315.6,0,0,12.021,1022.1
P032,22,315.6,0,0,13.091,1120.12
P032,23,315.6,0,0,11.967,1142.18
P032,24,315.6,0,0,11.295,1023.9
P032,25,315.6,0,0,11.608,1038.36
P032,26,315.6,0,0,11.671,1058.16
P032,27,315.6,0,0,13.077,978.96
P032,28,315.6,0,1,13.706,1061.68
P032,29,315.6,0,0,12.185,1094.7
P032,30,315.6,0,0,10.427,1027.99
P032,31,315.6,0,0,12.47,1211.18
P032,32,315.6,0,0,11.53,1032.36
P032,33,315.6,0,0,11.278,1055.61
P032,34,315.6,0,0,13.141,1089.21
P032,35,315.6,0,0,12.807,965.99
P032,36,315.6,0,0,12.218,1050.25
P032,37,315.6,0,0,11.527,1100.02
P032,38,315.6,0,0,12.638,1089.96
P032,39,315.6,0,0,12.069,1061.4
P032,40,315.6,0,0,11.065,1096.39
P033,01,35.4,0,0,12.127,1116.51
P033,02,35.4,0,0,10.414,986.7
P033,03,35.4,0,0,12.344,1038.18
P033,04,35.4,0,0,12.812,1123.94
P033,05,35.4,0,0,11.499,1063.4
P033,06,35.4,0,0,12.756,977.14
P033,07,35.4,0,0,12.427,1102.07
P033,08,35.4,0,0,11.805,986.67
P033,09,35.4,0,0,12.162,1113.82
P033,10,35.4,0,0,13.406,1076.8
P033,11,35.4,0,0,11.489,1023.58
P033,12,35.4,0,0,10.782,1011.59
P033,13,35.4,0,0,12.983,924.08
P033,14,35.4,0,1,13.577,1141.81
P033,15,35.4,0,0,11.597,948.27
P033,16,35.4,0,0,12.903,996.36
P033,17,35.4,0,0,12.42,954.97
P033,18,35.4,0,0,11.807,1072.2
P033,19,35.4,0,0,12.955,1034.24
P033,20,35.4,0,0,14.059,873.97
P033,21,35.4,0,0,14.866,1040.99
P033,22,35.4,0,0,14.301,786.6
P033,23,35.4,0,0,15.038,956.72
P033,24,35.4,0,0,14.377,946.36
P033,25,35.4,0,0,14.434,947.15
P033,26,35.4,0,0,13.073,967.22
P033,27,35.4,0,1,15.989,1121.64
P033,28,35.4,0,0,15.013,914.78
P033,29,35.4,0,0,14.476,1010.61
P033,30,35.4,0,1,15.945,982.83
P033,31,35.4,0,0,14.839,949.18
P033,32,35.4,0,0,13.95,1003.61
P033,33,35.4,0,0,13.651,924.84
P033,34,35.4,0,1,14.795,946.85
P033,35,35.4,0,0,13.751,1036.84
P033,36,35.4,0,0,15.061,1044.7
P033,37,35.4,0,0,13.89,913.34
P033,38,35.4,0,0,15.298,1065.14
P033,39,35.4,0,0,13.76,847.48
P033,40,35.4,0,0,14.167,968.91
P034,01,197.8,1,0,10.632,953.54
P034,02,197.8,1,0,12.45,1071.4
P034,03,197.8,1,0,11.717,967.31
P034,04,197.8,1,0,12.842,1098.98
P034,05,197.8,1,0,12.197,1077.66
P034,06,197.8,1,1,13.135,1101.5
P034,07,197.8,1,0,12.879,1046.82
P034,08,197.8,1,0,12.261,1191.34
P034,09,197.8,1,0,11.827,971.49
P034,10,197.8,1,1,13.055,1230.8
P034,11,197.8,1,0,13.056,1026.16
P034,12,197.8,1,0,12.239,1012.59
P034,13,197.8,1,0,12.461,1102.03
P034,14,197.8,1,0,13.543,1119.87
P034,15,197.8,1,0,12.482,874.08
P034,16,197.8,1,0,12.608,1090.61
P034,17,197.8,1,0,11.357,1089.38
P034,18,197.8,1,0,12.088,1045.78
P034,19,197.8,1,1,12.364,1012.97
P034,20,197.8,1,0,11.919,1020.01
P034,21,197.8,1,0,12.963,1099.1
P034,22,197.8,1,0,13.132,1014.89
P034,23,197.8,1,0,12.917,1012.76
P034,24,197.8,1,1,12.953,1006.79
P034,25,197.8,1,0,12.359,1076.54
P034,26,197.8,1,0,13.373,1184.88
P034,27,197.8,1,0,14.267,1242.03
P034,28,197.8,1,0,13.067,1144.38
P034,29,197.8,1,1,15.482,1084.18
P034,30,197.8,1,0,13.292,1169.87
P034,31,197.8,1,1,13.78,1230.76
P034,32,197.8,1,0,12.618,1179.62
P034,33,197.8,1,0,14.388,1121.35
P034,34,197.8,1,0,14.129,1228.68
P034,35,197.8,1,0,14.005,1099.98
P034,36,197.8,1,0,13.645,1214.57
P034,37,197.8,1,0,13.132,1219.71
P034,38,197.8,1,0,14.092,1046.82
P034,39,197.8,1,0,13.41,1115.9
P034,40,197.8,1,0,13.139,1153.38
P035,01,53.1,0,0,11.135,1038.34
P035,02,53.1,0,1,10.818,1013.69
P035,03,53.1,0,0,11.774,1008.94
P035,04,53.1,0,1,11.768,1037.0
P035,05,53.1,0,0,11.791,1054.05
P035,06,53.1,0,1,12.727,980.95
P035,07,53.1,0,0,11.895,1125.73
P035,08,53.1,0,0,12.294,1124.89
P035,09,53.1,0,0,11.692,1041.44
P035,10,53.1,0,0,11.435,1089.47
P035,11,53.1,0,0,11.473,1062.88
P035,12,53.1,0,0,11.471,1024.47
P035,13,53.1,0,0,13.343,1042.99
P035,14,53.1,0,0,12.54,966.09
P035,15,53.1,0,0,12.567,1111.87
P035,16,53.1,0,1,12.157,986.48
P035,17,53.1,0,0,12.043,1035.96
P035,18,53.1,0,0,11.663,1113.57
P035,19,53.1,0,1,12.274,1011.28
P035,20,53.1,0,0,12.195,827.01
P035,21,53.1,0,0,15.015,1031.33
P035,22,53.1,0,0,12.403,963.89
P035,23,53.1,0,0,12.879,923.47
P035,24,53.1,0,0,14.034,1060.86
P035,25,53.1,0,0,12.867,1036.06
P035,26,53.1,0,0,14.442,852.31
P035,27,53.1,0,0,13.414,927.21
P035,28,53.1,0,0,14.596,863.22
P035,29,53.1,0,0,13.748,941.61
P035,30,53.1,0,1,12.63,934.46
P035,31,53.1,0,0,13.546,944.2
P035,32,53.1,0,0,13.947,1005.1
P035,33,53.1,0,0,14.487,1008.83
P035,34,53.1,0,0,16.229,1112.0
P035,35,53.1,0,0,14.908,903.79
P035,36,53.1,0,0,13.856,1005.46
P035,37,53.1,0,0,12.882,949.67
P035,38,53.1,0,0,13.82,965.17
P035,39,53.1,0,0,14.769,923.26
P035,40,53.1,0,0,13.904,929.03
P036,01,248.6,1,0,11.968,985.96
P036,02,248.6,1,0,12.413,1029.13
P036,03,248.6,1,0,12.043,1124.8
P036,04,248.6,1,0,12.858,1092.37
P036,05,248.6,1,1,11.004,985.79
P036,06,248.6,1,0,11.176,940.62
P036,07,248.6,1,1,12.029,1029.64
P036,08,248.6,1,0,11.073,1046.8
P036,09,248.6,1,0,11.634,976.72
P036,10,248.6,1,0,11.717,1074.76
P036,11,248.6,1,0,13.118,1030.76
P036,12,248.6,1,1,12.703,1132.1
P036,13,248.6,1,0,11.428,945.74
P036,14,248.6,1,0,11.478,1074.08
P036,15,248.6,1,0,12.049,1044.78
P036,16,248.6,1,0,10.587,968.5
P036,17,248.6,1,1,12.171,1032.48
P036,18,248.6,1,0,11.654,1060.61
P036,19,248.6,1,1,12.093,990.07
P036,20,248.6,1,0,11.077,998.76
P036,21,248.6,1,0,12.138,1074.55
P036,22,248.6,1,1,13.021,920.74
P036,23,248.6,1,0,12.221,1105.78
P036,24,248.6,1,1,12.575,1114.45
P036,25,248.6,1,0,13.222,1046.64
P036,26,248.6,1,0,13.76,1080.4
P036,27,248.6,1,0,12.623,995.55
P036,28,248.6,1,0,13.432,1164.91
P036,29,248.6,1,0,14.372,1076.81
P036,30,248.6,1,0,12.577,1143.73
P036,31,248.6,1,0,14.778,1110.27
P036,32,248.6,1,0,13.805,1134.09
P036,33,248.6,1,0,12.833,1177.67
P036,34,248.6,1,0,14.578,1179.46
P036,35,248.6,1,0,13.296,1109.09
P036,36,248.6,1,0,13.808,1223.2
P036,37,248.6,1,1,12.345,1095.41
P036,38,248.6,1,0,13.827,1204.53
P036,39,248.6,1,0,14.437,1183.95
P036,40,248.6,1,1,14.212,1083.21
P037,01,178.0,0,1,11.667,872.08
P037,02,178.0,0,0,12.732,1002.65
P037,03,178.0,0,0,11.835,1043.7
P037,04,178.0,0,0,11.548,1044.72
P037,05,178.0,0,0,11.143,1035.01
P037,06,178.0,0,0,12.504,1049.87
P037,07,178.0,0,0,12.761,1087.35
P037,08,178.0,0,0,12.315,1014.1
P037,09,178.0,0,1,11.179,1005.54
P037,10,178.0,0,0,12.706,934.14
P037,11,178.0,0,0,10.202,880.63
P037,12,178.0,0,0,10.664,959.73
P037,13,178.0,0,0,10.928,992.05
P037,14,178.0,0,0,11.846,1047.95
P037,15,178.0,0,0,10.127,1078.44
P037,16,178.0,0,1,12.793,1124.36
P037,17,178.0,0,0,11.347,981.84
P037,18,178.0,0,0,11.927,1100.2
P037,19,178.0,0,1,11.723,1059.04
P037,20,178.0,0,0,10.227,1072.69
P037,21,178.0,0,0,11.892,1027.66
P037,22,178.0,0,0,9.897,1036.73
P037,23,178.0,0,0,12.798,1043.03
P037,24,178.0,0,0,11.926,1000.77
P037,25,178.0,0,0,11.74,1062.75
P037,26,178.0,0,0,13.31,1050.78
P037,27,178.0,0,1,13.743,1064.88
P037,28,178.0,0,0,12.754,877.01
P037,29,178.0,0,0,12.369,1002.16
P037,30,178.0,0,0,13.025,1142.07
P037,31,178.0,0,0,13.48,995.39
P037,32,178.0,0,0,11.808,1010.87
P037,33,178.0,0,0,11.792,1001.76
P037,34,178.0,0,0,13.125,1085.41
P037,35,178.0,0,0,12.417,1056.79
P037,36,178.0,0,0,11.68,1044.3
P037,37,178.0,0,1,11.303,1031.89
P037,38,178.0,0,0,12.705,986.41
P037,39,178.0,0,0,9.896,868.45
P037,40,178.0,0,0,12.072,1016.21
P038,01,286.9,0,0,9.754,955.89
P038,02,286.9,0,0,10.986,1091.8
P038,03,286.9,0,0,8.66,912.85
P038,04,286.9,0,0,11.333,1012.84
P038,05,286.9,0,0,10.214,1027.82
P038,06,286.9,0,0,9.879,1006.76
P038,07,286.9,0,0,10.1,1206.16
P038,08,286.9,0,1,10.887,906.27
P038,09,286.9,0,1,10.825,993.39
P038,10,286.9,0,0,11.338,1009.2
P038,11,286.9,0,0,11.336,948.41
P038,12,286.9,0,0,9.475,1005.42
P038,13,286.9,0,0,9.796,1005.38
P038,14,286.9,0,0,11.068,1077.18
P038,15,286.9,0,0,8.159,979.98
P038,16,286.9,0,0,10.961,1052.09
P038,17,286.9,0,0,11.147,873.92
P038,18,286.9,0,1,13.049,933.3
P038,19,286.9,0,0,11.71,989.54
P038,20,286.9,0,0,10.66,907.72
P038,21,286.9,0,0,10.989,1017.38
P038,22,286.9,0,0,10.656,992.89
P038,23,286.9,0,0,10.332,968.54
P038,24,286.9,0,0,10.117,1015.24
P038,25,286.9,0,0,10.935,907.52
P038,26,286.9,0,0,10.371,966.33
P038,27,286.9,0,0,12.201,1032.07
P038,28,286.9,0,0,12.267,1016.29
P038,29,286.9,0,0,9.551,1006.54
P038,30,286.9,0,0,12.237,988.47
P038,31,286.9,0,0,11.473,1103.13
P038,32,286.9,0,0,10.43,963.46
P038,33,286.9,0,0,11.173,1041.52
P038,34,286.9,0,0,11.11,1025.2
P038,35,286.9,0,0,10.377,973.28
P038,36,286.9,0,0,11.735,913.58
P038,37,286.9,0,0,10.354,852.68
P038,38,286.9,0,0,10.619,1084.78
P038,39,286.9,0,0,11.992,1000.54
P038,40,286.9,0,0,10.93,954.32
P039,01,94.5,0,0,12.754,1035.98
P039,02,94.5,0,0,13.112,1057.13
P039,03,94.5,0,1,13.447,1097.53
P039,04,94.5,0,0,12.845,1031.85
P039,05,94.5,0,0,12.141,1096.01
P039,06,94.5,0,0,12.909,1118.68
P039,07,94.5,0,0,11.889,936.76
P039,08,94.5,0,0,13.817,1039.89
P039,09,94.5,0,1,14.128,1135.14
P039,10,94.5,0,0,11.989,906.62
P039,11,94.5,0,0,11.58,955.57
P039,12,94.5,0,0,11.951,959.95
P039,13,94.5,0,0,11.323,1054.92
P039,14,94.5,0,0,13.271,1086.92
P039,15,94.5,0,0,12.946,1073.37
P039,16,94.5,0,0,11.207,958.75
P039,17,94.5,0,0,12.386,1116.91
P039,18,94.5,0,1,12.835,1121.51
P039,19,94.5,0,0,12.442,1105.77
P039,20,94.5,0,0,14.541,905.8
P039,21,94.5,0,0,15.03,999.73
P039,22,94.5,0,0,14.119,994.63
P039,23,94.5,0,0,12.814,961.16
P039,24,94.5,0,0,14.417,1066.31
P039,25,94.5,0,0,14.29,999.04
P039,26,94.5,0,1,13.677,1016.3
P039,27,94.5,0,0,15.022,947.01
P039,28,94.5,0,0,13.418,957.33
P039,29,94.5,0,0,15.153,1033.19
P039,30,94.5,0,1,15.533,983.49
P039,31,94.5,0,1,15.121,994.05
P039,32,94.5,0,1,13.799,1041.34
P039,33,94.5,0,0,13.669,1101.18
P039,34,94.5,0,0,14.635,975.73
P039,35,94.5,0,0,14.301,1042.28
P039,36,94.5,0,0,16.547,912.97
P039,37,94.5,0,0,14.321,944.11
P039,38,94.5,0,1,15.347,1010.25
P039,39,94.5,0,0,15.092,924.26
P039,40,94.5,0,0,14.968,924.32
P040,01,89.3,1,0,12.698,1075.41
P040,02,89.3,1,0,13.777,1100.1
P040,03,89.3,1,1,11.51,1101.34
P040,04,89.3,1,1,13.321,1082.16
P040,05,89.3,1,0,12.258,1067.64
P040,06,89.3,1,0,12.384,1153.43
P040,07,89.3,1,0,12.353,1125.79
P040,08,89.3,1,1,13.965,1122.4
P040,09,89.3,1,1,13.4,1177.68
P040,10,89.3,1,0,12.458,1082.08
P040,11,89.3,1,0,13.508,1100.11
P040,12,89.3,1,0,12.089,1028.28
P040,13,89.3,1,0,14.753,1148.37
P040,14,89.3,1,0,13.864,1101.79
P040,15,89.3,1,1,14.042,984.18
P040,16,89.3,1,1,13.883,1136.68
P040,17,89.3,1,0,13.375,1028.79
P040,18,89.3,1,0,14.813,1118.45
P040,19,89.3,1,0,13.995,1239.17
P040,20,89.3,1,0,15.265,1107.44
P040,21,89.3,1,0,15.117,928.57
P040,22,89.3,1,0,14.88,917.68
P040,23,89.3,1,0,15.867,1095.69
P040,24,89.3,1,0,15.358,1049.05
P040,25,89.3,1,0,15.416,957.39
P040,26,89.3,1,1,17.288,1137.32
P040,27,89.3,1,0,16.566,1106.33
P040,28,89.3,1,0,16.583,1041.92
P040,29,89.3,1,0,16.238,1029.99
P040,30,89.3,1,0,16.696,1150.92
P040,31,89.3,1,1,17.802,1020.68
P040,32,89.3,1,0,17.107,1172.49
P040,33,89.3,1,0,16.718,1091.41
P040,34,89.3,1,1,17.48,1126.21
P040,35,89.3,1,0,16.011,1195.22
P040,36,89.3,1,0,16.225,1074.64
P040,37,89.3,1,0,17.062,986.95
P040,38,89.3,1,0,18.666,1176.52
P040,39,89.3,1,0,16.05,1035.8
P040,40,89.3,1,0,14.476,1017.26
P041,01,175.3,0,1,13.499,1206.99
P041,02,175.3,0,0,12.72,1018.01
P041,03,175.3,0,0,12.41,920.31
P041,04,175.3,0,0,12.199,1040.05
P041,05,175.3,0,0,12.555,910.06
P041,06,175.3,0,0,12.82,1002.52
P041,07,175.3,0,1,13.547,1093.74
P041,08,175.3,0,0,13.313,1036.6
P041,09,175.3,0,0,12.325,986.04
P041,10,175.3,0,0,12.352,966.9
P041,11,175.3,0,0,12.154,1047.88
P041,12,175.3,0,0,11.506,930.36
P041,13,175.3,0,0,11.436,1044.99
P041,14,175.3,0,0,12.231,1104.8
P041,15,175.3,0,1,12.715,1041.1
P041,16,175.3,0,0,13.999,977.94
P041,17,175.3,0,0,12.352,1090.54
P041,18,175.3,0,0,12.155,1024.56
P041,19,175.3,0,0,12.407,1015.47
P041,20,175.3,0,0,10.152,1045.79
P041,21,175.3,0,0,12.195,1105.11
P041,22,175.3,0,0,12.713,981.8
P041,23,175.3,0,1,12.809,1069.77
P041,24,175.3,0,0,12.394,984.83
P041,25,175.3,0,0,13.228,1032.03
P041,26,175.3,0,0,14.691,1165.97
P041,27,175.3,0,0,11.275,1106.75
P041,28,175.3,0,0,12.229,1076.77
P041,29,175.3,0,0,12.082,1014.4
P041,30,175.3,0,0,12.487,1020.15
P041,31,175.3,0,0,11.123,1044.52
P041,32,175.3,0,0,11.817,1098.06
P041,33,175.3,0,0,13.345,1087.99
P041,34,175.3,0,0,12.232,965.02
P041,35,175.3,0,0,13.166,1077.35
P041,36,175.3,0,0,13.072,1076.83
P041,37,175.3,0,1,12.238,1061.02
P041,38,175.3,0,0,15.098,1146.08
P041,39,175.3,0,0,11.753,1059.16
P041,40,175.3,0,0,12.439,1039.03
P042,01,95.7,0,0,11.238,1112.63
P042,02,95.7,0,1,12.771,1088.56
P042,03,95.7,0,0,11.934,1158.69
P042,04,95.7,0,0,12.935,1066.94
P042,05,95.7,0,0,10.826,988.86
P042,06,95.7,0,0,11.682,964.84
P042,07,95.7,0,0,12.747,1105.68
P042,08,95.7,0,0,11.971,1067.45
P042,09,95.7,0,0,12.486,1038.79
P042,10,95.7,0,0,11.448,1017.6
P042,11,95.7,0,0,12.667,938.62
P042,12,95.7,0,0,13.154,1063.03
P042,13,95.7,0,0,12.377,999.57
P042,14,95.7,0,1,13.405,1145.37
P042,15,95.7,0,0,11.69,1035.85
P042,16,95.7,0,0,12.423,1010.45
P042,17,95.7,0,0,11.76,1016.04
P042,18,95.7,0,0,11.964,1036.57
P042,19,95.7,0,0,12.814,1121.14
P042,20,95.7,0,0,12.79,942.25
P042,21,95.7,0,0,14.425,1155.2
P042,22,95.7,0,0,12.763,907.62
P042,23,95.7,0,1,15.647,1053.36
P042,24,95.7,0,0,14.371,1051.43
P042,25,95.7,0,0,13.879,924.79
P042,26,95.7,0,0,14.743,952.35
P042,27,95.7,0,0,14.979,971.3
P042,28,95.7,0,0,14.333,1047.99
P042,29,95.7,0,0,15.297,1032.93
P042,30,95.7,0,0,12.863,992.43
P042,31,95.7,0,0,15.356,1020.83
P042,32,95.7,0,0,13.94,930.0
P042,33,95.7,0,0,12.264,1022.05
P042,34,95.7,0,1,15.176,1039.69
P042,35,95.7,0,0,14.19,1000.2
P042,36,95.7,0,1,14.267,1040.39
P042,37,95.7,0,0,15.073,995.23
P042,38,95.7,0,0,14.977,1104.19
P042,39,95.7,0,0,14.394,1001.49
P042,40,95.7,0,0,14.369,929.49
P043,01,308.1,1,1,11.619,998.67
P043,02,308.1,1,0,12.001,944.32
P043,03,308.1,1,0,11.106,1021.72
P043,04,308.1,1,0,12.311,1109.47
P043,05,308.1,1,0,10.773,1141.63
P043,06,308.1,1,0,11.507,1065.76
P043,07,308.1,1,0,11.295,1134.03
P043,08,308.1,1,0,12.489,1049.37
P043,09,308.1,1,0,11.292,936.13
P043,10,308.1,1,0,10.752,985.64
P043,11,308.1,1,0,12.543,1002.45
P043,12,308.1,1,0,11.334,994.07
P043,13,308.1,1,0,12.086,977.63
P043,14,308.1,1,0,13.628,1034.01
P043,15,308.1,1,0,12.123,992.54
P043,16,308.1,1,0,9.366,971.91
P043,17,308.1,1,0,11.582,1177.15
P043,18,308.1,1,0,14.421,1121.11
P043,19,308.1,1,0,12.841,1082.26
P043,20,308.1,1,0,10.866,1100.21
P043,21,308.1,1,0,12.88,1021.21
P043,22,308.1,1,0,11.498,1041.5
P043,23,308.1,1,1,11.735,1087.2
P043,24,308.1,1,1,11.766,1123.06
P043,25,308.1,1,0,11.671,996.96
P043,26,308.1,1,0,11.973,1031.06
P043,27,308.1,1,0,11.703,1179.81
P043,28,308.1,1,0,12.463,1130.24
P043,29,308.1,1,1,14.999,1129.0
P043,30,308.1,1,1,12.658,1097.47
P043,31,308.1,1,0,13.396,1190.3
P043,32,308.1,1,0,11.38,1098.63
P043,33,308.1,1,0,14.069,1199.4
P043,34,308.1,1,0,14.693,1180.71
P043,35,308.1,1,0,13.147,1024.05
P043,36,308.1,1,0,13.387,1006.63
P043,37,308.1,1,1,12.395,1128.84
P043,38,308.1,1,0,15.102,1319.82
P043,39,308.1,1,0,13.326,1172.65
P043,40,308.1,1,0,14.77,1107.29
P044,01,88.3,0,0,11.283,949.18
P044,02,88.3,0,1,10.529,972.02
P044,03,88.3,0,0,10.578,961.07
P044,04,88.3,0,0,10.137,953.71
P044,05,88.3,0,0,10.088,911.21
P044,06,88.3,0,0,12.378,1001.01
P044,07,88.3,0,0,10.529,1078.68
P044,08,88.3,0,1,12.284,994.97
P044,09,88.3,0,0,9.681,874.72
P044,10,88.3,0,0,10.705,1025.83
P044,11,88.3,0,0,9.475,1036.24
P044,12,88.3,0,1,11.43,981.77
P044,13,88.3,0,0,9.272,1001.73
P044,14,88.3,0,0,12.806,1052.1
P044,15,88.3,0,0,9.783,981.58
P044,16,88.3,0,0,10.546,1005.51
P044,17,88.3,0,1,10.712,1123.32
P044,18,88.3,0,0,13.144,1013.56
P044,19,88.3,0,0,10.45,1024.93
P044,20,88.3,0,0,12.837,819.79
P044,21,88.3,0,0,15.424,989.24
P044,22,88.3,0,0,11.799,838.08
P044,23,88.3,0,0,12.689,823.35
P044,24,88.3,0,0,13.79,814.57
P044,25,88.3,0,1,13.345,895.58
P044,26,88.3,0,0,12.454,830.7
P044,27,88.3,0,0,12.805,842.73
P044,28,88.3,0,0,12.451,948.83
P044,29,88.3,0,0,13.701,1070.4
P044,30,88.3,0,0,13.293,949.58
P044,31,88.3,0,0,13.21,910.84
P044,32,88.3,0,0,14.065,1018.22
P044,33,88.3,0,0,11.484,836.48
P044,34,88.3,0,0,14.503,879.06
P044,35,88.3,0,0,13.707,932.34
P044,36,88.3,0,0,13.065,1068.34
P044,37,88.3,0,0,12.823,911.7
P044,38,88.3,0,0,14.852,1024.05
P044,39,88.3,0,0,11.998,885.68
P044,40,88.3,0,0,12.88,989.15
P045,01,201.8,1,0,12.435,954.89
P045,02,201.8,1,0,13.302,1166.77
P045,03,201.8,1,0,12.078,1118.35
P045,04,201.8,1,0,14.914,1206.34
P045,05,201.8,1,0,13.003,1078.95
P045,06,201.8,1,0,12.931,1244.54
P045,07,201.8,1,0,14.741,1062.51
P045,08,201.8,1,0,13.345,1141.64
P045,09,201.8,1,0,13.171,1128.25
P045,10,201.8,1,0,14.996,1077.69
P045,11,201.8,1,0,13.385,1143.38
P045,12,201.8,1,0,12.467,1206.51
P045,13,201.8,1,0,13.856,1046.45
P045,14,201.8,1,0,13.394,1090.21
P045,15,201.8,1,0,13.461,938.22
P045,16,201.8,1,1,13.544,1080.38
P045,17,201.8,1,0,12.412,1089.56
P045,18,201.8,1,0,12.898,1153.01
P045,19,201.8,1,1,14.012,1118.25
P045,20,201.8,1,0,11.264,1090.42
P045,21,201.8,1,0,12.797,1037.28
P045,22,201.8,1,1,14.976,1141.18
P045,23,201.8,1,0,13.423,1180.53
P045,24,201.8,1,0,13.49,1101.72
P045,25,201.8,1,1,13.726,1202.36
P045,26,201.8,1,0,13.664,1057.92
P045,27,201.8,1,0,15.354,1181.54
P045,28,201.8,1,0,14.677,1196.26
P045,29,201.8,1,1,16.027,1193.87
P045,30,201.8,1,0,14.73,1217.88
P045,31,201.8,1,0,15.677,1256.61
P045,32,201.8,1,1,14.335,1208.13
P045,33,201.8,1,0,15.621,1134.93
P045,34,201.8,1,0,15.065,1243.24
P045,35,201.8,1,0,16.88,1274.37
P045,36,201.8,1,1,14.151,1165.25
P045,37,201.8,1,1,14.388,1088.93
P045,38,201.8,1,0,16.131,1250.12
P045,39,201.8,1,0,14.139,1151.06
P045,40,201.8,1,0,15.603,1309.08
P046,01,156.7,0,0,10.25,1032.73
P046,02,156.7,0,0,12.396,1004.76
P046,03,156.7,0,0,11.115,1071.05
P046,04,156.7,0,0,12.475,1076.7
P046,05,156.7,0,0,11.352,1005.75
P046,06,156.7,0,0,11.781,1028.66
P046,07,156.7,0,0,12.54,1089.86
P046,08,156.7,0,0,11.917,1040.37
P046,09,156.7,0,0,12.437,1040.68
P046,10,156.7,0,1,13.571,987.93
P046,11,156.7,0,1,11.618,976.85
P046,12,156.7,0,0,12.868,1086.85
P046,13,156.7,0,0,11.175,1109.31
P046,14,156.7,0,0,14.804,1071.09
P046,15,156.7,0,0,11.018,946.33
P046,16,156.7,0,0,10.779,1050.37
P046,17,156.7,0,0,11.799,1073.02
P046,18,156.7,0,0,13.057,1030.54
P046,19,156.7,0,0,11.749,1008.34
P046,20,156.7,0,0,11.956,944.79
P046,21,156.7,0,0,11.506,1006.25
P046,22,156.7,0,0,12.055,1037.42
P046,23,156.7,0,0,11.97,937.38
P046,24,156.7,0,0,10.947,969.19
P046,25,156.7,0,0,11.552,1037.46
P046,26,156.7,0,0,12.709,1135.47
P046,27,156.7,0,0,11.633,1031.6
P046,28,156.7,0,0,12.35,979.77
P046,29,156.7,0,1,11.587,1104.98
P046,30,156.7,0,1,11.447,988.63
P046,31,156.7,0,0,11.523,1060.64
P046,32,156.7,0,1,13.465,1118.11
P046,33,156.7,0,0,10.547,940.94
P046,34,156.7,0,1,12.491,1033.67
P046,35,156.7,0,0,10.934,1081.22
P046,36,156.7,0,0,12.552,1096.92
P046,37,156.7,0,0,12.164,1088.49
P046,38,156.7,0,0,13.89,1075.59
P046,39,156.7,0,0,12.247,1092.25
P046,40,156.7,0,0,11.87,1052.79
P047,01,232.7,1,0,11.832,1122.67
P047,02,232.7,1,0,12.808,1068.56
P047,03,232.7,1,0,13.48,1006.99
P047,04,232.7,1,0,13.075,1048.7
P047,05,232.7,1,0,13.762,1016.26
P047,06,232.7,1,0,15.206,1107.45
P047,07,232.7,1,0,13.361,1118.73
P047,08,232.7,1,0,13.023,1185.32
P047,09,232.7,1,0,13.641,1035.44
P047,10,232.7,1,0,13.72,1012.21
P047,11,232.7,1,0,13.919,988.92
P047,12,232.7,1,0,12.692,1119.09
P047,13,232.7,1,0,12.721,997.5
P047,14,232.7,1,0,13.108,1120.06
P047,15,232.7,1,0,12.511,1169.91
P047,16,232.7,1,0,12.902,1111.19
P047,17,232.7,1,0,13.084,1171.3
P047,18,232.7,1,1,15.231,1101.17
P047,19,232.7,1,1,13.223,974.71
P047,20,232.7,1,0,11.484,1107.32
P047,21,232.7,1,0,15.785,1183.04
P047,22,232.7,1,0,13.642,1166.32
P047,23,232.7,1,1,15.789,1224.91
P047,24,232.7,1,0,13.157,1116.66
P047,25,232.7,1,0,13.331,1093.63
P047,26,232.7,1,0,14.969,1221.88
P047,27,232.7,1,0,14.197,1204.37
P047,28,232.7,1,1,15.932,1220.54
P047,29,232.7,1,0,16.172,1304.09
P047,30,232.7,1,0,15.227,1362.18
P047,31,232.7,1,1,15.363,1308.48
P047,32,232.7,1,1,14.84,1216.21
P047,33,232.7,1,1,14.491,1249.17
P047,34,232.7,1,0,14.425,1160.78
P047,35,232.7,1,1,15.62,1257.4
P047,36,232.7,1,0,13.741,1206.93
P047,37,232.7,1,0,14.409,1198.41
P047,38,232.7,1,0,16.984,1292.15
P047,39,232.7,1,0,16.958,1270.2
P047,40,232.7,1,0,14.01,1260.15
P048,01,79.2,0,0,11.729,1072.31
P048,02,79.2,0,0,11.744,937.32
P048,03,79.2,0,0,10.669,938.76
P048,04,79.2,0,0,11.833,1005.82
P048,05,79.2,0,0,12.703,947.7
P048,06,79.2,0,0,10.138,973.96
P048,07,79.2,0,0,11.614,993.94
P048,08,79.2,0,0,12.402,1069.53
P048,09,79.2,0,0,11.011,1232.26
P048,10,79.2,0,0,10.848,1073.29
P048,11,79.2,0,0,11.547,1001.47
P048,12,79.2,0,1,12.354,986.08
P048,13,79.2,0,0,11.658,1034.44
P048,14,79.2,0,0,11.559,1040.95
P048,15,79.2,0,0,11.779,1058.7
P048,16,79.2,0,0,12.311,1145.65
P048,17,79.2,0,0,12.324,1019.32
P048,18,79.2,0,1,13.16,938.15
P048,19,79.2,0,0,10.074,1069.31
P048,20,79.2,0,0,11.712,784.49
P048,21,79.2,0,0,14.673,944.09
P048,22,79.2,0,0,13.609,917.87
P048,23,79.2,0,0,14.348,1004.57
P048,24,79.2,0,0,14.306,1035.62
P048,25,79.2,0,0,14.053,972.04
P048,26,79.2,0,0,14.538,945.44
P048,27,79.2,0,0,13.597,835.5
P048,28,79.2,0,0,14.477,937.11
P048,29,79.2,0,0,13.301,915.18
P048,30,79.2,0,0,11.682,868.9
P048,31,79.2,0,0,14.838,923.09
P048,32,79.2,0,0,13.475,949.95
P048,33,79.2,0,0,13.787,935.73
P048,34,79.2,0,0,14.504,1016.85
P048,35,79.2,0,0,12.53,936.23
P048,36,79.2,0,0,13.852,947.97
P048,37,79.2,0,1,13.632,923.88
P048,38,79.2,0,0,15.259,1080.44
P048,39,79.2,0,0,14.102,1092.58
P048,40,79.2,0,0,12.052,1037.28
P049,01,316.7,0,0,13.921,1134.67
P049,02,316.7,0,0,14.496,1183.88
P049,03,316.7,0,0,14.523,1162.82
P049,04,316.7,0,1,14.481,1032.75
P049,05,316.7,0,0,14.664,978.51
P049,06,316.7,0,0,15.034,1182.15
P049,07,316.7,0,0,13.395,1002.86
P049,08,316.7,0,0,13.23,1092.28
P049,09,316.7,0,0,14.59,1186.48
P049,10,316.7,0,0,13.276,1142.47
P049,11,316.7,0,0,14.472,1023.83
P049,12,316.7,0,0,13.065,1115.32
P049,13,316.7,0,0,15.057,1192.97
P049,14,316.7,0,0,13.651,1171.53
P049,15,316.7,0,0,12.945,1124.43
P049,16,316.7,0,1,13.747,1126.08
P049,17,316.7,0,0,12.591,985.96
P049,18,316.7,0,0,12.477,1120.96
P049,19,316.7,0,0,13.667,1224.71
P049,20,316.7,0,0,13.812,1197.3
P049,21,316.7,0,0,13.24,1059.92
P049,22,316.7,0,0,13.568,1047.51
P049,23,316.7,0,0,13.917,1168.22
P049,24,316.7,0,0,13.418,1121.0
P049,25,316.7,0,1,15.076,1201.7
P049,26,316.7,0,0,13.287,1057.42
P049,27,316.7,0,0,14.267,1075.53
P049,28,316.7,0,0,15.085,1150.44
P049,29,316.7,0,0,14.193,1121.36
P049,30,316.7,0,0,13.54,1213.95
P049,31,316.7,0,0,14.544,1209.28
P049,32,316.7,0,0,14.898,1263.01
P049,33,316.7,0,0,15.011,1096.33
P049,34,316.7,0,0,14.784,1184.12
P049,35,316.7,0,0,13.531,1089.85
P049,36,316.7,0,0,15.683,1243.27
P049,37,316.7,0,0,13.33,1010.69
P049,38,316.7,0,0,15.979,1135.57
P049,39,316.7,0,0,14.55,1205.42
P049,40,316.7,0,0,15.452,1138.15
P050,01,294.4,0,0,11.994,1064.31
P050,02,294.4,0,1,10.819,1012.84
P050,03,294.4,0,0,10.952,927.12
P050,04,294.4,0,0,13.31,1151.97
P050,05,294.4,0,0,11.594,1043.12
P050,06,294.4,0,0,13.188,1205.15
P050,07,294.4,0,0,12.682,1107.89
P050,08,294.4,0,0,13.301,956.23
P050,09,294.4,0,0,11.866,949.04
P050,10,294.4,0,0,12.5,1060.58
P050,11,294.4,0,0,13.596,979.12
P050,12,294.4,0,0,12.231,992.17
P050,13,294.4,0,0,12.579,963.65
P050,14,294.4,0,0,13.051,1018.63
P050,15,294.4,0,0,11.524,958.1
P050,16,294.4,0,0,12.701,1018.45
P050,17,294.4,0,0,13.931,1111.51
P050,18,294.4,0,0,13.771,1102.55
P050,19,294.4,0,0,13.284,1050.01
P050,20,294.4,0,0,12.823,1012.1
P050,21,294.4,0,0,12.039,1138.46
P050,22,294.4,0,0,11.787,1058.42
P050,23,294.4,0,0,12.657,1184.3
P050,24,294.4,0,0,13.974,1124.0
P050,25,294.4,0,0,12.254,1049.53
P050,26,294.4,0,0,12.304,963.66
P050,27,294.4,0,0,12.488,1058.9
P050,28,294.4,0,0,13.576,1148.55
P050,29,294.4,0,0,12.557,1112.83
P050,30,294.4,0,0,11.648,1017.67
P050,31,294.4,0,0,13.64,1043.47
P050,32,294.4,0,1,12.69,1059.06
P050,33,294.4,0,0,11.63,902.07
P050,34,294.4,0,0,13.389,1128.49
P050,35,294.4,0,0,13.004,1153.46
P050,36,294.4,0,0,13.281,1089.18
P050,37,294.4,0,0,12.612,1017.8
P050,38,294.4,0,0,14.546,1181.87
P050,39,294.4,0,0,12.331,1132.51
P050,40,294.4,0,0,12.631,1107.97
P051,01,192.8,0,0,9.883,952.51
P051,02,192.8,0,0,11.944,989.88
P051,03,192.8,0,0,11.86,1109.52
P051,04,192.8,0,0,12.37,1137.33
P051,05,192.8,0,0,12.129,991.76
P051,06,192.8,0,0,12.158,1047.31
P051,07,192.8,0,0,10.204,942.1
P051,08,192.8,0,0,10.053,874.97
P051,09,192.8,0,0,11.614,955.39
P051,10,192.8,0,0,10.751,832.25
P051,11,192.8,0,0,11.911,1093.15
P051,12,192.8,0,0,9.474,1011.22
P051,13,192.8,0,0,10.693,1004.13
P051,14,192.8,0,1,12.263,1021.11
P051,15,192.8,0,0,11.259,1146.52
P051,16,192.8,0,0,10.431,1054.8
P051,17,192.8,0,0,10.8,911.58
P051,18,192.8,0,0,11.144,968.85
P051,19,192.8,0,0,9.467,1037.72
P051,20,192.8,0,0,10.691,904.89
P051,21,192.8,0,0,12.301,995.16
P051,22,192.8,0,0,10.681,926.23
P051,23,192.8,0,0,12.031,923.58
P051,24,192.8,0,0,9.776,970.74
P051,25,192.8,0,0,11.205,1081.38
P051,26,192.8,0,0,10.189,1028.57
P051,27,192.8,0,0,10.991,966.62
P051,28,192.8,0,0,10.52,967.29
P051,29,192.8,0,0,11.042,1076.94
P051,30,192.8,0,0,11.53,948.37
P051,31,192.8,0,0,11.444,1032.66
P051,32,192.8,0,1,10.462,932.93
P051,33,192.8,0,0,9.83,952.54
P051,34,192.8,0,0,12.724,996.03
P051,35,192.8,0,0,11.916,994.21
P051,36,192.8,0,0,12.735,935.14
P051,37,192.8,0,0,11.05,1086.12
P051,38,192.8,0,0,12.283,1090.85
P051,39,192.8,0,0,11.811,1050.11
P051,40,192.8,0,1,11.507,1002.2
P052,01,156.8,0,0,11.854,1103.43
P052,02,156.8,0,0,12.577,1159.02
P052,03,156.8,0,0,10.802,863.32
P052,04,156.8,0,0,12.376,1095.8
P052,05,156.8,0,0,11.986,1016.58
P052,06,156.8,0,0,11.992,953.95
P052,07,156.8,0,0,13.151,1012.5
P052,08,156.8,0,0,11.229,1106.2
P052,09,156.8,0,0,11.904,1101.84
P052,10,156.8,0,1,12.556,1147.37
P052,11,156.8,0,0,11.678,956.79
P052,12,156.8,0,0,11.089,974.01
P052,13,156.8,0,0,12.943,1041.76
P052,14,156.8,0,0,13.899,1237.06
P052,15,156.8,0,1,12.768,1010.93
P052,16,156.8,0,0,11.781,1047.68
P052,17,156.8,0,0,11.741,1054.54
P052,18,156.8,0,0,12.033,1073.76
P052,19,156.8,0,0,12.137,1136.03
P052,20,156.8,0,0,11.749,1000.89
P052,21,156.8,0,0,12.398,1083.12
P052,22,156.8,0,0,10.697,1003.71
P052,23,156.8,0,1,14.811,1085.28
P052,24,156.8,0,0,11.471,1140.52
P052,25,156.8,0,0,11.414,1042.6
P052,26,156.8,0,0,12.808,936.24
P052,27,156.8,0,0,11.401,1089.35
P052,28,156.8,0,0,13.409,1050.48
P052,29,156.8,0,1,13.143,1133.61
P052,30,156.8,0,1,11.681,975.1
P052,31,156.8,0,0,11.509,1128.7
P052,32,156.8,0,0,11.879,1088.01
P052,33,156.8,0,0,12.42,1036.39
P052,34,156.8,0,0,13.577,1027.0
P052,35,156.8,0,0,12.094,987.09
P052,36,156.8,0,0,12.918,971.94
P052,37,156.8,0,1,13.245,1011.29
P052,38,156.8,0,0,12.558,1079.57
P052,39,156.8,0,0,11.74,1159.33
P052,40,156.8,0,0,12.893,1112.59
P053,01,217.7,0,0,11.181,1013.1
P053,02,217.7,0,0,11.891,1093.48
P053,03,217.7,0,0,11.787,1064.39
P053,04,217.7,0,0,12.432,930.5
P053,05,217.7,0,0,11.916,1151.8
P053,06,217.7,0,0,11.852,958.63
P053,07,217.7,0,1,11.793,995.53
P053,08,217.7,0,0,12.144,1091.77
P053,09,217.7,0,0,11.373,1004.47
P053,10,217.7,0,0,11.394,1146.2
P053,11,217.7,0,0,13.077,1092.96
P053,12,217.7,0,0,12.056,965.42
P053,13,217.7,0,0,13.528,1072.15
P053,14,217.7,0,0,12.909,922.08
P053,15,217.7,0,0,11.268,1068.49
P053,16,217.7,0,1,11.675,1060.25
P053,17,217.7,0,0,11.782,1037.12
P053,18,217.7,0,1,14.981,1150.97
P053,19,217.7,0,0,11.298,1025.64
P053,20,217.7,0,0,12.344,930.04
P053,21,217.7,0,0,12.704,1047.14
P053,22,217.7,0,0,14.784,1151.7
P053,23,217.7,0,1,11.897,1068.2
P053,24,217.7,0,0,12.031,1043.65
P053,25,217.7,0,0,11.916,1064.98
P053,26,217.7,0,0,12.279,1018.47
P053,27,217.7,0,0,13.577,1114.79
P053,28,217.7,0,0,13.319,1081.6
P053,29,217.7,0,0,12.025,1031.15
P053,30,217.7,0,1,12.038,1070.9
P053,31,217.7,0,0,13.575,1095.32
P053,32,217.7,0,0,13.018,1119.9
P053,33,217.7,0,0,11.952,1040.5
P053,34,217.7,0,0,11.517,1123.75
P053,35,217.7,0,0,11.135,974.11
P053,36,217.7,0,0,12.835,1094.74
P053,37,217.7,0,1,12.744,1104.32
P053,38,217.7,0,1,13.676,1200.06
P053,39,217.7,0,0,12.871,1114.71
P053,40,217.7,0,0,12.377,995.44
P054,01,96.3,1,0,12.734,1125.88
P054,02,96.3,1,0,10.832,1101.81
P054,03,96.3,1,0,12.215,1080.95
P054,04,96.3,1,0,11.862,990.08
P054,05,96.3,1,0,11.266,1051.4
P054,06,96.3,1,0,13.21,1109.66
P054,07,96.3,1,0,11.926,1079.72
P054,08,96.3,1,0,12.946,1067.66
P054,09,96.3,1,0,11.194,1038.54
P054,10,96.3,1,0,11.43,1058.75
P054,11,96.3,1,0,11.001,1095.17
P054,12,96.3,1,0,13.118,1119.79
P054,13,96.3,1,0,11.98,1022.29
P054,14,96.3,1,0,13.763,1055.6
P054,15,96.3,1,0,10.645,1005.78
P054,16,96.3,1,1,12.875,1108.79
P054,17,96.3,1,1,12.104,1083.16
P054,18,96.3,1,0,13.57,1105.09
P054,19,96.3,1,0,12.274,1155.7
P054,20,96.3,1,0,13.532,1008.62
P054,21,96.3,1,0,14.084,1012.54
P054,22,96.3,1,0,15.683,931.45
P054,23,96.3,1,0,13.509,961.56
P054,24,96.3,1,0,14.019,917.42
P054,25,96.3,1,0,13.704,943.62
P054,26,96.3,1,0,14.565,946.55
P054,27,96.3,1,0,13.525,1048.41
P054,28,96.3,1,0,16.693,1099.86
P054,29,96.3,1,0,15.004,1024.31
P054,30,96.3,1,0,15.167,1155.21
P054,31,96.3,1,0,14.447,1055.81
P054,32,96.3,1,0,16.003,935.08
P054,33,96.3,1,0,14.373,875.81
P054,34,96.3,1,0,15.526,1097.19
P054,35,96.3,1,0,14.239,1074.35
P054,36,96.3,1,1,16.981,1164.68
P054,37,96.3,1,0,16.263,1092.45
P054,38,96.3,1,0,15.695,1238.4
P054,39,96.3,1,1,14.75,1087.28
P054,40,96.3,1,1,17.464,1164.75
P055,01,305.7,1,0,11.52,1008.83
P055,02,305.7,1,0,12.317,916.09
P055,03,305.7,1,0,10.996,925.27
P055,04,305.7,1,0,12.041,1133.88
P055,05,305.7,1,0,10.919,977.68
P055,06,305.7,1,0,12.254,1026.36
P055,07,305.7,1,0,10.248,998.92
P055,08,305.7,1,0,11.275,1193.12
P055,09,305.7,1,0,11.493,931.26
P055,10,305.7,1,0,11.886,964.09
P055,11,305.7,1,0,11.055,1128.86
P055,12,305.7,1,1,12.123,1076.01
P055,13,305.7,1,0,11.33,947.28
P055,14,305.7,1,0,11.901,1037.16
P055,15,305.7,1,0,10.46,1061.51
P055,16,305.7,1,0,12.576,1038.11
P055,17,305.7,1,0,11.744,1012.61
P055,18,305.7,1,0,11.74,1173.77
P055,19,305.7,1,0,11.138,1104.27
P055,20,305.7,1,0,10.491,1024.64
P055,21,305.7,1,0,11.267,884.22
P055,22,305.7,1,0,12.314,1140.66
P055,23,305.7,1,0,11.396,1032.5
P055,24,305.7,1,0,11.744,1075.48
P055,25,305.7,1,1,13.02,1063.31
P055,26,305.7,1,0,11.907,1124.42
P055,27,305.7,1,0,12.81,1088.56
P055,28,305.7,1,0,13.16,1092.68
P055,29,305.7,1,0,14.167,1135.74
P055,30,305.7,1,0,12.01,1009.6
P055,31,305.7,1,0,13.346,1104.4
P055,32,305.7,1,0,12.935,1152.19
P055,33,305.7,1,0,13.025,1076.04
P055,34,305.7,1,0,13.163,1030.88
P055,35,305.7,1,0,12.179,1034.1
P055,36,305.7,1,0,12.93,1160.98
P055,37,305.7,1,0,12.381,1064.25
P055,38,305.7,1,0,14.079,1018.22
P055,39,305.7,1,0,13.249,1087.34
P055,40,305.7,1,0,13.266,1129.36
P056,01,148.2,1,0,9.49,943.78
P056,02,148.2,1,0,10.716,1029.56
P056,03,148.2,1,0,10.48,1025.47
P056,04,148.2,1,0,13.355,1079.53
P056,05,148.2,1,0,11.242,1116.97
P056,06,148.2,1,0,11.568,959.34
P056,07,148.2,1,0,12.256,928.98
P056,08,148.2,1,0,11.614,1014.33
P056,09,148.2,1,0,12.506,1061.38
P056,10,148.2,1,0,11.349,1061.5
P056,11,148.2,1,0,12.187,1065.52
P056,12,148.2,1,0,10.447,887.76
P056,13,148.2,1,0,9.68,1088.11
P056,14,148.2,1,1,12.663,1073.07
P056,15,148.2,1,1,11.451,1050.29
P056,16,148.2,1,1,11.747,1023.05
P056,17,148.2,1,0,11.037,1017.58
P056,18,148.2,1,0,12.177,1070.49
P056,19,148.2,1,0,11.789,1026.97
P056,20,148.2,1,0,10.652,1141.44
P056,21,148.2,1,0,11.983,1088.68
P056,22,148.2,1,1,12.281,1035.69
P056,23,148.2,1,0,11.522,1077.77
P056,24,148.2,1,1,10.322,900.61
P056,25,148.2,1,0,11.643,979.03
P056,26,148.2,1,0,12.702,1103.15
P056,27,148.2,1,0,12.864,1060.66
P056,28,148.2,1,1,14.445,1111.54
P056,29,148.2,1,0,13.077,1115.05
P056,30,148.2,1,0,11.62,1019.47
P056,31,148.2,1,0,14.97,1194.19
P056,32,148.2,1,0,13.299,1092.45
P056,33,148.2,1,0,13.493,1146.84
P056,34,148.2,1,0,14.755,1201.11
P056,35,148.2,1,0,11.96,1022.43
P056,36,148.2,1,0,13.597,1147.07
P056,37,148.2,1,0,12.037,1067.29
P056,38,148.2,1,0,12.75,1171.22
P056,39,148.2,1,1,14.096,1227.19
P056,40,148.2,1,1,13.854,1074.77
P057,01,69.4,1,0,11.17,1011.82
P057,02,69.4,1,0,12.589,1093.25
P057,03,69.4,1,0,11.528,1051.13
P057,04,69.4,1,0,10.852,1031.09
P057,05,69.4,1,0,11.492,1086.73
P057,06,69.4,1,0,12.268,996.17
P057,07,69.4,1,0,10.733,1077.51
P057,08,69.4,1,0,11.445,1029.97
P057,09,69.4,1,0,10.47,1043.2
P057,10,69.4,1,1,10.604,951.97
P057,11,69.4,1,0,10.248,1101.48
P057,12,69.4,1,0,12.047,1052.62
P057,13,69.4,1,0,12.912,1004.0
P057,14,69.4,1,0,12.337,975.1
P057,15,69.4,1,0,11.386,1049.78
P057,16,69.4,1,0,10.335,920.02
P057,17,69.4,1,0,11.333,923.68
P057,18,69.4,1,1,12.633,1014.66
P057,19,69.4,1,0,11.615,998.7
P057,20,69.4,1,0,14.395,910.3
P057,21,69.4,1,0,12.404,1109.1
P057,22,69.4,1,0,13.048,944.82
P057,23,69.4,1,0,12.977,1033.92
P057,24,69.4,1,0,13.456,884.88
P057,25,69.4,1,0,13.171,854.83
P057,26,69.4,1,0,13.995,1014.74
P057,27,69.4,1,0,13.891,936.83
P057,28,69.4,1,0,14.507,873.19
P057,29,69.4,1,0,14.313,977.79
P057,30,69.4,1,0,14.108,1104.71
P057,31,69.4,1,0,14.863,1013.73
P057,32,69.4,1,0,15.089,1189.74
P057,33,69.4,1,1,15.085,984.46
P057,34,69.4,1,0,16.09,1014.31
P057,35,69.4,1,0,14.529,1060.01
P057,36,69.4,1,1,16.425,1180.59
P057,37,69.4,1,0,14.292,1019.87
P057,38,69.4,1,0,15.78,1079.46
P057,39,69.4,1,0,14.944,1014.89
P057,40,69.4,1,1,14.025,956.42
P058,01,118.0,0,0,14.453,1151.34
P058,02,118.0,0,0,14.357,1065.6
P058,03,118.0,0,0,12.801,1099.94
P058,04,118.0,0,0,13.201,1017.63
P058,05,118.0,0,0,13.333,1069.9
P058,06,118.0,0,0,11.957,1097.04
P058,07,118.0,0,0,13.554,1073.17
P058,08,118.0,0,0,13.316,1175.91
P058,09,118.0,0,0,14.438,1136.97
P058,10,118.0,0,0,12.266,1078.26
P058,11,118.0,0,0,13.424,1120.75
P058,12,118.0,0,0,12.551,1091.44
P058,13,118.0,0,0,13.671,1151.32
P058,14,118.0,0,0,14.718,1093.36
P058,15,118.0,0,0,12.511,1183.5
P058,16,118.0,0,0,12.903,1143.08
P058,17,118.0,0,0,13.303,987.92
P058,18,118.0,0,0,12.617,1113.02
P058,19,118.0,0,0,12.252,1184.88
P058,20,118.0,0,1,13.6,1074.02
P058,21,118.0,0,0,13.091,1023.64
P058,22,118.0,0,0,13.937,1149.77
P058,23,118.0,0,0,13.742,1134.47
P058,24,118.0,0,0,13.329,1102.11
P058,25,118.0,0,0,12.336,1095.3
P058,26,118.0,0,0,13.306,1093.72
P058,27,118.0,0,0,14.568,1166.2
P058,28,118.0,0,0,14.835,1207.5
P058,29,118.0,0,0,12.983,1138.84
P058,30,118.0,0,0,12.334,1056.12
P058,31,118.0,0,0,13.877,1010.61
P058,32,118.0,0,0,14.387,1055.54
P058,33,118.0,0,0,13.711,926.29
P058,34,118.0,0,0,13.617,1181.05
P058,35,118.0,0,0,14.775,1118.99
P058,36,118.0,0,0,13.403,1209.32
P058,37,118.0,0,0,13.08,1166.46
P058,38,118.0,0,0,14.816,1129.97
P058,39,118.0,0,1,13.987,1022.51
P058,40,118.0,0,0,12.458,1097.21
P059,01,179.5,0,0,13.183,1017.7
P059,02,179.5,0,0,13.533,1032.0
P059,03,179.5,0,0,12.279,1095.64
P059,04,179.5,0,1,13.292,1143.24
P059,05,179.5,0,0,11.751,1074.21
P059,06,179.5,0,0,12.572,1005.49
P059,07,179.5,0,0,12.733,1126.15
P059,08,179.5,0,0,13.862,1188.23
P059,09,179.5,0,0,13.979,1059.84
P059,10,179.5,0,0,13.47,997.63
P059,11,179.5,0,0,12.193,1041.52
P059,12,179.5,0,1,12.93,1108.87
P059,13,179.5,0,0,11.889,1077.78
P059,14,179.5,0,1,12.54,1200.05
P059,15,179.5,0,0,12.541,999.43
P059,16,179.5,0,0,13.002,1050.09
P059,17,179.5,0,0,11.746,1152.03
P059,18,179.5,0,1,13.641,1054.45
P059,19,179.5,0,0,13.283,1110.66
P059,20,179.5,0,0,13.031,1023.88
P059,21,179.5,0,0,13.368,1137.72
P059,22,179.5,0,0,13.084,1111.11
P059,23,179.5,0,0,14.819,1161.92
P059,24,179.5,0,0,12.43,1085.72
P059,25,179.5,0,0,13.053,1057.12
P059,26,179.5,0,0,11.783,960.03
P059,27,179.5,0,0,13.819,1070.76
P059,28,179.5,0,0,13.499,1140.27
P059,29,179.5,0,1,14.944,1155.79
P059,30,179.5,0,0,13.372,1105.66
P059,31,179.5,0,0,13.405,1193.59
P059,32,179.5,0,0,12.303,1040.25
P059,33,179.5,0,0,13.901,1132.62
P059,34,179.5,0,0,14.594,1154.71
P059,35,179.5,0,0,13.249,1080.31
P059,36,179.5,0,0,12.728,1080.33
P059,37,179.5,0,0,12.381,1095.74
P059,38,179.5,0,0,13.351,1164.94
P059,39,179.5,0,1,15.117,1113.41
P059,40,179.5,0,0,13.569,1110.01
P060,01,140.8,1,0,10.85,959.97
P060,02,140.8,1,0,11.489,914.97
P060,03,140.8,1,0,11.004,967.99
P060,04,140.8,1,1,10.121,1049.92
P060,05,140.8,1,0,11.526,955.2
P060,06,140.8,1,0,10.691,1006.28
P060,07,140.8,1,1,12.577,1007.57
P060,08,140.8,1,0,10.716,997.57
P060,09,140.8,1,1,10.629,955.19
P060,10,140.8,1,0,10.579,938.18
P060,11,140.8,1,0,11.25,942.35
P060,12,140.8,1,0,11.547,937.41
P060,13,140.8,1,0,11.616,952.29
P060,14,140.8,1,0,12.262,1033.31
P060,15,140.8,1,0,9.084,847.94
P060,16,140.8,1,0,9.948,861.79
P060,17,140.8,1,0,8.467,940.28
P060,18,140.8,1,0,11.711,1046.89
P060,19,140.8,1,0,9.951,928.99
P060,20,140.8,1,0,10.764,988.95
P060,21,140.8,1,0,9.474,841.26
P060,22,140.8,1,0,11.072,962.28
P060,23,140.8,1,0,11.81,1044.87
P060,24,140.8,1,0,10.88,950.81
P060,25,140.8,1,0,11.999,1060.52
P060,26,140.8,1,0,12.793,1133.52
P060,27,140.8,1,0,12.885,1090.84
P060,28,140.8,1,0,13.028,1121.09
P060,29,140.8,1,0,12.025,1079.59
P060,30,140.8,1,0,12.752,1020.29
P060,31,140.8,1,0,12.415,1025.56
P060,32,140.8,1,0,11.242,1090.84
P060,33,140.8,1,0,11.294,978.08
P060,34,140.8,1,1,12.634,1108.09
P060,35,140.8,1,0,11.08,1037.29
P060,36,140.8,1,0,13.512,1268.4
P060,37,140.8,1,0,11.585,987.25
P060,38,140.8,1,0,13.388,1103.85
P060,39,140.8,1,1,13.186,1135.13
P060,40,140.8,1,0,10.54,1084.18
P061,01,153.8,0,0,10.515,1096.44
P061,02,153.8,0,0,11.501,966.49
P061,03,153.8,0,0,10.695,959.57
P061,04,153.8,0,0,12.297,1031.96
P061,05,153.8,0,1,12.263,1072.88
P061,06,153.8,0,0,11.828,1079.91
P061,07,153.8,0,0,11.581,1025.85
P061,08,153.8,0,0,12.83,1032.32
P061,09,153.8,0,0,11.561,1104.83
P061,10,153.8,0,0,11.219,886.59
P061,11,153.8,0,0,11.364,996.6
P061,12,153.8,0,0,10.08,832.22
P061,13,153.8,0,0,11.324,1025.03
P061,14,153.8,0,0,11.397,1047.72
P061,15,153.8,0,0,10.978,1106.25
P061,16,153.8,0,0,11.037,1004.01
P061,17,153.8,0,0,10.575,951.39
P061,18,153.8,0,0,12.459,1004.63
P061,19,153.8,0,0,11.444,996.94
P061,20,153.8,0,0,8.885,965.1
P061,21,153.8,0,1,12.08,1079.64
P061,22,153.8,0,0,11.485,984.41
P061,23,153.8,0,1,12.725,1042.0
P061,24,153.8,0,0,10.722,917.28
P061,25,153.8,0,0,10.553,1061.69
P061,26,153.8,0,0,11.531,1026.12
P061,27,153.8,0,0,11.924,1020.06
P061,28,153.8,0,0,11.531,1020.78
P061,29,153.8,0,0,12.827,1051.71
P061,30,153.8,0,0,12.222,1035.61
P061,31,153.8,0,0,11.785,1117.05
P061,32,153.8,0,0,11.073,990.6
P061,33,153.8,0,0,10.86,1045.22
P061,34,153.8,0,0,13.015,1160.38
P061,35,153.8,0,0,12.803,1129.73
P061,36,153.8,0,0,11.898,1105.64
P061,37,153.8,0,0,10.827,929.58
P061,38,153.8,0,0,12.639,1113.14
P061,39,153.8,0,0,13.015,1027.92
P061,40,153.8,0,0,12.609,960.75
P062,01,186.8,0,0,12.487,1051.62
P062,02,186.8,0,0,11.79,997.75
P062,03,186.8,0,0,12.0,1109.38
P062,04,186.8,0,0,11.931,1025.87
P062,05,186.8,0,1,13.953,1128.74
P062,06,186.8,0,0,12.644,1011.34
P062,07,186.8,0,0,13.398,1165.08
P062,08,186.8,0,0,13.421,1028.53
P062,09,186.8,0,0,12.34,1187.29
P062,10,186.8,0,1,11.92,1086.24
P062,11,186.8,0,0,12.166,988.54
P062,12,186.8,0,0,11.477,1009.97
P062,13,186.8,0,0,12.268,1052.96
P062,14,186.8,0,0,13.093,1019.11
P062,15,186.8,0,0,11.864,1081.03
P062,16,186.8,0,0,12.099,1052.72
P062,17,186.8,0,0,12.072,981.13
P062,18,186.8,0,0,12.398,1031.82
P062,19,186.8,0,0,12.46,1119.58
P062,20,186.8,0,1,10.8,1016.4
P062,21,186.8,0,0,14.546,1049.8
P062,22,186.8,0,0,11.707,946.34
P062,23,186.8,0,0,11.942,1191.51
P062,24,186.8,0,0,11.85,1040.91
P062,25,186.8,0,0,12.59,999.93
P062,26,186.8,0,0,12.379,1026.57
P062,27,186.8,0,0,13.827,1078.58
P062,28,186.8,0,1,14.21,1078.43
P062,29,186.8,0,0,14.152,1096.39
P062,30,186.8,0,0,11.348,1024.15
P062,31,186.8,0,0,12.564,1110.07
P062,32,186.8,0,1,13.555,1051.83
P062,33,186.8,0,0,12.916,1053.09
P062,34,186.8,0,0,13.64,1153.93
P062,35,186.8,0,0,15.836,1230.09
P062,36,186.8,0,1,14.472,1061.66
P062,37,186.8,0,0,14.063,953.36
P062,38,186.8,0,0,15.101,1121.12
P062,39,186.8,0,1,15.023,1122.78
P062,40,186.8,0,0,13.605,1068.21
P063,01,158.6,0,0,12.858,1117.57
P063,02,158.6,0,0,14.107,1116.67
P063,03,158.6,0,0,12.853,1032.78
P063,04,158.6,0,0,13.196,1004.9
P063,05,158.6,0,0,12.8,975.84
P063,06,158.6,0,0,13.138,1170.26
P063,07,158.6,0,0,13.492,1055.06
P063,08,158.6,0,0,14.503,1157.37
P063,09,158.6,0,0,13.323,1090.45
P063,10,158.6,0,0,12.59,1096.6
P063,11,158.6,0,0,14.114,1038.84
P063,12,158.6,0,0,13.86,1102.94
P063,13,158.6,0,0,13.711,1102.69
P063,14,158.6,0,0,13.782,1289.66
P063,15,158.6,0,0,12.486,1121.75
P063,16,158.6,0,0,15.573,1120.24
P063,17,158.6,0,0,10.966,970.9
P063,18,158.6,0,0,13.488,1226.04
P063,19,158.6,0,0,12.449,1211.41
P063,20,158.6,0,1,12.478,1058.44
P063,21,158.6,0,0,12.274,1053.62
P063,22,158.6,0,0,11.894,1109.77
P063,23,158.6,0,1,15.91,1146.0
P063,24,158.6,0,0,13.25,1095.16
P063,25,158.6,0,0,12.977,1125.46
P063,26,158.6,0,0,12.403,1045.83
P063,27,158.6,0,0,13.489,1127.43
P063,28,158.6,0,0,12.488,1114.41
P063,29,158.6,0,0,14.348,1102.32
P063,30,158.6,0,0,12.726,1109.52
P063,31,158.6,0,0,14.559,1165.11
P063,32,158.6,0,0,13.358,1084.12
P063,33,158.6,0,0,13.117,1049.16
P063,34,158.6,0,0,13.362,1164.46
P063,35,158.6,0,0,13.215,1092.18
P063,36,158.6,0,0,14.504,1105.99
P063,37,158.6,0,1,14.396,1092.02
P063,38,158.6,0,0,14.959,1082.06
P063,39,158.6,0,0,12.942,947.93
P063,40,158.6,0,0,14.067,1121.65
P064,01,133.4,1,0,11.775,929.15
P064,02,133.4,1,0,13.138,1159.68
P064,03,133.4,1,0,11.415,955.81
P064,04,133.4,1,0,12.03,1025.55
P064,05,133.4,1,0,11.219,1060.82
P064,06,133.4,1,0,10.42,970.04
P064,07,133.4,1,0,12.292,1141.25
P064,08,133.4,1,1,11.46,992.93
P064,09,133.4,1,0,11.923,1005.35
P064,10,133.4,1,0,13.342,1027.83
P064,11,133.4,1,0,12.251,1062.95
P064,12,133.4,1,0,10.641,992.33
P064,13,133.4,1,0,12.993,1121.67
P064,14,133.4,1,0,11.562,1005.7
P064,15,133.4,1,0,10.985,1035.97
P064,16,133.4,1,0,12.136,1089.74
P064,17,133.4,1,0,11.016,966.8
P064,18,133.4,1,0,12.83,920.21
P064,19,133.4,1,0,12.634,1093.61
P064,20,133.4,1,0,11.223,1015.59
P064,21,133.4,1,0,12.646,1089.67
P064,22,133.4,1,0,11.656,1080.55
P064,23,133.4,1,0,11.605,977.41
P064,24,133.4,1,0,11.966,1030.52
P064,25,133.4,1,0,13.086,1111.19
P064,26,133.4,1,1,12.799,1096.31
P064,27,133.4,1,0,13.734,1130.06
P064,28,133.4,1,0,14.903,1147.8
P064,29,133.4,1,0,13.746,1060.78
P064,30,133.4,1,0,11.985,1079.01
P064,31,133.4,1,1,14.448,1113.63
P064,32,133.4,1,1,14.752,1131.29
P064,33,133.4,1,0,13.095,1058.19
P064,34,133.4,1,1,14.358,1152.1
P064,35,133.4,1,0,13.368,1191.1
P064,36,133.4,1,0,12.29,1043.58
P064,37,133.4,1,1,12.565,1027.6
P064,38,133.4,1,0,11.498,1205.01
P064,39,133.4,1,0,13.814,1125.45
P064,40,133.4,1,0,13.722,1137.05
P065,01,167.6,1,0,12.217,1124.57
P065,02,167.6,1,0,12.289,1065.65
P065,03,167.6,1,0,12.719,1067.36
P065,04,167.6,1,0,11.624,982.23
P065,05,167.6,1,0,10.99,1035.19
P065,06,167.6,1,0,12.709,1123.02
P065,07,167.6,1,0,12.371,959.0
P065,08,167.6,1,0,12.674,1183.0
P065,09,167.6,1,0,12.064,1084.97
P065,10,167.6,1,0,12.691,1041.26
P065,11,167.6,1,0,11.923,979.41
P065,12,167.6,1,0,11.957,918.16
P065,13,167.6,1,0,13.475,1022.32
P065,14,167.6,1,0,12.796,1080.89
P065,15,167.6,1,0,12.395,1074.53
P065,16,167.6,1,0,10.969,1071.06
P065,17,167.6,1,0,13.151,996.62
P065,18,167.6,1,0,12.127,1005.37
P065,19,167.6,1,1,12.669,1105.61
P065,20,167.6,1,0,12.208,1079.71
P065,21,167.6,1,0,13.757,1063.95
P065,22,167.6,1,0,13.178,1039.55
P065,23,167.6,1,0,12.286,1106.75
P065,24,167.6,1,0,11.664,972.28
P065,25,167.6,1,0,11.896,1136.24
P065,26,167.6,1,0,14.53,1212.32
P065,27,167.6,1,0,14.044,1164.26
P065,28,167.6,1,0,14.67,1065.68
P065,29,167.6,1,0,14.819,1161.49
P065,30,167.6,1,0,14.368,1247.98
P065,31,167.6,1,1,15.286,1170.66
P065,32,167.6,1,0,14.86,1143.12
P065,33,167.6,1,0,13.192,1243.12
P065,34,167.6,1,0,15.48,1200.28
P065,35,167.6,1,0,14.216,1167.94
P065,36,167.6,1,1,16.259,1167.43
P065,37,167.6,1,0,13.63,1200.67
P065,38,167.6,1,0,15.413,1286.8
P065,39,167.6,1,0,14.217,1198.04
P065,40,167.6,1,0,14.327,1234.73
P066,01,295.1,1,0,11.608,1053.8
P066,02,295.1,1,0,12.347,1072.61
P066,03,295.1,1,0,11.763,1164.15
P066,04,295.1,1,0,12.331,947.93
P066,05,295.1,1,0,12.613,1047.25
P066,06,295.1,1,0,11.323,980.95
P066,07,295.1,1,1,14.861,1115.36
P066,08,295.1,1,1,13.184,1072.86
P066,09,295.1,1,0,12.536,1025.4
P066,10,295.1,1,0,13.324,1088.78
P066,11,295.1,1,1,14.237,1172.78
P066,12,295.1,1,0,13.427,1039.64
P066,13,295.1,1,0,15.503,1212.66
P066,14,295.1,1,0,13.334,1158.85
P066,15,295.1,1,0,11.721,1080.92
P066,16,295.1,1,0,12.504,1037.95
P066,17,295.1,1,0,12.391,1132.98
P066,18,295.1,1,0,14.009,1101.35
P066,19,295.1,1,0,12.989,1074.59
P066,20,295.1,1,0,14.098,1131.31
P066,21,295.1,1,0,12.413,1083.61
P066,22,295.1,1,0,12.668,1181.84
P066,23,295.1,1,0,12.786,1128.82
P066,24,295.1,1,0,13.219,994.73
P066,25,295.1,1,0,13.48,1039.21
P066,26,295.1,1,1,15.651,1205.46
P066,27,295.1,1,0,15.228,1216.54
P066,28,295.1,1,0,14.26,1160.35
P066,29,295.1,1,0,14.983,1185.92
P066,30,295.1,1,0,13.489,1178.93
P066,31,295.1,1,0,14.893,1127.25
P066,32,295.1,1,0,13.697,1193.21
P066,33,295.1,1,0,13.351,1209.28
P066,34,295.1,1,0,15.55,1204.3
P066,35,295.1,1,0,15.443,1212.82
P066,36,295.1,1,1,15.376,1267.74
P066,37,295.1,1,0,13.579,1204.96
P066,38,295.1,1,1,16.863,1516.92
P066,39,295.1,1,0,14.617,1163.07
P066,40,295.1,1,0,12.712,1176.91
P067,01,46.1,0,1,13.133,977.49
P067,02,46.1,0,0,11.408,1115.46
P067,03,46.1,0,1,11.861,1022.87
P067,04,46.1,0,0,10.808,1099.05
P067,05,46.1,0,0,12.895,978.9
P067,06,46.1,0,1,12.97,986.32
P067,07,46.1,0,0,12.828,973.65
P067,08,46.1,0,0,11.479,1065.37
P067,09,46.1,0,0,11.108,1091.65
P067,10,46.1,0,0,11.701,1075.73
P067,11,46.1,0,1,11.751,1089.25
P067,12,46.1,0,0,13.183,1147.28
P067,13,46.1,0,0,11.711,1129.94
P067,14,46.1,0,0,12.213,1062.36
P067,15,46.1,0,0,12.502,1002.21
P067,16,46.1,0,0,11.557,1014.86
P067,17,46.1,0,0,11.447,1029.7
P067,18,46.1,0,0,12.629,1050.96
P067,19,46.1,0,0,12.968,1158.74
P067,20,46.1,0,0,12.345,968.55
P067,21,46.1,0,0,15.149,1039.2
P067,22,46.1,0,0,13.568,923.4
P067,23,46.1,0,0,14.784,967.55
P067,24,46.1,0,0,12.889,1002.93
P067,25,46.1,0,0,14.363,988.74
P067,26,46.1,0,0,14.193,1033.57
P067,27,46.1,0,0,14.259,1017.27
P067,28,46.1,0,1,13.677,1067.79
P067,29,46.1,0,0,16.187,1089.24
P067,30,46.1,0,0,14.394,922.44
P067,31,46.1,0,0,14.57,907.39
P067,32,46.1,0,0,13.222,1003.14
P067,33,46.1,0,0,14.07,968.33
P067,34,46.1,0,0,16.532,1095.88
P067,35,46.1,0,1,15.08,863.85
P067,36,46.1,0,0,16.078,998.34
P067,37,46.1,0,0,13.691,917.96
P067,38,46.1,0,0,16.116,1109.96
P067,39,46.1,0,0,14.783,954.65
P067,40,46.1,0,0,14.182,929.36
P068,01,223.4,1,0,11.625,1132.76
P068,02,223.4,1,0,11.778,1080.29
P068,03,223.4,1,0,10.485,1007.05
P068,04,223.4,1,0,11.136,894.99
P068,05,223.4,1,1,11.01,976.73
P068,06,223.4,1,0,11.916,951.65
P068,07,223.4,1,0,11.426,1098.58
P068,08,223.4,1,0,12.297,941.39
P068,09,223.4,1,0,12.579,1003.15
P068,10,223.4,1,0,11.286,1029.1
P068,11,223.4,1,0,11.411,1045.04
P068,12,223.4,1,1,10.631,1025.04
P068,13,223.4,1,0,11.576,928.9
P068,14,223.4,1,0,13.405,1053.86
P068,15,223.4,1,0,10.798,1017.49
P068,16,223.4,1,0,11.633,962.3
P068,17,223.4,1,0,11.886,1057.94
P068,18,223.4,1,0,12.96,1039.64
P068,19,223.4,1,0,10.201,937.89
P068,20,223.4,1,0,12.08,991.39
P068,21,223.4,1,0,10.94,985.6
P068,22,223.4,1,0,10.258,1095.9
P068,23,223.4,1,0,12.343,959.37
P068,24,223.4,1,0,12.319,1086.81
P068,25,223.4,1,0,13.255,1062.1
P068,26,223.4,1,0,13.406,957.77
P068,27,223.4,1,0,11.553,1081.41
P068,28,223.4,1,0,12.501,1115.04
P068,29,223.4,1,0,13.285,1231.83
P068,30,223.4,1,0,12.906,1133.67
P068,31,223.4,1,0,12.589,1227.7
P068,32,223.4,1,0,13.068,1099.07
P068,33,223.4,1,0,12.89,1009.73
P068,34,223.4,1,1,14.934,1113.41
P068,35,223.4,1,0,13.846,1154.14
P068,36,223.4,1,0,12.498,1246.15
P068,37,223.4,1,1,13.95,1175.2
P068,38,223.4,1,0,13.849,1021.46
P068,39,223.4,1,0,13.403,1232.28
P068,40,223.4,1,1,13.602,1114.16
P069,01,256.1,0,0,13.628,940.1
P069,02,256.1,0,0,12.503,1042.03
P069,03,256.1,0,0,11.184,1046.24
P069,04,256.1,0,0,11.326,919.17
P069,05,256.1,0,0,11.957,909.46
P069,06,256.1,0,1,12.052,1064.39
P069,07,256.1,0,0,12.266,923.07
P069,08,256.1,0,0,12.526,1013.37
P069,09,256.1,0,0,10.161,1001.43
P069,10,256.1,0,0,10.556,1001.04
P069,11,256.1,0,0,11.448,1049.77
P069,12,256.1,0,0,12.962,1178.45
P069,13,256.1,0,0,10.767,1049.55
P069,14,256.1,0,0,12.568,1087.53
P069,15,256.1,0,0,11.136,979.19
P069,16,256.1,0,1,12.612,1040.74
P069,17,256.1,0,0,12.404,987.13
P069,18,256.1,0,0,12.834,1022.51
P069,19,256.1,0,0,10.714,1042.46
P069,20,256.1,0,0,10.967,989.67
P069,21,256.1,0,0,11.605,934.22
P069,22,256.1,0,0,11.552,996.15
P069,23,256.1,0,0,12.314,1106.17
P069,24,256.1,0,0,10.687,1009.1
P069,25,256.1,0,0,11.598,1109.69
P069,26,256.1,0,0,11.586,1106.42
P069,27,256.1,0,0,11.617,1022.87
P069,28,256.1,0,1,13.142,1155.6
P069,29,256.1,0,0,14.322,1118.93
P069,30,256.1,0,0,11.589,1096.45
P069,31,256.1,0,0,12.712,958.83
P069,32,256.1,0,0,12.564,1005.67
P069,33,256.1,0,0,11.615,949.01
P069,34,256.1,0,0,13.928,1029.42
P069,35,256.1,0,0,13.593,1050.25
P069,36,256.1,0,0,13.197,998.66
P069,37,256.1,0,0,11.212,1005.42
P069,38,256.1,0,0,12.534,1098.16
P069,39,256.1,0,0,12.485,1002.28
P069,40,256.1,0,0,11.259,1069.4
P070,01,253.5,0,0,11.752,1062.53
P070,02,253.5,0,0,11.478,1067.49
P070,03,253.5,0,0,11.18,982.34
P070,04,253.5,0,0,10.46,1091.85
P070,05,253.5,0,0,11.207,1017.27
P070,06,253.5,0,1,11.429,1024.82
P070,07,253.5,0,0,11.523,1013.97
P070,08,253.5,0,0,11.232,1066.62
P070,09,253.5,0,0,11.562,945.76
P070,10,253.5,0,0,10.887,1099.0
P070,11,253.5,0,0,12.026,1070.75
P070,12,253.5,0,0,12.265,1101.67
P070,13,253.5,0,0,11.299,998.63
P070,14,253.5,0,0,10.932,1152.14
P070,15,253.5,0,1,11.825,943.82
P070,16,253.5,0,1,12.353,946.09
P070,17,253.5,0,0,10.603,937.56
P070,18,253.5,0,0,13.03,1059.69
P070,19,253.5,0,0,12.176,969.4
P070,20,253.5,0,0,10.444,1010.31
P070,21,253.5,0,0,11.778,1053.48
P070,22,253.5,0,0,11.955,972.47
P070,23,253.5,0,0,12.069,892.33
P070,24,253.5,0,0,11.596,984.08
P070,25,253.5,0,1,11.5,1087.6
P070,26,253.5,0,1,11.142,959.64
P070,27,253.5,0,0,11.718,1009.59
P070,28,253.5,0,0,10.899,889.39
P070,29,253.5,0,0,9.917,947.83
P070,30,253.5,0,1,11.579,1145.6
P070,31,253.5,0,0,11.654,1063.34
P070,32,253.5,0,1,13.095,1029.08
P070,33,253.5,0,0,11.289,1080.07
P070,34,253.5,0,0,12.706,1033.55
P070,35,253.5,0,0,10.891,1044.4
P070,36,253.5,0,0,11.135,1054.9
P070,37,253.5,0,0,12.09,1062.72
P070,38,253.5,0,0,13.387,1055.21
P070,39,253.5,0,0,12.296,1133.66
P070,40,253.5,0,0,10.808,1099.79
P071,01,147.9,0,0,11.619,1075.18
P071,02,147.9,0,0,12.31,1024.15
P071,03,147.9,0,0,10.955,1005.1
P071,04,147.9,0,0,11.487,1044.03
P071,05,147.9,0,0,11.132,1044.52
P071,06,147.9,0,0,11.763,1104.6
P071,07,147.9,0,0,12.281,1148.14
P071,08,147.9,0,0,12.226,1014.45
P071,09,147.9,0,0,11.424,935.64
P071,10,147.9,0,0,12.192,1101.06
P071,11,147.9,0,0,11.183,1024.23
P071,12,147.9,0,0,13.224,1021.33
P071,13,147.9,0,0,11.918,1042.29
P071,14,147.9,0,0,11.974,1170.12
P071,15,147.9,0,0,13.546,1071.41
P071,16,147.9,0,0,11.615,973.86
P071,17,147.9,0,0,11.556,993.68
P071,18,147.9,0,0,12.081,1118.22
P071,19,147.9,0,0,12.369,1047.17
P071,20,147.9,0,0,11.475,1096.13
P071,21,147.9,0,0,12.329,1074.69
P071,22,147.9,0,0,11.162,1043.78
P071,23,147.9,0,0,12.752,973.17
P071,24,147.9,0,0,11.612,1131.61
P071,25,147.9,0,0,12.706,1062.08
P071,26,147.9,0,0,11.795,1015.36
P071,27,147.9,0,0,12.215,1057.29
P071,28,147.9,0,1,12.801,1099.27
P071,29,147.9,0,0,12.314,1057.02
P071,30,147.9,0,0,12.345,1147.9
P071,31,147.9,0,0,11.831,1056.72
P071,32,147.9,0,0,12.37,961.47
P071,33,147.9,0,0,11.125,966.92
P071,34,147.9,0,0,12.017,1088.47
P071,35,147.9,0,0,14.001,1176.89
P071,36,147.9,0,0,13.223,1146.5
P071,37,147.9,0,0,12.249,1144.42
P071,38,147.9,0,0,12.772,968.71
P071,39,147.9,0,0,12.332,1010.29
P071,40,147.9,0,0,11.338,1048.97
P072,01,313.5,1,0,9.247,948.15
P072,02,313.5,1,0,11.44,1083.18
P072,03,313.5,1,0,9.74,984.62
P072,04,313.5,1,0,9.903,1052.84
P072,05,313.5,1,0,10.079,918.5
P072,06,313.5,1,0,8.767,916.99
P072,07,313.5,1,0,10.708,1034.15
P072,08,313.5,1,0,11.015,841.58
P072,09,313.5,1,0,11.101,1049.89
P072,10,313.5,1,0,11.196,994.21
P072,11,313.5,1,0,10.274,1033.42
P072,12,313.5,1,0,9.116,951.96
P072,13,313.5,1,0,11.023,1138.18
P072,14,313.5,1,0,12.526,1068.73
P072,15,313.5,1,0,9.335,923.47
P072,16,313.5,1,0,10.46,960.59
P072,17,313.5,1,0,9.808,992.36
P072,18,313.5,1,0,10.79,952.3
P072,19,313.5,1,0,11.606,1010.89
P072,20,313.5,1,0,9.576,936.0
P072,21,313.5,1,0,11.68,1090.27
P072,22,313.5,1,0,12.168,899.06
P072,23,313.5,1,0,11.641,1067.78
P072,24,313.5,1,0,11.159,1032.38
P072,25,313.5,1,1,11.071,1033.79
P072,26,313.5,1,0,12.429,1063.41
P072,27,313.5,1,0,12.394,1066.03
P072,28,313.5,1,0,11.19,1048.0
P072,29,313.5,1,0,12.348,1172.44
P072,30,313.5,1,0,12.321,1168.1
P072,31,313.5,1,0,12.503,1067.27
P072,32,313.5,1,0,11.612,1077.55
P072,33,313.5,1,0,13.494,1127.26
P072,34,313.5,1,0,13.432,1124.17
P072,35,313.5,1,0,12.237,1136.68
P072,36,313.5,1,0,12.081,1174.68
P072,37,313.5,1,0,11.903,1040.45
P072,38,313.5,1,0,13.948,1134.66
P072,39,313.5,1,0,12.68,1026.8
P072,40,313.5,1,1,12.132,1057.26
P073,01,40.2,0,0,12.032,1124.09
P073,02,40.2,0,0,10.818,1191.48
P073,03,40.2,0,0,10.732,940.35
P073,04,40.2,0,1,12.045,904.55
P073,05,40.2,0,0,10.782,951.84
P073,06,40.2,0,0,12.808,1186.49
P073,07,40.2,0,0,12.009,969.72
P073,08,40.2,0,0,11.852,923.66
P073,09,40.2,0,0,12.288,899.55
P073,10,40.2,0,1,12.886,1151.07
P073,11,40.2,0,0,12.581,980.78
P073,12,40.2,0,0,11.39,1018.74
P073,13,40.2,0,0,11.962,970.57
P073,14,40.2,0,0,13.323,1061.45
P073,15,40.2,0,0,11.207,1015.17
P073,16,40.2,0,0,10.963,998.58
P073,17,40.2,0,1,12.083,1135.12
P073,18,40.2,0,0,11.92,1129.32
P073,19,40.2,0,0,11.681,1043.44
P073,20,40.2,0,0,12.286,910.89
P073,21,40.2,0,0,13.795,990.06
P073,22,40.2,0,0,13.915,915.96
P073,23,40.2,0,0,14.724,985.36
P073,24,40.2,0,0,12.727,891.6
P073,25,40.2,0,1,13.685,987.67
P073,26,40.2,0,0,13.556,1034.8
P073,27,40.2,0,0,13.92,865.06
P073,28,40.2,0,1,14.881,1010.28
P073,29,40.2,0,0,15.109,847.28
P073,30,40.2,0,0,14.027,1000.34
P073,31,40.2,0,0,15.485,937.01
P073,32,40.2,0,0,12.166,929.81
P073,33,40.2,0,0,13.108,955.83
P073,34,40.2,0,0,15.836,966.17
P073,35,40.2,0,0,13.644,807.15
P073,36,40.2,0,0,14.515,935.07
P073,37,40.2,0,0,13.29,886.21
P073,38,40.2,0,0,14.167,989.13
P073,39,40.2,0,0,12.558,892.72
P073,40,40.2,0,0,12.882,912.4
P074,01,280.5,0,0,13.102,1121.05
P074,02,280.5,0,0,10.974,982.98
P074,03,280.5,0,0,11.722,1006.7
P074,04,280.5,0,0,11.504,1026.74
P074,05,280.5,0,0,12.618,967.92
P074,06,280.5,0,0,12.549,1086.13
P074,07,280.5,0,0,12.465,1180.09
P074,08,280.5,0,0,11.361,1131.26
P074,09,280.5,0,1,12.372,1165.66
P074,10,280.5,0,0,10.463,1000.24
P074,11,280.5,0,0,12.087,1122.77
P074,12,280.5,0,0,13.254,1082.88
P074,13,280.5,0,0,11.859,1118.8
P074,14,280.5,0,0,12.085,936.46
P074,15,280.5,0,0,10.46,1031.46
P074,16,280.5,0,1,12.644,1068.92
P074,17,280.5,0,0,10.745,912.98
P074,18,280.5,0,0,12.031,1118.23
P074,19,280.5,0,0,11.966,1025.84
P074,20,280.5,0,0,11.575,1071.57
P074,21,280.5,0,0,12.008,1025.98
P074,22,280.5,0,0,11.47,1050.04
P074,23,280.5,0,0,12.988,1132.05
P074,24,280.5,0,0,12.215,948.84
P074,25,280.5,0,0,14.523,1243.28
P074,26,280.5,0,1,13.411,1122.86
P074,27,280.5,0,0,12.691,1043.93
P074,28,280.5,0,0,13.875,1119.16
P074,29,280.5,0,0,11.417,1006.91
P074,30,280.5,0,0,12.587,1158.71
P074,31,280.5,0,0,13.741,1147.6
P074,32,280.5,0,1,12.553,1020.17
P074,33,280.5,0,0,12.101,914.71
P074,34,280.5,0,0,13.886,1129.35
P074,35,280.5,0,0,11.911,1120.21
P074,36,280.5,0,1,13.58,1090.48
P074,37,280.5,0,0,12.149,1026.6
P074,38,280.5,0,0,12.949,1056.75
P074,39,280.5,0,1,12.925,1101.68
P074,40,280.5,0,0,14.148,1117.58
P075,01,238.8,1,0,12.509,1013.78
P075,02,238.8,1,0,11.996,1136.27
P075,03,238.8,1,1,13.52,1077.47
P075,04,238.8,1,0,13.291,1061.96
P075,05,238.8,1,0,13.964,1178.82
P075,06,238.8,1,0,13.465,1167.11
P075,07,238.8,1,0,12.962,1078.91
P075,08,238.8,1,0,12.562,978.71
P075,09,238.8,1,0,13.408,1141.6
P075,10,238.8,1,0,11.276,1068.08
P075,11,238.8,1,0,12.584,1051.07
P075,12,238.8,1,0,12.161,1121.5
P075,13,238.8,1,0,14.043,1069.78
P075,14,238.8,1,0,13.076,1110.97
P075,15,238.8,1,0,11.317,1135.04
P075,16,238.8,1,0,13.317,1129.95
P075,17,238.8,1,0,13.316,1133.79
P075,18,238.8,1,0,14.255,1183.77
P075,19,238.8,1,0,13.01,1154.33
P075,20,238.8,1,0,11.603,1044.06
P075,21,238.8,1,1,14.044,1114.77
P075,22,238.8,1,0,12.522,1164.15
P075,23,238.8,1,0,15.294,1180.52
P075,24,238.8,1,0,13.221,1048.47
P075,25,238.8,1,0,15.532,1180.59
P075,26,238.8,1,0,14.008,1221.94
P075,27,238.8,1,0,15.619,1279.12
P075,28,238.8,1,0,14.409,1238.62
P075,29,238.8,1,0,14.585,1182.57
P075,30,238.8,1,0,13.05,1196.28
P075,31,238.8,1,0,14.64,1271.86
P075,32,238.8,1,0,14.781,1135.4
P075,33,238.8,1,0,14.394,1136.2
P075,34,238.8,1,0,14.794,1223.92
P075,35,238.8,1,1,14.807,1214.85
P075,36,238.8,1,0,14.788,1245.41
P075,37,238.8,1,1,15.277,1272.68
P075,38,238.8,1,0,14.706,1187.74
P075,39,238.8,1,0,15.1,1241.79
P075,40,238.8,1,0,15.002,1176.97
P076,01,189.4,1,0,11.814,1090.35
P076,02,189.4,1,0,10.855,1043.72
P076,03,189.4,1,0,11.197,869.8
P076,04,189.4,1,0,10.487,1013.82
P076,05,189.4,1,0,11.366,946.1
P076,06,189.4,1,0,11.456,1090.5
P076,07,189.4,1,0,12.142,1087.42
P076,08,189.4,1,0,11.221,950.49
P076,09,189.4,1,1,11.469,1083.73
P076,10,189.4,1,0,11.859,997.3
P076,11,189.4,1,0,10.754,1017.3
P076,12,189.4,1,0,11.467,1036.96
P076,13,189.4,1,0,13.492,1097.07
P076,14,189.4,1,0,12.741,1084.08
P076,15,189.4,1,0,10.823,1117.44
P076,16,189.4,1,0,14.019,936.47
P076,17,189.4,1,0,10.587,917.42
P076,18,189.4,1,0,12.29,978.84
P076,19,189.4,1,0,11.207,1050.68
P076,20,189.4,1,0,10.152,1032.94
P076,21,189.4,1,0,11.945,990.25
P076,22,189.4,1,0,10.985,1044.51
P076,23,189.4,1,0,12.197,1047.78
P076,24,189.4,1,0,11.8,995.48
P076,25,189.4,1,0,11.356,1004.5
P076,26,189.4,1,0,11.969,1145.83
P076,27,189.4,1,0,12.862,1068.42
P076,28,189.4,1,0,12.293,1146.12
P076,29,189.4,1,0,14.018,1148.58
P076,30,189.4,1,0,13.318,1040.75
P076,31,189.4,1,0,13.215,1281.2
P076,32,189.4,1,0,14.008,1103.03
P076,33,189.4,1,0,12.387,1015.4
P076,34,189.4,1,0,14.251,1046.36
P076,35,189.4,1,0,12.658,1089.09
P076,36,189.4,1,0,13.529,1155.16
P076,37,189.4,1,0,12.625,1175.57
P076,38,189.4,1,0,13.233,1110.15
P076,39,189.4,1,0,13.371,1193.93
P076,40,189.4,1,0,11.811,950.32
P077,01,102.5,1,0,11.635,961.87
P077,02,102.5,1,0,12.061,969.21
P077,03,102.5,1,0,10.989,988.75
P077,04,102.5,1,0,11.303,895.41
P077,05,102.5,1,0,12.162,1039.01
P077,06,102.5,1,0,10.165,1080.39
P077,07,102.5,1,0,11.085,1081.16
P077,08,102.5,1,0,12.66,1086.16
P077,09,102.5,1,0,11.34,1022.74
P077,10,102.5,1,0,11.777,1046.65
P077,11,102.5,1,0,11.253,981.26
P077,12,102.5,1,0,11.998,1078.59
P077,13,102.5,1,0,10.651,918.93
P077,14,102.5,1,0,11.392,1063.76
P077,15,102.5,1,0,10.57,954.51
P077,16,102.5,1,0,11.555,988.96
P077,17,102.5,1,0,10.402,933.33
P077,18,102.5,1,0,11.159,870.7
P077,19,102.5,1,0,11.886,962.83
P077,20,102.5,1,0,10.21,860.61
P077,21,102.5,1,0,11.757,1080.26
P077,22,102.5,1,0,11.059,1100.85
P077,23,102.5,1,0,11.323,950.27
P077,24,102.5,1,0,11.525,992.66
P077,25,102.5,1,0,11.387,996.53
P077,26,102.5,1,0,13.664,1154.06
P077,27,102.5,1,0,12.123,1222.55
P077,28,102.5,1,0,14.682,1249.32
P077,29,102.5,1,0,13.915,1190.05
P077,30,102.5,1,0,10.959,1131.14
P077,31,102.5,1,0,13.95,1234.47
P077,32,102.5,1,0,12.505,1090.08
P077,33,102.5,1,0,11.688,1125.03
P077,34,102.5,1,1,14.278,1221.81
P077,35,102.5,1,0,12.733,1064.57
P077,36,102.5,1,0,12.79,1099.19
P077,37,102.5,1,0,11.857,1149.79
P077,38,102.5,1,0,13.391,1056.16
P077,39,102.5,1,0,12.807,1178.75
P077,40,102.5,1,0,13.068,1107.03
P078,01,204.9,0,1,11.403,1006.56
P078,02,204.9,0,0,11.588,1123.4
P078,03,204.9,0,0,11.749,1055.96
P078,04,204.9,0,0,10.315,1094.63
P078,05,204.9,0,1,11.463,965.99
P078,06,204.9,0,0,12.641,961.69
P078,07,204.9,0,0,10.607,985.53
P078,08,204.9,0,0,10.401,1025.84
P078,09,204.9,0,0,10.779,962.99
P078,10,204.9,0,0,10.588,1001.75
P078,11,204.9,0,0,10.498,996.38
P078,12,204.9,0,0,10.644,1045.86
P078,13,204.9,0,0,10.499,1014.26
P078,14,204.9,0,0,11.843,955.52
P078,15,204.9,0,0,9.659,955.95
P078,16,204.9,0,1,10.89,1002.86
P078,17,204.9,0,0,10.912,1043.15
P078,18,204.9,0,0,9.761,1066.98
P078,19,204.9,0,0,11.081,951.0
P078,20,204.9,0,0,10.649,967.67
P078,21,204.9,0,0,11.351,1037.57
P078,22,204.9,0,0,10.874,969.4
P078,23,204.9,0,0,12.474,1052.78
P078,24,204.9,0,0,11.628,1071.21
P078,25,204.9,0,1,9.616,865.87
P078,26,204.9,0,0,11.614,909.2
P078,27,204.9,0,0,12.21,1011.0
P078,28,204.9,0,0,11.329,951.58
P078,29,204.9,0,0,12.734,1017.74
P078,30,204.9,0,0,10.488,1051.03
P078,31,204.9,0,0,12.37,1016.76
P078,32,204.9,0,0,10.775,880.88
P078,33,204.9,0,0,11.927,1100.82
P078,34,204.9,0,0,12.349,1158.51
P078,35,204.9,0,0,10.399,983.47
P078,36,204.9,0,0,12.032,1052.2
P078,37,204.9,0,0,10.437,941.6
P078,38,204.9,0,0,12.356,1064.54
P078,39,204.9,0,0,11.993,948.22
P078,40,204.9,0,0,11.142,898.86
P079,01,209.0,0,0,10.862,1076.62
P079,02,209.0,0,0,10.649,1017.91
P079,03,209.0,0,0,11.162,1026.47
P079,04,209.0,0,0,12.486,1037.99
P079,05,209.0,0,0,11.896,1114.58
P079,06,209.0,0,0,11.691,907.49
P079,07,209.0,0,0,13.162,1062.15
P079,08,209.0,0,0,11.809,985.71
P079,09,209.0,0,0,11.651,1024.3
P079,10,209.0,0,0,10.604,1031.6
P079,11,209.0,0,0,12.222,992.18
P079,12,209.0,0,0,12.441,1069.21
P079,13,209.0,0,1,13.53,1078.36
P079,14,209.0,0,0,13.848,1062.8
P079,15,209.0,0,0,11.471,1025.41
P079,16,209.0,0,0,11.89,1060.45
P079,17,209.0,0,0,10.162,976.5
P079,18,209.0,0,0,10.561,979.67
P079,19,209.0,0,0,11.47,1022.51
P079,20,209.0,0,0,10.965,1040.1
P079,21,209.0,0,0,10.893,1131.81
P079,22,209.0,0,0,10.781,1028.02
P079,23,209.0,0,1,12.17,999.29
P079,24,209.0,0,0,11.743,1069.98
P079,25,209.0,0,1,12.075,1072.18
P079,26,209.0,0,0,11.753,1016.51
P079,27,209.0,0,0,12.207,1088.35
P079,28,209.0,0,0,12.029,967.35
P079,29,209.0,0,0,12.333,989.73
P079,30,209.0,0,0,12.709,932.41
P079,31,209.0,0,0,11.367,1036.72
P079,32,209.0,0,0,12.773,1065.37
P079,33,209.0,0,0,12.227,1010.97
P079,34,209.0,0,1,13.319,1134.65
P079,35,209.0,0,0,13.417,1086.81
P079,36,209.0,0,1,13.958,994.24
P079,37,209.0,0,1,10.642,1031.68
P079,38,209.0,0,0,12.985,1101.22
P079,39,209.0,0,0,11.776,1133.77
P079,40,209.0,0,0,12.116,1064.5
P080,01,313.5,0,0,11.475,1099.43
P080,02,313.5,0,0,11.204,956.76
P080,03,313.5,0,0,12.589,993.09
P080,04,313.5,0,0,12.036,1142.92
P080,05,313.5,0,1,12.283,1079.76
P080,06,313.5,0,0,11.955,992.47
P080,07,313.5,0,0,11.913,1125.02
P080,08,313.5,0,0,10.613,1062.72
P080,09,313.5,0,0,11.772,989.72
P080,10,313.5,0,1,11.409,1096.44
P080,11,313.5,0,0,13.037,1010.97
P080,12,313.5,0,0,12.001,1018.66
P080,13,313.5,0,0,12.483,1226.61
P080,14,313.5,0,0,12.556,1101.91
P080,15,313.5,0,0,11.428,1033.67
P080,16,313.5,0,0,11.13,868.02
P080,17,313.5,0,0,10.449,920.19
P080,18,313.5,0,0,12.571,993.15
P080,19,313.5,0,0,12.885,1013.45
P080,20,313.5,0,0,11.781,939.76
P080,21,313.5,0,0,12.058,1099.74
P080,22,313.5,0,0,10.983,1047.57
P080,23,313.5,0,0,11.832,1037.61
P080,24,313.5,0,1,12.533,1003.56
P080,25,313.5,0,1,11.895,1177.7
P080,26,313.5,0,0,13.462,1106.34
P080,27,313.5,0,1,12.293,1070.54
P080,28,313.5,0,0,11.598,1078.31
P080,29,313.5,0,0,11.461,928.82
P080,30,313.5,0,1,12.423,1045.12
P080,31,313.5,0,0,13.322,1170.79
P080,32,313.5,0,0,12.89,1020.28
P080,33,313.5,0,0,10.413,1028.34
P080,34,313.5,0,0,12.766,1223.21
P080,35,313.5,0,0,11.551,1172.75
P080,36,313.5,0,0,13.186,1090.88
P080,37,313.5,0,0,11.829,1003.53
P080,38,313.5,0,0,13.403,1202.12
P080,39,313.5,0,0,11.43,973.1
P080,40,313.5,0,0,12.46,1004.26
P081,01,221.8,0,0,10.868,975.24
P081,02,221.8,0,0,11.785,980.6
P081,03,221.8,0,0,12.869,1024.83
P081,04,221.8,0,0,11.95,961.67
P081,05,221.8,0,1,12.393,995.99
P081,06,221.8,0,0,11.579,1017.08
P081,07,221.8,0,0,13.453,1178.53
P081,08,221.8,0,0,12.637,941.72
P081,09,221.8,0,1,14.014,1066.08
P081,10,221.8,0,0,13.739,1136.17
P081,11,221.8,0,0,12.993,1039.86
P081,12,221.8,0,0,11.879,1062.53
P081,13,221.8,0,0,11.65,962.26
P081,14,221.8,0,1,14.299,1114.99
P081,15,221.8,0,0,12.084,1075.05
P081,16,221.8,0,0,11.988,1028.93
P081,17,221.8,0,0,11.182,959.02
P081,18,221.8,0,0,12.403,1090.82
P081,19,221.8,0,0,13.477,1109.06
P081,20,221.8,0,1,11.727,874.98
P081,21,221.8,0,0,11.957,993.37
P081,22,221.8,0,1,12.789,1128.93
P081,23,221.8,0,0,14.443,1067.05
P081,24,221.8,0,0,11.301,1201.47
P081,25,221.8,0,0,12.102,1147.57
P081,26,221.8,0,0,12.218,1044.13
P081,27,221.8,0,0,12.82,1043.21
P081,28,221.8,0,0,13.151,969.34
P081,29,221.8,0,0,12.804,1118.58
P081,30,221.8,0,0,12.585,1178.42
P081,31,221.8,0,0,14.334,1096.64
P081,32,221.8,0,0,12.227,1085.98
P081,33,221.8,0,1,12.606,1059.39
P081,34,221.8,0,0,14.014,1126.01
P081,35,221.8,0,0,13.827,1129.82
P081,36,221.8,0,0,12.981,1009.1
P081,37,221.8,0,0,11.273,1012.93
P081,38,221.8,0,0,13.551,1090.5
P081,39,221.8,0,0,13.758,1128.07
P081,40,221.8,0,0,12.754,1082.74
P082,01,168.6,0,0,10.703,962.32
P082,02,168.6,0,0,10.53,1019.41
P082,03,168.6,0,0,11.35,1024.98
P082,04,168.6,0,0,11.732,1104.85
P082,05,168.6,0,0,10.994,978.1
P082,06,168.6,0,0,11.847,949.71
P082,07,168.6,0,0,12.26,1128.08
P082,08,168.6,0,0,9.987,1067.06
P082,09,168.6,0,0,11.396,1039.03
P082,10,168.6,0,1,12.491,1090.29
P082,11,168.6,0,0,12.492,999.83
P082,12,168.6,0,0,11.577,1125.06
P082,13,168.6,0,0,11.397,933.64
P082,14,168.6,0,0,12.225,1120.78
P082,15,168.6,0,1,11.236,1013.43
P082,16,168.6,0,0,11.292,1029.62
P082,17,168.6,0,0,9.755,1051.19
P082,18,168.6,0,0,12.949,1083.05
P082,19,168.6,0,0,12.703,984.76
P082,20,168.6,0,0,11.33,945.74
P082,21,168.6,0,0,13.657,1031.09
P082,22,168.6,0,0,10.978,946.91
P082,23,168.6,0,0,11.366,1124.38
P082,24,168.6,0,0,12.76,1068.16
P082,25,168.6,0,0,10.838,943.49
P082,26,168.6,0,0,10.773,1045.21
P082,27,168.6,0,0,13.273,1080.1
P082,28,168.6,0,1,12.348,1048.61
P082,29,168.6,0,0,14.543,1095.33
P082,30,168.6,0,0,10.063,898.48
P082,31,168.6,0,0,12.132,1049.52
P082,32,168.6,0,0,13.151,1129.89
P082,33,168.6,0,0,11.578,1026.65
P082,34,168.6,0,0,12.662,1038.67
P082,35,168.6,0,0,10.811,960.22
P082,36,168.6,0,0,11.585,1005.34
P082,37,168.6,0,1,11.869,1032.54
P082,38,168.6,0,0,13.461,1063.15
P082,39,168.6,0,0,11.548,882.2
P082,40,168.6,0,1,12.2,973.34
P083,01,54.9,1,0,12.325,1062.53
P083,02,54.9,1,0,11.225,1006.39
P083,03,54.9,1,0,11.758,1072.92
P083,04,54.9,1,0,12.9,916.02
P083,05,54.9,1,0,10.683,940.2
P083,06,54.9,1,0,12.232,969.88
P083,07,54.9,1,0,11.336,1178.84
P083,08,54.9,1,0,12.545,979.12
P083,09,54.9,1,0,13.486,1116.75
P083,10,54.9,1,0,12.57,1023.87
P083,11,54.9,1,0,12.147,1039.95
P083,12,54.9,1,0,11.236,836.71
P083,13,54.9,1,0,12.026,942.24
P083,14,54.9,1,0,12.973,1004.76
P083,15,54.9,1,0,12.117,1160.61
P083,16,54.9,1,0,13.212,1147.29
P083,17,54.9,1,0,13.119,1040.62
P083,18,54.9,1,0,13.191,1104.44
P083,19,54.9,1,0,13.015,1152.99
P083,20,54.9,1,0,12.666,986.69
P083,21,54.9,1,0,14.937,1021.59
P083,22,54.9,1,0,14.601,908.52
P083,23,54.9,1,0,16.238,976.18
P083,24,54.9,1,1,15.156,989.62
P083,25,54.9,1,1,16.124,884.25
P083,26,54.9,1,0,15.051,991.71
P083,27,54.9,1,0,15.414,998.58
P083,28,54.9,1,0,16.609,1092.78
P083,29,54.9,1,0,16.082,1002.55
P083,30,54.9,1,0,15.013,1064.09
P083,31,54.9,1,0,16.09,1107.27
P083,32,54.9,1,0,15.113,956.53
P083,33,54.9,1,0,15.544,1019.24
P083,34,54.9,1,0,16.109,1076.47
P083,35,54.9,1,0,15.526,1026.09
P083,36,54.9,1,1,18.715,1091.67
P083,37,54.9,1,0,15.384,955.11
P083,38,54.9,1,0,18.681,1103.64
P083,39,54.9,1,0,16.328,942.55
P083,40,54.9,1,0,17.428,1223.88
P084,01,164.7,1,0,12.816,1147.14
P084,02,164.7,1,0,12.389,1094.78
P084,03,164.7,1,0,12.905,1109.56
P084,04,164.7,1,0,13.051,1079.28
P084,05,164.7,1,0,12.334,1056.32
P084,06,164.7,1,1,11.673,1060.43
P084,07,164.7,1,0,13.186,977.6
P084,08,164.7,1,0,13.509,1112.05
P084,09,164.7,1,0,12.528,1036.45
P084,10,164.7,1,0,12.18,1039.55
P084,11,164.7,1,0,12.758,1009.13
P084,12,164.7,1,0,13.357,1133.89
P084,13,164.7,1,0,14.1,1017.87
P084,14,164.7,1,0,14.035,1013.46
P084,15,164.7,1,0,12.629,1079.89
P084,16,164.7,1,0,11.622,1017.27
P084,17,164.7,1,0,11.322,1018.05
P084,18,164.7,1,0,10.42,999.39
P084,19,164.7,1,0,12.882,1111.86
P084,20,164.7,1,0,9.426,1062.54
P084,21,164.7,1,0,12.97,1105.72
P084,22,164.7,1,0,12.996,1038.99
P084,23,164.7,1,0,11.095,1051.27
P084,24,164.7,1,0,12.596,962.61
P084,25,164.7,1,0,12.155,947.8
P084,26,164.7,1,0,13.76,1141.12
P084,27,164.7,1,0,14.144,1148.93
P084,28,164.7,1,0,14.675,1108.66
P084,29,164.7,1,0,13.104,1111.62
P084,30,164.7,1,0,12.984,1078.32
P084,31,164.7,1,1,15.118,1215.34
P084,32,164.7,1,0,12.651,1117.72
P084,33,164.7,1,0,13.68,1113.92
P084,34,164.7,1,0,14.794,1254.48
P084,35,164.7,1,0,14.407,1006.37
P084,36,164.7,1,0,15.897,1143.32
P084,37,164.7,1,0,12.795,1127.28
P084,38,164.7,1,0,13.944,1172.83
P084,39,164.7,1,0,13.985,1145.76
P084,40,164.7,1,0,12.795,1150.16
P085,01,165.9,0,0,11.006,925.27
P085,02,165.9,0,0,11.534,1000.16
P085,03,165.9,0,0,12.111,1057.01
P085,04,165.9,0,0,13.825,1037.27
P085,05,165.9,0,0,12.125,1041.71
P085,06,165.9,0,0,12.412,1022.88
P085,07,165.9,0,0,11.211,982.38
P085,08,165.9,0,0,12.512,1057.8
P085,09,165.9,0,1,11.327,1011.8
P085,10,165.9,0,1,13.282,1151.73
P085,11,165.9,0,0,13.715,973.62
P085,12,165.9,0,0,12.422,1084.37
P085,13,165.9,0,0,12.769,1188.96
P085,14,165.9,0,0,13.632,1059.43
P085,15,165.9,0,0,11.779,999.99
P085,16,165.9,0,0,12.192,1142.54
P085,17,165.9,0,0,12.41,1071.23
P085,18,165.9,0,0,13.097,1073.38
P085,19,165.9,0,0,13.575,1079.04
P085,20,165.9,0,0,11.892,1138.54
P085,21,165.9,0,0,12.726,1050.77
P085,22,165.9,0,1,11.892,1008.67
P085,23,165.9,0,0,13.694,1107.18
P085,24,165.9,0,0,10.89,950.6
P085,25,165.9,0,0,11.72,1074.67
P085,26,165.9,0,0,13.566,981.46
P085,27,165.9,0,0,12.214,1001.18
P085,28,165.9,0,1,12.282,1195.71
P085,29,165.9,0,0,12.473,1082.18
P085,30,165.9,0,0,11.575,976.47
P085,31,165.9,0,0,13.252,993.49
P085,32,165.9,0,0,12.252,1087.57
P085,33,165.9,0,0,12.034,1082.32
P085,34,165.9,0,0,12.925,1212.99
P085,35,165.9,0,0,13.658,1128.27
P085,36,165.9,0,0,12.781,1088.25
P085,37,165.9,0,0,12.539,1122.72
P085,38,165.9,0,0,14.063,1234.32
P085,39,165.9,0,1,13.054,1195.11
P085,40,165.9,0,0,12.845,1110.73
P086,01,48.3,0,0,11.394,1088.8
P086,02,48.3,0,0,13.552,988.25
P086,03,48.3,0,0,13.577,1175.12
P086,04,48.3,0,0,12.669,1079.74
P086,05,48.3,0,0,12.854,1018.16
P086,06,48.3,0,0,14.757,1116.01
P086,07,48.3,0,0,15.091,1140.18
P086,08,48.3,0,0,12.314,1079.41
P086,09,48.3,0,0,13.343,1109.13
P086,10,48.3,0,0,13.645,1075.15
P086,11,48.3,0,0,12.096,1108.24
P086,12,48.3,0,0,12.595,1183.5
P086,13,48.3,0,0,12.372,1093.04
P086,14,48.3,0,0,14.887,1012.06
P086,15,48.3,0,0,12.497,999.81
P086,16,48.3,0,0,13.55,1117.71
P086,17,48.3,0,0,13.182,1225.2
P086,18,48.3,0,1,15.215,1086.25
P086,19,48.3,0,1,13.552,1056.34
P086,20,48.3,0,1,14.82,983.12
P086,21,48.3,0,1,15.448,1097.58
P086,22,48.3,0,0,14.344,1057.17
P086,23,48.3,0,0,14.626,925.75
P086,24,48.3,0,0,13.868,987.73
P086,25,48.3,0,0,15.404,971.33
P086,26,48.3,0,0,14.321,928.56
P086,27,48.3,0,1,16.326,1041.29
P086,28,48.3,0,1,15.969,955.08
P086,29,48.3,0,0,15.062,954.28
P086,30,48.3,0,0,13.69,901.57
P086,31,48.3,0,0,15.527,1064.86
P086,32,48.3,0,0,15.216,995.94
P086,33,48.3,0,0,15.605,985.7
P086,34,48.3,0,0,15.722,955.84
P086,35,48.3,0,1,16.254,1108.37
P086,36,48.3,0,0,15.136,1097.5
P086,37,48.3,0,0,14.97,928.48
P086,38,48.3,0,0,16.821,1134.04
P086,39,48.3,0,0,16.456,1072.03
P086,40,48.3,0,0,15.559,1014.49
P087,01,64.0,0,0,11.968,1082.48
P087,02,64.0,0,0,12.23,1073.39
P087,03,64.0,0,0,11.033,891.44
P087,04,64.0,0,0,10.913,986.92
P087,05,64.0,0,0,11.904,1024.09
P087,06,64.0,0,0,12.568,1089.93
P087,07,64.0,0,0,12.934,1118.85
P087,08,64.0,0,0,11.281,976.93
P087,09,64.0,0,0,12.123,1126.33
P087,10,64.0,0,0,11.731,1020.19
P087,11,64.0,0,0,11.108,1046.92
P087,12,64.0,0,0,11.409,1005.73
P087,13,64.0,0,0,11.269,1078.88
P087,14,64.0,0,0,11.362,1056.37
P087,15,64.0,0,0,12.137,891.43
P087,16,64.0,0,0,11.741,967.13
P087,17,64.0,0,0,11.879,994.53
P087,18,64.0,0,0,13.751,948.25
P087,19,64.0,0,0,13.259,945.76
P087,20,64.0,0,0,12.74,899.81
P087,21,64.0,0,0,13.116,937.06
P087,22,64.0,0,0,13.079,861.87
P087,23,64.0,0,0,12.912,885.32
P087,24,64.0,0,0,12.76,951.09
P087,25,64.0,0,0,14.41,1120.85
P087,26,64.0,0,0,11.8,785.5
P087,27,64.0,0,0,12.365,814.91
P087,28,64.0,0,0,13.24,941.34
P087,29,64.0,0,0,13.041,860.13
P087,30,64.0,0,0,13.312,862.25
P087,31,64.0,0,0,14.269,1027.03
P087,32,64.0,0,0,13.163,940.18
P087,33,64.0,0,0,12.359,861.25
P087,34,64.0,0,0,14.17,945.28
P087,35,64.0,0,0,13.628,948.32
P087,36,64.0,0,0,13.972,942.84
P087,37,64.0,0,1,13.217,914.91
P087,38,64.0,0,0,13.724,997.88
P087,39,64.0,0,0,13.027,922.45
P087,40,64.0,0,0,13.438,977.07
P088,01,56.2,0,0,12.876,997.19
P088,02,56.2,0,0,12.409,1117.3
P088,03,56.2,0,0,12.915,1175.67
P088,04,56.2,0,0,14.37,1124.49
P088,05,56.2,0,0,12.977,1122.32
P088,06,56.2,0,0,14.314,1147.0
P088,07,56.2,0,0,13.269,1000.77
P088,08,56.2,0,0,13.522,1043.17
P088,09,56.2,0,0,13.869,1069.65
P088,10,56.2,0,0,12.084,980.15
P088,11,56.2,0,0,12.95,1147.96
P088,12,56.2,0,0,12.255,1081.43
P088,13,56.2,0,0,13.843,1262.23
P088,14,56.2,0,0,15.905,1213.56
P088,15,56.2,0,0,11.429,909.54
P088,16,56.2,0,1,11.12,1077.62
P088,17,56.2,0,0,11.902,1055.39
P088,18,56.2,0,0,13.432,1056.26
P088,19,56.2,0,0,11.979,1065.11
P088,20,56.2,0,0,15.797,885.83
P088,21,56.2,0,0,16.028,992.23
P088,22,56.2,0,0,15.554,1001.17
P088,23,56.2,0,0,14.428,943.39
P088,24,56.2,0,0,13.791,1029.76
P088,25,56.2,0,0,14.961,1050.64
P088,26,56.2,0,0,14.805,957.58
P088,27,56.2,0,0,15.328,1071.17
P088,28,56.2,0,0,13.643,1011.8
P088,29,56.2,0,0,15.435,965.76
P088,30,56.2,0,0,13.659,1057.93
P088,31,56.2,0,0,16.413,1181.65
P088,32,56.2,0,0,15.59,1019.13
P088,33,56.2,0,0,14.336,997.02
P088,34,56.2,0,0,16.036,1093.95
P088,35,56.2,0,0,15.006,972.18
P088,36,56.2,0,0,15.457,994.44
P088,37,56.2,0,0,15.155,1060.85
P088,38,56.2,0,0,14.311,1054.17
P088,39,56.2,0,0,14.638,1092.55
P088,40,56.2,0,0,13.961,947.56
P089,01,272.3,0,0,10.46,952.57
P089,02,272.3,0,0,12.936,1059.53
P089,03,272.3,0,0,10.261,1002.7
P089,04,272.3,0,0,11.552,984.44
P089,05,272.3,0,0,12.006,959.51
P089,06,272.3,0,1,13.055,1060.9
P089,07,272.3,0,0,12.996,1120.0
P089,08,272.3,0,0,12.317,1046.6
P089,09,272.3,0,0,12.214,1037.9
P089,10,272.3,0,0,11.792,942.36
P089,11,272.3,0,0,12.676,1009.97
P089,12,272.3,0,0,10.984,1085.01
P089,13,272.3,0,1,11.559,1084.5
P089,14,272.3,0,0,11.264,1153.32
P089,15,272.3,0,1,13.088,1060.61
P089,16,272.3,0,0,12.033,1060.8
P089,17,272.3,0,0,11.06,906.04
P089,18,272.3,0,0,11.314,1043.45
P089,19,272.3,0,0,11.775,1161.46
P089,20,272.3,0,0,11.231,1043.09
P089,21,272.3,0,0,12.185,962.71
P089,22,272.3,0,0,11.338,1049.11
P089,23,272.3,0,0,13.046,1130.55
P089,24,272.3,0,0,10.322,976.85
P089,25,272.3,0,0,10.926,848.75
P089,26,272.3,0,0,11.912,1052.87
P089,27,272.3,0,1,11.244,1030.5
P089,28,272.3,0,0,11.805,990.94
P089,29,272.3,0,0,12.446,1095.49
P089,30,272.3,0,0,11.103,976.4
P089,31,272.3,0,0,11.565,990.79
P089,32,272.3,0,0,12.074,1104.18
P089,33,272.3,0,0,10.225,863.14
P089,34,272.3,0,0,12.75,1048.26
P089,35,272.3,0,0,13.389,1062.73
P089,36,272.3,0,0,13.924,1096.37
P089,37,272.3,0,0,11.809,1076.26
P089,38,272.3,0,0,13.396,1047.95
P089,39,272.3,0,0,11.444,1137.46
P089,40,272.3,0,0,12.423,1095.06
P090,01,202.9,0,0,12.303,1130.99
P090,02,202.9,0,0,12.975,1164.4
P090,03,202.9,0,0,11.387,1137.24
P090,04,202.9,0,0,13.362,1125.69
P090,05,202.9,0,1,14.05,1165.28
P090,06,202.9,0,0,13.049,979.4
P090,07,202.9,0,0,12.22,1203.44
P090,08,202.9,0,0,12.371,1030.82
P090,09,202.9,0,1,12.596,1088.99
P090,10,202.9,0,0,12.545,1085.13
P090,11,202.9,0,0,14.625,1102.69
P090,12,202.9,0,0,12.718,1037.97
P090,13,202.9,0,0,11.783,1085.89
P090,14,202.9,0,0,13.469,1209.39
P090,15,202.9,0,0,11.265,869.69
P090,16,202.9,0,0,12.544,1136.06
P090,17,202.9,0,0,11.679,1047.06
P090,18,202.9,0,0,12.671,962.71
P090,19,202.9,0,0,13.395,1128.41
P090,20,202.9,0,0,11.463,977.82
P090,21,202.9,0,0,12.179,1167.14
P090,22,202.9,0,0,13.181,1106.07
P090,23,202.9,0,0,12.651,1147.83
P090,24,202.9,0,0,12.913,1154.64
P090,25,202.9,0,0,13.758,1070.77
P090,26,202.9,0,1,13.285,1147.97
P090,27,202.9,0,0,11.913,1054.66
P090,28,202.9,0,0,12.102,1110.57
P090,29,202.9,0,0,12.602,1147.63
P090,30,202.9,0,0,12.24,1129.81
P090,31,202.9,0,0,12.093,968.1
P090,32,202.9,0,1,14.228,1063.13
P090,33,202.9,0,0,13.675,1138.07
P090,34,202.9,0,0,13.293,1005.11
P090,35,202.9,0,0,12.873,1065.77
P090,36,202.9,0,0,13.572,1131.71
P090,37,202.9,0,0,12.516,1075.39
P090,38,202.9,0,0,13.254,1178.13
P090,39,202.9,0,0,13.9,1071.26
P090,40,202.9,0,0,12.307,1015.95
P091,01,158.9,1,0,12.851,1133.37
P091,02,158.9,1,0,12.678,1217.92
P091,03,158.9,1,0,12.685,1042.48
P091,04,158.9,1,0,13.639,1116.09
P091,05,158.9,1,0,13.055,1122.28
P091,06,158.9,1,1,13.378,1115.97
P091,07,158.9,1,0,11.502,1053.89
P091,08,158.9,1,1,14.664,1189.53
P091,09,158.9,1,0,14.199,1200.07
P091,10,158.9,1,0,14.688,1007.93
P091,11,158.9,1,0,12.196,969.59
P091,12,158.9,1,0,13.637,1134.98
P091,13,158.9,1,1,14.689,1036.0
P091,14,158.9,1,1,14.699,1096.2
P091,15,158.9,1,0,13.069,1156.49
P091,16,158.9,1,0,11.983,1059.41
P091,17,158.9,1,0,13.087,1101.62
P091,18,158.9,1,1,14.063,1125.25
P091,19,158.9,1,1,13.793,1016.18
P091,20,158.9,1,0,11.932,1026.48
P091,21,158.9,1,1,15.562,1080.46
P091,22,158.9,1,0,12.606,1094.97
P091,23,158.9,1,0,12.022,1087.2
P091,24,158.9,1,0,11.331,1004.27
P091,25,158.9,1,0,14.213,1101.52
P091,26,158.9,1,0,14.974,1211.96
P091,27,158.9,1,0,14.818,1142.64
P091,28,158.9,1,0,14.589,1195.91
P091,29,158.9,1,0,14.628,1220.67
P091,30,158.9,1,1,14.332,1156.69
P091,31,158.9,1,0,15.063,1254.65
P091,32,158.9,1,0,14.431,1221.45
P091,33,158.9,1,0,14.846,1173.2
P091,34,158.9,1,1,16.076,1263.32
P091,35,158.9,1,0,15.391,1144.46
P091,36,158.9,1,0,14.624,1221.09
P091,37,158.9,1,0,14.102,1081.92
P091,38,158.9,1,0,14.747,1141.65
P091,39,158.9,1,1,15.729,1171.93
P091,40,158.9,1,0,14.183,1115.08
P092,01,200.4,0,1,12.248,1042.35
P092,02,200.4,0,0,12.516,1086.22
P092,03,200.4,0,0,11.662,994.04
P092,04,200.4,0,0,12.223,1096.62
P092,05,200.4,0,0,11.753,1028.78
P092,06,200.4,0,0,12.794,1168.6
P092,07,200.4,0,0,11.805,1088.89
P092,08,200.4,0,0,10.306,1069.75
P092,09,200.4,0,0,11.991,973.24
P092,10,200.4,0,0,12.293,951.89
P092,11,200.4,0,0,12.203,923.94
P092,12,200.4,0,0,13.179,1105.68
P092,13,200.4,0,0,12.376,1098.72
P092,14,200.4,0,0,12.905,1058.21
P092,15,200.4,0,0,12.38,1074.4
P092,16,200.4,0,1,13.109,1069.65
P092,17,200.4,0,0,12.072,1176.65
P092,18,200.4,0,0,13.412,1117.94
P092,19,200.4,0,0,12.821,1068.55
P092,20,200.4,0,0,12.003,1045.05
P092,21,200.4,0,0,13.11,1017.15
P092,22,200.4,0,0,13.66,1119.81
P092,23,200.4,0,0,12.354,1050.51
P092,24,200.4,0,0,11.021,1002.37
P092,25,200.4,0,1,13.413,1019.17
P092,26,200.4,0,0,11.428,1104.47
P092,27,200.4,0,0,13.773,1071.14
P092,28,200.4,0,1,11.804,1088.27
P092,29,200.4,0,0,11.838,1065.8
P092,30,200.4,0,0,11.748,921.32
P092,31,200.4,0,0,12.524,1052.87
P092,32,200.4,0,0,11.858,1019.17
P092,33,200.4,0,0,10.907,970.98
P092,34,200.4,0,1,14.325,1092.21
P092,35,200.4,0,0,12.003,1081.79
P092,36,200.4,0,0,13.253,1142.81
P092,37,200.4,0,0,13.121,1078.82
P092,38,200.4,0,0,15.167,1086.52
P092,39,200.4,0,0,12.237,993.42
P092,40,200.4,0,0,11.931,937.49
P093,01,198.1,0,0,12.88,1082.69
P093,02,198.1,0,0,12.145,1064.2
P093,03,198.1,0,0,10.286,1100.24
P093,04,198.1,0,0,12.477,1066.47
P093,05,198.1,0,0,12.705,995.01
P093,06,198.1,0,0,11.574,980.22
P093,07,198.1,0,0,11.588,1000.49
P093,08,198.1,0,0,11.955,1035.18
P093,09,198.1,0,0,11.838,973.51
P093,10,198.1,0,0,11.723,1055.64
P093,11,198.1,0,0,10.12,1016.49
P093,12,198.1,0,0,11.609,1095.97
P093,13,198.1,0,0,12.914,1084.5
P093,14,198.1,0,0,12.67,1159.52
P093,15,198.1,0,0,11.523,965.16
P093,16,198.1,0,0,12.979,1071.74
P093,17,198.1,0,0,11.787,1053.53
P093,18,198.1,0,1,14.216,1238.15
P093,19,198.1,0,0,11.2,965.04
P093,20,198.1,0,0,12.367,1184.49
P093,21,198.1,0,0,11.362,1020.73
P093,22,198.1,0,1,12.017,950.13
P093,23,198.1,0,0,12.104,1139.88
P093,24,198.1,0,0,12.489,1185.69
P093,25,198.1,0,0,11.862,1049.18
P093,26,198.1,0,0,11.271,1000.25
P093,27,198.1,0,0,13.109,962.2
P093,28,198.1,0,0,11.124,981.85
P093,29,198.1,0,0,13.661,1039.36
P093,30,198.1,0,0,10.792,995.12
P093,31,198.1,0,0,12.397,1080.63
P093,32,198.1,0,1,12.801,1023.14
P093,33,198.1,0,0,13.48,1182.15
P093,34,198.1,0,0,13.886,1164.66
P093,35,198.1,0,0,10.911,997.9
P093,36,198.1,0,0,12.661,889.97
P093,37,198.1,0,0,12.194,1039.12
P093,38,198.1,0,0,13.741,1087.45
P093,39,198.1,0,0,14.291,1101.82
P093,40,198.1,0,0,12.954,986.53
P094,01,190.6,1,0,11.359,1052.86
P094,02,190.6,1,1,13.328,1114.76
P094,03,190.6,1,0,14.167,1151.95
P094,04,190.6,1,1,12.779,1211.24
P094,05,190.6,1,0,11.852,1003.5
P094,06,190.6,1,0,12.366,1072.44
P094,07,190.6,1,0,13.211,1112.52
P094,08,190.6,1,1,13.482,1164.25
P094,09,190.6,1,0,14.282,1108.37
P094,10,190.6,1,0,13.059,1011.85
P094,11,190.6,1,0,11.633,1016.34
P094,12,190.6,1,0,12.324,1007.38
P094,13,190.6,1,0,12.716,1032.88
P094,14,190.6,1,0,13.401,1094.77
P094,15,190.6,1,0,12.25,990.43
P094,16,190.6,1,0,12.377,1079.52
P094,17,190.6,1,1,13.218,973.33
P094,18,190.6,1,0,13.37,1191.18
P094,19,190.6,1,1,11.976,1031.23
P094,20,190.6,1,0,13.195,1006.24
P094,21,190.6,1,0,13.102,1116.26
P094,22,190.6,1,0,12.366,1017.63
P094,23,190.6,1,0,13.821,1115.5
P094,24,190.6,1,0,12.206,1059.25
P094,25,190.6,1,0,12.304,1031.74
P094,26,190.6,1,0,12.259,1189.51
P094,27,190.6,1,0,15.038,1178.68
P094,28,190.6,1,0,12.644,1145.75
P094,29,190.6,1,0,13.469,1134.6
P094,30,190.6,1,0,12.891,1183.23
P094,31,190.6,1,0,14.421,1175.89
P094,32,190.6,1,0,13.571,1264.51
P094,33,190.6,1,0,13.426,1096.25
P094,34,190.6,1,0,15.921,1121.53
P094,35,190.6,1,0,14.472,1142.06
P094,36,190.6,1,0,15.318,1217.15
P094,37,190.6,1,0,12.588,1174.17
P094,38,190.6,1,1,16.841,1256.62
P094,39,190.6,1,0,13.513,1172.68
P094,40,190.6,1,0,13.625,1228.8
P095,01,200.1,0,0,13.372,1057.81
P095,02,200.1,0,0,11.737,950.39
P095,03,200.1,0,0,11.76,1048.83
P095,04,200.1,0,0,11.941,979.49
P095,05,200.1,0,0,12.26,990.35
P095,06,200.1,0,1,12.05,1058.39
P095,07,200.1,0,0,12.233,999.15
P095,08,200.1,0,1,13.666,932.09
P095,09,200.1,0,0,12.816,1179.27
P095,10,200.1,0,0,12.248,1046.29
P095,11,200.1,0,0,12.191,1030.63
P095,12,200.1,0,0,11.944,1100.99
P095,13,200.1,0,0,11.819,1065.57
P095,14,200.1,0,0,12.893,1017.61
P095,15,200.1,0,0,11.357,948.92
P095,16,200.1,0,0,11.478,945.85
P095,17,200.1,0,0,11.949,1056.51
P095,18,200.1,0,0,11.279,1080.47
P095,19,200.1,0,0,11.472,1113.69
P095,20,200.1,0,0,10.601,1073.21
P095,21,200.1,0,0,12.244,1033.77
P095,22,200.1,0,0,11.69,1067.06
P095,23,200.1,0,1,14.082,994.17
P095,24,200.1,0,0,12.989,977.56
P095,25,200.1,0,0,13.933,1127.1
P095,26,200.1,0,0,10.878,931.06
P095,27,200.1,0,0,12.176,1068.48
P095,28,200.1,0,0,12.471,1088.84
P095,29,200.1,0,0,12.622,1144.69
P095,30,200.1,0,0,12.972,1074.37
P095,31,200.1,0,0,13.146,1033.92
P095,32,200.1,0,0,11.845,1038.3
P095,33,200.1,0,1,11.689,1031.17
P095,34,200.1,0,1,14.092,1148.62
P095,35,200.1,0,0,11.913,1080.79
P095,36,200.1,0,0,14.061,1231.83
P095,37,200.1,0,1,12.371,1113.88
P095,38,200.1,0,0,12.319,1167.49
P095,39,200.1,0,0,12.702,1155.74
P095,40,200.1,0,0,10.79,1168.65
P096,01,155.1,0,0,12.129,1123.52
P096,02,155.1,0,0,11.496,972.85
P096,03,155.1,0,0,11.797,898.56
P096,04,155.1,0,1,14.062,1089.82
P096,05,155.1,0,0,11.195,1096.08
P096,06,155.1,0,0,11.013,1128.17
P096,07,155.1,0,0,12.046,1031.84
P096,08,155.1,0,0,13.673,957.05
P096,09,155.1,0,0,12.833,1010.5
P096,10,155.1,0,0,12.081,1066.43
P096,11,155.1,0,1,13.202,1052.45
P096,12,155.1,0,0,12.295,1018.6
P096,13,155.1,0,1,14.228,1032.13
P096,14,155.1,0,0,13.898,1150.64
P096,15,155.1,0,0,12.058,1095.71
P096,16,155.1,0,0,11.121,1056.46
P096,17,155.1,0,0,12.889,990.71
P096,18,155.1,0,0,12.223,948.12
P096,19,155.1,0,0,12.411,1030.59
P096,20,155.1,0,0,11.928,967.66
P096,21,155.1,0,0,12.891,1166.57
P096,22,155.1,0,1,11.858,1030.54
P096,23,155.1,0,0,13.126,946.32
P096,24,155.1,0,0,11.755,1102.78
P096,25,155.1,0,0,12.537,1058.52
P096,26,155.1,0,0,12.481,1124.24
P096,27,155.1,0,0,12.609,928.0
P096,28,155.1,0,0,12.527,1045.31
P096,29,155.1,0,1,14.129,1133.46
P096,30,155.1,0,0,11.755,994.93
P096,31,155.1,0,0,13.804,1173.86
P096,32,155.1,0,0,12.58,1173.26
P096,33,155.1,0,0,13.454,1147.35
P096,34,155.1,0,0,14.337,1163.94
P096,35,155.1,0,0,11.628,1090.74
P096,36,155.1,0,0,13.879,1136.85
P096,37,155.1,0,0,13.476,1063.87
P096,38,155.1,0,0,13.054,1128.36
P096,39,155.1,0,0,13.014,1129.57
P096,40,155.1,0,0,13.743,1138.76
P097,01,118.0,1,0,13.793,1074.78
P097,02,118.0,1,0,12.956,1183.18
P097,03,118.0,1,0,11.491,937.08
P097,04,118.0,1,0,13.351,1112.29
P097,05,118.0,1,0,14.279,990.09
P097,06,118.0,1,0,14.574,1226.99
P097,07,118.0,1,0,12.681,1201.19
P097,08,118.0,1,0,13.197,1142.1
P097,09,118.0,1,0,14.386,1118.64
P097,10,118.0,1,0,13.049,1214.45
P097,11,118.0,1,0,12.516,984.96
P097,12,118.0,1,0,13.324,1145.47
P097,13,118.0,1,0,12.271,1121.86
P097,14,118.0,1,1,15.479,1193.69
P097,15,118.0,1,0,11.63,1114.1
P097,16,118.0,1,0,14.334,1051.18
P097,17,118.0,1,0,13.016,1103.63
P097,18,118.0,1,0,12.339,1243.78
P097,19,118.0,1,0,12.124,1059.68
P097,20,118.0,1,0,14.005,1165.77
P097,21,118.0,1,1,14.865,1158.79
P097,22,118.0,1,0,14.217,1145.53
P097,23,118.0,1,0,13.288,1139.39
P097,24,118.0,1,0,13.381,1148.49
P097,25,118.0,1,0,12.808,1072.42
P097,26,118.0,1,0,14.758,1054.95
P097,27,118.0,1,1,14.692,1169.93
P097,28,118.0,1,0,14.178,1212.07
P097,29,118.0,1,0,14.656,1240.83
P097,30,118.0,1,0,12.438,1051.31
P097,31,118.0,1,0,14.908,1144.17
P097,32,118.0,1,0,15.664,1154.74
P097,33,118.0,1,0,15.098,1120.45
P097,34,118.0,1,0,15.999,1185.46
P097,35,118.0,1,0,14.809,1167.61
P097,36,118.0,1,0,14.723,1069.68
P097,37,118.0,1,0,15.194,1165.97
P097,38,118.0,1,0,16.118,1212.24
P097,39,118.0,1,0,15.289,1199.24
P097,40,118.0,1,0,14.173,1303.03
P098,01,81.6,0,0,13.48,1082.32
P098,02,81.6,0,0,11.458,1019.92
P098,03,81.6,0,0,12.114,1045.03
P098,04,81.6,0,0,12.778,1193.55
P098,05,81.6,0,0,12.302,944.16
P098,06,81.6,0,0,11.476,1019.88
P098,07,81.6,0,0,11.543,1019.43
P098,08,81.6,0,0,12.918,1105.29
P098,09,81.6,0,1,13.013,1148.53
P098,10,81.6,0,0,12.747,1165.41
P098,11,81.6,0,0,12.316,1021.2
P098,12,81.6,0,0,11.426,1017.42
P098,13,81.6,0,0,11.549,1107.69
P098,14,81.6,0,0,15.003,1086.19
P098,15,81.6,0,0,11.546,1041.02
P098,16,81.6,0,0,12.037,957.51
P098,17,81.6,0,0,12.446,986.23
P098,18,81.6,0,0,11.498,1036.85
P098,19,81.6,0,0,12.674,1031.0
P098,20,81.6,0,0,13.035,893.73
P098,21,81.6,0,0,15.26,912.9
P098,22,81.6,0,0,14.861,1021.84
P098,23,81.6,0,0,15.411,1039.18
P098,24,81.6,0,0,14.426,895.7
P098,25,81.6,0,0,13.576,883.27
P098,26,81.6,0,0,15.53,967.81
P098,27,81.6,0,0,14.046,911.0
P098,28,81.6,0,0,15.826,981.92
P098,29,81.6,0,0,13.862,974.52
P098,30,81.6,0,0,14.146,1068.99
P098,31,81.6,0,0,13.907,1059.86
P098,32,81.6,0,0,14.405,997.0
P098,33,81.6,0,0,13.729,969.23
P098,34,81.6,0,0,13.832,925.78
P098,35,81.6,0,0,13.743,1057.34
P098,36,81.6,0,0,14.38,930.38
P098,37,81.6,0,0,13.415,1002.03
P098,38,81.6,0,0,15.542,998.78
P098,39,81.6,0,1,16.194,1024.84
P098,40,81.6,0,0,14.544,978.55
P099,01,89.5,0,0,13.066,988.87
P099,02,89.5,0,0,11.473,1021.78
P099,03,89.5,0,1,12.001,1036.38
P099,04,89.5,0,0,11.974,1110.54
P099,05,89.5,0,0,10.325,1049.63
P099,06,89.5,0,0,10.91,1135.75
P099,07,89.5,0,0,11.85,1052.75
P099,08,89.5,0,0,12.256,1089.08
P099,09,89.5,0,0,12.506,1040.03
P099,10,89.5,0,0,11.279,1095.01
P099,11,89.5,0,0,11.157,900.03
P099,12,89.5,0,0,12.617,1102.64
P099,13,89.5,0,0,13.656,1096.47
P099,14,89.5,0,0,12.503,997.13
P099,15,89.5,0,0,13.075,955.32
P099,16,89.5,0,0,12.697,1167.9
P099,17,89.5,0,0,10.454,1029.78
P099,18,89.5,0,0,12.378,1085.39
P099,19,89.5,0,0,12.342,1052.82
P099,20,89.5,0,0,12.594,789.42
P099,21,89.5,0,0,15.137,1052.17
P099,22,89.5,0,0,13.815,873.52
P099,23,89.5,0,0,13.801,922.9
P099,24,89.5,0,0,14.399,877.64
P099,25,89.5,0,1,14.496,820.93
P099,26,89.5,0,0,14.92,1025.61
P099,27,89.5,0,0,14.308,878.13
P099,28,89.5,0,1,16.367,1076.64
P099,29,89.5,0,0,15.546,1012.96
P099,30,89.5,0,0,12.096,1007.19
P099,31,89.5,0,0,14.365,926.09
P099,32,89.5,0,0,12.978,913.13
P099,33,89.5,0,0,13.062,892.35
P099,34,89.5,0,0,14.757,890.07
P099,35,89.5,0,0,12.62,935.87
P099,36,89.5,0,0,14.567,937.75
P099,37,89.5,0,0,13.592,936.24
P099,38,89.5,0,0,14.228,1038.63
P099,39,89.5,0,0,13.731,996.33
P099,40,89.5,0,0,14.512,967.42
P100,01,318.0,1,0,12.009,1083.97
P100,02,318.0,1,1,12.051,1024.75
P100,03,318.0,1,0,13.114,1138.42
P100,04,318.0,1,0,13.428,1249.68
P100,05,318.0,1,0,12.296,1110.1
P100,06,318.0,1,0,12.14,1009.08
P100,07,318.0,1,0,13.354,1085.75
P100,08,318.0,1,0,13.404,1119.33
P100,09,318.0,1,0,13.478,1033.48
P100,10,318.0,1,0,12.787,1107.21
P100,11,318.0,1,0,12.971,974.87
P100,12,318.0,1,0,13.528,994.75
P100,13,318.0,1,0,11.059,1124.7
P100,14,318.0,1,0,14.258,1172.01
P100,15,318.0,1,0,12.476,998.44
P100,16,318.0,1,0,11.327,1010.5
P100,17,318.0,1,1,12.426,1145.87
P100,18,318.0,1,0,13.113,966.76
P100,19,318.0,1,0,13.469,1185.81
P100,20,318.0,1,0,10.661,935.05
P100,21,318.0,1,0,12.104,1115.88
P100,22,318.0,1,1,11.81,1088.28
P100,23,318.0,1,0,12.117,1059.74
P100,24,318.0,1,0,12.431,1179.33
P100,25,318.0,1,0,12.451,1024.06
P100,26,318.0,1,0,14.001,1114.45
P100,27,318.0,1,1,14.413,1240.12
P100,28,318.0,1,0,13.986,1244.99
P100,29,318.0,1,0,14.039,1171.34
P100,30,318.0,1,0,14.095,971.39
P100,31,318.0,1,0,14.204,1203.87
P100,32,318.0,1,0,12.832,1092.18
P100,33,318.0,1,0,11.844,1106.27
P100,34,318.0,1,0,14.766,1229.79
P100,35,318.0,1,0,13.264,1176.75
P100,36,318.0,1,0,13.543,1182.84
P100,37,318.0,1,0,14.287,1149.93
P100,38,318.0,1,1,14.976,1179.33
P100,39,318.0,1,0,13.614,1106.21
P100,40,318.0,1,1,12.644,1186.27
P101,01,107.0,1,0,12.164,1026.82
P101,02,107.0,1,1,10.911,1044.69
P101,03,107.0,1,0,11.614,1135.03
P101,04,107.0,1,0,11.604,1008.36
P101,05,107.0,1,1,11.892,1047.47
P101,06,107.0,1,0,10.209,1116.13
P101,07,107.0,1,0,13.117,1084.02
P101,08,107.0,1,0,10.88,950.17
P101,09,107.0,1,0,11.529,982.55
P101,10,107.0,1,0,12.206,891.0
P101,11,107.0,1,0,11.185,1028.65
P101,12,107.0,1,0,12.727,1171.98
P101,13,107.0,1,0,11.565,1028.48
P101,14,107.0,1,0,13.607,1010.07
P101,15,107.0,1,0,11.21,1060.93
P101,16,107.0,1,0,13.295,1087.04
P101,17,107.0,1,0,9.187,1015.76
P101,18,107.0,1,1,13.851,1018.62
P101,19,107.0,1,0,12.501,987.93
P101,20,107.0,1,0,11.877,1018.73
P101,21,107.0,1,0,11.923,1032.99
P101,22,107.0,1,0,11.712,1052.86
P101,23,107.0,1,0,11.521,1085.93
P101,24,107.0,1,0,13.002,909.24
P101,25,107.0,1,1,11.736,906.59
P101,26,107.0,1,1,13.699,1083.68
P101,27,107.0,1,0,14.272,1179.44
P101,28,107.0,1,0,12.665,1139.55
P101,29,107.0,1,0,14.048,1163.66
P101,30,107.0,1,0,12.306,1013.96
P101,31,107.0,1,0,14.449,1148.38
P101,32,107.0,1,0,12.855,1209.75
P101,33,107.0,1,0,13.024,1079.96
P101,34,107.0,1,0,14.432,1103.27
P101,35,107.0,1,0,13.086,1063.71
P101,36,107.0,1,0,15.51,1155.69
P101,37,107.0,1,0,12.606,1212.78
P101,38,107.0,1,0,14.494,1241.39
P101,39,107.0,1,0,12.663,1169.88
P101,40,107.0,1,0,13.573,1117.66
P102,01,23.7,0,0,10.986,977.03
P102,02,23.7,0,0,9.913,953.75
P102,03,23.7,0,1,11.017,994.45
P102,04,23.7,0,0,11.154,1016.96
P102,05,23.7,0,0,10.73,938.37
P102,06,23.7,0,0,10.651,898.25
P102,07,23.7,0,0,11.398,951.67
P102,08,23.7,0,0,10.747,858.8
P102,09,23.7,0,0,11.44,985.54
P102,10,23.7,0,1,11.216,1025.02
P102,11,23.7,0,0,11.698,1099.24
P102,12,23.7,0,0,10.416,947.71
P102,13,23.7,0,0,12.001,1026.41
P102,14,23.7,0,0,11.057,1022.16
P102,15,23.7,0,0,10.608,906.41
P102,16,23.7,0,0,12.317,1048.84
P102,17,23.7,0,0,11.21,1017.61
P102,18,23.7,0,0,12.029,961.66
P102,19,23.7,0,1,11.925,1009.19
P102,20,23.7,0,0,11.965,912.25
P102,21,23.7,0,0,12.632,792.5
P102,22,23.7,0,0,11.4,809.11
P102,23,23.7,0,0,13.265,937.55
P102,24,23.7,0,1,12.461,857.35
P102,25,23.7,0,0,13.345,868.56
P102,26,23.7,0,0,14.063,1009.06
P102,27,23.7,0,0,13.367,954.27
P102,28,23.7,0,0,13.022,1001.29
P102,29,23.7,0,0,12.05,986.46
P102,30,23.7,0,0,12.451,714.57
P102,31,23.7,0,1,14.14,944.54
P102,32,23.7,0,0,12.836,737.35
P102,33,23.7,0,0,12.557,891.17
P102,34,23.7,0,0,13.659,1048.23
P102,35,23.7,0,0,13.169,931.02
P102,36,23.7,0,0,13.464,880.64
P102,37,23.7,0,0,12.218,940.03
P102,38,23.7,0,0,15.27,852.17
P102,39,23.7,0,0,14.191,981.74
P102,40,23.7,0,0,13.014,964.0
P103,01,73.9,0,0,12.592,1018.59
P103,02,73.9,0,1,12.485,1087.1
P103,03,73.9,0,0,13.944,1145.31
P103,04,73.9,0,0,13.357,1118.76
P103,05,73.9,0,0,12.928,1099.95
P103,06,73.9,0,0,13.446,1103.74
P103,07,73.9,0,0,12.748,1063.37
P103,08,73.9,0,1,14.71,1109.15
P103,09,73.9,0,0,12.249,951.67
P103,10,73.9,0,0,12.318,1072.36
P103,11,73.9,0,0,12.788,1047.34
P103,12,73.9,0,0,12.127,999.74
P103,13,73.9,0,0,13.616,1079.99
P103,14,73.9,0,0,14.103,1107.47
P103,15,73.9,0,0,11.086,1056.33
P103,16,73.9,0,0,12.054,1061.78
P103,17,73.9,0,1,12.276,1057.49
P103,18,73.9,0,0,13.109,993.16
P103,19,73.9,0,1,13.251,1190.39
P103,20,73.9,0,0,13.683,924.25
P103,21,73.9,0,0,14.653,917.98
P103,22,73.9,0,1,14.561,933.69
P103,23,73.9,0,0,15.48,1013.2
P103,24,73.9,0,0,14.232,791.71
P103,25,73.9,0,0,14.689,867.22
P103,26,73.9,0,0,15.045,1046.84
P103,27,73.9,0,0,13.639,981.08
P103,28,73.9,0,0,14.332,923.3
P103,29,73.9,0,0,14.959,892.29
P103,30,73.9,0,0,13.971,1014.48
P103,31,73.9,0,0,15.555,941.62
P103,32,73.9,0,0,15.657,998.57
P103,33,73.9,0,0,13.166,956.13
P103,34,73.9,0,0,14.776,1002.29
P103,35,73.9,0,0,13.812,941.25
P103,36,73.9,0,0,14.675,988.32
P103,37,73.9,0,0,15.282,852.12
P103,38,73.9,0,0,15.03,942.52
P103,39,73.9,0,0,13.434,1024.2
P103,40,73.9,0,0,14.294,1064.53
P104,01,143.1,0,0,11.877,1074.89
P104,02,143.1,0,0,13.769,1055.56
P104,03,143.1,0,0,12.438,1003.03
P104,04,143.1,0,0,13.853,1159.41
P104,05,143.1,0,0,12.631,1190.02
P104,06,143.1,0,0,14.142,1136.67
P104,07,143.1,0,1,13.135,1153.31
P104,08,143.1,0,0,14.221,1176.23
P104,09,143.1,0,0,13.973,991.5
P104,10,143.1,0,0,13.475,1030.77
P104,11,143.1,0,0,14.259,1167.25
P104,12,143.1,0,0,13.777,1125.8
P104,13,143.1,0,0,13.501,1042.03
P104,14,143.1,0,0,14.905,1132.17
P104,15,143.1,0,0,12.358,1114.89
P104,16,143.1,0,0,13.482,1205.94
P104,17,143.1,0,0,12.916,998.11
P104,18,143.1,0,0,13.866,1126.17
P104,19,143.1,0,0,13.122,1155.73
P104,20,143.1,0,0,11.133,1115.28
P104,21,143.1,0,0,14.895,1250.96
P104,22,143.1,0,0,12.627,1192.46
P104,23,143.1,0,0,12.964,1177.13
P104,24,143.1,0,0,12.64,947.98
P104,25,143.1,0,0,14.886,1099.72
P104,26,143.1,0,0,12.76,1046.7
P104,27,143.1,0,0,13.612,1102.63
P104,28,143.1,0,1,13.246,1150.31
P104,29,143.1,0,0,14.465,1179.17
P104,30,143.1,0,0,13.685,1084.64
P104,31,143.1,0,0,14.223,1203.43
P104,32,143.1,0,0,12.797,1073.25
P104,33,143.1,0,0,12.474,1103.02
P104,34,143.1,0,0,14.76,1187.3
P104,35,143.1,0,0,13.961,1140.12
P104,36,143.1,0,0,14.567,1197.56
P104,37,143.1,0,1,13.507,1067.78
P104,38,143.1,0,0,15.182,1319.95
P104,39,143.1,0,0,14.37,1201.61
P104,40,143.1,0,0,14.004,1076.29
P105,01,62.5,1,1,10.742,995.71
P105,02,62.5,1,0,11.852,938.99
P105,03,62.5,1,0,10.662,905.32
P105,04,62.5,1,0,11.505,929.08
P105,05,62.5,1,0,11.387,857.01
P105,06,62.5,1,0,12.098,1080.09
P105,07,62.5,1,0,11.392,975.23
P105,08,62.5,1,0,11.644,1005.21
P105,09,62.5,1,0,10.202,1027.72
P105,10,62.5,1,0,12.647,980.09
P105,11,62.5,1,0,12.416,1053.15
P105,12,62.5,1,0,11.493,1000.37
P105,13,62.5,1,0,12.616,1048.3
P105,14,62.5,1,0,11.628,1159.64
P105,15,62.5,1,0,10.971,1018.52
P105,16,62.5,1,0,9.782,983.86
P105,17,62.5,1,0,10.176,941.4
P105,18,62.5,1,0,11.958,1092.1
P105,19,62.5,1,0,12.409,953.39
P105,20,62.5,1,0,11.982,878.52
P105,21,62.5,1,0,12.872,943.41
P105,22,62.5,1,0,13.884,939.65
P105,23,62.5,1,0,13.924,952.94
P105,24,62.5,1,0,13.706,951.52
P105,25,62.5,1,0,12.794,901.77
P105,26,62.5,1,0,15.345,989.73
P105,27,62.5,1,0,15.058,988.02
P105,28,62.5,1,1,14.235,920.64
P105,29,62.5,1,0,15.003,952.76
P105,30,62.5,1,0,14.457,1024.39
P105,31,62.5,1,0,14.029,1119.96
P105,32,62.5,1,0,16.712,1066.39
P105,33,62.5,1,0,14.685,957.59
P105,34,62.5,1,0,15.836,1091.76
P105,35,62.5,1,0,15.516,984.94
P105,36,62.5,1,0,13.842,970.72
P105,37,62.5,1,0,15.547,1009.14
P105,38,62.5,1,1,17.195,1069.48
P105,39,62.5,1,1,15.058,1072.36
P105,40,62.5,1,0,15.044,997.07
P106,01,35.0,1,1,12.486,1072.35
P106,02,35.0,1,0,13.107,1096.98
P106,03,35.0,1,0,12.016,980.17
P106,04,35.0,1,1,14.578,1151.86
P106,05,35.0,1,0,10.626,1046.87
P106,06,35.0,1,0,13.11,1025.8
P106,07,35.0,1,0,12.953,1062.75
P106,08,35.0,1,0,10.991,981.35
P106,09,35.0,1,0,11.51,983.21
P106,10,35.0,1,0,13.228,1133.0
P106,11,35.0,1,1,13.326,1128.63
P106,12,35.0,1,0,13.196,1070.67
P106,13,35.0,1,0,12.668,1123.17
P106,14,35.0,1,0,13.413,1139.42
P106,15,35.0,1,0,13.375,1035.57
P106,16,35.0,1,0,13.286,1027.03
P106,17,35.0,1,0,13.981,1094.86
P106,18,35.0,1,0,14.058,1179.22
P106,19,35.0,1,0,13.062,1155.48
P106,20,35.0,1,0,14.27,898.19
P106,21,35.0,1,0,15.518,1227.39
P106,22,35.0,1,0,13.914,998.94
P106,23,35.0,1,0,14.572,990.61
P106,24,35.0,1,0,14.638,1027.79
P106,25,35.0,1,0,14.138,914.21
P106,26,35.0,1,0,16.208,1078.88
P106,27,35.0,1,0,14.942,1050.95
P106,28,35.0,1,0,16.508,1118.74
P106,29,35.0,1,1,17.707,1139.71
P106,30,35.0,1,0,15.644,1013.62
P106,31,35.0,1,0,16.869,1066.03
P106,32,35.0,1,0,14.689,1033.42
P106,33,35.0,1,0,16.252,980.05
P106,34,35.0,1,0,18.783,1120.67
P106,35,35.0,1,0,16.572,1173.44
P106,36,35.0,1,1,16.479,1121.67
P106,37,35.0,1,0,15.939,1028.87
P106,38,35.0,1,0,16.014,1141.2
P106,39,35.0,1,0,15.941,1009.1
P106,40,35.0,1,0,14.588,1078.6
P107,01,191.8,1,0,12.22,979.54
P107,02,191.8,1,0,13.942,1177.12
P107,03,191.8,1,0,11.407,1084.97
P107,04,191.8,1,0,12.471,1106.42
P107,05,191.8,1,1,11.094,1191.47
P107,06,191.8,1,0,12.079,1055.25
P107,07,191.8,1,0,12.283,1065.9
P107,08,191.8,1,0,11.402,860.04
P107,09,191.8,1,0,11.478,1012.28
P107,10,191.8,1,1,12.347,1002.19
P107,11,191.8,1,0,12.687,1100.18
P107,12,191.8,1,0,12.615,1028.31
P107,13,191.8,1,0,12.351,1014.37
P107,14,191.8,1,0,13.098,1121.26
P107,15,191.8,1,0,10.876,945.5
P107,16,191.8,1,0,12.783,1123.02
P107,17,191.8,1,0,10.053,835.98
P107,18,191.8,1,0,12.08,1044.51
P107,19,191.8,1,0,12.156,1085.38
P107,20,191.8,1,0,10.784,982.1
P107,21,191.8,1,0,12.116,936.89
P107,22,191.8,1,0,12.862,1048.22
P107,23,191.8,1,0,11.008,1076.3
P107,24,191.8,1,0,11.077,1176.58
P107,25,191.8,1,0,10.996,1011.23
P107,26,191.8,1,1,13.019,1103.97
P107,27,191.8,1,0,13.424,1156.49
P107,28,191.8,1,0,11.97,1130.47
P107,29,191.8,1,0,13.033,1133.07
P107,30,191.8,1,0,13.63,1083.74
P107,31,191.8,1,0,15.244,1136.56
P107,32,191.8,1,0,14.172,1032.77
P107,33,191.8,1,0,12.119,1105.44
P107,34,191.8,1,0,13.085,1087.72
P107,35,191.8,1,0,14.842,1141.51
P107,36,191.8,1,0,13.223,1256.6
P107,37,191.8,1,1,14.033,1064.32
P107,38,191.8,1,0,14.247,1196.3
P107,39,191.8,1,0,13.826,1229.18
P107,40,191.8,1,1,14.512,1128.92
P108,01,97.8,0,0,12.516,991.46
P108,02,97.8,0,1,13.429,1046.05
P108,03,97.8,0,0,11.879,1081.33
P108,04,97.8,0,0,12.672,1023.7
P108,05,97.8,0,0,13.448,1048.51
P108,06,97.8,0,1,14.02,1002.77
P108,07,97.8,0,0,13.723,1113.9
P108,08,97.8,0,0,11.629,1061.35
P108,09,97.8,0,0,11.984,998.32
P108,10,97.8,0,0,13.405,1103.38
P108,11,97.8,0,0,11.923,1003.19
P108,12,97.8,0,0,11.67,1038.5
P108,13,97.8,0,0,12.764,1142.66
P108,14,97.8,0,0,12.807,1079.61
P108,15,97.8,0,0,10.75,990.0
P108,16,97.8,0,0,12.255,1058.13
P108,17,97.8,0,0,12.829,1166.26
P108,18,97.8,0,0,14.173,1072.04
P108,19,97.8,0,0,12.901,1186.8
P108,20,97.8,0,0,13.612,941.33
P108,21,97.8,0,0,14.445,934.34
P108,22,97.8,0,0,14.171,904.57
P108,23,97.8,0,0,15.348,1076.14
P108,24,97.8,0,0,15.001,979.88
P108,25,97.8,0,0,14.331,1040.76
P108,26,97.8,0,1,14.861,1079.08
P108,27,97.8,0,0,14.673,919.43
P108,28,97.8,0,0,15.532,982.29
P108,29,97.8,0,0,15.144,989.53
P108,30,97.8,0,0,14.33,977.57
P108,31,97.8,0,0,14.896,1037.7
P108,32,97.8,0,0,14.391,1093.06
P108,33,97.8,0,0,14.665,1025.51
P108,34,97.8,0,1,16.684,1101.04
P108,35,97.8,0,0,14.648,948.72
P108,36,97.8,0,0,14.527,1042.34
P108,37,97.8,0,0,14.092,906.98
P108,38,97.8,0,0,14.007,962.35
P108,39,97.8,0,0,15.012,936.7
P108,40,97.8,0,0,14.632,950.18
P109,01,256.5,1,0,13.191,1073.74
P109,02,256.5,1,0,12.703,1124.26
P109,03,256.5,1,0,12.317,982.83
P109,04,256.5,1,0,12.84,1038.67
P109,05,256.5,1,0,12.722,1029.13
P109,06,256.5,1,0,13.821,1110.12
P109,07,256.5,1,0,12.168,1178.88
P109,08,256.5,1,0,12.608,958.71
P109,09,256.5,1,0,11.902,918.89
P109,10,256.5,1,0,12.168,1081.58
P109,11,256.5,1,0,12.267,1015.8
P109,12,256.5,1,0,12.534,1158.14
P109,13,256.5,1,0,12.549,1208.45
P109,14,256.5,1,0,14.076,1092.75
P109,15,256.5,1,0,11.77,1098.83
P109,16,256.5,1,0,12.126,1003.06
P109,17,256.5,1,0,11.892,908.81
P109,18,256.5,1,0,12.268,967.88
P109,19,256.5,1,0,12.743,1072.78
P109,20,256.5,1,0,11.568,1011.52
P109,21,256.5,1,0,13.623,1061.53
P109,22,256.5,1,0,13.434,1140.81
P109,23,256.5,1,0,13.33,1100.22
P109,24,256.5,1,0,12.823,1023.45
P109,25,256.5,1,0,12.115,1129.04
P109,26,256.5,1,0,13.379,1194.09
P109,27,256.5,1,1,14.526,1205.23
P109,28,256.5,1,0,13.329,1142.99
P109,29,256.5,1,0,14.802,1150.45
P109,30,256.5,1,0,12.72,1119.48
P109,31,256.5,1,0,14.161,1152.58
P109,32,256.5,1,0,12.928,1069.2
P109,33,256.5,1,0,13.121,1158.01
P109,34,256.5,1,1,15.52,1269.58
P109,35,256.5,1,1,15.951,1213.95
P109,36,256.5,1,0,14.681,1185.17
P109,37,256.5,1,0,13.865,1125.95
P109,38,256.5,1,1,14.233,1146.46
P109,39,256.5,1,0,13.74,1134.81
P109,40,256.5,1,0,14.29,1157.52
P110,01,245.9,1,0,12.093,967.04
P110,02,245.9,1,1,12.923,1051.5
P110,03,245.9,1,1,12.022,908.84
P110,04,245.9,1,1,13.734,1032.04
P110,05,245.9,1,0,12.078,1108.38
P110,06,245.9,1,0,11.273,1156.7
P110,07,245.9,1,0,9.759,962.65
P110,08,245.9,1,0,9.728,995.54
P110,09,245.9,1,0,11.582,1111.55
P110,10,245.9,1,0,10.262,803.08
P110,11,245.9,1,1,10.795,1040.37
P110,12,245.9,1,0,11.642,1083.49
P110,13,245.9,1,0,11.54,1109.6
P110,14,245.9,1,0,14.347,1118.42
P110,15,245.9,1,0,11.243,1110.3
P110,16,245.9,1,0,12.697,1086.2
P110,17,245.9,1,0,10.808,933.47
P110,18,245.9,1,0,12.727,1022.22
P110,19,245.9,1,0,11.939,1127.86
P110,20,245.9,1,0,12.04,1003.02
P110,21,245.9,1,0,11.771,1029.77
P110,22,245.9,1,0,12.095,995.6
P110,23,245.9,1,0,12.493,1062.01
P110,24,245.9,1,0,10.864,1074.47
P110,25,245.9,1,0,10.771,947.01
P110,26,245.9,1,0,12.953,1023.11
P110,27,245.9,1,1,13.638,1121.99
P110,28,245.9,1,0,13.619,1187.98
P110,29,245.9,1,0,12.903,1154.48
P110,30,245.9,1,0,12.123,1056.99
P110,31,245.9,1,1,11.911,1063.7
P110,32,245.9,1,0,13.562,1068.54
P110,33,245.9,1,0,12.587,1013.26
P110,34,245.9,1,0,13.394,1128.08
P110,35,245.9,1,0,12.878,1214.77
P110,36,245.9,1,0,13.615,1196.43
P110,37,245.9,1,0,12.931,1196.62
P110,38,245.9,1,1,13.43,1242.81
P110,39,245.9,1,1,14.964,1190.38
P110,40,245.9,1,0,12.863,1143.23
P111,01,77.0,0,0,13.225,1056.99
P111,02,77.0,0,0,12.663,1081.07
P111,03,77.0,0,0,11.544,1099.44
P111,04,77.0,0,0,12.216,984.11
P111,05,77.0,0,0,11.995,1087.34
P111,06,77.0,0,0,12.773,1057.66
P111,07,77.0,0,0,13.142,1049.0
P111,08,77.0,0,0,13.875,1118.82
P111,09,77.0,0,0,12.607,1020.13
P111,10,77.0,0,0,13.62,1081.85
P111,11,77.0,0,1,12.933,1145.4
P111,12,77.0,0,0,12.404,1098.46
P111,13,77.0,0,0,12.365,989.94
P111,14,77.0,0,0,14.416,1064.79
P111,15,77.0,0,1,14.017,1177.55
P111,16,77.0,0,1,12.155,1053.18
P111,17,77.0,0,0,12.035,1054.74
P111,18,77.0,0,0,12.209,1116.2
P111,19,77.0,0,0,11.652,1075.06
P111,20,77.0,0,0,13.034,1036.39
P111,21,77.0,0,0,14.573,955.66
P111,22,77.0,0,0,13.736,1024.5
P111,23,77.0,0,0,15.019,967.07
P111,24,77.0,0,1,15.128,1150.32
P111,25,77.0,0,0,13.774,1083.66
P111,26,77.0,0,0,14.537,1022.61
P111,27,77.0,0,0,14.712,920.51
P111,28,77.0,0,0,13.889,892.33
P111,29,77.0,0,0,15.501,1029.83
P111,30,77.0,0,0,14.901,964.83
P111,31,77.0,0,0,15.833,1015.89
P111,32,77.0,0,0,14.651,972.21
P111,33,77.0,0,0,13.578,906.56
P111,34,77.0,0,0,15.442,1082.1
P111,35,77.0,0,1,16.373,964.14
P111,36,77.0,0,1,15.157,957.67
P111,37,77.0,0,0,14.097,862.34
P111,38,77.0,0,0,14.313,977.22
P111,39,77.0,0,0,13.932,931.89
P111,40,77.0,0,0,14.828,961.86
P112,01,183.8,1,1,9.983,938.15
P112,02,183.8,1,1,13.419,1060.52
P112,03,183.8,1,0,11.937,1162.84
P112,04,183.8,1,0,12.906,1113.17
P112,05,183.8,1,0,10.483,1033.77
P112,06,183.8,1,0,11.402,1007.3
P112,07,183.8,1,0,11.103,1045.79
P112,08,183.8,1,0,11.612,909.79
P112,09,183.8,1,0,12.398,1009.69
P112,10,183.8,1,0,10.577,993.43
P112,11,183.8,1,0,12.849,939.15
P112,12,183.8,1,0,10.563,1059.95
P112,13,183.8,1,0,11.926,950.21
P112,14,183.8,1,0,12.678,1060.82
P112,15,183.8,1,0,11.855,1098.51
P112,16,183.8,1,0,13.386,1048.41
P112,17,183.8,1,0,11.176,1066.87
P112,18,183.8,1,0,12.1,1154.1
P112,19,183.8,1,0,10.437,971.98
P112,20,183.8,1,1,11.662,1163.15
P112,21,183.8,1,0,12.796,990.29
P112,22,183.8,1,0,10.333,968.56
P112,23,183.8,1,0,12.32,1080.92
P112,24,183.8,1,1,11.89,1123.41
P112,25,183.8,1,0,12.862,1045.91
P112,26,183.8,1,0,12.736,1131.85
P112,27,183.8,1,0,13.241,1126.0
P112,28,183.8,1,0,15.786,1121.33
P112,29,183.8,1,0,13.762,1152.67
P112,30,183.8,1,0,12.415,1127.51
P112,31,183.8,1,0,13.98,1111.47
P112,32,183.8,1,0,13.669,1213.13
P112,33,183.8,1,0,13.034,1192.57
P112,34,183.8,1,0,13.817,1156.9
P112,35,183.8,1,0,13.283,1179.62
P112,36,183.8,1,0,13.501,1121.9
P112,37,183.8,1,0,12.298,1042.07
P112,38,183.8,1,0,14.121,1166.12
P112,39,183.8,1,1,12.757,1207.97
P112,40,183.8,1,0,12.871,1188.41
P113,01,228.8,0,0,14.025,927.43
P113,02,228.8,0,0,13.015,1002.54
P113,03,228.8,0,0,13.201,1091.86
P113,04,228.8,0,0,12.633,1118.1
P113,05,228.8,0,0,11.822,1108.4
P113,06,228.8,0,0,11.598,1022.73
P113,07,228.8,0,1,13.701,1090.17
P113,08,228.8,0,0,12.875,1106.88
P113,09,228.8,0,0,12.804,1026.22
P113,10,228.8,0,0,12.009,918.43
P113,11,228.8,0,0,12.916,942.77
P113,12,228.8,0,0,13.618,1093.81
P113,13,228.8,0,0,12.963,1078.71
P113,14,228.8,0,0,13.268,1073.5
P113,15,228.8,0,0,10.764,949.03
P113,16,228.8,0,1,13.697,1114.04
P113,17,228.8,0,0,11.399,1063.04
P113,18,228.8,0,0,12.344,1167.61
P113,19,228.8,0,0,13.119,1053.59
P113,20,228.8,0,0,11.639,1080.63
P113,21,228.8,0,0,13.968,1161.19
P113,22,228.8,0,0,12.76,1117.26
P113,23,228.8,0,0,12.167,1005.13
P113,24,228.8,0,1,13.017,1021.93
P113,25,228.8,0,1,12.993,1083.72
P113,26,228.8,0,0,12.78,1069.83
P113,27,228.8,0,0,13.085,1104.37
P113,28,228.8,0,1,13.587,1063.64
P113,29,228.8,0,0,12.512,1121.78
P113,30,228.8,0,0,11.618,1223.91
P113,31,228.8,0,0,13.353,1114.3
P113,32,228.8,0,0,11.651,1035.09
P113,33,228.8,0,0,13.695,1032.86
P113,34,228.8,0,0,14.567,1064.46
P113,35,228.8,0,0,14.681,1145.21
P113,36,228.8,0,1,14.124,1226.62
P113,37,228.8,0,0,13.105,1087.31
P113,38,228.8,0,0,14.502,1140.1
P113,39,228.8,0,0,13.93,1099.92
P113,40,228.8,0,0,13.578,1189.81
P114,01,108.2,0,0,12.379,1081.1
P114,02,108.2,0,0,12.904,1123.38
P114,03,108.2,0,0,13.072,972.41
P114,04,108.2,0,0,13.2,1084.28
P114,05,108.2,0,0,12.514,1079.64
P114,06,108.2,0,0,13.338,1019.66
P114,07,108.2,0,1,13.641,1025.76
P114,08,108.2,0,0,12.703,1118.04
P114,09,108.2,0,0,13.316,1073.66
P114,10,108.2,0,0,11.746,993.03
P114,11,108.2,0,0,13.001,1073.45
P114,12,108.2,0,0,12.68,1110.42
P114,13,108.2,0,0,14.197,1176.55
P114,14,108.2,0,0,13.055,1061.16
P114,15,108.2,0,0,12.106,954.41
P114,16,108.2,0,1,12.253,961.86
P114,17,108.2,0,0,12.1,1163.39
P114,18,108.2,0,0,13.355,1176.46
P114,19,108.2,0,0,12.412,1129.09
P114,20,108.2,0,0,12.132,1150.14
P114,21,108.2,0,0,13.957,1104.66
P114,22,108.2,0,0,13.071,1011.91
P114,23,108.2,0,0,13.657,1094.41
P114,24,108.2,0,0,13.063,1088.5
P114,25,108.2,0,0,12.767,1020.69
P114,26,108.2,0,0,13.535,1060.13
P114,27,108.2,0,1,12.225,1148.24
P114,28,108.2,0,0,14.079,1094.93
P114,29,108.2,0,1,14.158,1119.1
P114,30,108.2,0,0,12.643,1065.07
P114,31,108.2,0,0,13.411,1177.73
P114,32,108.2,0,0,11.625,1084.24
P114,33,108.2,0,0,12.925,1163.17
P114,34,108.2,0,0,13.919,1061.26
P114,35,108.2,0,0,13.463,1016.0
P114,36,108.2,0,0,13.901,1025.83
P114,37,108.2,0,0,10.672,989.34
P114,38,108.2,0,0,13.377,1107.38
P114,39,108.2,0,0,13.277,1153.1
P114,40,108.2,0,0,12.582,1031.68
P115,01,52.4,0,0,12.301,969.99
P115,02,52.4,0,0,11.894,968.64
P115,03,52.4,0,0,12.003,1208.13
P115,04,52.4,0,0,13.111,1050.73
P115,05,52.4,0,0,11.979,941.76
P115,06,52.4,0,1,12.972,1093.56
P115,07,52.4,0,0,11.831,1142.44
P115,08,52.4,0,1,12.594,1018.66
P115,09,52.4,0,0,13.142,1121.48
P115,10,52.4,0,0,12.084,1097.44
P115,11,52.4,0,0,12.06,1066.67
P115,12,52.4,0,0,12.317,963.37
P115,13,52.4,0,0,12.602,1011.39
P115,14,52.4,0,0,12.928,1058.62
P115,15,52.4,0,0,11.45,839.96
P115,16,52.4,0,0,14.463,1132.91
P115,17,52.4,0,0,10.778,942.79
P115,18,52.4,0,1,12.22,1057.43
P115,19,52.4,0,0,11.364,1126.25
P115,20,52.4,0,1,14.22,920.22
P115,21,52.4,0,0,12.891,863.99
P115,22,52.4,0,0,12.183,885.24
P115,23,52.4,0,0,14.344,936.33
P115,24,52.4,0,0,14.724,1071.41
P115,25,52.4,0,0,15.674,949.37
P115,26,52.4,0,0,14.906,990.57
P115,27,52.4,0,1,14.792,998.78
P115,28,52.4,0,0,14.286,962.75
P115,29,52.4,0,0,14.762,868.67
P115,30,52.4,0,0,13.201,835.65
P115,31,52.4,0,0,14.36,896.34
P115,32,52.4,0,0,14.023,859.87
P115,33,52.4,0,0,14.537,1001.6
P115,34,52.4,0,0,15.284,1046.06
P115,35,52.4,0,0,14.615,949.97
P115,36,52.4,0,0,14.82,878.05
P115,37,52.4,0,0,15.759,1049.13
P115,38,52.4,0,0,16.545,1091.82
P115,39,52.4,0,0,14.289,861.09
P115,40,52.4,0,0,13.46,1011.03
P116,01,292.8,1,0,11.176,1066.1
P116,02,292.8,1,1,12.465,982.65
P116,03,292.8,1,0,11.161,971.16
P116,04,292.8,1,0,13.115,1158.35
P116,05,292.8,1,0,11.003,1025.45
P116,06,292.8,1,0,12.05,1032.82
P116,07,292.8,1,1,12.515,1164.22
P116,08,292.8,1,0,12.223,1050.69
P116,09,292.8,1,0,12.7,1030.97
P116,10,292.8,1,0,11.993,1021.22
P116,11,292.8,1,0,12.81,1104.67
P116,12,292.8,1,0,10.897,1089.14
P116,13,292.8,1,0,13.213,1077.0
P116,14,292.8,1,0,10.466,1096.27
P116,15,292.8,1,0,12.468,1098.7
P116,16,292.8,1,0,13.741,1186.33
P116,17,292.8,1,0,12.046,1074.78
P116,18,292.8,1,0,13.209,1102.3
P116,19,292.8,1,0,12.135,934.89
P116,20,292.8,1,0,12.792,1086.71
P116,21,292.8,1,0,10.908,938.98
P116,22,292.8,1,1,12.706,1066.92
P116,23,292.8,1,0,12.274,986.84
P116,24,292.8,1,0,11.719,1046.82
P116,25,292.8,1,0,11.773,989.7
P116,26,292.8,1,0,12.582,1069.65
P116,27,292.8,1,0,11.485,1201.51
P116,28,292.8,1,0,12.569,1226.11
P116,29,292.8,1,0,13.802,1244.68
P116,30,292.8,1,0,14.084,1193.58
P116,31,292.8,1,0,13.555,1124.55
P116,32,292.8,1,0,12.829,1255.81
P116,33,292.8,1,0,12.226,1130.31
P116,34,292.8,1,1,14.295,1140.19
P116,35,292.8,1,0,13.211,1129.43
P116,36,292.8,1,0,14.062,1032.2
P116,37,292.8,1,0,14.348,1075.82
P116,38,292.8,1,0,13.069,1187.49
P116,39,292.8,1,0,13.077,1204.4
P116,40,292.8,1,0,11.591,991.44
P117,01,127.6,0,0,11.852,1108.37
P117,02,127.6,0,0,12.324,1061.89
P117,03,127.6,0,0,12.067,1079.53
P117,04,127.6,0,0,11.629,1010.34
P117,05,127.6,0,0,12.018,999.32
P117,06,127.6,0,0,11.783,950.02
P117,07,127.6,0,0,12.479,1053.52
P117,08,127.6,0,0,11.967,1071.1
P117,09,127.6,0,0,13.27,1137.35
P117,10,127.6,0,0,12.848,1100.0
P117,11,127.6,0,0,12.872,1193.61
P117,12,127.6,0,0,11.092,979.09
P117,13,127.6,0,1,13.066,1101.32
P117,14,127.6,0,0,11.347,1032.61
P117,15,127.6,0,0,12.992,1002.47
P117,16,127.6,0,0,11.038,1126.37
P117,17,127.6,0,1,12.147,1058.14
P117,18,127.6,0,0,14.17,1154.01
P117,19,127.6,0,0,13.42,955.13
P117,20,127.6,0,0,11.8,964.65
P117,21,127.6,0,0,13.013,1083.32
P117,22,127.6,0,1,12.861,994.87
P117,23,127.6,0,0,14.145,1081.79
P117,24,127.6,0,0,13.01,1050.12
P117,25,127.6,0,0,11.905,1058.48
P117,26,127.6,0,0,11.94,964.8
P117,27,127.6,0,0,13.074,1072.73
P117,28,127.6,0,0,14.539,1194.57
P117,29,127.6,0,1,13.174,1098.55
P117,30,127.6,0,0,12.222,1065.78
P117,31,127.6,0,0,12.166,1000.95
P117,32,127.6,0,0,11.134,1049.63
P117,33,127.6,0,0,12.593,947.03
P117,34,127.6,0,0,13.453,1175.97
P117,35,127.6,0,0,13.712,1106.59
P117,36,127.6,0,0,14.322,1020.53
P117,37,127.6,0,0,10.927,933.92
P117,38,127.6,0,0,13.139,1133.12
P117,39,127.6,0,1,13.168,1204.28
P117,40,127.6,0,1,12.634,1069.43
P118,01,191.7,0,0,11.966,1092.2
P118,02,191.7,0,0,12.58,1075.78
P118,03,191.7,0,0,10.577,972.02
P118,04,191.7,0,0,10.613,1047.57
P118,05,191.7,0,0,11.627,970.47
P118,06,191.7,0,0,11.684,973.09
P118,07,191.7,0,0,11.258,1075.92
P118,08,191.7,0,0,12.269,1117.92
P118,09,191.7,0,0,10.865,1022.46
P118,10,191.7,0,1,12.584,961.57
P118,11,191.7,0,0,11.39,982.11
P118,12,191.7,0,0,12.216,1112.4
P118,13,191.7,0,0,12.043,1100.85
P118,14,191.7,0,0,12.729,1007.33
P118,15,191.7,0,0,12.454,1102.82
P118,16,191.7,0,0,11.229,1064.97
P118,17,191.7,0,1,11.36,1013.55
P118,18,191.7,0,1,12.627,1155.67
P118,19,191.7,0,0,10.959,895.14
P118,20,191.7,0,0,12.254,1081.7
P118,21,191.7,0,0,11.815,1002.61
P118,22,191.7,0,0,11.911,1036.85
P118,23,191.7,0,0,12.014,1025.82
P118,24,191.7,0,0,11.145,1094.53
P118,25,191.7,0,0,11.575,1097.68
P118,26,191.7,0,0,12.61,854.04
P118,27,191.7,0,0,11.321,1001.74
P118,28,191.7,0,0,11.82,1000.6
P118,29,191.7,0,0,12.115,1104.16
P118,30,191.7,0,0,11.649,948.55
P118,31,191.7,0,0,12.613,1145.06
P118,32,191.7,0,1,12.255,956.69
P118,33,191.7,0,0,11.904,1101.59
P118,34,191.7,0,0,13.241,1066.46
P118,35,191.7,0,0,11.008,1043.65
P118,36,191.7,0,0,12.03,1196.08
P118,37,191.7,0,0,11.917,1019.95
P118,38,191.7,0,0,13.743,1032.69
P118,39,191.7,0,0,12.68,999.83
P118,40,191.7,0,0,11.999,991.84
P119,01,236.1,0,0,10.388,864.26
P119,02,236.1,0,0,10.378,995.57
P119,03,236.1,0,0,10.527,864.78
P119,04,236.1,0,0,10.668,1033.8
P119,05,236.1,0,0,10.248,997.29
P119,06,236.1,0,0,9.98,1015.08
P119,07,236.1,0,0,11.058,810.78
P119,08,236.1,0,0,11.145,960.44
P119,09,236.1,0,0,10.57,1036.57
P119,10,236.1,0,0,11.584,1053.19
P119,11,236.1,0,0,11.949,876.52
P119,12,236.1,0,0,10.017,971.54
P119,13,236.1,0,0,11.826,1003.94
P119,14,236.1,0,0,10.876,1036.67
P119,15,236.1,0,0,10.256,1015.82
P119,16,236.1,0,0,10.552,931.96
P119,17,236.1,0,0,10.997,907.16
P119,18,236.1,0,0,11.958,1029.91
P119,19,236.1,0,0,10.067,983.2
P119,20,236.1,0,0,11.27,920.72
P119,21,236.1,0,0,10.458,1001.1
P119,22,236.1,0,0,10.469,953.77
P119,23,236.1,0,0,11.66,1105.85
P119,24,236.1,0,0,11.535,1132.35
P119,25,236.1,0,0,11.008,950.68
P119,26,236.1,0,0,10.416,1005.98
P119,27,236.1,0,0,11.565,981.65
P119,28,236.1,0,0,9.747,861.0
P119,29,236.1,0,0,12.003,1078.95
P119,30,236.1,0,0,10.808,1077.16
P119,31,236.1,0,0,11.25,981.7
P119,32,236.1,0,0,9.206,989.34
P119,33,236.1,0,0,10.112,998.43
P119,34,236.1,0,0,11.021,999.11
P119,35,236.1,0,0,10.335,1053.9
P119,36,236.1,0,0,11.175,892.9
P119,37,236.1,0,0,10.24,974.33
P119,38,236.1,0,0,12.482,1159.12
P119,39,236.1,0,1,10.73,1040.59
P119,40,236.1,0,0,10.426,994.96
P120,01,182.6,0,0,11.343,1002.88
P120,02,182.6,0,0,10.743,1033.85
P120,03,182.6,0,1,12.353,1076.37
P120,04,182.6,0,1,13.561,1128.91
P120,05,182.6,0,0,11.416,958.07
P120,06,182.6,0,0,10.387,989.43
P120,07,182.6,0,0,11.945,977.81
P120,08,182.6,0,0,12.414,964.77
P120,09,182.6,0,0,11.486,1040.74
P120,10,182.6,0,1,12.815,1057.69
P120,11,182.6,0,1,13.33,985.6
P120,12,182.6,0,0,11.734,1051.15
P120,13,182.6,0,0,12.629,1025.56
P120,14,182.6,0,0,14.205,1069.73
P120,15,182.6,0,0,12.231,1121.9
P120,16,182.6,0,0,12.866,1031.42
P120,17,182.6,0,0,12.345,1039.42
P120,18,182.6,0,0,11.979,1063.05
P120,19,182.6,0,0,12.056,1018.01
P120,20,182.6,0,1,12.674,1226.42
P120,21,182.6,0,0,12.491,1083.64
P120,22,182.6,0,0,13.178,1071.26
P120,23,182.6,0,0,12.463,1015.91
P120,24,182.6,0,1,12.618,1147.68
P120,25,182.6,0,0,12.066,941.63
P120,26,182.6,0,0,13.29,1167.71
P120,27,182.6,0,0,12.478,1115.4
P120,28,182.6,0,0,13.053,1137.72
P120,29,182.6,0,0,12.721,1086.37
P120,30,182.6,0,0,13.21,985.35
P120,31,182.6,0,0,12.788,1152.9
P120,32,182.6,0,0,13.212,996.1
P120,33,182.6,0,0,12.06,1119.39
P120,34,182.6,0,1,16.243,1370.07
P120,35,182.6,0,0,12.874,1126.79
P120,36,182.6,0,0,13.026,1095.53
P120,37,182.6,0,0,11.664,1056.81
P120,38,182.6,0,0,14.041,1078.62
P120,39,182.6,0,0,12.635,1065.85
P120,40,182.6,0,0,12.68,1055.27
P121,01,31.6,0,1,11.243,923.42
P121,02,31.6,0,0,11.659,1061.81
P121,03,31.6,0,0,12.23,1202.95
P121,04,31.6,0,1,12.899,1025.71
P121,05,31.6,0,0,12.634,1178.03
P121,06,31.6,0,0,11.291,1094.7
P121,07,31.6,0,0,12.152,1017.07
P121,08,31.6,0,0,10.71,1128.1
P121,09,31.6,0,0,11.518,997.87
P121,10,31.6,0,1,11.189,1005.29
P121,11,31.6,0,0,12.447,1050.89
P121,12,31.6,0,0,12.87,1095.87
P121,13,31.6,0,0,12.805,1102.89
P121,14,31.6,0,0,13.353,1066.31
P121,15,31.6,0,0,12.771,996.37
P121,16,31.6,0,0,12.749,1156.06
P121,17,31.6,0,0,13.728,1028.21
P121,18,31.6,0,0,12.454,992.68
P121,19,31.6,0,1,11.559,866.89
P121,20,31.6,0,0,12.106,882.86
P121,21,31.6,0,0,13.654,978.55
P121,22,31.6,0,1,13.8,888.99
P121,23,31.6,0,0,13.925,915.4
P121,24,31.6,0,0,14.049,1046.7
P121,25,31.6,0,0,14.498,998.42
P121,26,31.6,0,0,13.627,818.75
P121,27,31.6,0,0,15.47,947.5
P121,28,31.6,0,1,14.822,994.11
P121,29,31.6,0,0,14.758,1081.68
P121,30,31.6,0,0,13.869,934.88
P121,31,31.6,0,0,14.996,925.24
P121,32,31.6,0,1,14.729,843.65
P121,33,31.6,0,0,14.156,947.79
P121,34,31.6,0,0,17.305,1117.67
P121,35,31.6,0,1,16.614,1023.24
P121,36,31.6,0,0,14.604,867.3
P121,37,31.6,0,0,13.63,925.08
P121,38,31.6,0,0,15.31,948.07
P121,39,31.6,0,0,15.795,1041.08
P121,40,31.6,0,1,15.142,918.61
P122,01,90.5,1,0,14.396,1052.54
P122,02,90.5,1,0,12.231,1138.62
P122,03,90.5,1,0,11.548,1018.65
P122,04,90.5,1,0,12.469,1099.49
P122,05,90.5,1,0,11.088,918.62
P122,06,90.5,1,1,12.361,1124.22
P122,07,90.5,1,0,13.617,1127.64
P122,08,90.5,1,0,12.893,1111.77
P122,09,90.5,1,0,12.269,1165.85
P122,10,90.5,1,0,11.861,1107.81
P122,11,90.5,1,0,12.273,1020.3
P122,12,90.5,1,0,13.194,1116.09
P122,13,90.5,1,0,12.888,1024.6
P122,14,90.5,1,0,13.127,1131.92
P122,15,90.5,1,0,11.052,927.84
P122,16,90.5,1,0,12.52,985.9
P122,17,90.5,1,1,12.371,1108.82
P122,18,90.5,1,0,13.797,1052.04
P122,19,90.5,1,0,12.192,1025.5
P122,20,90.5,1,0,13.424,839.24
P122,21,90.5,1,0,13.76,1084.17
P122,22,90.5,1,0,14.302,922.58
P122,23,90.5,1,0,15.554,1030.92
P122,24,90.5,1,0,13.221,1061.97
P122,25,90.5,1,0,14.662,988.13
P122,26,90.5,1,0,15.891,1091.62
P122,27,90.5,1,0,15.896,1184.91
P122,28,90.5,1,0,16.757,983.6
P122,29,90.5,1,0,15.535,986.72
P122,30,90.5,1,0,17.074,1097.94
P122,31,90.5,1,0,17.466,1074.71
P122,32,90.5,1,0,15.051,1085.75
P122,33,90.5,1,0,15.627,997.48
P122,34,90.5,1,0,15.454,1037.61
P122,35,90.5,1,0,16.48,1012.27
P122,36,90.5,1,0,15.201,1060.29
P122,37,90.5,1,0,14.013,1012.04
P122,38,90.5,1,0,17.255,1171.35
P122,39,90.5,1,0,16.438,1145.53
P122,40,90.5,1,0,14.96,1099.11
P123,01,287.3,0,0,10.273,972.15
P123,02,287.3,0,1,12.857,1043.07
P123,03,287.3,0,0,11.906,979.71
P123,04,287.3,0,0,10.97,982.56
P123,05,287.3,0,0,10.716,915.28
P123,06,287.3,0,1,12.9,1170.63
P123,07,287.3,0,0,11.307,1081.46
P123,08,287.3,0,1,11.889,999.72
P123,09,287.3,0,0,12.432,954.65
P123,10,287.3,0,0,11.751,979.6
P123,11,287.3,0,0,11.166,958.37
P123,12,287.3,0,0,12.436,940.19
P123,13,287.3,0,0,11.601,986.31
P123,14,287.3,0,0,12.137,984.66
P123,15,287.3,0,0,12.214,1143.95
P123,16,287.3,0,0,12.113,995.79
P123,17,287.3,0,0,10.21,1035.71
P123,18,287.3,0,0,13.238,1099.4
P123,19,287.3,0,0,10.955,976.58
P123,20,287.3,0,0,10.446,931.22
P123,21,287.3,0,0,11.929,1020.87
P123,22,287.3,0,1,12.167,1086.42
P123,23,287.3,0,1,14.692,1174.75
P123,24,287.3,0,0,12.112,1081.63
P123,25,287.3,0,0,12.962,1061.83
P123,26,287.3,0,0,12.262,908.69
P123,27,287.3,0,0,12.278,940.81
P123,28,287.3,0,0,12.097,1080.3
P123,29,287.3,0,0,11.743,1006.17
P123,30,287.3,0,0,10.419,979.32
P123,31,287.3,0,0,13.003,1091.67
P123,32,287.3,0,0,10.717,1069.84
P123,33,287.3,0,0,12.317,993.61
P123,34,287.3,0,0,12.737,1167.95
P123,35,287.3,0,0,13.143,1022.48
P123,36,287.3,0,0,12.305,1172.14
P123,37,287.3,0,0,10.569,1078.84
P123,38,287.3,0,0,13.19,1104.06
P123,39,287.3,0,0,12.843,1085.87
P123,40,287.3,0,1,11.616,998.57
P124,01,261.9,1,0,10.147,960.54
P124,02,261.9,1,0,9.9,934.34
P124,03,261.9,1,0,10.374,1023.65
P124,04,261.9,1,0,11.023,939.17
P124,05,261.9,1,0,11.531,1051.76
P124,06,261.9,1,0,10.909,909.62
P124,07,261.9,1,0,11.602,1037.17
P124,08,261.9,1,0,9.926,1023.69
P124,09,261.9,1,0,9.816,849.99
P124,10,261.9,1,0,11.204,998.81
P124,11,261.9,1,0,12.226,1196.19
P124,12,261.9,1,0,11.533,1032.88
P124,13,261.9,1,1,11.124,1000.92
P124,14,261.9,1,0,12.335,992.48
P124,15,261.9,1,1,10.153,964.4
P124,16,261.9,1,0,11.496,963.98
P124,17,261.9,1,1,10.311,905.66
P124,18,261.9,1,0,12.389,998.57
P124,19,261.9,1,1,12.345,1070.94
P124,20,261.9,1,0,10.562,1095.0
P124,21,261.9,1,0,10.164,1141.93
P124,22,261.9,1,1,11.438,1071.73
P124,23,261.9,1,0,11.088,1060.63
P124,24,261.9,1,0,11.054,1021.8
P124,25,261.9,1,0,11.394,911.63
P124,26,261.9,1,0,12.278,1091.23
P124,27,261.9,1,0,12.967,1081.93
P124,28,261.9,1,0,11.704,1150.94
P124,29,261.9,1,0,11.739,1068.95
P124,30,261.9,1,0,12.215,1018.65
P124,31,261.9,1,1,12.329,1062.79
P124,32,261.9,1,0,11.651,1062.97
P124,33,261.9,1,0,12.061,1185.27
P124,34,261.9,1,1,14.861,1176.41
P124,35,261.9,1,0,12.345,1182.45
P124,36,261.9,1,0,13.116,1080.31
P124,37,261.9,1,0,12.178,1050.95
P124,38,261.9,1,0,11.22,1137.77
P124,39,261.9,1,0,14.368,1144.82
P124,40,261.9,1,0,14.068,1090.52
P125,01,82.6,0,0,11.526,1072.4
P125,02,82.6,0,0,11.003,972.91
P125,03,82.6,0,0,11.411,1089.14
P125,04,82.6,0,0,12.096,1010.82
P125,05,82.6,0,0,11.435,1202.6
P125,06,82.6,0,0,12.194,1034.07
P125,07,82.6,0,0,11.592,956.96
P125,08,82.6,0,0,11.948,1101.36
P125,09,82.6,0,0,11.342,1088.34
P125,10,82.6,0,0,12.212,1026.31
P125,11,82.6,0,1,11.817,984.25
P125,12,82.6,0,0,12.254,1065.75
P125,13,82.6,0,1,12.597,1163.8
P125,14,82.6,0,0,13.459,997.73
P125,15,82.6,0,0,11.874,926.84
P125,16,82.6,0,0,12.486,1156.49
P125,17,82.6,0,0,11.432,1051.25
P125,18,82.6,0,1,13.602,1166.06
P125,19,82.6,0,0,11.435,1164.49
P125,20,82.6,0,0,13.978,824.15
P125,21,82.6,0,0,13.569,986.74
P125,22,82.6,0,0,13.33,979.72
P125,23,82.6,0,0,14.607,931.44
P125,24,82.6,0,0,14.251,934.05
P125,25,82.6,0,0,12.729,862.79
P125,26,82.6,0,0,13.717,981.72
P125,27,82.6,0,0,14.029,1024.67
P125,28,82.6,0,1,14.174,1007.81
P125,29,82.6,0,0,14.044,912.05
P125,30,82.6,0,0,14.8,1061.7
P125,31,82.6,0,1,14.772,993.08
P125,32,82.6,0,0,12.479,807.64
P125,33,82.6,0,1,14.613,976.08
P125,34,82.6,0,0,17.077,1066.84
P125,35,82.6,0,0,13.266,936.97
P125,36,82.6,0,0,14.005,996.07
P125,37,82.6,0,1,16.081,1008.82
P125,38,82.6,0,0,16.077,955.66
P125,39,82.6,0,0,15.718,922.84
P125,40,82.6,0,0,14.387,919.62
P126,01,251.9,0,0,12.493,1125.86
P126,02,251.9,0,0,13.54,1037.76
P126,03,251.9,0,0,12.254,1051.29
P126,04,251.9,0,0,10.379,982.55
P126,05,251.9,0,0,13.103,1033.65
P126,06,251.9,0,0,11.853,1066.1
P126,07,251.9,0,1,13.123,1108.82
P126,08,251.9,0,1,14.108,940.47
P126,09,251.9,0,1,13.408,1131.17
P126,10,251.9,0,0,12.857,1101.21
P126,11,251.9,0,0,12.114,891.0
P126,12,251.9,0,0,14.003,977.48
P126,13,251.9,0,0,11.35,1037.43
P126,14,251.9,0,0,14.064,1070.44
P126,15,251.9,0,0,11.11,985.69
P126,16,251.9,0,0,11.849,998.84
P126,17,251.9,0,1,12.265,1063.33
P126,18,251.9,0,0,12.619,1095.82
P126,19,251.9,0,0,11.46,1061.44
P126,20,251.9,0,0,11.106,908.09
P126,21,251.9,0,0,13.928,1050.65
P126,22,251.9,0,0,13.047,987.74
P126,23,251.9,0,0,14.025,1190.02
P126,24,251.9,0,0,12.551,1192.0
P126,25,251.9,0,0,11.224,1078.82
P126,26,251.9,0,0,12.414,1087.25
P126,27,251.9,0,0,12.613,972.37
P126,28,251.9,0,0,15.036,1088.32
P126,29,251.9,0,0,12.523,911.19
P126,30,251.9,0,0,12.406,1061.23
P126,31,251.9,0,1,12.944,1155.81
P126,32,251.9,0,0,13.778,1051.15
P126,33,251.9,0,0,12.095,1004.0
P126,34,251.9,0,0,12.728,1065.68
P126,35,251.9,0,0,14.221,1138.84
P126,36,251.9,0,0,13.036,1089.36
P126,37,251.9,0,0,12.008,1098.75
P126,38,251.9,0,0,13.859,1154.68
P126,39,251.9,0,0,14.087,1074.77
P126,40,251.9,0,1,13.475,993.24
P127,01,52.2,0,1,11.028,1135.4
P127,02,52.2,0,0,12.052,1118.84
P127,03,52.2,0,0,10.983,1003.37
P127,04,52.2,0,0,11.969,1021.17
P127,05,52.2,0,0,10.952,989.45
P127,06,52.2,0,0,11.674,1013.85
P127,07,52.2,0,0,11.331,1077.82
P127,08,52.2,0,0,11.659,1008.97
P127,09,52.2,0,0,12.523,995.56
P127,10,52.2,0,0,9.271,864.06
P127,11,52.2,0,0,10.675,1047.89
P127,12,52.2,0,1,10.604,929.24
P127,13,52.2,0,0,11.188,922.03
P127,14,52.2,0,0,11.81,1170.57
P127,15,52.2,0,0,10.121,937.55
P127,16,52.2,0,0,10.612,976.87
P127,17,52.2,0,0,10.952,974.24
P127,18,52.2,0,0,10.049,953.87
P127,19,52.2,0,0,11.462,990.43
P127,20,52.2,0,1,11.128,749.63
P127,21,52.2,0,0,11.864,949.02
P127,22,52.2,0,0,12.14,797.18
P127,23,52.2,0,0,13.66,1015.23
P127,24,52.2,0,0,12.841,956.94
P127,25,52.2,0,0,14.756,998.51
P127,26,52.2,0,0,13.387,936.19
P127,27,52.2,0,0,15.823,1011.48
P127,28,52.2,0,0,13.824,903.96
P127,29,52.2,0,0,12.732,938.76
P127,30,52.2,0,0,12.621,899.37
P127,31,52.2,0,0,15.224,1037.4
P127,32,52.2,0,0,13.418,869.85
P127,33,52.2,0,0,14.433,904.99
P127,34,52.2,0,0,14.693,934.71
P127,35,52.2,0,0,13.697,903.23
P127,36,52.2,0,0,12.465,803.34
P127,37,52.2,0,1,14.106,989.48
P127,38,52.2,0,0,14.751,929.81
P127,39,52.2,0,0,14.016,945.14
P127,40,52.2,0,0,12.911,886.32
P128,01,285.8,0,0,12.677,1124.31
P128,02,285.8,0,1,12.253,1049.11
P128,03,285.8,0,0,12.89,1153.09
P128,04,285.8,0,0,12.886,1140.15
P128,05,285.8,0,0,13.158,1180.56
P128,06,285.8,0,0,12.456,1009.31
P128,07,285.8,0,0,13.386,1065.92
P128,08,285.8,0,0,12.426,1147.31
P128,09,285.8,0,0,13.887,1002.45
P128,10,285.8,0,0,13.483,995.22
P128,11,285.8,0,0,11.963,980.55
P128,12,285.8,0,1,14.459,1070.37
P128,13,285.8,0,0,13.926,1122.21
P128,14,285.8,0,0,14.229,1150.65
P128,15,285.8,0,0,11.972,981.6
P128,16,285.8,0,0,13.008,1020.03
P128,17,285.8,0,0,13.014,1000.54
P128,18,285.8,0,0,12.978,1062.67
P128,19,285.8,0,0,12.805,969.12
P128,20,285.8,0,0,12.281,1084.62
P128,21,285.8,0,0,14.894,1092.21
P128,22,285.8,0,0,13.513,962.66
P128,23,285.8,0,0,13.172,1096.13
P128,24,285.8,0,0,12.135,1012.54
P128,25,285.8,0,0,12.462,1154.62
P128,26,285.8,0,0,13.526,1196.59
P128,27,285.8,0,0,13.439,1139.56
P128,28,285.8,0,0,13.58,1176.86
P128,29,285.8,0,0,12.371,1116.88
P128,30,285.8,0,0,13.778,1187.82
P128,31,285.8,0,0,12.545,1100.9
P128,32,285.8,0,0,12.932,1026.41
P128,33,285.8,0,0,13.297,1119.35
P128,34,285.8,0,0,13.834,1076.33
P128,35,285.8,0,0,13.105,1000.66
P128,36,285.8,0,0,13.821,1122.62
P128,37,285.8,0,0,12.635,1036.68
P128,38,285.8,0,0,14.676,1144.88
P128,39,285.8,0,0,13.945,1087.56
P128,40,285.8,0,0,13.964,1093.87
P129,01,314.3,1,0,10.649,985.49
P129,02,314.3,1,0,11.577,944.34
P129,03,314.3,1,0,11.322,905.27
P129,04,314.3,1,0,12.809,1073.68
P129,05,314.3,1,0,12.461,1099.58
P129,06,314.3,1,0,12.776,1068.62
P129,07,314.3,1,0,12.557,971.06
P129,08,314.3,1,0,10.556,1012.52
P129,09,314.3,1,0,10.67,944.68
P129,10,314.3,1,1,12.388,1141.72
P129,11,314.3,1,0,11.011,1027.92
P129,12,314.3,1,0,11.584,1090.01
P129,13,314.3,1,0,12.507,1050.36
P129,14,314.3,1,0,12.378,1062.73
P129,15,314.3,1,1,12.571,1039.52
P129,16,314.3,1,0,12.843,1034.67
P129,17,314.3,1,0,10.103,947.25
P129,18,314.3,1,1,12.843,969.95
P129,19,314.3,1,0,10.943,1000.75
P129,20,314.3,1,0,11.021,959.93
P129,21,314.3,1,0,10.358,1006.08
P129,22,314.3,1,0,10.71,937.4
P129,23,314.3,1,0,11.84,1030.97
P129,24,314.3,1,0,9.352,976.3
P129,25,314.3,1,0,10.375,981.14
P129,26,314.3,1,0,13.582,1049.89
P129,27,314.3,1,0,14.447,1147.01
P129,28,314.3,1,0,12.297,1032.21
P129,29,314.3,1,0,12.841,1248.7
P129,30,314.3,1,1,11.949,1091.38
P129,31,314.3,1,0,13.043,1168.63
P129,32,314.3,1,0,11.438,1054.53
P129,33,314.3,1,0,11.754,918.31
P129,34,314.3,1,0,15.331,1183.99
P129,35,314.3,1,0,12.174,1122.49
P129,36,314.3,1,0,12.883,1048.43
P129,37,314.3,1,0,12.504,929.02
P129,38,314.3,1,0,13.768,1263.26
P129,39,314.3,1,1,14.953,1136.4
P129,40,314.3,1,0,12.662,1062.64
P130,01,198.6,0,0,11.821,1045.68
P130,02,198.6,0,0,12.775,1136.2
P130,03,198.6,0,1,12.858,1130.19
P130,04,198.6,0,0,12.392,1031.86
P130,05,198.6,0,0,11.266,997.33
P130,06,198.6,0,0,10.386,930.33
P130,07,198.6,0,0,13.716,1126.36
P130,08,198.6,0,0,11.423,1096.51
P130,09,198.6,0,0,12.06,1128.19
P130,10,198.6,0,0,11.998,886.0
P130,11,198.6,0,1,13.4,957.75
P130,12,198.6,0,0,11.973,1068.86
P130,13,198.6,0,1,12.427,1139.48
P130,14,198.6,0,0,12.534,1108.88
P130,15,198.6,0,0,11.262,967.07
P130,16,198.6,0,0,11.23,1011.66
P130,17,198.6,0,0,11.894,996.53
P130,18,198.6,0,0,11.886,1041.84
P130,19,198.6,0,0,12.644,952.83
P130,20,198.6,0,0,11.972,1090.93
P130,21,198.6,0,0,12.388,1027.36
P130,22,198.6,0,0,11.872,1110.02
P130,23,198.6,0,1,12.825,1165.22
P130,24,198.6,0,0,11.787,894.79
P130,25,198.6,0,0,12.285,1122.3
P130,26,198.6,0,0,12.373,1218.25
P130,27,198.6,0,0,11.378,988.17
P130,28,198.6,0,0,13.773,965.93
P130,29,198.6,0,1,13.41,1106.58
P130,30,198.6,0,0,10.572,993.73
P130,31,198.6,0,1,13.446,1152.56
P130,32,198.6,0,0,10.733,990.76
P130,33,198.6,0,0,12.331,1143.4
P130,34,198.6,0,0,14.142,1189.5
P130,35,198.6,0,0,13.365,1015.17
P130,36,198.6,0,0,12.631,1144.13
P130,37,198.6,0,0,12.329,1006.8
P130,38,198.6,0,0,12.743,1103.55
P130,39,198.6,0,0,11.844,988.82
P130,40,198.6,0,0,11.787,1117.96
P131,01,160.9,0,0,12.436,963.58
P131,02,160.9,0,1,12.344,1050.34
P131,03,160.9,0,0,12.08,996.26
P131,04,160.9,0,0,12.783,1175.26
P131,05,160.9,0,0,11.983,979.62
P131,06,160.9,0,1,12.347,1131.63
P131,07,160.9,0,0,12.902,1002.08
P131,08,160.9,0,0,12.666,1094.87
P131,09,160.9,0,0,12.419,1001.44
P131,10,160.9,0,0,12.17,1071.29
P131,11,160.9,0,0,13.326,1015.31
P131,12,160.9,0,0,12.64,1043.64
P131,13,160.9,0,0,12.113,1110.58
P131,14,160.9,0,0,10.828,1052.18
P131,15,160.9,0,0,11.305,970.37
P131,16,160.9,0,0,13.042,974.85
P131,17,160.9,0,0,11.726,1091.86
P131,18,160.9,0,0,11.883,1018.26
P131,19,160.9,0,0,12.928,1110.76
P131,20,160.9,0,0,10.934,1019.89
P131,21,160.9,0,0,12.926,1105.54
P131,22,160.9,0,1,12.131,1169.08
P131,23,160.9,0,0,14.826,1106.94
P131,24,160.9,0,0,12.651,1105.55
P131,25,160.9,0,0,12.858,1144.76
P131,26,160.9,0,0,13.262,984.18
P131,27,160.9,0,0,12.558,1165.96
P131,28,160.9,0,0,14.141,1130.81
P131,29,160.9,0,0,14.829,1168.96
P131,30,160.9,0,0,12.292,1046.95
P131,31,160.9,0,0,13.676,1105.56
P131,32,160.9,0,0,12.589,1114.47
P131,33,160.9,0,0,10.514,1119.06
P131,34,160.9,0,1,14.619,1199.09
P131,35,160.9,0,0,12.626,1072.32
P131,36,160.9,0,0,13.597,1013.07
P131,37,160.9,0,0,11.577,1048.12
P131,38,160.9,0,0,13.25,1086.06
P131,39,160.9,0,0,12.709,1092.46
P131,40,160.9,0,0,13.443,1031.75
P132,01,156.9,1,0,12.315,1075.74
P132,02,156.9,1,0,10.518,955.69
P132,03,156.9,1,0,11.785,1214.51
P132,04,156.9,1,0,11.726,957.9
P132,05,156.9,1,0,11.923,971.47
P132,06,156.9,1,0,11.011,959.69
P132,07,156.9,1,1,13.96,1101.18
P132,08,156.9,1,0,10.715,1031.18
P132,09,156.9,1,0,11.392,1038.04
P132,10,156.9,1,0,12.968,1050.4
P132,11,156.9,1,0,11.709,997.45
P132,12,156.9,1,0,11.042,1051.17
P132,13,156.9,1,0,12.702,917.81
P132,14,156.9,1,0,12.389,1017.72
P132,15,156.9,1,0,12.088,1099.03
P132,16,156.9,1,0,12.401,1015.35
P132,17,156.9,1,0,10.545,938.84
P132,18,156.9,1,0,12.95,961.09
P132,19,156.9,1,0,11.937,1043.3
P132,20,156.9,1,0,11.558,1097.1
P132,21,156.9,1,0,11.826,987.71
P132,22,156.9,1,0,11.046,1008.85
P132,23,156.9,1,0,12.215,1047.75
P132,24,156.9,1,0,10.262,996.43
P132,25,156.9,1,0,11.581,1168.43
P132,26,156.9,1,0,12.212,1131.13
P132,27,156.9,1,0,13.399,950.66
P132,28,156.9,1,0,14.23,1118.56
P132,29,156.9,1,1,14.103,1166.84
P132,30,156.9,1,1,13.346,1155.79
P132,31,156.9,1,1,13.935,1136.13
P132,32,156.9,1,0,11.055,1143.77
P132,33,156.9,1,0,14.128,1088.5
P132,34,156.9,1,0,13.249,1172.75
P132,35,156.9,1,0,12.708,1111.63
P132,36,156.9,1,0,14.633,1142.52
P132,37,156.9,1,0,14.102,1167.32
P132,38,156.9,1,0,13.552,1161.69
P132,39,156.9,1,0,12.204,1013.17
P132,40,156.9,1,0,13.607,1109.67
P133,01,27.0,1,0,12.276,1014.33
P133,02,27.0,1,1,12.566,1006.65
P133,03,27.0,1,0,11.428,1044.5
P133,04,27.0,1,0,12.234,1016.57
P133,05,27.0,1,0,11.477,1064.03
P133,06,27.0,1,0,11.901,961.26
P133,07,27.0,1,0,11.696,1172.91
P133,08,27.0,1,0,12.48,887.91
P133,09,27.0,1,0,10.792,925.95
P133,10,27.0,1,0,13.054,1023.74
P133,11,27.0,1,0,11.536,1033.14
P133,12,27.0,1,0,11.929,986.2
P133,13,27.0,1,0,12.144,1043.23
P133,14,27.0,1,0,12.907,967.46
P133,15,27.0,1,0,12.268,1029.94
P133,16,27.0,1,0,11.176,928.79
P133,17,27.0,1,0,11.242,971.47
P133,18,27.0,1,0,12.287,1064.25
P133,19,27.0,1,0,12.746,1088.81
P133,20,27.0,1,0,13.153,990.6
P133,21,27.0,1,0,13.771,939.16
P133,22,27.0,1,1,13.327,931.13
P133,23,27.0,1,0,14.263,953.83
P133,24,27.0,1,0,14.145,890.33
P133,25,27.0,1,0,14.529,869.07
P133,26,27.0,1,0,15.507,909.0
P133,27,27.0,1,0,15.518,1127.78
P133,28,27.0,1,0,15.327,1041.46
P133,29,27.0,1,0,15.244,981.49
P133,30,27.0,1,0,15.886,1023.6
P133,31,27.0,1,0,15.181,1003.17
P133,32,27.0,1,0,15.799,1112.65
P133,33,27.0,1,0,15.107,1002.98
P133,34,27.0,1,0,15.614,999.85
P133,35,27.0,1,0,13.326,1027.94
P133,36,27.0,1,0,15.501,1074.51
P133,37,27.0,1,0,15.5,966.16
P133,38,27.0,1,0,16.436,1104.5
P133,39,27.0,1,0,16.017,944.93
P133,40,27.0,1,0,14.026,978.69
P134,01,192.0,0,1,13.43,1124.24
P134,02,192.0,0,1,12.98,1047.41
P134,03,192.0,0,0,13.219,1013.32
P134,04,192.0,0,0,13.844,1110.94
P134,05,192.0,0,1,12.074,1166.27
P134,06,192.0,0,0,13.037,1121.47
P134,07,192.0,0,0,13.129,1121.61
P134,08,192.0,0,1,13.807,1068.0
P134,09,192.0,0,0,13.634,1038.99
P134,10,192.0,0,1,13.151,1186.0
P134,11,192.0,0,0,13.395,1170.89
P134,12,192.0,0,0,11.996,983.98
P134,13,192.0,0,0,14.135,1201.29
P134,14,192.0,0,0,13.768,1191.42
P134,15,192.0,0,0,10.995,1004.98
P134,16,192.0,0,0,14.088,1103.14
P134,17,192.0,0,1,11.912,1043.14
P134,18,192.0,0,0,13.381,1184.01
P134,19,192.0,0,0,11.555,893.86
P134,20,192.0,0,0,12.765,1069.88
P134,21,192.0,0,0,12.709,1034.17
P134,22,192.0,0,0,12.028,1072.57
P134,23,192.0,0,0,13.592,1025.29
P134,24,192.0,0,0,11.4,1030.14
P134,25,192.0,0,0,13.063,1086.56
P134,26,192.0,0,0,13.118,1157.24
P134,27,192.0,0,0,14.29,1042.87
P134,28,192.0,0,0,12.87,1063.8
P134,29,192.0,0,0,12.695,1120.44
P134,30,192.0,0,0,12.323,1034.79
P134,31,192.0,0,0,15.102,1156.47
P134,32,192.0,0,0,13.571,1039.06
P134,33,192.0,0,0,14.157,1114.14
P134,34,192.0,0,0,14.423,1085.19
P134,35,192.0,0,0,12.005,1046.96
P134,36,192.0,0,0,13.104,1094.66
P134,37,192.0,0,0,12.145,1079.84
P134,38,192.0,0,0,14.363,1057.35
P134,39,192.0,0,0,13.183,1140.25
P134,40,192.0,0,0,13.069,1037.45
P135,01,198.6,1,0,11.269,1024.65
P135,02,198.6,1,0,11.536,1143.99
P135,03,198.6,1,0,12.762,1096.52
P135,04,198.6,1,0,11.492,923.41
P135,05,198.6,1,0,10.547,1012.6
P135,06,198.6,1,0,13.188,1099.27
P135,07,198.6,1,0,12.589,1133.22
P135,08,198.6,1,0,13.406,968.67
P135,09,198.6,1,0,11.837,1076.76
P135,10,198.6,1,0,10.296,1141.48
P135,11,198.6,1,0,12.888,1102.85
P135,12,198.6,1,0,10.88,1049.02
P135,13,198.6,1,1,13.735,1021.12
P135,14,198.6,1,0,13.009,1075.7
P135,15,198.6,1,1,12.275,1022.82
P135,16,198.6,1,0,13.08,1055.6
P135,17,198.6,1,0,12.254,998.67
P135,18,198.6,1,0,11.266,1016.64
P135,19,198.6,1,0,10.462,1009.13
P135,20,198.6,1,0,11.848,931.44
P135,21,198.6,1,1,12.64,1008.59
P135,22,198.6,1,0,11.775,1116.26
P135,23,198.6,1,0,12.759,1108.13
P135,24,198.6,1,0,11.993,896.04
P135,25,198.6,1,0,11.73,1081.26
P135,26,198.6,1,0,11.955,1021.01
P135,27,198.6,1,0,13.062,1138.45
P135,28,198.6,1,0,12.871,1069.42
P135,29,198.6,1,0,13.783,1117.61
P135,30,198.6,1,0,13.661,1114.6
P135,31,198.6,1,1,14.689,1232.34
P135,32,198.6,1,0,11.793,1094.5
P135,33,198.6,1,0,13.284,1050.9
P135,34,198.6,1,0,14.532,1183.29
P135,35,198.6,1,0,13.878,1167.48
P135,36,198.6,1,0,13.036,1055.88
P135,37,198.6,1,0,12.618,1072.66
P135,38,198.6,1,0,13.477,1224.84
P135,39,198.6,1,0,13.231,1081.35
P135,40,198.6,1,0,13.722,1137.84
P136,01,259.2,0,0,14.104,989.36
P136,02,259.2,0,0,11.825,973.93
P136,03,259.2,0,0,13.058,1145.73
P136,04,259.2,0,1,12.324,1130.78
P136,05,259.2,0,0,12.892,1003.62
P136,06,259.2,0,0,13.423,1122.12
P136,07,259.2,0,1,13.704,1087.08
P136,08,259.2,0,0,13.251,934.6
P136,09,259.2,0,0,12.115,1154.59
P136,10,259.2,0,0,12.535,924.96
P136,11,259.2,0,0,13.229,1008.83
P136,12,259.2,0,0,14.379,1051.8
P136,13,259.2,0,0,12.293,1065.9
P136,14,259.2,0,0,13.602,1025.67
P136,15,259.2,0,0,13.316,1150.04
P136,16,259.2,0,0,13.315,1044.01
P136,17,259.2,0,0,12.506,984.99
P136,18,259.2,0,0,12.924,1124.22
P136,19,259.2,0,0,12.094,1057.74
P136,20,259.2,0,0,11.817,1138.35
P136,21,259.2,0,0,14.207,1166.17
P136,22,259.2,0,0,13.152,1116.7
P136,23,259.2,0,0,12.761,998.19
P136,24,259.2,0,0,11.987,1033.21
P136,25,259.2,0,0,13.109,1015.91
P136,26,259.2,0,0,14.102,1049.42
P136,27,259.2,0,0,13.345,1178.46
P136,28,259.2,0,1,14.907,1087.67
P136,29,259.2,0,0,13.269,1040.37
P136,30,259.2,0,0,12.348,992.23
P136,31,259.2,0,0,13.651,1148.62
P136,32,259.2,0,0,12.406,1019.0
P136,33,259.2,0,0,13.086,1042.97
P136,34,259.2,0,0,14.041,1173.52
P136,35,259.2,0,0,15.165,1162.5
P136,36,259.2,0,0,14.07,1173.15
P136,37,259.2,0,1,13.382,1150.75
P136,38,259.2,0,0,14.021,1042.71
P136,39,259.2,0,1,14.696,1173.01
P136,40,259.2,0,0,13.212,1079.02
P137,01,226.5,0,0,12.377,1145.34
P137,02,226.5,0,0,12.964,1061.03
P137,03,226.5,0,0,11.025,1154.3
P137,04,226.5,0,0,11.502,1078.62
P137,05,226.5,0,1,12.35,1106.95
P137,06,226.5,0,0,12.287,1009.39
P137,07,226.5,0,0,13.659,1147.13
P137,08,226.5,0,0,12.376,953.66
P137,09,226.5,0,0,11.23,959.08
P137,10,226.5,0,0,11.075,1025.77
P137,11,226.5,0,0,11.535,1000.77
P137,12,226.5,0,0,12.62,1033.0
P137,13,226.5,0,0,12.547,1072.75
P137,14,226.5,0,0,12.934,1159.52
P137,15,226.5,0,0,11.238,970.97
P137,16,226.5,0,0,15.062,1110.65
P137,17,226.5,0,0,12.717,1075.06
P137,18,226.5,0,0,12.483,982.28
P137,19,226.5,0,0,13.011,1080.92
P137,20,226.5,0,0,12.236,1036.5
P137,21,226.5,0,0,11.193,1080.84
P137,22,226.5,0,0,12.903,1130.96
P137,23,226.5,0,1,13.839,1099.16
P137,24,226.5,0,0,12.558,995.36
P137,25,226.5,0,0,10.746,992.76
P137,26,226.5,0,0,11.962,969.05
P137,27,226.5,0,0,13.078,1080.22
P137,28,226.5,0,0,13.07,1082.7
P137,29,226.5,0,0,14.098,1134.0
P137,30,226.5,0,0,12.899,1077.71
P137,31,226.5,0,0,13.834,1154.02
P137,32,226.5,0,0,12.078,1029.72
P137,33,226.5,0,1,13.496,1138.13
P137,34,226.5,0,0,12.817,1153.35
P137,35,226.5,0,0,14.175,1010.65
P137,36,226.5,0,0,13.434,1005.44
P137,37,226.5,0,0,11.338,1047.21
P137,38,226.5,0,0,12.94,1077.92
P137,39,226.5,0,0,13.714,1120.94
P137,40,226.5,0,0,11.975,1065.08
P138,01,270.5,1,0,12.28,1065.73
P138,02,270.5,1,0,12.249,1044.82
P138,03,270.5,1,0,11.15,1058.3
P138,04,270.5,1,0,12.66,995.7
P138,05,270.5,1,0,11.184,911.75
P138,06,270.5,1,0,11.382,1028.11
P138,07,270.5,1,0,12.712,1048.83
P138,08,270.5,1,0,10.797,999.88
P138,09,270.5,1,0,13.539,977.91
P138,10,270.5,1,0,11.443,1032.63
P138,11,270.5,1,0,12.29,1070.07
P138,12,270.5,1,0,13.932,1110.31
P138,13,270.5,1,0,12.184,1141.61
P138,14,270.5,1,0,12.51,1031.65
P138,15,270.5,1,0,10.599,1001.88
P138,16,270.5,1,0,11.051,990.94
P138,17,270.5,1,0,11.158,955.48
P138,18,270.5,1,0,12.112,1004.34
P138,19,270.5,1,0,11.74,1000.66
P138,20,270.5,1,0,10.003,1040.09
P138,21,270.5,1,0,11.668,1030.67
P138,22,270.5,1,0,11.305,962.66
P138,23,270.5,1,0,12.581,1130.77
P138,24,270.5,1,0,11.688,1077.97
P138,25,270.5,1,0,11.801,916.83
P138,26,270.5,1,0,12.617,1089.36
P138,27,270.5,1,0,13.054,1044.76
P138,28,270.5,1,0,12.097,1157.17
P138,29,270.5,1,1,14.623,1170.4
P138,30,270.5,1,0,11.14,1029.11
P138,31,270.5,1,0,12.159,1102.86
P138,32,270.5,1,1,12.068,1115.2
P138,33,270.5,1,0,13.517,1093.26
P138,34,270.5,1,1,13.188,1151.04
P138,35,270.5,1,0,12.878,1188.36
P138,36,270.5,1,0,13.019,1034.9
P138,37,270.5,1,0,13.028,1014.48
P138,38,270.5,1,0,14.356,1173.09
P138,39,270.5,1,0,12.514,1068.12
P138,40,270.5,1,0,13.666,1256.55
P139,01,260.8,0,1,14.496,1019.01
P139,02,260.8,0,0,12.134,996.05
P139,03,260.8,0,0,10.736,976.49
P139,04,260.8,0,0,10.762,980.3
P139,05,260.8,0,0,12.807,1148.58
P139,06,260.8,0,0,12.067,998.27
P139,07,260.8,0,0,11.726,943.12
P139,08,260.8,0,0,11.035,926.26
P139,09,260.8,0,1,11.609,1048.28
P139,10,260.8,0,0,10.034,1094.44
P139,11,260.8,0,1,11.973,1011.05
P139,12,260.8,0,0,11.215,906.08
P139,13,260.8,0,0,13.259,991.01
P139,14,260.8,0,0,10.934,1052.65
P139,15,260.8,0,0,10.326,966.43
P139,16,260.8,0,0,11.742,1001.35
P139,17,260.8,0,0,11.146,918.49
P139,18,260.8,0,0,10.353,1041.3
P139,19,260.8,0,0,9.743,1001.52
P139,20,260.8,0,1,11.094,966.14
P139,21,260.8,0,0,12.305,1035.74
P139,22,260.8,0,0,11.49,1014.66
P139,23,260.8,0,1,12.391,998.46
P139,24,260.8,0,0,11.727,916.89
P139,25,260.8,0,0,11.585,1016.09
P139,26,260.8,0,0,11.165,837.6
P139,27,260.8,0,0,12.11,908.95
P139,28,260.8,0,0,13.05,1042.73
P139,29,260.8,0,0,13.486,1043.31
P139,30,260.8,0,0,11.841,985.27
P139,31,260.8,0,0,12.206,1059.74
P139,32,260.8,0,0,12.105,994.41
P139,33,260.8,0,0,11.899,938.71
P139,34,260.8,0,0,12.285,1068.33
P139,35,260.8,0,0,11.109,1041.69
P139,36,260.8,0,1,12.828,1132.18
P139,37,260.8,0,0,10.634,1032.07
P139,38,260.8,0,1,12.859,1079.29
P139,39,260.8,0,0,11.337,1005.15
P139,40,260.8,0,0,11.319,893.56
P140,01,52.7,0,0,12.149,1014.44
P140,02,52.7,0,0,11.545,1088.11
P140,03,52.7,0,0,10.89,975.28
P140,04,52.7,0,0,10.787,850.62
P140,05,52.7,0,1,11.05,1025.48
P140,06,52.7,0,0,10.745,919.09
P140,07,52.7,0,0,11.819,1122.53
P140,08,52.7,0,0,11.656,975.21
P140,09,52.7,0,0,12.596,1172.19
P140,10,52.7,0,0,10.345,924.97
P140,11,52.7,0,0,10.981,1019.94
P140,12,52.7,0,0,10.636,1016.47
P140,13,52.7,0,0,11.951,1122.58
P140,14,52.7,0,0,11.713,1125.96
P140,15,52.7,0,0,11.701,945.78
P140,16,52.7,0,0,12.791,1014.45
P140,17,52.7,0,0,9.726,1024.18
P140,18,52.7,0,0,13.11,1005.41
P140,19,52.7,0,0,12.831,1088.59
P140,20,52.7,0,0,14.429,925.41
P140,21,52.7,0,0,12.673,895.73
P140,22,52.7,0,0,14.218,873.57
P140,23,52.7,0,0,13.06,821.62
P140,24,52.7,0,0,12.054,878.99
P140,25,52.7,0,0,14.116,1033.99
P140,26,52.7,0,0,14.965,1037.1
P140,27,52.7,0,0,14.235,924.24
P140,28,52.7,0,0,13.983,976.86
P140,29,52.7,0,0,13.765,1057.05
P140,30,52.7,0,0,12.9,886.36
P140,31,52.7,0,0,13.297,892.28
P140,32,52.7,0,1,14.474,1023.93
P140,33,52.7,0,0,14.095,947.73
P140,34,52.7,0,0,14.324,1068.92
P140,35,52.7,0,0,15.224,984.0
P140,36,52.7,0,0,14.129,930.89
P140,37,52.7,0,1,13.566,743.0
P140,38,52.7,0,0,14.516,1006.38
P140,39,52.7,0,0,13.826,898.39
P140,40,52.7,0,0,12.731,974.59
P141,01,79.8,1,0,12.896,1053.92
P141,02,79.8,1,1,14.685,1092.41
P141,03,79.8,1,1,11.276,1061.25
P141,04,79.8,1,1,12.742,1116.57
P141,05,79.8,1,0,12.364,1116.99
P141,06,79.8,1,0,12.589,1133.21
P141,07,79.8,1,0,12.234,958.91
P141,08,79.8,1,0,10.228,960.16
P141,09,79.8,1,1,12.21,1053.27
P141,10,79.8,1,0,12.436,1101.02
P141,11,79.8,1,0,13.278,1091.52
P141,12,79.8,1,0,10.501,1040.47
P141,13,79.8,1,0,12.535,1160.4
P141,14,79.8,1,0,13.044,1051.59
P141,15,79.8,1,0,10.938,992.44
P141,16,79.8,1,0,12.506,928.93
P141,17,79.8,1,0,12.857,897.42
P141,18,79.8,1,0,14.227,1115.0
P141,19,79.8,1,0,11.643,998.5
P141,20,79.8,1,0,13.982,993.01
P141,21,79.8,1,0,14.908,968.86
P141,22,79.8,1,0,13.499,916.39
P141,23,79.8,1,0,13.698,945.6
P141,24,79.8,1,0,14.027,928.73
P141,25,79.8,1,0,12.943,928.38
P141,26,79.8,1,0,14.137,1085.4
P141,27,79.8,1,1,15.802,1181.75
P141,28,79.8,1,0,14.789,933.56
P141,29,79.8,1,0,15.114,1049.14
P141,30,79.8,1,0,15.777,913.5
P141,31,79.8,1,0,15.428,904.24
P141,32,79.8,1,0,16.058,1016.65
P141,33,79.8,1,0,13.901,1057.68
P141,34,79.8,1,1,16.898,1203.61
P141,35,79.8,1,0,14.36,1005.72
P141,36,79.8,1,0,16.0,1116.18
P141,37,79.8,1,0,15.728,1142.31
P141,38,79.8,1,0,17.284,992.43
P141,39,79.8,1,0,15.672,1052.73
P141,40,79.8,1,0,14.66,1056.26
P142,01,293.8,0,0,13.136,918.49
P142,02,293.8,0,0,12.906,1132.15
P142,03,293.8,0,0,11.118,1073.17
P142,04,293.8,0,0,13.001,1008.98
P142,05,293.8,0,0,13.741,1092.75
P142,06,293.8,0,0,13.446,924.31
P142,07,293.8,0,0,13.33,1157.78
P142,08,293.8,0,0,12.411,1033.71
P142,09,293.8,0,0,13.886,1077.47
P142,10,293.8,0,0,13.802,930.33
P142,11,293.8,0,0,13.072,1141.63
P142,12,293.8,0,0,11.945,1003.05
P142,13,293.8,0,1,12.65,1038.94
P142,14,293.8,0,0,13.654,1133.52
P142,15,293.8,0,1,11.479,1002.86
P142,16,293.8,0,0,12.559,1181.87
P142,17,293.8,0,0,11.869,1099.49
P142,18,293.8,0,0,11.522,1100.83
P142,19,293.8,0,0,12.873,1160.09
P142,20,293.8,0,0,12.599,982.22
P142,21,293.8,0,0,13.196,1115.34
P142,22,293.8,0,0,11.832,1124.57
P142,23,293.8,0,1,12.689,1034.56
P142,24,293.8,0,0,11.846,1142.22
P142,25,293.8,0,0,13.491,1068.16
P142,26,293.8,0,0,13.929,1110.49
P142,27,293.8,0,0,11.771,986.03
P142,28,293.8,0,0,14.502,1073.8
P142,29,293.8,0,0,14.618,1171.43
P142,30,293.8,0,0,12.233,1026.85
P142,31,293.8,0,0,14.537,1127.49
P142,32,293.8,0,0,11.439,993.88
P142,33,293.8,0,0,11.975,1007.52
P142,34,293.8,0,0,14.093,1160.04
P142,35,293.8,0,1,12.922,1016.09
P142,36,293.8,0,0,13.066,990.65
P142,37,293.8,0,0,12.549,1068.59
P142,38,293.8,0,0,14.817,1195.21
P142,39,293.8,0,0,13.443,1079.93
P142,40,293.8,0,0,12.543,1027.44
P143,01,160.8,1,0,11.667,880.62
P143,02,160.8,1,0,12.463,1054.64
P143,03,160.8,1,0,13.125,1015.79
P143,04,160.8,1,0,12.444,1134.99
P143,05,160.8,1,0,14.058,1051.35
P143,06,160.8,1,0,12.86,1095.08
P143,07,160.8,1,1,13.899,1128.18
P143,08,160.8,1,0,13.18,1160.95
P143,09,160.8,1,0,12.791,1012.34
P143,10,160.8,1,0,14.397,1049.81
P143,11,160.8,1,0,13.126,1147.71
P143,12,160.8,1,0,12.764,1116.83
P143,13,160.8,1,0,14.921,1225.99
P143,14,160.8,1,0,13.709,1137.94
P143,15,160.8,1,0,12.214,1053.16
P143,16,160.8,1,0,13.521,990.61
P143,17,160.8,1,0,11.143,1004.92
P143,18,160.8,1,0,13.676,1124.23
P143,19,160.8,1,1,12.648,1161.08
P143,20,160.8,1,1,13.294,1157.58
P143,21,160.8,1,0,14.168,1235.84
P143,22,160.8,1,1,12.929,1140.68
P143,23,160.8,1,0,13.414,1103.63
P143,24,160.8,1,0,13.419,1067.16
P143,25,160.8,1,0,12.163,992.91
P143,26,160.8,1,0,12.821,1118.38
P143,27,160.8,1,0,14.012,1164.32
P143,28,160.8,1,0,14.328,1091.81
P143,29,160.8,1,0,15.131,1266.49
P143,30,160.8,1,0,14.258,1176.16
P143,31,160.8,1,0,13.848,1174.72
P143,32,160.8,1,0,12.831,1138.41
P143,33,160.8,1,0,15.008,1209.03
P143,34,160.8,1,0,14.448,1195.24
P143,35,160.8,1,0,13.734,1129.32
P143,36,160.8,1,0,13.572,1141.64
P143,37,160.8,1,0,13.462,1131.19
P143,38,160.8,1,1,15.459,1228.57
P143,39,160.8,1,0,15.33,1130.35
P143,40,160.8,1,0,14.912,1152.11
P144,01,50.6,0,0,12.983,1015.29
P144,02,50.6,0,1,12.714,963.03
P144,03,50.6,0,0,11.253,1032.42
P144,04,50.6,0,0,11.698,1074.21
P144,05,50.6,0,0,12.072,1163.11
P144,06,50.6,0,0,11.657,898.43
P144,07,50.6,0,0,11.918,1174.84
P144,08,50.6,0,0,11.452,1064.59
P144,09,50.6,0,1,12.823,1038.04
P144,10,50.6,0,0,12.897,1046.31
P144,11,50.6,0,0,12.214,1031.42
P144,12,50.6,0,0,12.558,1054.85
P144,13,50.6,0,0,13.002,1154.55
P144,14,50.6,0,0,12.28,1142.3
P144,15,50.6,0,0,11.174,928.03
P144,16,50.6,0,1,13.88,1156.68
P144,17,50.6,0,0,11.953,958.24
P144,18,50.6,0,0,12.007,1085.66
P144,19,50.6,0,0,11.423,905.36
P144,20,50.6,0,0,12.553,1001.09
P144,21,50.6,0,0,15.431,974.35
P144,22,50.6,0,0,14.831,890.62
P144,23,50.6,0,0,14.941,870.4
P144,24,50.6,0,0,14.058,926.4
P144,25,50.6,0,0,14.85,902.72
P144,26,50.6,0,0,15.406,979.92
P144,27,50.6,0,0,13.782,1015.68
P144,28,50.6,0,1,14.815,1084.54
P144,29,50.6,0,1,15.966,942.27
P144,30,50.6,0,0,14.928,1060.05
P144,31,50.6,0,1,16.515,1021.24
P144,32,50.6,0,0,14.454,1030.51
P144,33,50.6,0,0,13.504,993.64
P144,34,50.6,0,0,16.247,1059.37
P144,35,50.6,0,0,15.605,950.35
P144,36,50.6,0,1,15.404,1001.78
P144,37,50.6,0,0,13.28,868.17
P144,38,50.6,0,0,16.125,1051.81
P144,39,50.6,0,0,16.043,1022.58
P144,40,50.6,0,0,13.966,945.8
P145,01,208.1,1,0,13.099,1018.22
P145,02,208.1,1,0,12.343,994.32
P145,03,208.1,1,0,12.941,1157.37
P145,04,208.1,1,0,13.94,1058.4
P145,05,208.1,1,0,12.965,1128.15
P145,06,208.1,1,0,13.825,1009.56
P145,07,208.1,1,0,14.181,1191.25
P145,08,208.1,1,0,13.482,1216.11
P145,09,208.1,1,0,12.096,1049.26
P145,10,208.1,1,0,12.954,977.37
P145,11,208.1,1,0,12.166,1158.53
P145,12,208.1,1,1,14.835,1040.6
P145,13,208.1,1,0,14.105,1064.9
P145,14,208.1,1,1,14.274,1126.97
P145,15,208.1,1,0,14.78,1110.49
P145,16,208.1,1,0,12.519,1021.17
P145,17,208.1,1,0,14.117,1028.3
P145,18,208.1,1,0,12.758,1159.61
P145,19,208.1,1,1,13.982,1107.21
P145,20,208.1,1,0,13.213,1188.17
P145,21,208.1,1,1,14.41,1166.21
P145,22,208.1,1,0,11.379,1072.66
P145,23,208.1,1,0,13.159,1154.75
P145,24,208.1,1,0,13.489,1042.49
P145,25,208.1,1,0,14.022,941.14
P145,26,208.1,1,0,14.129,1187.89
P145,27,208.1,1,0,15.527,1169.03
P145,28,208.1,1,0,15.798,1116.7
P145,29,208.1,1,1,15.85,1259.28
P145,30,208.1,1,0,13.513,1098.22
P145,31,208.1,1,0,16.673,1213.89
P145,32,208.1,1,0,13.687,1279.93
P145,33,208.1,1,0,14.234,1142.47
P145,34,208.1,1,0,16.349,1332.12
P145,35,208.1,1,0,13.65,1027.21
P145,36,208.1,1,1,16.558,1213.25
P145,37,208.1,1,0,14.723,1188.94
P145,38,208.1,1,1,15.656,1279.51
P145,39,208.1,1,0,15.887,1176.01
P145,40,208.1,1,0,14.545,1126.92
P146,01,20.5,1,0,12.495,1094.5
P146,02,20.5,1,0,11.926,1055.79
P146,03,20.5,1,0,11.616,1047.71
P146,04,20.5,1,0,12.804,1170.7
P146,05,20.5,1,0,12.487,1056.83
P146,06,20.5,1,0,12.371,1037.48
P146,07,20.5,1,0,12.264,1119.17
P146,08,20.5,1,0,12.897,1078.05
P146,09,20.5,1,1,12.577,1080.08
P146,10,20.5,1,0,12.485,1034.56
P146,11,20.5,1,0,12.418,1060.18
P146,12,20.5,1,1,13.14,1058.19
P146,13,20.5,1,0,11.428,1071.67
P146,14,20.5,1,0,12.783,1116.87
P146,15,20.5,1,0,10.152,910.0
P146,16,20.5,1,0,12.868,1025.78
P146,17,20.5,1,0,11.499,1029.23
P146,18,20.5,1,0,12.435,1045.0
P146,19,20.5,1,0,12.493,940.07
P146,20,20.5,1,0,14.486,905.89
P146,21,20.5,1,0,13.931,889.12
P146,22,20.5,1,0,13.12,848.72
P146,23,20.5,1,0,14.443,949.11
P146,24,20.5,1,0,14.006,921.56
P146,25,20.5,1,0,14.72,1059.53
P146,26,20.5,1,0,14.05,1054.93
P146,27,20.5,1,0,15.69,975.9
P146,28,20.5,1,0,14.594,1087.11
P146,29,20.5,1,0,14.451,994.82
P146,30,20.5,1,0,15.814,974.51
P146,31,20.5,1,0,13.073,943.59
P146,32,20.5,1,0,14.371,1114.89
P146,33,20.5,1,0,14.766,963.45
P146,34,20.5,1,0,15.709,1092.89
P146,35,20.5,1,0,16.211,1122.71
P146,36,20.5,1,0,14.905,1080.73
P146,37,20.5,1,0,15.001,926.81
P146,38,20.5,1,0,16.101,1055.82
P146,39,20.5,1,0,16.599,1104.82
P146,40,20.5,1,1,15.33,1004.46
P147,01,79.2,0,0,12.159,1057.42
P147,02,79.2,0,0,11.728,1065.35
P147,03,79.2,0,0,12.217,1037.56
P147,04,79.2,0,0,12.917,1168.46
P147,05,79.2,0,0,10.695,1002.15
P147,06,79.2,0,0,12.199,1029.37
P147,07,79.2,0,0,12.239,1096.51
P147,08,79.2,0,0,11.948,1017.09
P147,09,79.2,0,0,13.787,1075.5
P147,10,79.2,0,0,11.896,934.73
P147,11,79.2,0,0,12.053,1069.23
P147,12,79.2,0,0,12.235,1093.21
P147,13,79.2,0,0,11.865,926.49
P147,14,79.2,0,0,12.933,1066.68
P147,15,79.2,0,0,12.915,1035.53
P147,16,79.2,0,0,11.428,1011.02
P147,17,79.2,0,1,12.982,1079.48
P147,18,79.2,0,0,12.867,1157.49
P147,19,79.2,0,0,10.65,1134.95
P147,20,79.2,0,0,13.32,934.24
P147,21,79.2,0,0,13.551,912.93
P147,22,79.2,0,1,13.699,911.97
P147,23,79.2,0,0,15.573,1057.11
P147,24,79.2,0,0,14.909,909.08
P147,25,79.2,0,1,14.16,941.25
P147,26,79.2,0,0,12.94,911.77
P147,27,79.2,0,0,15.983,951.57
P147,28,79.2,0,1,16.159,969.99
P147,29,79.2,0,0,14.829,995.93
P147,30,79.2,0,0,13.543,1002.61
P147,31,79.2,0,0,16.497,1013.33
P147,32,79.2,0,0,14.907,944.52
P147,33,79.2,0,1,14.008,968.11
P147,34,79.2,0,0,15.868,1062.71
P147,35,79.2,0,0,13.978,1000.22
P147,36,79.2,0,0,14.99,994.39
P147,37,79.2,0,0,13.381,876.94
P147,38,79.2,0,1,15.707,1075.32
P147,39,79.2,0,1,15.363,1042.46
P147,40,79.2,0,0,14.112,946.82
P148,01,109.0,0,0,10.038,1041.75
P148,02,109.0,0,0,13.007,1022.99
P148,03,109.0,0,0,13.441,1066.7
P148,04,109.0,0,0,11.671,1174.18
P148,05,109.0,0,1,12.015,1006.26
P148,06,109.0,0,0,12.969,1061.05
P148,07,109.0,0,0,12.209,1050.7
P148,08,109.0,0,0,12.16,1037.21
P148,09,109.0,0,0,11.667,1007.07
P148,10,109.0,0,0,11.989,1015.81
P148,11,109.0,0,0,11.326,1031.54
P148,12,109.0,0,0,11.61,1010.56
P148,13,109.0,0,0,13.156,1096.24
P148,14,109.0,0,0,13.553,1108.06
P148,15,109.0,0,1,12.899,1197.41
P148,16,109.0,0,1,11.71,1154.8
P148,17,109.0,0,0,11.327,1085.8
P148,18,109.0,0,0,10.937,1056.32
P148,19,109.0,0,0,11.217,933.72
P148,20,109.0,0,0,11.448,945.86
P148,21,109.0,0,0,12.228,1039.0
P148,22,109.0,0,0,11.04,1094.89
P148,23,109.0,0,0,11.789,1073.74
P148,24,109.0,0,0,12.048,1107.13
P148,25,109.0,0,0,12.259,1164.05
P148,26,109.0,0,0,12.052,936.43
P148,27,109.0,0,1,12.157,1100.78
P148,28,109.0,0,0,12.02,1093.69
P148,29,109.0,0,0,12.509,1081.05
P148,30,109.0,0,0,12.502,1008.68
P148,31,109.0,0,0,13.761,1013.33
P148,32,109.0,0,0,12.456,1099.61
P148,33,109.0,0,0,12.322,1067.65
P148,34,109.0,0,1,12.725,1159.29
P148,35,109.0,0,0,12.366,953.79
P148,36,109.0,0,0,13.067,1174.51
P148,37,109.0,0,0,13.112,1016.01
P148,38,109.0,0,0,13.848,1129.55
P148,39,109.0,0,0,13.346,1127.99
P148,40,109.0,0,1,13.216,1051.92
P149,01,102.8,0,0,11.928,962.71
P149,02,102.8,0,0,10.723,1156.46
P149,03,102.8,0,0,12.878,893.08
P149,04,102.8,0,0,12.117,1088.05
P149,05,102.8,0,0,12.344,1086.48
P149,06,102.8,0,1,12.499,1069.31
P149,07,102.8,0,0,10.886,1029.63
P149,08,102.8,0,0,11.024,1000.48
P149,09,102.8,0,0,10.535,1080.25
P149,10,102.8,0,0,11.234,1026.9
P149,11,102.8,0,0,13.297,1095.84
P149,12,102.8,0,0,11.463,951.68
P149,13,102.8,0,0,12.501,1003.97
P149,14,102.8,0,0,13.659,1165.35
P149,15,102.8,0,0,12.667,960.47
P149,16,102.8,0,0,13.488,1070.75
P149,17,102.8,0,0,11.174,960.88
P149,18,102.8,0,0,13.492,1051.41
P149,19,102.8,0,0,12.586,1039.7
P149,20,102.8,0,0,11.677,1110.69
P149,21,102.8,0,0,11.28,1027.61
P149,22,102.8,0,0,11.7,1180.61
P149,23,102.8,0,0,12.353,978.75
P149,24,102.8,0,0,11.518,1025.36
P149,25,102.8,0,0,13.657,1110.93
P149,26,102.8,0,0,12.395,1061.82
P149,27,102.8,0,0,12.016,848.23
P149,28,102.8,0,1,13.232,1010.42
P149,29,102.8,0,0,12.804,984.04
P149,30,102.8,0,0,12.856,1056.52
P149,31,102.8,0,0,13.374,1030.93
P149,32,102.8,0,0,11.292,869.59
P149,33,102.8,0,0,12.804,1091.19
P149,34,102.8,0,0,13.556,1147.83
P149,35,102.8,0,0,12.025,1155.68
P149,36,102.8,0,0,14.439,1128.54
P149,37,102.8,0,0,12.467,1087.02
P149,38,102.8,0,0,14.447,1096.25
P149,39,102.8,0,0,11.886,939.72
P149,40,102.8,0,0,11.773,1050.89
P150,01,204.4,0,0,9.323,884.25
P150,02,204.4,0,0,11.019,959.01
P150,03,204.4,0,0,9.776,910.85
P150,04,204.4,0,0,9.278,929.79
P150,05,204.4,0,0,9.841,924.15
P150,06,204.4,0,0,9.516,892.44
P150,07,204.4,0,0,9.794,877.36
P150,08,204.4,0,1,11.125,985.6
P150,09,204.4,0,0,9.887,964.65
P150,10,204.4,0,0,10.486,950.06
P150,11,204.4,0,0,9.018,879.22
P150,12,204.4,0,0,9.94,975.24
P150,13,204.4,0,0,10.599,989.59
P150,14,204.4,0,0,10.158,1065.0
P150,15,204.4,0,1,9.979,940.81
P150,16,204.4,0,0,10.986,874.28
P150,17,204.4,0,0,9.999,1009.69
P150,18,204.4,0,0,10.134,1097.71
P150,19,204.4,0,1,10.706,912.18
P150,20,204.4,0,0,9.388,898.58
P150,21,204.4,0,0,9.81,990.42
P150,22,204.4,0,0,10.884,1066.15
P150,23,204.4,0,0,9.734,1058.75
P150,24,204.4,0,0,9.689,907.72
P150,25,204.4,0,0,10.491,1090.93
P150,26,204.4,0,0,10.435,884.48
P150,27,204.4,0,0,8.942,951.38
P150,28,204.4,0,0,10.936,1025.14
P150,29,204.4,0,0,12.592,915.36
P150,30,204.4,0,0,9.282,914.1
P150,31,204.4,0,0,11.238,989.52
P150,32,204.4,0,0,11.039,936.4
P150,33,204.4,0,0,9.674,804.64
P150,34,204.4,0,0,10.223,915.57
P150,35,204.4,0,0,9.953,971.68
P150,36,204.4,0,0,10.567,907.9
P150,37,204.4,0,0,10.294,951.3
P150,38,204.4,0,0,11.31,1058.04
P150,39,204.4,0,0,9.91,994.65
P150,40,204.4,0,0,8.683,933.92
P151,01,308.5,0,0,13.065,1030.05
P151,02,308.5,0,0,12.76,981.86
P151,03,308.5,0,0,12.295,1031.31
P151,04,308.5,0,0,12.282,1025.5
P151,05,308.5,0,0,13.743,1041.39
P151,06,308.5,0,0,12.472,1061.95
P151,07,308.5,0,0,13.543,1016.38
P151,08,308.5,0,0,12.59,1216.37
P151,09,308.5,0,0,11.49,977.47
P151,10,308.5,0,0,12.338,1000.91
P151,11,308.5,0,0,11.63,1050.34
P151,12,308.5,0,1,12.362,1072.04
P151,13,308.5,0,0,13.447,1100.02
P151,14,308.5,0,0,13.065,982.27
P151,15,308.5,0,0,11.787,950.34
P151,16,308.5,0,0,13.641,1123.11
P151,17,308.5,0,0,12.061,1080.0
P151,18,308.5,0,0,12.233,1077.34
P151,19,308.5,0,1,13.537,1094.64
P151,20,308.5,0,0,13.694,1074.42
P151,21,308.5,0,0,12.49,1047.95
P151,22,308.5,0,0,11.8,980.31
P151,23,308.5,0,0,13.056,1048.69
P151,24,308.5,0,0,11.469,953.15
P151,25,308.5,0,0,12.596,1043.71
P151,26,308.5,0,0,12.476,1020.93
P151,27,308.5,0,0,11.688,972.67
P151,28,308.5,0,0,13.535,1018.94
P151,29,308.5,0,0,13.388,1008.9
P151,30,308.5,0,0,11.865,1068.58
P151,31,308.5,0,0,13.116,1039.63
P151,32,308.5,0,0,12.584,1181.15
P151,33,308.5,0,0,13.185,978.94
P151,34,308.5,0,0,14.135,1129.3
P151,35,308.5,0,0,13.845,1196.07
P151,36,308.5,0,0,12.877,966.31
P151,37,308.5,0,0,12.533,1040.31
P151,38,308.5,0,0,12.966,1188.05
P151,39,308.5,0,0,12.582,977.36
P151,40,308.5,0,0,13.899,1000.87
P152,01,75.6,1,0,10.7,998.11
P152,02,75.6,1,0,12.035,973.5
P152,03,75.6,1,0,12.026,1086.37
P152,04,75.6,1,0,12.978,952.24
P152,05,75.6,1,0,11.008,1069.59
P152,06,75.6,1,0,12.531,1086.28
P152,07,75.6,1,0,12.418,1045.99
P152,08,75.6,1,0,12.308,979.78
P152,09,75.6,1,0,12.228,972.81
P152,10,75.6,1,0,10.897,1039.42
P152,11,75.6,1,0,12.501,1063.75
P152,12,75.6,1,0,11.047,1065.53
P152,13,75.6,1,0,11.195,842.05
P152,14,75.6,1,1,14.02,1136.43
P152,15,75.6,1,0,11.193,1036.36
P152,16,75.6,1,0,11.879,1176.01
P152,17,75.6,1,0,11.26,1045.28
P152,18,75.6,1,0,12.735,1029.26
P152,19,75.6,1,0,13.423,1093.83
P152,20,75.6,1,0,14.699,1019.26
P152,21,75.6,1,0,13.702,986.07
P152,22,75.6,1,1,14.097,1023.59
P152,23,75.6,1,0,14.738,877.24
P152,24,75.6,1,1,14.027,981.23
P152,25,75.6,1,0,14.187,971.34
P152,26,75.6,1,0,13.662,945.39
P152,27,75.6,1,0,14.039,1015.94
P152,28,75.6,1,0,15.188,982.64
P152,29,75.6,1,0,14.444,1001.99
P152,30,75.6,1,0,15.285,1027.03
P152,31,75.6,1,0,16.6,1062.41
P152,32,75.6,1,0,15.042,1042.27
P152,33,75.6,1,0,15.819,1087.06
P152,34,75.6,1,0,17.67,1239.68
P152,35,75.6,1,0,13.912,983.91
P152,36,75.6,1,0,16.311,1010.88
P152,37,75.6,1,0,13.833,1060.52
P152,38,75.6,1,0,16.243,1086.58
P152,39,75.6,1,0,14.63,946.23
P152,40,75.6,1,0,13.891,975.94
P153,01,136.5,0,0,11.522,1075.94
P153,02,136.5,0,1,13.759,1113.18
P153,03,136.5,0,1,12.762,1086.83
P153,04,136.5,0,0,11.106,946.56
P153,05,136.5,0,1,13.067,1125.51
P153,06,136.5,0,0,11.15,1086.0
P153,07,136.5,0,0,14.082,1082.9
P153,08,136.5,0,0,12.119,1111.42
P153,09,136.5,0,0,13.229,1016.61
P153,10,136.5,0,0,12.221,1013.16
P153,11,136.5,0,0,12.04,1081.34
P153,12,136.5,0,0,11.882,1039.6
P153,13,136.5,0,0,13.146,1085.7
P153,14,136.5,0,0,13.882,1135.31
P153,15,136.5,0,1,12.726,1068.18
P153,16,136.5,0,1,12.879,1052.35
P153,17,136.5,0,0,13.006,1130.53
P153,18,136.5,0,0,12.68,1050.27
P153,19,136.5,0,0,12.633,1021.17
P153,20,136.5,0,1,12.34,1075.82
P153,21,136.5,0,1,12.371,1072.75
P153,22,136.5,0,0,12.992,1125.44
P153,23,136.5,0,0,12.024,1028.13
P153,24,136.5,0,0,12.36,1060.33
P153,25,136.5,0,0,14.394,1010.19
P153,26,136.5,0,0,11.467,950.0
P153,27,136.5,0,0,12.49,1066.17
P153,28,136.5,0,0,13.772,1205.42
P153,29,136.5,0,0,15.849,1127.33
P153,30,136.5,0,1,11.758,959.21
P153,31,136.5,0,0,15.283,909.19
P153,32,136.5,0,0,11.647,1067.91
P153,33,136.5,0,0,11.94,1148.42
P153,34,136.5,0,1,15.028,1082.9
P153,35,136.5,0,1,13.392,1067.68
P153,36,136.5,0,0,12.829,1045.57
P153,37,136.5,0,0,11.89,1037.54
P153,38,136.5,0,0,13.64,1124.49
P153,39,136.5,0,0,12.221,1004.7
P153,40,136.5,0,0,11.723,1041.04
P154,01,69.7,0,0,13.997,1194.53
P154,02,69.7,0,0,12.427,1258.98
P154,03,69.7,0,0,13.332,1130.43
P154,04,69.7,0,0,13.904,1058.12
P154,05,69.7,0,0,12.581,1077.84
P154,06,69.7,0,0,13.974,1168.76
P154,07,69.7,0,0,15.499,1166.21
P154,08,69.7,0,0,14.605,1135.57
P154,09,69.7,0,0,14.001,1204.26
P154,10,69.7,0,1,13.852,1145.04
P154,11,69.7,0,0,13.026,1153.74
P154,12,69.7,0,1,15.235,1144.33
P154,13,69.7,0,0,13.634,1071.37
P154,14,69.7,0,0,14.487,1220.41
P154,15,69.7,0,1,13.87,1166.93
P154,16,69.7,0,1,14.773,1146.43
P154,17,69.7,0,1,13.059,1149.78
P154,18,69.7,0,0,13.69,1209.89
P154,19,69.7,0,0,15.39,1167.13
P154,20,69.7,0,0,13.796,993.06
P154,21,69.7,0,0,14.934,914.97
P154,22,69.7,0,0,15.866,1060.0
P154,23,69.7,0,0,15.638,1040.57
P154,24,69.7,0,0,16.107,1136.41
P154,25,69.7,0,0,15.365,979.17
P154,26,69.7,0,0,15.013,970.17
P154,27,69.7,0,0,15.084,1050.9
P154,28,69.7,0,0,15.335,967.27
P154,29,69.7,0,0,16.168,978.0
P154,30,69.7,0,1,16.231,1141.79
P154,31,69.7,0,1,16.664,1085.6
P154,32,69.7,0,0,15.348,1115.33
P154,33,69.7,0,0,15.362,995.96
P154,34,69.7,0,0,15.149,1131.36
P154,35,69.7,0,0,14.872,968.06
P154,36,69.7,0,0,16.6,1048.53
P154,37,69.7,0,0,15.054,939.72
P154,38,69.7,0,0,17.216,1030.09
P154,39,69.7,0,0,16.883,1025.78
P154,40,69.7,0,0,15.427,1051.65
P155,01,123.5,0,0,13.106,1146.27
P155,02,123.5,0,0,12.969,1095.66
P155,03,123.5,0,1,12.456,1117.21
P155,04,123.5,0,0,12.499,1149.87
P155,05,123.5,0,0,11.711,943.97
P155,06,123.5,0,0,12.811,1074.91
P155,07,123.5,0,0,13.287,1125.93
P155,08,123.5,0,1,13.337,1154.07
P155,09,123.5,0,1,12.252,1104.85
P155,10,123.5,0,0,12.177,1057.73
P155,11,123.5,0,1,12.909,1153.0
P155,12,123.5,0,0,10.464,1034.2
P155,13,123.5,0,0,13.669,1054.92
P155,14,123.5,0,0,12.059,1175.43
P155,15,123.5,0,0,11.318,1035.17
P155,16,123.5,0,0,12.942,1095.97
P155,17,123.5,0,0,13.048,1024.63
P155,18,123.5,0,0,12.703,1012.19
P155,19,123.5,0,0,12.991,916.92
P155,20,123.5,0,0,12.366,1009.49
P155,21,123.5,0,0,12.321,1055.24
P155,22,123.5,0,0,11.131,986.37
P155,23,123.5,0,0,12.22,1042.22
P155,24,123.5,0,1,12.162,1084.71
P155,25,123.5,0,0,13.358,1064.74
P155,26,123.5,0,0,13.67,1142.67
P155,27,123.5,0,1,13.082,1170.66
P155,28,123.5,0,0,13.026,1063.29
P155,29,123.5,0,0,13.544,1005.45
P155,30,123.5,0,0,13.012,1085.83
P155,31,123.5,0,0,12.138,1000.84
P155,32,123.5,0,0,13.809,1071.53
P155,33,123.5,0,0,11.628,977.4
P155,34,123.5,0,0,14.024,1155.16
P155,35,123.5,0,0,13.556,1164.14
P155,36,123.5,0,0,14.481,1169.53
P155,37,123.5,0,1,13.69,1048.09
P155,38,123.5,0,0,12.998,1057.76
P155,39,123.5,0,0,13.665,1137.6
P155,40,123.5,0,1,12.689,998.17
P156,01,25.7,0,0,11.53,1073.96
P156,02,25.7,0,0,10.753,919.25
P156,03,25.7,0,0,12.481,1081.82
P156,04,25.7,0,0,12.671,1053.87
P156,05,25.7,0,0,12.5,926.54
P156,06,25.7,0,0,12.351,1210.35
P156,07,25.7,0,0,12.07,1051.54
P156,08,25.7,0,0,12.647,967.06
P156,09,25.7,0,0,12.212,1179.49
P156,10,25.7,0,0,12.163,1014.89
P156,11,25.7,0,0,12.345,974.7
P156,12,25.7,0,0,13.199,1143.99
P156,13,25.7,0,0,11.771,1009.52
P156,14,25.7,0,0,10.984,917.62
P156,15,25.7,0,0,11.994,1016.91
P156,16,25.7,0,0,11.596,1084.79
P156,17,25.7,0,0,11.952,915.72
P156,18,25.7,0,0,11.393,994.75
P156,19,25.7,0,0,13.228,1078.47
P156,20,25.7,0,0,13.438,887.44
P156,21,25.7,0,0,13.855,908.51
P156,22,25.7,0,0,13.742,853.92
P156,23,25.7,0,0,14.41,1077.38
P156,24,25.7,0,0,13.51,876.06
P156,25,25.7,0,0,13.561,908.3
P156,26,25.7,0,0,14.282,1033.3
P156,27,25.7,0,0,15.493,1041.16
P156,28,25.7,0,0,15.81,1048.03
P156,29,25.7,0,0,14.33,835.4
P156,30,25.7,0,0,13.018,925.52
P156,31,25.7,0,0,14.126,1071.5
P156,32,25.7,0,0,14.17,966.5
P156,33,25.7,0,1,13.908,969.92
P156,34,25.7,0,1,15.38,911.81
P156,35,25.7,0,0,15.019,854.01
P156,36,25.7,0,0,14.856,875.48
P156,37,25.7,0,0,14.155,1026.81
P156,38,25.7,0,0,14.457,1020.23
P156,39,25.7,0,0,15.744,989.38
P156,40,25.7,0,0,14.265,859.58
P157,01,212.0,0,0,9.992,933.91
P157,02,212.0,0,0,11.599,1078.03
P157,03,212.0,0,0,12.06,1003.77
P157,04,212.0,0,1,11.35,1084.49
P157,05,212.0,0,1,11.208,1016.72
P157,06,212.0,0,1,13.207,1150.97
P157,07,212.0,0,1,11.877,988.06
P157,08,212.0,0,0,12.237,1125.35
P157,09,212.0,0,1,12.59,1080.74
P157,10,212.0,0,0,11.379,1006.28
P157,11,212.0,0,1,12.824,928.19
P157,12,212.0,0,0,12.965,1017.61
P157,13,212.0,0,0,11.291,1152.13
P157,14,212.0,0,0,13.053,1053.27
P157,15,212.0,0,0,11.659,994.82
P157,16,212.0,0,0,11.069,880.65
P157,17,212.0,0,0,11.042,1017.79
P157,18,212.0,0,0,11.156,924.7
P157,19,212.0,0,0,11.91,1071.63
P157,20,212.0,0,0,9.222,930.52
P157,21,212.0,0,0,10.278,860.85
P157,22,212.0,0,0,11.361,1072.2
P157,23,212.0,0,0,12.372,980.87
P157,24,212.0,0,0,11.765,1067.53
P157,25,212.0,0,0,11.427,1033.19
P157,26,212.0,0,0,12.004,933.11
P157,27,212.0,0,0,12.28,1152.1
P157,28,212.0,0,0,12.186,1108.84
P157,29,212.0,0,0,12.563,1138.73
P157,30,212.0,0,0,10.97,940.75
P157,31,212.0,0,0,11.648,1010.26
P157,32,212.0,0,0,11.401,1115.9
P157,33,212.0,0,0,11.785,1051.85
P157,34,212.0,0,0,12.653,974.03
P157,35,212.0,0,0,10.737,986.85
P157,36,212.0,0,0,13.769,1112.64
P157,37,212.0,0,0,10.579,958.56
P157,38,212.0,0,1,12.922,1054.81
P157,39,212.0,0,0,10.227,1123.14
P157,40,212.0,0,1,12.085,1125.0
P158,01,280.1,0,0,12.156,1097.06
P158,02,280.1,0,0,11.392,997.21
P158,03,280.1,0,0,11.971,1112.0
P158,04,280.1,0,0,12.911,1067.06
P158,05,280.1,0,0,11.535,1124.07
P158,06,280.1,0,0,12.45,1017.07
P158,07,280.1,0,0,12.73,993.86
P158,08,280.1,0,0,11.339,898.57
P158,09,280.1,0,1,13.02,1125.0
P158,10,280.1,0,0,9.927,1089.4
P158,11,280.1,0,1,13.301,1049.72
P158,12,280.1,0,0,11.834,1080.51
P158,13,280.1,0,0,12.357,1013.16
P158,14,280.1,0,0,13.157,1007.65
P158,15,280.1,0,0,9.832,942.93
P158,16,280.1,0,0,11.648,1077.63
P158,17,280.1,0,0,12.99,1034.3
P158,18,280.1,0,0,12.432,1086.03
P158,19,280.1,0,0,11.952,1054.93
P158,20,280.1,0,0,10.261,1009.6
P158,21,280.1,0,0,10.661,1066.58
P158,22,280.1,0,0,11.851,1111.64
P158,23,280.1,0,0,13.596,1024.19
P158,24,280.1,0,0,11.043,1037.3
P158,25,280.1,0,0,12.967,1101.23
P158,26,280.1,0,0,11.579,1097.61
P158,27,280.1,0,0,11.727,1021.79
P158,28,280.1,0,0,12.367,1038.72
P158,29,280.1,0,1,14.108,1053.66
P158,30,280.1,0,0,12.67,1045.86
P158,31,280.1,0,1,14.644,1181.72
P158,32,280.1,0,0,12.281,1027.96
P158,33,280.1,0,0,13.024,958.96
P158,34,280.1,0,0,12.778,1196.07
P158,35,280.1,0,0,11.768,1136.19
P158,36,280.1,0,0,14.16,1193.03
P158,37,280.1,0,0,12.041,962.03
P158,38,280.1,0,0,13.193,1194.56
P158,39,280.1,0,0,12.137,926.8
P158,40,280.1,0,0,12.016,1009.3
P159,01,170.1,0,0,12.42,1027.04
P159,02,170.1,0,0,13.474,1053.7
P159,03,170.1,0,0,13.32,1082.76
P159,04,170.1,0,0,14.14,1157.88
P159,05,170.1,0,0,13.916,1201.76
P159,06,170.1,0,1,13.591,1198.12
P159,07,170.1,0,0,13.71,1014.1
P159,08,170.1,0,0,12.905,1080.59
P159,09,170.1,0,0,12.638,1156.21
P159,10,170.1,0,0,14.34,1127.83
P159,11,170.1,0,0,10.912,1066.82
P159,12,170.1,0,0,13.766,1080.56
P159,13,170.1,0,0,13.043,1067.69
P159,14,170.1,0,0,12.262,1257.34
P159,15,170.1,0,0,12.086,1150.85
P159,16,170.1,0,0,14.46,1135.9
P159,17,170.1,0,0,11.863,1058.55
P159,18,170.1,0,0,13.124,1055.99
P159,19,170.1,0,0,12.902,1226.3
P159,20,170.1,0,0,12.875,1046.99
P159,21,170.1,0,0,14.543,1044.61
P159,22,170.1,0,0,12.584,1017.71
P159,23,170.1,0,0,13.406,1143.73
P159,24,170.1,0,0,12.238,1014.84
P159,25,170.1,0,0,13.022,1047.21
P159,26,170.1,0,0,12.45,930.21
P159,27,170.1,0,1,12.464,1017.22
P159,28,170.1,0,0,13.262,1079.76
P159,29,170.1,0,0,15.191,1312.7
P159,30,170.1,0,0,13.331,1135.02
P159,31,170.1,0,0,13.572,1070.37
P159,32,170.1,0,1,15.576,1164.34
P159,33,170.1,0,1,13.055,1064.45
P159,34,170.1,0,0,13.076,965.57
P159,35,170.1,0,0,14.503,1177.79
P159,36,170.1,0,0,14.4,1175.9
P159,37,170.1,0,0,12.438,1066.53
P159,38,170.1,0,1,16.011,1213.93
P159,39,170.1,0,0,13.717,1221.93
P159,40,170.1,0,0,14.389,1180.56
P160,01,72.1,0,0,11.85,1168.1
P160,02,72.1,0,1,11.584,962.21
P160,03,72.1,0,0,11.281,981.82
P160,04,72.1,0,1,11.702,1022.75
P160,05,72.1,0,1,11.817,995.15
P160,06,72.1,0,0,12.48,1077.96
P160,07,72.1,0,0,12.223,936.27
P160,08,72.1,0,0,12.276,1182.61
P160,09,72.1,0,0,12.894,992.83
P160,10,72.1,0,0,12.689,983.84
P160,11,72.1,0,0,10.181,931.9
P160,12,72.1,0,0,11.757,990.81
P160,13,72.1,0,0,11.338,1063.53
P160,14,72.1,0,0,12.769,1092.57
P160,15,72.1,0,0,10.616,1057.19
P160,16,72.1,0,0,11.04,941.02
P160,17,72.1,0,0,11.698,930.92
P160,18,72.1,0,0,12.185,1023.58
P160,19,72.1,0,0,12.565,1069.77
P160,20,72.1,0,0,11.178,811.47
P160,21,72.1,0,0,14.945,969.97
P160,22,72.1,0,0,13.897,915.4
P160,23,72.1,0,0,14.08,1048.5
P160,24,72.1,0,0,14.059,899.97
P160,25,72.1,0,1,14.256,880.3
P160,26,72.1,0,0,13.861,989.56
P160,27,72.1,0,0,14.073,932.98
P160,28,72.1,0,0,13.628,892.92
P160,29,72.1,0,0,14.296,984.86
P160,30,72.1,0,0,14.001,909.58
P160,31,72.1,0,0,14.58,1066.14
P160,32,72.1,0,0,13.985,1055.66
P160,33,72.1,0,0,13.433,1005.69
P160,34,72.1,0,0,14.338,943.52
P160,35,72.1,0,1,13.158,918.29
P160,36,72.1,0,0,13.946,833.91
P160,37,72.1,0,1,12.614,950.62
P160,38,72.1,0,0,14.947,928.05
P160,39,72.1,0,0,14.666,838.96
P160,40,72.1,0,0,14.693,981.06
