team_id,region,month,adopted,sales,margin,calls,conversion
T062,West,8,1,115.79,26.88,51.1,0.1798
T035,West,2,0,145.79,27.02,58.4,0.1961
T045,East,7,0,85.3,23.28,38.3,0.1714
T103,Central,2,0,170.53,26.77,45.6,0.2071
T066,East,10,0,118.81,24.05,48.1,0.1831
T066,East,18,0,131.04,20.52,59.0,0.2458
T115,South,7,0,84.47,24.66,38.8,0.1239
T098,East,7,0,100.62,15.99,35.0,0.152
T046,Central,12,0,122.19,22.31,54.5,0.207
T015,Central,19,0,103.82,16.43,47.8,0.1903
T090,East,18,0,146.34,26.56,51.7,0.2345
T083,East,12,0,99.37,24.46,50.9,0.163
T002,South,20,0,125.47,18.67,53.1,0.1822
T031,South,6,0,106.83,23.27,46.0,0.1278
T091,Central,4,0,127.66,21.45,38.9,0.1784
T077,West,8,1,99.78,23.22,45.6,0.1416
T110,East,7,0,117.33,28.95,41.0,0.1612
T067,South,8,0,115.7,25.17,50.0,0.2291
T093,West,7,0,100.15,21.49,53.3,0.212
T070,East,7,0,157.87,23.01,46.0,0.1729
T076,Central,1,0,129.59,23.23,42.4,0.193
T018,East,12,0,93.85,18.8,36.6,0.1759
T060,West,20,0,112.51,19.66,44.0,0.2001
T118,Central,21,0,133.39,23.41,62.6,0.2231
T118,Central,18,0,119.03,20.18,55.8,0.1653
T108,West,3,0,148.19,22.84,43.5,0.1966
T025,East,6,0,109.8,20.96,32.1,0.1717
T006,East,6,0,116.57,20.4,40.6,0.2137
T008,South,10,0,100.19,17.37,35.8,0.1856
T070,East,6,0,148.22,27.03,46.7,0.2312
T071,South,23,0,126.03,22.91,56.4,0.1513
T086,Central,8,1,129.45,25.94,49.7,0.1856
T057,West,14,0,146.2,22.01,48.7,0.2288
T027,Central,3,0,103.05,23.7,32.3,0.1618
T090,East,20,0,159.73,27.11,60.5,0.2378
T037,West,2,0,133.57,20.26,47.4,0.2077
T035,West,20,0,177.55,23.25,66.8,0.2081
T102,East,21,0,140.58,22.16,54.9,0.1836
T038,West,22,0,94.2,19.63,48.7,0.1561
T111,West,9,0,99.57,21.46,42.7,0.1698
T072,East,22,0,128.04,20.48,52.4,0.1474
T114,Central,23,0,94.43,23.54,58.4,0.1932
T077,West,2,0,78.32,15.01,32.1,0.1634
T114,Central,18,0,105.73,23.94,53.9,0.1912
T033,West,10,0,75.57,18.29,41.6,0.1693
T054,South,22,0,122.8,21.21,51.0,0.1422
T104,Central,13,0,130.22,23.15,55.7,0.2092
T024,West,14,0,77.88,24.15,37.5,0.1588
T084,Central,23,0,166.19,22.43,65.7,0.2388
T047,West,7,0,104.46,19.04,40.9,0.1504
T007,East,20,0,156.83,25.06,62.8,0.2185
T060,West,8,0,106.26,19.7,36.3,0.172
T049,West,24,0,144.47,21.85,54.5,0.1888
T120,East,10,0,149.54,20.82,48.5,0.2068
T054,South,20,0,105.7,21.64,55.6,0.1402
T116,East,22,0,106.16,21.91,52.8,0.1991
T076,Central,10,0,138.37,29.26,52.2,0.1924
T103,Central,21,0,175.58,28.59,59.0,0.2383
T064,South,9,0,127.6,21.85,52.9,0.1802
T071,South,11,0,66.97,22.24,31.0,0.1235
T100,West,14,0,113.58,23.01,49.8,0.1788
T088,West,23,0,103.1,22.98,46.0,0.175
T010,Central,16,0,123.58,19.44,48.7,0.1941
T076,Central,8,1,108.34,22.57,51.9,0.1606
T107,Central,15,0,135.1,24.3,50.9,0.2014
T049,West,6,0,82.68,19.93,44.0,0.1452
T044,Central,10,0,132.77,19.3,49.3,0.1993
T038,West,18,0,125.73,20.73,51.7,0.1739
T115,South,19,0,108.45,23.99,52.0,0.1745
T081,Central,24,0,147.14,25.68,54.6,0.2064
T051,South,9,0,95.33,17.02,40.4,0.1967
T120,East,11,0,145.85,23.28,50.0,0.2058
T018,East,3,0,115.57,25.14,47.6,0.1511
T011,East,24,0,177.78,33.33,63.3,0.1998
T051,South,2,0,100.54,22.53,46.2,0.1648
T033,West,20,0,80.99,22.31,45.1,0.1311
T116,East,10,0,120.56,21.47,43.7,0.1646
T066,East,8,0,110.53,20.64,44.2,0.165
T042,South,4,0,84.12,18.28,25.3,0.1713
T081,Central,7,0,133.35,24.2,42.8,0.1852
T119,West,24,0,179.19,29.1,60.1,0.1905
T046,Central,8,0,132.19,22.9,48.6,0.1996
T020,East,9,0,109.25,27.36,56.0,0.1634
T033,West,19,0,104.49,18.75,49.2,0.1558
T023,South,17,0,103.61,20.22,57.5,0.1599
T054,South,1,0,54.21,19.93,33.0,0.1538
T004,West,19,0,150.44,22.05,37.5,0.1906
T082,East,7,0,109.41,18.4,39.5,0.1447
T093,West,16,0,145.32,26.15,51.0,0.1419
T038,West,24,0,117.75,26.19,39.5,0.1827
T040,Central,18,0,157.76,17.3,54.8,0.2009
T021,West,10,0,115.99,23.35,46.0,0.1804
T075,South,8,1,127.52,28.85,55.3,0.2003
T050,Central,2,0,136.38,26.72,44.3,0.2309
T119,West,18,0,156.57,23.39,50.6,0.2116
T071,South,2,0,69.78,21.97,44.4,0.1708
T020,East,2,0,121.15,27.24,45.9,0.2018
T118,Central,5,0,117.22,20.36,43.9,0.1729
T049,West,11,0,95.56,19.96,46.9,0.1791
T088,West,2,0,108.75,20.61,45.0,0.1692
T016,West,5,0,133.58,27.25,49.4,0.2078
T022,South,7,0,99.63,13.2,51.6,0.1611
T067,South,3,0,135.72,26.75,37.3,0.1948
T042,South,5,0,76.07,21.9,27.1,0.1276
T079,East,13,0,81.57,15.58,47.2,0.1651
T005,Central,9,0,89.27,22.06,36.4,0.1487
T053,Central,8,0,161.37,23.88,52.6,0.265
T043,South,8,0,117.91,22.84,46.6,0.1487
T113,South,24,0,175.28,26.28,64.6,0.2319
T032,South,9,0,127.63,24.6,41.9,0.1813
T017,East,1,0,136.69,22.47,46.5,0.213
T118,Central,22,0,125.0,15.17,53.3,0.1733
T012,South,13,0,95.69,22.32,38.7,0.1273
T100,West,21,0,137.94,28.27,49.1,0.1879
T022,South,3,0,130.86,23.12,39.3,0.1629
T097,West,23,0,114.88,22.66,52.1,0.1379
T052,Central,6,0,108.23,19.68,40.7,0.1933
T113,South,17,0,179.44,25.06,67.5,0.2373
T010,Central,17,0,130.13,19.01,52.6,0.1839
T010,Central,2,0,98.32,25.19,36.2,0.1849
T098,East,15,0,97.26,14.43,42.0,0.1629
T032,South,8,0,99.47,27.56,46.4,0.1909
T051,South,23,0,93.7,20.79,44.1,0.1651
T098,East,1,0,75.53,22.79,36.7,0.1303
T069,West,1,0,82.65,21.18,36.4,0.1463
T008,South,17,0,102.26,19.35,55.0,0.1973
T078,Central,9,0,97.44,18.6,39.6,0.1749
T043,South,9,0,106.18,16.8,50.7,0.1679
T115,South,22,0,142.17,20.99,52.4,0.1721
T108,West,15,0,146.72,22.14,51.4,0.2105
T070,East,8,0,147.76,26.64,51.7,0.2381
T059,West,7,0,109.64,20.17,36.4,0.1874
T019,West,22,0,80.49,18.17,46.4,0.1734
T082,East,17,0,103.53,22.65,49.6,0.1911
T108,West,12,0,120.55,26.87,47.3,0.1987
T054,South,17,0,98.12,21.66,47.4,0.162
T049,West,10,0,112.94,24.61,43.0,0.1768
T098,East,17,0,79.15,22.89,37.4,0.2009
T013,South,24,0,147.43,20.08,53.1,0.1878
T120,East,3,0,145.03,21.69,42.5,0.1724
T095,East,12,0,96.71,19.83,49.9,0.1515
T083,East,17,0,105.18,22.88,37.1,0.1811
T089,East,13,0,113.91,20.27,36.5,0.1553
T043,South,14,0,126.58,23.48,55.6,0.1987
T114,Central,3,0,87.43,21.39,36.8,0.1613
T089,East,18,0,106.52,17.57,57.7,0.185
T112,Central,15,0,114.86,27.73,50.7,0.2184
T069,West,7,0,102.41,21.34,33.9,0.1696
T104,Central,7,0,114.09,22.2,40.1,0.2004
T060,West,19,0,113.89,19.7,53.3,0.1757
T101,East,11,0,171.5,27.95,54.2,0.2187
T100,West,9,0,93.17,21.87,46.7,0.1803
T099,South,17,0,114.15,21.29,44.9,0.1743
T068,South,14,0,99.24,24.41,44.8,0.1997
T109,West,13,0,108.51,20.86,51.8,0.1892
T085,West,10,0,131.61,20.59,50.0,0.1977
T044,Central,19,0,138.34,25.48,59.3,0.2017
T066,East,13,0,120.41,24.54,51.6,0.1975
T013,South,22,0,135.02,26.27,58.2,0.1996
T111,West,8,0,114.8,22.01,48.2,0.1743
T113,South,10,0,149.12,23.63,50.3,0.2443
T103,Central,13,0,136.71,23.89,57.8,0.2297
T028,West,15,0,147.03,23.12,50.4,0.2059
T043,South,4,0,111.14,21.97,39.1,0.1966
T024,West,12,0,100.41,22.26,37.1,0.1714
T056,West,23,0,123.13,21.89,62.0,0.1737
T007,East,16,0,160.0,24.26,62.2,0.1893
T051,South,5,0,121.66,25.53,55.3,0.1833
T003,West,2,0,68.96,13.76,32.1,0.1422
T070,East,12,1,147.85,25.81,52.4,0.2216
T035,West,22,0,145.4,27.27,49.4,0.221
T090,East,5,0,146.58,23.65,50.1,0.2146
T084,Central,17,0,156.38,24.49,55.5,0.2315
T027,Central,10,0,111.72,19.64,41.1,0.1594
T030,South,18,0,84.92,24.55,45.8,0.1629
T072,East,11,0,93.24,16.04,47.8,0.1646
T107,Central,6,0,106.66,24.61,48.1,0.1866
T048,South,23,0,114.22,23.36,55.3,0.1741
T011,East,1,0,153.75,22.08,55.2,0.2073
T073,Central,24,0,139.51,21.54,52.6,0.1896
T025,East,22,0,104.93,17.31,53.7,0.1765
T031,South,17,0,120.74,19.93,46.5,0.1618
T111,West,5,0,114.01,22.63,32.1,0.1452
T035,West,21,0,176.86,23.71,65.1,0.1986
T028,West,7,0,161.44,25.16,59.1,0.216
T107,Central,16,0,135.34,22.02,60.4,0.1737
T064,South,19,0,137.77,24.41,48.1,0.1879
T085,West,2,0,140.14,20.4,41.7,0.2064
T109,West,8,1,88.3,27.15,46.7,0.1873
T093,West,5,0,110.4,16.94,36.7,0.1664
T073,Central,22,0,161.58,23.38,62.2,0.2145
T067,South,20,0,174.84,30.56,64.4,0.2048
T086,Central,18,0,143.05,19.72,53.4,0.2369
T031,South,8,0,116.73,20.58,42.3,0.1997
T056,West,22,0,103.37,24.35,59.1,0.1907
T069,West,20,0,121.25,18.29,59.8,0.1552
T079,East,23,0,99.49,16.62,50.4,0.1774
T046,Central,13,0,122.94,20.28,45.5,0.1939
T075,South,6,0,110.1,23.9,43.1,0.2242
T068,South,19,0,123.86,22.72,51.0,0.1687
T047,West,4,0,98.99,16.49,40.1,0.165
T010,Central,19,0,130.83,25.35,48.7,0.1415
T064,South,6,0,119.54,27.8,43.1,0.1697
T044,Central,23,0,126.04,21.18,48.9,0.1683
T111,West,2,0,91.71,19.37,44.7,0.1449
T067,South,22,0,164.06,24.71,60.7,0.1941
T069,West,6,0,87.81,22.46,33.1,0.19
T114,Central,11,0,102.42,20.76,48.4,0.1894
T057,West,21,0,163.92,26.33,54.4,0.2067
T046,Central,19,0,145.49,27.45,58.8,0.1767
T108,West,17,0,145.1,21.54,45.8,0.1884
T011,East,11,0,137.04,22.51,43.4,0.2004
T054,South,24,0,94.56,16.96,54.4,0.1421
T023,South,21,0,137.83,24.35,53.6,0.1647
T012,South,2,0,80.85,19.37,29.5,0.1566
T095,East,5,0,93.68,16.95,33.8,0.1639
T087,Central,10,0,80.55,24.07,43.5,0.1842
T055,Central,8,0,98.79,23.77,46.9,0.1732
T101,East,3,0,156.95,27.68,60.9,0.1866
T093,West,18,0,125.19,32.0,56.1,0.1879
T058,South,23,0,167.88,22.42,68.2,0.2406
T008,South,18,0,117.1,24.94,48.2,0.181
T019,West,19,0,104.35,14.22,46.4,0.1369
T018,East,14,0,95.16,18.87,43.8,0.1841
T077,West,24,0,119.59,20.85,64.5,0.1425
T096,West,22,0,158.37,24.78,65.8,0.1971
T086,Central,20,0,150.61,23.07,48.5,0.18
T065,Central,14,0,92.96,20.53,38.7,0.1904
T093,West,15,0,125.2,23.6,48.8,0.2088
T066,East,7,0,119.49,18.91,48.0,0.2073
T035,West,24,0,162.71,24.62,58.4,0.2458
T038,West,23,0,112.92,25.3,50.4,0.1811
T020,East,6,0,121.63,18.0,46.5,0.1767
T083,East,16,0,89.77,20.69,49.6,0.1825
T088,West,3,0,94.03,21.55,33.6,0.1594
T006,East,13,0,130.67,20.58,44.0,0.1839
T004,West,15,0,141.19,22.87,51.1,0.1787
T091,Central,14,0,153.97,22.25,48.1,0.2111
T029,West,15,0,120.9,26.44,47.6,0.1684
T019,West,6,0,77.34,17.44,38.9,0.1418
T012,South,14,0,85.61,23.77,39.1,0.1513
T030,South,6,0,70.24,19.95,40.3,0.1692
T108,West,2,0,129.97,19.68,54.0,0.1699
T082,East,8,0,102.52,22.7,45.0,0.1691
T052,Central,20,0,122.15,21.78,43.0,0.1642
T001,East,10,0,136.44,27.81,51.2,0.1607
T110,East,19,0,101.83,26.42,50.4,0.1721
T114,Central,6,0,88.56,23.46,41.9,0.1675
T054,South,3,0,70.88,20.49,41.4,0.1377
T069,West,17,0,111.03,18.13,47.7,0.1356
T056,West,8,0,114.25,25.17,45.7,0.1737
T044,Central,22,0,132.01,24.78,55.2,0.1809
T045,East,10,0,95.48,21.25,44.2,0.16
T115,South,2,0,92.72,23.81,34.7,0.1435
T087,Central,23,0,119.04,23.05,61.3,0.192
T025,East,9,0,82.1,23.19,42.5,0.1378
T078,Central,8,0,109.05,20.71,41.0,0.1486
T026,West,10,0,151.44,21.26,54.0,0.2209
T044,Central,9,0,122.84,20.15,42.2,0.1782
T021,West,20,0,164.74,21.0,60.8,0.182
T012,South,22,0,102.77,19.96,45.1,0.1515
T006,East,24,0,126.83,25.99,59.2,0.1935
T111,West,13,0,110.78,21.29,54.8,0.1669
T024,West,20,0,103.51,22.7,51.6,0.1749
T081,Central,13,0,109.52,23.54,40.0,0.2246
T115,South,8,0,72.55,22.49,49.0,0.1304
T023,South,22,0,112.35,21.4,53.5,0.1274
T006,East,16,0,140.78,22.34,52.5,0.1668
T093,West,8,1,108.16,26.71,49.1,0.2092
T017,East,8,0,115.95,21.74,48.9,0.205
T088,West,8,0,80.11,22.39,42.3,0.1823
T109,West,1,0,91.89,19.18,37.6,0.1646
T005,Central,1,0,91.85,19.31,41.1,0.1571
T036,West,15,0,157.96,28.38,68.9,0.224
T098,East,14,0,88.44,19.89,49.4,0.1395
T105,East,20,0,132.98,20.74,53.6,0.23
T011,East,15,0,154.0,24.06,61.7,0.246
T059,West,14,0,123.56,23.86,45.1,0.2059
T016,West,23,0,147.68,24.23,61.6,0.2286
T065,Central,24,0,102.59,20.6,50.4,0.1717
T041,Central,3,0,126.16,22.63,37.6,0.2388
T080,West,3,0,108.23,18.95,37.2,0.1725
T103,Central,20,0,158.78,24.11,64.6,0.2626
T037,West,15,0,144.93,23.66,51.9,0.203
T117,West,22,0,150.46,23.18,56.2,0.2173
T104,Central,20,0,153.82,23.63,64.8,0.19
T002,South,9,0,119.86,22.26,45.4,0.2008
T089,East,5,0,100.54,17.1,39.4,0.182
T050,Central,16,0,160.47,25.74,57.2,0.2142
T091,Central,9,0,140.13,20.23,51.6,0.1656
T078,Central,2,0,98.81,17.66,40.6,0.1672
T027,Central,18,0,133.93,23.99,49.2,0.1872
T115,South,1,0,74.86,23.34,34.3,0.1798
T043,South,7,0,111.77,19.03,45.8,0.1882
T114,Central,7,0,90.62,20.08,41.9,0.1264
T031,South,3,0,108.04,21.4,43.5,0.1749
T064,South,22,0,146.38,20.63,47.6,0.2246
T069,West,15,0,93.61,27.4,43.8,0.1812
T109,West,2,0,94.32,21.66,37.4,0.145
T107,Central,13,0,115.11,27.69,55.4,0.2045
T021,West,6,0,112.89,23.45,39.2,0.1748
T057,West,8,0,131.15,24.92,47.0,0.233
T099,South,24,0,122.66,25.32,51.3,0.1648
T054,South,15,0,98.86,21.3,45.1,0.1603
T044,Central,18,0,151.25,24.97,55.2,0.1947
T075,South,24,0,146.93,25.53,66.0,0.1973
T041,Central,13,0,103.1,15.88,43.7,0.1838
T038,West,6,0,87.41,18.59,35.4,0.1797
T063,Central,22,0,146.37,18.52,55.7,0.1527
T025,East,15,0,100.25,20.88,47.8,0.1532
T099,South,5,0,121.15,18.38,33.3,0.1756
T119,West,5,0,152.95,22.56,45.4,0.1871
T011,East,9,0,136.55,27.35,48.2,0.2119
T093,West,11,0,112.08,18.07,47.2,0.1879
T028,West,1,0,162.35,24.41,37.7,0.2135
T048,South,4,0,81.07,28.22,30.1,0.1136
T039,South,6,0,111.12,17.28,41.1,0.1476
T050,Central,20,0,179.14,25.76,62.1,0.2161
T096,West,19,0,135.45,19.61,58.0,0.2019
T062,West,5,0,120.18,25.89,40.4,0.1889
T016,West,4,0,118.95,21.33,49.4,0.2036
T055,Central,15,0,103.63,20.17,40.6,0.1479
T052,Central,2,0,103.3,24.61,45.7,0.1631
T056,West,24,0,120.16,26.43,61.1,0.2058
T052,Central,22,0,116.47,22.59,61.0,0.1923
T040,Central,11,0,122.59,23.57,43.2,0.1964
T066,East,17,0,146.01,22.35,58.7,0.1881
T052,Central,16,0,116.47,20.78,44.6,0.2175
T103,Central,14,0,158.71,29.74,54.7,0.2285
T006,East,4,0,125.81,23.44,48.6,0.224
T062,West,9,0,110.37,24.4,51.4,0.2379
T033,West,11,0,79.15,22.9,47.9,0.1429
T032,South,7,0,114.96,27.33,34.0,0.2202
T013,South,16,0,127.16,18.36,53.8,0.1814
T004,West,2,0,123.26,24.86,48.8,0.2268
T030,South,11,0,87.94,20.99,45.2,0.1528
T062,West,7,0,120.4,25.46,38.5,0.1967
T084,Central,22,0,184.73,22.87,68.9,0.2399
T061,East,13,0,129.31,24.94,49.8,0.1574
T110,East,3,0,112.56,16.07,36.5,0.1909
T059,West,22,0,116.56,24.5,58.7,0.1777
T080,West,11,0,94.93,24.91,47.5,0.1651
T002,South,22,0,119.92,21.82,55.4,0.2017
T118,Central,16,0,109.36,22.73,55.2,0.1955
T068,South,21,0,110.83,20.3,45.9,0.1592
T025,East,4,0,104.51,21.68,33.9,0.1551
T035,West,11,0,141.3,15.7,49.9,0.2165
T087,Central,5,0,96.53,19.44,36.8,0.1696
T068,South,13,0,94.98,22.72,40.6,0.2226
T011,East,13,0,148.45,25.19,52.9,0.234
T048,South,8,0,93.56,18.31,39.1,0.1707
T084,Central,3,0,107.56,22.09,56.0,0.2166
T076,Central,19,0,125.9,22.11,54.3,0.1894
T030,South,3,0,88.24,16.08,33.5,0.1478
T039,South,23,0,133.5,22.1,53.7,0.1738
T058,South,2,0,151.79,23.17,36.9,0.2158
T061,East,14,0,140.44,21.83,50.9,0.2126
T008,South,15,0,97.2,25.66,47.8,0.1626
T120,East,16,0,154.64,22.33,58.6,0.2246
T091,Central,23,0,137.69,26.72,53.9,0.1911
T005,Central,21,0,131.03,21.44,58.3,0.1792
T075,South,13,0,137.78,26.82,56.5,0.2066
T026,West,22,0,156.01,27.14,64.5,0.1896
T078,Central,7,0,113.0,15.63,40.8,0.1682
T071,South,8,0,87.14,18.0,31.5,0.1318
T090,East,10,0,132.33,26.69,52.0,0.1951
T091,Central,15,0,106.55,25.3,46.2,0.2033
T076,Central,3,0,102.75,22.8,46.2,0.196
T006,East,12,0,126.09,20.47,56.0,0.2156
T014,East,17,0,142.84,23.67,59.5,0.2214
T050,Central,12,0,169.48,25.55,53.7,0.2173
T120,East,9,0,120.51,24.84,56.5,0.1928
T080,West,15,0,123.83,26.13,50.9,0.1859
T050,Central,3,0,159.1,20.81,54.2,0.223
T118,Central,24,0,132.99,18.78,61.9,0.2161
T029,West,21,0,136.41,17.06,57.5,0.2071
T067,South,24,0,171.1,25.55,56.6,0.2224
T057,West,19,0,160.38,23.79,63.2,0.2195
T043,South,11,0,121.05,20.41,42.0,0.1902
T111,West,11,0,94.9,21.04,35.6,0.145
T091,Central,17,0,118.08,19.7,45.3,0.2174
T107,Central,19,0,116.58,20.27,52.9,0.1907
T031,South,1,0,105.53,21.82,39.1,0.1574
T046,Central,16,1,140.17,27.89,51.8,0.2015
T022,South,2,0,96.85,23.5,36.8,0.1452
T053,Central,4,0,164.29,24.14,53.0,0.2175
T011,East,22,0,160.97,21.1,54.6,0.2361
T033,West,21,0,108.21,21.44,55.4,0.1849
T093,West,12,0,117.15,24.05,48.2,0.175
T095,East,16,0,118.92,19.03,49.6,0.1697
T085,West,1,0,128.02,28.97,45.3,0.2145
T032,South,19,0,151.99,25.6,53.5,0.2005
T109,West,7,0,91.35,20.63,43.9,0.1635
T084,Central,16,0,142.03,31.25,61.5,0.1781
T054,South,19,0,101.79,20.78,48.0,0.1855
T080,West,14,0,83.95,22.75,36.2,0.1539
T003,West,19,0,126.7,23.11,43.8,0.1628
T116,East,13,0,85.81,27.3,50.6,0.177
T037,West,20,0,147.86,25.07,59.1,0.2085
T018,East,23,0,120.7,19.76,56.7,0.206
T052,Central,12,1,95.47,24.58,49.2,0.1914
T097,West,7,0,96.0,22.77,43.4,0.1771
T072,East,4,0,110.14,20.74,50.0,0.1891
T055,Central,5,0,116.28,23.25,39.1,0.131
T007,East,15,0,154.31,27.09,56.3,0.2143
T049,West,21,0,127.51,22.72,59.2,0.1725
T110,East,20,0,129.52,20.29,51.6,0.1983
T035,West,19,0,155.23,21.87,59.7,0.2315
T031,South,23,0,116.4,23.91,51.2,0.1868
T003,West,3,0,58.01,24.51,34.2,0.158
T098,East,13,0,87.02,18.42,44.6,0.1543
T071,South,6,0,91.65,23.68,34.5,0.1465
T033,West,9,0,86.48,19.49,38.8,0.1664
T034,East,14,0,92.99,23.21,56.3,0.1609
T013,South,8,0,135.2,22.79,44.1,0.183
T042,South,16,0,100.36,21.5,43.7,0.1514
T024,West,17,0,100.33,17.08,48.7,0.1803
T116,East,8,0,115.05,24.36,46.3,0.1671
T071,South,9,0,62.37,20.97,43.1,0.1579
T073,Central,19,0,149.44,24.08,57.9,0.2247
T115,South,11,0,96.87,18.47,37.9,0.1737
T066,East,1,0,112.63,19.11,25.7,0.1667
T099,South,11,0,100.71,24.35,52.3,0.1993
T008,South,8,0,97.6,21.53,40.6,0.1733
T042,South,17,0,83.22,19.91,49.3,0.1687
T064,South,17,0,115.56,25.06,48.7,0.195
T021,West,18,0,153.72,26.11,61.1,0.1868
T010,Central,15,0,126.01,24.07,56.7,0.1718
T009,South,18,0,148.47,23.96,49.8,0.1823
T103,Central,18,0,170.95,26.4,56.5,0.2153
T019,West,20,0,84.23,16.95,46.2,0.1738
T052,Central,7,0,103.28,25.06,45.4,0.1941
T029,West,3,0,105.32,23.77,36.9,0.16
T003,West,1,0,78.16,20.6,39.4,0.1163
T057,West,11,0,123.62,24.57,55.0,0.2134
T024,West,9,0,99.86,27.09,49.8,0.1736
T062,West,13,0,130.75,26.36,66.3,0.2008
T078,Central,16,1,129.08,20.14,49.1,0.1718
T058,South,18,0,177.17,20.39,56.0,0.1728
T053,Central,7,0,166.49,25.96,51.1,0.1958
T089,East,14,0,113.44,14.37,51.9,0.1407
T001,East,9,0,121.01,17.94,50.6,0.2102
T067,South,12,1,138.58,22.9,56.4,0.2385
T045,East,20,0,107.55,22.89,54.1,0.1503
T041,Central,14,0,131.04,31.49,52.6,0.1891
T057,West,6,0,129.12,25.06,56.6,0.1922
T099,South,9,0,103.33,26.12,49.9,0.1765
T086,Central,14,0,124.97,28.1,54.1,0.2198
T069,West,13,0,109.04,23.47,58.6,0.202
T025,East,10,0,112.19,22.91,42.8,0.1197
T034,East,11,0,100.85,26.62,44.2,0.1609
T064,South,10,0,114.67,16.45,48.3,0.1983
T045,East,9,0,71.87,15.41,34.9,0.1337
T117,West,4,0,127.87,21.9,52.1,0.1809
T062,West,6,0,119.41,21.32,42.3,0.1662
T018,East,17,0,117.2,22.98,64.1,0.2094
T061,East,16,0,116.18,22.16,49.0,0.2098
T028,West,14,0,149.67,20.39,53.9,0.2074
T070,East,3,0,157.7,29.03,52.1,0.1793
T075,South,20,0,164.31,17.7,61.5,0.2441
T103,Central,3,0,131.95,26.07,45.9,0.2505
T028,West,13,0,123.56,21.57,50.3,0.2138
T067,South,21,0,171.28,23.38,57.4,0.2383
T038,West,9,0,98.64,20.39,37.4,0.1752
T116,East,14,0,100.4,25.67,55.3,0.183
T112,Central,14,0,115.9,23.96,43.0,0.1769
T075,South,9,0,138.19,27.12,57.7,0.1982
T013,South,21,0,144.16,21.45,62.2,0.2172
T030,South,5,0,76.31,16.95,34.6,0.1708
T036,West,24,0,140.81,25.31,58.0,0.2221
T077,West,21,0,128.98,20.3,54.1,0.167
T062,West,18,0,143.96,26.04,56.0,0.1785
T016,West,22,0,138.63,20.3,58.8,0.1973
T021,West,7,0,116.84,21.61,40.1,0.2182
T032,South,16,1,136.85,21.9,60.7,0.2136
T004,West,12,0,120.56,13.74,48.4,0.1998
T089,East,11,0,98.07,21.46,40.4,0.1904
T042,South,11,0,85.03,23.15,40.7,0.1382
T007,East,22,0,168.13,21.86,66.9,0.2016
T017,East,4,0,139.14,20.96,46.6,0.1823
T049,West,16,0,103.48,25.53,50.4,0.1738
T008,South,4,0,105.68,20.94,32.7,0.1665
T074,South,19,0,116.98,22.83,50.3,0.1703
T112,Central,8,0,116.05,23.57,44.3,0.1253
T033,West,8,0,81.53,16.26,43.1,0.1397
T107,Central,21,0,150.35,21.88,57.4,0.1725
T106,East,13,0,114.33,22.18,53.3,0.2105
T073,Central,1,0,149.69,19.96,47.7,0.1931
T028,West,18,0,162.27,26.84,57.9,0.2394
T032,South,20,0,152.25,20.99,65.6,0.1902
T071,South,13,0,100.2,20.39,50.8,0.1557
T104,Central,17,0,157.93,24.87,45.6,0.1792
T116,East,9,0,94.12,21.28,46.7,0.1937
T054,South,7,0,81.64,17.45,39.1,0.1206
T051,South,15,0,105.79,18.29,43.1,0.1511
T041,Central,21,0,156.44,23.7,56.1,0.1642
T017,East,13,0,153.86,23.54,66.3,0.2426
T096,West,4,0,116.47,20.04,43.7,0.1868
T096,West,5,0,121.23,25.85,45.9,0.1654
T060,West,6,0,90.97,22.75,43.3,0.1733
T094,Central,22,0,130.94,26.6,56.1,0.1308
T005,Central,23,0,128.32,22.25,53.5,0.1796
T071,South,5,0,90.86,20.94,45.3,0.1633
T013,South,15,0,109.61,22.99,54.9,0.1832
T026,West,5,0,113.99,27.37,40.4,0.1975
T080,West,13,0,87.44,16.61,47.5,0.1412
T054,South,9,0,62.81,22.78,44.1,0.1496
T083,East,7,0,86.98,18.1,44.2,0.1624
T066,East,15,0,122.6,27.75,60.3,0.2104
T046,Central,23,0,149.04,22.99,54.3,0.2105
T092,West,13,0,90.63,23.34,40.2,0.1575
T009,South,2,0,99.48,21.64,40.6,0.1474
T022,South,22,0,143.99,22.77,49.0,0.1906
T106,East,15,0,157.21,20.27,43.8,0.2102
T050,Central,18,0,165.6,23.73,65.3,0.2318
T059,West,17,0,103.12,19.88,61.9,0.1933
T061,East,24,0,147.86,27.7,61.5,0.2177
T047,West,22,0,132.22,20.36,47.3,0.153
T033,West,1,0,72.67,15.93,36.4,0.1218
T029,West,7,0,107.8,21.81,36.2,0.1774
T117,West,24,0,133.81,25.24,61.2,0.2077
T051,South,8,0,87.69,26.22,45.6,0.1776
T052,Central,4,0,117.24,23.44,47.5,0.1496
T056,West,1,0,96.23,23.68,39.9,0.1592
T080,West,16,1,117.55,24.2,53.6,0.2047
T064,South,14,0,118.9,24.56,54.3,0.17
T027,Central,16,1,119.29,22.05,52.7,0.1907
T118,Central,3,0,101.9,22.11,37.9,0.1605
T054,South,21,0,109.33,20.6,44.3,0.2005
T031,South,22,0,111.81,21.27,55.3,0.1632
T074,South,3,0,96.15,22.64,50.2,0.1752
T070,East,5,0,148.8,31.21,42.3,0.2085
T068,South,15,0,109.94,17.97,42.9,0.167
T103,Central,16,1,179.87,27.14,57.1,0.2411
T117,West,7,0,126.2,21.8,46.0,0.2121
T099,South,16,0,131.89,20.58,59.8,0.1946
T028,West,24,0,168.36,22.25,57.7,0.212
T087,Central,13,0,80.11,23.79,37.9,0.1658
T089,East,15,0,108.69,26.42,45.3,0.1551
T100,West,20,0,114.26,21.75,47.7,0.1803
T025,East,5,0,105.84,21.36,34.3,0.1524
T037,West,21,0,159.2,20.71,61.5,0.2125
T014,East,2,0,131.42,24.54,36.0,0.1715
T115,South,21,0,119.11,19.7,48.5,0.1665
T114,Central,4,0,116.02,21.6,38.3,0.1934
T113,South,4,0,147.43,24.12,43.2,0.2331
T035,West,18,0,156.91,20.33,60.1,0.2004
T097,West,13,0,118.05,19.61,42.4,0.165
T101,East,13,0,176.98,31.3,58.3,0.2415
T091,Central,22,0,129.31,20.74,62.1,0.2084
T031,South,13,0,98.79,22.51,47.7,0.1513
T001,East,3,0,129.35,22.75,48.7,0.2104
T015,Central,21,0,113.12,21.61,49.2,0.1899
T030,South,23,0,104.6,24.68,49.1,0.1616
T061,East,1,0,120.06,22.45,38.4,0.1824
T006,East,10,0,119.19,24.97,53.9,0.1725
T098,East,2,0,79.12,24.26,31.7,0.1265
T100,West,23,0,117.36,22.63,59.5,0.1724
T029,West,1,0,92.7,18.55,36.5,0.1511
T062,West,1,0,123.81,22.89,35.5,0.1842
T094,Central,9,0,110.58,21.51,44.9,0.1715
T117,West,3,0,144.6,23.73,41.2,0.1944
T014,East,11,0,113.16,26.74,46.3,0.2153
T077,West,3,0,110.72,22.26,29.9,0.1805
T044,Central,14,0,130.19,19.0,56.8,0.2068
T097,West,3,0,105.14,22.0,40.8,0.1725
T107,Central,1,0,129.64,20.5,43.8,0.1902
T005,Central,7,0,113.64,16.19,45.6,0.1605
T063,Central,8,0,62.67,19.06,31.8,0.1125
T090,East,2,0,148.2,26.02,41.1,0.1881
T051,South,17,0,91.6,17.35,49.5,0.171
T058,South,5,0,149.08,30.63,49.8,0.2062
T017,East,18,0,165.18,23.79,60.2,0.1977
T084,Central,15,0,152.36,27.78,53.2,0.1849
T096,West,11,0,100.5,18.68,52.5,0.2042
T096,West,15,0,140.58,24.27,60.1,0.219
T046,Central,7,0,113.49,22.97,39.8,0.1527
T035,West,10,0,156.69,24.75,44.0,0.243
T087,Central,3,0,80.78,24.1,36.4,0.1987
T044,Central,3,0,120.58,23.15,48.4,0.1919
T045,East,21,0,94.0,22.49,46.1,0.1716
T112,Central,5,0,139.27,20.35,42.4,0.1821
T081,Central,18,0,143.71,30.13,54.5,0.2064
T111,West,7,0,120.37,21.19,42.7,0.2003
T101,East,16,0,182.67,24.4,57.7,0.234
T042,South,22,0,114.29,18.76,49.5,0.1365
T017,East,6,0,136.19,23.69,54.5,0.2202
T119,West,1,0,140.19,19.09,41.1,0.1967
T090,East,13,0,120.21,19.15,53.3,0.209
T023,South,23,0,101.12,22.19,51.5,0.1368
T100,West,7,0,85.15,26.14,41.2,0.1676
T107,Central,8,0,113.74,25.72,54.5,0.23
T059,West,2,0,92.18,25.72,47.5,0.1543
T042,South,13,0,91.36,17.41,43.4,0.1564
T088,West,22,0,120.79,25.24,51.2,0.147
T111,West,14,0,92.82,21.53,38.4,0.1853
T086,Central,3,0,121.32,25.66,32.4,0.1765
T070,East,17,0,146.18,25.98,60.4,0.1798
T073,Central,21,0,155.15,23.84,67.1,0.2201
T066,East,9,0,101.01,24.82,41.3,0.2151
T022,South,9,0,106.04,22.42,47.0,0.1683
T048,South,24,0,101.22,21.65,48.4,0.2055
T029,West,19,0,124.51,20.24,47.8,0.174
T047,West,2,0,122.23,22.45,41.6,0.1541
T007,East,14,0,144.13,22.02,52.6,0.2088
T114,Central,19,0,115.97,25.0,48.3,0.1597
T009,South,23,0,124.38,20.18,56.3,0.1415
T082,East,18,0,112.43,25.31,52.3,0.1646
T053,Central,1,0,164.38,35.53,59.1,0.246
T079,East,16,0,91.74,23.01,59.8,0.1416
T084,Central,19,0,143.26,27.08,59.1,0.1923
T117,West,8,0,116.69,23.7,51.1,0.2136
T048,South,1,0,110.42,19.2,46.7,0.1838
T016,West,8,0,124.13,22.52,40.0,0.2114
T059,West,24,0,104.94,20.84,53.7,0.2068
T018,East,5,0,110.95,25.84,37.5,0.1596
T089,East,6,0,102.96,25.09,42.2,0.1825
T081,Central,3,0,129.11,26.53,48.0,0.1772
T042,South,7,0,81.25,19.81,28.2,0.1526
T099,South,14,0,123.86,22.49,50.0,0.1976
T081,Central,19,0,149.75,23.64,60.3,0.1995
T011,East,14,0,158.7,28.95,64.7,0.2288
T057,West,15,0,165.67,25.82,44.2,0.2075
T021,West,13,0,121.02,22.16,47.4,0.1805
T005,Central,4,0,94.68,16.67,40.3,0.1925
T084,Central,12,0,162.89,16.65,66.8,0.2292
T070,East,10,0,126.07,24.11,49.2,0.1873
T039,South,12,0,117.2,19.42,46.2,0.1683
T023,South,10,0,103.2,21.68,38.1,0.1891
T073,Central,10,0,142.65,26.03,48.3,0.211
T058,South,1,0,141.19,26.17,44.9,0.1866
T101,East,1,0,176.88,31.6,50.2,0.2144
T076,Central,5,0,121.32,19.6,41.0,0.1833
T031,South,19,0,98.61,26.22,51.7,0.1695
T015,Central,24,0,114.13,23.92,49.4,0.1712
T110,East,24,0,126.02,20.66,46.2,0.2005
T120,East,4,0,131.08,22.56,42.7,0.2098
T061,East,4,0,128.52,24.04,40.0,0.1987
T023,South,19,0,114.06,17.73,53.9,0.1648
T032,South,2,0,120.0,29.04,44.0,0.2112
T008,South,12,0,70.24,25.8,31.4,0.1771
T096,West,3,0,139.53,21.12,48.2,0.2163
T095,East,24,0,126.76,24.31,58.0,0.1981
T072,East,9,0,101.58,27.33,43.7,0.1405
T117,West,19,0,154.5,27.61,59.0,0.2139
T042,South,18,0,96.33,22.99,45.2,0.1472
T090,East,14,0,130.44,23.64,50.7,0.2057
T106,East,24,0,141.1,26.32,55.3,0.2229
T109,West,6,0,80.89,19.47,42.7,0.1414
T045,East,23,0,88.21,20.17,54.5,0.1643
T063,Central,21,0,130.27,22.76,50.9,0.1664
T115,South,18,0,98.27,21.16,45.2,0.1599
T029,West,4,0,94.13,18.72,38.4,0.1749
T036,West,10,0,146.2,22.9,37.3,0.2152
T015,Central,15,0,100.47,19.87,53.2,0.1882
T088,West,18,0,117.8,21.26,41.1,0.1617
T064,South,21,0,158.41,24.86,63.5,0.1931
T024,West,22,0,105.45,20.78,56.3,0.1486
T086,Central,12,0,117.14,17.07,47.5,0.196
T019,West,14,0,96.88,21.5,47.1,0.1532
T082,East,1,0,103.93,30.2,39.2,0.1734
T020,East,4,0,126.6,22.11,38.7,0.207
T026,West,15,0,134.64,20.84,55.7,0.216
T040,Central,17,0,147.79,28.01,52.4,0.215
T114,Central,20,0,127.44,23.38,51.2,0.1592
T004,West,8,0,118.55,23.71,38.0,0.1901
T040,Central,15,0,134.22,20.88,49.5,0.1455
T108,West,5,0,161.6,23.38,46.5,0.1666
T053,Central,19,0,164.74,27.64,55.1,0.2029
T012,South,18,0,118.03,20.04,40.0,0.1693
T042,South,6,0,75.45,21.21,38.7,0.1443
T061,East,18,0,148.65,25.03,63.9,0.2306
T103,Central,22,0,161.82,27.59,62.1,0.239
T019,West,2,0,82.57,24.43,38.8,0.1787
T023,South,4,0,82.25,22.23,37.5,0.1448
T083,East,14,0,102.5,15.37,45.6,0.152
T080,West,21,0,124.43,19.05,49.6,0.1661
T015,Central,9,0,92.71,16.94,38.8,0.1651
T038,West,21,0,132.14,27.9,49.4,0.1807
T071,South,21,0,87.61,18.66,53.1,0.1376
T081,Central,12,0,97.82,25.22,39.3,0.1596
T040,Central,14,0,118.89,27.77,52.9,0.188
T074,South,4,0,82.82,21.13,44.4,0.1321
T109,West,3,0,93.07,21.49,29.3,0.1627
T024,West,8,0,88.39,24.31,38.5,0.1515
T031,South,12,0,105.89,25.65,44.1,0.1648
T108,West,24,0,156.98,21.91,56.7,0.2087
T040,Central,4,0,136.06,21.01,39.7,0.2155
T081,Central,14,0,108.56,18.72,48.9,0.1879
T057,West,23,0,175.65,23.66,61.3,0.1824
T073,Central,7,0,134.78,21.8,48.0,0.1963
T016,West,18,0,143.44,22.44,61.2,0.1716
T076,Central,22,0,132.53,21.62,51.4,0.1425
T094,Central,24,0,130.35,21.18,58.2,0.1738
T078,Central,24,0,125.95,18.49,57.2,0.1525
T105,East,16,0,118.49,20.5,44.8,0.2021
T033,West,5,0,85.46,17.15,38.7,0.1353
T119,West,2,0,117.69,22.17,48.2,0.2141
T019,West,11,0,90.21,28.77,37.3,0.1611
T110,East,2,0,117.27,28.8,38.7,0.1725
T057,West,3,0,151.1,23.85,43.4,0.2176
T083,East,10,0,112.49,16.12,53.3,0.1841
T031,South,9,0,105.01,26.04,53.5,0.2105
T105,East,1,0,137.73,21.58,39.4,0.1853
T050,Central,10,0,158.02,21.98,69.9,0.2375
T104,Central,5,0,147.06,19.65,61.4,0.1954
T058,South,22,0,161.99,25.29,71.3,0.2295
T024,West,18,0,99.2,19.75,52.2,0.1875
T002,South,5,0,105.94,22.93,34.1,0.113
T077,West,18,0,113.7,21.95,35.7,0.152
T111,West,4,0,89.63,25.62,36.7,0.1957
T102,East,15,0,131.18,22.2,44.8,0.1781
T015,Central,10,0,121.42,19.33,33.8,0.1668
T052,Central,5,0,116.57,21.81,42.8,0.1704
T007,East,1,0,140.52,22.69,39.7,0.2216
T119,West,19,0,173.0,24.94,61.9,0.2213
T075,South,22,0,163.71,25.59,65.8,0.21
T024,West,7,0,88.49,26.96,45.4,0.151
T115,South,15,0,76.1,21.22,48.7,0.1627
T077,West,22,0,104.07,18.12,58.9,0.179
T070,East,22,0,146.36,24.09,52.5,0.2137
T034,East,3,0,77.85,22.77,40.4,0.1833
T069,West,16,0,123.69,23.42,49.6,0.1995
T079,East,2,0,93.9,20.47,31.8,0.1649
T117,West,20,0,153.9,22.98,58.2,0.2114
T107,Central,9,0,119.01,25.62,46.3,0.1913
T117,West,11,0,107.56,26.03,50.8,0.1912
T013,South,23,0,118.37,24.44,56.2,0.2005
T091,Central,8,0,117.13,21.43,52.9,0.1861
T111,West,22,0,120.2,19.9,41.7,0.14
T097,West,18,0,118.78,20.36,46.6,0.1905
T006,East,7,0,103.46,24.44,49.4,0.194
T112,Central,4,0,114.98,19.6,44.7,0.1935
T024,West,24,0,124.88,25.22,59.7,0.1884
T014,East,24,0,133.38,27.39,61.3,0.1751
T036,West,11,0,134.77,23.29,40.6,0.1968
T114,Central,24,0,126.93,22.86,52.5,0.2027
T047,West,21,0,129.76,17.69,52.1,0.1932
T009,South,3,0,108.99,22.72,39.9,0.1826
T076,Central,9,0,153.4,25.98,53.6,0.1797
T038,West,7,0,99.68,23.56,42.6,0.1509
T047,West,23,0,116.63,26.16,56.6,0.1796
T014,East,6,0,126.38,22.62,47.8,0.1895
T021,West,14,0,137.11,22.05,65.7,0.2049
T096,West,18,0,159.69,28.22,64.4,0.2259
T104,Central,3,0,115.27,24.14,41.6,0.1709
T094,Central,1,0,114.77,23.39,34.0,0.1717
T110,East,4,0,116.05,23.42,50.8,0.2135
T119,West,10,0,150.53,25.36,59.4,0.2232
T016,West,7,0,119.18,22.02,43.5,0.1499
T034,East,23,0,102.06,20.45,57.5,0.1662
T018,East,9,0,91.81,14.26,45.5,0.1722
T038,West,20,0,131.92,21.66,45.9,0.1756
T027,Central,20,0,137.1,25.59,56.8,0.1942
T051,South,12,0,91.59,24.98,39.3,0.1651
T073,Central,4,0,132.98,21.16,44.3,0.1877
T075,South,23,0,136.9,22.27,60.7,0.2012
T088,West,14,0,91.12,23.74,46.3,0.1608
T040,Central,9,0,121.4,26.11,56.4,0.1798
T005,Central,2,0,108.37,22.79,36.7,0.1575
T079,East,5,0,80.3,17.44,45.2,0.1676
T097,West,21,0,120.09,22.99,54.7,0.1628
T098,East,18,0,110.64,22.0,47.7,0.1751
T016,West,15,0,135.29,27.6,49.5,0.1748
T082,East,12,0,89.54,18.13,35.8,0.1903
T022,South,6,0,94.22,19.49,42.4,0.1646
T099,South,18,0,129.26,23.27,51.9,0.2081
T057,West,16,0,134.69,18.47,54.0,0.2177
T107,Central,5,0,120.53,24.05,41.2,0.173
T049,West,2,0,104.02,17.39,43.6,0.1491
T113,South,3,0,140.75,23.73,51.9,0.2298
T068,South,16,0,102.52,20.34,38.4,0.2272
T002,South,12,0,110.43,20.8,44.4,0.1341
T085,West,12,1,145.54,24.46,64.0,0.189
T101,East,19,0,194.39,29.47,55.0,0.2354
T044,Central,17,0,128.98,29.91,48.5,0.2031
T005,Central,3,0,96.46,21.48,43.2,0.1901
T003,West,9,0,74.31,22.58,33.0,0.1657
T018,East,2,0,116.07,15.49,45.3,0.1746
T080,West,4,0,118.47,24.16,39.2,0.1574
T076,Central,24,0,121.76,22.28,49.8,0.1756
T074,South,14,0,114.7,25.57,48.4,0.1756
T089,East,21,0,128.89,21.61,54.8,0.2221
T020,East,8,0,126.43,21.97,43.8,0.1989
T077,West,11,0,98.22,18.92,44.4,0.1779
T110,East,15,0,122.46,23.4,43.7,0.1943
T029,West,18,0,132.89,25.71,60.8,0.1701
T104,Central,24,0,115.14,22.13,63.9,0.2117
T087,Central,6,0,87.46,18.47,40.0,0.1217
T019,West,15,0,97.22,12.73,37.4,0.1202
T031,South,2,0,107.34,21.3,43.2,0.1636
T064,South,1,0,148.76,29.66,44.1,0.2128
T006,East,17,0,130.42,22.15,50.9,0.1588
T104,Central,9,0,127.55,23.97,54.8,0.1818
T068,South,9,0,108.31,15.76,41.9,0.1853
T021,West,16,0,130.33,22.14,47.9,0.1621
T093,West,19,0,139.47,22.29,39.3,0.1818
T094,Central,9,0,110.58,21.51,44.9,0.1715
T113,South,18,0,151.7,22.6,63.9,0.2173
T055,Central,10,0,96.22,24.97,42.9,0.1818
T082,East,22,0,110.44,24.95,47.7,0.1855
T091,Central,20,0,129.97,24.08,60.7,0.1932
T065,Central,22,0,109.2,24.78,53.2,0.1774
T011,East,18,0,147.5,25.15,55.3,0.2381
T045,East,24,0,88.5,22.84,52.5,0.1396
T054,South,2,0,64.72,18.58,44.9,0.1803
T096,West,1,0,130.92,21.61,41.2,0.1751
T087,Central,9,0,83.04,22.14,46.1,0.1505
T051,South,20,0,112.15,19.6,50.9,0.1846
T037,West,5,0,123.27,21.32,44.1,0.2089
T057,West,4,0,158.97,23.98,50.4,0.2168
T024,West,15,0,91.82,19.34,37.0,0.1495
T098,East,3,0,64.1,20.01,33.0,0.1421
T072,East,24,0,124.59,19.85,59.4,0.1795
T072,East,8,0,107.88,20.23,37.8,0.185
T071,South,3,0,81.07,19.43,45.7,0.1506
T111,West,17,0,107.72,21.98,50.7,0.1687
T072,East,14,0,113.83,20.15,42.0,0.174
T074,South,5,0,104.0,15.96,48.2,0.1703
T061,East,15,0,133.06,23.76,59.7,0.2009
T115,South,5,0,80.37,23.31,36.6,0.1471
T002,South,1,0,115.28,17.6,37.6,0.1904
T084,Central,4,0,155.82,28.22,45.7,0.2108
T075,South,14,0,169.06,23.17,51.0,0.2068
T013,South,3,0,119.58,23.18,39.2,0.1441
T049,West,3,0,107.01,20.88,31.5,0.1373
T078,Central,18,0,109.95,23.69,49.0,0.1964
T050,Central,14,0,169.39,29.45,60.7,0.2436
T036,West,21,0,164.05,25.25,72.4,0.1939
T067,South,18,0,161.23,26.83,55.6,0.2269
T044,Central,11,0,109.31,25.52,44.7,0.2013
T065,Central,13,0,95.34,21.57,50.2,0.1844
T005,Central,16,0,120.94,25.78,45.6,0.1767
T007,East,11,0,132.89,26.86,46.5,0.1878
T044,Central,8,1,122.04,23.44,55.6,0.1841
T101,East,10,0,163.97,21.63,60.5,0.2295
T076,Central,12,0,124.59,23.96,54.5,0.1871
T033,West,17,0,105.46,18.35,44.5,0.1509
T003,West,18,0,95.67,24.51,41.0,0.1596
T087,Central,17,0,107.93,22.96,48.6,0.1707
T056,West,10,0,123.17,24.03,49.4,0.2003
T051,South,22,0,107.43,20.31,45.7,0.1436
T038,West,13,0,106.79,18.38,46.5,0.1682
T056,West,5,0,133.81,27.78,47.4,0.1649
T008,South,7,0,98.65,21.78,47.6,0.1825
T055,Central,19,0,117.11,20.38,54.5,0.1535
T050,Central,21,0,179.86,30.34,62.6,0.2382
T101,East,17,0,195.05,24.71,55.9,0.2201
T111,West,21,0,130.59,21.88,40.8,0.1806
T087,Central,7,0,120.51,18.72,39.7,0.1863
T058,South,3,0,148.22,21.64,45.5,0.2303
T027,Central,5,0,133.59,25.22,42.2,0.1571
T063,Central,6,0,85.49,19.73,38.1,0.1566
T046,Central,18,0,162.39,24.15,69.9,0.2117
T105,East,19,0,114.96,24.12,56.3,0.1791
T054,South,8,0,80.38,15.38,26.9,0.1341
T036,West,12,1,137.18,23.95,58.1,0.2147
T029,West,10,0,115.13,19.74,47.2,0.1418
T081,Central,9,0,107.35,23.67,42.3,0.2168
T029,West,16,0,131.29,25.16,44.6,0.1999
T046,Central,9,0,105.66,22.46,52.2,0.2009
T107,Central,10,0,120.55,23.58,49.2,0.189
T007,East,23,0,142.7,27.12,60.8,0.2072
T021,West,21,0,145.65,27.18,60.9,0.1989
T004,West,24,0,107.35,24.04,47.5,0.1839
T104,Central,18,0,149.04,25.59,66.3,0.197
T088,West,20,0,101.1,22.35,49.7,0.1693
T104,Central,19,0,155.89,28.01,55.5,0.1964
T011,East,23,0,153.04,25.0,74.8,0.2121
T019,West,17,0,84.03,22.57,43.9,0.151
T007,East,19,0,159.46,23.66,57.4,0.2009
T047,West,20,0,116.96,19.65,45.2,0.19
T070,East,1,0,144.84,25.54,49.7,0.2188
T097,West,22,0,99.51,28.51,56.2,0.1723
T008,South,5,0,104.88,18.02,39.1,0.1456
T099,South,12,0,119.67,19.94,46.6,0.2125
T026,West,8,1,137.19,24.08,40.8,0.2066
T020,East,22,0,133.42,20.49,61.5,0.1778
T020,East,10,0,125.0,17.92,50.3,0.1374
T048,South,16,0,94.11,17.84,40.7,0.1587
T003,West,24,0,106.02,17.49,45.2,0.1244
T003,West,7,0,67.7,20.16,41.2,0.1431
T113,South,13,0,136.32,28.53,53.7,0.1943
T120,East,24,0,160.83,24.65,61.0,0.2204
T019,West,10,0,87.49,23.86,41.1,0.1623
T091,Central,16,0,116.2,23.32,53.3,0.2153
T097,West,1,0,104.53,13.08,48.8,0.1741
T030,South,1,0,91.29,20.53,28.4,0.1453
T045,East,22,0,106.12,21.84,53.6,0.1656
T100,West,18,0,119.2,20.48,60.9,0.1799
T019,West,16,0,77.88,23.59,35.0,0.1598
T051,South,19,0,89.06,24.07,54.2,0.1637
T036,West,18,0,153.89,24.75,65.6,0.213
T027,Central,11,0,80.9,17.13,45.1,0.1441
T036,West,14,0,145.79,22.18,66.5,0.2003
T015,Central,14,0,110.19,22.89,48.2,0.1571
T114,Central,10,0,118.11,20.47,45.6,0.174
T040,Central,20,0,171.46,21.3,58.5,0.1616
T018,East,21,0,118.31,19.35,60.2,0.2078
T039,South,10,0,109.57,21.69,47.2,0.1855
T037,West,14,0,140.26,18.89,62.9,0.2027
T076,Central,13,0,135.82,20.6,55.7,0.1693
T013,South,18,0,109.74,18.77,57.2,0.2013
T073,Central,9,0,105.82,26.86,44.8,0.1937
T036,West,6,0,143.82,24.12,39.7,0.1938
T045,East,8,1,95.83,22.9,40.2,0.1728
T117,West,15,0,143.22,21.06,52.5,0.1535
T033,West,6,0,103.26,22.23,40.7,0.1342
T094,Central,20,0,151.47,28.05,49.5,0.1931
T068,South,7,0,119.06,23.21,40.8,0.1935
T111,West,3,0,110.74,24.59,45.0,0.1785
T048,South,3,0,114.24,25.7,41.9,0.1554
T080,West,22,0,113.92,16.9,67.2,0.1962
T034,East,17,0,109.68,23.77,58.9,0.1517
T028,West,3,0,132.17,27.15,41.5,0.2382
T117,West,16,1,163.25,16.9,45.6,0.2028
T098,East,4,0,75.07,16.22,24.2,0.1294
T117,West,9,0,125.16,17.57,52.5,0.2139
T005,Central,22,0,117.7,23.85,53.5,0.1805
T032,South,15,0,137.21,20.69,60.9,0.1812
T089,East,9,0,105.98,25.55,44.5,0.1832
T067,South,2,0,121.63,26.45,51.2,0.1883
T078,Central,19,0,113.97,21.52,53.1,0.175
T015,Central,4,0,89.77,20.87,31.6,0.1405
T023,South,11,0,84.32,23.86,43.4,0.1565
T036,West,17,0,171.79,24.34,64.9,0.2101
T020,East,13,0,111.47,22.15,60.5,0.1864
T041,Central,22,0,134.04,23.45,60.1,0.1686
T015,Central,3,0,94.57,19.92,37.5,0.1641
T042,South,8,1,87.1,22.54,46.7,0.1443
T085,West,23,0,129.79,25.39,58.0,0.2286
T095,East,20,0,136.23,20.37,51.4,0.172
T065,Central,5,0,86.87,25.18,36.1,0.1903
T105,East,10,0,104.27,24.33,37.2,0.1979
T097,West,16,0,113.48,18.36,49.2,0.1693
T061,East,7,0,125.71,25.57,35.9,0.1951
T092,West,14,0,94.9,22.8,39.4,0.1659
T072,East,5,0,126.41,16.42,44.6,0.1826
T066,East,12,1,124.12,21.91,60.3,0.2014
T023,South,1,0,83.79,12.59,36.9,0.1803
T027,Central,13,0,90.73,21.62,40.2,0.1705
T084,Central,5,0,130.54,30.5,37.7,0.2353
T090,East,24,0,147.78,21.7,68.6,0.2014
T113,South,6,0,152.34,23.86,39.2,0.2246
T100,West,6,0,88.21,18.52,42.2,0.1469
T050,Central,6,0,133.25,23.59,40.3,0.2346
T109,West,12,0,110.45,17.03,55.0,0.1802
T089,East,23,0,150.89,25.55,56.3,0.1859
T020,East,7,0,115.44,21.58,35.3,0.2055
T119,West,16,0,168.79,24.72,54.7,0.1893
T025,East,8,0,93.81,24.24,41.7,0.1674
T064,South,15,0,123.78,27.82,58.1,0.1993
T058,South,17,0,150.45,27.09,51.3,0.2226
T094,Central,3,0,97.69,19.46,33.5,0.1892
T089,East,20,0,137.19,25.34,39.7,0.1873
T094,Central,21,0,127.71,21.59,63.7,0.1864
T088,West,17,0,122.55,21.6,48.6,0.1784
T003,West,11,0,71.0,18.65,34.2,0.1298
T044,Central,5,0,136.03,23.41,44.4,0.2073
T025,East,19,0,89.26,21.03,56.0,0.1642
T041,Central,24,0,118.48,25.86,50.6,0.1959
T101,East,23,0,194.73,30.92,65.3,0.2149
T065,Central,15,0,128.19,18.0,47.4,0.1273
T026,West,16,0,158.45,21.54,59.8,0.199
T023,South,13,0,104.15,24.8,49.0,0.1271
T038,West,2,0,94.35,22.63,44.1,0.1943
T093,West,13,0,123.75,17.49,61.4,0.1894
T102,East,19,0,130.1,21.75,47.1,0.197
T043,South,24,0,118.71,23.53,58.3,0.1277
T095,East,19,0,113.39,21.0,47.2,0.1654
T028,West,21,0,146.68,24.74,64.3,0.2195
T045,East,13,0,91.68,21.12,42.4,0.1486
T071,South,1,0,100.58,22.47,33.1,0.1287
T042,South,1,0,102.12,21.73,42.2,0.1645
T073,Central,17,0,135.51,27.42,57.7,0.2293
T073,Central,14,0,137.31,22.21,59.4,0.2149
T101,East,24,0,166.39,27.24,61.1,0.2511
T058,South,4,0,140.62,24.6,42.7,0.2062
T046,Central,17,0,146.54,24.35,47.0,0.2133
T064,South,16,0,111.73,23.94,42.5,0.1821
T069,West,3,0,108.41,16.86,33.7,0.1498
T050,Central,22,0,153.2,30.23,59.8,0.2205
T026,West,24,0,143.84,23.34,65.4,0.198
T078,Central,21,0,133.07,23.69,50.3,0.2131
T106,East,23,0,129.8,20.78,60.3,0.205
T101,East,4,0,168.23,26.54,55.8,0.2304
T021,West,22,0,134.45,19.59,59.3,0.1954
T105,East,9,0,92.13,21.93,39.5,0.1849
T104,Central,15,0,153.32,25.08,58.0,0.1862
T024,West,5,0,103.18,20.44,36.1,0.1563
T010,Central,11,0,98.88,18.24,46.4,0.2064
T014,East,3,0,96.28,19.63,44.5,0.2155
T054,South,18,0,84.14,18.43,44.2,0.162
T034,East,9,0,95.49,18.05,53.0,0.1818
T085,West,18,0,140.56,30.14,55.1,0.2181
T015,Central,2,0,75.32,17.83,28.0,0.1401
T038,West,11,0,103.77,17.43,50.2,0.1631
T061,East,2,0,137.02,19.29,47.0,0.1923
T037,West,22,0,150.64,23.43,52.2,0.1969
T092,West,24,0,108.37,20.72,44.8,0.154
T067,South,17,0,160.83,26.83,61.7,0.2001
T118,Central,15,0,117.13,23.13,47.9,0.1991
T087,Central,22,0,94.64,19.78,51.8,0.1388
T087,Central,20,0,119.64,20.71,47.0,0.1632
T070,East,14,0,176.34,25.06,59.9,0.222
T116,East,6,0,101.65,20.4,49.4,0.1917
T120,East,2,0,144.66,27.1,44.2,0.2325
T062,West,3,0,121.04,24.98,34.9,0.1796
T110,East,23,0,115.43,18.03,43.4,0.1938
T097,West,19,0,120.24,21.77,51.9,0.1745
T059,West,8,1,125.42,22.52,44.2,0.1595
T119,West,11,0,136.38,21.01,49.1,0.2051
T051,South,7,0,103.64,16.94,43.6,0.1462
T095,East,10,0,105.2,22.29,44.2,0.1641
T033,West,13,0,83.04,16.06,48.0,0.1841
T090,East,8,0,132.01,27.14,49.8,0.2061
T066,East,2,0,124.74,19.33,36.5,0.1792
T114,Central,22,0,115.45,25.37,51.5,0.1774
T115,South,24,0,112.3,24.05,53.6,0.1774
T013,South,12,0,117.99,21.64,46.5,0.157
T046,Central,4,0,132.72,19.16,44.1,0.1964
T093,West,17,0,110.01,23.23,57.8,0.1633
T065,Central,21,0,127.29,28.14,57.4,0.1757
T024,West,6,0,78.41,14.27,37.3,0.1606
T027,Central,12,0,92.23,19.55,48.5,0.1561
T007,East,17,0,150.36,23.26,59.8,0.1974
T114,Central,17,0,119.34,21.92,42.2,0.1682
T024,West,19,0,102.42,12.71,50.2,0.157
T092,West,19,0,99.92,15.95,45.9,0.1344
T025,East,7,0,75.1,18.64,45.8,0.1436
T005,Central,6,0,78.9,20.65,40.7,0.1516
T056,West,7,0,107.33,19.46,49.6,0.1889
T095,East,11,0,96.63,23.03,48.0,0.1988
T067,South,10,0,148.73,29.25,48.4,0.214
T033,West,24,0,79.42,20.4,48.0,0.1662
T033,West,3,0,110.85,17.89,35.1,0.1397
T106,East,20,0,158.1,19.82,54.9,0.2171
T015,Central,16,0,99.21,21.1,43.2,0.1619
T066,East,3,0,106.67,24.15,36.0,0.1571
T080,West,12,0,122.11,23.94,48.0,0.1866
T022,South,16,1,124.84,19.17,62.2,0.1871
T117,West,23,0,165.69,26.63,60.9,0.206
T080,West,17,0,110.02,24.01,58.1,0.1642
T059,West,1,0,116.42,20.86,33.4,0.1659
T021,West,1,0,105.76,26.95,39.5,0.1876
T003,West,17,0,95.58,18.15,49.4,0.17
T004,West,1,0,114.66,21.58,39.1,0.1949
T029,West,23,0,118.16,21.4,65.6,0.1805
T009,South,22,0,137.69,25.4,61.4,0.177
T038,West,19,0,121.49,23.04,52.7,0.1859
T022,South,11,0,75.14,22.05,46.5,0.1863
T091,Central,11,0,108.86,24.33,53.0,0.187
T079,East,8,0,92.91,15.01,32.3,0.1525
T010,Central,23,0,117.73,23.55,58.3,0.1843
T113,South,20,0,172.07,22.43,69.4,0.1838
T108,West,13,0,130.96,25.01,47.4,0.204
T102,East,12,0,90.24,18.15,49.2,0.1515
T070,East,9,0,140.18,22.59,46.3,0.2269
T015,Central,23,0,128.97,22.53,45.1,0.229
T116,East,19,0,126.0,21.65,42.0,0.1985
T050,Central,1,0,130.3,21.86,43.8,0.215
T099,South,15,0,128.01,21.56,53.7,0.1963
T052,Central,14,0,128.63,24.74,62.9,0.1849
T093,West,9,0,123.65,26.45,49.7,0.1854
T108,West,9,0,144.32,27.1,53.7,0.2101
T109,West,23,0,112.1,22.06,51.2,0.202
T001,East,6,0,117.69,23.66,49.1,0.193
T120,East,14,0,145.52,29.13,53.1,0.2054
T081,Central,17,0,145.12,20.36,59.1,0.1839
T062,West,19,0,157.57,23.1,65.5,0.1903
T027,Central,1,0,101.81,24.09,44.6,0.1755
T083,East,18,0,113.3,21.81,36.2,0.2042
T031,South,10,0,104.67,23.7,47.7,0.1606
T012,South,5,0,101.43,16.27,43.1,0.1487
T060,West,22,0,92.43,19.4,53.1,0.1684
T036,West,4,0,130.02,25.29,51.5,0.2471
T034,East,7,0,112.3,23.95,41.8,0.1683
T067,South,7,0,142.21,25.74,51.1,0.2073
T055,Central,1,0,97.28,22.73,40.1,0.1857
T075,South,11,0,140.57,22.93,55.9,0.2212
T006,East,18,0,109.53,18.49,41.1,0.1923
T037,West,13,0,139.19,22.96,56.5,0.1832
T037,West,3,0,124.8,26.21,48.2,0.2054
T079,East,6,0,78.39,20.45,42.5,0.1716
T026,West,17,0,130.67,24.16,64.9,0.2155
T023,South,14,0,100.67,24.35,39.9,0.1414
T004,West,20,0,140.81,24.81,48.8,0.2054
T072,East,1,0,99.93,26.65,38.4,0.1892
T069,West,23,0,116.74,19.55,51.6,0.1525
T028,West,4,0,130.94,18.18,43.9,0.1996
T093,West,10,0,127.03,24.87,51.7,0.1857
T039,South,7,0,117.25,22.66,48.5,0.1813
T112,Central,9,0,113.72,20.16,56.3,0.1992
T032,South,12,0,133.79,23.5,56.2,0.2295
T113,South,1,0,153.14,27.0,46.8,0.228
T109,West,22,0,115.91,17.51,59.2,0.1588
T002,South,7,0,111.47,17.78,42.0,0.1506
T042,South,10,0,90.52,23.73,47.0,0.1683
T017,East,2,0,149.55,22.9,52.7,0.217
T097,West,17,0,97.33,27.29,51.5,0.1402
T058,South,7,0,142.07,22.49,52.8,0.1926
T109,West,11,0,113.19,24.69,54.2,0.1802
T058,South,15,0,151.01,27.6,55.4,0.2362
T100,West,17,0,118.56,18.91,57.2,0.1581
T100,West,4,0,101.06,16.45,37.2,0.1228
T053,Central,23,0,177.47,26.63,55.0,0.2462
T007,East,7,0,143.55,20.9,44.0,0.2117
T119,West,17,0,145.31,23.24,56.5,0.2214
T070,East,11,0,118.65,24.44,48.9,0.2147
T108,West,18,0,146.66,23.64,51.0,0.2206
T084,Central,20,0,160.31,24.42,59.5,0.2101
T120,East,20,0,157.16,21.83,55.4,0.2169
T023,South,12,0,87.53,23.37,46.6,0.1694
T068,South,5,0,112.24,21.8,42.8,0.1894
T091,Central,1,0,127.45,24.46,41.8,0.1986
T094,Central,7,0,123.27,19.81,44.1,0.1734
T059,West,16,0,107.31,22.1,46.1,0.2078
T072,East,16,0,109.49,22.01,43.1,0.1608
T035,West,17,0,168.1,23.3,66.2,0.2042
T007,East,3,0,128.11,19.75,50.3,0.2045
T024,West,23,0,114.4,20.07,46.0,0.1678
T021,West,3,0,114.17,25.35,44.2,0.1821
T083,East,21,0,123.16,17.76,59.7,0.1811
T105,East,15,0,133.76,27.35,53.5,0.2102
T100,West,5,0,102.58,21.06,39.0,0.1765
T055,Central,14,0,103.1,15.71,43.1,0.1868
T088,West,9,0,96.12,23.9,51.0,0.1419
T094,Central,19,0,139.63,23.22,62.1,0.1942
T031,South,20,0,126.17,20.73,50.4,0.1569
T019,West,1,0,74.95,24.31,37.4,0.1514
T029,West,22,0,112.52,25.72,48.9,0.186
T049,West,13,0,117.71,26.74,57.8,0.1867
T061,East,9,0,138.12,27.15,48.6,0.1943
T029,West,5,0,120.37,14.97,37.4,0.1366
T064,South,20,0,141.86,19.45,46.2,0.1882
T029,West,6,0,100.51,26.76,36.2,0.1266
T019,West,18,0,102.14,20.44,38.0,0.1556
T081,Central,20,0,148.97,25.4,56.0,0.187
T030,South,22,0,80.49,24.24,49.0,0.1761
T080,West,20,0,126.34,23.42,56.0,0.1683
T016,West,12,0,115.32,21.25,42.0,0.2098
T111,West,16,0,101.28,19.13,53.4,0.1737
T006,East,8,0,105.61,19.95,38.7,0.2099
T031,South,14,0,91.39,25.68,43.3,0.1657
T095,East,21,0,118.79,22.59,41.3,0.1738
T009,South,10,0,123.03,22.21,43.9,0.194
T053,Central,11,0,150.48,28.11,45.0,0.2355
T009,South,24,0,125.45,19.43,59.7,0.179
T080,West,7,0,106.7,24.89,44.4,0.1651
T114,Central,12,0,110.76,20.32,55.8,0.1942
T118,Central,11,0,112.38,25.07,50.2,0.1735
T114,Central,2,0,89.06,19.9,35.1,0.1769
T013,South,11,0,110.89,19.81,46.6,0.1745
T104,Central,2,0,115.96,22.93,46.2,0.1952
T092,West,12,0,106.99,18.17,44.1,0.1555
T050,Central,5,0,156.75,26.23,48.8,0.2169
T009,South,6,0,115.49,14.38,43.9,0.1665
T058,South,21,0,171.66,30.84,67.6,0.2073
T086,Central,19,0,121.36,22.57,65.6,0.1898
T032,South,18,0,135.61,21.43,47.7,0.2435
T041,Central,7,0,106.68,18.43,47.6,0.1849
T006,East,9,0,126.16,23.57,42.2,0.2135
T026,West,7,0,132.09,20.71,43.8,0.1707
T027,Central,2,0,89.9,20.28,43.3,0.1666
T090,East,7,0,130.4,23.47,49.2,0.2091
T011,East,17,0,156.41,27.78,59.4,0.2288
T001,East,7,0,140.79,22.55,49.8,0.2249
T012,South,1,0,93.66,18.91,34.7,0.1453
T051,South,18,0,112.76,22.19,48.4,0.1479
T077,West,12,0,98.53,21.01,52.6,0.1492
T110,East,17,0,101.68,19.32,51.8,0.1979
T033,West,12,0,91.99,17.15,46.7,0.1061
T043,South,2,0,119.81,15.6,45.2,0.2081
T014,East,10,0,127.69,23.73,49.5,0.2023
T071,South,10,0,107.03,18.23,49.0,0.1696
T025,East,23,0,101.42,22.39,52.8,0.1475
T041,Central,20,0,112.67,20.06,55.7,0.1928
T119,West,4,0,144.69,22.93,50.8,0.1822
T091,Central,7,0,135.44,23.21,53.5,0.2039
T006,East,5,0,132.97,18.69,44.6,0.1955
T085,West,13,0,125.82,26.7,57.5,0.2036
T081,Central,23,0,144.27,18.55,65.0,0.2002
T036,West,2,0,106.19,27.19,47.2,0.1994
T113,South,21,0,183.18,26.02,59.7,0.2204
T059,West,15,0,116.27,24.7,37.8,0.1906
T095,East,15,0,109.73,21.96,45.5,0.1711
T033,West,7,0,105.99,24.51,38.3,0.1602
T060,West,10,0,111.48,23.82,44.4,0.1727
T117,West,21,0,152.08,25.75,56.5,0.188
T086,Central,9,0,117.64,16.74,55.7,0.1872
T078,Central,12,0,85.96,21.15,42.0,0.1808
T082,East,2,0,96.37,19.2,37.1,0.1684
T043,South,21,0,124.51,23.21,47.2,0.1989
T067,South,5,0,167.53,22.01,42.5,0.2263
T025,East,13,0,109.3,22.42,43.6,0.1741
T082,East,16,1,114.86,21.7,50.7,0.1873
T096,West,14,0,130.58,25.04,47.8,0.1993
T052,Central,8,0,86.85,17.58,52.7,0.1618
T080,West,1,0,109.42,18.39,36.4,0.1819
T041,Central,6,0,93.25,25.12,43.9,0.1618
T065,Central,19,0,129.62,22.48,47.4,0.1878
T063,Central,20,0,108.54,15.46,51.6,0.1674
T048,South,20,0,102.34,22.02,41.6,0.1913
T065,Central,7,0,101.02,21.7,45.7,0.1909
T034,East,4,0,88.5,25.0,48.1,0.1748
T028,West,23,0,155.33,21.27,57.8,0.2238
T049,West,1,0,103.32,23.49,25.5,0.153
T120,East,5,0,148.32,26.2,52.8,0.2021
T050,Central,15,0,157.31,23.89,55.1,0.228
T103,Central,15,0,154.28,27.61,58.6,0.201
T087,Central,24,0,105.82,21.28,46.6,0.1808
T082,East,4,0,103.32,22.51,34.8,0.1508
T049,West,7,0,104.99,18.02,50.7,0.1597
T034,East,24,0,104.46,15.82,58.3,0.1887
T063,Central,2,0,76.62,18.97,29.1,0.1484
T067,South,16,0,154.57,27.13,65.7,0.216
T105,East,12,1,105.05,22.95,58.6,0.1451
T047,West,14,0,109.69,16.59,47.2,0.1815
T104,Central,4,0,104.23,17.57,43.2,0.1802
T022,South,4,0,111.94,25.62,37.0,0.1816
T009,South,8,0,105.69,20.78,42.8,0.1743
T045,East,15,0,91.62,23.82,43.4,0.1227
T079,East,1,0,92.44,17.95,39.7,0.1568
T067,South,19,0,181.06,28.76,64.3,0.2347
T006,East,14,0,133.61,25.9,50.2,0.2222
T082,East,5,0,99.65,18.45,35.4,0.169
T023,South,7,0,70.68,23.34,33.4,0.1612
T099,South,6,0,93.34,21.51,46.6,0.1668
T047,West,11,0,113.86,21.35,46.5,0.1629
T073,Central,20,0,145.71,20.49,58.5,0.2065
T031,South,7,0,119.32,21.71,43.4,0.189
T066,East,11,0,119.26,22.47,34.8,0.1776
T051,South,13,0,100.77,21.26,49.4,0.1614
T068,South,1,0,117.71,24.48,28.9,0.1857
T009,South,11,0,99.06,22.25,34.4,0.1839
T073,Central,15,0,121.47,23.49,50.1,0.2151
T103,Central,12,0,131.59,28.86,53.5,0.2383
T093,West,20,0,135.61,20.94,47.3,0.1675
T092,West,2,0,60.41,13.93,33.6,0.1408
T118,Central,12,0,136.08,21.1,60.3,0.1672
T100,West,8,1,84.46,17.38,42.0,0.1735
T094,Central,16,0,124.71,18.44,51.4,0.1809
T013,South,2,0,128.89,22.34,50.2,0.2256
T014,East,4,0,102.43,17.42,48.3,0.2298
T007,East,10,0,158.49,26.63,52.1,0.2104
T032,South,3,0,128.64,22.75,46.7,0.1883
T025,East,12,1,103.63,18.0,50.8,0.1702
T024,West,16,1,109.99,18.23,46.2,0.1988
T064,South,7,0,113.29,24.51,48.7,0.1868
T112,Central,6,0,115.63,18.89,38.4,0.1911
T057,West,10,0,155.17,24.17,48.2,0.2097
T101,East,21,0,193.63,24.18,69.9,0.2489
T099,South,13,0,115.86,26.06,52.1,0.1666
T043,South,19,0,118.42,25.8,52.5,0.1753
T016,West,1,0,141.94,15.56,42.2,0.1839
T089,East,17,0,115.16,25.25,56.5,0.1795
T070,East,24,0,168.06,25.1,63.1,0.2253
T078,Central,3,0,96.42,21.07,33.9,0.1903
T056,West,6,0,107.51,20.68,46.7,0.1832
T115,South,4,0,91.38,16.91,40.9,0.192
T082,East,13,0,84.75,17.8,40.1,0.1979
T055,Central,7,0,88.03,21.24,43.6,0.1591
T085,West,20,0,163.37,26.43,58.0,0.2094
T065,Central,10,0,109.17,17.95,50.0,0.1556
T067,South,11,0,137.9,24.16,44.7,0.2042
T010,Central,22,0,133.07,25.81,58.3,0.1446
T022,South,19,0,153.98,18.95,67.5,0.1693
T074,South,18,0,110.99,23.08,51.7,0.1691
T044,Central,16,0,126.32,27.91,56.5,0.1812
T090,East,12,0,145.7,24.6,53.6,0.1926
T092,West,23,0,119.2,24.46,52.4,0.1774
T001,East,13,0,122.06,23.02,56.6,0.2082
T052,Central,17,0,125.14,18.74,57.7,0.1911
T059,West,12,0,124.93,26.82,51.0,0.2177
T097,West,10,0,105.88,18.24,45.6,0.1779
T045,East,19,0,98.71,23.24,56.7,0.1851
T061,East,22,0,139.73,27.28,59.9,0.2085
T011,East,20,0,155.51,21.53,59.7,0.2351
T040,Central,22,0,160.58,25.7,59.4,0.1925
T102,East,9,0,92.98,19.04,46.5,0.1558
T040,Central,21,0,148.09,24.28,61.3,0.2198
T037,West,19,0,136.84,27.04,55.7,0.2056
T066,East,4,0,114.92,22.31,41.7,0.179
T043,South,18,0,119.86,17.13,48.9,0.2102
T002,South,16,0,98.37,22.59,54.6,0.1626
T038,West,1,0,125.15,24.2,44.1,0.1537
T078,Central,22,0,133.28,26.51,57.8,0.173
T030,South,24,0,63.66,22.79,56.5,0.1589
T095,East,9,0,90.36,19.01,41.3,0.1535
T048,South,22,0,108.91,20.54,53.9,0.172
T118,Central,6,0,110.77,20.55,44.2,0.1591
T075,South,5,0,116.76,23.41,51.3,0.1917
T038,West,17,0,94.48,20.34,45.1,0.1706
T088,West,24,0,99.43,18.59,49.8,0.1882
T020,East,14,0,122.26,19.62,55.2,0.1985
T077,West,20,0,106.24,19.37,51.4,0.1644
T076,Central,7,0,113.73,24.37,38.0,0.185
T077,West,16,0,101.94,23.79,57.2,0.1438
T011,East,8,0,120.87,29.16,44.5,0.2119
T015,Central,17,0,95.61,22.35,50.4,0.1564
T104,Central,11,0,124.65,22.4,47.7,0.2243
T024,West,13,0,105.05,21.06,40.8,0.1586
T080,West,5,0,120.28,21.86,45.3,0.1847
T091,Central,3,0,138.8,24.72,49.9,0.233
T043,South,5,0,114.35,25.02,45.4,0.169
T075,South,21,0,148.56,22.0,60.6,0.195
T073,Central,5,0,138.17,25.8,44.0,0.1887
T063,Central,4,0,83.48,16.71,36.5,0.168
T026,West,13,0,119.49,15.73,52.4,0.2195
T089,East,12,0,118.11,23.7,53.3,0.2004
T017,East,12,1,141.93,23.25,55.2,0.1861
T020,East,5,0,122.23,28.81,50.5,0.1681
T083,East,1,0,92.56,19.88,31.6,0.1576
T026,West,1,0,119.91,20.48,47.5,0.2396
T099,South,21,0,139.0,20.41,55.0,0.1971
T101,East,2,0,161.25,30.19,51.2,0.2438
T083,East,13,0,96.0,21.52,43.5,0.1785
T004,West,4,0,110.39,20.49,49.5,0.2146
T077,West,5,0,97.61,19.29,35.8,0.1613
T038,West,5,0,110.69,25.83,40.5,0.1993
T056,West,9,0,122.02,27.11,46.4,0.1545
T014,East,13,0,115.54,16.77,46.6,0.1697
T017,East,14,0,157.75,28.73,50.3,0.2136
T056,West,4,0,104.59,27.59,32.9,0.1839
T073,Central,16,1,146.23,23.59,63.9,0.1758
T044,Central,15,0,124.77,20.81,50.2,0.1937
T014,East,15,0,122.84,24.68,51.4,0.2081
T007,East,13,0,143.78,24.68,50.1,0.2206
T055,Central,11,0,92.69,27.32,47.4,0.1499
T112,Central,7,0,109.16,21.46,31.6,0.2173
T104,Central,8,1,128.38,25.29,58.8,0.1941
T049,West,5,0,112.34,23.18,35.9,0.1948
T090,East,19,0,141.23,20.24,58.1,0.1904
T110,East,12,0,109.72,20.27,46.0,0.2113
T063,Central,3,0,85.68,16.55,30.6,0.1459
T112,Central,19,0,126.5,21.86,52.2,0.1668
T012,South,21,0,99.87,20.48,45.1,0.169
T079,East,4,0,94.93,22.36,39.5,0.1799
T064,South,5,0,125.37,20.92,52.1,0.1941
T059,West,9,0,119.4,25.23,45.7,0.1989
T087,Central,4,0,88.85,18.89,38.1,0.129
T085,West,24,0,154.15,26.66,66.2,0.2318
T047,West,16,0,107.01,21.2,46.0,0.178
T041,Central,23,0,96.78,25.33,54.1,0.1396
T089,East,8,0,115.87,20.98,53.0,0.1672
T059,West,3,0,109.63,20.99,42.4,0.2097
T088,West,6,0,98.43,22.46,38.4,0.165
T004,West,22,0,153.16,18.86,56.1,0.1479
T001,East,24,0,139.4,25.75,64.3,0.1917
T074,South,20,0,114.16,21.95,52.7,0.1549
T099,South,7,0,108.55,25.57,37.8,0.1441
T091,Central,21,0,135.14,17.59,47.1,0.1976
T099,South,2,0,99.64,18.02,45.2,0.1423
T046,Central,2,0,110.29,26.22,38.3,0.1758
T119,West,22,0,148.66,21.57,64.5,0.2122
T053,Central,17,0,153.84,26.02,53.9,0.1927
T061,East,8,1,130.73,26.57,53.7,0.1951
T020,East,21,0,131.55,24.18,54.3,0.1737
T094,Central,6,0,114.87,22.57,50.8,0.1997
T094,Central,2,0,101.21,19.99,43.6,0.1933
T036,West,20,0,167.09,26.07,54.0,0.1903
T013,South,17,0,121.88,20.04,55.7,0.2004
T060,West,18,0,124.31,24.96,51.8,0.1379
T083,East,20,0,119.46,14.1,43.5,0.1716
T010,Central,5,0,93.12,19.88,39.8,0.1527
T010,Central,14,0,108.22,19.1,50.3,0.1852
T105,East,23,0,126.62,25.9,54.8,0.1622
T038,West,16,0,111.81,25.11,40.5,0.158
T017,East,7,0,136.96,22.62,55.4,0.1804
T098,East,10,0,82.11,14.19,47.3,0.1717
T073,Central,12,0,119.57,21.89,41.6,0.1956
T062,West,2,0,124.51,17.33,39.5,0.1964
T013,South,14,0,140.18,22.44,55.9,0.1876
T039,South,20,0,135.49,24.31,66.5,0.1602
T099,South,10,0,120.19,24.45,50.4,0.2037
T069,West,4,0,85.14,19.11,32.6,0.1489
T081,Central,21,0,137.94,20.74,58.2,0.235
T074,South,10,0,95.88,24.6,37.5,0.1553
T081,Central,2,0,132.71,18.94,42.2,0.2357
T109,West,21,0,111.43,18.06,46.3,0.1428
T051,South,3,0,109.58,25.68,48.6,0.1584
T096,West,13,0,131.75,28.29,53.2,0.2024
T096,West,10,0,131.57,19.99,40.6,0.1803
T003,West,14,0,80.58,14.25,41.9,0.168
T084,Central,6,0,120.02,27.04,48.1,0.2329
T088,West,1,0,110.4,22.75,41.5,0.1852
T076,Central,18,0,120.4,26.11,49.6,0.2045
T097,West,14,0,106.11,13.96,39.5,0.2045
T116,East,15,0,113.04,21.72,46.3,0.1574
T023,South,24,0,117.72,18.18,50.9,0.1755
T027,Central,17,0,116.71,19.73,55.8,0.2083
T114,Central,16,0,115.51,18.53,49.3,0.2185
T112,Central,11,0,104.13,27.92,43.0,0.1917
T060,West,3,0,98.47,23.48,31.8,0.157
T018,East,19,0,101.44,25.64,48.6,0.1836
T040,Central,10,0,120.57,21.93,49.6,0.2121
T090,East,4,0,138.11,19.75,39.0,0.1927
T078,Central,15,0,104.67,18.91,45.1,0.1819
T064,South,2,0,126.94,21.5,34.8,0.1807
T010,Central,24,0,129.09,21.26,52.4,0.1882
T098,East,6,0,71.21,18.7,35.1,0.1584
T034,East,21,0,106.29,23.06,45.6,0.1694
T002,South,8,1,114.49,22.08,49.5,0.1736
T040,Central,16,1,142.72,22.49,65.8,0.2413
T015,Central,22,0,123.87,19.3,59.4,0.1857
T109,West,20,0,101.71,20.37,50.9,0.1463
T120,East,17,0,150.87,29.15,52.3,0.2201
T044,Central,6,0,107.38,19.66,43.7,0.1883
T015,Central,6,0,85.89,19.48,48.5,0.1536
T101,East,6,0,153.58,25.54,50.7,0.2211
T068,South,2,0,112.06,20.88,41.2,0.1879
T060,West,17,0,100.9,19.22,60.3,0.1926
T002,South,11,0,86.18,18.3,47.5,0.217
T085,West,7,0,149.19,25.61,52.1,0.1932
T053,Central,2,0,173.02,30.48,57.8,0.2348
T089,East,1,0,98.18,23.14,35.4,0.1707
T035,West,6,0,120.33,23.58,51.2,0.2388
T051,South,14,0,102.79,16.52,44.0,0.17
T008,South,14,0,74.2,18.1,35.3,0.1519
T104,Central,10,0,142.96,24.33,48.8,0.1828
T010,Central,12,1,112.24,19.65,50.2,0.2102
T065,Central,2,0,109.22,18.99,39.7,0.1294
T028,West,19,0,165.0,24.77,54.7,0.2045
T049,West,23,0,131.89,24.34,51.9,0.1898
T019,West,3,0,88.83,20.18,39.3,0.1569
T084,Central,13,0,156.9,29.16,52.7,0.2237
T106,East,9,0,115.52,20.76,55.1,0.233
T053,Central,24,0,170.31,21.21,67.0,0.2066
T012,South,12,0,85.55,18.99,42.0,0.1789
T112,Central,12,0,128.03,23.86,41.5,0.1687
T088,West,15,0,102.5,25.92,43.1,0.1799
T103,Central,19,0,165.95,27.43,71.0,0.1999
T097,West,6,0,128.05,23.67,35.6,0.2277
T113,South,2,0,146.28,28.22,55.6,0.2026
T025,East,18,0,94.82,19.67,45.5,0.1578
T107,Central,11,0,117.74,26.44,45.1,0.1999
T065,Central,1,0,125.07,22.53,26.6,0.1434
T111,West,23,0,121.27,27.0,56.9,0.1494
T118,Central,2,0,100.48,24.53,40.5,0.1904
T001,East,16,0,145.96,20.98,53.5,0.2493
T074,South,11,0,75.71,24.38,47.3,0.1838
T094,Central,12,1,118.74,22.86,51.6,0.1759
T048,South,19,0,111.38,21.46,48.5,0.1865
T010,Central,18,0,143.78,28.02,51.3,0.1752
T046,Central,21,0,168.48,22.29,66.5,0.2032
T036,West,7,0,150.71,22.78,48.7,0.2047
T050,Central,24,0,169.61,26.18,51.0,0.208
T029,West,12,1,92.27,26.85,57.6,0.1962
T002,South,6,0,92.41,20.56,50.8,0.1534
T092,West,20,0,120.57,18.2,47.5,0.1389
T085,West,3,0,145.3,27.59,48.9,0.171
T040,Central,8,0,132.14,27.12,54.3,0.1885
T027,Central,22,0,118.56,25.04,48.8,0.2064
T006,East,15,0,117.72,23.78,44.4,0.217
T071,South,19,0,119.98,19.05,56.5,0.13
T018,East,20,0,156.01,17.52,51.8,0.1928
T081,Central,4,0,108.78,25.13,44.6,0.114
T043,South,15,0,122.46,21.16,44.6,0.1432
T101,East,20,0,175.59,27.24,70.7,0.2317
T096,West,9,0,147.04,27.17,40.3,0.1804
T055,Central,23,0,136.32,19.9,67.3,0.1673
T108,West,7,0,128.04,25.87,47.6,0.2281
T024,West,21,0,115.31,20.77,50.6,0.182
T055,Central,6,0,99.32,18.13,44.2,0.1783
T085,West,14,0,144.64,25.51,54.4,0.2332
T005,Central,8,0,82.26,20.75,40.8,0.1641
T074,South,7,0,99.52,20.87,39.1,0.1631
T083,East,9,0,84.81,18.82,43.9,0.1837
T054,South,13,0,105.17,23.59,47.5,0.1733
T065,Central,4,0,75.58,20.7,36.1,0.1736
T071,South,20,0,115.73,19.76,55.2,0.1604
T095,East,1,0,104.26,18.96,50.8,0.1735
T109,West,19,0,129.53,21.15,47.0,0.1858
T008,South,3,0,112.01,24.42,46.6,0.1559
T098,East,8,1,108.68,17.63,42.8,0.1576
T039,South,17,0,119.43,22.76,44.0,0.1617
T061,East,21,0,157.02,25.3,70.2,0.1959
T041,Central,8,1,107.0,27.73,46.5,0.1968
T061,East,5,0,131.43,24.22,43.3,0.1945
T068,South,3,0,89.23,20.72,35.1,0.1931
T001,East,23,0,156.09,25.27,68.8,0.2099
T110,East,13,0,100.52,25.22,50.1,0.1726
T014,East,1,0,121.22,20.24,51.9,0.2253
T074,South,1,0,117.13,19.14,36.4,0.174
T027,Central,24,0,113.4,24.78,56.1,0.1679
T063,Central,17,0,95.17,22.71,42.6,0.1865
T110,East,8,0,117.87,20.81,50.7,0.1701
T081,Central,15,0,127.81,21.33,59.0,0.1797
T014,East,12,0,134.8,24.09,47.9,0.1995
T055,Central,17,0,114.26,20.55,50.4,0.1793
T050,Central,7,0,141.71,23.64,44.1,0.1861
T110,East,10,0,134.92,21.81,54.5,0.2276
T075,South,16,0,151.98,26.42,57.8,0.1618
T060,West,21,0,109.61,20.36,54.5,0.181
T034,East,5,0,106.22,22.18,40.8,0.1481
T012,South,8,0,97.5,20.51,39.4,0.163
T054,South,16,0,101.57,19.47,46.4,0.1498
T032,South,14,0,125.01,24.78,44.8,0.1957
T037,West,23,0,145.06,21.18,60.8,0.1894
T059,West,21,0,119.34,22.77,53.3,0.1695
T016,West,21,0,145.7,22.75,62.6,0.2163
T076,Central,17,0,122.01,20.84,49.0,0.1561
T098,East,16,0,121.64,20.23,48.4,0.1659
T060,West,7,0,119.18,23.46,42.2,0.192
T029,West,13,0,111.63,26.51,44.9,0.1654
T018,East,16,1,104.15,20.89,46.0,0.1683
T093,West,23,0,130.15,19.3,63.6,0.1808
T098,East,9,0,83.55,19.36,44.0,0.1641
T045,East,5,0,72.73,15.27,44.3,0.1699
T057,West,13,0,138.27,24.24,50.3,0.1536
T049,West,22,0,138.73,20.39,58.6,0.206
T014,East,21,0,156.57,23.28,68.0,0.2412
T068,South,23,0,100.17,25.25,46.0,0.1612
T070,East,15,0,144.22,24.77,56.8,0.2291
T090,East,23,0,173.88,27.91,61.7,0.2204
T095,East,14,0,116.36,24.89,56.8,0.1598
T003,West,21,0,107.24,25.85,59.1,0.1848
T072,East,13,0,112.23,26.6,51.6,0.1809
T014,East,11,0,113.16,26.74,46.3,0.2153
T055,Central,21,0,116.77,27.03,54.6,0.161
T039,South,8,0,117.66,24.85,47.2,0.1713
T066,East,24,0,135.91,23.65,61.6,0.163
T022,South,12,0,95.23,22.87,44.2,0.1671
T078,Central,6,0,108.82,15.26,42.3,0.1687
T087,Central,14,0,86.55,16.72,51.2,0.1844
T080,West,2,0,104.95,25.35,42.8,0.1444
T118,Central,7,0,122.5,21.22,43.9,0.1775
T096,West,16,0,159.38,20.97,51.4,0.1878
T061,East,3,0,111.8,22.57,42.5,0.1894
T039,South,11,0,107.04,22.81,48.6,0.1693
T074,South,23,0,134.45,25.27,45.8,0.1678
T003,West,12,0,70.29,14.15,37.3,0.1355
T012,South,7,0,79.7,18.35,38.4,0.1421
T005,Central,18,0,100.74,22.44,57.5,0.182
T091,Central,13,0,123.55,26.39,48.1,0.1763
T006,East,11,0,105.64,14.92,43.4,0.2043
T063,Central,9,0,59.62,15.15,42.5,0.1123
T030,South,21,0,91.82,18.26,48.2,0.1434
T091,Central,5,0,137.74,20.84,50.2,0.191
T060,West,24,0,111.93,17.9,58.0,0.1425
T051,South,21,0,95.27,28.82,49.4,0.1608
T069,West,9,0,94.14,12.84,36.3,0.1131
T011,East,16,0,156.49,27.42,61.1,0.2118
T117,West,18,0,168.07,27.72,48.3,0.2211
T054,South,5,0,88.82,19.89,24.8,0.1653
T037,West,7,0,126.8,24.13,35.3,0.1883
T112,Central,20,0,124.04,24.76,53.9,0.1823
T035,West,15,0,183.07,23.98,54.7,0.2156
T026,West,18,0,161.28,20.25,54.9,0.1911
T115,South,3,0,107.53,19.8,40.1,0.1602
T036,West,19,0,156.9,29.4,61.6,0.204
T023,South,8,1,105.25,20.35,41.1,0.1636
T024,West,10,0,80.15,22.0,39.5,0.1553
T005,Central,19,0,124.39,21.07,57.5,0.1998
T013,South,1,0,125.73,20.27,39.5,0.1942
T052,Central,15,0,129.61,25.29,48.0,0.1759
T035,West,3,0,134.95,25.11,37.6,0.1804
T035,West,8,0,146.23,23.38,49.9,0.2154
T061,East,17,0,141.9,22.24,57.3,0.1957
T055,Central,2,0,104.85,22.06,38.6,0.1927
T068,South,20,0,127.3,21.15,55.1,0.1742
T062,West,24,0,145.32,23.85,63.3,0.2265
T118,Central,10,0,122.64,22.36,49.8,0.1727
T024,West,4,0,81.45,23.24,40.3,0.1883
T034,East,22,0,112.37,21.8,64.0,0.1796
T016,West,19,0,145.39,21.94,52.8,0.2068
T104,Central,22,0,142.86,23.39,58.8,0.2296
T036,West,5,0,154.29,20.78,54.1,0.2004
T027,Central,14,0,83.55,22.5,37.2,0.1938
T002,South,17,0,126.31,24.61,53.1,0.19
T027,Central,8,0,125.87,23.81,43.1,0.1835
T046,Central,3,0,141.43,20.8,41.0,0.2013
T112,Central,24,0,91.65,26.44,50.0,0.1842
T060,West,14,0,91.03,11.24,45.6,0.1456
T003,West,13,0,68.86,18.18,34.7,0.1366
T018,East,18,0,139.24,22.67,61.8,0.174
T094,Central,14,0,118.37,19.61,59.9,0.2246
T073,Central,2,0,118.9,24.41,40.9,0.188
T028,West,8,0,132.45,25.21,43.0,0.2377
T037,West,11,0,130.44,27.26,49.0,0.194
T109,West,9,0,112.8,22.89,48.6,0.2066
T040,Central,1,0,136.98,22.69,43.2,0.2146
T073,Central,13,0,114.0,28.56,55.2,0.1887
T037,West,10,0,138.23,27.81,51.2,0.2194
T057,West,2,0,150.95,30.96,50.2,0.2761
T107,Central,17,0,132.97,22.47,62.7,0.2168
T078,Central,11,0,96.77,22.48,37.5,0.1637
T108,West,23,0,149.71,18.99,63.9,0.2253
T108,West,22,0,162.19,24.4,51.0,0.2202
T030,South,4,0,73.01,20.62,36.0,0.165
T090,East,6,0,126.97,21.01,43.2,0.1926
T018,East,13,0,88.01,22.22,44.2,0.1508
T109,West,10,0,108.78,19.23,45.1,0.1656
T049,West,9,0,104.72,19.47,47.0,0.1817
T014,East,23,0,155.05,26.84,63.7,0.2115
T075,South,1,0,120.32,18.78,44.2,0.2012
T062,West,23,0,158.55,29.23,56.2,0.1809
T010,Central,8,0,95.02,20.59,41.2,0.1662
T047,West,6,0,105.71,21.81,48.8,0.1332
T047,West,9,0,94.81,18.36,50.3,0.1783
T012,South,23,0,90.76,26.05,53.1,0.1828
T041,Central,15,0,124.54,28.13,50.7,0.16
T042,South,23,0,111.52,19.69,56.4,0.1756
T087,Central,6,0,87.46,18.47,40.0,0.1217
T076,Central,14,0,119.58,23.07,52.3,0.1867
T018,East,7,0,92.98,20.84,50.1,0.1657
T065,Central,9,0,89.48,24.12,44.8,0.1672
T073,Central,3,0,143.59,22.09,50.8,0.2025
T086,Central,11,0,128.11,23.03,59.7,0.1894
T079,East,3,0,105.35,28.85,39.0,0.1581
T014,East,5,0,141.0,23.07,49.9,0.2081
T077,West,17,0,114.38,20.14,51.9,0.1393
T119,West,12,1,146.79,28.45,50.9,0.2557
T090,East,16,1,147.97,21.23,59.6,0.1942
T062,West,21,0,143.03,22.64,50.9,0.2073
T070,East,13,0,146.52,26.87,57.7,0.2282
T037,West,1,0,146.02,28.15,55.7,0.1909
T013,South,9,0,106.31,18.54,49.1,0.1855
T106,East,4,0,114.17,22.56,46.7,0.1919
T014,East,8,0,124.9,23.6,51.9,0.172
T096,West,23,0,155.49,21.62,59.8,0.1926
T083,East,5,0,99.69,18.48,37.3,0.1771
T058,South,12,1,159.45,26.54,62.7,0.2096
T102,East,2,0,64.17,22.97,34.4,0.1508
T053,Central,9,0,160.5,23.95,58.1,0.2315
T004,West,13,0,118.98,27.0,52.4,0.2095
T034,East,2,0,98.85,22.74,38.3,0.1601
T024,West,2,0,75.4,24.72,42.7,0.1544
T074,South,8,0,90.83,23.05,51.0,0.149
T026,West,4,0,128.66,27.95,51.3,0.1899
T074,South,9,0,90.29,19.82,49.0,0.1618
T043,South,16,0,109.43,27.03,42.2,0.1805
T097,West,5,0,116.61,17.56,40.7,0.1728
T112,Central,2,0,99.2,27.49,34.2,0.182
T029,West,11,0,86.24,25.54,49.1,0.1861
T018,East,1,0,112.69,14.61,41.0,0.1828
T118,Central,23,0,135.62,23.98,49.7,0.1879
T018,East,10,0,91.62,21.24,39.3,0.1459
T013,South,5,0,123.69,22.83,40.8,0.2039
T100,West,16,0,115.92,21.37,67.3,0.1649
T059,West,19,0,112.95,23.31,53.8,0.1856
T001,East,8,0,140.63,23.94,52.3,0.1898
T049,West,20,0,129.05,19.4,53.1,0.1514
T039,South,18,0,112.99,19.53,55.0,0.2172
T065,Central,17,0,121.64,23.35,54.5,0.1569
T092,West,10,0,108.99,18.48,43.8,0.173
T095,East,16,0,118.92,19.03,49.6,0.1697
T099,South,3,0,107.22,21.44,42.8,0.1752
T087,Central,18,0,122.94,19.16,46.5,0.1724
T015,Central,7,0,85.86,22.33,37.9,0.1579
T031,South,16,0,107.01,21.11,47.3,0.1903
T081,Central,10,0,120.62,21.55,46.3,0.1531
T036,West,3,0,149.41,20.11,43.6,0.1969
T116,East,3,0,93.17,22.06,46.6,0.18
T028,West,9,0,143.7,25.69,49.0,0.2105
T041,Central,9,0,111.29,22.8,57.2,0.2085
T008,South,20,0,127.79,23.74,51.7,0.1813
T110,East,6,0,124.17,18.85,52.1,0.1723
T039,South,21,0,125.95,22.76,59.3,0.1806
T106,East,2,0,127.0,17.29,44.3,0.165
T067,South,13,0,134.69,24.53,54.1,0.1937
T078,Central,1,0,106.16,21.73,37.6,0.1763
T024,West,3,0,122.15,21.91,42.2,0.1786
T091,Central,6,0,130.01,18.21,37.2,0.1936
T014,East,7,0,140.69,22.04,49.6,0.197
T074,South,21,0,133.84,26.1,46.5,0.2052
T034,East,10,0,104.88,16.24,38.3,0.14
T103,Central,24,0,178.04,25.11,59.2,0.2559
T071,South,7,0,62.1,21.85,37.3,0.1366
T017,East,5,0,136.21,24.54,52.5,0.235
T001,East,1,0,140.75,24.34,46.2,0.1897
T093,West,22,0,142.92,21.66,55.2,0.2072
T002,South,14,0,108.38,23.25,51.2,0.1845
T094,Central,15,0,127.16,23.36,47.9,0.2042
T049,West,4,0,97.3,19.09,41.6,0.1502
T077,West,14,0,109.74,28.87,47.4,0.1888
T047,West,24,0,124.31,23.59,48.4,0.1873
T118,Central,20,0,134.24,25.86,52.4,0.1905
T087,Central,11,0,80.07,20.61,44.7,0.1507
T021,West,15,0,115.68,25.93,49.3,0.1892
T017,East,9,0,137.43,24.34,45.1,0.2067
T102,East,23,0,113.3,21.22,48.4,0.1539
T059,West,4,0,119.7,26.02,41.0,0.189
T030,South,8,1,97.35,24.05,43.4,0.1725
T082,East,10,0,101.45,18.79,42.6,0.1808
T044,Central,20,0,156.97,24.5,51.2,0.1727
T016,West,10,0,109.38,24.09,55.8,0.1817
T085,West,17,0,150.0,27.28,55.8,0.2405
T093,West,21,0,122.96,22.09,56.0,0.2065
T104,Central,6,0,121.94,31.23,56.9,0.2031
T089,East,10,0,106.68,22.29,43.9,0.1703
T039,South,4,0,114.06,18.97,41.7,0.1577
T034,East,13,0,92.61,22.45,49.4,0.1675
T103,Central,6,0,147.52,26.39,51.2,0.245
T034,East,15,0,120.87,23.27,43.3,0.147
T077,West,23,0,94.66,16.22,51.0,0.1556
T097,West,24,0,120.08,21.07,58.5,0.167
T077,West,13,0,100.74,19.22,44.6,0.1841
T025,East,11,0,75.55,18.05,35.6,0.158
T039,South,5,0,120.57,27.72,46.0,0.1635
T059,West,10,0,108.36,23.56,43.1,0.2003
T012,South,3,0,104.26,18.6,42.3,0.1245
T063,Central,10,0,71.52,17.32,34.7,0.1481
T040,Central,23,0,162.72,20.87,67.2,0.2358
T028,West,11,0,122.56,20.69,50.8,0.1888
T020,East,19,0,131.61,24.54,54.1,0.171
T087,Central,2,0,83.36,20.71,36.1,0.1226
T002,South,23,0,118.4,23.84,62.0,0.1854
T015,Central,13,0,107.62,15.77,50.3,0.1872
T004,West,17,0,128.26,22.42,44.9,0.1976
T036,West,13,0,145.31,23.64,55.1,0.2028
T106,East,21,0,148.44,23.86,61.8,0.192
T069,West,18,0,100.2,18.95,51.5,0.163
T003,West,15,0,85.26,18.32,41.3,0.1982
T004,West,6,0,120.22,29.06,51.0,0.1956
T085,West,11,0,124.36,26.47,53.9,0.2009
T086,Central,15,0,117.08,21.24,58.5,0.2014
T073,Central,11,0,138.29,25.95,42.1,0.1773
T109,West,17,0,119.77,21.46,48.5,0.198
T020,East,23,0,145.98,20.72,48.4,0.1635
T110,East,14,0,111.62,24.57,51.4,0.1716
T002,South,18,0,127.93,24.66,63.5,0.1547
T100,West,1,0,97.94,25.46,26.4,0.1777
T115,South,8,0,72.55,22.49,49.0,0.1304
T104,Central,12,0,160.77,18.3,55.2,0.2107
T020,East,17,0,125.06,26.08,51.9,0.1783
T118,Central,14,0,121.46,25.46,50.8,0.2185
T036,West,16,0,164.82,25.93,51.5,0.208
T063,Central,15,0,86.06,18.55,53.2,0.1638
T083,East,23,0,109.6,21.63,44.3,0.1707
T100,West,11,0,92.99,22.26,57.0,0.2147
T096,West,12,1,133.29,23.5,59.4,0.2086
T050,Central,23,0,177.56,26.16,63.8,0.2365
T001,East,11,0,108.25,22.27,49.6,0.1952
T119,West,13,0,140.31,29.53,58.1,0.2253
T065,Central,20,0,115.65,24.09,60.0,0.1643
T054,South,12,1,83.81,21.01,51.8,0.1628
T015,Central,12,0,113.09,21.14,50.0,0.153
T004,West,9,0,135.77,23.65,53.2,0.1768
T013,South,10,0,115.91,16.6,50.4,0.1935
T079,East,14,0,86.1,20.64,36.1,0.1284
T008,South,16,1,123.66,20.17,48.7,0.1933
T064,South,8,0,119.79,24.53,33.9,0.2112
T113,South,8,0,136.82,19.36,40.3,0.2225
T063,Central,5,0,91.74,23.96,41.4,0.1572
T036,West,22,0,181.48,27.85,65.2,0.2136
T004,West,10,0,158.29,26.14,40.5,0.1979
T071,South,14,0,81.67,20.71,44.7,0.2005
T005,Central,11,0,109.94,23.74,47.8,0.1999
T080,West,8,0,102.11,24.46,47.8,0.1786
T119,West,3,0,134.56,25.47,35.3,0.2092
T030,South,19,0,99.0,23.31,50.9,0.1661
T048,South,21,0,118.08,16.11,45.3,0.1411
T115,South,13,0,89.33,19.54,47.4,0.1665
T016,West,13,0,121.22,20.25,44.2,0.1739
T111,West,19,0,101.66,17.78,49.7,0.1965
T062,West,16,0,150.97,20.65,54.9,0.2133
T044,Central,13,0,141.03,26.76,55.4,0.1757
T012,South,17,0,116.7,22.4,44.4,0.1604
T005,Central,5,0,109.85,23.2,33.3,0.1736
T017,East,21,0,160.32,25.48,55.6,0.2003
T082,East,3,0,104.86,19.61,40.9,0.1815
T005,Central,10,0,117.14,17.18,47.7,0.1816
T050,Central,11,0,136.15,26.92,54.6,0.2332
T093,West,3,0,125.16,20.8,42.5,0.165
T070,East,2,0,143.83,19.81,34.9,0.2328
T039,South,1,0,121.33,20.95,42.7,0.2027
T052,Central,10,0,105.42,22.6,41.6,0.147
T114,Central,8,1,95.88,22.32,46.1,0.1689
T003,West,4,0,77.03,20.16,36.8,0.1517
T109,West,5,0,111.55,19.41,43.0,0.1521
T045,East,2,0,68.88,20.93,39.5,0.1221
T039,South,3,0,118.51,20.07,39.2,0.1949
T076,Central,15,0,117.64,19.61,49.1,0.1777
T112,Central,3,0,117.27,19.15,39.2,0.1707
T039,South,13,0,112.95,21.38,37.1,0.1611
T011,East,3,0,134.05,23.12,48.6,0.226
T076,Central,21,0,138.21,20.7,54.5,0.2007
T118,Central,13,0,114.23,24.85,56.7,0.1779
T069,West,14,0,97.45,18.75,46.6,0.1831
T041,Central,17,0,134.19,26.4,51.1,0.1861
T082,East,9,0,91.78,25.17,31.0,0.1707
T119,West,14,0,159.6,26.97,60.0,0.2296
T015,Central,1,0,94.31,20.31,41.0,0.1613
T057,West,12,0,130.4,25.41,51.9,0.2338
T081,Central,16,1,132.24,19.89,53.4,0.196
T116,East,16,0,108.08,21.74,46.2,0.1868
T012,South,9,0,91.39,22.58,38.2,0.1671
T032,South,21,0,139.39,22.73,56.7,0.2025
T041,Central,18,0,125.84,25.89,58.0,0.1932
T033,West,4,0,87.52,15.07,36.2,0.1532
T062,West,17,0,124.12,23.45,45.9,0.2044
T117,West,6,0,138.2,24.62,50.2,0.2421
T082,East,6,0,109.7,19.89,46.5,0.1571
T017,East,3,0,149.37,27.63,50.2,0.184
T004,West,14,0,132.32,20.99,48.2,0.1774
T094,Central,23,0,115.87,24.51,48.6,0.1975
T012,South,11,0,76.52,24.49,40.4,0.1466
T008,South,6,0,90.62,19.65,41.3,0.1791
T026,West,9,0,135.75,22.58,54.8,0.2115
T001,East,18,0,159.35,30.53,62.2,0.2549
T035,West,16,0,173.0,30.59,58.6,0.2275
T088,West,10,0,95.47,19.94,42.4,0.1696
T008,South,23,0,116.93,22.6,53.7,0.1687
T022,South,8,0,113.11,27.5,44.1,0.1847
T086,Central,7,0,114.32,20.45,39.9,0.2056
T025,East,20,0,120.16,20.94,50.9,0.1879
T009,South,13,0,107.25,22.92,47.4,0.1562
T061,East,11,0,130.18,25.61,63.7,0.1909
T056,West,18,0,132.32,26.13,59.6,0.2057
T028,West,17,0,155.57,26.08,63.7,0.2084
T042,South,12,0,72.02,22.55,39.8,0.1863
T075,South,12,0,120.1,26.62,56.0,0.2067
T106,East,7,0,119.67,15.31,39.6,0.2064
T026,West,23,0,135.03,27.12,60.8,0.2406
T039,South,9,0,111.67,25.67,48.2,0.1687
T002,South,4,0,101.53,23.33,32.8,0.1628
T097,West,4,0,104.26,13.15,42.8,0.1565
T023,South,9,0,111.07,21.23,44.6,0.19
T056,West,2,0,124.08,25.03,40.6,0.1905
T058,South,9,0,128.75,24.08,45.3,0.2197
T098,East,13,0,87.02,18.42,44.6,0.1543
T102,East,7,0,73.74,23.28,34.5,0.1142
T032,South,17,0,145.12,26.5,56.4,0.1962
T009,South,21,0,126.36,20.93,52.2,0.1381
T047,West,12,1,115.2,23.24,56.4,0.2022
T056,West,11,0,93.17,22.86,41.1,0.1994
T020,East,24,0,121.37,15.94,46.5,0.2024
T027,Central,6,0,115.32,20.03,46.0,0.19
T088,West,16,0,102.72,19.38,35.9,0.1602
T001,East,17,0,128.49,30.81,59.5,0.2099
T037,West,17,0,135.97,25.67,56.0,0.2084
T112,Central,22,0,140.29,26.0,48.6,0.1823
T104,Central,21,0,147.75,26.74,58.9,0.2255
T016,West,14,0,126.41,22.16,43.2,0.2038
T060,West,11,0,115.21,21.52,48.8,0.1649
T052,Central,11,0,96.98,21.36,45.1,0.1442
T105,East,24,0,130.4,26.39,57.5,0.1932
T056,West,17,0,106.23,22.17,47.5,0.1973
T065,Central,16,1,122.63,22.78,55.9,0.176
T027,Central,4,0,99.23,26.94,44.5,0.1894
T072,East,10,0,100.82,21.52,40.5,0.1782
T032,South,22,0,119.6,25.09,57.9,0.2088
T045,East,14,0,78.17,22.11,44.8,0.1467
T030,South,20,0,97.16,23.53,49.7,0.1695
T086,Central,16,0,114.9,26.5,51.0,0.2006
T104,Central,14,0,138.06,26.02,60.5,0.2213
T023,South,2,0,90.7,24.27,39.9,0.1441
T014,East,14,0,146.34,25.2,45.4,0.1802
T100,West,13,0,90.67,17.92,47.6,0.1652
T099,South,22,0,129.4,23.11,58.6,0.1562
T072,East,19,0,118.45,19.7,44.3,0.1998
T034,East,18,0,119.16,28.53,49.5,0.1707
T093,West,14,0,111.41,21.13,55.8,0.1719
T029,West,9,0,93.75,20.27,49.3,0.1657
T092,West,1,0,94.91,18.81,44.8,0.163
T120,East,13,0,144.14,32.66,53.5,0.2083
T021,West,23,0,142.34,28.41,54.0,0.2076
T032,South,11,0,114.05,21.34,43.3,0.2148
T090,East,3,0,149.22,22.47,42.1,0.2238
T007,East,18,0,161.85,24.65,60.3,0.2405
T053,Central,22,0,146.14,23.6,63.6,0.259
T053,Central,5,0,173.76,21.93,48.8,0.1968
T002,South,24,0,114.63,30.4,56.6,0.2002
T017,East,17,0,131.29,22.47,60.0,0.2268
T003,West,10,0,75.28,25.36,36.1,0.1378
T046,Central,1,0,105.94,26.57,48.7,0.1552
T112,Central,1,0,113.7,16.94,40.2,0.1547
T003,West,5,0,83.13,15.17,29.1,0.1463
T085,West,9,0,152.84,20.41,49.6,0.2343
T074,South,15,0,140.15,23.83,47.1,0.1802
T041,Central,11,0,120.69,26.67,55.7,0.2214
T099,South,8,1,108.6,24.29,37.6,0.1643
T086,Central,10,0,123.49,19.83,51.3,0.1873
T084,Central,11,0,146.73,24.6,59.4,0.1916
T026,West,2,0,116.06,28.12,39.2,0.2132
T109,West,15,0,118.83,18.95,57.6,0.1751
T079,East,24,0,103.76,20.9,51.0,0.1786
T083,East,19,0,120.62,18.86,44.2,0.1604
T063,Central,11,0,74.86,14.52,33.0,0.1262
T039,South,15,0,99.68,21.65,44.2,0.1578
T107,Central,2,0,130.51,20.64,46.7,0.1803
T117,West,1,0,115.6,24.49,35.7,0.1737
T062,West,11,0,130.2,24.28,56.3,0.1905
T042,South,24,0,99.35,21.94,51.5,0.1562
T013,South,19,0,134.63,24.87,48.2,0.2073
T077,West,10,0,100.89,20.91,45.0,0.1479
T001,East,15,0,152.67,20.55,56.4,0.1952
T060,West,1,0,113.0,25.19,38.4,0.1891
T028,West,2,0,134.08,21.89,44.8,0.2178
T080,West,19,0,115.36,20.37,59.5,0.2089
T041,Central,16,0,136.75,27.2,47.6,0.1754
T095,East,6,0,110.68,23.81,49.6,0.1634
T092,West,5,0,74.18,17.5,35.2,0.1443
T107,Central,18,0,162.77,21.84,59.8,0.2072
T060,West,23,0,105.06,22.19,48.7,0.1769
T041,Central,5,0,109.26,22.04,41.8,0.1511
T120,East,22,0,138.15,21.17,54.2,0.2016
T100,West,19,0,109.98,24.22,47.6,0.1719
T022,South,21,0,118.58,22.35,62.0,0.2042
T053,Central,13,0,149.86,32.28,59.0,0.2656
T078,Central,10,0,94.2,23.47,34.8,0.172
T021,West,17,0,122.2,15.37,51.9,0.17
T075,South,7,0,159.35,24.4,41.1,0.1959
T093,West,2,0,119.65,17.49,45.7,0.1657
T010,Central,7,0,100.22,24.8,50.5,0.148
T069,West,19,0,131.41,18.24,58.8,0.1638
T114,Central,13,0,118.39,22.68,64.6,0.1701
T016,West,3,0,120.67,20.73,40.1,0.1946
T102,East,20,0,112.71,27.23,48.6,0.2015
T112,Central,23,0,132.06,25.91,59.4,0.1995
T116,East,21,0,126.6,20.45,48.1,0.1863
T086,Central,22,0,143.54,19.12,54.4,0.1908
T014,East,9,0,144.95,23.94,44.0,0.1977
T094,Central,8,0,102.62,17.59,35.7,0.2163
T077,West,1,0,99.44,20.34,27.0,0.1631
T069,West,5,0,92.36,19.55,34.8,0.1663
T105,East,22,0,134.27,24.31,50.1,0.2043
T081,Central,1,0,141.67,30.57,53.2,0.2135
T033,West,2,0,99.99,19.69,26.4,0.1991
T022,South,18,0,115.95,23.53,51.1,0.2078
T001,East,19,0,142.22,24.91,64.2,0.243
T108,West,11,0,127.71,23.15,46.3,0.2077
T106,East,1,0,113.47,23.09,40.3,0.2105
T105,East,5,0,115.81,20.01,39.6,0.2032
T023,South,16,0,103.11,24.67,43.8,0.1754
T103,Central,5,0,154.97,23.16,45.1,0.2256
T057,West,17,0,148.99,16.5,53.8,0.2185
T068,South,18,0,100.35,22.28,42.1,0.1816
T100,West,2,0,93.37,21.19,36.2,0.1702
T063,Central,7,0,90.08,20.76,42.6,0.1282
T097,West,8,0,94.64,24.14,46.6,0.144
T086,Central,6,0,131.28,21.7,35.5,0.1587
T114,Central,15,0,95.75,19.13,46.6,0.1688
T022,South,23,0,126.73,24.47,59.8,0.2038
T082,East,14,0,95.46,25.79,50.1,0.1681
T047,West,8,0,73.54,19.0,48.3,0.1829
T080,West,6,0,113.15,26.02,34.3,0.1525
T043,South,23,0,134.59,16.57,53.8,0.1943
T030,South,9,0,84.16,18.66,43.7,0.1699
T049,West,15,0,135.62,31.13,53.2,0.1599
T085,West,6,0,127.62,26.86,54.5,0.2153
T063,Central,18,0,105.87,18.2,56.4,0.16
T094,Central,10,0,130.94,22.9,39.0,0.1857
T040,Central,7,0,121.56,27.34,55.8,0.2067
T095,East,4,0,121.29,19.35,43.0,0.1723
T072,East,2,0,119.72,22.46,53.1,0.1992
T068,South,4,0,113.11,25.57,38.2,0.1743
T074,South,16,0,134.41,20.78,50.2,0.174
T079,East,9,0,87.1,19.04,38.3,0.1932
T098,East,12,0,98.68,20.77,43.1,0.1589
T090,East,11,0,124.16,25.91,50.3,0.201
T071,South,4,0,85.24,15.51,27.0,0.1638
T030,South,15,0,97.05,21.87,50.2,0.1943
T095,East,22,0,121.34,22.38,49.5,0.1915
T057,West,5,0,151.75,24.68,49.5,0.2358
T079,East,19,0,100.8,17.86,48.4,0.1643
T019,West,23,0,101.75,15.62,47.7,0.15
T027,Central,15,0,86.29,23.27,42.0,0.1769
T012,South,24,0,87.15,21.07,49.7,0.1582
T015,Central,11,0,97.95,24.04,45.7,0.1772
T044,Central,1,0,117.47,21.38,45.8,0.1789
T013,South,6,0,113.67,18.62,45.4,0.1933
T051,South,1,0,89.76,18.57,42.6,0.1612
T115,South,10,0,69.55,18.29,36.1,0.1876
T069,West,8,0,81.63,19.28,38.3,0.1466
T111,West,10,0,98.39,26.63,42.9,0.1262
T015,Central,8,1,98.82,18.38,52.2,0.1794
T023,South,6,0,76.62,23.47,33.4,0.1773
T012,South,15,0,109.5,23.12,44.6,0.1692
T050,Central,13,0,143.27,21.48,57.2,0.2169
T009,South,20,0,140.38,21.62,52.0,0.1865
T027,Central,21,0,127.66,20.43,46.1,0.2152
T113,South,23,0,179.59,31.87,61.7,0.2312
T118,Central,9,0,116.71,17.35,43.1,0.1918
T081,Central,6,0,133.84,25.5,41.6,0.1851
T036,West,23,0,142.98,24.28,52.2,0.2233
T063,Central,1,0,72.48,18.57,36.3,0.1402
T109,West,24,0,99.99,21.45,40.2,0.1552
T037,West,18,0,135.11,23.57,52.6,0.2082
T029,West,14,0,116.42,21.59,62.3,0.181
T086,Central,1,0,96.31,23.81,45.2,0.1842
T001,East,5,0,138.49,23.48,45.1,0.1853
T010,Central,20,0,138.9,24.71,52.3,0.1985
T084,Central,24,0,156.46,27.93,65.7,0.1937
T116,East,20,0,126.14,26.17,52.9,0.208
T061,East,19,0,148.41,23.13,52.2,0.2135
T034,East,12,0,86.62,25.76,44.1,0.2019
T060,West,4,0,105.93,25.98,41.6,0.1537
T053,Central,16,0,160.08,24.37,56.5,0.2606
T017,East,20,0,172.09,21.81,62.7,0.2063
T087,Central,19,0,100.84,17.06,60.5,0.156
T017,East,16,0,154.2,26.72,61.9,0.21
T027,Central,7,0,107.78,22.81,42.9,0.1981
T003,West,20,0,105.97,26.03,48.7,0.1511
T040,Central,2,0,139.3,21.82,52.2,0.1913
T086,Central,23,0,133.22,20.53,59.9,0.2135
T057,West,9,0,141.92,22.63,55.1,0.1982
T084,Central,10,0,170.19,25.32,44.3,0.2363
T053,Central,14,0,143.26,23.27,63.1,0.2293
T037,West,16,0,146.56,25.76,59.5,0.1844
T033,West,22,0,88.39,23.24,52.9,0.1769
T086,Central,13,0,128.17,25.5,45.5,0.1895
T069,West,2,0,85.75,25.1,31.5,0.1614
T111,West,1,0,114.25,20.13,40.8,0.177
T021,West,11,0,105.31,22.2,54.8,0.2238
T085,West,19,0,150.46,24.91,54.9,0.2299
T058,South,14,0,166.22,24.95,46.5,0.1994
T012,South,16,0,85.14,20.2,53.1,0.165
T105,East,3,0,98.12,19.63,50.8,0.2053
T113,South,19,0,167.34,25.86,54.9,0.2487
T017,East,24,0,156.05,28.83,59.8,0.1747
T055,Central,9,0,112.73,23.2,49.9,0.1631
T078,Central,17,0,116.28,21.59,48.7,0.2015
T117,West,5,0,144.64,19.56,40.2,0.1991
T108,West,10,0,132.39,20.87,45.6,0.1915
T042,South,14,0,93.93,19.55,33.5,0.1472
T066,East,21,0,127.97,23.59,62.3,0.1829
T088,West,5,0,104.47,22.57,40.7,0.2152
T004,West,16,0,115.03,22.87,41.1,0.1724
T060,West,15,0,109.19,20.41,49.3,0.1941
T049,West,14,0,122.34,24.73,50.2,0.1826
T111,West,15,0,88.1,18.23,46.4,0.1798
T010,Central,4,0,94.08,22.86,43.0,0.1648
T115,South,12,0,92.89,21.98,44.0,0.1829
T010,Central,13,0,106.32,20.5,52.5,0.1666
T117,West,2,0,128.78,22.42,63.4,0.1932
T098,East,23,0,105.87,13.04,48.5,0.1521
T059,West,11,0,100.85,22.63,47.1,0.1781
T103,Central,17,0,166.67,25.1,63.1,0.206
T031,South,5,0,110.25,22.65,45.8,0.1994
T005,Central,17,0,124.84,25.88,48.6,0.1661
T089,East,16,1,130.6,20.17,50.4,0.1884
T055,Central,12,0,110.88,25.43,44.7,0.1518
T086,Central,21,0,135.97,24.56,59.2,0.1422
T009,South,9,0,88.42,21.4,31.7,0.1995
T110,East,5,0,127.68,18.64,47.2,0.1887
T070,East,16,0,184.44,27.05,58.7,0.234
T022,South,20,0,140.2,22.81,60.0,0.1635
T017,East,22,0,165.09,20.43,57.3,0.2065
T002,South,15,0,136.68,24.93,52.6,0.1636
T001,East,21,0,162.32,25.77,53.7,0.2207
T009,South,4,0,98.36,22.03,37.5,0.1558
T048,South,7,0,117.15,20.47,34.3,0.1613
T022,South,5,0,109.77,24.51,45.7,0.1935
T097,West,12,0,109.82,19.49,43.5,0.1736
T045,East,12,0,96.36,22.45,50.5,0.1753
T046,Central,15,0,148.42,19.91,42.2,0.1785
T008,South,2,0,95.15,19.54,33.0,0.1625
T063,Central,13,0,73.43,23.97,40.2,0.1486
T095,East,17,0,115.27,18.35,47.3,0.1762
T020,East,18,0,140.78,20.6,51.7,0.1898
T047,West,13,0,93.52,19.38,54.2,0.2041
T062,West,14,0,110.35,25.59,49.3,0.2074
T056,West,21,0,125.63,29.42,54.3,0.166
T102,East,5,0,86.52,21.17,42.4,0.1491
T110,East,16,0,124.51,28.06,51.3,0.1816
T011,East,21,0,168.5,25.78,66.0,0.2159
T079,East,9,0,87.1,19.04,38.3,0.1932
T062,West,4,0,119.78,22.79,38.8,0.1936
T110,East,9,0,126.39,18.96,39.8,0.2059
T098,East,21,0,77.09,22.61,45.5,0.1238
T087,Central,1,0,105.64,25.16,39.2,0.1531
T082,East,20,0,123.45,21.94,56.9,0.1783
T037,West,4,0,132.37,24.69,52.5,0.1955
T053,Central,12,0,161.6,22.51,48.1,0.2235
T111,West,20,0,113.25,23.29,47.2,0.1782
T079,East,20,0,115.05,19.11,50.9,0.1407
T032,South,5,0,125.88,21.68,54.8,0.1509
T020,East,20,0,111.65,22.96,52.0,0.1983
T009,South,7,0,102.28,18.07,39.9,0.1637
T097,West,20,0,98.66,21.7,44.2,0.1582
T103,Central,4,0,148.5,24.33,43.9,0.1853
T053,Central,18,0,166.03,27.98,56.2,0.2427
T063,Central,23,0,101.58,16.97,48.8,0.1416
T012,South,20,0,101.08,20.7,54.8,0.1847
T066,East,5,0,122.84,20.3,38.9,0.1852
T006,East,21,0,124.9,24.08,54.3,0.2016
T015,Central,5,0,90.57,24.45,37.6,0.1381
T106,East,19,0,138.04,24.22,53.4,0.2017
T039,South,19,0,141.91,22.42,55.3,0.1974
T064,South,13,0,121.66,22.99,46.2,0.1661
T065,Central,11,0,87.65,21.51,42.2,0.1521
T038,West,14,0,107.56,22.43,48.8,0.1807
T103,Central,1,0,173.51,26.51,43.3,0.2084
T095,East,23,0,98.75,24.82,51.0,0.1879
T064,South,23,0,128.19,28.03,54.2,0.2056
T115,South,16,1,103.56,21.51,41.4,0.1541
T089,East,22,0,130.34,27.74,52.8,0.1823
T042,South,15,0,84.6,16.26,54.7,0.1495
T062,West,10,0,141.78,21.09,57.6,0.1941
T082,East,21,0,120.51,19.22,51.6,0.1681
T104,Central,1,0,122.54,25.01,45.1,0.1668
T006,East,1,0,111.28,23.98,49.0,0.1823
T071,South,12,0,89.4,18.94,48.5,0.1788
T101,East,5,0,169.52,20.42,57.5,0.2626
T078,Central,23,0,135.56,25.11,49.5,0.1706
T105,East,6,0,120.43,19.23,47.1,0.189
T009,South,14,0,111.54,23.03,40.3,0.1328
T037,West,24,0,159.06,27.69,60.6,0.2199
T004,West,18,0,117.65,24.65,55.3,0.1714
T055,Central,18,0,128.13,27.26,54.3,0.1848
T044,Central,21,0,151.68,21.21,61.4,0.1631
T070,East,21,0,168.4,18.73,68.9,0.2316
T018,East,6,0,103.95,19.74,47.8,0.1466
T093,West,4,0,98.42,22.19,32.7,0.1766
T058,South,8,0,123.48,25.88,47.6,0.1983
T004,West,5,0,125.63,27.99,48.4,0.1963
T055,Central,16,1,126.83,20.32,45.1,0.1738
T052,Central,24,0,119.25,25.08,61.3,0.213
T067,South,14,0,134.36,18.99,59.9,0.2274
T078,Central,4,0,134.72,16.03,43.0,0.147
T101,East,18,0,176.02,26.19,64.2,0.239
T081,Central,22,0,157.15,25.12,54.6,0.2237
T117,West,12,0,146.1,26.76,50.9,0.2075
T045,East,1,0,78.44,21.56,26.4,0.1611
T094,Central,4,0,102.73,21.14,38.6,0.1518
T120,East,18,0,149.56,24.58,48.4,0.2129
T109,West,4,0,98.06,22.78,46.6,0.1442
T052,Central,3,0,97.41,21.49,43.2,0.1782
T022,South,15,0,97.11,21.42,35.4,0.1579
T110,East,21,0,153.46,23.19,45.4,0.1852
T077,West,15,0,111.21,21.67,50.8,0.1962
T049,West,18,0,102.24,21.48,53.3,0.1865
T082,East,19,0,103.34,23.41,62.4,0.1816
T002,South,19,0,126.92,25.5,59.3,0.166
T032,South,6,0,147.99,17.61,45.8,0.2076
T094,Central,18,0,117.82,27.71,51.2,0.1748
T091,Central,24,0,119.48,20.1,54.0,0.2019
T100,West,15,0,116.4,18.31,51.6,0.182
T067,South,15,0,158.02,24.6,55.6,0.2344
T023,South,15,0,99.84,17.21,46.1,0.1698
T108,West,20,0,152.31,23.96,53.5,0.2074
T120,East,12,0,157.32,19.32,57.0,0.2159
T039,South,22,0,140.0,22.42,53.1,0.1854
T007,East,2,0,117.09,19.36,49.0,0.189
T026,West,12,0,115.05,23.82,47.5,0.1979
T063,Central,19,0,116.21,23.21,43.2,0.1499
T071,South,18,0,121.8,19.18,49.5,0.1774
T079,East,10,0,89.89,19.48,44.4,0.1661
T058,South,11,0,132.61,26.35,51.5,0.1776
T091,Central,18,0,132.0,25.61,53.8,0.2043
T067,South,9,0,127.42,25.68,46.2,0.227
T017,East,11,0,110.88,27.01,47.9,0.2037
T019,West,24,0,112.7,20.84,52.2,0.1467
T074,South,24,0,127.89,21.32,63.7,0.1767
T082,East,23,0,120.43,22.96,51.3,0.1836
T116,East,24,0,96.83,18.72,51.8,0.1792
T017,East,23,0,169.89,29.18,54.2,0.2026
T087,Central,15,0,111.96,16.16,45.3,0.1914
T008,South,24,0,122.35,20.68,57.9,0.1733
T064,South,4,0,124.33,20.43,45.5,0.1895
T102,East,10,0,102.83,23.43,48.5,0.2
T120,East,8,0,130.63,21.95,47.8,0.2001
T095,East,2,0,120.19,21.49,49.1,0.1649
T052,Central,13,0,124.8,18.88,47.0,0.1864
T043,South,3,0,117.85,17.82,40.7,0.1662
T010,Central,6,0,111.88,23.48,40.0,0.1957
T103,Central,10,0,146.06,26.74,63.5,0.222
T101,East,14,0,173.53,25.4,57.3,0.262
T038,West,3,0,92.97,22.45,38.7,0.1876
T082,East,24,0,94.44,23.27,58.0,0.1433
T098,East,11,0,70.02,17.1,45.7,0.1811
T063,Central,12,0,78.17,17.1,37.1,0.1376
T021,West,2,0,113.1,26.17,48.9,0.1776
T115,South,20,0,119.93,20.1,56.7,0.1689
T116,East,12,0,114.7,21.2,45.1,0.191
T046,Central,22,0,150.45,24.69,44.6,0.2379
T120,East,7,0,124.78,21.95,44.8,0.2191
T086,Central,5,0,134.82,21.85,46.9,0.1803
T068,South,12,0,110.48,17.0,50.2,0.1927
T075,South,18,0,150.71,25.36,53.7,0.2126
T029,West,2,0,107.62,22.76,41.1,0.1519
T113,South,7,0,128.56,22.0,48.8,0.225
T043,South,6,0,126.63,27.57,39.1,0.1741
T014,East,19,0,138.77,26.67,55.7,0.2063
T092,West,22,0,125.56,21.48,54.0,0.1411
T061,East,10,0,117.51,24.09,51.4,0.2312
T056,West,16,0,133.26,22.52,52.4,0.1841
T007,East,9,0,133.67,24.45,57.5,0.1977
T072,East,15,0,122.42,26.44,44.6,0.1627
T018,East,22,0,139.74,22.69,50.7,0.1715
T090,East,1,0,138.05,23.43,48.4,0.1878
T025,East,21,0,114.73,23.81,53.4,0.1802
T025,East,1,0,88.18,21.6,41.1,0.1728
T060,West,16,0,104.61,23.97,36.7,0.1678
T050,Central,19,0,176.13,25.31,69.3,0.2286
T009,South,19,0,132.15,23.01,55.1,0.1951
T060,West,9,0,100.92,18.0,50.8,0.1831
T107,Central,14,0,136.95,22.34,58.2,0.1902
T108,West,16,1,153.64,26.83,53.0,0.174
T010,Central,9,0,109.82,25.75,44.6,0.1929
T073,Central,23,0,136.15,23.35,51.2,0.2077
T017,East,15,0,156.65,25.43,52.1,0.2214
T059,West,18,0,139.42,18.39,48.7,0.1574
T068,South,8,0,117.16,22.08,52.0,0.1967
T101,East,12,1,182.9,32.75,73.1,0.2548
T069,West,12,1,104.81,21.55,47.3,0.1631
T056,West,3,0,134.85,24.71,42.2,0.174
T058,South,24,0,158.6,24.09,65.2,0.212
T052,Central,19,0,113.53,20.16,51.9,0.1995
T048,South,14,0,97.41,18.32,50.5,0.1796
T113,South,12,0,150.71,20.96,51.2,0.2157
T120,East,1,0,148.73,22.12,48.0,0.2015
T116,East,11,0,88.22,21.62,37.7,0.1877
T040,Central,13,0,135.63,19.4,53.4,0.1988
T085,West,22,0,164.61,27.6,55.7,0.2299
T025,East,16,0,96.57,19.89,41.0,0.2077
T022,South,10,0,96.94,25.87,39.6,0.19
T118,Central,19,0,127.25,28.87,50.7,0.1993
T086,Central,17,0,122.66,28.02,56.1,0.1939
T048,South,13,0,110.66,16.46,48.4,0.1896
T075,South,4,0,122.03,23.1,47.6,0.2049
T045,East,18,0,87.86,21.62,51.3,0.1761
T073,Central,8,0,122.75,19.16,40.9,0.1955
T012,South,10,0,92.99,19.13,37.6,0.1462
T081,Central,8,0,108.77,23.55,52.7,0.2096
T065,Central,3,0,105.59,20.68,40.2,0.1907
T072,East,3,0,126.85,19.97,39.2,0.1757
T060,West,2,0,116.45,24.25,41.3,0.1669
T008,South,19,0,111.39,21.83,55.6,0.1572
T041,Central,1,0,106.11,20.32,42.2,0.174
T003,West,16,1,107.57,21.66,46.4,0.1857
T085,West,5,0,146.46,24.02,57.5,0.2054
T088,West,13,0,93.35,18.07,50.5,0.1863
T065,Central,8,0,102.22,26.95,50.1,0.179
T068,South,6,0,105.48,21.09,39.1,0.1847
T077,West,4,0,98.27,15.03,42.9,0.1495
T057,West,7,0,145.76,24.45,45.7,0.2354
T074,South,17,0,131.66,22.23,53.8,0.1727
T116,East,5,0,113.45,22.48,38.8,0.1974
T039,South,16,1,103.21,21.44,53.8,0.18
T092,West,21,0,90.12,21.19,49.1,0.1425
T071,South,16,1,103.06,16.26,50.9,0.156
T080,West,10,0,86.24,16.54,47.2,0.1554
T114,Central,14,0,116.9,23.94,45.4,0.1849
T038,West,8,0,92.0,24.22,43.1,0.1843
T010,Central,3,0,112.4,25.08,33.4,0.1954
T018,East,4,0,106.17,21.49,38.7,0.2005
T105,East,11,0,113.6,19.39,45.4,0.1895
T108,West,8,0,140.1,27.35,47.2,0.1746
T053,Central,20,0,178.04,21.69,50.2,0.2458
T001,East,14,0,154.56,24.56,62.3,0.2019
T103,Central,9,0,125.5,27.62,62.9,0.244
T087,Central,21,0,111.0,28.05,52.0,0.1538
T011,East,19,0,143.36,21.81,59.6,0.2325
T038,West,12,0,107.28,22.99,46.4,0.1722
T088,West,7,0,105.51,15.79,34.2,0.1836
T112,Central,21,0,131.8,21.84,50.8,0.2104
T028,West,10,0,150.15,22.4,56.5,0.2034
T004,West,23,0,121.77,21.38,41.2,0.1891
T115,South,17,0,109.81,23.15,48.3,0.2177
T056,West,13,0,106.49,22.79,54.8,0.2062
T031,South,4,0,118.66,21.76,55.7,0.1833
T019,West,9,0,76.34,21.37,39.1,0.1506
T110,East,1,0,104.74,20.56,40.8,0.1735
T088,West,12,0,109.56,17.27,49.9,0.152
T106,East,6,0,121.85,23.38,49.5,0.1756
T037,West,9,0,113.09,18.96,45.8,0.1755
T093,West,6,0,98.43,21.44,38.5,0.1584
T070,East,19,0,176.75,26.32,68.4,0.2291
T072,East,23,0,112.57,22.51,48.9,0.186
T107,Central,7,0,122.81,20.16,44.1,0.1604
T061,East,6,0,113.11,24.62,39.6,0.1938
T089,East,24,0,132.47,19.9,49.0,0.2041
T084,Central,7,0,129.12,25.23,44.3,0.1911
T018,East,21,0,118.31,19.35,60.2,0.2078
T103,Central,8,0,124.69,22.09,50.0,0.2286
T036,West,1,0,134.52,26.26,43.5,0.2117
T090,East,17,0,153.01,25.41,66.5,0.238
T061,East,20,0,130.87,17.72,59.6,0.2022
T113,South,15,0,164.39,25.45,59.2,0.212
T066,East,22,0,139.57,26.55,55.3,0.2148
T083,East,6,0,77.71,20.17,40.7,0.1854
T018,East,11,0,82.94,14.36,52.9,0.1707
T003,West,22,0,104.58,17.94,47.4,0.14
T110,East,22,0,127.99,20.98,49.7,0.1886
T076,Central,2,0,115.05,25.76,41.0,0.1481
T116,East,17,0,121.58,24.91,52.5,0.1543
T095,East,18,0,136.48,25.09,52.6,0.1636
T020,East,16,0,132.23,31.62,44.6,0.2131
T045,East,6,0,87.2,16.56,35.6,0.1243
T114,Central,5,0,95.11,21.52,26.6,0.1655
T109,West,18,0,105.04,20.95,55.9,0.1701
T077,West,6,0,79.68,20.78,35.0,0.1421
T104,Central,16,0,121.93,24.11,60.5,0.2368
T083,East,3,0,89.22,15.34,35.8,0.1467
T035,West,13,0,150.35,27.21,53.4,0.2034
T040,Central,6,0,121.72,15.89,37.4,0.2358
T051,South,16,0,118.7,18.57,51.6,0.1917
T102,East,24,0,82.98,21.62,55.9,0.181
T053,Central,3,0,147.39,26.9,47.8,0.1962
T069,West,11,0,98.87,21.08,39.7,0.1673
T028,West,22,0,154.35,22.97,58.3,0.2064
T031,South,24,0,96.13,18.65,53.8,0.1411
T008,South,13,0,91.46,22.18,39.3,0.2036
T012,South,6,0,83.75,22.14,40.6,0.1888
T090,East,9,0,137.03,24.07,50.8,0.2086
T040,Central,5,0,132.33,28.02,54.9,0.1952
T093,West,24,0,127.03,21.97,59.1,0.1668
T079,East,7,0,83.81,19.9,39.1,0.1565
T062,West,12,0,132.25,24.33,62.5,0.2174
T111,West,6,0,101.05,22.86,40.0,0.1752
T075,South,10,0,144.69,23.25,51.6,0.1827
T043,South,1,0,119.1,21.06,45.2,0.2189
T113,South,5,0,159.76,25.81,53.6,0.2106
T008,South,9,0,90.16,17.14,42.6,0.1795
T007,East,24,0,145.88,21.58,55.7,0.2296
T054,South,4,0,66.03,16.35,27.0,0.1613
T039,South,24,0,142.19,22.57,51.3,0.1757
T078,Central,20,0,137.83,28.74,49.7,0.1717
T033,West,23,0,79.82,19.73,52.9,0.1524
T120,East,19,0,173.12,22.3,55.2,0.2305
T102,East,3,0,90.32,17.45,36.9,0.1423
T036,West,9,0,137.53,19.3,42.0,0.1839
T029,West,17,0,123.34,24.54,58.2,0.1583
T072,East,18,0,111.1,22.19,49.1,0.1812
T106,East,16,0,128.58,23.88,47.3,0.2087
T081,Central,5,0,140.79,24.09,46.5,0.203
T049,West,17,0,113.79,20.4,53.8,0.2006
T099,South,19,0,142.55,18.51,55.5,0.174
T112,Central,10,0,119.76,19.97,53.1,0.1796
T067,South,4,0,160.3,23.16,46.4,0.2367
T036,West,8,0,134.87,22.56,49.8,0.1936
T076,Central,6,0,110.08,21.6,37.7,0.1953
T035,West,14,0,145.78,24.93,58.5,0.2232
T101,East,15,0,168.32,29.58,67.9,0.2233
T025,East,17,0,93.28,22.06,49.4,0.1823
T003,West,23,0,106.02,16.46,46.7,0.1829
T106,East,12,0,138.14,19.34,59.3,0.2011
T068,South,11,0,100.82,28.37,41.0,0.1786
T106,East,5,0,132.6,16.56,45.9,0.1771
T063,Central,16,1,93.62,23.08,43.0,0.135
T095,East,7,0,111.83,20.79,40.2,0.1652
T009,South,15,0,109.22,17.85,42.2,0.173
T051,South,6,0,95.36,20.39,42.8,0.1692
T055,Central,13,0,86.25,17.96,47.6,0.2195
T095,East,13,0,91.91,19.86,46.7,0.2037
T096,West,8,0,110.87,26.77,45.2,0.2
T105,East,2,0,106.51,23.98,32.5,0.1922
T024,West,11,0,80.7,18.15,34.4,0.1957
T086,Central,4,0,112.56,14.16,48.6,0.1602
T080,West,9,0,115.4,21.55,42.7,0.1781
T030,South,14,0,98.76,17.29,39.0,0.1649
T108,West,4,0,143.85,22.17,45.3,0.1883
T032,South,13,0,123.02,18.64,55.6,0.1826
T058,South,13,0,152.48,24.86,52.1,0.2062
T063,Central,14,0,85.45,15.74,44.3,0.1399
T071,South,24,0,118.61,21.4,62.5,0.1788
T109,West,16,0,116.51,21.99,59.2,0.173
T059,West,20,0,116.29,25.47,41.7,0.1699
T099,South,1,0,115.46,17.86,46.3,0.1924
T069,West,24,0,118.18,22.3,53.0,0.1968
T070,East,23,0,159.58,21.01,59.2,0.2331
T046,Central,8,0,132.19,22.9,48.6,0.1996
T006,East,3,0,125.94,25.12,32.8,0.1664
T116,East,4,0,104.25,19.29,37.7,0.1848
T080,West,18,0,124.65,24.36,52.6,0.1844
T020,East,11,0,92.16,25.75,55.2,0.1819
T056,West,14,0,137.08,19.66,53.5,0.1996
T025,East,24,0,110.26,20.49,66.6,0.1908
T008,South,11,0,87.67,22.82,42.4,0.1628
T042,South,19,0,100.54,19.37,50.4,0.1674
T046,Central,6,0,142.16,21.02,49.7,0.1898
T068,South,22,0,120.4,24.06,56.3,0.227
T085,West,15,0,156.22,31.99,58.0,0.2265
T063,Central,24,0,100.35,18.12,64.7,0.1645
T083,East,24,0,103.66,18.88,45.0,0.135
T046,Central,11,0,95.53,22.32,49.0,0.1855
T108,West,21,0,157.74,27.36,57.9,0.2019
T102,East,8,1,117.31,22.62,50.3,0.161
T119,West,15,0,131.75,22.51,60.3,0.2202
T108,West,14,0,121.25,25.72,57.1,0.1941
T120,East,6,0,154.85,21.09,54.2,0.2074
T072,East,6,0,119.58,20.1,44.0,0.1763
T047,West,18,0,124.9,20.19,63.7,0.1821
T092,West,6,0,86.44,20.14,31.4,0.1393
T099,South,14,0,123.86,22.49,50.0,0.1976
T050,Central,17,0,163.08,24.59,65.2,0.2358
T062,West,20,0,141.97,26.51,58.3,0.1881
T026,West,21,0,154.5,27.4,65.9,0.2115
T048,South,18,0,110.69,20.47,51.0,0.1597
T026,West,14,0,150.74,26.9,60.1,0.1884
T030,South,16,0,110.55,18.34,44.0,0.1793
T022,South,13,0,103.41,26.66,43.8,0.1859
T070,East,4,0,155.86,26.7,47.8,0.2217
T073,Central,18,0,146.32,26.86,59.8,0.2227
T008,South,22,0,114.67,23.18,58.3,0.193
T048,South,5,0,101.13,22.93,41.2,0.1728
T057,West,1,0,165.36,20.35,50.8,0.2178
T008,South,21,0,134.27,25.21,58.4,0.1875
T077,West,19,0,95.51,18.95,50.0,0.1336
T032,South,24,0,135.98,21.64,59.6,0.185
T054,South,11,0,49.09,16.93,35.2,0.1546
T113,South,14,0,156.16,28.14,49.6,0.2423
T068,South,10,0,98.9,23.89,35.5,0.1796
T029,West,8,0,128.11,22.23,42.1,0.1627
T066,East,20,0,145.1,26.43,54.4,0.1842
T076,Central,11,0,132.45,23.52,57.5,0.1932
T046,Central,10,0,118.39,28.35,45.0,0.1751
T026,West,6,0,138.6,19.5,48.1,0.2048
T087,Central,8,0,91.03,25.57,45.2,0.122
T119,West,21,0,166.14,20.47,63.5,0.2394
T042,South,20,0,105.09,17.17,55.3,0.1561
T004,West,3,0,121.54,20.39,42.2,0.205
T072,East,20,0,119.52,22.4,50.9,0.1994
T026,West,20,0,155.07,23.79,62.7,0.2095
T100,West,10,0,93.85,23.44,40.0,0.1959
T032,South,4,0,129.15,16.97,35.2,0.1953
T007,East,21,0,174.68,28.31,62.7,0.2202
T090,East,15,0,123.39,26.64,57.9,0.2129
T034,East,8,0,84.11,20.79,38.7,0.1721
T074,South,2,0,85.07,19.88,32.3,0.1697
T105,East,18,0,140.58,19.82,64.1,0.1873
T055,Central,20,0,124.99,23.46,59.3,0.2056
T049,West,19,0,122.01,18.49,58.2,0.1794
T001,East,20,0,138.29,23.28,63.0,0.207
T094,Central,11,0,97.96,19.41,49.3,0.1764
T023,South,5,0,96.73,19.32,39.7,0.1955
T016,West,7,0,119.18,22.02,43.5,0.1499
T101,East,7,0,166.03,26.05,53.5,0.225
T092,West,16,0,93.37,19.87,43.4,0.1885
T103,Central,7,0,154.18,26.93,47.8,0.2126
T081,Central,11,0,105.4,21.48,45.3,0.1793
T096,West,17,0,145.19,20.92,56.6,0.1665
T030,South,17,0,83.98,19.36,55.8,0.2074
T043,South,10,0,103.52,19.67,51.0,0.1715
T096,West,7,0,114.3,22.55,39.9,0.2049
T095,East,3,0,108.73,29.31,43.9,0.1663
T056,West,19,0,154.55,22.44,51.7,0.1613
T084,Central,2,0,127.23,26.02,41.3,0.1736
T066,East,14,0,118.83,26.53,50.7,0.216
T107,Central,3,0,129.38,22.04,44.0,0.1591
T054,South,10,0,73.02,19.38,34.1,0.1389
T031,South,18,0,115.56,22.98,50.7,0.2031
T096,West,24,0,121.73,17.66,60.7,0.2263
T065,Central,18,0,119.77,21.66,51.9,0.1893
T029,West,24,0,106.06,17.05,54.9,0.1769
T113,South,16,1,143.56,21.04,61.6,0.2075
T021,West,12,0,127.88,28.01,53.6,0.2034
T037,West,12,1,122.91,22.99,49.2,0.2265
T082,East,15,0,96.03,24.35,38.5,0.1425
T107,Central,20,0,138.53,26.09,58.4,0.2243
T112,Central,18,0,143.02,23.55,47.4,0.164
T035,West,1,0,155.0,25.31,52.5,0.2062
T031,South,15,0,127.05,21.68,46.5,0.186
T092,West,4,0,80.09,21.81,40.1,0.161
T047,West,17,0,107.25,22.88,54.0,0.1773
T100,West,12,0,115.81,28.15,48.0,0.1863
T112,Central,13,0,108.7,20.88,42.6,0.1962
T102,East,1,0,86.35,20.35,39.5,0.146
T105,East,14,0,144.35,23.38,58.2,0.1925
T087,Central,16,0,85.51,23.65,55.0,0.1726
T048,South,15,0,108.66,21.46,52.2,0.157
T098,East,24,0,106.46,20.24,57.8,0.1341
T104,Central,23,0,148.07,22.17,59.8,0.2018
T016,West,11,0,120.73,19.89,47.4,0.1492
T033,West,16,0,87.93,20.21,43.4,0.1622
T058,South,20,0,143.32,24.53,59.7,0.2282
T001,East,22,0,135.14,28.2,54.8,0.2267
T004,West,7,0,121.43,22.28,37.2,0.225
T043,South,12,0,117.96,19.89,54.4,0.174
T086,Central,2,0,108.87,25.0,41.1,0.2094
T099,South,4,0,87.38,21.42,38.3,0.1775
T088,West,21,0,114.0,25.62,53.7,0.1837
T074,South,13,0,114.67,16.97,61.9,0.1963
T050,Central,4,0,138.37,18.97,45.3,0.2164
T053,Central,21,0,183.6,29.57,59.1,0.2196
T023,South,18,0,105.48,20.27,54.0,0.176
T058,South,19,0,160.79,24.99,57.5,0.2335
T005,Central,14,0,107.2,23.25,53.9,0.1976
T120,East,21,0,150.89,20.61,59.3,0.208
T093,West,1,0,122.21,22.57,39.3,0.1888
T115,South,6,0,85.12,18.74,38.7,0.1972
T078,Central,5,0,102.91,21.78,40.8,0.2043
T116,East,1,0,128.9,18.29,32.8,0.1859
T098,East,20,0,85.23,22.86,45.8,0.169
T002,South,13,0,111.27,22.49,51.6,0.1659
T087,Central,12,1,118.52,20.28,58.5,0.1742
T030,South,13,0,78.43,21.3,45.1,0.1871
T019,West,7,0,94.79,24.99,34.0,0.1442
T053,Central,10,0,160.29,33.74,61.9,0.2156
T052,Central,18,0,114.41,24.11,55.0,0.1821
T102,East,22,0,118.77,21.78,57.0,0.1519
T040,Central,12,0,121.99,17.8,45.6,0.1881
T026,West,11,0,113.87,26.21,52.8,0.2279
T006,East,23,0,141.97,29.0,54.8,0.1565
T062,West,22,0,139.91,22.19,57.9,0.1829
T083,East,2,0,102.41,21.23,36.9,0.1856
T117,West,13,0,134.0,20.39,54.9,0.1701
T019,West,12,0,89.71,19.35,35.0,0.1726
T027,Central,23,0,107.68,25.95,56.3,0.1563
T043,South,13,0,96.07,21.7,53.7,0.2099
T075,South,17,0,146.58,23.29,62.0,0.1838
T031,South,11,0,101.99,19.21,42.4,0.1676
T021,West,24,0,130.56,20.21,54.7,0.1841
T009,South,5,0,128.81,22.8,39.1,0.1492
T105,East,8,0,94.46,22.12,44.9,0.2042
T120,East,15,0,145.02,22.99,62.7,0.25
T062,West,15,0,146.53,27.62,59.4,0.2023
T071,South,22,0,109.19,20.88,55.1,0.1676
T021,West,9,0,122.2,29.27,43.4,0.1701
T059,West,13,0,118.95,17.72,50.5,0.1884
T006,East,20,0,163.37,23.82,54.5,0.2314
T105,East,17,0,124.28,27.43,55.1,0.2047
T118,Central,8,1,113.03,21.11,38.1,0.1884
T047,West,3,0,106.04,19.99,49.4,0.1486
T022,South,24,0,96.47,24.82,50.0,0.1746
T072,East,17,0,120.82,20.53,48.9,0.1732
T105,East,7,0,107.25,21.8,41.8,0.1863
T092,West,18,0,99.6,25.38,48.5,0.1445
T078,Central,14,0,95.81,21.11,42.5,0.1902
T113,South,11,0,136.93,21.46,42.9,0.2174
T022,South,14,0,103.87,18.2,38.3,0.1931
T084,Central,21,0,166.08,27.6,58.0,0.202
T046,Central,5,0,129.32,22.25,43.0,0.1998
T069,West,22,0,121.54,19.13,52.5,0.1646
T105,East,21,0,136.12,18.24,54.1,0.1618
T084,Central,8,1,139.99,27.68,56.0,0.2039
T056,West,15,0,124.9,26.62,60.8,0.162
T082,East,11,0,88.07,16.75,38.7,0.1595
T027,Central,9,0,96.92,16.38,40.7,0.1878
T099,South,20,0,142.58,21.95,44.1,0.1825
T059,West,23,0,139.77,18.95,61.3,0.1506
T075,South,3,0,136.74,20.65,37.3,0.2163
T048,South,6,0,102.12,15.31,39.7,0.1738
T046,Central,24,0,149.36,30.05,58.8,0.1939
T044,Central,24,0,130.38,17.41,53.6,0.2056
T101,East,22,0,202.69,27.91,73.1,0.2495
T048,South,2,0,120.05,15.87,39.8,0.1698
T083,East,4,0,83.08,28.01,45.9,0.1481
T117,West,14,0,128.13,26.63,46.5,0.189
T053,Central,6,0,155.74,23.86,58.0,0.231
T045,East,11,0,70.58,20.43,47.2,0.1817
T029,West,20,0,121.99,23.36,55.3,0.1568
T002,South,3,0,87.91,21.23,39.0,0.1381
T049,West,12,1,110.11,21.98,50.6,0.1609
T051,South,10,0,112.29,23.18,45.0,0.1585
T028,West,6,0,143.87,23.53,46.3,0.2157
T083,East,15,0,98.48,16.41,33.8,0.1692
T038,West,4,0,84.48,20.72,47.1,0.1893
T083,East,22,0,121.67,20.14,48.0,0.1514
T089,East,2,0,105.53,23.98,39.3,0.1695
T047,West,15,0,124.77,22.88,45.3,0.1999
T033,West,14,0,76.39,22.89,45.9,0.1724
T109,West,14,0,89.45,18.85,55.0,0.173
T119,West,20,0,163.64,25.41,55.7,0.2023
T054,South,6,0,77.62,17.51,43.2,0.1354
T001,East,4,0,132.5,19.64,41.9,0.1924
T020,East,3,0,121.98,27.02,46.3,0.1892
T083,East,8,0,98.92,24.27,45.4,0.1894
T116,East,2,0,104.06,20.46,35.4,0.1834
T060,West,13,0,93.64,25.95,41.8,0.1281
T032,South,23,0,137.87,20.57,52.0,0.2121
T042,South,3,0,65.6,26.32,28.8,0.1289
T014,East,22,0,149.74,23.98,57.8,0.2196
T064,South,3,0,113.52,24.25,49.6,0.1767
T014,East,18,0,152.13,22.12,55.8,0.1994
T077,West,9,0,101.76,21.0,47.8,0.1482
T007,East,5,0,144.45,25.02,52.9,0.2041
T084,Central,18,0,150.14,22.72,67.3,0.2284
T085,West,4,0,126.24,20.91,42.9,0.2229
T088,West,4,0,101.28,24.38,34.0,0.1837
T007,East,6,0,155.22,25.87,47.3,0.2154
T119,West,23,0,165.48,23.56,54.6,0.226
T108,West,6,0,139.2,23.02,44.0,0.2067
T079,East,15,0,96.12,23.56,35.0,0.1472
T003,West,6,0,85.21,20.48,40.8,0.1233
T018,East,8,0,131.79,20.94,40.6,0.1444
T030,South,2,0,95.95,23.36,41.5,0.142
T079,East,21,0,130.45,19.96,37.4,0.1651
T106,East,18,0,127.0,26.91,57.3,0.2014
T078,Central,13,0,106.59,20.05,53.0,0.141
T052,Central,21,0,135.3,22.71,47.9,0.21
T092,West,17,0,95.72,22.57,47.5,0.1643
T118,Central,17,0,108.79,18.63,49.6,0.1566
T058,South,6,0,157.51,24.48,47.1,0.2271
T035,West,5,0,143.02,29.65,51.8,0.2405
T019,West,5,0,74.67,22.29,34.5,0.1392
T022,South,1,0,124.91,24.6,38.8,0.1541
T060,West,5,0,120.1,24.6,42.3,0.1397
T100,West,3,0,77.4,22.71,41.7,0.141
T010,Central,21,0,138.7,17.83,51.5,0.1678
T005,Central,13,0,97.34,29.69,44.3,0.1952
T064,South,24,0,134.23,20.53,52.8,0.202
T102,East,13,0,98.41,24.69,37.2,0.1845
T106,East,8,1,140.65,20.33,44.3,0.1906
T011,East,4,0,124.3,26.77,51.4,0.1889
T040,Central,3,0,132.26,24.06,49.9,0.2196
T032,South,10,0,114.71,26.84,47.4,0.227
T019,West,8,0,108.07,19.12,41.8,0.1654
T042,South,2,0,82.16,19.68,41.5,0.152
T005,Central,24,0,112.25,18.51,53.3,0.208
T110,East,11,0,86.61,22.69,43.0,0.19
T072,East,21,0,120.47,17.1,40.9,0.1644
T048,South,12,0,92.71,23.51,43.1,0.189
T033,West,15,0,108.76,26.87,49.0,0.1627
T033,West,18,0,92.87,15.63,41.9,0.1554
T076,Central,16,0,130.57,22.16,48.5,0.1867
T111,West,18,0,90.23,23.3,51.7,0.1652
T111,West,24,0,98.47,17.58,42.8,0.1948
T084,Central,9,0,123.34,24.98,55.9,0.2246
T023,South,20,0,96.23,20.54,54.1,0.1554
T102,East,17,0,100.53,20.3,56.8,0.2129
T044,Central,12,0,122.89,19.98,50.8,0.1789
T032,South,1,0,108.89,26.51,35.9,0.1614
T002,South,2,0,103.63,17.95,39.8,0.179
T002,South,21,0,124.24,25.93,53.8,0.157
T002,South,10,0,113.33,23.33,45.8,0.2095
T021,West,4,0,120.36,16.16,45.5,0.1757
T064,South,11,0,130.01,24.95,50.0,0.1807
T079,East,17,0,95.97,26.49,47.0,0.1645
T116,East,18,0,113.91,19.78,49.5,0.1558
T079,East,18,0,106.36,21.02,45.3,0.1365
T090,East,22,0,160.1,22.21,61.1,0.2302
T025,East,3,0,115.29,19.35,42.6,0.1606
T055,Central,3,0,100.94,17.08,41.0,0.1787
T102,East,14,0,91.19,17.63,45.1,0.1604
T005,Central,12,1,116.39,24.14,50.6,0.2057
T110,East,18,0,109.88,26.77,55.6,0.17
T025,East,14,0,96.34,20.06,53.0,0.1681
T076,Central,23,0,122.64,20.52,65.6,0.1685
T040,Central,24,0,155.06,24.1,52.1,0.1845
T076,Central,4,0,116.16,23.4,41.6,0.1506
T119,West,7,0,131.5,20.52,48.3,0.2126
T044,Central,2,0,103.56,22.2,32.1,0.1864
T106,East,17,0,146.14,20.49,53.8,0.2164
T097,West,2,0,98.7,20.78,46.9,0.1692
T085,West,8,0,138.84,21.97,44.2,0.2074
T098,East,5,0,84.57,18.0,41.0,0.1637
T044,Central,7,0,122.81,20.79,44.2,0.171
T034,East,6,0,87.4,22.79,43.7,0.148
T021,West,8,1,140.64,25.28,50.7,0.1718
T108,West,19,0,152.98,26.61,59.3,0.2007
T115,South,23,0,97.78,21.63,48.2,0.166
T107,Central,4,0,126.62,29.84,41.7,0.1711
T067,South,23,0,160.77,23.35,68.6,0.2597
T052,Central,23,0,131.65,21.64,50.7,0.2208
T117,West,17,0,144.73,20.73,62.3,0.2195
T070,East,18,0,170.5,25.78,71.5,0.2214
T089,East,7,0,115.8,21.29,37.6,0.1588
T119,West,8,0,114.45,23.15,46.8,0.2196
T004,West,11,0,95.27,19.15,54.8,0.2019
T097,West,11,0,116.23,17.59,43.3,0.1665
T043,South,20,0,141.48,22.21,47.0,0.1888
T020,East,12,0,122.49,25.27,40.5,0.2087
T097,West,9,0,109.72,17.52,47.0,0.1851
T101,East,9,0,165.98,30.78,60.0,0.2444
T042,South,21,0,99.87,20.21,46.9,0.1455
T035,West,9,0,111.42,24.14,50.4,0.2207
T102,East,18,0,117.4,24.11,57.2,0.1783
T058,South,10,0,154.2,25.58,46.3,0.1967
T050,Central,9,0,157.22,22.97,61.8,0.2279
T086,Central,24,0,116.38,20.76,53.0,0.1776
T100,West,22,0,114.59,18.92,52.5,0.1811
T092,West,3,0,93.32,26.33,33.9,0.1778
T011,East,7,0,130.84,27.99,51.6,0.2183
T066,East,16,0,119.36,21.88,53.2,0.1987
T015,Central,20,0,120.79,19.63,56.7,0.1502
T077,West,7,0,66.37,18.23,39.3,0.1393
T041,Central,12,0,111.2,18.48,48.8,0.179
T057,West,20,0,160.19,25.82,56.7,0.1672
T005,Central,20,0,121.9,23.5,55.2,0.1762
T034,East,19,0,139.52,25.21,58.3,0.2082
T100,West,24,0,112.96,22.55,58.3,0.1816
T045,East,4,0,75.07,19.13,36.8,0.1332
T037,West,6,0,143.02,19.44,51.7,0.2145
T114,Central,21,0,121.32,26.59,50.7,0.1807
T019,West,21,0,96.98,21.19,48.2,0.1384
T074,South,22,0,105.11,27.91,56.4,0.1812
T011,East,10,0,144.66,28.02,48.5,0.2215
T003,West,8,0,61.86,15.96,46.7,0.1586
T076,Central,20,0,129.04,24.29,50.1,0.1637
T079,East,12,0,90.85,21.89,39.1,0.1253
T050,Central,8,1,139.27,22.75,53.2,0.1958
T102,East,16,0,102.55,24.4,52.7,0.1509
T011,East,6,0,138.3,29.49,51.8,0.211
T091,Central,10,0,121.9,22.59,45.8,0.1994
T098,East,14,0,88.44,19.89,49.4,0.1395
T006,East,22,0,141.39,20.14,54.5,0.2105
T103,Central,11,0,151.25,22.21,57.8,0.2126
T021,West,5,0,113.62,21.85,42.7,0.1606
T020,East,1,0,120.19,19.58,31.8,0.1845
T096,West,21,0,142.16,21.4,54.0,0.2239
T092,West,9,0,86.48,16.96,44.2,0.1225
T006,East,2,0,136.34,21.09,37.4,0.1829
T034,East,16,1,111.86,20.6,45.7,0.1774
T065,Central,6,0,95.45,19.15,42.4,0.1475
T017,East,19,0,158.85,27.12,54.4,0.2108
T119,West,9,0,154.62,17.02,50.3,0.1912
T114,Central,1,0,104.0,18.04,37.2,0.1546
T052,Central,9,0,78.76,16.25,33.8,0.1898
T057,West,24,0,142.9,21.94,64.8,0.2098
T035,West,7,0,148.07,27.05,50.3,0.1795
T106,East,14,0,132.74,26.47,54.4,0.2026
T020,East,15,0,124.47,22.92,54.4,0.1745
T092,West,11,0,92.9,22.22,37.6,0.18
T116,East,7,0,108.58,21.22,38.8,0.1731
T111,West,12,0,124.79,24.13,41.1,0.1628
T055,Central,24,0,109.76,20.58,56.9,0.1754
T070,East,20,0,178.61,22.15,64.8,0.1936
T034,East,20,0,149.02,19.53,45.4,0.2048
T074,South,12,1,112.46,18.45,43.3,0.185
T013,South,4,0,103.89,21.63,43.2,0.191
T012,South,4,0,82.57,20.46,38.3,0.1692
T048,South,9,0,94.98,22.65,43.2,0.151
T054,South,23,0,110.12,19.44,47.9,0.123
T043,South,22,0,90.03,21.94,50.3,0.1792
T055,Central,22,0,116.81,25.72,55.4,0.1371
T030,South,12,0,75.06,26.24,43.8,0.1735
T096,West,2,0,108.65,19.76,36.9,0.1985
T019,West,13,0,80.29,23.19,34.7,0.149
T084,Central,14,0,153.56,23.46,53.1,0.2048
T075,South,15,0,151.51,25.85,55.3,0.2151
T041,Central,2,0,111.15,23.14,40.5,0.1835
T072,East,12,0,116.0,20.76,44.2,0.1797
T013,South,13,0,117.08,21.37,43.7,0.1905
T047,West,1,0,111.96,22.02,32.5,0.1737
T026,West,3,0,121.76,24.84,43.3,0.1809
T059,West,6,0,102.86,21.74,38.5,0.1445
T016,West,24,0,153.76,24.77,58.0,0.1992
T035,West,12,1,148.44,16.58,59.6,0.213
T061,East,17,0,141.9,22.24,57.3,0.1957
T027,Central,19,0,127.08,23.23,59.2,0.1816
T030,South,7,0,64.16,18.45,45.8,0.1142
T009,South,12,0,108.96,20.31,40.5,0.168
T045,East,17,0,80.6,21.41,51.0,0.1587
T099,South,23,0,121.34,21.99,67.2,0.1882
T061,East,23,0,148.59,26.73,62.4,0.2145
T028,West,20,0,148.78,20.13,60.4,0.2251
T069,West,10,0,84.15,25.24,34.7,0.1712
T059,West,5,0,77.73,19.58,45.1,0.1855
T045,East,16,0,141.23,23.69,53.7,0.1616
T075,South,19,0,141.05,19.27,57.9,0.189
T007,East,12,0,150.65,27.38,52.3,0.1916
T097,West,15,0,105.55,24.15,42.6,0.1562
T072,East,7,0,131.36,20.37,44.6,0.2248
T106,East,22,0,132.19,27.9,58.8,0.1926
T105,East,4,0,119.29,20.19,46.7,0.1607
T074,South,6,0,101.17,19.61,45.3,0.1908
T017,East,10,0,120.73,20.06,49.4,0.2454
T102,East,6,0,87.83,20.18,45.1,0.1357
T051,South,24,0,99.38,24.78,57.6,0.1818
T092,West,8,0,82.88,21.06,36.7,0.1496
T016,West,2,0,115.72,20.72,42.0,0.1757
T092,West,15,0,90.24,23.83,52.8,0.1733
T058,South,16,0,142.18,25.32,65.7,0.2192
T061,East,12,0,119.19,24.69,54.3,0.2219
T047,West,5,0,100.93,16.61,46.1,0.1446
T016,West,6,0,116.24,21.99,41.9,0.2011
T013,South,20,0,117.02,22.5,59.4,0.1667
T098,East,19,0,103.85,19.29,51.5,0.1311
T101,East,8,0,167.33,28.17,58.4,0.2504
T060,West,12,0,103.23,22.15,48.8,0.1865
T037,West,8,0,131.36,23.43,35.3,0.2171
T043,South,17,0,111.56,18.94,39.5,0.1926
T114,Central,9,0,120.23,23.96,56.1,0.1961
T048,South,11,0,89.36,22.28,44.1,0.169
T107,Central,24,0,136.46,25.84,54.1,0.1731
T045,East,3,0,111.95,20.49,44.1,0.1326
T051,South,4,0,105.77,20.1,43.4,0.2133
T040,Central,19,0,149.48,21.54,60.0,0.2406
T010,Central,10,0,109.59,26.55,50.4,0.1808
T094,Central,13,0,129.88,24.01,48.2,0.1964
T089,East,3,0,108.78,23.08,48.6,0.1491
T081,Central,20,0,148.97,25.4,56.0,0.187
T090,East,21,0,163.67,26.89,60.4,0.2057
T044,Central,4,0,100.93,22.75,47.1,0.2024
T085,West,21,0,156.83,24.45,60.9,0.225
T041,Central,10,0,121.28,22.05,53.9,0.2218
T068,South,24,0,115.59,22.43,59.8,0.1887
T089,East,19,0,135.83,20.83,56.9,0.1978
T065,Central,23,0,123.68,22.1,49.5,0.2339
T001,East,12,1,141.77,18.53,48.5,0.2279
T025,East,2,0,67.75,17.48,31.6,0.1818
T007,East,4,0,149.9,28.83,45.6,0.203
T007,East,8,1,136.92,23.48,41.2,0.1666
T013,South,7,0,120.22,19.62,47.5,0.182
T107,Central,22,0,146.33,19.6,63.7,0.2152
T048,South,17,0,100.82,21.9,41.9,0.1476
T057,West,22,0,145.61,25.78,62.8,0.2327
T028,West,16,0,156.22,28.82,52.8,0.2146
T018,East,15,0,111.49,19.62,33.0,0.154
T102,East,4,0,82.37,17.02,36.3,0.2115
T118,Central,4,0,103.71,21.76,37.0,0.143
T089,East,4,0,110.91,17.64,33.8,0.1801
T019,West,4,0,85.8,21.16,35.3,0.1621
T083,East,11,0,108.47,19.18,47.1,0.1465
T091,Central,12,0,116.37,20.23,43.2,0.2124
T117,West,10,0,117.92,27.47,46.7,0.2189
T085,West,16,0,149.37,22.81,51.2,0.2264
T022,South,17,0,118.38,25.97,53.3,0.197
T001,East,2,0,129.6,24.53,48.1,0.1975
T011,East,5,0,156.26,23.63,55.1,0.2018
T066,East,6,0,114.82,22.22,45.0,0.2006
T094,Central,17,0,129.08,23.14,49.1,0.2035
T031,South,21,0,133.77,24.05,46.6,0.1843
T080,West,24,0,107.44,18.94,58.9,0.1806
T024,West,1,0,97.13,20.97,26.5,0.1541
T048,South,10,0,105.74,20.96,40.7,0.2025
T038,West,10,0,109.78,22.6,46.6,0.1703
T015,Central,18,0,114.11,21.71,56.8,0.1871
T016,West,20,0,145.63,27.86,52.1,0.1698
T006,East,19,0,128.09,19.63,51.1,0.2044
T079,East,11,0,91.69,17.81,40.9,0.1397
T071,South,17,0,92.2,23.1,49.0,0.1517
T012,South,19,0,98.61,19.43,48.6,0.1944
T011,East,2,0,139.66,24.94,49.1,0.1817
T075,South,2,0,133.32,17.07,40.8,0.1372
T113,South,9,0,131.66,25.73,52.5,0.2045
T018,East,24,0,123.03,30.22,55.9,0.2064
T009,South,16,1,125.09,29.85,44.4,0.1883
T112,Central,17,0,111.54,19.5,49.5,0.2149
T009,South,1,0,114.86,16.4,46.9,0.1938
T054,South,14,0,91.71,23.69,45.3,0.1557
T064,South,12,0,112.76,22.98,50.3,0.1893
T016,West,16,1,131.85,31.32,54.1,0.1939
T010,Central,1,0,122.57,24.51,35.1,0.1523
T035,West,4,0,138.93,21.0,55.2,0.2053
T053,Central,15,0,165.48,31.23,54.2,0.2245
T068,South,17,0,110.18,19.12,51.3,0.1397
T057,West,18,0,128.14,23.83,42.5,0.1915
T118,Central,1,0,103.78,24.61,37.9,0.178
T008,South,1,0,109.87,21.18,44.3,0.1625
T116,East,23,0,130.27,27.84,48.5,0.1879
T046,Central,14,0,118.03,21.22,47.9,0.203
T102,East,11,0,105.64,16.29,43.6,0.1791
T052,Central,1,0,103.49,21.53,49.3,0.1818
T096,West,20,0,147.33,25.71,47.6,0.1875
T056,West,12,1,136.17,20.23,41.8,0.1846
T094,Central,5,0,102.83,20.37,36.4,0.165
T047,West,10,0,87.0,18.5,49.3,0.1735
T091,Central,19,0,135.3,20.72,51.5,0.1851
T038,West,15,0,101.17,18.81,41.1,0.1639
T014,East,20,0,150.5,25.61,64.3,0.1991
T016,West,9,0,116.71,19.65,45.6,0.1865
T021,West,19,0,163.41,21.81,59.0,0.2238
T107,Central,23,0,145.02,23.3,55.9,0.2135
T095,East,8,0,131.07,20.8,38.8,0.1855
T042,South,9,0,70.04,20.03,46.3,0.141
T084,Central,1,0,127.52,20.78,38.0,0.2004
T039,South,14,0,115.1,21.9,45.5,0.1488
T055,Central,4,0,93.11,19.62,36.4,0.1632
T035,West,23,0,165.3,27.4,58.3,0.1911
T098,East,22,0,105.64,19.23,55.0,0.1778
T092,West,7,0,100.71,18.26,42.0,0.1525
T016,West,17,0,149.88,19.92,60.3,0.1523
T026,West,19,0,166.5,27.88,61.4,0.2035
T120,East,23,0,164.46,21.92,61.1,0.2141
T011,East,12,1,152.15,22.71,62.9,0.2265
T112,Central,16,0,127.71,21.02,53.8,0.1685
T066,East,23,0,149.62,19.71,60.5,0.1889
T115,South,14,0,96.24,15.14,45.1,0.1628
T064,South,18,0,108.33,23.06,56.0,0.1847
T071,South,15,0,96.97,20.68,52.4,0.1379
T106,East,11,0,126.55,20.07,51.5,0.2071
T067,South,6,0,125.69,18.53,55.2,0.2104
T014,East,16,1,127.24,21.84,59.4,0.1818
T080,West,23,0,127.37,24.05,58.2,0.1904
T108,West,1,0,116.57,22.7,49.9,0.1845
T049,West,8,0,97.73,23.31,43.4,0.1931
