applicant_id,credit_score,income_k,age,prior_savings,coaching_received,next_year_savings
1,627,81.7,55.6,2503.35,0,2429.37
2,664,72.3,46.9,6390.68,0,3591.85
3,722,83.8,37.7,5544.24,1,2712.22
4,691,81.5,34.0,5504.18,0,3476.5
5,707,88.6,35.1,6431.63,1,3339.69
6,676,61.6,51.8,3352.35,0,2522.22
7,562,18.0,19.9,1837.58,0,2025.24
8,707,57.4,39.0,2670.08,1,2556.13
9,641,18.0,35.7,3918.13,0,955.64
10,672,54.3,50.4,3780.77,0,2995.98
11,752,90.2,22.4,6228.3,1,4471.29
12,634,83.9,40.1,3993.11,0,2178.88
13,750,52.4,33.7,4847.29,1,3451.32
14,706,74.1,49.5,4551.99,1,3703.82
15,776,98.9,69.0,4384.93,1,3764.71
16,788,56.7,46.0,4539.04,1,2968.13
17,731,56.3,42.3,3582.24,1,2641.6
18,750,109.9,39.4,2915.35,1,3317.95
19,696,78.8,57.5,4113.19,0,3150.06
20,752,54.6,38.4,3280.88,1,2278.37
21,650,38.1,46.0,1891.61,0,1873.2
22,669,72.7,37.6,3820.21,0,2255.14
23,568,42.6,48.4,628.31,0,1238.61
24,752,62.4,44.4,5596.97,1,3717.94
25,775,64.6,34.1,5958.9,1,4276.75
26,670,51.3,43.0,4961.52,0,3536.42
27,850,80.7,54.5,4087.4,1,3526.6
28,693,72.9,36.3,3674.14,0,2366.23
29,739,67.2,34.0,4570.44,1,2776.37
30,696,18.0,39.7,3352.52,0,2546.1
31,600,44.8,47.9,4935.12,0,2274.3
32,656,42.0,29.4,2663.08,0,1939.32
33,745,59.5,37.0,4859.19,1,3094.33
34,696,80.1,41.6,4363.31,0,3486.0
35,650,56.8,41.2,1883.48,0,2401.61
36,719,102.7,46.3,4911.49,1,3545.61
37,680,48.2,44.4,5056.75,0,3716.66
38,619,37.8,44.7,2703.55,0,909.26
39,740,95.4,56.0,4292.12,1,4201.9
40,690,55.2,47.9,4512.94,0,2841.41
41,728,101.0,22.7,3932.16,1,2242.16
42,637,25.2,58.9,3721.93,0,2311.12
43,683,77.9,18.8,3352.13,0,2888.7
44,743,98.6,65.9,5641.88,1,3907.95
45,733,90.8,49.2,4752.11,1,3955.77
46,772,92.5,51.5,6547.28,1,4419.32
47,660,38.4,53.6,3463.06,0,634.18
48,697,70.7,51.7,4444.8,0,2659.08
49,790,103.5,22.0,6052.34,1,3370.08
50,637,36.8,38.6,2988.94,0,1023.44
51,729,24.0,43.6,3538.96,1,3450.65
52,704,66.9,34.0,4422.15,1,4843.35
53,654,27.8,40.0,2823.99,0,1460.85
54,720,94.8,51.1,4525.89,1,3044.47
55,699,85.2,47.4,5143.33,0,2932.69
56,646,68.9,51.8,4199.37,0,2119.76
57,734,83.6,25.4,3737.48,1,2310.48
58,714,129.6,37.5,4905.57,1,2770.31
59,692,41.3,31.9,2993.43,0,2960.19
60,683,74.2,32.8,4523.12,0,1492.62
61,746,99.3,42.3,6443.15,1,3685.14
62,827,85.1,32.6,6350.1,1,4374.64
63,764,103.3,33.0,3876.4,1,3983.32
64,645,71.7,27.9,2550.06,0,1577.97
65,683,43.6,30.5,4508.05,0,3127.02
66,666,70.7,42.6,4176.0,0,2401.38
67,735,80.1,51.1,6255.52,1,3518.36
68,727,69.3,41.6,4500.11,1,3248.35
69,755,98.5,53.9,5043.68,1,4235.11
70,712,65.1,49.8,6127.71,1,4978.65
71,725,89.8,32.7,5728.44,1,2572.62
72,655,36.4,61.9,3075.33,0,874.69
73,719,40.3,47.8,4342.84,1,3651.14
74,699,52.1,53.3,3596.61,0,472.08
75,753,63.2,36.9,6636.22,1,4994.95
76,774,88.8,58.4,5862.72,1,4967.61
77,679,97.3,41.0,5600.1,0,3169.36
78,741,109.1,42.4,5739.86,1,3189.07
79,805,109.3,48.1,6263.68,1,3950.15
80,679,38.0,53.8,2937.59,0,3040.63
81,648,72.0,41.8,1951.26,0,1138.56
82,672,58.3,50.0,4893.23,0,2785.38
83,677,63.1,39.5,3036.45,0,981.75
84,700,62.7,35.1,4363.81,1,3692.26
85,729,60.6,61.6,3640.96,1,3457.93
86,688,70.9,35.8,4945.33,0,2175.24
87,761,120.8,47.2,6547.32,1,3765.39
88,696,85.6,38.3,3591.59,0,1959.16
89,601,62.3,52.6,2448.01,0,1700.58
90,705,79.9,40.6,6224.11,1,2629.09
91,615,71.6,38.2,3283.83,0,1543.54
92,679,88.3,57.5,4937.16,0,2800.55
93,766,123.2,41.6,6452.17,1,3262.35
94,688,61.5,39.5,3371.01,0,2449.99
95,699,58.2,49.5,3240.84,0,2136.99
96,660,70.6,18.0,3818.19,0,2514.19
97,752,66.7,51.5,4197.53,1,3947.09
98,641,72.5,45.8,2499.63,0,1383.54
99,719,71.2,33.6,5357.29,1,4255.09
100,703,37.9,65.5,4187.98,1,3565.67
101,680,64.0,44.6,4561.16,0,1927.57
102,621,62.7,56.3,1536.05,0,766.05
103,743,61.6,51.2,4353.49,1,3011.79
104,808,66.6,35.5,5331.1,1,4791.25
105,695,58.0,42.8,4567.54,0,3817.53
106,666,70.6,62.7,3604.65,0,2537.49
107,700,51.0,51.6,3598.06,1,3693.66
108,698,86.2,27.4,4601.66,0,3166.12
109,631,42.0,30.4,3550.29,0,1492.55
110,640,48.2,45.6,3595.75,0,2051.3
111,723,98.0,44.2,4512.05,1,2391.24
112,740,65.4,39.9,4335.7,1,2738.43
113,676,72.2,62.7,3989.31,0,1316.02
114,694,57.1,34.0,4772.45,0,2164.01
115,584,56.6,37.2,1707.44,0,1004.9
116,668,89.9,41.0,4849.53,0,3507.0
117,759,79.6,34.8,5893.3,1,3550.43
118,694,73.6,51.6,4244.84,0,1949.68
119,693,104.0,35.4,6216.8,0,2826.96
120,738,104.2,41.1,5196.66,1,4587.09
121,665,66.9,43.7,2903.4,0,1277.22
122,746,67.0,31.8,5286.63,1,3892.6
123,751,71.7,37.2,6120.78,1,3535.65
124,665,86.6,30.4,3344.16,0,997.83
125,740,52.5,50.7,3767.05,1,4244.22
126,733,53.0,36.4,3001.29,1,3455.08
127,640,99.4,48.6,4664.47,0,3690.44
128,730,40.1,51.3,4664.04,1,3422.16
129,649,105.3,59.3,4120.67,0,2086.47
130,763,50.4,58.1,3280.58,1,3053.62
131,694,60.9,32.1,3807.86,0,2440.54
132,674,58.8,33.6,2890.81,0,1572.64
133,689,89.5,48.3,4548.48,0,3068.21
134,641,65.4,44.7,5316.21,0,2710.4
135,678,91.2,35.9,3560.66,0,1643.45
136,751,63.3,28.8,5861.78,1,4379.99
137,580,43.9,37.0,1411.23,0,53.11
138,711,73.3,38.2,3802.28,1,3262.49
139,819,103.3,37.9,4525.17,1,4021.54
140,713,77.5,55.4,4315.66,1,3424.17
141,740,123.8,19.2,6273.05,1,4140.06
142,668,77.4,19.3,2420.92,0,2348.34
143,719,87.5,49.3,5163.25,1,3195.14
144,719,95.4,59.5,3678.96,1,3142.11
145,787,109.1,19.0,5658.7,1,3662.64
146,633,70.7,44.8,2995.74,0,1882.34
147,677,85.7,40.3,4892.45,0,2969.2
148,778,88.4,36.7,5703.97,1,4531.02
149,717,45.7,51.0,4147.13,1,2899.56
150,623,82.9,32.5,4477.02,0,2014.87
151,623,40.9,45.7,2459.65,0,2750.45
152,730,87.9,56.3,3583.46,1,3081.41
153,717,60.1,18.0,4770.32,1,3154.72
154,728,78.3,36.2,4189.8,1,2747.72
155,767,78.5,39.5,4512.4,1,2643.59
156,740,74.0,21.5,3766.38,1,3259.82
157,673,31.1,30.7,1652.3,0,1004.99
158,654,28.6,53.1,4024.08,0,2572.35
159,711,52.2,44.3,2491.37,1,2694.25
160,664,85.0,30.3,5082.35,0,2695.45
161,662,73.3,34.1,5723.72,0,3988.93
162,730,50.1,55.2,3423.3,1,3142.16
163,612,52.2,23.7,1911.29,0,1268.84
164,691,92.5,47.0,4868.97,0,2989.6
165,698,50.1,34.0,3573.28,0,1368.08
166,685,76.2,33.3,3354.09,0,1915.58
167,727,121.1,65.5,5875.53,1,2712.16
168,778,76.0,54.2,5448.37,1,3444.04
169,678,54.7,45.4,4072.53,0,2604.42
170,709,49.2,34.0,2641.21,1,1039.79
171,702,62.2,55.2,3910.28,1,2876.73
172,786,95.7,36.6,7682.33,1,5000.7
173,811,120.3,47.4,4504.62,1,4252.74
174,665,44.1,53.7,4278.94,0,2748.53
175,713,115.9,52.6,6113.64,1,3880.87
176,665,18.4,41.1,1005.12,0,1080.09
177,714,93.7,54.5,5723.29,1,4259.32
178,730,38.8,26.6,4693.36,1,2788.26
179,650,78.4,44.3,5247.77,0,3951.53
180,712,74.5,42.3,3529.38,1,3326.45
181,685,36.7,50.3,3256.73,0,1909.7
182,687,76.7,41.7,3211.17,0,1941.52
183,578,33.3,50.1,2795.91,0,1180.9
184,638,36.4,44.7,4147.84,0,1588.2
185,725,62.3,28.7,4983.35,1,2285.06
186,670,52.8,45.7,1819.15,0,491.68
187,624,42.1,48.6,2497.57,0,1503.57
188,682,89.3,34.3,5071.78,0,3461.11
189,702,72.0,43.3,4263.39,1,4002.66
190,616,54.3,42.4,3811.56,0,1563.23
191,707,56.4,37.5,4685.69,1,2775.91
192,794,84.4,62.2,5930.44,1,5143.29
193,734,28.8,25.5,4228.97,1,1579.63
194,716,67.3,18.3,2862.04,1,2689.26
195,757,106.8,36.9,5733.09,1,3654.13
196,673,66.7,48.1,3730.84,0,1387.82
197,676,39.7,44.0,3403.0,0,2088.56
198,625,33.2,42.4,2623.99,0,1367.23
199,703,96.6,46.0,4660.33,1,3276.34
200,733,86.2,35.5,5124.81,1,4687.03
201,779,48.8,41.0,4411.46,1,3979.08
202,737,90.2,47.2,6106.11,1,3554.94
203,627,50.1,18.2,2077.59,0,2233.4
204,682,95.0,48.7,4793.94,0,1785.73
205,694,77.2,33.9,4184.05,0,2377.38
206,727,80.6,49.8,5212.2,1,3986.5
207,818,109.3,35.7,5927.81,1,2884.64
208,647,56.3,31.3,3669.71,0,1794.67
209,677,82.9,41.3,4804.64,0,2820.79
210,660,105.8,55.2,4781.02,0,2212.63
211,733,95.3,68.6,5016.29,1,3488.92
212,717,62.9,44.1,3761.11,1,1852.28
213,661,20.2,25.4,3634.16,0,1377.77
214,688,60.1,38.7,4052.83,0,2315.51
215,747,70.1,47.2,4931.06,1,3652.79
216,616,77.7,41.6,3499.7,0,1220.15
217,758,89.7,60.7,3760.65,1,2025.27
218,701,86.7,33.5,4758.59,1,2764.31
219,705,108.4,34.8,5140.89,1,4418.2
220,746,114.8,37.0,5108.07,1,4120.6
221,720,95.3,26.1,4195.7,1,3904.89
222,706,50.0,33.4,4539.61,1,4680.93
223,688,70.7,51.1,4064.53,0,1333.16
224,643,37.3,35.0,3851.66,0,2776.2
225,714,53.9,51.5,3835.54,1,3254.8
226,615,19.4,49.4,2695.89,0,2148.18
227,758,105.7,42.3,3715.5,1,4053.64
228,666,70.0,41.2,3513.66,0,2568.52
229,707,63.4,42.4,2750.38,1,2417.4
230,717,71.4,28.2,4533.74,1,2779.16
231,688,98.4,31.2,4586.43,0,3195.68
232,810,80.6,33.0,6087.62,1,5147.05
233,738,67.7,42.6,3932.6,1,2093.53
234,660,77.2,40.1,4276.51,0,2052.1
235,725,94.1,44.2,4652.08,1,3963.92
236,601,35.3,39.0,3085.94,0,2206.36
237,763,67.6,39.6,4995.74,1,2631.76
238,692,103.2,38.4,5311.39,0,2463.14
239,706,80.7,39.4,2872.17,1,1747.96
240,723,82.9,52.1,3752.61,1,4501.93
241,699,64.6,46.2,5181.83,0,2944.59
242,676,62.7,38.6,4085.64,0,2500.08
243,732,78.6,50.2,5753.03,1,4230.19
244,620,31.2,42.6,2022.29,0,408.07
245,710,42.5,36.1,3909.54,1,3166.07
246,675,56.1,50.2,4199.36,0,1954.14
247,734,91.5,47.9,4429.39,1,3925.19
248,647,81.1,48.6,2408.12,0,2086.5
249,626,32.3,30.7,1197.61,0,399.91
250,644,60.1,35.5,3889.95,0,1669.49
251,702,64.9,66.8,6070.74,1,4409.29
252,758,58.5,38.3,4885.25,1,3533.94
253,612,45.1,58.4,2885.13,0,2062.78
254,731,105.3,30.7,6089.59,1,3873.53
255,701,72.2,51.8,2445.7,1,2333.33
256,769,95.8,53.3,4704.35,1,4117.38
257,729,109.0,40.3,5694.09,1,4852.99
258,695,35.7,34.2,5653.44,0,3263.54
259,725,51.0,30.8,4747.46,1,3317.04
260,703,76.7,46.8,5042.1,1,3396.92
261,690,86.8,58.0,4688.45,0,2717.69
262,768,90.0,65.2,4448.73,1,4413.58
263,729,65.6,33.7,5504.23,1,3716.48
264,673,69.8,32.9,4208.89,0,2652.72
265,694,81.2,43.6,5277.39,0,3292.39
266,697,70.5,52.7,2421.32,0,1903.07
267,730,93.1,54.3,4905.58,1,2289.11
268,692,51.1,43.4,3851.63,0,1757.74
269,746,53.5,54.8,2621.36,1,2528.3
270,710,83.1,43.7,5505.42,1,3302.11
271,723,70.5,55.8,4403.42,1,3800.15
272,660,82.1,43.5,3988.12,0,3059.3
273,702,83.1,38.3,5590.54,1,4265.15
274,703,45.4,46.9,4023.17,1,4410.16
275,606,59.5,39.2,4069.92,0,2240.3
276,745,93.4,34.6,5630.99,1,3208.46
277,703,52.5,47.8,3925.52,1,2478.16
278,685,46.5,49.5,3761.89,0,1453.86
279,718,62.9,41.3,3902.75,1,2965.69
280,714,105.6,52.2,4573.74,1,4218.4
281,665,75.2,46.3,5519.56,0,2236.43
282,680,49.0,51.9,4155.86,0,654.47
283,669,61.9,47.3,4572.06,0,2876.39
284,703,84.0,25.4,4403.66,1,3396.91
285,674,68.4,45.9,2611.95,0,1801.64
286,614,46.6,49.8,3358.33,0,1274.41
287,631,70.0,56.7,2577.44,0,1524.27
288,664,66.9,23.5,2910.94,0,1983.75
289,675,50.1,49.2,3221.07,0,924.37
290,626,68.5,35.8,4136.48,0,2155.42
291,763,97.6,41.2,5018.68,1,3700.62
292,736,39.4,49.2,4558.93,1,4108.57
293,662,69.0,59.1,3893.5,0,2569.69
294,584,70.7,57.7,2102.72,0,1166.42
295,745,140.2,28.4,5669.78,1,4822.04
296,650,66.7,29.6,2597.88,0,2151.43
297,791,97.4,49.5,6902.23,1,3317.53
298,771,62.2,51.8,3500.68,1,2995.71
299,624,46.3,35.1,3308.22,0,1338.85
300,713,87.2,72.0,4951.03,1,4037.48
301,698,48.1,29.5,4965.65,0,2550.14
302,717,52.2,44.5,2801.07,1,2435.79
303,724,99.1,44.3,5273.05,1,3110.27
304,656,18.0,41.0,1424.77,0,691.25
305,657,82.1,34.6,3435.25,0,1079.02
306,797,51.2,36.8,4639.07,1,2143.21
307,684,82.4,62.9,4361.06,0,1935.63
308,805,81.6,51.4,5574.45,1,4149.88
309,766,85.0,38.4,4873.64,1,4338.69
310,633,58.5,32.0,5053.23,0,2128.36
311,684,80.4,59.9,5500.59,0,3200.19
312,699,73.4,46.6,4570.42,0,2418.72
313,716,50.5,57.5,4589.53,1,3228.43
314,766,86.9,54.3,5807.64,1,4840.77
315,675,101.4,37.7,3894.59,0,945.78
316,732,112.3,60.8,5121.67,1,3733.02
317,761,90.6,47.8,6374.45,1,4693.41
318,690,73.1,29.3,5299.08,0,3731.7
319,678,58.6,34.4,3688.92,0,1771.16
320,686,44.0,44.4,3072.36,0,2234.61
321,754,81.7,37.0,7195.63,1,4249.35
322,678,85.3,40.5,3542.15,0,2306.04
323,683,35.1,54.5,4503.29,0,3658.93
324,822,82.3,57.3,6066.34,1,4685.44
325,729,46.4,31.1,4995.72,1,3762.78
326,608,35.7,20.6,693.81,0,1166.89
327,777,48.7,33.5,4798.65,1,2712.37
328,683,39.2,29.1,4040.26,0,2567.53
329,672,105.9,66.2,5189.49,0,2910.53
330,729,54.1,56.1,5183.45,1,3609.74
331,631,45.3,49.2,3810.28,0,1826.55
332,640,82.2,25.7,5097.75,0,2933.78
333,718,39.0,43.1,4266.82,1,3106.31
334,761,37.5,48.4,4176.34,1,4225.83
335,740,71.1,33.4,4499.19,1,3131.32
336,752,56.4,61.7,4728.74,1,3345.86
337,707,107.8,21.1,5314.11,1,3239.8
338,693,85.1,45.5,4136.28,0,2868.07
339,708,111.9,31.1,3817.68,1,1709.21
340,693,69.1,47.6,5219.56,0,3372.45
341,655,73.4,46.6,4049.77,0,2140.95
342,699,76.8,50.3,4598.33,0,2592.81
343,746,37.2,54.2,3358.79,1,2862.16
344,719,93.8,38.6,4106.48,1,3736.55
345,654,53.9,60.6,1745.39,0,1124.72
346,631,31.5,40.5,2195.81,0,1219.03
347,757,76.3,28.9,4375.07,1,2575.2
348,715,71.4,33.3,4393.2,1,3800.6
349,625,40.9,18.0,3320.52,0,2318.15
350,698,76.7,24.2,5244.1,0,2129.55
351,742,76.6,51.0,4842.71,1,3386.05
352,785,55.5,54.1,6124.1,1,4634.7
353,772,50.6,59.4,4655.28,1,4579.46
354,765,98.7,19.7,6896.66,1,4067.97
355,700,60.2,41.5,3930.95,1,2988.63
356,758,70.2,37.0,4084.22,1,2759.38
357,794,124.8,45.9,6862.63,1,6367.08
358,743,99.6,39.6,5405.92,1,3674.69
359,829,81.9,50.8,6187.05,1,5833.49
360,692,99.4,57.8,3728.0,0,3224.12
361,652,100.0,57.5,5415.38,0,3345.38
362,740,97.4,31.7,6232.83,1,4342.3
363,710,91.1,43.9,4230.39,1,3105.71
364,694,70.8,61.5,5412.69,0,2099.26
365,686,89.1,42.1,4014.51,0,2356.66
366,664,75.1,36.6,3687.51,0,2566.56
367,754,95.7,52.2,4607.84,1,3527.82
368,725,64.9,38.4,3556.52,1,2579.57
369,723,52.7,18.0,3686.02,1,2514.26
370,708,83.2,43.1,4958.17,1,3906.11
371,781,74.5,62.0,5743.77,1,4828.49
372,636,66.8,53.5,3516.57,0,2464.79
373,737,84.3,49.8,5063.11,1,3551.99
374,598,36.3,64.2,1908.17,0,806.31
375,667,75.6,40.8,4870.77,0,1570.09
376,714,77.2,43.0,4043.33,1,3562.78
377,632,40.3,44.2,4770.02,0,2148.35
378,599,51.2,54.1,1905.64,0,930.1
379,569,37.4,24.4,1802.6,0,952.47
380,715,117.6,40.1,6358.57,1,4466.79
381,766,85.1,42.7,5222.59,1,4706.79
382,768,59.0,33.8,5237.11,1,4358.52
383,745,130.5,55.9,5187.45,1,3777.0
384,523,18.0,45.0,1408.85,0,560.93
385,712,32.4,24.8,4245.42,1,2608.99
386,715,43.1,34.5,5281.1,1,2657.64
387,675,91.5,26.8,4135.32,0,2558.14
388,669,68.5,37.6,4363.23,0,3096.62
389,627,45.5,37.5,4080.43,0,2140.08
390,721,73.5,48.5,4996.56,1,3005.35
391,644,22.0,48.3,2185.85,0,1806.24
392,682,45.9,47.9,2823.8,0,2271.5
393,636,68.3,34.0,3287.24,0,2331.3
394,664,34.2,47.0,2580.43,0,1180.82
395,747,61.0,56.5,4150.65,1,2993.83
396,723,89.4,32.8,4764.45,1,3570.38
397,749,88.3,29.9,5360.53,1,3723.42
398,768,47.0,55.9,4167.52,1,3936.41
399,551,37.2,34.8,2531.79,0,1720.77
400,682,85.9,26.3,4292.87,0,2672.53
401,670,122.9,38.9,5248.05,0,2684.45
402,656,70.3,30.6,3386.34,0,934.13
403,655,48.2,35.2,2249.62,0,1232.09
404,744,104.5,53.7,6753.34,1,4652.81
405,727,56.8,40.8,4668.03,1,3189.57
406,742,101.3,39.7,5120.27,1,3208.65
407,739,83.2,49.7,3967.44,1,2712.05
408,674,96.8,46.3,5259.88,0,3247.24
409,568,82.9,48.1,968.23,0,-36.07
410,678,60.5,46.7,4565.66,0,2632.31
411,592,44.0,57.8,3630.72,0,3152.41
412,701,75.5,64.4,2233.31,1,1907.71
413,774,109.6,41.8,7452.1,1,3834.41
414,786,106.9,48.8,3985.44,1,2617.08
415,760,37.6,43.7,5539.32,1,4441.33
416,716,56.8,50.9,2847.44,1,3228.59
417,736,35.2,57.8,4852.65,1,3918.88
418,734,83.5,49.3,4466.99,1,3218.23
419,850,108.8,66.8,6041.56,1,5530.72
420,689,72.5,31.1,3135.9,0,2538.07
421,653,18.0,38.7,3350.98,0,2940.49
422,695,27.9,33.9,2788.66,0,1731.81
423,680,35.0,41.9,4473.06,0,3093.01
424,655,47.0,29.2,2664.51,0,1015.15
425,711,78.6,48.7,4391.72,1,3300.0
426,707,84.4,40.2,3923.38,1,2650.28
427,650,75.4,33.1,3770.04,0,983.02
428,617,45.4,45.9,2453.64,0,435.31
429,692,94.2,27.8,4401.26,0,3212.45
430,714,55.0,42.6,5788.28,1,3907.81
431,747,104.6,29.5,5244.85,1,3579.43
432,773,107.3,40.7,6120.38,1,3941.79
433,742,121.9,50.2,4434.24,1,4132.57
434,677,95.5,35.8,5725.73,0,3467.23
435,666,84.5,48.9,4672.84,0,2839.71
436,688,99.0,52.9,3630.54,0,1411.95
437,675,81.9,38.3,4263.78,0,3474.17
438,613,55.7,36.3,2814.67,0,1103.49
439,544,47.4,29.8,2202.45,0,795.97
440,702,80.4,43.7,4882.09,1,3973.0
441,707,37.0,51.4,4157.21,1,3108.41
442,703,77.5,46.9,4072.07,1,2839.24
443,713,67.0,40.0,5592.07,1,3471.92
444,700,83.5,18.1,4973.87,1,3710.59
445,647,22.4,69.2,3608.03,0,1741.66
446,654,64.3,36.4,4275.56,0,2311.7
447,667,103.0,28.6,5903.14,0,2649.25
448,677,62.1,61.2,5296.44,0,2411.43
449,722,80.6,40.7,5954.06,1,2909.7
450,709,67.8,43.9,3885.62,1,3951.0
451,786,86.7,43.9,6874.47,1,3998.82
452,699,49.8,21.1,2562.71,0,2132.05
453,655,62.1,42.5,1668.97,0,1248.13
454,701,77.3,39.3,4314.0,1,3910.74
455,635,58.2,19.4,2467.7,0,1898.7
456,675,89.6,27.3,3090.75,0,3531.28
457,676,85.6,29.4,4496.76,0,3477.7
458,706,36.5,49.2,4129.21,1,3126.09
459,807,65.2,36.1,6501.69,1,5288.86
460,681,62.4,25.1,4109.17,0,2109.13
461,746,109.1,39.7,5547.11,1,3748.06
462,684,65.5,42.1,4193.18,0,1415.66
463,646,28.3,47.9,3390.97,0,3463.58
464,701,59.1,27.6,5026.8,1,4083.13
465,687,82.1,37.8,3662.52,0,1944.0
466,704,54.9,42.9,4489.07,1,2595.49
467,763,85.1,57.9,5364.96,1,4838.92
468,717,67.8,41.5,4939.83,1,3933.09
469,745,42.5,46.8,4735.35,1,2742.33
470,839,77.2,53.6,5557.5,1,4763.93
471,703,72.8,70.5,5101.45,1,3242.59
472,635,59.0,24.5,4576.51,0,2057.47
473,699,29.2,45.6,3635.04,0,2539.45
474,795,112.5,47.2,6513.56,1,4299.09
475,692,60.5,50.8,5431.46,0,3014.23
476,639,74.6,69.4,2651.48,0,599.56
477,740,89.1,31.7,3942.7,1,2923.29
478,677,77.8,38.5,3869.33,0,1777.47
479,771,81.5,40.5,5856.6,1,4894.82
480,672,36.1,47.1,3725.5,0,1729.25
481,629,59.9,39.5,2524.31,0,2464.28
482,753,98.6,50.5,4403.81,1,3951.59
483,750,117.4,51.3,4815.73,1,3625.47
484,697,47.2,26.3,5800.37,0,3288.23
485,723,95.7,52.2,4518.13,1,2551.15
486,693,81.5,60.6,5671.91,0,1936.86
487,702,86.8,57.3,4018.61,1,2848.85
488,732,96.6,25.0,4065.29,1,2608.41
489,714,104.9,49.0,4974.66,1,3322.45
490,672,74.8,44.0,2708.59,0,770.94
491,768,76.2,47.6,4423.26,1,4510.03
492,666,35.5,52.6,4821.0,0,2057.33
493,734,44.6,35.1,3321.25,1,4358.24
494,779,97.0,29.4,4345.65,1,3720.25
495,665,58.8,54.9,2684.27,0,1141.21
496,646,33.5,42.4,665.47,0,498.57
497,652,100.7,50.5,4757.85,0,1522.33
498,615,80.0,36.3,3146.3,0,487.0
499,613,33.5,57.7,3122.2,0,1934.45
500,674,71.4,54.3,4444.52,0,3196.51
501,654,62.9,53.5,3832.58,0,1142.65
502,712,50.1,18.0,4016.61,1,3897.38
503,738,71.0,45.1,4821.44,1,3599.99
504,630,64.5,48.9,2222.0,0,821.64
505,749,69.2,48.8,3209.41,1,3425.23
506,731,83.4,39.6,5607.75,1,3923.55
507,643,52.6,57.5,3690.94,0,1527.3
508,739,113.1,27.6,5986.48,1,4621.94
509,710,88.5,28.3,4546.11,1,2949.42
510,661,107.8,45.9,4059.39,0,3020.08
511,704,62.5,57.1,4931.2,1,3104.95
512,707,102.5,46.5,5151.07,1,3023.39
513,707,76.5,36.3,4793.96,1,3043.79
514,754,80.6,31.6,5696.44,1,4968.2
515,642,35.7,52.3,3358.16,0,1643.04
516,722,64.9,37.7,5342.86,1,3259.93
517,807,96.8,39.4,7048.78,1,5653.24
518,748,85.2,36.7,3502.07,1,2583.16
519,615,25.3,34.4,749.93,0,-1198.7
520,651,46.5,29.5,2567.81,0,1452.19
521,714,120.6,52.9,5399.12,1,4255.78
522,634,78.8,39.7,3285.18,0,1731.32
523,673,71.1,34.7,3534.31,0,1978.16
524,652,59.4,47.7,4471.74,0,2108.8
525,638,73.3,27.2,2910.45,0,-174.19
526,689,84.3,43.5,4398.23,0,2167.76
527,618,18.0,48.1,3286.93,0,1848.16
528,667,67.1,44.5,4526.51,0,2598.07
529,711,47.0,49.3,3138.34,1,1794.62
530,731,86.9,45.9,5650.23,1,5134.13
531,703,103.9,35.6,5882.26,1,4137.09
532,602,40.4,54.5,2327.66,0,1284.21
533,751,82.6,40.7,4355.6,1,4291.71
534,663,56.5,55.2,3935.96,0,1616.1
535,739,116.3,43.8,5823.82,1,4378.48
536,683,63.5,37.5,2439.36,0,623.45
537,693,83.3,34.7,4326.27,0,3180.21
538,632,26.3,44.5,1956.45,0,1469.63
539,771,61.2,42.1,5882.83,1,4745.28
540,704,54.4,53.2,3266.06,1,4057.52
541,699,86.5,52.1,4936.99,0,2595.42
542,702,18.0,52.1,2995.23,1,2555.86
543,672,78.9,26.3,3922.15,0,2210.96
544,726,75.3,41.2,5526.44,1,3195.98
545,696,52.0,29.6,1817.75,0,1598.63
546,698,59.9,64.0,4943.78,0,2098.4
547,655,77.3,48.7,2940.35,0,1837.96
548,726,93.5,42.4,6173.21,1,4100.46
549,635,30.1,26.9,2995.45,0,2141.21
550,659,81.1,37.7,3909.0,0,2561.63
551,793,117.0,41.0,5770.67,1,3331.92
552,740,68.1,31.0,4293.12,1,2774.93
553,729,38.2,56.0,3967.33,1,3734.02
554,708,60.6,32.8,4225.26,1,3382.08
555,669,54.8,52.0,3958.01,0,2134.56
556,700,74.6,45.6,4713.4,1,3780.48
557,707,87.6,35.4,4847.64,1,2776.6
558,661,60.6,47.9,4137.51,0,2517.92
559,689,41.2,56.4,4628.54,0,3164.38
560,630,47.9,33.0,1895.47,0,128.06
561,716,75.3,28.5,6716.8,1,4011.5
562,720,103.9,53.7,4095.46,1,2380.41
563,755,76.0,25.8,5311.16,1,4585.01
564,637,22.8,56.8,3752.76,0,3171.63
565,597,90.8,58.3,3998.72,0,1798.98
566,692,48.8,57.7,4575.69,0,2812.24
567,716,65.5,35.4,4015.61,1,2979.66
568,748,49.5,48.2,5517.81,1,3308.15
569,745,48.9,27.0,3095.26,1,2234.31
570,850,103.7,50.9,5648.36,1,4409.32
571,726,85.2,37.9,4120.06,1,3017.04
572,664,93.0,40.6,2901.78,0,2220.14
573,763,77.8,37.8,5052.05,1,4335.8
574,779,73.7,58.9,4087.98,1,2808.74
575,689,75.5,25.1,4964.19,0,4337.29
576,733,104.3,62.8,5805.81,1,4031.71
577,730,73.6,43.8,5443.94,1,2494.01
578,657,79.7,61.2,5172.27,0,3074.77
579,654,66.5,38.9,4244.53,0,2355.22
580,753,94.2,49.0,6070.55,1,3931.51
581,593,18.0,38.6,1876.99,0,54.22
582,736,81.4,39.0,3285.05,1,3416.31
583,698,81.0,46.0,4035.81,0,2910.33
584,609,54.3,41.2,3675.01,0,1314.46
585,649,41.7,47.5,3478.09,0,2159.73
586,619,40.5,27.5,4726.79,0,1849.9
587,759,125.5,36.5,5219.15,1,4043.23
588,655,29.4,40.1,2746.71,0,2109.92
589,789,85.6,47.1,6088.5,1,3233.94
590,686,89.3,27.3,5478.41,0,2464.46
591,649,115.5,31.4,5126.08,0,2600.49
592,678,59.1,36.7,3528.79,0,1809.17
593,751,37.5,42.7,4318.42,1,3619.14
594,737,88.8,61.4,3806.81,1,3090.16
595,839,98.1,58.6,7643.61,1,4681.93
596,631,51.1,59.6,1274.36,0,1912.07
597,608,57.8,36.4,2281.23,0,2107.07
598,754,92.6,63.9,5882.84,1,4601.82
599,768,113.9,28.6,5817.62,1,4161.83
600,737,65.8,40.3,4595.79,1,2790.3
601,638,31.0,26.7,3533.68,0,2035.52
602,677,62.7,21.6,3385.45,0,2003.44
603,741,92.7,33.6,4841.85,1,2622.17
604,752,61.4,29.8,4573.52,1,2358.97
605,693,105.5,35.9,4017.91,0,3543.21
606,748,85.6,26.4,4074.87,1,3478.69
607,596,53.5,44.6,3138.08,0,1040.01
608,640,52.4,49.2,3323.02,0,2517.88
609,664,39.1,31.0,1664.86,0,338.91
610,806,94.0,43.7,7203.71,1,4029.55
611,772,109.4,39.0,7259.78,1,4694.94
612,733,37.1,46.5,4379.49,1,3727.9
613,650,98.1,20.5,3740.47,0,2156.52
614,721,71.0,41.3,2364.71,1,2768.0
615,706,47.4,44.1,4349.25,1,3059.57
616,728,99.5,46.4,5149.86,1,2500.87
617,612,48.9,53.0,3280.61,0,2133.03
618,687,66.1,43.2,4111.99,0,2003.64
619,773,86.7,44.4,5100.12,1,4021.48
620,677,95.7,54.4,4559.62,0,2898.04
621,655,63.2,31.3,2678.36,0,2164.44
622,657,38.7,27.3,3160.7,0,1113.6
623,724,83.3,41.1,4803.3,1,3756.28
624,782,49.9,32.6,3010.97,1,1066.8
625,747,46.4,30.7,4157.61,1,2151.57
626,653,79.4,33.7,5175.76,0,2707.24
627,728,94.8,49.2,6033.37,1,4093.5
628,542,56.5,49.1,1245.17,0,862.7
629,804,60.1,38.4,4066.34,1,4834.15
630,737,84.7,32.7,4420.12,1,3863.25
631,689,66.2,36.5,4209.3,0,2803.68
632,751,84.8,36.1,4342.11,1,5003.19
633,623,18.0,27.8,3336.14,0,2456.41
634,680,18.5,37.4,2274.94,0,2163.47
635,744,65.0,32.1,4901.62,1,4249.63
636,702,101.9,52.3,6266.89,1,3925.57
637,714,56.6,61.2,5715.44,1,4029.46
638,649,40.9,49.4,4139.27,0,3108.9
639,609,51.1,43.0,2605.08,0,327.25
640,743,61.6,68.3,4578.59,1,3001.53
641,623,65.7,51.7,3015.66,0,1599.82
642,606,63.8,53.9,1122.76,0,1046.54
643,657,49.0,53.8,3818.17,0,2825.73
644,678,84.9,44.2,3742.46,0,2065.73
645,709,103.6,50.7,5033.95,1,3291.48
646,840,120.4,38.9,8683.63,1,5128.45
647,719,102.2,38.7,5003.27,1,4638.75
648,633,65.2,53.4,4686.59,0,2082.13
649,748,101.1,31.9,6586.77,1,3554.23
650,710,52.9,46.9,4976.12,1,4126.53
651,695,43.2,50.5,4231.51,0,2666.26
652,708,93.4,25.1,4028.49,1,3282.21
653,678,56.0,74.7,3902.62,0,1489.16
654,846,91.7,71.8,5311.36,1,3214.51
655,702,83.1,39.4,4741.78,1,2333.5
656,622,57.8,29.2,2019.56,0,1906.22
657,664,51.6,29.3,2599.47,0,1701.7
658,672,45.5,32.8,3444.68,0,2706.72
659,594,24.2,60.3,2252.51,0,1061.7
660,687,78.3,33.3,5185.11,0,2726.38
661,688,105.5,61.2,3467.33,0,2215.73
662,749,58.6,50.7,4749.57,1,3941.37
663,678,73.2,26.3,3189.0,0,2057.93
664,715,75.4,55.2,5400.81,1,3831.87
665,653,70.9,57.0,4904.41,0,2839.92
666,697,90.2,20.7,4085.05,0,3854.67
667,663,32.8,65.0,2438.41,0,1039.01
668,747,85.1,30.3,6240.31,1,3537.28
669,693,49.1,35.3,3101.36,0,2345.55
670,690,90.3,42.2,3124.0,0,1237.36
671,661,40.1,60.3,1754.97,0,803.55
672,716,77.4,57.6,5109.28,1,3618.17
673,698,67.3,27.9,4711.79,0,1951.93
674,671,31.2,60.2,2556.41,0,1119.68
675,687,51.2,38.9,3792.66,0,2693.12
676,705,27.8,46.5,4112.27,1,1539.11
677,636,46.9,40.7,3351.87,0,1399.29
678,728,91.7,46.1,3988.65,1,2545.75
679,768,91.3,40.0,3688.98,1,3182.78
680,569,59.3,44.4,1729.09,0,957.98
681,817,52.8,38.1,6551.54,1,5038.73
682,754,101.6,59.5,4667.63,1,4078.62
683,744,59.6,46.3,5006.48,1,4215.36
684,663,73.3,34.5,3658.75,0,1731.46
685,764,76.0,48.7,4346.14,1,3808.33
686,600,73.2,40.6,3317.09,0,720.67
687,662,63.0,31.1,3451.77,0,2608.78
688,707,50.8,54.2,3456.21,1,2655.5
689,734,62.3,29.7,3813.3,1,3430.6
690,669,49.0,41.3,2855.59,0,1518.07
691,644,70.7,37.6,2649.33,0,2005.71
692,746,67.9,42.2,5180.38,1,3205.29
693,653,74.1,41.5,3760.28,0,2359.71
694,594,62.3,38.0,3482.67,0,1285.88
695,654,44.6,51.3,2985.0,0,1905.06
696,756,26.0,38.7,3018.36,1,4168.81
697,699,79.2,52.7,4658.83,0,3709.46
698,718,70.6,31.5,4068.4,1,3117.91
699,728,21.0,37.6,4519.07,1,3407.13
700,588,44.6,35.6,4768.55,0,1575.48
701,691,66.4,31.1,2734.11,0,2299.28
702,732,104.8,51.9,5486.09,1,4297.65
703,701,74.8,51.2,4217.46,1,2154.4
704,671,83.8,46.6,4969.36,0,3930.84
705,700,49.3,31.4,4186.56,1,3428.13
706,741,60.8,49.3,4108.68,1,2461.31
707,688,18.0,31.7,3528.32,0,2458.08
708,685,83.2,27.7,4257.62,0,2042.99
709,704,94.8,60.0,5729.74,1,3784.43
710,617,71.4,31.2,2758.28,0,1184.96
711,743,80.6,52.3,5704.21,1,4082.75
712,628,58.9,55.4,3913.18,0,1832.54
713,684,119.2,59.1,3814.1,0,2071.97
714,638,37.6,48.2,3330.59,0,1256.95
715,850,94.7,32.9,4246.13,1,2973.33
716,705,109.7,22.8,2480.58,1,2408.54
717,672,82.3,70.9,5846.31,0,2809.5
718,773,48.1,52.7,5043.97,1,4084.87
719,609,37.0,45.8,2533.53,0,1406.07
720,754,73.2,36.2,3322.51,1,2457.22
721,735,64.9,31.1,4805.46,1,2113.05
722,660,62.3,47.4,3674.99,0,2278.55
723,709,34.9,33.9,4611.35,1,3681.64
724,611,33.3,43.5,3899.04,0,2275.9
725,743,98.6,37.4,5184.86,1,2752.04
726,646,104.9,38.0,3024.98,0,2187.64
727,732,104.9,43.3,3788.15,1,3699.96
728,676,44.2,36.9,5189.96,0,2445.88
729,694,48.2,57.5,3028.59,0,3172.22
730,687,56.6,45.1,3959.34,0,2561.3
731,687,70.2,37.4,3760.23,0,2465.71
732,627,50.2,40.6,1814.39,0,837.94
733,726,101.0,52.2,3535.76,1,2310.54
734,784,117.9,52.4,6624.25,1,5062.6
735,646,46.7,62.0,2926.57,0,1752.65
736,697,71.3,18.0,5856.24,0,2705.52
737,779,95.2,47.2,7584.86,1,6119.1
738,743,87.5,47.7,6946.6,1,4361.8
739,740,101.0,31.2,4643.54,1,3559.69
740,696,103.2,38.1,5006.8,0,3695.18
741,698,84.4,38.9,5066.18,0,2535.33
742,573,18.0,33.2,1882.61,0,979.99
743,707,63.6,36.3,5090.32,1,3139.75
744,643,64.9,48.5,4757.33,0,3019.93
745,766,81.0,23.3,4656.31,1,2910.38
746,758,162.0,37.1,6310.73,1,4306.32
747,646,62.6,45.7,2860.74,0,1607.05
748,678,79.0,42.2,3090.11,0,2022.83
749,765,29.5,50.5,4744.74,1,3113.66
750,694,49.8,36.8,4750.32,0,3529.77
751,728,42.8,51.1,4203.43,1,3061.27
752,709,98.7,43.2,6495.63,1,4290.88
753,729,72.7,50.1,5702.57,1,3020.31
754,674,54.6,47.8,3756.28,0,1995.75
755,722,110.4,32.9,6594.79,1,3326.38
756,642,19.8,45.1,3313.51,0,2022.78
757,721,83.5,40.8,6249.45,1,3993.73
758,737,84.5,52.2,4358.89,1,3020.01
759,680,65.8,35.6,4087.91,0,2286.85
760,718,79.4,61.9,5767.19,1,3696.51
761,679,63.5,51.2,4251.09,0,2514.63
762,730,58.5,35.4,5682.73,1,3687.12
763,722,75.4,28.2,2904.98,1,1900.59
764,701,75.7,46.2,6188.87,1,3281.68
765,734,79.5,27.6,4933.24,1,4256.49
766,730,72.4,39.4,5080.41,1,2356.54
767,787,79.8,18.0,6340.37,1,4746.32
768,753,131.9,45.7,6188.25,1,4260.58
769,735,60.8,57.5,5151.16,1,3125.78
770,727,87.3,40.9,5080.45,1,3495.39
771,680,43.8,47.8,3610.14,0,1575.01
772,749,82.1,39.9,4626.26,1,3195.48
773,639,45.0,29.5,4110.74,0,2718.8
774,612,39.3,40.7,3190.54,0,1389.62
775,728,94.1,52.3,5117.73,1,2477.04
776,765,94.7,26.3,6295.39,1,3797.49
777,738,97.1,56.6,4520.43,1,3007.69
778,719,35.6,29.4,3199.93,1,2022.16
779,611,45.4,59.6,2402.79,0,884.67
780,712,83.5,31.7,3645.09,1,2221.96
781,635,66.7,33.7,4274.94,0,2263.79
782,733,100.0,49.9,4610.33,1,2960.6
783,713,96.5,23.1,3801.18,1,1989.98
784,612,54.5,31.9,1985.09,0,372.94
785,653,43.2,54.8,2861.14,0,3259.87
786,706,59.3,29.5,2919.84,1,2747.69
787,724,65.9,55.9,5366.46,1,3644.17
788,733,36.3,49.2,3577.45,1,3161.48
789,748,84.9,52.3,4670.42,1,3453.29
790,639,67.7,60.2,1842.84,0,2501.57
791,687,49.2,29.4,3675.92,0,3064.59
792,676,96.3,38.3,5285.23,0,3125.44
793,729,70.1,54.4,5047.41,1,4294.49
794,690,73.6,32.4,4175.19,0,2666.09
795,695,82.6,46.4,4042.22,0,1757.32
796,776,80.4,61.0,6591.28,1,4547.22
797,691,67.0,44.2,2770.73,0,1989.52
798,804,94.4,51.8,5102.01,1,2881.02
799,560,62.6,48.9,2551.94,0,2892.48
800,675,42.4,46.3,3741.35,0,2624.59
801,666,36.5,39.0,4171.27,0,4993.14
802,750,110.0,46.8,6244.92,1,4133.83
803,748,109.0,44.6,3861.58,1,2382.83
804,714,71.9,41.7,4837.43,1,3451.5
805,701,59.0,40.8,4123.43,1,2498.36
806,666,46.0,36.6,3665.0,0,1103.59
807,718,63.2,57.8,7138.87,1,4557.68
808,615,55.1,30.2,1589.35,0,771.98
809,723,61.3,26.7,2864.43,1,3636.64
810,724,48.9,48.7,4842.15,1,3709.11
811,652,92.6,34.0,4967.06,0,3526.71
812,721,42.0,37.1,4129.14,1,2826.65
813,727,71.1,54.0,4911.97,1,3221.49
814,786,108.7,49.5,5731.03,1,4756.2
815,701,83.5,39.5,4766.43,1,3412.54
816,762,79.2,31.6,4225.42,1,2851.3
817,685,64.9,45.9,3456.34,0,1702.61
818,713,49.2,49.0,3636.16,1,3275.68
819,749,127.6,18.9,3932.14,1,3521.98
820,680,71.5,46.4,3445.71,0,2054.34
821,758,87.7,56.5,4837.32,1,3077.21
822,715,64.4,44.1,4130.7,1,3290.76
823,665,82.9,32.3,5090.95,0,3301.42
824,778,112.5,40.5,6764.23,1,4404.42
825,642,36.1,39.1,1929.39,0,1038.65
826,712,98.8,53.4,5402.15,1,4271.97
827,716,76.7,48.6,4952.23,1,4206.74
828,671,53.2,47.7,3584.38,0,2351.56
829,670,43.8,39.7,4614.48,0,3318.48
830,759,62.7,18.6,4653.62,1,3407.88
831,633,31.5,49.2,4156.04,0,2073.45
832,685,98.5,49.0,4727.17,0,2522.95
833,627,63.5,44.0,2754.23,0,2978.87
834,748,92.2,33.8,3783.99,1,3814.81
835,763,104.4,37.5,6194.75,1,4483.01
836,755,49.9,25.3,4350.04,1,4157.85
837,713,84.6,28.8,3870.01,1,2909.12
838,648,53.7,26.5,4387.88,0,2036.84
839,686,36.4,41.1,3436.58,0,2554.36
840,725,79.8,37.5,3734.57,1,2354.61
841,737,62.5,36.9,4675.66,1,2825.6
842,798,97.5,42.4,6535.94,1,5430.99
843,644,55.1,39.8,4141.11,0,2345.97
844,751,80.0,42.8,2961.65,1,2252.07
845,718,62.8,56.0,4486.54,1,3944.52
846,726,123.1,33.0,4091.49,1,2903.72
847,680,47.2,38.2,3832.49,0,2024.4
848,676,79.9,38.1,3277.72,0,1954.06
849,764,52.7,62.4,5490.49,1,4566.4
850,756,90.4,53.5,5354.66,1,3131.77
851,709,72.4,38.4,5066.99,1,2875.4
852,605,84.6,57.2,3333.07,0,1454.05
853,788,69.5,36.6,3030.69,1,3288.53
854,737,89.9,37.1,5608.16,1,3214.65
855,677,35.3,31.9,3933.61,0,3154.98
856,649,47.5,24.0,2989.13,0,1240.31
857,663,47.4,44.7,4279.57,0,3022.35
858,703,55.4,41.0,3206.94,1,2519.81
859,697,36.6,38.1,3102.99,0,2809.56
860,760,109.8,55.0,4986.46,1,2406.52
861,817,73.7,34.3,4455.36,1,3738.55
862,676,20.3,34.9,3649.67,0,2504.91
863,714,60.6,46.1,2707.26,1,2556.6
864,631,65.8,51.5,4160.84,0,1911.65
865,782,119.3,55.5,7516.46,1,5023.65
866,604,39.6,48.5,4306.79,0,1157.14
867,750,72.0,47.4,4271.16,1,3162.72
868,699,83.1,48.5,5303.95,0,2224.66
869,697,39.2,52.2,4218.13,0,2678.76
870,738,45.7,49.7,4053.6,1,3186.47
871,685,101.2,62.0,5425.51,0,2962.95
872,688,52.9,24.3,3511.18,0,1834.42
873,664,64.4,30.8,3483.54,0,2253.81
874,786,87.5,49.3,5648.65,1,3900.29
875,819,105.2,30.0,5577.27,1,4001.04
876,634,40.4,32.0,3242.24,0,3131.28
877,648,57.1,36.1,3786.34,0,1239.29
878,758,102.4,34.6,5627.13,1,4437.53
879,756,78.9,41.5,3513.55,1,2342.06
880,796,97.3,44.9,6880.66,1,3809.87
881,753,56.7,53.3,4766.29,1,5485.55
882,591,60.3,36.6,2553.86,0,1505.22
883,663,56.2,35.3,2071.27,0,652.72
884,697,62.1,35.6,5807.4,0,3535.73
885,698,88.2,38.5,4385.99,0,2538.61
886,682,96.7,48.2,3248.43,0,1775.06
887,700,59.2,40.0,3586.66,1,2331.14
888,758,78.5,46.3,7089.91,1,4996.94
889,610,47.0,34.9,3626.79,0,2672.3
890,772,80.8,26.9,4662.76,1,3676.65
891,598,54.2,18.0,2955.67,0,1187.13
892,677,55.5,43.4,4091.97,0,1294.19
893,670,42.1,35.4,2899.58,0,1802.01
894,636,62.6,48.6,3905.17,0,2570.82
895,703,67.2,22.8,3572.35,1,2293.53
896,641,22.3,46.4,2557.51,0,2576.94
897,687,45.6,71.1,3561.92,0,948.13
898,744,102.2,33.8,5262.13,1,3888.01
899,652,85.9,30.1,5440.39,0,3416.42
900,739,73.2,32.1,4223.73,1,3661.64
901,692,45.2,41.9,1697.58,0,268.41
902,729,108.3,46.9,5118.6,1,3605.39
903,803,68.4,41.9,4352.3,1,3151.68
904,782,79.7,35.5,4754.22,1,3314.43
905,697,67.6,37.6,3747.65,0,2451.18
906,602,32.3,18.4,3346.8,0,1270.66
907,659,51.6,67.2,2740.09,0,1501.76
908,737,74.6,51.0,4536.47,1,2927.64
909,721,93.0,54.0,3898.28,1,3703.34
910,763,111.3,45.6,6764.25,1,5191.3
911,711,120.5,61.0,5661.13,1,3874.13
912,713,82.5,46.6,5606.63,1,3767.55
913,674,60.3,46.5,4509.08,0,1354.5
914,847,123.2,58.2,5430.16,1,5642.55
915,720,88.6,41.3,2875.19,1,3577.23
916,691,78.9,28.9,3680.43,0,1633.59
917,722,91.2,57.9,1995.43,1,2255.88
918,694,100.9,59.8,4137.87,0,1825.64
919,717,56.9,64.3,5291.73,1,2664.99
920,685,65.4,42.0,3905.41,0,1866.04
921,679,60.4,34.3,3364.44,0,1390.52
922,776,98.8,50.0,4980.06,1,3322.11
923,625,35.9,53.9,3118.63,0,1767.71
924,708,102.1,32.2,6561.95,1,3543.95
925,699,102.2,33.8,3907.86,0,1490.98
926,661,74.9,55.0,2874.97,0,1987.46
927,725,70.7,53.4,4246.61,1,3155.08
928,671,98.1,42.0,3995.43,0,2488.71
929,732,98.5,39.3,5919.48,1,3553.12
930,709,47.1,39.6,3726.43,1,2815.91
931,663,46.4,32.1,4103.95,0,1917.92
932,670,18.1,39.0,2315.2,0,1786.42
933,698,56.6,30.1,3485.94,0,3065.5
934,676,37.1,24.7,4143.63,0,1259.67
935,663,48.2,61.0,4279.75,0,1814.96
936,701,48.6,35.4,2117.05,1,1050.03
937,732,29.3,23.9,2761.69,1,2532.86
938,637,70.7,39.4,3580.55,0,2266.36
939,601,50.6,45.1,1349.7,0,780.28
940,646,48.3,35.3,3678.53,0,1427.16
941,614,75.5,38.4,1887.04,0,1032.79
942,629,42.7,44.0,2957.3,0,1322.63
943,716,108.8,32.2,6329.17,1,3455.32
944,630,77.4,49.8,2290.98,0,1365.39
945,640,71.0,37.0,3774.11,0,1609.85
946,792,60.3,53.6,5446.85,1,4350.1
947,690,80.8,31.6,4913.67,0,2906.93
948,686,43.0,57.1,3841.23,0,2372.96
949,700,24.6,55.8,4190.39,1,2562.66
950,706,62.9,47.1,4650.04,1,3469.15
951,701,93.7,41.2,4317.42,1,4085.71
952,743,54.3,49.1,3237.2,1,2740.04
953,734,104.5,39.8,5221.03,1,3862.86
954,642,25.0,44.3,3158.65,0,1707.03
955,741,59.6,43.7,4569.77,1,3357.56
956,731,66.1,54.9,2936.1,1,2417.69
957,744,60.9,28.9,4167.3,1,4062.99
958,752,115.3,18.0,6542.23,1,4429.05
959,750,59.8,41.5,5299.87,1,4103.79
960,585,54.1,43.1,2191.36,0,1692.79
961,725,76.1,33.9,4646.92,1,3741.96
962,684,35.0,51.4,4169.92,0,3397.81
963,704,65.9,47.5,4368.68,1,2056.02
964,644,34.2,54.3,2397.85,0,1700.46
965,686,69.8,34.3,1787.3,0,980.72
966,745,97.4,33.0,4701.2,1,3311.5
967,659,49.9,48.9,3662.45,0,1842.58
968,704,75.6,50.8,4180.91,1,3689.58
969,749,51.2,43.1,5393.22,1,4417.38
970,766,67.3,46.0,6185.98,1,4990.25
971,735,101.7,60.5,5920.32,1,4330.24
972,762,85.4,28.2,6636.35,1,5127.96
973,732,103.4,44.2,5096.91,1,3735.51
974,670,55.1,44.6,3547.72,0,1671.91
975,693,71.0,45.7,6591.04,0,3766.54
976,658,55.5,51.4,4460.7,0,2765.82
977,713,65.7,41.9,4481.81,1,2665.78
978,684,53.9,24.8,4799.87,0,2233.5
979,662,50.8,38.5,2260.19,0,1378.82
980,684,62.7,45.6,1659.36,0,1417.8
981,672,60.1,56.0,2676.86,0,1557.71
982,690,73.2,31.0,4747.98,0,2114.79
983,718,61.7,31.8,4472.72,1,3966.77
984,791,93.5,38.5,7107.86,1,4811.9
985,731,37.7,53.9,4001.29,1,3215.61
986,683,77.5,41.5,4455.81,0,3395.19
987,698,63.2,56.6,3698.9,0,2565.61
988,686,67.9,52.0,3843.21,0,3528.12
989,768,92.7,40.3,4210.11,1,3940.7
990,686,89.6,20.9,5255.17,0,2745.58
991,671,52.8,38.8,3594.15,0,1319.56
992,763,108.6,34.4,5688.33,1,3392.0
993,807,86.0,34.3,4708.42,1,3584.12
994,609,79.9,46.5,3666.87,0,555.75
995,749,66.1,68.3,3890.84,1,3211.94
996,673,77.3,44.0,3316.53,0,1494.38
997,711,61.9,64.2,4772.35,1,2826.55
998,710,78.9,41.7,4230.77,1,2639.17
999,708,110.8,61.8,4357.19,1,3259.08
1000,659,72.2,58.9,4457.83,0,2659.83
1001,672,65.3,39.0,4971.68,0,3378.18
1002,676,78.9,51.4,3160.53,0,2550.92
1003,648,65.9,19.7,2369.98,0,1130.74
1004,727,89.6,50.0,3441.03,1,2044.75
1005,659,44.4,59.3,3586.73,0,3108.11
1006,752,51.2,42.5,3569.0,1,3206.86
1007,623,77.4,30.2,3634.65,0,2420.47
1008,830,134.1,38.4,6640.83,1,5166.33
1009,614,58.4,41.1,2988.32,0,1381.02
1010,779,78.6,45.6,4915.52,1,3374.62
1011,706,54.2,55.0,4011.54,1,2830.14
1012,788,85.8,36.0,5861.21,1,4349.64
1013,725,76.7,56.9,4358.62,1,2302.61
1014,663,67.9,36.7,5233.08,0,2157.33
1015,762,52.7,38.3,3000.14,1,2548.98
1016,720,38.4,40.7,4097.41,1,2579.18
1017,635,80.7,35.3,5424.07,0,2158.54
1018,660,28.4,38.5,3440.19,0,2510.72
1019,734,42.7,39.0,2777.32,1,1742.14
1020,723,60.6,21.2,4078.96,1,3835.26
1021,629,18.0,58.6,1832.04,0,1367.49
1022,699,86.0,26.4,3956.51,0,1971.47
1023,640,42.5,39.9,2330.73,0,1819.02
1024,730,91.3,40.6,4917.23,1,4001.58
1025,695,61.5,28.4,3036.41,0,1841.77
1026,796,63.3,33.5,4262.65,1,4471.02
1027,672,75.6,63.2,3782.18,0,2129.0
1028,661,45.7,46.8,3844.06,0,2350.62
1029,673,78.1,41.0,4922.8,0,2208.07
1030,675,30.6,35.0,2825.42,0,1091.03
1031,688,81.7,43.8,5618.45,0,2256.34
1032,773,82.7,45.6,6120.98,1,5083.02
1033,716,48.6,37.7,3262.47,1,2878.77
1034,665,65.7,41.8,2823.47,0,2495.56
1035,694,111.9,28.5,4027.13,0,2467.82
1036,762,55.2,45.5,5866.57,1,3904.11
1037,667,97.8,35.2,4937.38,0,999.72
1038,688,71.1,58.9,3560.59,0,2902.28
1039,654,61.3,33.9,3755.96,0,2517.16
1040,682,86.2,45.3,5051.78,0,2877.09
1041,741,71.7,34.5,4089.1,1,3212.6
1042,695,95.7,35.5,2861.29,0,893.86
1043,725,78.7,57.7,3833.3,1,1897.84
1044,773,92.5,37.0,4408.01,1,3858.61
1045,750,96.0,47.0,4344.93,1,2627.26
1046,656,77.8,43.9,3650.34,0,1993.79
1047,655,64.1,27.5,4236.02,0,1907.0
1048,727,63.5,29.6,5997.89,1,4424.63
1049,791,79.6,47.9,5015.36,1,4849.27
1050,721,104.3,36.9,5215.36,1,3745.4
1051,786,82.6,44.1,6232.63,1,3868.59
1052,661,61.2,49.0,4449.75,0,1678.97
1053,662,73.7,27.6,3881.81,0,2338.7
1054,703,91.3,35.5,4361.29,1,2919.19
1055,728,80.7,18.0,5330.47,1,3038.78
1056,767,77.0,33.2,3918.77,1,2644.15
1057,850,111.4,42.1,5350.14,1,4645.27
1058,696,42.9,56.2,3851.0,0,2175.08
1059,697,60.4,35.5,3554.98,0,1588.52
1060,719,101.2,24.7,4908.04,1,4876.71
1061,742,52.2,27.2,4057.09,1,3310.65
1062,806,92.6,42.4,4549.62,1,4041.88
1063,761,63.9,52.0,6292.08,1,4862.83
1064,683,97.7,44.9,4601.03,0,3840.08
1065,711,54.3,49.4,5334.17,1,3794.87
1066,747,89.8,40.0,2732.65,1,2198.28
1067,680,66.5,41.6,3863.71,0,2622.57
1068,691,64.9,52.8,3608.04,0,2425.23
1069,811,100.8,51.2,5973.41,1,4577.74
1070,751,68.6,19.9,6092.71,1,3378.17
1071,765,112.7,38.2,5535.87,1,2810.37
1072,659,78.9,37.2,3788.77,0,2501.31
1073,676,42.3,34.3,4202.13,0,3044.95
1074,724,109.8,48.1,5165.18,1,3094.2
1075,655,43.9,42.7,3291.91,0,1935.87
1076,785,102.3,28.6,5530.62,1,4365.33
1077,656,61.2,40.2,4126.06,0,2991.82
1078,699,50.0,41.6,2265.9,0,1794.2
1079,664,59.9,49.0,3750.67,0,2574.42
1080,742,47.8,36.3,4178.81,1,2893.54
1081,749,54.9,65.2,5399.66,1,2750.19
1082,742,109.2,29.0,5553.9,1,4528.71
1083,790,82.7,39.2,6005.87,1,5115.98
1084,704,34.6,45.1,3003.02,1,2461.4
1085,657,89.6,42.3,4226.52,0,2424.81
1086,756,106.3,27.3,4947.43,1,2774.48
1087,624,87.5,33.4,5044.36,0,2164.47
1088,646,56.9,49.5,2865.52,0,2039.38
1089,674,83.5,43.6,4716.46,0,2621.45
1090,742,61.3,34.8,5552.04,1,3592.69
1091,767,53.5,44.0,3440.46,1,2828.21
1092,657,38.8,34.4,3749.78,0,1528.77
1093,696,81.9,39.7,6244.64,0,2711.06
1094,602,94.7,47.6,4567.0,0,2404.69
1095,841,120.8,49.0,7048.98,1,3841.45
1096,782,112.0,38.1,7140.96,1,5563.51
1097,648,46.2,53.3,1943.79,0,1624.01
1098,660,67.4,42.5,3671.73,0,3120.77
1099,787,52.4,33.4,3770.43,1,2190.82
1100,675,73.6,35.5,4019.87,0,2126.09
1101,581,29.2,34.5,2549.26,0,1252.3
1102,761,104.9,55.1,4780.02,1,2485.31
1103,687,45.9,42.0,3685.9,0,2881.12
1104,707,61.8,56.8,5414.21,1,4159.02
1105,721,72.7,43.7,4150.91,1,3359.71
1106,662,73.1,47.1,3659.78,0,2977.89
1107,678,84.9,55.5,3245.14,0,1157.61
1108,691,72.4,49.9,3027.04,0,2792.01
1109,664,67.2,34.5,4413.62,0,2089.32
1110,691,96.8,45.1,3394.99,0,2006.49
1111,761,88.0,32.9,3956.82,1,4354.04
1112,742,38.3,38.1,4029.25,1,2975.27
1113,660,49.2,34.5,3988.58,0,3304.99
1114,778,48.8,39.8,4327.98,1,3536.99
1115,772,61.0,18.0,5543.77,1,4200.97
1116,626,23.9,40.6,3368.86,0,1374.43
1117,792,51.5,45.2,3270.34,1,3858.6
1118,705,61.4,37.6,3552.35,1,2001.76
1119,746,58.3,41.8,4523.65,1,2942.33
1120,705,97.4,27.7,5792.49,1,4012.35
1121,787,73.7,32.1,5946.75,1,3303.52
1122,696,61.5,36.4,4426.53,0,2160.0
1123,622,72.4,57.9,3261.61,0,2105.58
1124,742,31.4,40.7,2936.1,1,2315.07
1125,712,39.8,47.2,3427.13,1,2838.59
1126,731,54.0,18.0,4597.1,1,2653.7
1127,634,29.9,54.2,1748.42,0,1072.07
1128,694,83.4,46.4,2543.88,0,1513.93
1129,705,27.2,18.0,3322.1,1,2884.61
1130,712,74.5,49.7,4092.23,1,3827.84
1131,603,55.1,63.3,3107.16,0,829.95
1132,702,55.6,50.1,4393.59,1,2922.77
1133,732,80.2,60.9,3778.85,1,3654.57
1134,622,68.7,45.1,2932.01,0,1724.45
1135,731,63.6,37.9,5281.1,1,3622.64
1136,715,71.2,65.9,4595.75,1,3061.08
1137,780,158.2,32.3,8233.41,1,6036.41
1138,764,76.3,45.4,5235.24,1,2943.53
1139,747,85.7,59.8,4448.51,1,3451.11
1140,744,120.4,40.2,4656.81,1,4105.7
1141,688,21.8,27.0,2742.12,0,2161.82
1142,711,96.1,35.2,5313.04,1,3314.08
1143,766,61.2,25.4,3704.97,1,1669.68
1144,717,85.4,34.0,2659.2,1,2873.56
1145,663,55.9,39.1,3726.05,0,2205.64
1146,758,28.3,35.2,3743.9,1,3424.83
1147,696,75.3,43.5,4300.02,0,2807.2
1148,770,77.8,61.0,5115.19,1,3286.65
1149,770,104.2,46.9,6115.12,1,4875.53
1150,672,104.6,29.8,4732.74,0,3422.61
1151,760,97.0,51.1,4282.0,1,3159.45
1152,738,124.3,54.5,5880.79,1,4513.12
1153,723,69.3,31.5,3801.08,1,2419.89
1154,665,32.4,39.1,2695.06,0,2091.0
1155,639,66.0,32.1,4789.72,0,1141.6
1156,670,28.3,40.8,3537.8,0,2291.75
1157,584,35.8,46.1,1353.04,0,748.42
1158,652,35.5,22.3,2526.86,0,1522.7
1159,780,80.8,30.5,5603.64,1,5661.62
1160,747,18.0,54.7,4196.49,1,3411.24
1161,623,50.2,35.7,2720.59,0,-246.86
1162,689,65.0,39.1,3982.93,0,3063.15
1163,678,69.9,35.8,3651.87,0,2647.24
1164,729,64.1,40.0,4153.34,1,2944.25
1165,691,118.9,45.9,5012.86,0,2067.41
1166,667,78.9,27.0,2958.98,0,728.3
1167,643,34.5,26.7,3577.14,0,2163.21
1168,729,59.7,22.5,5106.65,1,4763.56
1169,718,74.4,40.4,4939.32,1,1678.2
1170,741,72.9,51.6,4055.4,1,4530.75
1171,709,96.4,46.0,2374.48,1,1593.26
1172,713,47.7,39.2,4209.68,1,2807.5
1173,728,25.4,49.3,3454.61,1,2898.56
1174,699,69.1,25.7,4104.26,0,3665.63
1175,702,51.9,36.8,4735.36,1,3616.63
1176,707,71.1,39.1,3867.6,1,2228.49
1177,739,87.6,26.2,4032.91,1,4056.72
1178,711,92.8,51.0,4874.7,1,2223.03
1179,728,61.5,51.5,4274.73,1,3279.83
1180,689,85.5,44.7,3603.67,0,2878.36
1181,723,69.9,18.0,4616.03,1,3494.39
1182,768,73.8,42.6,3731.93,1,3381.72
1183,735,64.4,26.5,3605.49,1,1889.18
1184,661,56.6,50.1,3930.63,0,2580.26
1185,639,83.2,33.5,3282.38,0,2261.76
1186,715,72.6,18.0,4922.37,1,3633.74
1187,644,43.7,39.1,2042.05,0,1886.69
1188,749,98.1,54.3,6704.85,1,5664.87
1189,716,53.7,19.2,3461.36,1,3447.87
1190,726,69.9,59.2,3272.84,1,2419.43
1191,749,83.9,60.4,5022.6,1,5162.82
1192,714,104.7,21.7,3624.86,1,2244.3
1193,783,67.5,53.9,3764.6,1,2910.31
1194,702,96.6,39.7,6762.31,1,4367.22
1195,711,115.4,34.7,6844.49,1,3061.86
1196,704,57.6,33.0,4804.49,1,3096.96
1197,717,64.0,28.4,4389.12,1,3645.2
1198,712,65.1,23.2,4188.87,1,2269.18
1199,710,56.4,55.3,5343.11,1,3708.13
1200,769,56.7,18.6,4908.29,1,4389.48
1201,716,79.9,53.9,4301.78,1,3432.35
1202,670,95.7,32.5,4881.78,0,3634.93
1203,703,88.6,47.5,5318.66,1,2754.98
1204,650,44.7,40.6,4977.91,0,3318.73
1205,670,98.9,42.3,4579.51,0,3792.93
1206,663,73.5,40.2,2504.93,0,3213.39
1207,780,141.6,44.8,5344.18,1,3789.4
1208,640,54.7,42.3,2262.46,0,2307.32
1209,669,65.0,37.8,2856.72,0,1601.93
1210,739,53.4,36.8,3374.79,1,3748.54
1211,710,34.3,51.6,4533.68,1,2841.68
1212,685,99.4,42.5,4455.85,0,2241.21
1213,795,94.2,57.6,5055.54,1,4607.37
1214,699,70.0,46.5,5137.41,0,2946.72
1215,634,80.3,25.1,3703.12,0,3039.34
1216,682,69.6,39.9,3694.26,0,2538.08
1217,761,78.5,55.6,5889.3,1,2881.67
1218,722,92.0,36.6,6164.5,1,3904.56
1219,721,80.7,50.8,4350.66,1,3893.91
1220,762,100.8,44.0,6715.92,1,4652.51
1221,719,81.0,58.6,3818.13,1,3723.38
1222,746,83.0,23.8,4928.64,1,4608.09
1223,612,82.1,44.2,3513.88,0,1897.12
1224,664,76.1,43.7,3265.37,0,1805.81
1225,682,59.7,30.8,3545.22,0,2003.16
1226,775,95.4,42.3,7646.36,1,4025.11
1227,679,57.7,32.6,5835.41,0,1591.11
1228,584,48.0,45.8,2355.87,0,815.39
1229,676,69.9,46.7,4154.96,0,2746.33
1230,711,87.8,46.3,3842.05,1,3876.63
1231,628,51.9,48.2,3396.8,0,1267.9
1232,711,81.0,35.0,5683.43,1,3845.39
1233,730,69.7,36.3,4596.14,1,2989.17
1234,591,61.7,45.8,3435.12,0,1950.62
1235,563,19.2,35.2,1657.91,0,826.99
1236,693,47.1,42.8,3142.49,0,2095.63
1237,713,60.5,48.7,3314.08,1,1953.29
1238,635,104.5,52.2,5315.83,0,2051.32
1239,741,55.5,45.3,6167.7,1,4609.9
1240,682,30.8,35.4,4002.25,0,1839.31
1241,686,49.4,42.6,3851.23,0,1703.35
1242,657,90.1,39.6,4489.35,0,1957.57
1243,694,54.4,49.3,4026.05,0,3042.95
1244,644,70.7,37.0,4797.01,0,1738.13
1245,595,38.8,43.1,1319.81,0,1318.53
1246,645,41.1,49.5,3086.26,0,1461.18
1247,639,81.9,37.3,3647.45,0,2779.14
1248,764,71.6,22.2,5551.51,1,3729.08
1249,720,65.5,36.0,4717.29,1,3407.96
1250,669,71.2,33.7,3701.32,0,2471.83
1251,680,106.8,42.0,4675.51,0,1301.5
1252,600,57.6,34.2,3040.77,0,2310.04
1253,650,79.1,46.7,3653.2,0,1554.49
1254,669,88.9,48.8,3643.04,0,2835.53
1255,735,64.9,30.1,3924.9,1,3336.88
1256,596,46.8,55.3,2028.22,0,1139.62
1257,696,43.2,56.6,4418.51,0,1742.21
1258,689,68.7,29.1,5250.88,0,3128.55
1259,649,58.5,51.2,4037.84,0,2159.09
1260,670,79.1,23.5,4519.23,0,1689.28
1261,771,75.9,30.9,3803.7,1,2925.67
1262,711,82.2,42.7,4078.26,1,2513.98
1263,644,55.6,39.9,3265.81,0,1001.96
1264,753,65.4,55.6,4954.58,1,3257.07
1265,673,68.2,39.4,6365.73,0,2753.34
1266,723,49.0,25.1,4550.24,1,3101.02
1267,749,106.1,34.5,5974.71,1,3950.97
1268,700,55.4,53.9,4720.53,1,2073.31
1269,664,62.1,43.8,3467.39,0,1890.01
1270,725,64.9,37.5,4756.34,1,3842.24
1271,691,74.8,23.8,3490.34,0,3044.98
1272,769,115.0,42.3,4736.21,1,4511.49
1273,601,18.0,18.0,1526.62,0,2143.88
1274,727,52.7,47.7,4014.34,1,3467.27
1275,709,88.5,51.5,5548.23,1,2763.23
1276,719,74.1,42.7,4664.67,1,3097.83
1277,760,112.3,51.2,5654.48,1,3180.06
1278,708,59.8,54.4,4521.75,1,3221.25
1279,693,71.0,48.1,5250.81,0,2440.55
1280,749,89.9,20.5,3633.38,1,3414.52
1281,686,58.8,34.7,4359.06,0,3509.93
1282,667,51.1,36.3,3107.14,0,2559.98
1283,681,104.0,35.0,5260.63,0,2594.63
1284,746,83.2,34.7,4231.08,1,2957.02
1285,801,54.0,51.0,4567.82,1,5497.3
1286,749,93.9,34.0,4534.4,1,3113.86
1287,723,66.6,30.4,5658.79,1,4172.89
1288,650,55.8,52.0,3278.46,0,2075.46
1289,743,72.2,39.9,3415.3,1,3986.72
1290,623,26.8,51.9,3216.91,0,2734.07
1291,703,51.2,45.4,2355.03,1,2378.28
1292,684,61.9,29.8,3344.54,0,1859.59
1293,642,55.2,24.2,3473.78,0,2667.11
1294,688,71.7,33.5,5250.12,0,2617.74
1295,567,48.5,48.9,1554.19,0,246.98
1296,678,91.1,30.7,3059.89,0,2236.87
1297,746,98.6,42.0,7773.82,1,4093.1
1298,609,18.0,32.9,399.05,0,519.45
1299,811,100.6,62.2,6110.72,1,4194.77
1300,682,72.8,41.4,4745.25,0,2594.67
1301,715,81.3,48.9,4879.77,1,3226.9
1302,727,86.1,49.1,3998.08,1,3424.19
1303,714,82.4,51.4,5023.56,1,3616.59
1304,696,90.5,53.9,4827.79,0,3623.92
1305,781,113.5,51.2,6333.82,1,4421.64
1306,670,40.1,51.3,3469.62,0,2510.3
1307,556,50.0,30.6,2431.64,0,911.81
1308,677,50.3,45.2,3440.27,0,2552.3
1309,706,60.3,52.8,3030.09,1,2642.88
1310,795,59.0,38.5,5037.91,1,4463.04
1311,623,51.4,56.3,4120.52,0,2007.91
1312,684,81.1,33.6,4485.53,0,1954.64
1313,753,93.0,36.2,6854.57,1,4246.44
1314,709,78.0,41.5,5137.79,1,2468.71
1315,850,88.0,35.4,5718.64,1,5340.95
1316,718,65.1,38.2,5851.06,1,4305.24
1317,653,107.2,45.6,3926.65,0,1506.38
1318,681,61.0,52.1,4948.48,0,2282.0
1319,654,44.1,53.1,2852.12,0,2013.0
1320,638,45.4,50.0,4796.91,0,2444.93
1321,637,57.4,27.3,3083.6,0,2650.04
1322,786,97.4,48.0,6903.42,1,3734.23
1323,798,94.8,52.4,5771.32,1,4954.03
1324,736,74.1,40.7,4074.22,1,3320.49
1325,733,75.6,35.1,4189.98,1,2972.3
1326,722,54.0,36.7,5428.66,1,3965.7
1327,600,61.8,61.7,2311.25,0,636.94
1328,615,42.9,56.1,2925.11,0,1616.03
1329,614,22.6,44.5,4075.24,0,4066.24
1330,762,108.8,32.7,4099.5,1,2391.12
1331,626,62.3,28.4,3433.02,0,2331.63
1332,745,66.1,40.3,3298.95,1,2670.11
1333,621,76.5,34.9,2425.71,0,2129.61
1334,768,32.1,55.1,4764.24,1,4175.92
1335,674,90.5,54.6,5632.73,0,2586.82
1336,783,42.2,30.4,5964.28,1,3882.46
1337,773,89.8,30.3,5402.55,1,4670.84
1338,687,28.1,44.4,3655.5,0,1540.55
1339,698,75.0,52.1,5171.77,0,3129.45
1340,731,34.4,25.8,2937.94,1,2759.08
1341,681,101.0,38.4,5043.89,0,3529.69
1342,593,49.6,57.9,2223.74,0,1745.7
1343,775,87.5,46.0,4765.18,1,3536.97
1344,681,18.0,47.0,2601.66,0,1912.54
1345,735,87.0,32.2,6609.36,1,5132.82
1346,668,65.2,44.3,4368.97,0,2967.84
1347,621,61.5,44.4,1728.62,0,980.97
1348,685,47.9,47.1,4552.79,0,1648.85
1349,705,33.6,47.2,3437.13,1,1156.43
1350,742,109.6,27.9,4025.26,1,3792.59
1351,720,64.8,53.8,5276.9,1,3216.69
1352,646,81.6,42.9,4797.59,0,1034.77
1353,736,85.6,44.3,5273.72,1,4579.9
1354,674,25.7,38.7,4793.94,0,2288.25
1355,806,111.1,35.0,8256.63,1,4744.8
1356,631,21.5,52.9,1169.15,0,521.82
1357,737,94.4,42.5,5517.51,1,2745.44
1358,735,49.8,35.9,3973.4,1,3476.68
1359,659,61.4,45.6,5325.36,0,2955.11
1360,612,46.7,49.4,3114.81,0,1402.31
1361,699,87.3,57.4,5819.67,0,4679.71
1362,657,47.0,52.1,4120.78,0,1640.22
1363,691,75.8,21.2,4885.16,0,2763.6
1364,700,59.4,25.7,3943.43,1,2415.24
1365,702,92.3,36.2,5096.27,1,3440.38
1366,696,65.8,34.6,3745.67,0,2526.81
1367,694,57.7,46.0,3793.49,0,2398.52
1368,739,18.0,51.6,3494.87,1,3219.15
1369,660,61.6,46.1,3700.02,0,1565.01
1370,770,109.2,44.6,6679.46,1,4332.95
1371,744,54.6,42.2,4128.32,1,2814.94
1372,748,67.6,53.6,3710.16,1,3395.61
1373,819,82.8,26.0,5732.17,1,3328.95
1374,736,72.3,40.1,4108.43,1,3359.99
1375,635,27.4,37.6,3713.67,0,2543.06
1376,675,83.0,56.1,3680.16,0,1503.57
1377,620,48.5,37.9,3540.19,0,865.04
1378,710,51.4,26.9,4539.92,1,4132.53
1379,691,79.5,35.0,4099.39,0,2179.29
1380,719,87.5,60.5,4459.95,1,4890.72
1381,703,42.6,50.7,5519.34,1,4618.06
1382,690,54.8,27.4,2465.74,0,1630.64
1383,727,55.9,55.2,6339.22,1,4281.88
1384,726,56.8,44.7,5155.45,1,3069.52
1385,747,65.5,34.8,4552.39,1,4333.8
1386,639,46.2,40.6,4670.8,0,2584.14
1387,681,79.2,35.6,5359.94,0,1617.51
1388,664,89.2,30.1,2959.55,0,827.18
1389,722,76.6,57.1,5651.07,1,3539.61
1390,674,27.2,53.5,4202.26,0,3512.14
1391,675,58.8,52.7,3480.42,0,2334.27
1392,710,73.8,59.6,4039.5,1,3353.65
1393,682,78.4,45.3,6003.53,0,2269.38
1394,731,115.5,23.7,6988.52,1,4840.01
1395,765,105.7,65.6,7815.63,1,4661.88
1396,817,92.5,46.4,6386.68,1,5015.74
1397,740,72.0,49.6,5284.51,1,4151.31
1398,696,106.9,47.2,3668.33,0,1832.19
1399,731,93.0,36.3,5409.38,1,3732.45
1400,753,99.9,49.0,5580.03,1,3516.56
1401,757,73.3,64.1,6372.13,1,4414.85
1402,711,27.1,52.1,3298.95,1,2064.56
1403,682,84.0,33.4,3273.7,0,1688.66
1404,617,47.8,35.0,2656.37,0,706.71
1405,600,62.7,21.5,4912.1,0,1224.12
1406,686,79.6,45.4,4263.17,0,2190.81
1407,580,48.4,44.8,3301.27,0,697.51
1408,599,41.6,34.4,1755.78,0,1199.35
1409,757,69.5,34.9,6547.03,1,5213.49
1410,652,80.3,33.3,3697.27,0,2208.61
1411,694,111.2,55.5,6767.04,0,2936.61
1412,636,60.6,36.3,3019.36,0,2002.7
1413,777,102.5,58.5,4899.9,1,4949.75
1414,779,63.8,42.1,3747.4,1,3982.54
1415,670,62.2,53.4,2851.2,0,1586.33
1416,730,40.6,47.9,4099.3,1,3796.86
1417,715,68.9,24.2,3195.43,1,2293.09
1418,659,96.1,58.9,2912.42,0,2488.55
1419,681,86.6,39.3,4681.11,0,1763.76
1420,744,98.3,42.3,5172.17,1,3904.79
1421,770,59.9,51.0,3818.45,1,3488.05
1422,666,23.2,25.2,2022.12,0,1930.17
1423,711,74.4,40.0,4628.92,1,3886.72
1424,686,52.9,41.6,2792.26,0,2033.92
1425,639,58.6,55.0,2706.46,0,2749.31
1426,680,55.5,46.6,2605.91,0,1929.76
1427,789,84.0,33.6,6353.06,1,4197.83
1428,690,82.3,30.4,4040.28,0,2333.88
1429,602,77.6,27.7,3216.2,0,1993.58
1430,722,56.8,51.5,3951.68,1,3198.74
1431,744,18.0,48.4,3551.94,1,3674.61
1432,714,67.9,40.9,3545.88,1,2360.37
1433,713,83.6,56.6,4857.87,1,2450.19
1434,714,51.6,31.6,2749.51,1,2222.09
1435,705,85.8,52.7,4042.52,1,2767.73
1436,657,79.4,51.2,5254.84,0,2830.62
1437,705,75.4,49.7,4659.31,1,2909.9
1438,774,90.6,29.7,6085.45,1,3346.31
1439,684,86.5,56.5,5697.16,0,2972.37
1440,763,109.8,31.5,7527.46,1,4629.22
1441,666,88.0,47.7,3442.72,0,2060.0
1442,706,81.6,47.6,5537.67,1,3119.61
1443,737,53.3,30.6,4782.86,1,4440.73
1444,689,75.8,37.1,4289.94,0,3779.9
1445,818,76.8,42.3,4410.02,1,3608.25
1446,706,55.0,46.7,4328.53,1,2431.35
1447,621,60.9,35.9,4233.43,0,1878.46
1448,732,74.0,35.3,6882.15,1,4233.59
1449,722,31.9,41.6,4264.97,1,2673.86
1450,613,66.7,55.9,3129.81,0,1158.13
1451,745,31.7,56.0,5310.03,1,3746.3
1452,676,84.7,53.1,2041.41,0,1406.55
1453,763,59.9,37.6,4999.43,1,3523.85
1454,810,95.8,67.8,4792.53,1,4551.21
1455,695,89.0,32.0,6834.16,0,3877.74
1456,741,53.4,41.3,5607.03,1,4258.93
1457,589,29.6,23.7,2954.41,0,1851.71
1458,681,92.2,43.6,3517.64,0,3338.1
1459,705,44.4,18.0,4080.89,1,1713.71
1460,671,114.1,45.9,3820.11,0,1790.06
1461,761,84.1,23.5,5733.88,1,4041.27
1462,663,40.7,33.7,2696.28,0,2203.8
1463,683,82.9,48.8,2892.56,0,2011.56
1464,657,68.6,47.4,4415.18,0,2232.09
1465,771,67.3,30.7,5038.44,1,3456.85
1466,646,58.0,27.2,2929.15,0,1025.04
1467,761,41.9,54.8,4806.7,1,3497.8
1468,781,118.9,64.8,4658.79,1,3873.81
1469,749,99.6,57.2,4861.64,1,3280.63
1470,697,100.5,36.6,2984.15,0,1564.3
1471,691,59.5,36.7,5199.79,0,3897.79
1472,787,82.2,39.6,3548.24,1,3162.36
1473,747,79.6,32.8,4193.98,1,3428.48
1474,615,75.6,32.8,4306.2,0,2557.56
1475,661,18.0,33.1,3909.4,0,2655.42
1476,664,33.6,37.7,3071.64,0,1855.29
1477,617,75.3,35.7,4144.4,0,2342.41
1478,672,59.7,27.1,4705.62,0,1883.8
1479,803,114.0,50.0,5505.46,1,5406.62
1480,760,62.8,47.5,4919.79,1,2625.54
1481,716,84.6,41.7,5733.77,1,5438.89
1482,704,68.9,26.7,3666.57,1,3264.46
1483,760,81.2,45.5,4432.91,1,2924.87
1484,731,58.3,50.1,5191.04,1,4150.87
1485,635,18.0,26.6,2593.57,0,1151.66
1486,682,75.8,55.8,4276.56,0,2043.38
1487,673,69.0,31.5,4165.77,0,1216.24
1488,711,126.3,29.4,3524.32,1,2415.33
1489,677,94.4,52.8,5109.57,0,2443.72
1490,794,71.4,39.9,5453.73,1,4037.27
1491,662,69.9,47.1,4734.3,0,2948.46
1492,748,79.0,36.0,4613.63,1,3195.03
1493,687,75.6,51.7,4115.42,0,2823.09
1494,737,96.2,40.3,4818.41,1,4498.85
1495,683,46.3,34.5,3885.84,0,2657.59
1496,721,59.0,47.4,4310.84,1,2842.11
1497,688,80.2,32.7,4496.91,0,3455.41
1498,785,94.3,47.1,5807.51,1,5059.17
1499,697,69.8,29.9,5641.94,0,2386.74
1500,810,101.2,43.6,6807.19,1,3863.83
1501,742,78.4,38.5,5688.32,1,3865.78
1502,790,104.7,34.7,5163.91,1,4343.78
1503,662,52.8,68.2,4517.84,0,2489.35
1504,683,79.1,47.6,5038.71,0,1640.24
1505,795,82.1,43.8,5017.35,1,4274.01
1506,709,90.8,39.5,3868.54,1,2245.62
1507,686,70.2,31.1,5120.12,0,2364.18
1508,667,49.3,48.5,3255.89,0,842.98
1509,802,126.5,61.3,5119.8,1,5115.41
1510,705,104.4,50.2,5546.89,1,3304.21
1511,760,66.6,23.9,3962.58,1,3826.07
1512,686,70.2,64.9,3300.76,0,2212.78
1513,743,51.1,39.3,4043.65,1,2683.74
1514,783,92.8,43.5,6108.03,1,4874.64
1515,679,111.8,49.6,3220.24,0,1956.1
1516,725,63.7,36.3,3194.2,1,2753.94
1517,755,50.8,48.4,5244.39,1,4340.06
1518,698,113.8,22.4,5995.09,0,3924.93
1519,711,99.7,52.4,6259.82,1,4120.01
1520,846,141.9,33.6,7629.08,1,6129.46
1521,669,71.4,48.5,4302.02,0,3113.6
1522,731,74.2,41.3,3790.51,1,2906.79
1523,683,64.1,34.9,3052.12,0,1586.17
1524,661,78.3,49.8,2769.18,0,940.68
1525,616,91.5,41.1,3861.85,0,2121.33
1526,696,87.3,34.0,3560.3,0,1467.94
1527,792,45.5,53.3,5544.38,1,4400.22
1528,691,59.5,28.3,3106.68,0,2337.87
1529,681,67.8,38.6,3704.58,0,1902.18
1530,760,18.3,27.7,4652.36,1,3065.88
1531,579,74.3,35.9,3214.32,0,1688.06
1532,684,121.2,50.6,4340.28,0,2374.4
1533,720,45.5,44.5,3024.49,1,3170.68
1534,784,71.7,47.4,5874.25,1,4412.38
1535,709,118.3,40.2,5185.67,1,3308.57
1536,751,54.9,57.1,3951.52,1,2587.89
1537,664,51.0,35.6,3955.8,0,2012.43
1538,749,73.3,37.8,4484.77,1,2672.38
1539,621,20.0,52.1,2258.13,0,708.6
1540,770,66.4,58.4,5667.2,1,3275.46
1541,630,18.9,61.5,3646.95,0,2744.01
1542,774,120.7,47.6,6753.93,1,5241.38
1543,686,72.2,39.0,5145.5,0,3016.95
1544,760,62.3,56.9,6723.56,1,4244.32
1545,718,41.0,47.5,2986.2,1,1277.91
1546,715,76.2,46.6,3689.3,1,1630.94
1547,607,78.5,37.8,3834.59,0,2278.27
1548,772,131.1,53.1,7392.0,1,5582.41
1549,729,101.3,50.1,4429.29,1,3116.2
1550,646,27.7,30.5,2819.65,0,1508.53
1551,757,96.0,50.3,5294.47,1,3370.46
1552,728,110.4,45.1,4758.83,1,3119.08
1553,662,56.2,26.2,1440.49,0,1041.53
1554,719,96.7,47.2,5755.35,1,4401.77
1555,659,90.5,31.7,6031.44,0,1857.8
1556,745,97.9,50.4,5748.2,1,4569.53
1557,780,89.0,33.5,5993.7,1,4392.53
1558,616,81.3,30.5,4060.42,0,745.1
1559,606,48.2,49.9,3942.64,0,637.05
1560,771,72.4,33.5,4140.64,1,2793.99
1561,720,50.8,48.1,3729.74,1,2969.5
1562,721,102.1,55.8,4129.8,1,3394.01
1563,707,56.4,57.3,5531.12,1,4590.01
1564,704,63.8,30.7,4167.64,1,2384.51
1565,744,98.2,56.7,4206.58,1,3086.79
1566,691,55.1,32.9,2558.41,0,2804.57
1567,588,58.7,32.0,3748.8,0,1966.92
1568,647,51.6,50.2,2954.03,0,2382.79
1569,717,26.3,53.7,4659.01,1,3528.78
1570,722,55.0,19.9,5155.43,1,3226.13
1571,594,55.7,48.3,4316.89,0,1642.65
1572,761,37.4,18.0,4300.03,1,3842.7
1573,708,92.4,57.3,4443.66,1,2641.08
1574,644,18.0,42.2,1839.66,0,1585.5
1575,653,23.1,34.3,1914.13,0,1547.75
1576,714,74.0,43.7,5885.32,1,3250.82
1577,787,104.3,41.4,5738.46,1,4992.82
1578,697,67.9,36.9,3662.04,0,2767.6
1579,737,44.6,24.5,5122.03,1,3097.29
1580,665,78.9,46.4,4781.31,0,2479.8
1581,754,22.5,44.1,2830.5,1,3768.9
1582,702,69.2,42.6,5594.69,1,1560.99
1583,751,45.9,43.4,2542.83,1,2164.23
1584,821,94.0,49.2,6692.8,1,6252.55
1585,743,114.3,43.2,4248.09,1,3240.5
1586,735,48.6,43.2,3179.61,1,3060.88
1587,776,77.0,57.0,6167.84,1,4072.74
1588,667,52.4,51.7,4478.71,0,3366.96
1589,645,70.7,38.4,2786.52,0,1637.21
1590,690,62.1,39.8,4764.31,0,2073.97
1591,733,66.8,60.3,5976.49,1,3766.5
1592,772,87.6,34.7,4089.99,1,3820.16
1593,722,92.2,44.1,5823.02,1,3794.88
1594,768,59.2,65.8,6156.76,1,3740.7
1595,739,61.4,35.6,4756.82,1,4516.28
1596,681,80.4,41.9,2367.21,0,2159.53
1597,642,36.0,45.7,3418.04,0,1021.4
1598,667,74.2,37.7,5856.93,0,2861.84
1599,687,73.9,35.2,3161.67,0,1641.77
1600,652,89.6,46.6,4441.72,0,2955.37
1601,587,52.5,31.8,2251.84,0,2101.72
1602,636,39.7,39.2,3473.89,0,2365.77
1603,714,93.9,51.0,5633.63,1,2824.81
1604,599,18.0,27.5,2385.86,0,2404.49
1605,686,61.4,45.8,2788.42,0,1779.65
1606,744,34.4,48.4,4377.41,1,2858.01
1607,850,61.8,42.8,6353.47,1,5006.85
1608,628,57.6,39.2,2340.82,0,333.45
1609,691,74.9,42.2,5461.53,0,2775.46
1610,672,72.7,37.7,3970.3,0,2744.13
1611,646,58.9,37.7,3808.91,0,2727.6
1612,698,30.4,55.1,2670.16,0,2260.39
1613,701,56.6,22.8,3708.52,1,1531.91
1614,599,64.9,57.9,3349.07,0,1450.84
1615,680,96.4,59.9,4408.28,0,2193.01
1616,546,63.1,35.6,1738.49,0,1212.29
1617,655,39.9,66.6,1903.44,0,1567.04
1618,756,97.9,51.4,5953.34,1,3454.88
1619,718,70.4,32.8,4489.07,1,2375.97
1620,751,50.0,49.3,4109.14,1,3452.39
1621,698,20.9,42.1,4251.5,0,2887.72
1622,629,23.3,28.3,560.9,0,839.3
1623,734,37.0,31.6,2691.0,1,1443.94
1624,721,88.9,27.3,5081.24,1,3475.94
1625,805,59.8,37.1,6371.13,1,4256.31
1626,677,80.0,42.0,2793.84,0,1310.99
1627,688,48.3,32.3,2842.42,0,947.53
1628,710,34.2,39.7,2858.19,1,2546.96
1629,754,112.0,49.0,5537.37,1,3489.38
1630,670,58.9,41.6,3288.81,0,1278.27
1631,663,62.5,50.9,4635.42,0,2169.51
1632,754,99.9,33.8,4653.61,1,3753.09
1633,648,88.2,22.5,3484.1,0,605.19
1634,670,73.9,41.6,3796.73,0,2412.06
1635,803,104.4,20.9,6085.81,1,4778.54
1636,655,41.8,22.5,3331.11,0,1958.64
1637,695,105.8,62.1,5795.3,0,4372.37
1638,668,81.4,42.0,3596.93,0,763.97
1639,699,71.8,51.2,5015.09,0,2497.63
1640,727,81.2,34.4,4463.55,1,3856.34
1641,716,57.5,66.4,4612.71,1,3881.52
1642,710,84.8,51.9,4132.38,1,2290.53
1643,712,80.5,46.0,3757.53,1,2931.32
1644,676,35.1,63.4,1210.93,0,1424.32
1645,697,80.7,35.4,3943.13,0,2443.49
1646,622,26.1,33.1,1366.86,0,847.77
1647,709,44.8,38.7,3640.55,1,2918.84
1648,585,22.5,33.6,2975.05,0,2095.23
1649,707,81.5,61.3,5094.08,1,3298.32
1650,627,37.5,44.6,2618.02,0,1359.17
1651,685,49.0,44.6,3839.11,0,3682.57
1652,657,89.5,33.9,3986.46,0,2168.9
1653,695,101.9,25.2,5201.12,0,3340.4
1654,631,18.0,18.0,1497.41,0,879.73
1655,726,56.6,42.1,3567.58,1,2840.71
1656,645,72.9,46.7,4918.42,0,3206.27
1657,712,83.5,53.6,3854.95,1,3212.14
1658,706,91.6,37.1,2635.68,1,2264.09
1659,597,20.9,53.1,2036.19,0,1080.22
1660,659,87.0,41.3,5434.04,0,3428.99
1661,661,80.3,68.9,3871.34,0,2153.21
1662,725,89.2,58.4,4666.23,1,3393.81
1663,681,71.8,54.6,3431.48,0,2150.42
1664,681,42.7,39.1,4351.8,0,3681.69
1665,614,22.2,49.7,3376.69,0,2392.89
1666,745,107.5,22.5,5516.23,1,3115.08
1667,774,94.7,18.8,6800.89,1,4248.78
1668,635,75.5,63.2,3020.32,0,1212.22
1669,649,22.9,25.5,2931.65,0,1691.75
1670,753,91.7,58.9,4492.15,1,4287.23
1671,678,78.7,55.1,4917.06,0,2591.62
1672,777,106.9,55.4,5619.68,1,5045.93
1673,703,61.9,48.5,3757.56,1,4127.59
1674,695,58.7,41.6,4973.49,0,2848.63
1675,681,52.4,46.5,2364.54,0,1927.93
1676,800,113.5,20.1,6516.09,1,4330.33
1677,806,35.4,30.3,5446.56,1,4371.71
1678,604,34.8,45.8,4076.67,0,1487.15
1679,721,42.1,26.9,3149.5,1,2630.15
1680,704,40.9,38.3,2249.22,1,3421.48
1681,728,103.5,35.2,4795.9,1,4554.58
1682,683,83.0,18.0,3811.57,0,1816.96
1683,717,40.1,63.5,5894.71,1,3104.13
1684,737,76.7,42.8,4914.87,1,4101.96
1685,751,82.8,44.9,4846.22,1,2136.97
1686,757,91.5,33.1,7564.31,1,5831.51
1687,715,62.7,32.5,3151.63,1,2900.14
1688,703,68.7,38.3,2793.56,1,2087.67
1689,606,49.9,37.9,4862.79,0,2597.66
1690,685,87.0,47.5,5558.13,0,3335.72
1691,689,52.6,18.7,4064.75,0,2506.69
1692,659,25.4,25.2,1924.47,0,2617.32
1693,794,65.5,65.0,5251.68,1,3537.76
1694,720,97.7,20.6,5358.76,1,3533.58
1695,705,85.0,44.0,4453.21,1,3253.92
1696,699,69.7,32.4,6241.25,0,3042.68
1697,700,86.1,38.5,3079.24,1,3329.88
1698,686,111.8,58.4,6927.45,0,3361.81
1699,763,86.1,67.7,6180.87,1,5010.03
1700,719,60.3,34.3,5717.03,1,3905.63
1701,625,70.7,35.2,4535.82,0,2054.29
1702,686,93.5,51.0,6231.29,0,4632.58
1703,656,38.0,39.8,3097.45,0,2696.84
1704,628,54.2,37.1,2373.15,0,1753.61
1705,635,25.5,36.8,3472.34,0,2838.49
1706,570,26.2,48.2,4025.56,0,1299.13
1707,712,108.5,51.5,3516.31,1,4013.43
1708,665,83.6,44.7,6083.59,0,3369.8
1709,743,126.1,38.0,7128.35,1,3446.62
1710,687,30.0,47.8,4279.97,0,1964.54
1711,634,76.2,59.6,1782.75,0,389.5
1712,738,77.8,48.0,4282.18,1,3753.66
1713,577,27.1,36.6,2681.61,0,854.01
1714,682,68.4,38.5,2787.35,0,1815.11
1715,786,102.4,50.3,4417.25,1,2768.17
1716,598,28.8,51.2,2874.59,0,2330.35
1717,625,25.7,38.5,2083.64,0,1953.01
1718,639,53.8,19.5,3523.55,0,1899.5
1719,614,69.6,30.0,4712.99,0,1261.65
1720,747,89.1,46.4,4787.13,1,2698.9
1721,699,49.6,42.9,5333.75,0,2767.16
1722,592,38.6,42.5,1975.9,0,1293.29
1723,642,83.2,35.0,3188.15,0,1935.41
1724,793,69.4,42.3,5142.65,1,5403.15
1725,650,63.0,31.4,4523.86,0,1634.62
1726,762,64.5,54.0,4541.88,1,3346.79
1727,589,25.6,43.5,4521.26,0,600.06
1728,727,73.2,36.2,4604.05,1,4095.43
1729,669,95.3,30.6,6357.61,0,3095.6
1730,690,102.0,46.5,5478.48,0,2454.02
1731,641,73.4,38.9,4034.09,0,1191.63
1732,669,48.9,59.2,4292.66,0,3084.81
1733,809,85.5,51.4,5936.05,1,4536.89
1734,649,41.7,48.6,3033.29,0,1303.67
1735,655,79.0,43.7,2047.67,0,3461.42
1736,684,81.7,47.9,3915.16,0,1977.79
1737,662,51.0,23.6,2910.19,0,2791.13
1738,707,80.2,30.2,5850.53,1,4252.17
1739,729,43.5,39.1,4432.35,1,3779.03
1740,754,45.8,43.8,3773.45,1,3582.8
1741,753,49.6,57.2,4158.65,1,3136.82
1742,710,60.7,40.0,2915.12,1,2786.16
1743,722,44.9,41.1,4921.66,1,4044.63
1744,639,56.4,49.4,2963.62,0,1573.86
1745,727,84.2,33.9,6108.64,1,4243.73
1746,669,85.9,49.7,4243.06,0,3287.09
1747,734,81.2,28.7,4879.96,1,3171.24
1748,679,65.1,48.8,3385.15,0,1931.91
1749,822,125.8,40.4,6262.47,1,4465.01
1750,771,59.1,57.4,2224.89,1,1974.45
1751,655,66.9,55.5,2316.42,0,2591.95
1752,738,74.4,53.2,3982.21,1,2550.93
1753,791,126.5,50.0,5477.31,1,3916.37
1754,623,48.2,25.8,1288.27,0,539.99
1755,679,93.1,41.6,4083.21,0,2279.45
1756,635,47.5,42.7,1390.16,0,-97.46
1757,638,42.3,53.8,3172.36,0,1818.47
1758,670,51.1,27.5,3690.65,0,2840.25
1759,788,88.8,21.0,4490.27,1,2629.9
1760,714,65.7,28.0,4820.08,1,3879.3
1761,666,91.8,47.1,6103.74,0,4441.65
1762,730,70.1,33.0,4429.72,1,2659.59
1763,681,87.2,22.6,4111.76,0,2326.33
1764,713,71.3,29.9,4502.23,1,4271.52
1765,711,49.7,35.7,2448.32,1,3502.58
1766,752,50.3,43.8,3670.1,1,1640.99
1767,628,99.1,30.0,3403.18,0,2775.48
1768,673,78.6,44.0,3207.48,0,2367.66
1769,684,76.8,32.5,3543.46,0,1648.33
1770,686,59.6,40.9,3362.86,0,2103.19
1771,731,36.0,43.0,3401.81,1,2653.54
1772,724,88.7,52.6,5152.55,1,4160.07
1773,829,92.2,46.7,6640.4,1,3532.59
1774,642,35.1,49.5,1074.45,0,693.99
1775,668,93.1,55.2,3845.82,0,1443.42
1776,760,94.1,46.5,6224.55,1,3598.45
1777,684,32.5,32.8,3089.3,0,1208.09
1778,711,117.7,57.0,5281.27,1,3523.16
1779,701,48.1,31.6,3819.53,1,3080.36
1780,720,76.4,34.5,5322.16,1,4378.83
1781,672,24.7,18.0,3232.68,0,2000.92
1782,632,66.2,25.9,4882.97,0,3274.69
1783,655,93.3,38.0,3658.2,0,2603.68
1784,629,18.0,18.0,1621.33,0,1302.45
1785,765,105.2,33.6,6710.99,1,4964.87
1786,658,57.1,39.8,1934.98,0,2544.23
1787,702,48.2,27.3,3035.91,1,3519.26
1788,636,26.6,28.2,2721.0,0,2658.68
1789,691,80.8,47.4,4942.27,0,1948.75
1790,681,61.1,51.5,4900.48,0,2609.49
1791,767,67.2,39.5,5100.9,1,3345.33
1792,672,68.2,51.6,4277.93,0,2965.43
1793,724,64.4,44.1,4744.06,1,3292.21
1794,672,35.7,18.0,3026.65,0,951.9
1795,789,73.3,51.3,5740.78,1,4186.64
1796,693,54.7,38.1,3221.19,0,2733.97
1797,704,75.9,37.6,4341.2,1,1859.27
1798,711,60.5,52.6,4657.35,1,3993.79
1799,656,34.7,34.4,3466.58,0,959.17
1800,742,51.5,57.8,2670.93,1,2323.4
1801,672,32.9,62.9,3748.87,0,2473.46
1802,699,73.2,53.4,3339.34,0,1953.21
1803,679,86.2,51.2,3254.46,0,1049.36
1804,736,80.2,26.7,5394.44,1,5379.61
1805,720,108.4,34.9,3446.74,1,2625.25
1806,706,94.9,35.2,4536.19,1,3436.71
1807,554,43.2,45.6,2703.32,0,1879.35
1808,742,72.4,28.4,4727.41,1,3911.03
1809,687,61.2,43.0,5336.8,0,2477.59
1810,610,73.8,34.3,2733.73,0,1482.75
1811,723,37.6,30.7,2002.86,1,2416.09
1812,734,110.0,34.9,5570.92,1,4253.44
1813,681,63.3,57.5,5284.79,0,1997.63
1814,711,70.3,22.2,3776.79,1,1954.24
1815,698,59.4,47.5,4398.25,0,2878.71
1816,682,79.8,41.5,4344.43,0,3020.27
1817,761,126.5,30.0,7387.67,1,5708.7
1818,739,91.7,32.1,6760.05,1,4408.62
1819,757,96.8,42.3,7784.43,1,4075.62
1820,640,55.0,43.2,3044.65,0,-409.77
1821,676,88.8,48.0,5226.7,0,2438.19
1822,716,86.6,22.8,3865.35,1,1602.6
1823,702,49.1,29.7,4509.69,1,3149.79
1824,658,68.9,39.4,5280.04,0,3146.7
1825,705,59.1,29.2,3895.46,1,2690.63
1826,687,81.4,52.1,3016.63,0,1024.5
1827,647,64.2,38.9,2934.26,0,399.33
1828,713,88.7,41.7,5171.15,1,3325.39
1829,749,89.3,25.8,4083.19,1,3943.46
1830,733,55.2,65.1,3733.8,1,3420.98
1831,684,76.2,44.7,4530.99,0,1960.43
1832,773,102.8,49.4,5029.68,1,4283.47
1833,665,60.5,46.6,3418.93,0,1316.44
1834,653,67.4,43.3,4502.08,0,2138.2
1835,717,92.1,62.3,3854.85,1,3031.82
1836,641,112.3,23.3,4737.76,0,2824.2
1837,670,103.5,68.6,5411.49,0,2117.15
1838,726,79.2,18.7,5294.01,1,3639.41
1839,682,78.1,39.8,4654.07,0,2541.88
1840,708,90.9,31.7,4443.26,1,2559.07
1841,696,49.5,52.5,4559.56,0,2674.68
1842,696,102.4,59.6,5485.2,0,3279.33
1843,746,53.7,48.5,4964.03,1,3962.51
1844,728,53.7,40.4,5208.24,1,3508.24
1845,695,66.3,32.5,3703.02,0,1830.05
1846,626,24.4,26.2,3215.9,0,1569.04
1847,770,67.1,29.9,4655.45,1,4402.12
1848,680,84.0,42.2,6801.05,0,3539.44
1849,662,24.3,29.6,3795.53,0,999.61
1850,701,62.7,46.3,6056.42,1,3712.94
1851,698,47.1,29.5,5049.73,0,3387.64
1852,648,22.6,37.9,1467.88,0,1285.37
1853,691,52.0,40.8,4050.79,0,3053.08
1854,668,73.1,47.7,2438.67,0,1751.65
1855,644,54.1,36.7,2000.21,0,779.2
1856,711,55.4,35.5,4720.71,1,3532.38
1857,656,65.1,43.1,3613.4,0,1819.38
1858,744,78.8,70.1,4532.01,1,4495.17
1859,809,84.5,29.8,3825.26,1,3685.48
1860,735,58.8,35.5,5226.23,1,3393.08
1861,829,107.2,50.6,5627.79,1,3847.64
1862,618,43.2,27.3,2956.53,0,702.32
1863,695,63.5,38.8,3264.46,0,2871.0
1864,729,71.0,18.0,4158.5,1,2143.11
1865,667,80.8,23.2,4537.74,0,1132.22
1866,686,18.0,55.3,4659.91,0,2662.77
1867,735,76.7,46.5,3295.23,1,2415.46
1868,688,57.3,37.5,4299.06,0,1951.95
1869,701,91.1,34.7,4417.68,1,3477.67
1870,638,58.8,37.7,3602.41,0,1605.29
1871,733,74.8,54.8,4726.55,1,3570.43
1872,738,89.6,24.3,6507.14,1,4239.08
1873,790,116.5,34.5,6085.17,1,5644.72
1874,807,99.2,31.0,6796.84,1,5042.86
1875,781,68.5,27.9,6023.8,1,4038.05
1876,671,33.3,34.1,3947.64,0,2532.89
1877,639,64.6,48.6,3830.49,0,2671.13
1878,743,78.2,46.9,4528.13,1,4140.43
1879,725,49.3,37.6,3760.58,1,3271.22
1880,793,123.7,40.5,7120.09,1,5574.99
1881,728,78.0,56.7,4443.18,1,2618.49
1882,698,18.0,47.9,1889.32,0,2554.6
1883,575,18.0,54.9,2846.51,0,1895.85
1884,686,58.4,22.5,5233.76,0,2564.5
1885,693,93.5,33.4,3908.96,0,2330.84
1886,705,101.0,21.1,5570.65,1,3411.46
1887,651,68.0,54.2,3139.04,0,2564.93
1888,649,18.0,42.5,1032.28,0,220.47
1889,727,67.9,43.6,2778.05,1,1711.92
1890,691,63.0,28.5,4037.01,0,2594.84
1891,686,94.8,36.6,4354.75,0,1762.06
1892,738,68.2,39.3,5099.81,1,4091.78
1893,720,70.9,46.0,4461.26,1,3754.61
1894,737,122.1,54.9,3780.04,1,2917.3
1895,776,77.4,36.1,4672.78,1,3070.16
1896,645,62.5,20.6,4014.85,0,2518.19
1897,766,55.8,37.0,4198.66,1,3811.81
1898,741,123.0,48.1,5874.29,1,4214.07
1899,717,96.1,20.9,4104.58,1,3017.78
1900,709,40.8,44.6,4932.13,1,3608.95
1901,658,60.8,32.0,3658.39,0,1423.66
1902,718,49.2,37.5,4056.95,1,2228.91
1903,634,107.0,25.3,4459.61,0,2221.87
1904,697,33.4,25.6,3046.37,0,4024.94
1905,695,66.6,46.7,5182.08,0,4054.84
1906,640,74.3,30.0,3380.35,0,2267.38
1907,692,81.0,35.5,3333.26,0,1987.56
1908,707,28.7,65.6,2620.25,1,2123.72
1909,679,50.8,30.9,3664.78,0,2932.53
1910,620,50.2,19.8,2969.21,0,2337.49
1911,693,24.9,41.8,3067.25,0,2868.77
1912,659,40.8,37.9,2759.59,0,1990.84
1913,766,117.2,45.4,4723.81,1,3251.46
1914,661,52.6,35.0,4437.72,0,3294.11
1915,699,102.8,40.3,3842.23,0,2045.91
1916,776,57.0,35.0,5158.81,1,4082.66
1917,653,75.7,29.7,4913.56,0,2625.52
1918,520,22.9,48.6,1872.96,0,1400.19
1919,754,112.3,44.9,6912.64,1,3780.14
1920,678,38.4,38.3,3325.33,0,2206.07
1921,669,70.6,34.5,4367.12,0,3770.21
1922,746,44.0,34.5,3074.04,1,4132.29
1923,682,89.7,58.8,5273.78,0,2845.9
1924,661,18.0,32.0,3215.42,0,3135.51
1925,735,106.2,37.4,4504.63,1,3451.5
1926,649,26.9,37.9,3177.75,0,2217.16
1927,767,48.3,46.4,3314.35,1,3979.55
1928,714,49.8,53.1,4999.22,1,4228.43
1929,755,106.5,49.3,7045.67,1,5412.59
1930,703,106.1,30.8,5651.59,1,3428.37
1931,660,66.1,47.0,3237.94,0,2021.05
1932,698,91.0,44.0,3210.55,0,1305.42
1933,688,92.3,48.2,4651.47,0,3274.63
1934,612,53.5,43.9,2533.06,0,809.53
1935,767,100.1,46.8,4246.01,1,3121.01
1936,699,45.0,19.7,3991.39,0,1943.5
1937,690,51.1,36.3,3635.68,0,2627.92
1938,690,35.5,55.1,4718.11,0,4040.71
1939,668,64.0,40.5,3348.06,0,1977.77
1940,662,109.9,50.4,2618.15,0,2305.7
1941,717,103.9,41.0,5002.65,1,1876.5
1942,791,101.7,23.3,7204.51,1,4762.11
1943,700,73.2,43.0,3647.99,1,2476.07
1944,681,76.7,30.2,4216.22,0,2802.16
1945,657,97.1,51.6,4339.11,0,1305.91
1946,753,68.6,30.0,3930.57,1,2716.47
1947,616,47.5,54.5,2593.82,0,1619.78
1948,722,57.9,27.9,4981.15,1,4410.08
1949,702,83.0,52.4,3828.61,1,3091.46
1950,733,56.7,31.8,3599.45,1,2889.7
1951,564,63.0,41.7,4526.34,0,2814.55
1952,660,80.6,48.6,2952.94,0,3293.1
1953,589,43.3,46.7,3392.85,0,1861.43
1954,724,84.3,47.5,2901.14,1,1874.56
1955,740,82.7,31.1,3938.32,1,2424.89
1956,648,99.1,60.8,4789.61,0,2454.14
1957,601,28.5,46.6,3713.07,0,2606.81
1958,678,53.4,27.1,2821.17,0,3386.66
1959,833,136.0,19.9,6430.24,1,4571.82
1960,696,47.4,45.4,3685.88,0,2634.01
1961,751,59.5,44.1,5503.47,1,3897.33
1962,683,64.8,41.3,4487.42,0,3689.45
1963,655,43.0,58.5,3378.53,0,1796.89
1964,686,79.4,47.9,3672.22,0,2318.89
1965,727,134.5,46.6,6177.41,1,4353.93
1966,651,18.0,68.2,1886.97,0,1499.47
1967,789,122.9,41.5,4510.9,1,3967.82
1968,782,53.4,40.2,5201.04,1,2426.44
1969,693,63.9,36.5,3256.38,0,1721.24
1970,661,52.4,33.5,4211.31,0,2483.48
1971,653,27.8,21.9,3723.7,0,1798.97
1972,761,69.4,24.0,5637.35,1,4703.31
1973,711,71.7,44.1,3206.02,1,3114.34
1974,691,55.6,47.6,3811.01,0,1721.82
1975,725,76.0,49.5,4996.32,1,4432.46
1976,691,148.2,30.0,6145.21,0,3191.99
1977,733,35.4,52.5,3668.99,1,3197.47
1978,706,41.2,29.6,3570.27,1,3273.48
1979,702,78.6,47.6,3284.81,1,3381.94
1980,713,113.2,37.1,3249.58,1,2220.45
1981,697,57.1,47.0,3265.01,0,2155.33
1982,716,47.0,43.9,2051.86,1,2982.74
1983,614,43.7,29.1,2238.16,0,1226.92
1984,602,76.7,50.3,2748.25,0,1193.62
1985,603,26.9,45.2,2086.77,0,1147.44
1986,709,42.4,29.8,3124.21,1,3004.68
1987,667,42.2,50.5,3029.4,0,2374.88
1988,703,87.4,18.0,3417.13,1,3100.82
1989,732,107.7,36.5,5250.25,1,3483.06
1990,741,100.3,45.5,4962.53,1,3724.46
1991,688,55.0,50.8,2997.68,0,2459.44
1992,677,82.6,20.6,4660.65,0,1849.48
1993,714,95.6,47.1,3879.58,1,2630.85
1994,642,69.1,37.1,3363.68,0,2154.82
1995,687,100.7,30.8,3144.34,0,1429.47
1996,657,54.9,18.0,3468.15,0,2512.58
1997,723,70.7,53.2,4411.89,1,2846.64
1998,530,47.9,55.5,303.89,0,-126.72
1999,583,32.1,56.6,1758.54,0,1741.81
2000,602,71.7,35.6,2979.79,0,935.13
2001,693,64.7,46.8,3317.87,0,2113.37
2002,687,96.7,52.5,2849.95,0,1958.02
2003,693,60.7,41.6,5434.75,0,2943.1
2004,672,40.6,32.0,3412.58,0,2086.71
2005,694,30.6,35.7,2973.1,0,1335.11
2006,615,65.2,43.7,2601.77,0,1721.71
2007,716,102.0,43.9,4926.35,1,3478.27
2008,737,54.4,55.2,4333.42,1,5330.36
2009,706,59.1,18.0,4717.77,1,3327.03
2010,700,51.7,36.4,4177.31,1,3144.17
2011,727,107.9,56.0,5164.49,1,3281.08
2012,681,55.4,18.3,2596.01,0,847.67
2013,752,75.2,49.5,5196.56,1,4037.13
2014,745,53.1,64.6,4676.18,1,3617.76
2015,694,84.3,63.7,4567.3,0,3515.87
2016,683,48.7,41.7,3052.19,0,2584.07
2017,753,100.0,34.8,5114.22,1,4391.84
2018,785,74.1,41.6,4826.56,1,4434.61
2019,752,89.1,41.4,5290.47,1,2850.79
2020,774,79.2,33.1,5441.8,1,5735.6
2021,768,67.7,43.7,4826.86,1,3237.12
2022,691,108.3,24.1,4300.62,0,2422.5
2023,708,71.4,29.9,3674.71,1,3393.52
2024,685,57.6,36.7,3577.84,0,2349.78
2025,702,47.1,42.7,3097.94,1,3684.65
2026,735,82.1,40.7,6086.88,1,3957.05
2027,692,53.2,32.1,3986.12,0,2092.29
2028,749,58.7,53.2,5039.51,1,4738.81
2029,694,95.2,37.5,4676.96,0,1290.07
2030,717,57.0,37.9,2947.51,1,796.84
2031,711,79.0,38.0,3574.66,1,2508.06
2032,773,101.8,39.6,6061.82,1,3940.3
2033,725,73.9,36.3,3992.07,1,4839.71
2034,698,69.4,44.7,6629.59,0,3988.55
2035,715,65.8,34.7,3184.21,1,3287.44
2036,661,88.3,42.2,2460.0,0,269.04
2037,694,27.3,46.2,2023.41,0,471.81
2038,600,52.2,57.9,3846.1,0,2579.43
2039,656,104.5,46.2,6015.23,0,3515.17
2040,803,48.4,28.4,3601.71,1,3595.13
2041,631,59.6,41.2,1860.31,0,464.21
2042,764,121.3,45.2,6694.71,1,4604.82
2043,642,37.6,43.1,1563.45,0,770.82
2044,850,116.5,51.5,7408.41,1,5428.54
2045,654,38.8,49.7,4026.63,0,1386.06
2046,748,118.9,40.6,6257.61,1,4997.87
2047,758,33.3,43.3,4075.71,1,3593.32
2048,681,65.8,38.5,4481.65,0,2934.88
2049,705,41.8,50.6,4182.8,1,3425.78
2050,706,68.8,24.5,6161.98,1,2143.06
2051,731,89.3,52.1,5217.3,1,4254.85
2052,746,47.8,70.2,4604.29,1,3110.45
2053,653,51.7,34.2,3053.89,0,2615.06
2054,749,99.9,32.1,3540.83,1,2909.3
2055,731,94.2,51.5,6438.22,1,4992.31
2056,678,97.2,37.8,4646.84,0,3271.37
2057,706,103.0,44.7,5566.39,1,3141.36
2058,763,59.1,40.8,5669.72,1,3943.54
2059,709,91.7,26.7,4626.46,1,3255.48
2060,664,27.7,36.6,4500.44,0,2317.19
2061,656,70.2,42.6,3369.54,0,1089.82
2062,714,69.9,54.1,5020.55,1,3466.23
2063,782,82.4,64.7,4714.7,1,4260.02
2064,699,91.8,32.5,5663.26,0,3383.2
2065,650,40.5,64.3,3114.97,0,1817.03
2066,573,28.3,34.4,2227.67,0,18.88
2067,710,89.0,69.5,3979.23,1,3538.88
2068,681,80.9,48.8,4588.33,0,2775.34
2069,692,71.1,47.4,5258.53,0,3101.06
2070,702,77.2,51.4,3479.34,1,2664.76
2071,708,69.4,52.0,4340.53,1,3496.93
2072,745,89.0,47.0,5415.05,1,3970.27
2073,705,65.9,38.6,2587.84,1,2935.91
2074,651,80.1,46.5,4347.42,0,2096.63
2075,727,62.2,32.7,4437.79,1,2062.6
2076,740,81.9,39.3,4253.19,1,3183.19
2077,691,31.5,22.7,3760.55,0,3052.46
2078,656,28.9,47.7,3102.78,0,1630.01
2079,697,111.9,71.8,5114.05,0,3229.62
2080,564,26.2,54.2,1902.71,0,1453.24
2081,768,85.9,36.4,4673.65,1,3784.46
2082,693,55.5,50.6,3076.6,0,1547.68
2083,634,24.7,28.4,3630.62,0,1249.34
2084,629,85.7,52.6,3862.3,0,1149.21
2085,666,38.8,36.0,3330.88,0,2163.88
2086,729,105.7,35.9,5176.56,1,3783.09
2087,755,66.4,34.4,6550.28,1,4176.96
2088,751,93.9,33.2,3859.49,1,3022.45
2089,762,101.1,25.1,5495.19,1,3307.42
2090,582,57.5,56.5,4052.41,0,1582.36
2091,682,100.0,45.2,5082.26,0,2252.99
2092,680,91.9,51.5,5208.26,0,2455.48
2093,715,91.8,53.7,4681.18,1,2963.53
2094,741,69.5,45.4,4342.89,1,4075.25
2095,778,73.5,37.0,3883.72,1,2542.78
2096,614,63.7,30.9,3014.42,0,1928.5
2097,713,63.8,38.1,3241.5,1,3545.19
2098,631,70.9,56.4,3612.85,0,2136.07
2099,710,50.7,49.9,3603.18,1,2714.52
2100,719,27.2,39.4,3504.59,1,3288.68
2101,705,81.3,42.1,5870.12,1,4667.14
2102,595,44.0,39.3,1535.11,0,1388.07
2103,769,74.5,42.4,4473.63,1,4029.12
2104,733,62.9,41.3,4584.37,1,2958.37
2105,718,56.2,45.6,5288.33,1,4093.79
2106,646,95.1,41.5,5623.44,0,3542.24
2107,749,84.3,45.4,5051.9,1,3132.58
2108,771,51.2,46.6,3066.44,1,3049.91
2109,702,85.5,47.1,4452.3,1,3340.29
2110,749,30.6,31.2,3294.93,1,2405.91
2111,748,67.2,37.9,5882.42,1,3927.62
2112,785,85.7,41.0,6822.12,1,5061.65
2113,688,77.3,44.8,4215.36,0,2588.37
2114,698,40.3,26.4,3330.06,0,1738.98
2115,653,42.9,51.5,2535.61,0,1728.48
2116,596,53.4,35.8,3896.5,0,2789.75
2117,691,27.2,31.4,365.44,0,582.9
2118,744,62.0,60.7,5964.8,1,3194.09
2119,626,51.3,44.6,3565.28,0,2930.97
2120,676,38.9,29.8,3866.83,0,2355.11
2121,753,77.7,35.8,5910.49,1,5293.18
2122,759,82.6,53.9,3980.93,1,3131.87
2123,730,65.1,59.2,4050.14,1,3444.22
2124,693,39.1,33.6,3737.98,0,1648.87
2125,777,83.0,47.9,6419.07,1,4290.52
2126,664,70.9,36.3,4954.1,0,3676.87
2127,693,107.2,43.2,5255.87,0,2747.84
2128,748,40.8,44.3,3606.02,1,2814.79
2129,629,44.4,39.2,2968.7,0,645.57
2130,672,59.3,40.7,2997.4,0,1524.0
2131,658,84.3,56.6,3606.51,0,2069.36
2132,629,51.3,50.0,4296.75,0,2763.05
2133,719,42.9,68.1,5373.1,1,2580.57
2134,631,96.2,28.7,4299.16,0,2332.38
2135,609,52.2,49.3,2399.97,0,689.92
2136,703,43.6,59.3,4765.61,1,2527.39
2137,718,72.6,35.9,4281.2,1,4011.41
2138,631,43.4,51.6,2668.21,0,1395.22
2139,669,65.4,35.9,4137.16,0,2565.68
2140,716,68.5,51.4,3742.49,1,3103.56
2141,748,60.8,18.0,6984.77,1,5177.66
2142,736,71.9,41.5,3868.5,1,2368.27
2143,689,42.0,41.7,4115.56,0,1680.88
2144,641,42.4,38.0,2950.06,0,1230.36
2145,817,68.4,56.2,5974.53,1,4600.11
2146,659,57.7,36.7,1733.58,0,1808.39
2147,704,75.0,29.2,3542.59,1,2682.88
2148,648,36.8,53.6,4510.45,0,3141.62
2149,620,51.9,47.6,2260.88,0,694.62
2150,724,63.0,20.6,3415.41,1,3179.67
2151,662,46.0,22.5,3311.06,0,1313.92
2152,622,62.9,50.4,4869.5,0,2346.66
2153,783,40.2,33.5,5062.29,1,3714.88
2154,750,86.4,49.6,5803.79,1,3562.14
2155,698,79.4,59.1,4112.17,0,2531.39
2156,741,79.4,53.6,5657.09,1,4496.99
2157,692,86.6,37.3,4231.92,0,3338.24
2158,699,95.3,41.1,4030.99,0,1268.41
2159,709,64.3,28.1,4738.96,1,3314.63
2160,777,56.9,28.1,5713.25,1,3800.34
2161,707,63.5,58.6,4703.49,1,2607.98
2162,601,65.8,51.8,3510.86,0,2215.72
2163,611,18.0,43.7,3238.0,0,633.5
2164,743,106.1,22.4,5351.68,1,3596.51
2165,701,62.4,44.7,3339.67,1,3380.96
2166,676,62.8,36.5,3627.47,0,1632.7
2167,709,78.3,42.6,4321.62,1,3106.42
2168,729,56.0,36.7,2992.35,1,1724.75
2169,696,76.4,40.3,4545.21,0,2542.96
2170,720,51.4,51.2,4606.56,1,3026.21
2171,672,78.2,56.6,4941.01,0,4129.42
2172,798,50.6,50.6,4833.49,1,3086.4
2173,720,82.7,40.2,4004.73,1,2044.82
2174,685,60.1,48.6,4319.37,0,2731.41
2175,765,117.6,53.1,4887.52,1,4009.49
2176,681,46.9,43.5,3456.73,0,2222.54
2177,693,41.0,34.6,3470.82,0,1558.56
2178,720,89.9,36.5,5081.91,1,3616.5
2179,676,100.9,54.1,3484.53,0,3104.6
2180,734,76.7,34.8,6051.42,1,4369.08
2181,678,103.3,47.8,5044.48,0,2918.75
2182,709,27.6,57.5,2591.96,1,3600.42
2183,708,43.0,40.7,1721.62,1,1167.95
2184,701,63.5,45.1,3099.91,1,2555.55
2185,641,55.6,56.1,3841.1,0,2073.35
2186,723,86.8,39.6,5593.06,1,4138.02
2187,700,61.2,37.3,2990.33,1,3128.58
2188,793,56.9,50.6,5519.02,1,3847.86
2189,681,26.8,35.0,2789.74,0,2359.68
2190,718,61.2,34.7,4974.58,1,4100.86
2191,688,51.4,36.0,3310.08,0,2151.38
2192,787,90.3,57.7,6455.84,1,4168.29
2193,759,71.1,60.6,4896.97,1,3297.18
2194,690,49.8,38.8,3933.16,0,2531.36
2195,738,82.0,45.7,5239.21,1,2906.72
2196,668,54.3,35.0,3652.55,0,2908.26
2197,614,26.6,51.3,1008.85,0,921.53
2198,729,52.7,40.8,5711.61,1,3233.16
2199,710,46.0,36.9,3887.06,1,3982.95
2200,723,98.1,44.5,5038.01,1,3011.21
2201,748,42.4,41.2,2694.17,1,1302.8
2202,791,125.0,42.6,5317.12,1,3511.77
2203,671,89.9,55.1,4679.35,0,3905.88
2204,670,63.9,40.5,3753.48,0,2704.9
2205,735,89.9,54.2,4921.25,1,4545.75
2206,707,97.8,32.3,4501.69,1,3527.4
2207,633,57.8,45.2,2592.99,0,1014.66
2208,702,93.5,48.4,5489.51,1,4393.96
2209,723,64.9,54.5,3449.26,1,2904.77
2210,620,57.2,45.4,2867.85,0,545.0
2211,682,33.4,47.3,2744.74,0,1410.93
2212,645,91.9,32.8,4415.88,0,2706.77
2213,783,90.8,30.3,6137.12,1,3235.54
2214,653,54.0,40.4,2740.42,0,2442.42
2215,726,91.3,32.2,3817.05,1,3490.34
2216,811,92.2,31.3,7485.7,1,5824.54
2217,747,136.4,35.3,5530.91,1,4340.44
2218,687,47.9,37.4,2300.1,0,2064.02
2219,669,66.6,41.5,1963.79,0,984.98
2220,677,53.2,69.2,4627.33,0,2169.63
2221,650,77.2,45.3,4986.7,0,1712.45
2222,768,61.9,53.2,4351.6,1,3172.58
2223,592,50.8,45.0,2328.64,0,1864.0
2224,728,92.9,48.3,5334.26,1,4569.98
2225,803,55.0,40.0,4476.34,1,4111.13
2226,791,79.1,37.8,6322.04,1,4699.79
2227,605,49.7,38.6,2530.46,0,1117.74
2228,739,80.0,37.7,4684.83,1,4373.76
2229,728,87.0,34.3,5293.26,1,5047.14
2230,796,70.9,50.3,5299.3,1,4379.22
2231,721,80.7,29.7,5171.93,1,4042.46
2232,709,65.9,37.8,3891.47,1,3973.46
2233,799,67.3,53.0,5090.97,1,3826.68
2234,698,62.2,36.7,3797.05,0,2540.6
2235,643,76.6,38.3,2162.62,0,846.79
2236,765,64.4,20.8,6098.85,1,4530.81
2237,722,66.2,44.4,4185.97,1,3527.39
2238,659,56.5,52.2,3968.69,0,2555.9
2239,702,30.5,33.3,1468.27,1,2264.63
2240,653,26.1,50.3,3832.6,0,2733.92
2241,737,80.9,37.9,5368.34,1,3567.42
2242,737,97.6,31.7,5274.23,1,2876.57
2243,721,69.0,51.2,4898.89,1,3314.06
2244,630,54.1,39.0,1293.97,0,330.98
2245,778,51.4,69.7,4339.89,1,2969.84
2246,729,72.3,48.5,4105.15,1,3328.48
2247,639,86.0,37.3,3466.19,0,1451.37
2248,706,54.3,43.2,4358.69,1,2342.51
2249,669,44.7,34.0,4535.79,0,2861.52
2250,675,65.4,49.2,3697.39,0,1457.45
2251,735,71.8,18.0,4790.4,1,3284.51
2252,690,69.9,28.4,4179.12,0,2915.23
2253,750,94.6,42.0,5281.56,1,2708.5
2254,654,18.0,20.2,3308.82,0,3811.24
2255,618,64.0,61.1,2549.33,0,2023.08
2256,638,48.4,25.6,2436.42,0,1064.0
2257,753,105.1,37.1,4660.5,1,2974.3
2258,707,81.1,53.1,4288.77,1,3248.97
2259,788,75.7,41.7,4913.29,1,3754.7
2260,747,91.1,46.2,4836.16,1,2956.15
2261,744,60.5,56.4,3709.32,1,2198.18
2262,669,72.2,43.8,4414.95,0,3241.09
2263,737,100.8,46.4,5546.11,1,2959.51
2264,768,87.0,39.7,5226.4,1,4222.78
2265,721,85.2,46.1,5351.64,1,3513.44
2266,608,18.9,63.3,2539.51,0,1265.86
2267,690,47.4,43.1,3316.44,0,1440.63
2268,754,84.8,29.4,3043.38,1,2141.68
2269,663,46.1,61.8,3256.44,0,1979.52
2270,661,63.7,31.1,4408.13,0,2150.21
2271,738,46.6,48.9,3201.77,1,3426.4
2272,757,119.3,52.1,5916.41,1,3108.31
2273,798,113.5,40.2,4188.8,1,3094.28
2274,707,54.8,44.7,4104.59,1,3535.46
2275,800,74.9,31.5,5114.96,1,3883.11
2276,714,39.8,33.1,4251.09,1,2549.21
2277,723,73.5,43.5,5315.85,1,3404.8
2278,654,82.6,33.0,5014.41,0,3675.75
2279,695,86.4,42.7,4998.92,0,3887.73
2280,600,45.0,26.5,2085.69,0,621.22
2281,596,89.9,55.5,2200.58,0,784.86
2282,685,52.2,50.9,3494.23,0,2795.1
2283,744,88.4,52.0,4591.53,1,3213.28
2284,709,81.9,57.4,5033.63,1,3109.55
2285,680,48.9,44.7,2623.9,0,1875.22
2286,704,58.9,42.5,3943.89,1,3379.63
2287,670,18.3,45.1,2007.38,0,750.99
2288,675,23.1,66.3,4178.8,0,3405.21
2289,772,83.8,34.5,5305.86,1,3167.22
2290,736,101.3,62.7,5559.63,1,4173.92
2291,750,87.9,54.3,6020.49,1,3192.63
2292,648,26.0,42.4,3058.46,0,1971.74
2293,746,102.8,28.5,5130.81,1,4289.78
2294,731,50.6,32.9,4737.3,1,2663.6
2295,751,64.8,46.9,3617.72,1,2664.63
2296,768,75.5,35.6,6563.25,1,4295.62
2297,707,37.2,38.9,2876.52,1,3852.88
2298,796,104.7,53.3,6084.88,1,5510.57
2299,695,41.7,39.4,3705.83,0,1582.21
2300,634,36.0,21.6,2333.56,0,2124.83
2301,632,39.4,49.5,2831.68,0,1721.45
2302,774,77.9,55.6,5335.27,1,2717.32
2303,571,33.4,45.4,1541.84,0,1448.95
2304,620,70.7,18.0,4002.59,0,2078.65
2305,701,68.7,45.7,4707.74,1,2726.47
2306,764,103.5,45.1,7046.54,1,4962.28
2307,636,69.5,53.8,4606.4,0,1771.05
2308,670,18.0,62.9,3035.19,0,2039.75
2309,791,72.5,35.0,6463.48,1,4718.41
2310,717,90.3,22.9,5179.92,1,4453.78
2311,707,66.0,37.9,3969.91,1,2142.18
2312,734,55.1,50.6,5501.69,1,3258.33
2313,732,58.7,46.5,5313.16,1,3078.9
2314,696,45.2,55.3,3020.96,0,1662.83
2315,670,72.7,36.0,4323.29,0,2400.96
2316,735,94.3,59.8,4985.07,1,4139.08
2317,738,92.4,33.0,4211.54,1,3125.76
2318,768,97.5,62.7,5355.18,1,3786.34
2319,755,60.7,34.5,4305.93,1,3471.78
2320,647,48.8,47.3,3473.52,0,1851.78
2321,789,88.9,33.0,5591.98,1,3734.53
2322,651,62.5,50.3,3090.67,0,3801.09
2323,535,59.6,27.3,2185.73,0,591.18
2324,684,92.9,53.4,5436.6,0,3500.38
2325,734,78.1,36.4,6320.09,1,4266.17
2326,843,86.1,35.4,7029.9,1,4720.14
2327,707,67.4,40.3,4120.39,1,3310.66
2328,687,51.0,54.4,3967.33,0,2391.39
2329,685,77.5,34.9,3051.9,0,2641.43
2330,766,75.0,36.1,6359.75,1,2901.01
2331,750,65.1,40.2,2930.19,1,2116.24
2332,770,46.9,54.2,5310.28,1,3836.15
2333,716,57.6,62.4,4185.68,1,2109.01
2334,790,119.0,49.4,5505.42,1,4237.19
2335,683,78.6,21.2,4666.47,0,2794.34
2336,823,111.3,61.4,5313.04,1,2939.07
2337,730,64.0,38.8,3984.33,1,3576.35
2338,667,63.8,38.1,675.6,0,252.37
2339,752,80.4,39.0,4437.85,1,2775.52
2340,688,69.0,56.3,5188.58,0,2906.68
2341,736,48.8,47.2,4567.72,1,3618.77
2342,740,80.0,34.1,3798.41,1,3146.57
2343,754,128.5,36.3,6534.79,1,3586.95
2344,617,55.8,24.1,3235.86,0,1089.43
2345,707,100.4,45.1,5219.73,1,3570.69
2346,743,62.8,44.9,5569.37,1,4502.03
2347,736,108.6,56.0,6062.79,1,3902.83
2348,664,74.2,40.7,3858.6,0,1270.29
2349,699,106.6,29.1,6585.05,0,3748.94
2350,789,73.9,28.0,5024.13,1,3843.16
2351,638,38.4,28.1,2411.97,0,1347.02
2352,752,66.7,44.8,5413.12,1,4840.94
2353,572,18.0,57.0,3324.17,0,970.83
2354,701,95.0,18.5,5130.38,1,3848.09
2355,643,77.6,25.6,4247.16,0,2802.87
2356,733,91.1,51.9,3597.61,1,3302.14
2357,744,95.0,41.0,6061.6,1,2571.35
2358,767,48.6,40.9,5287.28,1,3823.86
2359,740,121.7,36.0,6398.11,1,3772.54
2360,719,46.6,40.7,3686.33,1,3241.35
2361,650,49.3,44.2,2698.03,0,2659.06
2362,691,36.1,43.1,4025.36,0,2586.09
2363,721,69.9,44.6,4068.58,1,3737.05
2364,665,104.1,43.2,5074.79,0,2964.55
2365,759,103.9,31.8,6073.08,1,3951.96
2366,699,42.3,49.9,5601.46,0,2184.65
2367,578,71.4,39.8,1976.2,0,784.46
2368,713,70.1,45.4,4845.61,1,3396.38
2369,781,113.8,23.2,6462.5,1,3940.22
2370,686,63.1,44.3,4877.99,0,2979.13
2371,634,20.8,43.9,3498.03,0,2017.54
2372,755,97.1,39.3,4562.07,1,4272.57
2373,675,80.6,45.2,2914.36,0,1322.13
2374,653,83.3,42.1,2307.06,0,1478.45
2375,701,98.1,49.6,5914.1,1,4558.13
2376,666,57.6,48.6,5243.29,0,2147.5
2377,699,62.3,52.3,3790.33,0,1658.18
2378,636,34.6,48.8,1679.12,0,1326.03
2379,778,75.4,57.6,5767.64,1,4454.88
2380,688,43.1,50.3,1571.5,0,2039.55
2381,740,84.1,41.0,4332.23,1,2977.12
2382,776,74.3,50.2,6506.56,1,4320.24
2383,673,53.7,39.8,4077.14,0,2801.92
2384,769,74.6,44.5,4934.23,1,4074.27
2385,751,118.2,44.6,4459.25,1,2618.8
2386,682,41.0,34.1,5623.77,0,3888.85
2387,646,18.0,40.6,3111.22,0,1992.18
2388,724,92.3,55.5,6599.04,1,4626.56
2389,628,26.3,53.0,1979.01,0,1825.21
2390,777,125.0,49.9,5512.02,1,4868.0
2391,619,48.1,56.5,2564.5,0,2304.27
2392,733,91.0,45.2,4343.3,1,3030.09
2393,732,71.4,47.9,4265.58,1,2437.66
2394,829,64.8,43.3,5808.41,1,4053.62
2395,648,72.2,51.1,5181.98,0,3129.14
2396,732,105.1,44.5,7553.63,1,5009.85
2397,706,84.1,30.6,5365.73,1,2734.32
2398,807,80.6,57.2,5697.23,1,4021.79
2399,753,64.4,40.7,4859.58,1,4323.66
2400,731,78.1,54.7,5063.73,1,4481.7
2401,625,94.2,54.7,2904.68,0,2784.72
2402,664,18.0,57.1,2010.33,0,1088.65
2403,667,82.3,30.7,5236.66,0,4234.73
2404,750,80.5,46.0,4175.95,1,3328.77
2405,776,63.7,61.5,3493.17,1,2971.91
2406,652,77.8,41.4,2520.98,0,2521.72
2407,712,47.9,49.6,4221.32,1,3240.24
2408,777,128.3,30.2,6508.05,1,3840.31
2409,719,46.6,47.2,3300.42,1,3865.94
2410,694,74.7,41.5,3705.09,0,2375.93
2411,676,114.2,40.1,5954.97,0,3537.82
2412,746,49.6,26.0,2900.24,1,3676.61
2413,687,95.1,57.7,3231.91,0,1959.12
2414,734,29.3,58.3,2639.67,1,2706.13
2415,631,42.4,37.3,4025.29,0,2840.64
2416,699,38.5,37.3,3586.63,0,2642.5
2417,611,50.0,41.5,3322.03,0,704.83
2418,638,80.5,55.5,2704.15,0,479.07
2419,722,53.1,35.5,3121.43,1,1881.79
2420,659,77.8,46.0,2921.34,0,1954.82
2421,687,67.7,27.2,4060.74,0,3038.34
2422,719,59.2,37.9,4625.18,1,2958.82
2423,640,45.1,32.0,4062.11,0,1334.97
2424,752,60.5,40.0,3947.14,1,3026.43
2425,755,102.3,45.0,4299.2,1,2261.23
2426,685,59.5,39.4,2753.52,0,2438.67
2427,718,73.9,44.9,3346.63,1,2112.43
2428,688,81.1,30.6,3878.21,0,1129.26
2429,713,50.9,46.2,3988.89,1,1814.73
2430,587,70.5,19.2,3795.88,0,2692.82
2431,714,74.3,40.9,4560.95,1,3069.5
2432,687,72.1,28.8,4348.86,0,2356.92
2433,713,32.0,39.5,3241.03,1,2100.42
2434,702,63.3,27.9,3966.92,1,2451.36
2435,757,48.4,57.9,4685.17,1,3584.54
2436,735,115.6,25.1,6040.16,1,3866.37
2437,609,70.7,33.9,3094.3,0,1641.91
2438,746,64.9,27.7,4213.07,1,3195.15
2439,675,52.9,47.6,4894.42,0,3008.58
2440,668,91.5,40.9,4687.24,0,2844.49
2441,674,55.8,38.9,3673.54,0,1257.55
2442,746,20.7,18.0,3384.77,1,2427.89
2443,725,68.5,32.2,3380.86,1,3425.11
2444,683,44.2,36.4,2487.76,0,1880.02
2445,676,74.9,35.9,3142.18,0,2750.01
2446,771,122.5,40.7,6101.65,1,4097.88
2447,850,98.0,40.5,5477.46,1,6034.68
2448,716,91.5,46.5,5343.79,1,4945.41
2449,790,135.9,60.3,7126.56,1,5349.01
2450,750,89.3,45.6,7227.39,1,3983.66
2451,785,70.4,42.1,3850.16,1,3881.79
2452,719,81.5,58.5,4597.61,1,2189.5
2453,727,80.1,63.4,3531.37,1,3244.94
2454,708,113.0,55.3,6143.46,1,4909.21
2455,700,109.6,28.2,4410.64,1,2668.06
2456,676,54.7,35.4,4030.46,0,2019.8
2457,677,48.5,48.1,3753.1,0,2172.02
2458,711,64.4,53.1,5103.07,1,3482.51
2459,743,145.9,25.8,5180.14,1,3432.33
2460,739,108.2,52.3,5258.54,1,3730.35
2461,801,92.6,45.2,7098.84,1,4546.59
2462,703,33.5,42.8,3028.98,1,2275.73
2463,672,74.9,50.7,4415.25,0,3020.65
2464,774,88.8,32.4,4035.37,1,2935.98
2465,654,61.5,50.7,1915.3,0,1293.62
2466,687,57.1,45.6,3715.46,0,2906.42
2467,714,74.4,55.2,4357.9,1,3664.92
2468,715,52.1,28.4,5111.93,1,3754.76
2469,629,25.9,53.4,3704.21,0,1744.77
2470,727,68.5,46.2,3422.13,1,2606.21
2471,726,32.3,27.7,3714.6,1,2951.93
2472,703,53.0,40.3,4942.7,1,3345.59
2473,724,81.5,36.6,5719.55,1,3677.23
2474,735,75.0,47.6,5060.43,1,4039.6
2475,765,97.4,48.6,4330.45,1,3086.09
2476,703,83.3,45.8,5749.41,1,4567.53
2477,639,66.4,55.2,3764.32,0,1484.98
2478,740,87.7,40.4,6764.84,1,4078.72
2479,765,107.0,46.6,4602.44,1,3450.77
2480,765,81.0,54.3,5049.72,1,3554.13
2481,602,68.4,54.4,2448.8,0,1740.04
2482,683,61.8,63.2,4377.5,0,2055.7
2483,630,70.5,57.9,3020.35,0,2080.38
2484,626,57.9,29.9,3353.41,0,2182.16
2485,624,58.7,45.4,4764.22,0,2685.72
2486,671,72.8,33.2,5474.93,0,2656.33
2487,740,74.9,38.0,4775.56,1,4499.72
2488,637,64.2,42.3,2868.92,0,1217.8
2489,627,74.0,28.6,3813.64,0,2113.98
2490,627,56.3,51.3,3936.91,0,847.77
2491,744,81.9,22.6,4936.68,1,4292.73
2492,717,78.0,34.2,6589.5,1,3682.98
2493,625,75.3,18.0,3652.98,0,1416.0
2494,707,66.3,57.6,4778.92,1,2654.88
2495,600,60.7,42.2,3664.29,0,1393.71
2496,729,110.6,35.2,4570.7,1,2838.01
2497,742,59.3,43.3,3538.28,1,2579.74
2498,653,59.4,57.1,3985.9,0,1104.71
2499,695,88.8,41.0,4177.12,0,906.43
2500,793,65.5,48.5,4411.27,1,4126.68
2501,616,39.2,36.6,2267.86,0,488.41
2502,689,112.0,48.8,5629.01,0,2934.18
2503,723,36.0,56.5,3508.09,1,3152.97
2504,694,97.5,33.4,5181.82,0,2812.1
2505,711,110.8,43.7,6035.34,1,3162.54
2506,649,18.0,47.6,2069.71,0,2609.64
2507,641,79.7,44.9,3830.89,0,2352.2
2508,721,71.9,51.9,6044.96,1,3902.75
2509,647,27.2,50.4,2891.54,0,1618.92
2510,678,47.7,24.0,4090.41,0,1518.7
2511,765,64.4,26.5,6733.74,1,3708.38
2512,727,90.3,28.5,5080.56,1,4007.02
2513,782,123.6,48.8,5577.8,1,3214.42
2514,628,72.3,19.2,2999.25,0,3107.59
2515,641,57.1,52.1,4467.43,0,2942.17
2516,687,79.4,21.3,2242.15,0,1733.68
2517,699,39.9,60.5,4711.73,0,2102.82
2518,722,66.6,45.5,5314.82,1,3015.34
2519,686,104.2,44.8,4086.8,0,1520.09
2520,666,54.7,57.7,3957.03,0,2205.86
2521,734,70.6,61.1,5003.95,1,3580.1
2522,818,141.9,53.6,7025.01,1,6305.94
2523,723,52.7,35.7,2501.08,1,2995.11
2524,691,59.7,43.4,3656.02,0,1438.49
2525,693,62.9,25.6,4993.19,0,2642.86
2526,718,91.2,44.9,5133.74,1,3881.09
2527,783,103.0,37.9,6271.07,1,4472.52
2528,682,66.3,43.1,5184.84,0,3392.18
2529,736,56.4,40.0,5458.84,1,3348.68
2530,679,85.7,37.6,5892.95,0,3436.03
2531,742,46.3,51.9,3266.15,1,3684.1
2532,730,57.2,54.6,2822.57,1,3044.81
2533,674,74.2,57.7,5398.85,0,2302.17
2534,745,64.0,43.3,4185.9,1,3636.36
2535,623,65.2,33.4,3193.33,0,1600.12
2536,678,20.5,38.6,2462.25,0,2233.15
2537,794,53.7,36.6,3739.3,1,4091.62
2538,697,35.6,42.3,4251.72,0,2592.43
2539,802,104.3,38.3,6598.3,1,4663.76
2540,744,51.3,39.3,3539.54,1,2312.19
2541,748,136.6,47.8,4786.94,1,3622.84
2542,665,47.6,39.1,3512.13,0,2457.38
2543,716,117.8,50.9,5113.04,1,2880.24
2544,734,49.6,51.0,4030.43,1,2857.39
2545,729,92.6,38.1,5923.69,1,3952.9
2546,718,79.8,54.9,4610.32,1,4130.49
2547,646,77.6,40.9,2572.14,0,2138.17
2548,694,41.5,39.6,4092.37,0,3762.67
2549,705,92.9,18.0,5981.39,1,4090.54
2550,661,70.3,37.9,4411.93,0,2286.86
2551,696,66.4,31.5,3698.22,0,2518.77
2552,656,62.4,40.6,4026.15,0,1554.1
2553,729,58.5,37.0,3139.82,1,2822.88
2554,741,93.5,56.2,5305.99,1,3443.98
2555,656,60.5,55.7,3918.74,0,1283.75
2556,593,90.6,46.4,3561.54,0,1884.39
2557,660,65.1,45.3,4069.68,0,1412.36
2558,757,105.2,49.8,5111.39,1,4685.73
2559,744,92.6,51.2,4447.49,1,3218.31
2560,703,93.9,40.4,4554.78,1,3819.32
2561,618,70.6,55.7,3883.42,0,1656.07
2562,723,45.0,18.6,4415.42,1,3259.56
2563,736,72.9,43.4,4884.68,1,3541.43
2564,682,85.9,43.2,4075.72,0,3320.73
2565,726,91.7,53.6,5450.14,1,3360.99
2566,660,78.0,29.5,3106.74,0,1155.45
2567,721,80.3,38.9,3905.33,1,3118.94
2568,705,53.7,43.1,3592.18,1,2394.77
2569,627,61.7,46.1,2259.34,0,1718.96
2570,717,66.4,45.7,4509.83,1,2428.21
2571,684,58.2,44.1,2677.45,0,11.54
2572,569,46.3,26.2,3200.58,0,1170.22
2573,664,43.7,28.4,3674.85,0,1692.34
2574,631,47.3,43.1,2756.19,0,1989.91
2575,708,61.2,37.6,2168.72,1,1394.35
2576,699,109.1,36.0,3375.35,0,2636.09
2577,729,90.6,31.4,5598.54,1,3109.83
2578,808,107.9,39.4,5785.9,1,4782.98
2579,721,85.7,52.1,4513.29,1,3636.11
2580,676,97.6,58.2,5231.08,0,3542.63
2581,726,78.8,18.0,5659.61,1,3135.9
2582,672,75.2,59.9,5402.23,0,3249.01
2583,746,96.1,56.2,6073.77,1,3964.07
2584,685,50.6,39.8,4130.39,0,1664.51
2585,681,18.0,50.3,3238.81,0,2106.74
2586,647,76.6,53.2,3733.02,0,2576.18
2587,692,88.0,32.6,3953.29,0,2193.78
2588,715,37.2,21.7,5311.98,1,3632.7
2589,693,52.3,33.8,4133.15,0,3248.64
2590,697,85.5,50.8,4986.41,0,4141.75
2591,670,44.7,48.5,4221.13,0,2595.16
2592,684,105.4,52.2,4825.43,0,3281.64
2593,705,94.7,47.5,5483.9,1,2775.89
2594,653,57.1,40.4,2926.8,0,2988.43
2595,707,62.3,40.9,5090.3,1,2772.35
2596,752,54.6,32.8,4910.84,1,3846.3
2597,711,88.0,64.2,4161.92,1,3223.24
2598,652,59.9,45.5,3453.6,0,2469.46
2599,794,77.0,46.1,4720.72,1,3325.16
2600,700,64.6,30.4,3781.93,1,2543.68
2601,709,65.9,49.6,4843.8,1,3684.07
2602,711,66.5,49.4,5464.24,1,2168.96
2603,756,77.2,45.4,6510.23,1,5494.75
2604,671,73.1,44.2,4774.35,0,2554.68
2605,660,85.3,31.8,5582.69,0,2669.69
2606,683,81.4,18.0,5364.03,0,2981.86
2607,718,99.2,44.6,6266.19,1,3683.23
2608,743,89.6,41.0,5407.28,1,3287.46
2609,734,87.3,30.8,6279.6,1,3731.6
2610,747,68.6,24.6,6349.58,1,4375.39
2611,691,50.7,45.9,4340.13,0,3721.54
2612,789,76.8,27.9,6588.1,1,4351.11
2613,630,101.2,25.2,4642.45,0,2580.62
2614,757,66.7,31.4,6896.77,1,5362.91
2615,722,18.7,57.7,2249.77,1,2621.35
2616,778,106.8,57.3,5570.16,1,4297.8
2617,701,64.6,32.6,3402.88,1,2252.24
2618,710,41.0,35.7,3398.14,1,3116.05
2619,611,60.0,41.8,5093.22,0,2253.75
2620,747,79.2,39.1,2873.54,1,2490.07
2621,634,37.0,53.7,5321.79,0,1867.0
2622,661,59.2,48.7,2542.09,0,2052.06
2623,621,37.2,32.7,3773.55,0,1620.88
2624,652,18.0,18.0,3169.48,0,2527.94
2625,630,18.0,36.5,2919.78,0,603.33
2626,739,22.2,53.8,2999.24,1,2497.69
2627,663,96.5,32.0,4754.82,0,2755.02
2628,719,25.1,54.5,3724.23,1,3561.38
2629,684,63.4,53.6,4097.47,0,3706.26
2630,659,32.4,39.8,3407.91,0,2154.14
2631,671,57.6,36.5,3618.75,0,2449.95
2632,758,86.8,19.0,4558.76,1,3805.88
2633,681,23.3,60.6,4243.69,0,2484.98
2634,692,47.0,37.9,4237.23,0,2589.13
2635,698,64.4,53.5,5745.39,0,2930.98
2636,754,79.2,34.6,4593.1,1,3489.45
2637,520,46.4,29.4,3270.24,0,207.24
2638,743,65.1,47.1,3616.82,1,3111.31
2639,721,50.6,39.4,3292.98,1,2425.04
2640,684,65.6,31.2,3346.74,0,2184.81
2641,590,66.2,54.8,3914.02,0,2148.09
2642,761,104.7,28.8,3880.99,1,4078.46
2643,658,77.3,35.5,4073.34,0,2144.04
2644,625,18.0,48.1,4095.03,0,2355.69
2645,736,87.7,34.2,5841.37,1,4387.73
2646,630,53.2,22.3,3738.21,0,2411.19
2647,764,110.9,58.1,7028.91,1,4185.86
2648,688,86.9,44.3,4898.69,0,2608.63
2649,651,44.4,37.9,3678.41,0,1337.46
2650,613,71.5,49.7,2837.76,0,1157.14
2651,684,66.4,61.8,4367.34,0,3812.93
2652,657,41.2,50.6,3286.7,0,2956.44
2653,637,58.6,42.7,3951.82,0,3358.85
2654,618,48.9,26.9,5388.98,0,3502.93
2655,686,40.2,35.2,3748.92,0,2907.63
2656,729,55.3,18.0,5559.93,1,3255.94
2657,659,29.3,30.9,1330.71,0,959.75
2658,582,18.0,42.6,2729.56,0,-231.84
2659,692,58.4,57.0,3730.54,0,2292.75
2660,603,38.5,51.6,3139.52,0,2154.64
2661,687,50.2,53.1,2987.26,0,1655.6
2662,642,68.3,51.0,2356.92,0,1801.65
2663,766,67.3,46.4,4344.19,1,4149.06
2664,723,104.6,32.9,5674.53,1,3672.1
2665,692,84.4,44.1,3127.85,0,2995.02
2666,724,60.4,55.7,4194.5,1,2365.44
2667,757,48.5,49.5,4911.06,1,4293.6
2668,705,106.1,25.1,4487.83,1,3575.91
2669,698,89.1,38.2,4995.89,0,3121.49
2670,742,101.3,56.0,4609.13,1,3442.59
2671,723,53.4,36.3,4374.93,1,3792.71
2672,624,55.7,23.3,3259.59,0,-85.34
2673,709,74.7,34.1,4882.07,1,2923.56
2674,676,18.0,52.5,3995.65,0,2366.61
2675,621,60.8,36.1,2864.77,0,1852.79
2676,741,70.7,48.9,5740.06,1,3386.74
2677,718,55.8,32.2,3880.19,1,1469.44
2678,581,18.0,30.2,2958.59,0,1113.08
2679,688,70.7,37.7,3194.78,0,1521.98
2680,661,70.4,29.7,6027.22,0,2716.05
2681,758,88.7,44.3,5843.6,1,4813.35
2682,638,34.2,37.4,2644.0,0,1073.29
2683,808,70.4,37.9,6670.63,1,5577.68
2684,646,82.3,36.4,4423.6,0,1581.5
2685,647,70.6,42.8,3117.16,0,914.89
2686,737,54.7,49.5,3790.19,1,3144.87
2687,675,48.9,45.2,3394.35,0,3147.18
2688,674,50.8,22.8,4333.23,0,3099.22
2689,619,70.4,48.9,4120.81,0,1876.72
2690,652,67.6,32.4,3359.53,0,2543.96
2691,711,70.0,27.1,4696.93,1,3205.23
2692,709,76.0,38.7,4283.97,1,3228.59
2693,587,105.4,50.9,3056.43,0,1365.04
2694,756,97.2,44.4,4519.85,1,3766.63
2695,753,88.7,63.5,6061.07,1,3177.95
2696,733,56.5,32.8,4232.01,1,3308.85
2697,669,96.9,54.2,4951.36,0,2353.44
2698,765,118.7,42.4,7090.55,1,5264.34
2699,642,18.0,21.4,1400.56,0,649.57
2700,667,68.4,41.6,4962.99,0,2053.43
2701,669,89.7,64.4,4957.49,0,1950.53
2702,791,88.8,27.8,6790.38,1,4916.65
2703,671,73.7,25.5,6061.0,0,1899.83
2704,749,115.7,33.9,6452.71,1,5695.84
2705,644,39.5,35.2,2978.23,0,2718.88
2706,772,99.3,54.4,6225.97,1,4574.07
2707,677,82.9,60.7,4056.81,0,2602.97
2708,732,79.6,55.1,5309.76,1,3871.07
2709,760,77.4,30.3,2645.62,1,2841.68
2710,662,50.2,75.0,3308.4,0,3139.94
2711,676,67.6,25.9,5022.89,0,1822.37
2712,715,56.5,21.5,4970.74,1,3666.7
2713,677,74.3,36.4,3918.88,0,1702.2
2714,729,77.6,40.1,3356.89,1,2428.28
2715,690,36.5,27.6,1898.21,0,832.3
2716,680,65.3,49.3,4850.6,0,2717.33
2717,730,74.2,24.4,3989.33,1,3706.23
2718,630,52.4,31.4,3096.47,0,1418.54
2719,705,23.7,42.8,1152.25,1,1812.53
2720,614,59.9,48.7,2651.2,0,1094.31
2721,658,78.3,48.9,4241.87,0,2703.83
2722,657,61.0,39.9,3104.1,0,2882.01
2723,703,70.1,40.3,5312.97,1,4208.83
2724,663,81.1,32.4,3153.23,0,2612.9
2725,640,48.5,63.0,2178.0,0,2344.32
2726,671,53.0,38.5,4585.56,0,2007.64
2727,656,58.8,32.5,4092.86,0,3336.67
2728,653,18.0,54.2,3252.66,0,2234.71
2729,624,30.1,56.4,915.54,0,467.51
2730,739,45.9,25.7,2989.63,1,3520.95
2731,712,64.6,34.1,4514.98,1,3900.25
2732,662,20.7,40.2,2067.11,0,815.61
2733,636,39.6,57.9,2544.22,0,1214.23
2734,775,50.7,71.4,5618.32,1,3384.54
2735,585,30.5,25.3,2718.89,0,828.79
2736,750,83.0,29.6,4322.18,1,2798.09
2737,741,73.1,42.6,1258.68,1,798.52
2738,705,48.4,59.3,3916.18,1,3340.6
2739,776,96.9,42.8,5133.81,1,3620.53
2740,773,111.2,40.9,6602.85,1,4600.86
2741,605,45.1,30.7,4049.27,0,2300.07
2742,761,51.4,48.9,5159.46,1,3876.73
2743,740,45.9,30.9,3570.05,1,3131.23
2744,618,73.7,62.6,4270.02,0,1717.37
2745,662,58.5,33.7,4104.85,0,2027.0
2746,781,76.0,36.5,5560.37,1,3739.51
2747,678,62.1,46.3,3620.98,0,1888.21
2748,721,61.9,49.9,3480.13,1,2180.91
2749,762,99.6,48.6,3567.38,1,2298.24
2750,775,83.2,45.1,4127.9,1,3385.92
2751,717,46.5,56.1,3581.8,1,4157.3
2752,666,56.9,26.9,4538.66,0,3779.56
2753,738,86.6,35.7,5439.44,1,3983.63
2754,635,65.6,35.4,3791.41,0,2058.8
2755,724,45.9,38.9,5614.13,1,3260.84
2756,734,40.6,68.2,4320.57,1,2907.09
2757,718,72.0,46.2,4490.09,1,3218.28
2758,766,82.7,47.1,6999.85,1,4349.27
2759,687,77.5,44.1,3713.95,0,1566.38
2760,726,60.0,45.4,2919.66,1,2107.66
2761,724,61.6,62.4,4154.48,1,3309.74
2762,753,87.4,38.0,4903.87,1,2912.05
2763,665,100.8,44.4,4871.45,0,4257.08
2764,770,124.8,50.0,7364.22,1,4678.7
2765,691,40.3,38.0,5388.47,0,4380.73
2766,641,53.3,35.1,1562.93,0,1686.8
2767,613,62.5,22.1,2079.41,0,1139.05
2768,782,71.9,51.5,5811.76,1,4503.24
2769,766,82.4,48.7,5007.48,1,4813.44
2770,682,71.2,42.0,4396.46,0,3054.51
2771,702,53.8,61.1,3838.66,1,3880.05
2772,711,43.3,31.9,3330.55,1,2690.58
2773,651,55.4,29.7,3800.36,0,1012.06
2774,707,72.0,53.9,5865.6,1,4486.22
2775,653,47.5,53.6,3246.79,0,1924.92
2776,634,73.0,46.9,2064.63,0,944.53
2777,591,71.0,36.7,3253.3,0,1837.89
2778,652,81.0,43.9,4630.49,0,2201.8
2779,641,77.6,38.0,3979.27,0,2609.74
2780,698,41.7,51.2,3882.54,0,3574.26
2781,727,79.7,42.6,4523.51,1,2173.71
2782,676,121.7,46.9,5359.76,0,3072.26
2783,713,37.0,49.3,3074.9,1,2684.8
2784,783,124.6,61.3,8822.17,1,6052.62
2785,706,93.7,40.8,4882.59,1,3026.8
2786,748,86.4,28.1,6209.03,1,3781.0
2787,649,34.0,49.0,2971.8,0,2362.36
2788,651,57.2,37.8,2942.21,0,2298.9
2789,761,98.2,44.2,4726.01,1,3618.57
2790,653,51.5,36.5,3139.1,0,1195.98
2791,727,47.6,37.7,4425.88,1,3208.69
2792,767,91.2,28.6,4253.02,1,1948.92
2793,693,95.3,33.4,4404.48,0,3711.56
2794,703,76.3,53.2,4335.72,1,3968.82
2795,713,86.8,41.3,2710.3,1,2956.2
2796,689,65.9,29.9,3091.04,0,1787.66
2797,681,52.9,38.0,4674.87,0,3423.88
2798,649,94.3,47.3,3605.39,0,2794.41
2799,781,96.4,35.8,7757.76,1,5148.76
2800,773,68.8,42.9,5311.95,1,4681.81
2801,752,88.0,19.7,5184.27,1,3287.23
2802,635,70.7,37.6,2915.07,0,1816.39
2803,683,38.0,29.5,5293.9,0,2881.89
2804,658,94.9,28.8,4225.26,0,2634.64
2805,712,31.5,64.1,3567.36,1,2097.78
2806,761,91.0,20.7,4262.29,1,5198.32
2807,775,76.7,42.1,4877.18,1,3680.78
2808,677,46.0,56.5,3712.49,0,2711.36
2809,677,84.2,41.7,3998.16,0,1425.3
2810,728,37.6,48.0,5518.83,1,3334.2
2811,774,91.6,37.9,4939.65,1,4548.36
2812,796,81.5,55.6,6055.59,1,3251.71
2813,654,96.4,67.6,3289.2,0,1472.52
2814,721,18.0,29.3,1451.91,1,1879.27
2815,560,18.4,20.1,3066.53,0,803.23
2816,669,51.1,39.0,5186.92,0,2919.47
2817,653,77.0,53.1,3580.36,0,2867.63
2818,723,78.2,24.5,5191.45,1,2416.89
2819,737,24.6,46.8,5672.96,1,4136.8
2820,629,37.9,18.0,3188.24,0,2437.5
2821,778,18.0,42.1,3908.58,1,2153.77
2822,685,20.6,50.0,2141.39,0,1079.55
2823,680,56.3,53.0,5167.71,0,2008.84
2824,751,93.5,38.4,5191.59,1,2128.93
2825,723,55.3,56.8,4965.66,1,4280.8
2826,714,54.8,29.3,3014.87,1,2020.39
2827,749,60.0,29.4,4954.15,1,4271.23
2828,755,80.7,26.3,5394.8,1,3231.52
2829,761,86.9,43.8,5321.24,1,3993.32
2830,604,28.7,18.0,3784.15,0,1876.61
2831,681,82.5,32.8,4421.96,0,1695.25
2832,674,71.6,45.2,3750.09,0,1467.48
2833,643,79.0,32.4,3430.44,0,1830.06
2834,591,72.0,31.4,2043.39,0,1306.45
2835,742,68.8,48.9,4824.34,1,3677.5
2836,834,104.4,47.9,7280.95,1,3905.57
2837,717,54.3,48.8,6280.6,1,4995.77
2838,661,83.0,56.7,3579.02,0,1272.1
2839,622,69.2,18.0,2916.51,0,1288.77
2840,676,45.2,19.6,4278.53,0,3442.33
2841,740,74.1,57.7,5119.92,1,3553.73
2842,681,63.7,59.3,3613.61,0,3069.05
2843,590,65.1,19.1,2086.11,0,837.95
2844,712,54.4,28.9,3835.03,1,4067.09
2845,663,81.4,19.8,4772.34,0,2947.02
2846,658,18.0,34.5,2059.79,0,2629.92
2847,665,63.3,58.5,4390.51,0,1893.63
2848,750,65.7,34.5,4863.44,1,3680.74
2849,639,48.9,26.9,3306.16,0,2037.25
2850,674,93.6,48.7,5651.43,0,3441.73
2851,671,33.2,47.8,1903.73,0,1612.16
2852,698,107.0,49.5,4617.88,0,2521.66
2853,708,72.8,35.7,4186.09,1,3533.32
2854,731,56.8,72.4,4401.17,1,3031.27
2855,750,61.0,50.3,4101.62,1,3169.6
2856,613,79.5,47.4,3763.47,0,1483.16
2857,704,80.0,42.5,3524.53,1,1989.26
2858,617,81.0,45.7,2851.66,0,1491.71
2859,765,106.2,53.4,5450.96,1,4757.88
2860,725,83.6,43.2,6037.73,1,2942.89
2861,723,94.3,35.7,4485.92,1,1810.74
2862,815,104.7,45.8,5977.14,1,3640.96
2863,736,30.1,65.1,2821.29,1,2924.58
2864,850,85.3,46.0,5990.84,1,5302.0
2865,643,65.1,43.9,4287.68,0,1604.79
2866,639,66.3,43.1,1627.64,0,1861.49
2867,734,95.1,48.1,5508.02,1,2812.94
2868,758,73.2,37.0,4992.18,1,3320.35
2869,671,49.4,57.3,3633.24,0,925.76
2870,686,45.7,61.0,4651.28,0,4199.75
2871,719,32.9,55.0,3074.58,1,2932.44
2872,737,80.9,39.2,4263.11,1,3527.29
2873,689,18.0,27.2,3731.44,0,1882.39
2874,639,54.4,19.3,3832.72,0,1755.94
2875,651,68.0,47.4,1063.65,0,827.56
2876,664,91.5,53.9,4365.06,0,1912.95
2877,628,58.0,37.6,3615.54,0,1559.14
2878,550,18.6,48.1,918.9,0,24.31
2879,764,75.5,25.8,5893.14,1,4204.31
2880,652,54.0,51.2,3900.49,0,917.91
2881,779,110.6,36.4,4770.54,1,3533.39
2882,730,86.4,47.4,6411.33,1,3174.33
2883,693,61.8,18.0,4937.48,0,2562.27
2884,647,44.6,57.5,2027.35,0,2155.7
2885,644,79.5,31.2,2860.09,0,2655.97
2886,793,87.8,55.5,5067.54,1,4201.07
2887,768,70.4,27.2,8162.43,1,4225.16
2888,819,128.7,26.2,8227.27,1,5249.74
2889,714,64.7,45.1,4896.3,1,3617.86
2890,662,78.8,35.5,3589.4,0,3688.86
2891,722,78.6,49.8,4364.14,1,2827.03
2892,811,85.8,18.8,5620.76,1,5037.95
2893,756,104.7,55.9,5414.57,1,3888.08
2894,710,35.6,58.8,4189.18,1,3755.75
2895,689,60.5,55.5,2481.07,0,1617.17
2896,763,92.7,39.3,6546.17,1,3422.08
2897,740,66.9,51.3,4238.17,1,3404.61
2898,705,55.8,39.6,5022.96,1,2903.08
2899,637,55.0,18.4,2449.5,0,1993.7
2900,622,68.0,37.4,2842.67,0,1783.88
2901,704,108.5,37.1,3634.25,1,3493.94
2902,795,121.7,45.4,5050.94,1,5103.39
2903,566,21.1,44.8,997.47,0,757.29
2904,613,85.7,51.7,3464.57,0,2137.73
2905,747,135.5,48.4,6810.49,1,4007.76
2906,725,61.0,40.9,4633.16,1,2798.26
2907,820,141.0,46.4,6524.01,1,4097.84
2908,679,51.7,55.1,4091.95,0,2455.5
2909,640,66.1,41.1,4744.93,0,2958.36
2910,704,88.9,37.6,2303.21,1,1809.51
2911,638,103.6,48.9,2815.21,0,1609.23
2912,611,33.3,22.9,2714.62,0,1051.77
2913,740,86.2,39.2,4611.75,1,3662.08
2914,712,58.1,50.8,2982.88,1,2983.45
2915,624,100.4,52.3,3992.15,0,1535.56
2916,699,99.2,53.3,3450.11,0,2387.58
2917,639,54.8,25.0,2951.28,0,1834.15
2918,710,71.1,47.0,3074.42,1,3864.51
2919,688,83.4,42.4,4539.28,0,2680.38
2920,656,73.7,42.6,3793.99,0,2215.87
2921,647,39.4,54.0,1744.76,0,187.39
2922,612,70.8,44.2,2045.36,0,3292.67
2923,760,78.7,53.6,5156.74,1,4348.63
2924,643,38.8,33.4,2013.62,0,1620.4
2925,662,65.1,42.9,5102.22,0,2493.1
2926,797,79.8,43.2,6161.23,1,3335.37
2927,718,89.3,38.8,5078.13,1,3095.04
2928,730,63.3,27.9,4244.49,1,3935.35
2929,759,91.2,43.0,5035.96,1,3273.35
2930,753,78.4,38.0,5176.88,1,4508.13
2931,661,46.2,61.5,4507.92,0,2062.2
2932,685,82.2,31.4,5475.4,0,4086.01
2933,728,87.0,34.6,3568.91,1,2278.64
2934,658,61.1,39.8,3570.71,0,859.05
2935,709,67.7,47.3,4053.06,1,2842.27
2936,661,46.6,58.4,4466.4,0,2847.38
2937,641,34.2,40.4,2578.77,0,870.53
2938,726,85.4,45.7,5385.31,1,3551.06
2939,651,91.5,58.7,3160.14,0,2405.51
2940,651,83.8,19.7,5259.87,0,2567.51
2941,659,91.5,45.1,4706.08,0,2220.35
2942,712,40.4,47.1,5691.37,1,3646.5
2943,748,75.5,18.0,6858.83,1,4213.2
2944,775,115.6,37.3,6693.68,1,4530.83
2945,689,73.5,43.4,4947.67,0,1742.66
2946,685,72.4,46.5,3919.31,0,2553.95
2947,697,74.3,61.4,4498.41,0,1940.0
2948,681,24.7,49.0,4480.18,0,2412.49
2949,627,65.5,43.2,3048.47,0,1453.35
2950,653,19.3,35.4,3051.69,0,1557.71
2951,695,75.7,34.9,3545.91,0,3311.16
2952,706,86.5,38.9,4200.38,1,2558.54
2953,730,18.1,25.8,2854.55,1,3035.69
2954,682,35.7,38.0,2792.79,0,1005.28
2955,668,94.4,27.3,4939.92,0,2563.91
2956,731,68.0,43.5,4783.27,1,3328.32
2957,620,21.2,42.1,4078.92,0,2991.6
2958,740,65.9,28.0,4376.58,1,3578.84
2959,662,94.6,37.1,3667.95,0,74.05
2960,708,74.1,52.4,7132.18,1,3577.14
2961,724,64.7,39.9,4100.75,1,2742.97
2962,620,94.8,36.7,5288.53,0,3936.5
2963,661,73.1,43.9,3792.4,0,1786.33
2964,640,37.9,51.4,3381.23,0,1855.36
2965,794,104.8,50.2,6270.04,1,4106.71
2966,700,79.7,37.8,4142.85,1,2393.54
2967,721,69.3,38.0,4147.61,1,2870.91
2968,655,24.2,57.4,2525.52,0,1076.18
2969,683,18.0,51.5,3033.21,0,696.49
2970,692,69.9,48.8,4039.61,0,2063.73
2971,619,33.9,40.0,3325.25,0,3085.94
2972,814,106.8,64.3,7189.05,1,4905.53
2973,683,78.6,41.7,4111.11,0,1878.93
2974,698,27.6,54.9,1857.57,0,1979.26
2975,669,104.3,36.7,4967.23,0,2712.48
2976,675,46.4,38.1,4544.17,0,2652.51
2977,734,93.5,33.7,3992.47,1,4333.83
2978,683,37.8,61.0,2929.46,0,1952.29
2979,695,105.2,45.3,4253.55,0,2064.76
2980,729,89.2,44.9,4034.17,1,2446.77
2981,774,46.8,36.7,4803.45,1,3655.89
2982,681,58.1,18.0,3507.76,0,2878.52
2983,768,93.5,41.6,6781.77,1,4046.79
2984,806,58.7,43.1,4760.34,1,3237.38
2985,718,82.1,48.1,5596.49,1,3574.5
2986,732,73.3,39.4,3485.77,1,2176.51
2987,723,81.3,44.4,5540.1,1,3793.92
2988,621,65.9,43.0,2627.98,0,1665.5
2989,701,99.0,52.9,4168.46,1,2439.34
2990,637,41.5,47.6,2743.67,0,670.56
2991,734,39.6,40.2,3446.51,1,4032.41
2992,629,45.1,35.7,3176.65,0,3014.87
2993,730,85.4,30.4,4649.73,1,4727.04
2994,663,52.2,36.4,2609.87,0,2162.58
2995,768,77.6,50.5,4260.34,1,3792.88
2996,682,64.2,54.1,3017.11,0,2509.81
2997,750,67.1,28.1,5887.93,1,3974.26
2998,658,79.4,51.3,4655.81,0,891.78
2999,716,23.8,34.0,4080.38,1,3998.68
3000,688,91.8,56.1,2910.92,0,1899.49
3001,829,71.8,47.6,5464.74,1,4693.17
3002,752,100.6,51.8,4652.0,1,4013.78
3003,750,107.5,40.4,5500.83,1,5166.45
3004,696,100.1,43.4,5142.64,0,2936.88
3005,753,106.9,41.1,4909.84,1,3645.61
3006,618,39.2,57.2,4477.65,0,2243.74
3007,798,116.5,43.9,6168.46,1,4516.3
3008,727,82.9,53.2,4245.41,1,3650.56
3009,757,43.1,57.2,5526.54,1,4543.93
3010,656,31.1,59.6,2256.86,0,185.72
3011,628,81.5,22.1,4253.37,0,2296.83
3012,789,63.2,41.1,6636.27,1,5885.77
3013,695,92.8,45.3,4168.32,0,2669.45
3014,786,78.2,33.9,5092.31,1,3459.27
3015,692,71.9,44.1,4393.53,0,3037.4
3016,704,41.0,34.6,1399.91,1,1133.69
3017,683,86.3,44.4,3864.1,0,2708.3
3018,675,105.4,46.6,4600.43,0,1589.64
3019,629,79.9,29.2,4288.87,0,2427.6
3020,669,69.0,37.8,4624.74,0,2016.75
3021,671,95.8,33.6,3830.78,0,2250.59
3022,740,92.9,25.9,6004.75,1,4017.14
3023,744,108.9,25.2,4372.22,1,3830.58
3024,776,74.4,53.3,3078.51,1,3978.8
3025,661,52.3,50.6,4484.21,0,2134.91
3026,696,98.0,23.9,5291.9,0,2139.32
3027,759,75.4,63.7,2227.38,1,2825.19
3028,689,39.7,27.7,3572.79,0,2261.33
3029,691,49.3,47.3,3546.1,0,2133.37
3030,738,76.6,40.8,3747.74,1,1895.92
3031,698,97.7,25.2,5957.28,0,3209.69
3032,651,50.9,45.5,3041.87,0,2033.65
3033,626,62.6,51.6,2580.79,0,1271.28
3034,653,94.8,31.1,3205.7,0,1572.64
3035,687,61.1,41.1,1095.15,0,1228.46
3036,750,75.3,54.9,2995.77,1,3490.91
3037,645,60.5,22.4,2719.2,0,1701.65
3038,672,81.4,37.7,4082.27,0,2417.27
3039,686,32.9,43.3,3688.4,0,1528.94
3040,681,56.2,47.5,2456.02,0,2078.1
3041,703,61.1,41.4,5119.45,1,3983.17
3042,631,83.2,37.0,2982.55,0,1459.28
3043,652,91.3,50.7,4262.68,0,1633.95
3044,696,38.3,42.1,2389.15,0,1581.84
3045,701,123.5,18.0,3204.45,1,1727.65
3046,796,109.9,57.3,8668.63,1,6053.9
3047,720,81.0,40.9,5045.73,1,3240.35
3048,673,109.2,42.0,4528.29,0,2331.11
3049,755,70.1,58.0,5119.56,1,4376.41
3050,783,76.0,52.3,5973.02,1,3841.4
3051,634,69.0,55.6,3595.98,0,2633.37
3052,708,62.8,57.7,3940.36,1,3461.75
3053,685,99.9,36.4,4709.93,0,2846.76
3054,661,33.3,44.0,2465.04,0,1050.37
3055,706,54.2,58.4,5236.74,1,2328.71
3056,713,80.4,36.8,4015.49,1,4143.24
3057,759,54.7,54.0,3643.37,1,3832.99
3058,673,58.1,49.2,3135.51,0,1911.12
3059,688,108.7,26.1,5432.48,0,2624.29
3060,664,83.6,18.0,4975.95,0,3181.94
3061,718,79.4,36.7,5035.03,1,4282.6
3062,843,86.6,36.6,6771.96,1,4515.22
3063,739,81.7,64.2,5197.27,1,4015.0
3064,647,53.8,57.5,3187.52,0,2731.78
3065,726,79.8,47.2,4257.21,1,4614.45
3066,756,83.4,56.7,4147.24,1,4375.28
3067,730,103.1,45.9,5332.86,1,3998.3
3068,741,98.2,55.6,4486.15,1,2317.8
3069,673,58.8,40.5,5428.54,0,3412.6
3070,713,32.0,41.3,4163.37,1,3243.22
3071,683,71.4,45.9,4151.56,0,2523.13
3072,763,93.2,39.5,4479.7,1,3023.69
3073,716,71.6,38.3,3938.08,1,3503.89
3074,669,58.6,48.9,3648.44,0,1704.37
3075,682,91.4,56.6,4644.86,0,3176.47
3076,774,99.4,52.6,5808.97,1,4936.5
3077,603,46.9,54.1,1881.66,0,960.14
3078,747,64.3,39.6,4127.92,1,2570.35
3079,733,60.1,44.5,2678.12,1,2556.32
3080,611,42.0,50.0,2514.27,0,1865.35
3081,709,52.5,46.4,5135.78,1,3793.44
3082,770,94.9,46.0,5031.05,1,3442.67
3083,537,27.5,43.8,2891.38,0,499.09
3084,643,43.3,26.8,3756.82,0,3002.92
3085,769,69.3,32.7,5846.03,1,3553.0
3086,746,75.4,49.3,5406.42,1,3624.37
3087,547,21.2,56.9,2173.34,0,1429.39
3088,794,95.2,51.7,6628.15,1,4486.12
3089,593,50.4,35.4,3043.3,0,668.81
3090,717,69.0,45.1,4156.01,1,3122.57
3091,643,42.0,36.0,4322.27,0,2100.1
3092,731,79.7,35.5,5311.34,1,3661.15
3093,704,43.0,40.5,5500.89,1,4110.25
3094,639,66.4,38.7,3996.11,0,2541.57
3095,721,32.8,53.8,4097.68,1,3331.36
3096,691,80.8,40.7,4442.91,0,3053.72
3097,689,94.4,57.8,4461.4,0,1323.13
3098,743,50.9,61.3,5423.42,1,3660.51
3099,732,93.3,53.2,6372.6,1,4652.74
3100,720,92.8,18.7,3828.5,1,3870.2
3101,707,70.4,45.9,4382.29,1,2620.13
3102,762,88.6,45.9,5993.52,1,3002.55
3103,784,106.7,42.0,3743.78,1,3374.44
3104,567,26.6,34.9,2152.5,0,305.98
3105,769,67.3,48.8,4984.97,1,4242.39
3106,707,70.8,47.6,3416.16,1,2797.36
3107,703,73.6,40.3,4212.04,1,3688.05
3108,688,33.9,49.2,2171.7,0,1782.71
3109,748,101.7,30.5,5588.86,1,3938.5
3110,594,71.3,44.5,3187.11,0,1139.76
3111,664,71.4,31.0,4714.24,0,1921.58
3112,747,61.2,52.5,4605.58,1,4140.1
3113,722,69.0,44.4,2963.15,1,2005.5
3114,644,24.1,31.0,2511.34,0,1889.6
3115,668,56.6,60.6,5072.38,0,1547.53
3116,680,61.0,42.9,4149.86,0,2190.77
3117,627,33.3,41.3,3300.47,0,1055.54
3118,686,76.0,28.0,4013.89,0,2131.69
3119,639,81.2,35.8,4076.73,0,2082.11
3120,716,67.4,35.3,4693.87,1,3002.34
3121,792,76.6,44.6,6177.4,1,2536.63
3122,695,101.8,40.3,3056.86,0,2377.27
3123,682,41.5,49.6,3220.59,0,1982.0
3124,735,55.3,25.8,4496.54,1,4045.69
3125,668,47.4,42.4,2784.82,0,920.7
3126,677,67.6,57.3,4264.01,0,2856.35
3127,701,58.3,36.8,4388.9,1,3386.12
3128,725,99.9,36.5,4425.62,1,3088.21
3129,760,112.5,47.6,5737.02,1,5826.85
3130,703,62.7,50.6,4114.11,1,3495.02
3131,620,91.2,31.4,3904.02,0,1665.47
3132,838,79.2,47.0,6326.2,1,4974.08
3133,676,73.7,51.2,1951.18,0,414.74
3134,623,63.6,33.6,3085.88,0,1195.37
3135,687,44.9,47.0,3330.52,0,1025.51
3136,687,62.5,54.6,3421.81,0,1532.35
3137,706,83.9,58.1,3599.97,1,1161.38
3138,739,43.5,41.4,2981.82,1,1734.43
3139,691,121.6,47.0,4407.12,0,2950.75
3140,664,62.8,30.9,3141.69,0,2445.84
3141,695,64.1,30.8,3685.89,0,2402.52
3142,581,38.5,27.0,1825.85,0,2326.49
3143,721,42.6,75.0,3164.54,1,3370.1
3144,714,83.8,54.8,5735.4,1,2186.78
3145,708,90.1,26.4,4764.87,1,3198.0
3146,685,91.9,54.9,4263.34,0,1853.2
3147,765,57.7,32.9,5806.47,1,3987.37
3148,651,36.2,59.8,3515.06,0,1776.95
3149,658,41.8,34.1,1496.45,0,2264.76
3150,560,69.6,36.5,2236.17,0,643.73
3151,652,71.3,43.6,2950.82,0,1681.85
3152,728,73.6,42.8,5369.75,1,4325.4
3153,636,68.4,36.0,7046.37,0,3745.85
3154,723,91.7,43.2,4855.74,1,3672.52
3155,772,92.3,49.0,5961.35,1,5685.04
3156,644,63.9,46.2,5015.35,0,2350.38
3157,846,89.5,75.0,5120.13,1,3933.49
3158,769,90.9,61.0,6651.42,1,4650.52
3159,686,51.7,33.1,2390.91,0,2390.65
3160,726,116.9,25.3,4865.72,1,3489.11
3161,660,76.5,46.6,3867.62,0,1115.44
3162,671,60.7,47.1,2425.38,0,782.91
3163,691,49.5,29.9,2207.86,0,761.73
3164,636,97.6,40.8,5029.35,0,2443.48
3165,691,77.2,40.0,3363.51,0,2477.92
3166,748,88.6,45.0,6268.98,1,5683.67
3167,693,80.9,51.7,4338.03,0,3586.99
3168,752,58.4,27.0,3981.09,1,3231.09
3169,665,53.9,39.6,2815.99,0,1633.36
3170,618,62.3,43.1,3754.26,0,1908.35
3171,569,76.6,48.3,3399.41,0,799.56
3172,741,106.6,39.5,5722.73,1,3531.15
3173,709,117.3,40.0,5372.32,1,3751.13
3174,746,53.7,34.2,5439.14,1,4298.01
3175,659,27.5,18.0,4015.56,0,2631.66
3176,676,72.9,45.7,4200.63,0,2361.65
3177,720,80.1,38.8,6203.48,1,4830.02
3178,747,51.2,28.6,3905.45,1,3199.49
3179,705,49.2,60.1,5426.6,1,3700.79
3180,687,73.5,67.2,5237.01,0,1688.26
3181,693,42.9,46.2,3977.09,0,2415.8
3182,673,43.7,44.3,4340.38,0,1792.96
3183,698,94.3,46.8,5150.55,0,2765.33
3184,710,33.9,35.5,4040.66,1,3179.26
3185,628,93.0,31.0,3130.81,0,1407.92
3186,675,60.7,60.4,2707.88,0,1882.43
3187,653,99.0,54.3,5671.45,0,2341.04
3188,706,55.9,33.9,5629.91,1,4473.84
3189,765,85.1,66.9,4356.19,1,3381.46
3190,776,74.8,37.8,4209.15,1,4271.81
3191,630,37.4,29.0,1707.44,0,1271.34
3192,755,47.9,27.5,5158.39,1,4384.35
3193,787,93.1,49.5,4926.9,1,5034.72
3194,789,89.5,42.8,7378.93,1,4644.65
3195,737,64.9,50.7,4089.19,1,1821.38
3196,656,60.8,48.4,2722.7,0,960.57
3197,593,31.0,45.5,1899.04,0,730.75
3198,698,56.1,39.7,3865.89,0,2787.32
3199,794,96.5,62.2,6758.25,1,4551.42
3200,644,44.4,48.6,2184.44,0,1598.71
3201,796,75.5,53.8,6262.21,1,4481.77
3202,673,65.0,49.4,3092.93,0,1346.68
3203,662,71.9,43.6,4908.64,0,3459.05
3204,803,81.7,37.8,7272.75,1,4129.44
3205,674,60.9,33.2,3933.51,0,1222.97
3206,731,69.3,50.6,4564.81,1,3707.81
3207,725,81.1,22.3,3507.71,1,2513.25
3208,659,37.7,65.8,3156.16,0,2119.89
3209,684,62.4,49.3,3481.98,0,2775.2
3210,614,29.9,55.2,1270.57,0,1396.67
3211,715,32.7,48.6,1974.11,1,2588.7
3212,776,99.2,44.0,6749.24,1,4427.44
3213,693,53.7,48.3,2443.57,0,1355.82
3214,628,50.2,47.6,2688.2,0,2030.06
3215,795,69.6,36.8,4851.71,1,3614.92
3216,686,89.5,33.8,3733.41,0,3087.42
3217,664,96.6,30.1,3995.28,0,2329.66
3218,721,74.0,57.5,3967.82,1,3205.54
3219,737,84.5,39.6,5371.21,1,4476.19
3220,726,43.5,62.3,4640.59,1,3415.67
3221,708,116.0,44.1,4472.39,1,1333.0
3222,732,57.9,67.7,2773.9,1,2331.27
3223,633,65.0,52.1,3831.26,0,2661.14
3224,850,115.8,39.3,7099.98,1,5205.91
3225,612,65.5,28.3,3431.88,0,1628.59
3226,654,54.4,32.0,3260.55,0,2550.39
3227,669,55.2,40.8,4730.27,0,2260.89
3228,661,70.5,47.9,4197.65,0,2033.71
3229,720,61.3,44.3,2548.82,1,1632.41
3230,711,84.2,52.8,2715.61,1,3368.89
3231,679,83.5,27.6,3864.35,0,2507.86
3232,753,72.3,18.0,3747.36,1,2247.45
3233,711,94.9,19.2,4410.15,1,1824.34
3234,704,67.4,49.0,4137.11,1,3477.37
3235,710,75.0,38.7,4083.27,1,3876.39
3236,809,92.2,53.4,6313.0,1,5725.99
3237,689,94.4,45.2,4097.96,0,2838.41
3238,625,58.1,30.1,1059.43,0,1220.06
3239,686,30.0,50.3,3549.05,0,2561.99
3240,760,85.4,40.1,4271.55,1,4170.41
3241,778,85.0,50.2,5005.87,1,4019.81
3242,736,123.1,35.1,3762.23,1,1757.14
3243,738,73.1,19.2,4621.5,1,3793.29
3244,700,91.8,53.7,6633.45,1,3919.5
3245,613,91.0,23.4,3707.55,0,2086.75
3246,680,87.0,46.2,4024.69,0,2272.78
3247,653,30.2,57.4,4223.4,0,1560.52
3248,734,82.2,45.2,4598.73,1,3507.94
3249,585,60.8,42.4,2550.63,0,522.34
3250,637,88.7,48.0,3631.83,0,1090.08
3251,665,45.0,29.6,2387.46,0,700.13
3252,596,57.7,49.4,3495.28,0,1381.36
3253,651,58.4,50.1,5146.48,0,2594.6
3254,657,29.0,45.9,3467.2,0,2807.04
3255,694,43.8,36.7,3702.7,0,2076.98
3256,765,74.9,58.7,5419.62,1,5024.73
3257,666,41.1,47.1,4269.35,0,3406.83
3258,709,92.4,42.9,4372.29,1,3714.26
3259,696,82.7,51.2,5493.18,0,3791.16
3260,682,73.1,25.2,5034.54,0,1962.88
3261,697,102.5,38.1,5026.01,0,3630.88
3262,709,35.7,70.0,4846.89,1,2919.29
3263,709,65.8,58.0,3750.73,1,2717.69
3264,737,84.5,37.7,4090.76,1,3710.16
3265,695,62.7,55.4,3798.9,0,1898.5
3266,742,56.2,44.1,4873.45,1,2697.75
3267,684,40.8,40.2,3349.73,0,3233.96
3268,708,42.1,49.8,3835.57,1,2727.57
3269,743,102.8,30.2,5863.85,1,3036.85
3270,636,27.4,60.3,2318.55,0,1371.62
3271,762,107.4,33.2,6126.23,1,4343.73
3272,681,73.3,39.9,4452.55,0,1040.84
3273,627,57.7,52.8,2955.89,0,1832.25
3274,603,49.6,18.0,1980.12,0,1581.61
3275,685,90.1,27.3,3565.46,0,2198.43
3276,706,63.4,30.4,4374.73,1,3463.51
3277,672,43.7,30.1,2620.26,0,770.47
3278,689,32.4,33.8,3196.22,0,2408.81
3279,710,77.9,26.6,4259.2,1,3279.84
3280,720,108.0,19.0,5731.95,1,3799.97
3281,648,75.6,29.9,3563.75,0,1771.98
3282,645,50.1,50.1,2335.0,0,2283.54
3283,643,66.7,44.6,4064.12,0,2072.84
3284,672,57.0,61.3,3111.97,0,1573.57
3285,685,18.0,53.0,2190.49,0,1890.82
3286,679,70.3,40.3,4025.93,0,3376.68
3287,681,75.2,43.5,3980.45,0,2922.15
3288,685,109.4,53.8,5835.02,0,3191.3
3289,780,84.8,65.7,6377.21,1,4466.43
3290,768,86.6,53.9,4484.48,1,3832.29
3291,685,70.2,44.4,4646.41,0,1845.88
3292,694,72.1,37.9,4045.44,0,2835.61
3293,690,22.1,56.4,2537.5,0,1925.58
3294,671,44.7,32.9,3274.16,0,2224.96
3295,676,70.5,37.6,3732.78,0,2612.78
3296,623,84.1,29.2,2422.36,0,647.98
3297,828,112.2,41.6,4545.26,1,5388.56
3298,771,121.7,30.0,6207.8,1,4675.06
3299,689,107.1,26.3,5215.6,0,3511.19
3300,676,43.8,24.9,2827.19,0,1617.11
3301,735,102.8,51.2,3890.66,1,2989.43
3302,678,32.6,34.0,3988.38,0,3202.47
3303,728,109.5,52.3,5768.35,1,4675.9
3304,727,45.3,25.6,3874.58,1,3087.69
3305,774,90.3,52.4,5871.82,1,3282.59
3306,664,69.8,41.1,4598.75,0,556.65
3307,619,84.6,18.0,5184.77,0,2346.24
3308,785,67.1,49.0,6501.01,1,5179.24
3309,608,35.0,52.8,3750.7,0,1835.57
3310,735,60.8,41.9,5214.81,1,3375.48
3311,703,61.1,45.3,4058.68,1,2412.94
3312,683,104.6,41.4,4328.27,0,2540.48
3313,710,33.6,33.2,5056.28,1,4157.36
3314,647,67.9,41.8,2739.72,0,2647.23
3315,762,89.7,59.3,7018.6,1,4769.69
3316,724,67.8,49.1,4246.66,1,3653.05
3317,818,93.2,50.5,6975.32,1,5606.51
3318,645,82.9,29.7,3333.68,0,2218.02
3319,647,54.1,48.5,3217.4,0,2046.89
3320,685,53.4,51.2,2264.84,0,1079.04
3321,641,67.8,33.3,3217.7,0,479.07
3322,718,109.6,55.9,5412.87,1,4030.44
3323,786,76.6,65.9,4190.96,1,3589.79
3324,667,48.6,52.5,2439.87,0,2504.14
3325,792,92.5,42.9,4378.15,1,2573.65
3326,783,87.0,40.9,5678.89,1,4329.56
3327,740,97.7,58.4,6925.62,1,4396.86
3328,742,80.1,48.5,6155.35,1,3488.69
3329,588,18.0,43.5,2920.97,0,1365.44
3330,695,51.0,62.2,4657.78,0,2902.53
3331,694,48.9,50.1,3817.06,0,1359.94
3332,715,99.6,50.2,4484.68,1,2754.5
3333,662,27.0,45.3,3506.18,0,2429.78
3334,697,28.9,36.2,5282.56,0,3001.4
3335,747,71.2,66.6,6218.8,1,4818.22
3336,773,40.6,53.9,5687.19,1,3883.15
3337,743,92.7,36.6,6462.26,1,3602.72
3338,707,63.7,43.3,3962.37,1,2914.45
3339,697,83.8,41.8,4441.4,0,3429.55
3340,781,90.3,46.4,5459.27,1,3776.32
3341,630,46.3,43.8,3252.62,0,2478.14
3342,749,22.1,45.6,3330.91,1,2726.39
3343,716,55.0,38.0,5477.84,1,2767.61
3344,751,91.3,60.7,5576.41,1,4848.59
3345,633,80.7,43.2,3166.63,0,1617.47
3346,716,75.3,41.8,4118.7,1,3562.9
3347,602,64.6,40.8,2214.28,0,2329.3
3348,728,78.0,55.8,4802.25,1,3153.05
3349,592,81.0,50.1,2726.22,0,986.84
3350,708,85.9,20.2,6030.25,1,4015.09
3351,585,55.8,36.9,2397.13,0,1266.71
3352,716,59.3,67.4,5085.38,1,2660.84
3353,667,104.0,44.1,5881.52,0,2315.53
3354,733,105.0,32.8,5781.68,1,4268.77
3355,762,96.3,41.1,4903.37,1,3475.08
3356,720,52.5,55.3,3023.95,1,2529.14
3357,713,57.8,50.4,4715.74,1,2792.11
3358,634,70.7,50.0,4913.65,0,2920.67
3359,762,97.2,18.8,5491.49,1,3306.7
3360,752,49.5,35.6,5924.29,1,3482.7
3361,769,87.0,48.8,7212.82,1,4066.58
3362,698,80.7,52.3,4592.95,0,2343.75
3363,738,84.1,33.9,4771.11,1,4149.61
3364,668,112.6,28.9,5559.13,0,5049.13
3365,718,62.0,45.9,3849.68,1,3576.53
3366,644,37.7,58.1,2172.02,0,1385.88
3367,632,36.3,70.8,1926.71,0,-90.73
3368,651,91.8,45.7,4204.37,0,2839.49
3369,730,65.9,36.6,6063.77,1,2933.06
3370,671,78.5,41.9,3969.88,0,2600.88
3371,764,50.3,43.0,4854.67,1,3791.11
3372,768,94.2,32.7,6808.16,1,4193.67
3373,637,39.4,45.5,3030.32,0,2250.16
3374,630,25.8,35.4,3191.37,0,3990.55
3375,730,64.2,61.9,4865.51,1,4066.42
3376,705,50.4,34.7,4518.21,1,2644.74
3377,698,54.3,30.1,2806.79,0,1752.96
3378,649,67.8,42.4,3237.89,0,623.49
3379,723,82.1,37.1,5460.74,1,3601.5
3380,757,80.8,56.8,4022.99,1,1948.06
3381,669,32.9,52.6,3663.92,0,1699.57
3382,706,57.3,50.3,4120.35,1,3510.8
3383,740,57.2,36.0,4614.29,1,3873.79
3384,730,50.6,41.0,4047.91,1,2962.47
3385,700,80.6,39.7,5260.06,1,3312.7
3386,778,74.1,41.9,5336.09,1,4051.32
3387,584,28.5,41.1,1405.19,0,50.05
3388,710,65.7,33.8,3420.91,1,2480.83
3389,672,39.6,33.2,2932.25,0,1145.81
3390,656,63.0,40.6,3062.06,0,1892.26
3391,616,89.7,28.4,4129.31,0,2446.89
3392,723,39.8,27.2,3692.73,1,2929.97
3393,637,74.5,42.5,2921.09,0,3219.04
3394,739,104.5,58.5,6291.85,1,5032.68
3395,723,66.2,42.7,4548.93,1,3012.88
3396,779,55.5,36.9,4905.19,1,3164.59
3397,721,78.4,33.7,3580.42,1,3382.26
3398,793,58.4,55.0,3931.02,1,1761.67
3399,683,57.9,33.8,4589.38,0,2735.29
3400,731,50.8,51.3,4169.67,1,4118.65
3401,690,59.9,49.8,4827.42,0,2100.48
3402,669,94.6,47.3,4078.63,0,1476.31
3403,703,73.5,36.4,3298.13,1,1749.56
3404,702,89.4,35.4,3340.48,1,2246.59
3405,658,93.0,59.1,4154.1,0,2517.7
3406,629,69.2,35.7,3392.73,0,1807.26
3407,682,49.3,45.8,4929.28,0,2944.27
3408,747,68.1,47.0,4020.88,1,3412.15
3409,655,18.0,48.4,2495.54,0,1717.62
3410,738,38.7,41.6,2617.6,1,1039.64
3411,667,78.9,22.8,4093.26,0,2591.27
3412,752,81.3,35.3,6309.57,1,3941.12
3413,633,87.4,50.1,4163.03,0,2145.55
3414,731,51.1,42.1,5054.83,1,2233.01
3415,721,59.8,32.9,3999.35,1,3213.63
3416,669,53.7,27.4,3268.76,0,1545.79
3417,609,35.3,23.5,1603.96,0,361.23
3418,692,62.0,45.8,4300.59,0,1208.19
3419,707,70.9,63.0,4294.57,1,3279.54
3420,711,64.9,45.0,4645.12,1,3368.99
3421,807,82.4,42.3,3825.8,1,2823.92
3422,816,116.3,36.1,5593.02,1,4740.89
3423,718,83.6,58.8,5976.82,1,4105.93
3424,702,64.9,50.8,3358.75,1,2670.5
3425,735,88.0,38.2,5451.29,1,3931.71
3426,656,57.4,36.9,2682.92,0,2415.88
3427,620,52.3,21.0,4276.82,0,2443.14
3428,620,59.6,23.7,3429.54,0,1787.11
3429,687,60.7,42.0,3742.83,0,1800.39
3430,718,61.6,35.7,3832.62,1,2974.1
3431,711,44.3,38.0,3693.54,1,3260.9
3432,753,60.8,53.4,4726.6,1,4462.8
3433,717,50.0,34.7,5181.26,1,3292.59
3434,753,91.3,25.9,4473.86,1,3397.84
3435,744,74.4,45.2,5212.52,1,5270.39
3436,764,128.4,45.5,7849.44,1,4246.41
3437,674,74.8,50.2,4182.84,0,3094.65
3438,713,72.0,47.6,4829.22,1,4312.61
3439,661,53.8,34.0,4365.36,0,3226.59
3440,569,68.4,51.9,2287.98,0,739.61
3441,756,95.3,33.3,4917.45,1,3787.27
3442,647,91.6,63.3,4096.06,0,1912.1
3443,671,74.3,36.1,3444.67,0,2367.1
3444,750,66.7,39.3,5158.1,1,2878.06
3445,752,64.9,50.5,4289.01,1,2946.96
3446,688,88.4,26.4,3622.59,0,3642.06
3447,632,60.9,32.9,3429.2,0,2521.59
3448,745,118.3,45.4,6737.98,1,5563.44
3449,673,46.3,44.1,1739.66,0,2103.73
3450,630,67.5,35.8,3547.68,0,1623.67
3451,717,83.8,45.4,6780.14,1,4404.69
3452,709,68.2,39.6,5294.12,1,3973.91
3453,805,78.0,29.2,5264.89,1,4034.4
3454,704,49.0,40.6,3816.37,1,3007.27
3455,706,75.1,37.3,3893.73,1,2494.39
3456,715,22.5,56.0,3503.0,1,3489.05
3457,746,99.1,46.5,4344.12,1,3451.89
3458,613,34.2,48.2,2757.73,0,1094.38
3459,674,73.3,43.2,3274.45,0,1358.79
3460,679,75.5,42.1,4727.46,0,2476.1
3461,666,66.6,36.5,2298.69,0,234.15
3462,667,43.7,18.0,2517.09,0,2773.77
3463,657,64.2,37.2,4479.29,0,3371.92
3464,746,85.0,45.3,4708.58,1,3128.25
3465,662,66.5,42.8,3399.03,0,2567.23
3466,758,61.1,58.7,5105.07,1,4200.75
3467,748,52.0,37.7,5738.03,1,4153.15
3468,781,62.1,32.7,4969.35,1,3976.04
3469,732,117.0,44.2,5324.69,1,2673.74
3470,823,102.5,50.3,5470.96,1,3996.46
3471,641,58.9,36.7,3990.32,0,1995.1
3472,778,50.9,20.4,5954.58,1,4145.35
3473,639,54.8,46.6,3003.18,0,3085.12
3474,802,69.0,52.0,4962.55,1,3825.84
3475,769,68.2,34.1,4677.92,1,3229.42
3476,678,143.0,59.3,5181.8,0,4166.94
3477,616,53.5,59.0,3147.69,0,799.95
3478,709,75.2,30.6,4829.04,1,3523.67
3479,679,85.7,35.2,4509.61,0,1927.16
3480,691,71.6,45.0,3316.99,0,1984.18
3481,708,76.7,54.0,5831.98,1,4191.88
3482,586,18.0,42.9,1695.4,0,186.45
3483,725,49.8,58.6,4146.96,1,4531.96
3484,713,22.5,26.5,2750.57,1,2844.27
3485,697,68.1,35.5,4450.86,0,2361.51
3486,643,72.5,46.3,4801.74,0,2354.13
3487,677,58.6,34.3,2770.57,0,3417.05
3488,734,85.1,23.9,4570.73,1,2416.82
3489,679,79.4,41.0,3412.36,0,1623.08
3490,632,52.1,60.9,3777.12,0,2263.75
3491,751,18.0,38.0,3789.89,1,3676.0
3492,737,86.5,40.3,6206.27,1,4081.57
3493,705,60.3,56.0,3740.64,1,2800.82
3494,648,29.8,31.0,1335.18,0,1487.64
3495,632,79.7,51.2,3350.79,0,1479.3
3496,630,27.4,38.4,2584.87,0,1581.67
3497,633,36.4,46.1,3158.18,0,2002.87
3498,663,90.5,63.5,3453.39,0,3301.02
3499,698,71.9,37.2,4549.79,0,1953.85
3500,720,67.4,42.9,2401.66,1,2912.27
3501,710,79.4,45.9,4745.1,1,3183.86
3502,759,86.0,20.0,4569.89,1,3974.76
3503,694,85.4,44.9,4982.87,0,3184.49
3504,717,94.3,45.9,5047.42,1,2600.2
3505,605,69.7,56.4,3464.89,0,1381.11
3506,627,30.1,39.8,1334.27,0,1968.74
3507,681,57.3,42.5,5277.13,0,3008.68
3508,737,85.1,32.3,5117.27,1,3674.67
3509,709,79.8,53.6,3652.09,1,2556.99
3510,668,68.0,52.3,3094.76,0,1759.99
3511,717,52.3,32.6,1818.77,1,2700.19
3512,719,65.4,39.9,2885.14,1,1441.73
3513,750,53.5,44.7,5534.09,1,4128.04
3514,732,62.7,49.6,5062.67,1,2905.0
3515,744,95.0,18.0,5967.83,1,3606.98
3516,701,80.3,59.8,5051.75,1,4521.51
3517,651,87.2,33.5,3541.12,0,1170.42
3518,663,78.3,59.6,3398.8,0,2096.26
3519,631,22.5,51.1,3357.98,0,2380.25
3520,660,67.3,28.1,4229.83,0,2632.11
3521,719,51.0,18.0,4324.12,1,3247.92
3522,742,143.2,37.8,5211.04,1,4779.93
3523,702,56.7,44.9,3416.03,1,1915.59
3524,631,67.8,34.8,3838.26,0,2529.87
3525,785,59.3,41.0,4957.55,1,4541.69
3526,586,46.6,47.4,3741.64,0,2421.98
3527,678,49.7,31.2,2758.42,0,2141.65
3528,640,58.8,43.0,4783.26,0,2549.99
3529,682,53.6,48.5,2214.64,0,1453.54
3530,720,111.7,37.6,4002.96,1,1830.38
3531,652,94.0,64.4,4213.49,0,2207.05
3532,656,49.0,33.4,3998.26,0,1960.66
3533,712,87.3,55.9,3454.27,1,2213.97
3534,748,81.1,41.5,4730.42,1,4327.9
3535,653,80.6,23.1,2499.58,0,766.88
3536,734,114.0,34.7,7288.54,1,3579.79
3537,635,118.2,37.9,5426.28,0,4275.09
3538,522,18.0,55.5,866.78,0,-81.05
3539,772,81.0,36.0,5476.64,1,4881.73
3540,728,70.2,21.5,5414.84,1,2673.27
3541,661,72.0,30.3,4132.36,0,2518.39
3542,701,55.4,38.4,3479.48,1,2612.97
3543,740,62.8,30.9,5535.1,1,3874.06
3544,694,53.8,47.2,3710.14,0,1169.97
3545,720,65.4,59.2,4093.02,1,2795.25
3546,678,106.9,54.9,6000.15,0,3378.41
3547,679,71.2,58.7,3015.55,0,1320.34
3548,699,107.5,39.2,6136.22,0,2912.1
3549,770,75.0,32.5,4610.62,1,4158.01
3550,678,18.0,46.3,916.91,0,1069.43
3551,705,73.7,23.4,4319.56,1,3539.76
3552,598,30.5,46.1,1149.97,0,403.85
3553,768,97.3,32.3,6383.06,1,4989.87
3554,747,54.8,18.0,3765.96,1,3442.31
3555,686,68.2,31.9,3600.78,0,2469.11
3556,716,82.9,30.1,4743.37,1,4088.27
3557,727,94.1,42.1,5883.76,1,3495.0
3558,666,18.0,28.7,3202.73,0,1767.4
3559,707,73.6,46.5,3781.85,1,2965.85
3560,629,81.9,34.3,4399.11,0,2902.48
3561,719,80.7,42.1,4786.9,1,2883.55
3562,663,80.4,32.4,4769.39,0,1600.86
3563,731,102.9,64.0,4371.14,1,4201.36
3564,671,74.8,18.0,3062.84,0,2892.95
3565,691,53.3,30.1,4546.5,0,2975.62
3566,713,94.8,46.8,4965.45,1,3166.81
3567,697,24.1,41.3,4218.86,0,2253.86
3568,783,45.3,35.3,4160.42,1,3042.69
3569,687,61.8,47.0,2957.99,0,1056.18
3570,622,94.5,37.4,5290.66,0,2537.49
3571,675,50.7,63.9,3390.6,0,2628.76
3572,811,109.0,33.3,5062.68,1,2966.04
3573,704,68.1,45.7,5739.12,1,5161.94
3574,687,95.7,36.1,3454.9,0,3425.71
3575,739,74.2,51.5,4560.06,1,4182.21
3576,752,49.0,38.4,4717.88,1,3367.13
3577,672,88.2,31.1,4577.32,0,3113.7
3578,620,59.7,55.1,3892.04,0,1405.56
3579,719,86.8,46.5,6458.89,1,3339.05
3580,711,77.3,43.9,6540.82,1,4242.38
3581,709,60.5,33.0,5561.62,1,3649.53
3582,712,43.1,34.4,4132.66,1,3167.38
3583,622,46.1,50.5,1870.11,0,1159.16
3584,698,42.2,43.7,3400.05,0,2060.53
3585,785,123.7,36.7,7102.19,1,5014.73
3586,774,37.4,22.3,4410.35,1,3570.02
3587,774,88.5,44.2,7088.03,1,5006.7
3588,729,86.2,31.8,4158.13,1,2814.85
3589,752,74.8,66.1,4432.75,1,3843.48
3590,610,53.7,57.6,3289.16,0,480.66
3591,713,82.1,25.4,4839.62,1,3120.91
3592,599,104.9,29.6,5845.56,0,3450.18
3593,731,75.8,42.9,4470.62,1,3029.32
3594,657,47.0,43.2,3674.76,0,2584.64
3595,663,62.8,22.5,4852.54,0,3008.85
3596,814,75.2,29.6,5705.72,1,5037.4
3597,711,59.6,64.4,4900.31,1,3010.36
3598,633,106.6,56.4,4642.63,0,2029.12
3599,663,18.0,66.9,2034.63,0,1632.91
3600,696,68.0,30.3,6151.78,0,3874.24
3601,639,73.4,56.6,2477.46,0,2730.36
3602,671,24.6,33.5,4154.11,0,2588.34
3603,704,78.1,18.8,4506.91,1,3275.43
3604,718,57.1,46.4,2193.92,1,676.84
3605,580,52.7,36.8,3544.84,0,1871.29
3606,675,74.4,27.9,3027.18,0,1212.69
3607,761,84.4,31.5,5584.23,1,2759.61
3608,728,61.2,29.3,4302.15,1,3132.3
3609,703,96.1,47.2,3423.31,1,4181.74
3610,705,29.6,63.8,2710.56,1,2551.27
3611,659,62.1,26.4,3699.98,0,1986.26
3612,743,71.9,29.5,4695.4,1,2691.25
3613,663,48.9,48.1,4389.56,0,2482.95
3614,768,99.1,30.0,6507.41,1,3959.87
3615,732,75.4,47.8,4520.61,1,3002.38
3616,682,26.4,33.3,3658.25,0,1558.0
3617,722,84.8,45.7,6017.45,1,5161.08
3618,679,65.7,19.2,5643.73,0,2875.27
3619,757,56.1,46.6,5633.43,1,3500.57
3620,658,46.7,36.5,4794.31,0,2772.64
3621,719,90.6,36.3,4758.84,1,3401.59
3622,676,90.7,21.0,6417.1,0,2603.87
3623,685,82.4,34.1,5849.17,0,3039.87
3624,673,79.1,36.7,6154.58,0,3454.21
3625,647,74.0,26.4,4050.81,0,919.82
3626,771,88.1,43.5,5619.9,1,4272.38
3627,625,75.4,27.2,4541.81,0,2613.72
3628,673,53.1,55.2,3579.22,0,2485.85
3629,709,57.3,18.3,4964.27,1,4728.45
3630,729,49.4,26.0,5304.25,1,2093.77
3631,729,102.3,34.0,4418.29,1,2812.73
3632,652,58.4,45.6,2615.08,0,2251.48
3633,715,64.2,53.3,4758.89,1,3491.22
3634,709,83.7,33.7,4524.3,1,4319.17
3635,710,75.8,35.4,4337.63,1,3650.29
3636,711,96.4,32.7,6254.45,1,3317.91
3637,713,95.6,47.4,5411.77,1,4446.97
3638,651,61.9,38.2,3859.42,0,1705.62
3639,669,78.5,47.1,4657.31,0,3191.86
3640,611,31.6,40.2,2084.57,0,1269.73
3641,643,66.8,37.9,3249.25,0,2069.8
3642,748,90.5,41.7,6438.16,1,5358.15
3643,580,43.3,32.8,4855.38,0,1553.19
3644,725,53.8,42.8,3700.12,1,2926.11
3645,728,87.9,25.7,4588.58,1,3840.77
3646,718,107.2,28.7,5008.65,1,3411.03
3647,703,65.0,62.1,4321.18,1,2888.05
3648,604,41.0,48.8,2723.26,0,2152.14
3649,686,29.1,39.0,4246.18,0,2922.24
3650,652,36.0,39.3,2909.92,0,1310.98
3651,671,45.2,36.2,3242.18,0,2309.39
3652,687,92.9,55.0,4260.96,0,2013.97
3653,595,58.4,20.8,699.74,0,463.0
3654,783,100.8,26.3,5981.2,1,3734.11
3655,740,64.1,35.7,6074.01,1,3947.94
3656,708,71.5,20.2,4201.46,1,1917.3
3657,661,69.4,48.0,4209.76,0,1401.53
3658,672,96.7,40.3,5531.15,0,2901.24
3659,655,82.1,55.9,3723.67,0,3592.52
3660,649,60.3,40.7,3855.82,0,1926.27
3661,742,64.0,37.9,4775.23,1,3807.43
3662,680,92.5,31.3,4552.15,0,1586.26
3663,694,84.2,34.7,6510.37,0,3924.0
3664,691,52.9,31.6,3428.01,0,2313.18
3665,683,105.0,47.3,4580.5,0,1830.99
3666,622,58.2,38.6,4112.18,0,1962.11
3667,643,55.3,52.8,3099.92,0,2273.04
3668,739,87.3,56.7,4594.05,1,3815.59
3669,850,82.6,52.1,6998.53,1,4828.34
3670,628,55.7,49.5,2487.31,0,1701.39
3671,674,72.4,40.6,3542.32,0,2723.8
3672,693,91.5,43.5,4942.24,0,2572.55
3673,747,74.1,31.9,5530.6,1,3546.77
3674,655,49.8,25.6,1860.33,0,932.5
3675,708,102.3,34.7,4441.5,1,2024.03
3676,663,69.7,45.1,4711.93,0,2976.64
3677,692,83.9,27.7,4419.31,0,2636.89
3678,759,115.0,35.6,4246.99,1,2683.69
3679,707,62.6,35.9,4442.05,1,2494.13
3680,782,81.0,46.7,4853.18,1,4188.9
3681,646,43.6,49.9,3028.3,0,3078.04
3682,622,66.8,55.5,2030.96,0,1438.26
3683,709,87.5,36.8,4750.92,1,2406.9
3684,703,115.0,44.9,4841.43,1,3723.4
3685,803,64.5,40.0,5434.05,1,3444.39
3686,636,104.1,24.4,4739.76,0,1832.96
3687,700,85.5,42.2,5653.3,1,4093.04
3688,716,77.5,28.6,5464.92,1,5023.52
3689,764,71.5,35.7,4333.92,1,3919.58
3690,727,74.3,56.6,4755.46,1,3598.13
3691,781,85.1,23.6,4418.95,1,3610.45
3692,761,132.3,18.0,7288.5,1,4863.19
3693,703,89.3,63.0,5195.85,1,2689.99
3694,704,39.4,39.8,3102.1,1,1079.3
3695,728,69.4,45.9,3228.49,1,3067.91
3696,721,96.4,42.2,4351.77,1,3897.27
3697,769,84.0,56.7,4647.76,1,4364.92
3698,758,65.1,47.3,6258.69,1,5243.62
3699,683,23.9,28.5,3120.34,0,2800.51
3700,667,81.3,50.9,2137.2,0,1980.49
3701,567,44.8,50.4,1624.71,0,924.64
3702,699,64.9,34.2,4559.47,0,2989.84
3703,655,53.4,52.7,3093.38,0,1655.8
3704,717,47.5,29.8,3225.18,1,3036.48
3705,770,64.6,45.3,5848.78,1,4736.52
3706,685,25.3,33.9,2705.82,0,995.11
3707,717,86.0,43.4,5021.55,1,5070.66
3708,780,79.0,34.6,6696.4,1,3672.06
3709,687,58.4,50.2,4400.26,0,3318.87
3710,798,117.4,28.7,5543.98,1,5044.73
3711,658,23.6,34.0,1778.9,0,1874.29
3712,781,58.5,46.0,3441.73,1,2775.05
3713,751,70.3,42.0,4552.18,1,3217.87
3714,698,31.5,53.4,3091.35,0,2931.43
3715,714,58.3,18.0,2775.53,1,2501.47
3716,715,80.4,39.3,5003.86,1,4238.96
3717,722,66.0,38.7,4952.52,1,3963.7
3718,594,18.0,50.7,2512.21,0,1108.73
3719,770,72.9,40.9,4486.55,1,2782.76
3720,672,18.6,30.7,2409.58,0,2106.68
3721,673,105.7,22.4,3757.35,0,1488.9
3722,753,56.9,49.4,4988.41,1,3258.7
3723,748,51.5,52.6,3307.1,1,1935.86
3724,755,69.6,34.0,4662.22,1,2530.78
3725,743,78.4,56.5,4641.37,1,4116.75
3726,688,103.3,48.0,5974.92,0,2641.61
3727,736,100.7,27.1,4224.44,1,1974.6
3728,773,83.7,25.4,5285.39,1,3959.82
3729,737,76.5,43.1,4754.51,1,2434.6
3730,691,73.3,35.7,4531.94,0,2883.61
3731,739,80.0,23.7,5670.16,1,4236.65
3732,698,50.9,37.6,4712.63,0,2310.11
3733,689,68.4,40.0,3023.5,0,1927.01
3734,766,61.3,50.8,4523.93,1,3898.36
3735,722,69.0,31.7,4688.84,1,2578.97
3736,797,92.3,42.1,5521.56,1,3849.44
3737,622,29.5,31.5,2519.88,0,2930.13
3738,664,81.9,38.7,3682.99,0,2437.83
3739,684,66.6,38.0,3757.09,0,2612.82
3740,688,52.8,32.5,3862.86,0,1436.54
3741,650,84.8,19.7,3825.98,0,2371.49
3742,734,36.0,37.0,4406.01,1,3844.74
3743,706,75.3,53.6,4984.8,1,3976.19
3744,735,59.3,62.9,2808.36,1,2959.39
3745,652,80.0,49.8,3898.94,0,2154.19
3746,734,110.9,53.9,5726.65,1,4596.8
3747,672,59.3,44.6,5101.36,0,2972.8
3748,672,92.3,25.6,4051.96,0,1981.76
3749,740,54.9,45.9,4642.36,1,3433.86
3750,694,37.7,37.1,2724.98,0,1470.8
3751,733,115.3,40.8,3794.25,1,3778.57
3752,719,31.1,47.8,4712.66,1,2729.88
3753,702,35.5,40.2,2964.77,1,2470.26
3754,652,56.9,41.6,2859.77,0,2425.04
3755,750,43.2,43.2,3978.78,1,2802.59
3756,679,70.4,43.7,3538.4,0,2691.72
3757,682,52.4,34.2,1979.13,0,1752.24
3758,730,60.2,40.7,4254.59,1,3034.62
3759,820,65.5,43.8,6092.28,1,4189.46
3760,714,81.9,46.2,6339.26,1,3288.19
3761,668,73.4,58.5,4126.64,0,3722.62
3762,582,46.4,55.8,3761.29,0,688.86
3763,621,70.7,43.4,2996.1,0,2028.39
3764,758,80.7,36.6,4269.79,1,2763.74
3765,751,97.3,55.9,5925.97,1,4237.4
3766,706,34.8,46.2,3835.05,1,2536.98
3767,736,70.4,60.5,5221.72,1,3933.36
3768,760,112.2,44.0,5136.57,1,3213.71
3769,653,33.0,31.7,2253.68,0,1344.17
3770,646,31.3,18.0,3226.23,0,2583.95
3771,717,64.5,66.7,4785.46,1,2940.64
3772,643,51.8,34.9,2174.05,0,771.74
3773,664,24.5,38.9,3246.93,0,1880.73
3774,784,66.1,31.7,5400.48,1,4981.67
3775,669,72.7,48.8,3545.57,0,1515.8
3776,701,94.0,48.9,4070.51,1,2982.8
3777,668,73.1,57.4,3361.27,0,729.54
3778,716,46.0,33.1,5172.25,1,3725.23
3779,680,55.0,42.2,3846.99,0,1540.57
3780,640,41.7,67.1,3608.58,0,2593.12
3781,709,75.0,44.6,4248.22,1,2617.97
3782,691,84.2,59.9,4173.67,0,1524.95
3783,673,61.7,53.1,4583.98,0,2233.94
3784,681,66.7,47.3,6586.71,0,2705.01
3785,757,66.2,34.4,5006.28,1,3992.74
3786,712,47.4,31.3,3781.97,1,2283.23
3787,678,75.8,50.9,4624.53,0,2358.09
3788,689,92.0,26.7,5245.67,0,2870.6
3789,707,82.1,44.1,4500.98,1,2297.91
3790,663,45.8,55.7,4606.38,0,2003.61
3791,794,110.9,41.7,5152.51,1,4228.9
3792,694,59.7,34.8,4702.46,0,4009.32
3793,680,72.8,35.4,2268.35,0,1689.48
3794,777,90.3,45.7,4047.03,1,4092.7
3795,786,81.9,44.4,3971.92,1,2568.37
3796,682,91.9,56.3,4516.93,0,2547.67
3797,769,116.6,32.3,5681.31,1,2987.71
3798,737,87.9,45.1,5007.2,1,3373.63
3799,673,56.9,33.0,3989.05,0,2701.53
3800,697,74.3,34.8,3847.2,0,2104.56
3801,731,80.8,47.4,5274.1,1,2914.82
3802,715,90.9,37.4,5412.07,1,4599.48
3803,669,47.1,44.2,3246.92,0,2325.06
3804,640,18.6,43.2,3427.26,0,1535.1
3805,708,77.0,30.3,3600.4,1,2859.1
3806,680,104.3,35.2,5664.26,0,3137.18
3807,687,61.1,25.9,3811.31,0,2833.48
3808,722,94.7,35.1,5145.32,1,3407.04
3809,772,69.9,44.9,5453.33,1,3597.54
3810,749,90.5,42.8,4357.4,1,4012.8
3811,652,62.4,61.0,4909.41,0,1744.58
3812,745,130.9,55.9,6107.7,1,5234.72
3813,743,76.1,36.4,4144.52,1,2336.27
3814,595,58.4,46.0,1284.11,0,369.21
3815,652,88.5,39.4,3303.24,0,1996.4
3816,807,117.3,49.8,6420.94,1,5005.04
3817,704,74.6,48.9,4940.5,1,2680.59
3818,751,87.4,43.9,4913.73,1,3013.63
3819,706,98.0,55.9,4843.33,1,3718.21
3820,695,54.9,45.8,2148.61,0,2009.4
3821,718,58.9,39.7,5819.67,1,4318.36
3822,799,85.5,35.8,5976.22,1,4019.15
3823,696,50.4,39.1,2641.81,0,2141.64
3824,741,84.9,54.3,6074.49,1,4288.51
3825,701,67.9,20.6,4346.15,1,2766.25
3826,705,96.1,38.8,4815.65,1,3229.4
3827,738,73.4,39.2,5988.17,1,3675.39
3828,770,94.0,31.8,6076.26,1,3727.79
3829,771,63.0,23.7,4219.39,1,3371.91
3830,642,58.9,33.5,4418.49,0,2448.62
3831,702,56.1,43.5,4622.39,1,2876.47
3832,728,47.7,32.8,3046.41,1,2241.34
3833,620,29.0,34.4,619.07,0,1356.38
3834,695,80.4,52.2,5144.81,0,2929.16
3835,677,91.3,56.3,5032.21,0,3425.65
3836,663,71.5,36.3,3797.61,0,2370.96
3837,688,50.6,36.3,3018.89,0,2025.28
3838,706,63.0,37.9,3795.13,1,2721.41
3839,732,74.3,34.6,4379.17,1,3957.36
3840,718,32.3,44.9,3552.8,1,3136.11
3841,694,99.3,35.3,3605.94,0,2287.35
3842,636,28.5,42.9,5134.15,0,3389.32
3843,702,71.0,38.3,4000.27,1,3501.61
3844,771,47.9,52.8,5859.55,1,3205.86
3845,639,18.5,18.0,3120.8,0,1212.37
3846,773,118.5,48.8,5863.11,1,4189.46
3847,808,58.5,63.3,6521.89,1,5932.01
3848,675,53.4,34.0,2958.49,0,2035.91
3849,742,87.7,47.6,3311.41,1,3223.58
3850,717,73.6,34.7,3414.25,1,3862.59
3851,729,74.6,41.1,5790.8,1,4725.6
3852,714,52.5,39.3,3665.45,1,3919.69
3853,712,61.2,50.1,4032.15,1,3002.58
3854,680,64.6,44.9,3922.11,0,1901.03
3855,740,74.3,32.2,3704.41,1,3624.36
3856,704,50.6,51.2,3747.34,1,3029.3
3857,744,101.6,41.8,5854.17,1,3704.38
3858,754,77.9,42.2,7289.07,1,4649.38
3859,704,108.2,36.7,4738.92,1,3678.79
3860,698,80.5,47.8,4724.43,0,2505.17
3861,667,96.8,28.8,3881.33,0,1870.79
3862,733,54.6,27.2,3631.13,1,3526.38
3863,643,76.7,40.1,3685.66,0,1907.07
3864,725,86.9,46.3,4557.95,1,2707.65
3865,693,46.4,32.8,3427.6,0,2774.22
3866,726,62.5,53.6,2478.24,1,2073.96
3867,720,89.1,54.3,4032.44,1,2517.17
3868,608,40.4,36.5,1645.37,0,2074.57
3869,671,77.5,42.6,5725.7,0,3410.19
3870,600,46.2,35.8,2335.99,0,2125.03
3871,729,78.6,35.0,6049.67,1,4876.45
3872,780,71.3,52.9,3731.94,1,2589.82
3873,621,89.8,27.7,4306.67,0,1885.82
3874,736,49.5,60.3,4030.48,1,2860.57
3875,632,71.1,37.2,3017.36,0,1406.99
3876,735,57.6,38.0,3920.74,1,3083.84
3877,630,58.2,33.1,3332.26,0,2630.99
3878,687,42.3,46.5,4677.1,0,2355.24
3879,708,83.1,23.5,4027.78,1,3088.02
3880,623,45.4,46.9,3047.21,0,1044.56
3881,703,44.9,58.6,4312.23,1,3943.5
3882,662,88.6,59.8,4561.48,0,2173.83
3883,734,113.7,35.0,6761.71,1,4788.52
3884,745,97.6,36.9,5248.55,1,3203.2
3885,780,138.7,52.7,6690.21,1,5425.07
3886,671,42.1,42.6,3646.09,0,1911.12
3887,743,43.9,35.9,2738.16,1,3188.14
3888,526,70.6,47.1,1873.69,0,272.46
3889,779,89.5,52.1,6106.0,1,3957.43
3890,734,94.9,38.5,6950.92,1,3550.32
3891,749,79.0,47.5,4630.78,1,3205.43
3892,751,98.2,62.3,4298.13,1,3015.34
3893,787,84.8,50.5,5910.07,1,4829.34
3894,783,75.1,51.5,4830.28,1,4172.27
3895,671,19.0,42.3,2899.9,0,979.52
3896,702,75.7,46.7,4945.16,1,3668.25
3897,771,73.8,21.5,4732.6,1,3496.63
3898,616,49.3,21.9,3841.35,0,682.91
3899,585,47.1,45.1,2393.74,0,970.81
3900,707,103.9,51.9,5566.87,1,2982.5
3901,723,88.2,32.8,3350.52,1,2459.75
3902,573,42.5,43.0,1684.68,0,1828.02
3903,730,104.0,63.0,4527.81,1,4123.72
3904,731,92.4,50.3,4949.97,1,4380.29
3905,788,95.1,35.0,3739.31,1,3531.4
3906,709,81.7,37.6,4988.16,1,3806.85
3907,684,69.8,33.6,3522.41,0,1744.26
3908,696,82.2,41.6,5568.36,0,3296.73
3909,675,61.8,50.1,4018.93,0,1618.33
3910,638,22.0,51.8,1848.41,0,1460.99
3911,683,68.7,40.7,4097.08,0,2176.95
3912,683,73.9,57.5,4461.43,0,1448.48
3913,751,101.0,38.4,5218.81,1,3394.9
3914,666,18.0,40.3,3076.86,0,2317.04
3915,701,65.4,43.7,4199.4,1,3017.36
3916,760,92.6,50.3,5510.67,1,4673.41
3917,709,76.9,53.6,4535.31,1,3113.71
3918,607,31.8,27.4,1623.95,0,1491.34
3919,676,96.8,52.9,2858.01,0,1824.57
3920,736,70.0,42.6,4347.38,1,2781.31
3921,709,50.0,54.7,4386.79,1,1943.14
3922,698,72.0,42.2,4701.3,0,2885.51
3923,623,18.0,36.5,2332.11,0,2118.39
3924,715,85.5,52.4,3808.1,1,2878.29
3925,635,24.7,35.6,2597.52,0,1171.68
3926,739,43.9,56.6,2806.38,1,3621.67
3927,714,64.6,32.5,4358.51,1,4113.32
3928,712,64.6,45.3,5361.67,1,3464.76
3929,606,46.0,44.3,1952.88,0,187.03
3930,764,95.1,42.1,5992.89,1,4310.33
3931,789,70.6,35.2,4637.82,1,4219.71
3932,736,81.2,40.2,5384.83,1,3423.49
3933,802,94.8,42.8,6207.53,1,4834.79
3934,647,34.2,50.8,3506.17,0,2206.92
3935,710,71.6,49.7,4377.97,1,1908.32
3936,627,100.0,34.5,3301.9,0,2236.02
3937,639,82.9,42.4,2491.76,0,1649.36
3938,608,52.4,39.8,2245.78,0,1596.04
3939,699,46.7,45.9,3614.88,0,2102.96
3940,683,75.0,29.1,4510.47,0,2390.33
3941,748,47.8,47.6,3036.27,1,3276.67
3942,715,75.3,52.1,4923.95,1,3886.12
3943,742,109.7,38.3,4392.79,1,3712.23
3944,700,40.7,42.5,4154.96,1,2551.03
3945,802,69.4,33.0,5415.22,1,3326.35
3946,679,87.0,45.1,6048.26,0,2477.21
3947,719,30.2,48.8,4427.01,1,2752.64
3948,689,89.2,71.5,4699.64,0,2270.56
3949,733,62.7,40.4,4064.11,1,2698.79
3950,767,64.8,40.9,4115.68,1,3050.42
3951,726,108.5,46.9,6527.98,1,5022.01
3952,694,76.3,35.7,4981.45,0,2978.95
3953,713,56.6,68.6,3576.4,1,3195.82
3954,686,87.1,47.5,4979.55,0,2438.3
3955,668,81.4,54.5,3555.67,0,1234.48
3956,651,51.6,32.2,2892.85,0,3035.35
3957,712,33.4,54.8,2477.65,1,2525.86
3958,641,64.1,50.8,2783.01,0,2062.11
3959,643,61.2,26.4,5030.51,0,2935.78
3960,760,94.7,20.6,4305.46,1,2738.21
3961,692,65.9,49.7,4787.96,0,1729.61
3962,667,75.2,57.8,3603.43,0,2425.32
3963,709,82.9,49.0,4799.48,1,4243.27
3964,661,75.5,44.5,3341.31,0,885.27
3965,733,105.0,46.2,6676.35,1,5281.3
3966,763,64.6,38.5,4762.2,1,2675.08
3967,772,59.8,41.6,6056.94,1,4839.8
3968,687,98.3,33.6,3400.27,0,2229.02
3969,676,88.1,31.4,4544.52,0,2973.3
3970,676,58.0,54.0,4159.19,0,2200.15
3971,777,97.8,41.8,5287.34,1,3304.99
3972,641,95.5,45.8,2998.26,0,2352.25
3973,638,60.7,38.7,3741.16,0,1914.78
3974,719,73.3,50.8,3786.41,1,3205.12
3975,664,119.1,53.4,4426.15,0,3686.61
3976,688,68.6,42.2,3492.51,0,1587.54
3977,702,58.1,62.6,3122.29,1,1328.68
3978,746,72.7,47.5,4678.9,1,3625.32
3979,752,82.6,33.5,4492.91,1,2862.57
3980,595,24.1,31.9,2718.16,0,367.11
3981,708,77.3,47.7,4319.05,1,3180.51
3982,743,90.7,42.5,5062.22,1,3797.75
3983,683,51.8,24.5,3652.62,0,1584.65
3984,642,56.0,33.4,2756.96,0,1859.57
3985,756,114.2,42.9,6631.93,1,5208.22
3986,660,50.0,35.2,4924.9,0,3175.38
3987,662,64.1,41.7,2956.04,0,2116.74
3988,718,79.0,50.5,4784.48,1,3600.64
3989,580,18.0,52.7,740.09,0,977.24
3990,721,56.2,55.6,3749.18,1,3265.04
3991,633,61.6,45.4,1988.45,0,958.34
3992,717,60.1,38.6,3079.83,1,1469.8
3993,715,112.4,35.7,5680.09,1,2499.82
3994,649,82.6,32.2,5542.15,0,3808.05
3995,704,73.7,41.8,3491.71,1,2675.47
3996,605,73.1,37.3,6168.54,0,3473.29
3997,731,71.9,46.4,3274.98,1,2535.02
3998,641,30.9,25.4,3084.57,0,442.69
3999,704,35.4,51.4,3232.88,1,3217.72
4000,707,54.6,29.5,4263.77,1,3524.32
4001,708,61.0,22.7,4522.76,1,3131.19
4002,648,73.2,42.3,3194.59,0,2479.89
4003,662,64.3,27.6,4081.45,0,1575.66
4004,776,87.4,50.9,5276.32,1,4194.84
4005,693,78.3,44.8,2919.48,0,2224.73
4006,772,119.4,45.8,6419.31,1,4082.03
4007,697,99.4,34.2,2904.57,0,1791.73
4008,648,60.8,51.8,2269.34,0,2117.86
4009,742,109.7,30.5,4062.2,1,3441.33
4010,716,55.5,41.7,3131.3,1,1680.21
4011,726,46.4,36.8,3665.83,1,2481.24
4012,682,80.2,24.4,4933.82,0,2059.04
4013,737,24.5,50.3,3178.72,1,2139.84
4014,699,80.6,63.4,4424.65,0,1796.57
4015,729,38.3,43.4,3429.19,1,3160.88
4016,753,93.2,35.9,6707.26,1,4876.94
4017,609,42.0,36.9,569.4,0,-279.34
4018,693,43.0,47.4,3270.08,0,1670.08
4019,634,94.7,53.2,4588.09,0,2231.44
4020,688,88.1,32.4,4400.47,0,2349.43
4021,686,66.0,59.9,5062.33,0,3287.28
4022,719,81.2,51.4,3581.9,1,1960.3
4023,740,91.0,40.1,3923.89,1,3331.9
4024,689,105.9,46.7,5722.55,0,2319.45
4025,647,51.5,24.7,1114.65,0,1354.86
4026,711,39.5,56.6,4793.37,1,4424.07
4027,702,92.7,25.9,5557.87,1,3028.41
4028,710,66.0,50.6,3861.17,1,3126.8
4029,642,73.4,63.3,4654.76,0,-54.19
4030,683,73.1,37.2,5392.26,0,1883.5
4031,722,105.5,42.1,6337.84,1,4036.41
4032,712,69.3,40.4,4325.4,1,4464.9
4033,664,65.7,57.4,5392.37,0,2639.28
4034,694,43.4,43.5,3795.73,0,2314.81
4035,637,47.7,29.5,5614.23,0,4001.59
4036,689,90.2,30.1,4766.6,0,2117.96
4037,692,56.1,52.5,3426.34,0,2659.27
4038,706,46.9,32.4,2749.81,1,3737.44
4039,678,96.7,43.0,4478.4,0,3063.63
4040,695,47.7,45.9,4581.69,0,2740.24
4041,622,95.0,35.8,5188.37,0,2935.72
4042,651,58.7,18.0,2754.37,0,1762.89
4043,693,83.6,44.6,4996.28,0,2434.98
4044,763,34.6,28.9,4612.71,1,4088.19
4045,682,43.2,27.9,5038.77,0,2386.05
4046,715,86.2,33.5,6726.07,1,3807.33
4047,668,37.8,37.1,2927.88,0,2704.61
4048,701,72.0,18.0,4534.32,1,3432.54
4049,647,76.9,23.5,2253.1,0,1080.02
4050,734,124.6,41.4,5392.61,1,2694.92
4051,716,25.1,38.4,3762.39,1,2456.47
4052,677,19.0,39.5,2625.51,0,1961.99
4053,705,78.5,26.8,4051.07,1,4589.3
4054,732,47.2,33.6,3466.03,1,2631.34
4055,625,80.5,50.6,4001.86,0,1498.62
4056,745,88.2,26.1,3883.23,1,3363.07
4057,625,18.0,32.4,2172.72,0,1443.79
4058,769,88.0,42.1,3047.94,1,3499.06
4059,685,67.8,33.4,3906.84,0,2637.46
4060,633,86.3,51.5,2823.18,0,1038.66
4061,689,45.7,46.5,3263.0,0,1519.13
4062,630,51.6,57.3,2194.55,0,1206.52
4063,665,89.2,55.0,3432.6,0,2390.99
4064,693,49.4,48.3,3563.28,0,985.64
4065,659,51.9,30.3,3765.49,0,2664.03
4066,663,100.4,63.5,3944.04,0,2739.56
4067,722,32.3,29.5,4460.19,1,3566.67
4068,730,84.0,40.1,4203.04,1,2848.65
4069,698,45.9,22.4,3191.94,0,576.66
4070,724,33.6,44.3,6079.41,1,3670.65
4071,717,56.3,41.5,4526.94,1,3235.74
4072,650,77.1,37.9,998.66,0,969.73
4073,710,27.9,57.3,3637.84,1,2941.41
4074,669,83.9,44.0,4815.15,0,2600.9
4075,676,75.8,53.8,2390.46,0,2244.27
4076,659,54.7,44.8,4406.61,0,1323.43
4077,712,88.1,54.2,4645.49,1,3530.65
4078,796,93.4,39.9,6167.14,1,3445.13
4079,650,64.8,36.5,4099.46,0,3722.26
4080,765,88.2,35.8,4908.18,1,3721.46
4081,679,53.2,24.2,3101.48,0,1650.02
4082,739,57.9,35.1,5142.86,1,3963.03
4083,740,49.6,27.4,5446.34,1,4177.98
4084,690,21.1,50.5,2627.64,0,2865.58
4085,673,85.1,54.1,4399.39,0,2408.64
4086,687,45.2,41.3,3388.96,0,1508.08
4087,710,116.8,51.1,7461.8,1,3224.92
4088,775,52.4,29.4,6064.96,1,3584.99
4089,642,45.5,29.6,4146.66,0,3733.27
4090,654,57.3,42.0,2385.93,0,1814.06
4091,690,61.6,49.2,4607.01,0,2767.74
4092,656,86.5,40.8,3744.42,0,1896.98
4093,669,48.4,37.5,3268.22,0,1557.53
4094,720,75.9,69.3,4635.4,1,3137.53
4095,739,75.2,54.9,5445.6,1,4540.17
4096,719,71.0,57.3,5645.02,1,3520.68
4097,742,52.2,18.0,4149.1,1,4434.84
4098,690,49.9,47.8,3176.84,0,2598.02
4099,703,62.4,53.0,3777.02,1,2992.38
4100,837,65.0,66.4,4882.0,1,4697.19
4101,738,104.9,33.8,4739.83,1,3719.87
4102,755,107.4,31.4,4917.3,1,3927.88
4103,764,80.8,59.4,4595.28,1,3592.56
4104,737,105.7,33.3,3693.91,1,4606.03
4105,684,86.2,55.6,4708.05,0,807.35
4106,748,37.0,40.0,3838.36,1,2860.15
4107,657,18.0,49.0,4473.81,0,2400.48
4108,717,82.7,41.6,5340.86,1,3302.47
4109,689,46.8,49.4,4292.64,0,2825.33
4110,633,93.3,18.0,2499.27,0,1049.68
4111,705,58.7,31.8,3569.36,1,2269.66
4112,733,83.2,36.1,5318.44,1,3626.17
4113,775,74.9,34.6,6902.07,1,5390.43
4114,768,41.3,34.6,3323.66,1,3107.24
4115,706,79.4,46.1,4079.15,1,2903.42
4116,669,64.4,37.5,3647.17,0,1732.45
4117,610,44.6,34.5,2636.1,0,212.55
4118,690,85.9,55.2,3067.58,0,2029.55
4119,626,89.8,52.9,3577.49,0,2639.86
4120,743,91.8,45.7,3859.34,1,2987.96
4121,683,81.3,41.1,6069.88,0,3355.28
4122,671,19.2,39.8,2469.34,0,900.26
4123,741,106.9,54.4,5825.84,1,4506.53
4124,710,75.2,24.4,5711.05,1,4082.35
4125,685,91.7,39.1,4583.76,0,2170.58
4126,695,64.5,34.8,5928.4,0,3580.89
4127,819,108.3,36.4,6515.63,1,4926.67
4128,671,64.2,48.0,3785.59,0,2873.88
4129,695,90.6,41.3,5258.04,0,2685.83
4130,668,57.1,60.5,3754.44,0,1926.59
4131,683,68.8,46.1,3365.38,0,2408.53
4132,739,26.9,33.2,4072.28,1,3053.78
4133,598,45.1,44.5,3540.03,0,3147.97
4134,655,87.9,30.1,3303.01,0,2124.08
4135,733,97.7,32.9,3826.82,1,2386.47
4136,690,77.3,43.1,4497.7,0,1490.6
4137,664,53.1,28.8,5341.86,0,3143.06
4138,756,61.8,54.9,2390.16,1,4293.23
4139,710,26.2,47.6,3888.54,1,2374.57
4140,622,49.2,37.0,2190.91,0,1683.36
4141,629,18.0,57.7,4491.83,0,1811.74
4142,613,18.0,26.6,2848.27,0,2560.66
4143,672,49.5,26.0,2320.52,0,2456.48
4144,620,52.6,26.4,2511.97,0,989.06
4145,716,85.7,75.0,5398.66,1,4140.8
4146,676,63.4,47.2,3881.01,0,2966.12
4147,596,97.1,40.6,2545.29,0,1747.26
4148,656,54.8,72.3,4134.08,0,1480.34
4149,691,90.5,43.4,4435.39,0,2746.6
4150,736,75.9,52.7,5824.6,1,4944.38
4151,670,51.2,42.1,4461.41,0,2775.95
4152,683,69.4,23.6,4224.91,0,3236.34
4153,636,73.9,23.2,3979.55,0,1831.25
4154,624,68.3,53.3,3665.19,0,2036.1
4155,719,31.6,50.1,3187.86,1,3181.21
4156,776,96.1,52.1,4962.58,1,2926.3
4157,670,50.6,30.5,2372.34,0,2993.18
4158,723,74.0,27.6,4054.56,1,4126.28
4159,706,93.9,46.8,4933.91,1,4021.84
4160,616,62.4,57.0,5897.35,0,2482.88
4161,681,65.2,33.1,5603.16,0,2985.94
4162,772,82.1,46.3,6590.3,1,4426.51
4163,741,44.5,50.2,4990.69,1,4005.76
4164,665,38.6,40.1,2931.53,0,1592.78
4165,702,56.0,29.1,5713.1,1,3148.69
4166,715,105.3,45.3,3642.09,1,3038.13
4167,613,89.0,44.3,5107.02,0,2480.38
4168,756,100.5,41.4,3943.39,1,2826.6
4169,808,82.2,56.7,5010.61,1,3139.38
4170,673,119.2,25.6,4747.47,0,3253.11
4171,696,90.9,36.8,6752.97,0,2828.97
4172,761,72.0,34.6,4836.95,1,3974.91
4173,656,59.5,26.3,4858.2,0,3082.47
4174,666,46.5,54.6,4657.26,0,2599.42
4175,745,75.9,60.9,4784.77,1,3015.86
4176,716,88.8,37.6,4931.75,1,3376.86
4177,732,68.9,70.5,3836.38,1,4140.44
4178,710,52.0,55.2,4467.68,1,3378.73
4179,594,35.1,52.1,1788.56,0,1141.15
4180,610,35.5,26.1,2099.94,0,1379.4
4181,756,70.3,49.1,5239.48,1,3744.66
4182,639,70.1,46.0,3896.82,0,2599.73
4183,696,34.4,38.1,3394.85,0,2437.76
4184,665,88.0,42.2,3898.52,0,1090.06
4185,672,49.9,41.4,4191.75,0,1943.0
4186,727,70.1,45.6,5015.29,1,4319.88
4187,650,80.0,46.2,3116.14,0,1595.72
4188,665,54.6,35.8,3861.87,0,2680.04
4189,709,58.9,22.1,4127.32,1,3121.36
4190,772,72.4,59.6,4482.08,1,3662.29
4191,663,69.0,37.0,2485.19,0,1493.6
4192,780,75.5,47.0,3867.63,1,2085.86
4193,670,62.7,71.8,4290.3,0,1731.39
4194,678,85.2,52.8,2018.43,0,1570.28
4195,662,61.7,37.9,2427.7,0,1905.29
4196,763,110.3,39.6,5945.96,1,3419.01
4197,752,98.1,37.6,5064.86,1,2361.39
4198,709,80.8,58.0,3943.83,1,2178.42
4199,608,48.7,33.7,3101.24,0,2279.87
4200,687,65.3,18.3,4175.08,0,2149.81
4201,663,56.6,23.1,4598.44,0,2131.46
4202,581,36.6,36.7,3724.31,0,2212.66
4203,716,55.1,36.8,4434.43,1,3695.68
4204,649,68.1,53.7,2722.0,0,1229.24
4205,699,116.8,25.6,4763.87,0,3078.4
4206,668,26.5,49.3,4504.28,0,2564.57
4207,719,84.4,29.5,5615.16,1,4977.56
4208,664,61.9,36.6,2907.23,0,1645.98
4209,752,59.9,43.6,4929.5,1,3252.68
4210,708,83.5,37.9,3766.12,1,2758.7
4211,705,47.8,43.4,1962.78,1,2039.16
4212,734,98.2,58.1,4432.68,1,3483.44
4213,664,63.6,53.1,3249.08,0,1611.61
4214,704,67.2,42.0,1552.22,1,3033.2
4215,727,44.7,42.0,3883.33,1,3437.15
4216,706,94.1,52.2,3509.8,1,3386.5
4217,674,57.7,39.2,4280.58,0,3347.04
4218,787,77.1,54.6,6306.73,1,4937.57
4219,665,38.8,40.4,4061.22,0,2702.93
4220,686,45.2,28.8,3399.97,0,2703.5
4221,676,71.1,58.6,4692.97,0,2231.85
4222,737,35.5,62.6,3631.46,1,2808.21
4223,664,60.5,53.1,3512.21,0,2425.61
4224,734,81.5,55.1,5836.03,1,4418.33
4225,707,108.0,28.2,5365.41,1,4070.15
4226,642,57.7,50.8,4932.3,0,1789.29
4227,699,63.1,51.7,2897.91,0,2069.08
4228,641,43.1,25.1,3639.4,0,2241.07
4229,748,91.4,57.9,5519.32,1,3879.18
4230,639,61.7,57.6,2913.47,0,1773.45
4231,728,90.2,30.7,5354.6,1,3387.88
4232,670,62.3,44.6,4088.1,0,1111.17
4233,644,57.3,35.7,4472.6,0,2048.49
4234,741,79.2,55.3,5119.18,1,3044.43
4235,760,125.6,40.0,7070.92,1,5409.66
4236,751,81.6,33.4,3260.37,1,3345.96
4237,818,87.9,50.0,7025.46,1,3857.68
4238,772,67.6,46.6,6273.62,1,4598.16
4239,801,146.5,48.9,6153.32,1,3824.31
4240,662,47.0,18.0,2217.86,0,932.7
4241,724,63.0,47.7,4749.22,1,4076.82
4242,735,121.4,52.2,5092.38,1,4946.5
4243,718,52.5,30.5,4343.5,1,2533.7
4244,804,64.9,49.7,4112.32,1,3919.74
4245,625,55.4,40.3,1646.84,0,1869.62
4246,672,86.7,43.8,3054.54,0,2079.77
4247,691,66.5,23.3,2809.53,0,2163.1
4248,755,92.9,41.4,4958.24,1,2933.35
4249,692,72.1,56.0,5235.42,0,2477.72
4250,761,110.7,38.0,7008.69,1,4268.85
4251,759,73.9,35.7,3485.15,1,4123.05
4252,711,76.0,41.3,5020.36,1,4041.61
4253,746,82.8,48.0,4475.92,1,3189.39
4254,743,86.0,29.3,5096.88,1,4605.49
4255,622,86.8,55.2,4394.97,0,805.32
4256,682,65.6,35.0,4077.25,0,1739.64
4257,681,63.4,39.7,4141.17,0,1716.7
4258,627,32.9,30.6,2573.5,0,2064.64
4259,779,112.6,47.4,5989.43,1,3485.48
4260,661,34.2,48.2,3011.98,0,1671.39
4261,652,62.2,56.4,4670.51,0,1710.48
4262,690,67.9,40.2,4057.38,0,1688.33
4263,757,96.5,50.2,5220.87,1,4521.57
4264,707,49.8,64.1,4941.85,1,3257.25
4265,670,48.5,30.0,2220.44,0,2231.71
4266,695,47.7,34.7,1793.33,0,1901.48
4267,776,103.7,33.4,5906.66,1,4577.88
4268,707,81.0,34.2,5275.46,1,3507.14
4269,715,77.0,25.7,4376.21,1,3534.5
4270,722,83.1,24.0,5770.03,1,3036.59
4271,658,71.1,19.4,4959.08,0,2474.47
4272,680,86.4,36.8,4194.77,0,2932.12
4273,735,79.5,30.7,4047.59,1,1764.12
4274,656,88.4,46.4,1922.83,0,607.01
4275,784,89.7,27.2,4656.74,1,5130.06
4276,832,88.5,33.4,4648.61,1,3698.45
4277,687,68.7,46.6,3046.1,0,2125.29
4278,647,88.0,50.8,4941.05,0,2011.62
4279,626,45.8,24.9,3213.11,0,894.78
4280,707,49.0,18.0,2706.64,1,1333.93
4281,632,101.5,49.8,5914.11,0,2728.02
4282,721,51.4,44.5,5484.99,1,3924.07
4283,627,80.2,53.6,4262.92,0,3039.15
4284,677,41.3,35.9,4216.54,0,3452.79
4285,720,65.8,28.4,4333.2,1,3055.95
4286,712,90.3,48.1,6573.6,1,5568.06
4287,699,74.4,42.0,3635.05,0,2411.42
4288,694,71.6,42.3,4083.64,0,1901.45
4289,676,58.9,43.4,3303.34,0,1230.04
4290,689,83.0,55.5,5711.85,0,3416.67
4291,718,81.8,41.2,4854.86,1,3986.52
4292,667,25.8,40.7,4442.1,0,1487.99
4293,745,82.2,38.7,4974.42,1,4562.33
4294,658,22.7,41.7,3585.14,0,2616.79
4295,703,91.7,27.6,4244.33,1,2622.23
4296,625,67.0,46.7,4460.43,0,3580.42
4297,712,49.6,39.4,4004.29,1,2419.49
4298,759,70.9,48.4,4275.11,1,3532.9
4299,728,112.6,49.4,6134.99,1,4354.74
4300,732,138.6,40.2,5767.17,1,3165.86
4301,681,40.4,51.3,3437.06,0,1797.26
4302,726,88.7,29.1,5518.27,1,3519.59
4303,670,93.4,58.2,3949.88,0,2269.91
4304,714,88.1,35.7,5917.12,1,4601.15
4305,738,104.8,36.4,5721.11,1,4755.29
4306,736,50.2,37.8,4447.86,1,3338.32
4307,756,78.3,50.5,4195.13,1,3010.84
4308,605,24.8,31.4,2268.83,0,2034.99
4309,661,81.1,48.4,2546.16,0,2081.38
4310,757,76.7,55.6,4280.83,1,3314.19
4311,668,67.2,26.1,3432.64,0,1311.14
4312,638,59.1,39.4,2866.78,0,2304.22
4313,723,41.9,41.1,4551.62,1,2776.29
4314,724,79.3,28.0,4196.65,1,4688.35
4315,655,27.3,36.1,3571.89,0,1277.78
4316,766,71.1,54.7,5091.76,1,3384.06
4317,666,60.9,19.2,2949.29,0,1663.41
4318,596,62.8,48.7,757.13,0,36.64
4319,746,55.6,46.7,4897.89,1,3655.05
4320,643,35.2,47.6,1938.17,0,1404.91
4321,719,43.9,38.2,3196.27,1,1922.65
4322,768,67.4,64.7,5776.44,1,4945.53
4323,660,66.9,48.3,4853.0,0,1950.8
4324,793,72.8,49.1,5570.13,1,4758.31
4325,706,63.7,46.0,1442.32,1,1997.07
4326,606,74.6,45.1,4955.53,0,3503.8
4327,632,42.3,25.8,4431.15,0,2779.98
4328,691,72.6,29.5,3633.33,0,1916.4
4329,635,61.8,39.2,4169.61,0,2128.7
4330,692,75.7,42.2,3904.63,0,2536.01
4331,727,91.4,35.9,6240.36,1,3481.07
4332,664,57.3,35.3,3916.12,0,2740.43
4333,692,57.2,32.3,4129.19,0,2829.8
4334,718,89.7,43.3,4878.26,1,2473.5
4335,701,94.3,54.5,3877.18,1,2845.15
4336,721,60.6,58.1,3821.91,1,2784.23
4337,653,60.0,28.2,2829.06,0,2476.89
4338,766,109.2,39.3,5701.97,1,3728.75
4339,637,32.4,60.1,3953.31,0,2333.27
4340,591,69.2,39.8,3065.54,0,1128.8
4341,740,115.1,50.2,5118.14,1,4186.69
4342,703,71.3,34.9,4264.33,1,3338.29
4343,796,81.5,34.9,6593.56,1,4700.04
4344,651,77.1,29.1,3249.43,0,962.37
4345,695,80.9,38.1,4119.06,0,3079.92
4346,678,47.5,75.0,2914.91,0,2432.77
4347,662,56.9,48.4,2474.37,0,2157.3
4348,659,105.7,39.1,4679.84,0,1607.63
4349,763,66.1,42.3,4116.5,1,3248.15
4350,684,68.6,32.6,3772.43,0,1816.62
4351,750,123.2,29.6,6935.6,1,4717.9
4352,737,82.1,28.8,6113.51,1,4277.91
4353,678,48.1,44.9,4331.88,0,2698.37
4354,731,118.5,19.3,4996.8,1,3969.39
4355,765,64.7,47.3,3895.91,1,3545.94
4356,748,76.0,63.6,4468.94,1,1529.59
4357,718,73.8,47.3,4623.18,1,2772.46
4358,659,18.0,29.1,2395.65,0,1388.28
4359,632,56.0,39.7,3826.72,0,1234.52
4360,587,47.6,44.6,1563.36,0,1060.87
4361,777,92.2,34.0,5323.19,1,3867.64
4362,666,93.1,55.9,4495.27,0,2788.0
4363,745,67.6,52.5,5421.17,1,3537.16
4364,653,47.1,48.1,3529.7,0,1595.5
4365,642,65.4,46.3,3045.55,0,1439.11
4366,651,21.8,46.0,2820.77,0,1623.74
4367,700,38.7,36.9,4205.8,1,2848.79
4368,576,97.0,55.0,4237.05,0,3019.0
4369,680,81.7,31.1,5335.47,0,2625.33
4370,692,43.4,37.4,3703.88,0,2743.62
4371,676,50.4,65.4,4232.37,0,1931.27
4372,751,86.1,39.0,5427.09,1,3885.01
4373,722,66.4,64.4,4138.41,1,3348.88
4374,794,93.4,27.8,5452.84,1,4154.5
4375,730,80.9,46.5,5995.0,1,4736.45
4376,792,99.6,33.8,5222.89,1,3792.49
4377,671,54.7,63.7,3508.11,0,1420.42
4378,747,75.7,35.3,5508.0,1,2797.22
4379,663,24.8,31.7,3633.16,0,2497.07
4380,762,110.7,31.0,3858.43,1,3245.12
4381,666,75.2,28.1,3433.97,0,2882.04
4382,730,54.3,51.0,6526.03,1,3409.89
4383,654,54.7,49.5,3190.58,0,1867.56
4384,715,64.5,59.4,3949.04,1,2456.34
4385,621,67.6,40.2,3832.85,0,2003.05
4386,629,37.5,29.0,1421.45,0,1101.02
4387,653,84.8,49.3,5302.12,0,2369.0
4388,710,68.3,29.1,2903.05,1,3066.62
4389,765,62.3,54.7,4144.81,1,3535.66
4390,785,92.1,57.1,6748.16,1,4433.06
4391,692,30.0,32.9,3578.69,0,1723.6
4392,727,103.2,25.3,6745.84,1,3013.33
4393,785,66.4,55.2,6138.87,1,4881.72
4394,731,102.1,41.9,5604.72,1,4016.96
4395,577,60.3,37.6,2047.29,0,1390.63
4396,752,56.6,47.4,4443.92,1,3360.55
4397,666,60.3,33.4,3374.84,0,1991.79
4398,634,71.9,47.3,3879.74,0,2081.3
4399,655,88.1,63.3,3763.86,0,1389.53
4400,702,35.1,56.9,2960.37,1,3001.95
4401,716,76.0,38.3,3152.35,1,2378.25
4402,696,91.9,29.8,4928.82,0,2258.63
4403,717,98.0,36.7,5322.72,1,3544.49
4404,690,75.6,36.4,3827.5,0,2386.85
4405,642,47.4,23.5,3435.28,0,2941.39
4406,686,30.1,37.2,4217.09,0,2945.42
4407,663,65.9,47.6,3900.11,0,3105.09
4408,688,64.9,26.2,3782.33,0,2642.78
4409,688,74.4,25.2,6459.99,0,4104.33
4410,759,104.0,31.3,5684.25,1,3094.46
4411,781,63.1,46.8,3883.1,1,3417.94
4412,705,74.9,41.9,3838.56,1,3378.44
4413,708,69.1,33.7,4104.48,1,3462.36
4414,764,90.2,39.7,5589.58,1,3746.79
4415,619,46.2,34.5,1307.48,0,684.12
4416,689,72.2,39.7,4089.02,0,1891.32
4417,668,78.1,29.2,2789.27,0,2158.75
4418,738,61.0,35.9,3164.62,1,1507.28
4419,686,127.3,44.9,4326.82,0,3424.53
4420,710,61.3,23.3,4216.59,1,4176.18
4421,646,86.4,23.0,3612.65,0,486.09
4422,683,47.5,43.2,4115.92,0,3043.91
4423,661,47.5,42.4,3358.37,0,1362.7
4424,704,78.3,42.0,2637.84,1,2329.95
4425,743,68.1,52.0,6070.29,1,2519.19
4426,689,31.0,46.9,3577.55,0,3084.05
4427,721,52.5,43.8,4209.94,1,2921.8
4428,663,24.8,47.7,2083.05,0,1869.19
4429,643,38.9,65.0,3971.81,0,2481.92
4430,630,54.9,34.2,3008.72,0,2185.62
4431,652,94.5,42.2,3309.32,0,1665.64
4432,666,68.0,40.4,5540.78,0,3404.0
4433,778,79.5,67.1,6545.89,1,5044.34
4434,685,63.2,48.7,3796.48,0,1724.6
4435,692,48.1,44.6,2266.13,0,1331.34
4436,678,70.7,34.3,4968.67,0,1555.98
4437,701,72.0,30.7,3136.95,1,3718.98
4438,708,106.8,35.5,4438.77,1,2893.32
4439,588,65.3,50.9,3069.25,0,837.68
4440,615,72.8,40.8,2269.76,0,2464.61
4441,698,95.0,45.3,3760.95,0,2572.39
4442,702,57.8,45.6,4516.62,1,3074.99
4443,779,69.4,34.3,5544.26,1,3488.64
4444,698,38.6,46.2,2797.54,0,1996.25
4445,644,55.6,41.9,2073.8,0,1847.15
4446,727,87.3,21.7,4825.34,1,3707.63
4447,628,55.9,29.5,3136.3,0,2031.12
4448,738,104.6,39.8,3575.87,1,3099.71
4449,684,63.1,45.9,3465.21,0,1670.21
4450,835,96.4,57.2,7082.97,1,5389.31
4451,722,68.8,37.1,4642.99,1,3783.06
4452,706,46.8,38.4,3997.91,1,3035.03
4453,735,67.3,34.1,4493.41,1,2915.41
4454,654,38.7,35.2,4018.01,0,1441.87
4455,743,77.3,35.6,3632.41,1,2956.71
4456,635,45.2,33.7,2981.17,0,905.37
4457,630,47.9,33.7,2674.82,0,1571.52
4458,730,49.1,32.3,3904.42,1,3760.77
4459,750,70.4,44.4,5218.63,1,4132.8
4460,616,86.7,39.2,1084.06,0,1027.83
4461,654,73.0,29.8,3693.35,0,1500.41
4462,745,101.6,55.0,6075.73,1,3912.94
4463,704,58.9,39.5,4875.47,1,4333.14
4464,776,100.9,33.0,4374.42,1,3485.97
4465,776,99.6,35.3,6021.74,1,5598.75
4466,651,39.9,34.4,4041.9,0,602.41
4467,676,93.3,54.4,3432.84,0,1546.28
4468,694,63.2,27.7,3782.82,0,3674.23
4469,688,104.0,48.2,3603.82,0,2416.89
4470,658,69.2,44.3,4607.72,0,2253.23
4471,753,93.5,46.0,4725.63,1,4094.19
4472,752,76.3,59.1,3577.45,1,4650.79
4473,726,45.9,39.9,4724.61,1,3667.92
4474,840,73.5,51.1,5448.23,1,4523.5
4475,603,51.0,49.9,1647.5,0,310.43
4476,639,79.8,29.8,2360.62,0,2439.67
4477,610,90.2,37.0,4411.51,0,2163.34
4478,725,82.1,43.7,5300.44,1,4867.36
4479,684,72.6,35.0,4054.25,0,2545.65
4480,717,60.2,39.8,4477.28,1,3145.97
4481,755,98.8,48.3,5417.98,1,3316.21
4482,694,80.8,46.6,5326.48,0,3143.5
4483,693,45.9,47.3,4160.01,0,1476.89
4484,697,69.3,49.6,5568.5,0,2833.24
4485,656,78.2,24.8,3609.21,0,2641.43
4486,581,92.2,47.9,2702.6,0,617.78
4487,656,39.7,44.2,2622.99,0,2057.71
4488,674,77.3,28.0,2948.07,0,1767.3
4489,681,67.2,26.4,2679.45,0,2601.97
4490,688,58.7,54.8,4996.06,0,2974.37
4491,701,105.4,44.5,4776.32,1,4374.4
4492,759,95.8,58.0,6059.19,1,4879.1
4493,689,55.6,41.1,864.17,0,2087.66
4494,727,116.6,29.6,5909.08,1,3825.01
4495,658,49.6,34.7,4227.67,0,2130.13
4496,710,60.8,46.2,4162.8,1,2615.4
4497,774,80.6,46.0,4902.62,1,4354.5
4498,784,81.1,37.8,5180.72,1,4067.08
4499,677,100.6,58.4,5516.68,0,2862.47
4500,644,54.9,27.5,3730.66,0,2849.11
