client_id,industry,region,tenure_months,pre_revenue_k,treated,account_manager_calls_post,post_engagement,post_revenue_k
1,Tech,South,31.6,108.47,1,7,63.6,175.15
2,Manufacturing,South,67.0,10.0,0,0,23.7,-10.48
3,Services,Midwest,39.8,49.12,0,0,46.9,62.0
4,Manufacturing,Northeast,43.6,49.86,0,0,43.2,15.75
5,Services,South,56.4,114.55,1,6,70.0,127.75
6,Retail,West,57.8,71.03,0,0,41.2,69.56
7,Tech,Northeast,40.5,87.62,1,8,56.9,116.21
8,Retail,Northeast,14.8,109.91,1,9,75.5,148.54
9,Services,Midwest,11.5,31.07,0,0,34.5,23.62
10,Tech,West,45.1,41.53,0,0,56.0,24.66
11,Tech,South,27.7,74.06,1,5,63.5,76.09
12,Tech,Northeast,17.7,30.87,0,0,43.9,32.97
13,Manufacturing,West,54.0,49.91,0,0,37.6,67.09
14,Services,Midwest,119.2,128.91,1,8,60.0,171.99
15,Manufacturing,Northeast,47.1,47.17,0,1,53.2,70.46
16,Manufacturing,Midwest,19.1,71.05,0,0,52.2,85.5
17,Manufacturing,Midwest,118.4,42.75,0,1,50.3,49.73
18,Tech,Northeast,17.2,44.61,0,0,34.1,40.52
19,Tech,West,22.5,43.13,0,2,46.2,44.78
20,Services,West,18.0,28.95,0,3,36.5,49.57
21,Manufacturing,Northeast,99.7,79.91,0,0,48.8,88.88
22,Manufacturing,South,33.7,103.44,1,6,63.3,138.73
23,Manufacturing,West,76.9,49.4,0,2,53.8,56.17
24,Services,Northeast,57.3,48.28,1,5,49.8,71.11
25,Services,South,32.4,96.56,1,10,61.1,157.81
26,Tech,Midwest,72.9,91.54,1,4,38.1,122.88
27,Retail,West,48.7,122.79,0,2,43.5,115.73
28,Services,Midwest,16.3,113.16,1,10,70.9,153.45
29,Tech,Midwest,48.4,103.65,1,6,61.8,130.79
30,Tech,West,51.5,73.32,0,1,51.1,86.64
31,Manufacturing,West,48.9,55.99,0,2,48.2,55.96
32,Tech,Midwest,58.5,92.28,0,1,46.4,76.35
33,Tech,South,113.3,113.74,1,4,62.4,158.09
34,Manufacturing,South,71.0,65.56,1,5,58.1,129.02
35,Tech,Northeast,48.4,70.25,1,6,48.6,82.55
36,Tech,Northeast,30.9,48.92,0,5,40.4,75.69
37,Services,West,43.9,10.0,0,0,28.8,12.08
38,Services,West,32.4,90.48,0,2,52.3,124.67
39,Manufacturing,Midwest,144.1,103.79,0,0,48.4,96.6
40,Services,Northeast,61.5,89.41,1,5,58.7,110.27
41,Tech,South,82.2,130.74,1,6,58.3,188.19
42,Tech,South,31.6,149.07,1,7,60.9,218.25
43,Manufacturing,South,36.7,94.46,1,10,59.0,151.07
44,Retail,West,84.2,103.83,1,5,50.6,110.13
45,Retail,Northeast,52.4,121.1,1,8,66.2,157.0
46,Manufacturing,West,45.0,115.38,1,5,76.1,152.14
47,Services,Midwest,22.0,22.92,0,0,52.1,29.04
48,Retail,South,52.4,100.5,1,5,66.1,179.07
49,Services,Midwest,54.7,72.9,0,3,38.8,97.95
50,Tech,Northeast,85.9,93.18,0,0,42.7,121.19
51,Services,West,31.1,55.54,0,0,49.5,55.44
52,Tech,Midwest,96.2,50.84,0,1,43.1,41.15
53,Tech,Midwest,60.1,84.03,0,4,41.0,91.12
54,Services,Northeast,54.3,41.24,0,0,48.0,37.03
55,Retail,West,66.2,88.21,1,5,69.7,95.08
56,Manufacturing,South,61.2,91.05,1,6,56.3,120.7
57,Tech,Midwest,53.1,157.63,1,9,80.8,216.58
58,Manufacturing,Northeast,17.8,58.06,0,4,63.7,64.82
59,Retail,Midwest,24.1,78.13,0,4,44.8,108.43
60,Tech,South,16.9,105.52,1,5,57.3,127.97
61,Retail,Midwest,52.6,81.16,0,7,64.7,108.37
62,Manufacturing,Midwest,19.4,53.0,0,1,51.5,46.32
63,Manufacturing,South,14.1,40.85,0,3,46.8,66.28
64,Manufacturing,Northeast,20.0,10.0,0,0,38.4,9.72
65,Retail,South,31.6,30.04,0,0,46.2,39.62
66,Tech,South,35.7,104.23,1,7,53.3,145.06
67,Manufacturing,Midwest,32.8,106.52,1,10,67.6,109.27
68,Manufacturing,South,15.3,49.85,0,2,64.0,28.74
69,Services,Northeast,11.1,10.0,0,0,49.8,0.95
70,Services,West,78.2,75.57,0,2,51.6,72.24
71,Retail,Northeast,79.7,84.38,0,0,40.9,75.25
72,Retail,West,38.7,56.13,0,1,43.0,51.76
73,Retail,West,18.8,120.69,1,8,70.5,195.57
74,Services,Northeast,28.3,126.37,1,8,71.6,168.59
75,Manufacturing,Northeast,56.2,58.09,0,0,25.1,51.1
76,Services,Midwest,78.1,78.3,0,0,32.1,115.42
77,Tech,South,16.9,38.31,0,0,53.4,9.32
78,Services,South,70.9,132.7,1,8,51.5,194.02
79,Retail,Northeast,19.4,93.46,1,5,60.3,115.79
80,Retail,West,76.3,51.87,0,0,45.3,43.59
81,Manufacturing,Northeast,22.7,82.04,0,2,41.0,102.71
82,Retail,West,24.9,79.2,0,2,57.6,88.54
83,Retail,South,49.0,111.1,0,0,41.7,119.73
84,Tech,Midwest,48.3,92.54,1,6,67.6,146.57
85,Manufacturing,Northeast,32.2,54.26,0,0,45.3,58.37
86,Retail,West,46.9,65.75,0,0,46.5,58.0
87,Tech,West,68.8,83.81,0,0,53.8,81.38
88,Tech,West,58.3,94.78,1,5,44.4,133.15
89,Services,Midwest,42.4,34.5,0,3,35.0,61.52
90,Retail,Northeast,13.9,76.85,0,0,56.6,65.07
91,Tech,West,64.0,90.64,1,6,67.7,150.02
92,Retail,South,52.9,69.94,0,1,48.9,76.73
93,Tech,South,58.1,157.07,1,10,75.4,197.8
94,Tech,West,57.8,81.91,1,7,61.1,119.52
95,Services,South,92.6,104.56,1,8,54.1,157.08
96,Manufacturing,South,26.7,43.92,0,0,30.7,66.9
97,Retail,Northeast,32.2,52.73,0,0,35.1,71.45
98,Services,West,51.2,98.12,1,7,55.1,171.46
99,Services,Midwest,92.1,79.72,1,5,53.5,103.76
100,Manufacturing,Midwest,29.0,54.99,1,8,53.7,61.62
101,Services,West,45.1,90.8,0,1,53.7,75.45
102,Tech,West,26.8,62.2,1,6,56.2,88.87
103,Retail,Northeast,34.3,97.3,0,2,54.2,110.95
104,Tech,West,30.2,90.84,0,0,47.9,62.14
105,Manufacturing,West,42.5,106.23,0,0,51.0,106.43
106,Manufacturing,West,31.7,137.75,1,9,77.9,183.13
107,Retail,Northeast,70.0,105.54,0,4,55.2,89.23
108,Manufacturing,Northeast,76.1,89.57,0,0,49.9,81.74
109,Manufacturing,Northeast,125.1,44.58,0,2,43.9,65.28
110,Tech,South,31.9,142.07,1,11,59.8,215.58
111,Services,Midwest,43.3,115.63,0,1,50.4,99.84
112,Retail,West,14.3,58.49,0,0,64.9,37.63
113,Manufacturing,West,21.0,109.23,1,6,54.8,164.86
114,Manufacturing,Northeast,13.8,36.45,0,0,42.5,40.89
115,Tech,Northeast,59.6,84.69,0,0,34.1,83.77
116,Services,South,47.2,97.54,0,3,46.8,111.86
117,Services,South,18.0,82.03,0,2,51.6,98.59
118,Manufacturing,Midwest,51.5,113.28,0,3,54.7,153.72
119,Tech,Northeast,64.4,98.02,1,11,68.3,147.77
120,Tech,Northeast,38.7,66.4,1,6,69.5,99.77
121,Manufacturing,South,4.8,49.32,0,0,51.2,56.0
122,Retail,West,77.4,87.92,0,3,43.6,69.63
123,Retail,Northeast,51.2,36.91,1,7,51.1,44.35
124,Manufacturing,Midwest,50.1,79.68,0,1,62.4,89.65
125,Retail,Northeast,39.2,129.25,1,8,58.9,179.28
126,Retail,West,27.3,34.79,0,0,42.5,22.72
127,Services,Midwest,4.4,83.28,0,3,56.0,94.83
128,Manufacturing,Midwest,26.8,77.99,0,3,56.4,105.39
129,Manufacturing,Midwest,29.3,84.84,1,7,66.6,80.45
130,Tech,Northeast,20.4,84.02,0,2,38.8,93.15
131,Retail,South,26.3,148.34,1,5,75.9,171.82
132,Manufacturing,Midwest,26.3,58.18,0,2,52.1,22.64
133,Retail,Northeast,121.8,95.57,0,0,48.9,81.91
134,Tech,South,57.9,97.36,1,9,71.3,152.23
135,Manufacturing,South,72.2,68.65,0,0,55.4,113.18
136,Tech,West,48.2,112.98,1,7,76.4,162.24
137,Tech,Northeast,63.9,15.74,0,0,61.6,25.91
138,Tech,South,76.0,89.94,1,7,71.3,118.46
139,Retail,Northeast,20.6,10.0,0,0,50.8,8.97
140,Retail,Midwest,37.0,79.25,0,0,45.8,64.48
141,Tech,Northeast,28.4,65.39,0,0,47.6,68.79
142,Services,West,21.7,90.65,0,0,44.6,97.42
143,Manufacturing,Midwest,39.7,96.43,1,8,61.3,116.22
144,Manufacturing,Midwest,20.9,80.33,0,4,56.4,86.7
145,Retail,West,73.6,87.46,0,2,52.8,103.96
146,Services,West,17.1,112.59,1,7,70.1,120.91
147,Retail,South,24.6,79.84,0,0,48.6,101.2
148,Retail,Northeast,92.2,61.4,0,0,54.7,75.93
149,Retail,South,68.8,81.14,0,0,46.3,48.43
150,Tech,Northeast,83.0,59.84,0,0,55.1,51.62
151,Services,South,18.0,34.54,0,1,33.7,36.88
152,Services,West,108.1,110.25,1,7,70.6,155.98
153,Services,South,17.4,111.77,1,7,59.2,148.17
154,Tech,Northeast,34.9,63.84,0,0,49.8,58.11
155,Services,West,41.4,175.19,1,8,78.9,214.69
156,Retail,South,180.0,62.03,0,0,32.2,45.9
157,Retail,South,48.4,123.26,1,9,67.0,168.16
158,Manufacturing,South,21.4,79.84,0,0,50.5,87.35
159,Manufacturing,Midwest,33.1,80.72,1,7,48.6,99.31
160,Manufacturing,Northeast,32.5,75.23,0,0,42.5,53.46
161,Services,West,44.9,96.85,0,1,65.3,108.1
162,Tech,Northeast,28.5,68.58,0,0,54.9,69.6
163,Services,Midwest,48.2,115.5,1,6,49.6,119.64
164,Retail,South,23.6,66.57,0,0,47.2,91.99
165,Retail,Northeast,25.3,70.98,0,3,46.4,54.3
166,Retail,Midwest,22.0,52.62,0,3,54.8,48.1
167,Services,Northeast,21.9,71.31,0,0,40.2,61.1
168,Services,Midwest,67.0,80.14,0,2,50.0,102.75
169,Tech,Northeast,36.2,66.02,0,3,48.5,69.0
170,Tech,West,43.0,108.5,1,7,70.9,123.84
171,Retail,West,45.1,73.05,1,7,69.7,137.07
172,Services,South,47.4,71.8,1,5,74.5,127.23
173,Tech,West,48.2,62.22,0,0,41.3,54.56
174,Retail,South,55.7,142.81,1,7,57.4,190.15
175,Retail,West,21.0,169.77,1,7,81.0,243.13
176,Services,Northeast,7.2,91.41,0,0,51.7,69.28
177,Retail,Midwest,14.8,47.41,1,8,65.9,101.11
178,Retail,West,36.3,31.99,0,1,47.2,47.04
179,Tech,West,16.5,85.45,0,2,48.1,87.56
180,Tech,South,41.6,116.46,1,7,61.6,123.65
181,Manufacturing,Northeast,60.4,23.09,0,2,50.6,11.79
182,Manufacturing,Midwest,36.3,117.91,0,0,62.1,124.83
183,Retail,Northeast,127.1,109.15,1,8,70.2,135.64
184,Retail,Midwest,86.1,138.01,1,8,62.9,182.76
185,Manufacturing,Northeast,34.5,66.7,0,0,48.4,81.05
186,Retail,West,30.7,71.86,1,10,55.7,107.42
187,Services,Midwest,30.4,81.5,1,6,57.3,157.09
188,Tech,West,71.1,123.42,1,12,70.8,177.09
189,Retail,Northeast,44.4,56.17,1,9,59.1,73.83
190,Services,Midwest,23.0,91.1,0,0,54.1,94.06
191,Retail,Midwest,28.1,33.89,0,0,46.0,31.49
192,Manufacturing,Midwest,14.7,28.66,0,0,43.4,13.84
193,Tech,South,26.6,40.71,0,0,40.1,38.8
194,Retail,South,39.5,36.29,0,0,41.1,23.02
195,Tech,South,29.7,27.94,0,0,37.7,25.96
196,Services,Northeast,50.4,60.76,0,0,45.2,56.3
197,Retail,Northeast,126.6,87.24,1,7,63.8,133.91
198,Tech,Northeast,54.1,68.01,1,7,63.4,75.58
199,Manufacturing,Northeast,76.3,43.93,0,3,37.4,44.03
200,Services,South,75.0,54.65,0,0,41.7,42.89
201,Retail,Northeast,11.2,49.42,0,2,50.2,66.18
202,Services,Northeast,24.8,70.95,0,0,61.6,59.75
203,Services,Midwest,114.2,85.57,0,2,47.1,84.32
204,Tech,West,38.2,100.91,0,1,43.3,86.69
205,Retail,Northeast,36.6,82.28,1,5,59.2,126.07
206,Services,Midwest,32.6,108.89,1,7,70.9,128.33
207,Tech,Northeast,7.6,21.94,0,0,42.3,1.22
208,Manufacturing,Northeast,58.2,92.77,0,0,39.6,73.07
209,Retail,Midwest,36.6,11.73,0,0,29.3,4.36
210,Manufacturing,Midwest,63.0,101.67,1,8,60.5,107.72
211,Services,Midwest,34.2,61.06,0,0,47.6,55.16
212,Manufacturing,South,31.3,71.27,1,6,63.3,136.9
213,Services,West,25.1,47.19,0,1,48.3,69.0
214,Tech,West,33.6,45.68,0,1,22.3,59.76
215,Tech,Northeast,46.6,90.8,1,6,64.1,137.77
216,Services,West,28.1,51.97,0,1,45.8,61.33
217,Retail,South,16.7,49.05,0,0,33.4,42.78
218,Tech,West,22.3,91.28,1,5,60.5,159.93
219,Retail,West,25.9,25.62,0,0,22.3,1.56
220,Services,Midwest,35.8,48.79,0,0,51.1,53.9
221,Retail,Northeast,53.3,65.13,0,2,53.3,53.62
222,Manufacturing,South,23.7,58.55,0,2,48.5,71.62
223,Manufacturing,South,12.2,69.89,0,0,38.8,66.94
224,Tech,Northeast,86.0,119.95,1,7,59.7,131.4
225,Manufacturing,Northeast,30.7,124.59,1,10,73.1,187.34
226,Manufacturing,South,26.0,52.42,0,0,57.2,69.0
227,Retail,South,15.4,63.43,0,1,58.5,54.96
228,Manufacturing,West,13.0,101.27,1,5,74.9,110.67
229,Manufacturing,Northeast,69.5,72.8,0,1,32.3,56.94
230,Tech,South,35.4,95.63,0,3,56.6,112.97
231,Tech,Northeast,39.7,73.22,0,2,50.7,39.84
232,Services,West,37.7,26.02,0,0,43.3,42.43
233,Services,Northeast,69.4,86.13,1,7,52.2,102.4
234,Services,Northeast,18.2,102.17,1,9,59.1,144.51
235,Services,Midwest,30.5,107.71,0,0,53.6,116.46
236,Manufacturing,Northeast,17.7,97.33,1,6,56.5,128.86
237,Services,West,37.3,104.11,1,5,81.3,122.84
238,Services,South,28.1,103.0,1,6,58.4,121.66
239,Tech,Midwest,44.6,77.85,0,0,37.3,61.84
240,Tech,West,20.6,105.63,1,8,59.7,133.7
241,Manufacturing,South,42.9,89.08,1,6,65.4,134.46
242,Services,West,54.8,71.02,0,3,58.8,69.29
243,Services,South,78.7,115.27,1,7,53.1,166.16
244,Services,South,17.4,76.72,0,3,43.1,85.15
245,Tech,West,28.9,49.32,0,1,65.6,48.29
246,Manufacturing,West,34.8,79.38,0,0,51.8,66.84
247,Manufacturing,South,13.3,82.8,0,1,55.6,124.27
248,Tech,South,61.6,128.15,1,7,61.4,203.15
249,Retail,West,39.7,34.62,0,0,55.3,37.79
250,Tech,Northeast,29.3,98.32,0,1,48.0,108.94
251,Tech,Northeast,28.7,76.14,1,5,70.7,130.83
252,Services,West,47.4,105.72,1,7,75.4,141.78
253,Tech,South,59.3,32.18,0,0,39.7,42.99
254,Tech,South,79.5,122.14,1,6,63.9,148.76
255,Services,Midwest,37.1,81.65,0,0,52.1,91.97
256,Retail,Midwest,31.5,43.91,1,6,68.1,64.18
257,Manufacturing,Northeast,41.1,56.75,0,0,47.5,59.6
258,Tech,South,24.1,100.08,1,5,59.0,123.1
259,Services,Midwest,53.9,84.62,0,2,54.3,78.16
260,Tech,Midwest,23.3,75.88,1,7,70.5,115.18
261,Services,Northeast,100.2,127.27,1,10,60.3,172.72
262,Manufacturing,South,38.7,64.23,0,0,31.6,70.78
263,Tech,South,53.7,102.3,1,9,63.7,126.34
264,Manufacturing,South,79.1,103.06,1,5,59.3,133.51
265,Retail,Midwest,22.1,58.36,0,1,51.9,78.49
266,Services,South,33.8,54.61,1,9,60.1,77.24
267,Manufacturing,Midwest,18.8,112.31,1,6,63.4,166.16
268,Retail,West,50.9,116.28,0,3,54.0,130.54
269,Tech,West,14.1,104.74,0,0,38.1,99.51
270,Tech,West,12.9,81.92,0,0,40.0,79.13
271,Manufacturing,Northeast,32.9,10.0,0,0,39.0,18.27
272,Services,West,39.8,78.41,0,0,41.9,99.12
273,Tech,Northeast,39.2,79.59,0,3,59.7,67.91
274,Services,South,57.7,117.25,1,4,73.9,87.55
275,Retail,West,53.6,143.72,1,6,60.3,175.3
276,Tech,Northeast,9.0,124.4,1,3,59.3,136.07
277,Retail,South,158.5,74.39,0,0,48.1,80.91
278,Retail,Northeast,18.5,75.16,0,2,43.3,66.02
279,Manufacturing,West,56.6,44.54,0,0,40.2,58.44
280,Manufacturing,Midwest,51.8,86.59,0,3,46.6,92.38
281,Tech,West,26.4,72.95,0,1,46.1,95.02
282,Retail,West,19.6,44.3,0,0,57.7,66.25
283,Services,West,110.1,138.8,1,7,60.3,187.75
284,Manufacturing,South,143.0,163.86,1,7,58.8,204.19
285,Services,South,23.3,56.97,0,0,54.5,66.2
286,Manufacturing,West,32.0,51.66,0,0,47.0,18.33
287,Manufacturing,Midwest,16.2,62.37,1,3,54.0,88.19
288,Manufacturing,West,72.5,106.02,1,6,58.8,171.24
289,Tech,West,57.8,62.65,0,0,42.4,68.05
290,Manufacturing,South,9.6,90.74,0,0,45.9,104.25
291,Services,West,27.4,24.76,0,0,38.6,29.7
292,Services,Northeast,43.3,114.85,1,8,59.9,120.64
293,Manufacturing,South,66.5,87.35,1,3,57.9,96.95
294,Services,Northeast,76.2,124.14,0,1,49.8,134.93
295,Services,Midwest,53.5,54.79,0,0,47.8,57.19
296,Manufacturing,Midwest,23.3,89.33,1,10,57.2,116.14
297,Services,South,31.1,84.11,0,4,57.7,75.59
298,Services,Midwest,30.2,106.08,0,1,47.9,117.02
299,Services,Northeast,63.4,57.69,0,0,50.9,83.83
300,Manufacturing,South,33.4,61.98,0,0,46.8,62.84
301,Tech,South,79.8,77.32,0,0,54.1,71.5
302,Manufacturing,Northeast,98.4,138.76,1,7,58.9,155.37
303,Retail,South,23.6,84.8,0,0,60.7,85.3
304,Services,Midwest,85.4,45.08,0,0,45.6,81.49
305,Manufacturing,Midwest,33.5,10.0,0,4,36.0,30.48
306,Services,Midwest,59.1,90.73,1,2,63.9,120.49
307,Retail,South,22.5,73.95,0,0,38.8,93.48
308,Tech,West,17.5,69.46,1,4,57.4,103.28
309,Manufacturing,South,23.3,85.66,0,2,51.8,104.44
310,Retail,West,38.1,83.02,0,3,44.6,113.01
311,Tech,Northeast,38.9,85.51,1,6,71.5,95.21
312,Services,Midwest,55.6,18.08,0,0,32.7,38.85
313,Services,West,50.9,63.65,1,8,71.1,100.44
314,Manufacturing,West,54.1,42.93,0,3,54.7,47.01
315,Services,Northeast,52.3,104.33,1,6,59.1,123.34
316,Tech,Northeast,27.6,73.47,0,3,49.4,67.95
317,Manufacturing,Midwest,32.2,83.4,0,1,47.3,75.43
318,Retail,Midwest,63.7,79.56,0,0,64.7,88.73
319,Tech,South,6.5,107.32,1,6,61.2,139.26
320,Tech,Midwest,26.8,119.74,0,0,68.4,128.96
321,Tech,West,20.4,39.27,1,5,56.6,58.6
322,Services,Midwest,50.0,72.09,0,1,55.6,94.71
323,Retail,South,69.5,70.62,0,0,47.3,52.05
324,Manufacturing,South,22.8,119.51,1,8,53.1,149.62
325,Services,Northeast,21.7,110.83,0,0,46.9,134.82
326,Manufacturing,Midwest,19.0,46.71,0,1,47.9,41.64
327,Retail,South,20.3,109.07,0,3,49.2,98.26
328,Manufacturing,Midwest,23.8,29.94,0,2,45.2,10.44
329,Tech,Northeast,56.6,20.56,0,2,41.1,30.49
330,Services,West,36.7,16.35,0,0,39.2,0.72
331,Services,Northeast,97.4,116.72,1,8,57.9,147.96
332,Manufacturing,Midwest,47.7,69.02,0,1,46.8,71.39
333,Manufacturing,West,26.0,118.99,0,2,51.1,122.07
334,Retail,West,26.0,55.08,0,0,48.6,61.39
335,Manufacturing,South,56.1,120.82,1,7,62.5,160.23
336,Services,Midwest,20.1,66.66,0,0,34.3,70.18
337,Services,Northeast,17.9,10.03,0,0,39.4,17.15
338,Manufacturing,Midwest,22.8,84.35,1,7,59.0,116.77
339,Retail,Northeast,71.0,95.65,0,2,56.5,115.4
340,Manufacturing,South,33.9,142.44,1,7,73.9,160.3
341,Services,Midwest,40.3,29.31,0,0,45.9,43.99
342,Tech,West,33.2,118.76,1,9,66.0,122.98
343,Tech,Midwest,142.3,90.15,0,1,43.9,101.49
344,Tech,Midwest,68.8,76.21,0,0,40.9,74.81
345,Tech,Midwest,38.3,65.81,1,4,45.0,91.96
346,Tech,West,38.6,60.73,0,0,36.5,81.18
347,Tech,West,20.4,74.5,1,3,57.2,121.35
348,Retail,South,22.2,35.52,0,4,48.6,52.11
349,Retail,South,41.3,90.68,1,2,63.1,110.02
350,Services,West,42.8,135.38,1,9,81.5,196.54
351,Services,West,71.7,92.48,1,6,61.8,110.06
352,Tech,Northeast,2.7,41.45,0,0,50.4,42.1
353,Retail,West,25.4,80.54,1,8,65.5,119.16
354,Services,South,25.1,60.66,0,2,39.5,65.21
355,Services,Northeast,46.1,122.35,1,5,59.4,160.12
356,Tech,Midwest,41.2,104.31,0,1,53.7,123.16
357,Tech,South,36.4,84.65,0,1,63.3,67.0
358,Services,West,44.2,104.32,1,9,70.1,166.71
359,Retail,South,40.5,57.17,0,0,56.9,84.96
360,Retail,Northeast,66.8,76.98,0,3,50.7,71.64
361,Tech,South,56.4,77.84,0,0,45.5,95.66
362,Services,South,16.8,84.25,1,4,66.3,119.74
363,Services,West,102.2,74.29,0,2,37.7,67.78
364,Tech,West,46.5,134.35,1,5,63.7,154.76
365,Tech,West,152.5,95.19,1,5,64.3,152.95
366,Retail,Midwest,91.5,80.53,0,4,60.3,98.03
367,Tech,South,49.0,65.91,0,0,42.1,77.99
368,Manufacturing,South,40.4,100.99,1,6,49.7,128.51
369,Manufacturing,South,66.5,59.1,0,0,44.1,84.48
370,Manufacturing,South,24.4,111.66,1,6,59.5,170.18
371,Services,South,46.3,118.79,1,7,61.0,167.58
372,Services,Midwest,39.9,126.4,1,8,71.4,179.05
373,Tech,Northeast,47.8,60.07,0,0,63.0,43.99
374,Retail,Northeast,78.1,143.91,1,6,60.6,171.13
375,Services,Midwest,79.3,50.89,0,3,37.3,68.28
376,Services,South,88.0,100.3,0,3,56.1,112.68
377,Tech,Northeast,49.5,90.86,1,8,44.6,120.19
378,Manufacturing,West,30.6,48.56,0,0,42.1,49.76
379,Tech,West,22.3,44.57,0,1,39.9,38.64
380,Manufacturing,West,39.1,59.9,1,6,65.2,117.47
381,Manufacturing,Midwest,20.9,51.14,0,0,43.2,58.93
382,Tech,Northeast,35.3,87.18,0,0,48.8,88.88
383,Tech,West,14.4,70.09,1,8,70.4,84.04
384,Tech,West,102.1,150.69,1,9,57.9,173.98
385,Services,West,56.0,93.61,0,1,44.1,102.12
386,Services,Northeast,26.7,39.32,0,0,49.1,40.9
387,Tech,West,84.6,81.5,1,5,67.4,107.12
388,Tech,Northeast,47.0,12.42,0,0,30.7,-0.43
389,Manufacturing,West,33.4,37.3,0,0,37.7,55.72
390,Services,Northeast,67.3,83.0,0,2,52.2,102.63
391,Retail,Northeast,34.6,88.2,0,3,36.4,115.54
392,Manufacturing,Midwest,12.4,46.95,0,0,63.3,53.69
393,Retail,West,22.6,102.59,1,4,54.8,125.79
394,Retail,South,53.7,43.16,1,6,59.2,68.66
395,Manufacturing,Northeast,28.1,83.01,0,2,51.0,93.52
396,Tech,West,37.9,85.44,0,4,60.1,118.11
397,Retail,South,38.6,80.01,0,1,36.8,82.96
398,Retail,West,23.5,56.46,0,1,34.4,60.53
399,Tech,South,34.9,42.53,0,0,37.8,50.79
400,Manufacturing,Midwest,23.2,128.16,1,8,80.4,187.57
401,Manufacturing,Midwest,95.0,98.44,1,5,71.4,132.99
402,Retail,South,49.0,56.27,0,0,39.9,90.14
403,Services,Midwest,41.4,132.76,1,6,54.3,172.64
404,Tech,Midwest,15.5,61.48,0,0,53.8,55.66
405,Services,Midwest,63.7,80.56,0,0,49.2,63.51
406,Tech,South,61.4,69.15,1,6,51.7,84.24
407,Tech,South,32.9,62.4,0,0,55.1,88.5
408,Manufacturing,South,42.0,86.39,1,4,75.7,110.3
409,Retail,Northeast,26.5,62.04,0,1,53.7,101.28
410,Retail,Midwest,14.7,36.95,1,4,54.9,54.18
411,Retail,Midwest,44.9,125.86,1,4,69.4,152.58
412,Manufacturing,South,33.9,61.17,0,3,45.6,91.57
413,Tech,Northeast,40.1,52.85,0,4,61.2,79.72
414,Tech,South,33.9,110.82,1,6,64.9,169.8
415,Retail,Northeast,71.2,60.8,0,0,35.9,67.83
416,Manufacturing,West,53.9,77.94,1,6,62.9,75.03
417,Retail,West,31.9,45.9,0,3,48.1,58.62
418,Services,Northeast,27.6,75.85,0,2,34.9,46.64
419,Services,South,46.9,96.86,1,8,57.6,141.11
420,Retail,South,51.0,72.28,0,0,38.9,78.68
421,Retail,Northeast,29.6,47.33,0,0,44.6,56.78
422,Retail,South,28.8,58.47,0,2,49.1,94.02
423,Tech,Midwest,60.8,101.26,0,4,43.8,120.02
424,Retail,Midwest,16.3,69.05,0,4,49.9,65.02
425,Tech,West,40.4,94.86,1,11,71.2,166.32
426,Manufacturing,West,46.1,50.32,0,5,53.1,43.82
427,Tech,West,33.1,81.76,0,4,56.3,104.59
428,Manufacturing,Northeast,21.4,73.64,1,9,59.6,110.0
429,Services,South,11.6,96.26,1,4,70.0,91.47
430,Tech,Northeast,26.9,29.84,0,0,44.5,34.35
431,Services,South,77.0,108.47,1,6,64.7,124.25
432,Manufacturing,Midwest,35.0,115.95,1,7,52.9,157.9
433,Retail,South,24.3,27.78,0,0,54.5,19.45
434,Retail,Midwest,18.3,98.49,1,7,65.4,139.04
435,Services,Midwest,45.9,36.87,0,0,42.2,40.16
436,Manufacturing,South,16.0,106.77,0,3,60.6,117.7
437,Services,Midwest,51.4,102.15,1,7,60.5,157.47
438,Services,Northeast,29.7,112.47,1,4,61.6,121.29
439,Manufacturing,Northeast,9.8,104.93,1,6,54.9,153.7
440,Services,West,70.0,96.06,0,4,59.5,127.91
441,Tech,West,70.1,90.93,0,0,47.3,102.31
442,Services,South,26.1,107.97,0,2,48.4,122.76
443,Manufacturing,Northeast,77.2,103.54,0,0,49.9,82.93
444,Tech,West,45.3,118.69,1,4,60.5,157.23
445,Services,West,49.5,107.58,1,6,84.1,160.7
446,Services,West,29.9,37.18,0,2,58.8,72.3
447,Manufacturing,West,9.6,115.71,0,2,68.5,141.83
448,Retail,South,67.7,84.27,0,0,54.1,62.8
449,Manufacturing,Midwest,76.9,165.54,1,8,64.3,220.81
450,Services,Midwest,84.4,51.25,1,5,59.3,77.92
451,Tech,South,18.6,108.77,1,6,70.4,144.43
452,Tech,West,31.3,126.96,1,11,69.8,191.82
453,Manufacturing,Northeast,85.9,41.11,0,3,42.2,29.58
454,Manufacturing,South,33.3,89.44,1,8,62.3,150.62
455,Services,Midwest,25.4,79.32,0,4,56.3,76.43
456,Services,West,57.4,50.83,0,1,43.3,38.16
457,Tech,South,10.1,77.94,1,6,58.2,77.3
458,Tech,Northeast,41.0,69.91,1,5,60.0,89.35
459,Manufacturing,Northeast,31.7,57.95,0,0,48.6,45.49
460,Manufacturing,Northeast,17.7,69.6,0,1,59.8,76.97
461,Manufacturing,Midwest,21.0,94.54,0,0,58.2,105.01
462,Services,Midwest,33.9,90.06,1,8,70.3,115.58
463,Tech,Midwest,16.1,92.01,1,8,66.4,151.11
464,Services,Northeast,53.9,77.13,0,0,54.6,76.76
465,Manufacturing,West,56.9,51.04,0,2,42.4,69.03
466,Retail,West,65.4,82.64,1,6,45.6,129.19
467,Tech,South,38.8,109.59,1,7,62.7,176.49
468,Services,Midwest,119.3,60.64,0,1,53.8,70.27
469,Manufacturing,South,75.7,75.81,1,5,43.9,99.95
470,Tech,Midwest,46.0,89.86,1,6,50.6,114.61
471,Retail,West,35.7,94.21,0,4,68.8,110.87
472,Services,West,65.7,67.91,0,3,47.2,59.47
473,Services,Northeast,41.5,118.24,1,3,72.5,161.91
474,Retail,Midwest,9.0,100.06,0,3,51.7,113.44
475,Manufacturing,South,104.2,125.63,1,10,67.0,173.31
476,Tech,Northeast,29.4,12.76,0,4,48.6,9.29
477,Tech,Northeast,49.9,53.0,0,0,58.9,55.12
478,Retail,Northeast,15.0,60.26,0,1,40.9,80.25
479,Services,South,53.1,57.74,0,2,49.3,61.28
480,Manufacturing,South,34.6,71.38,0,0,44.9,66.16
481,Retail,Northeast,51.2,74.54,1,8,62.9,94.61
482,Services,West,46.6,61.61,0,0,52.2,99.77
483,Services,South,34.8,46.15,0,2,36.1,50.25
484,Services,Midwest,32.4,57.67,0,0,40.0,54.76
485,Services,Northeast,33.4,51.22,0,3,42.8,77.22
486,Manufacturing,South,38.8,55.29,0,1,50.8,61.8
487,Services,Northeast,115.8,67.98,0,0,49.2,68.22
488,Services,Northeast,56.3,18.73,0,0,46.4,19.54
489,Tech,Northeast,75.3,114.06,1,5,66.8,134.43
490,Manufacturing,Northeast,121.7,88.99,0,0,37.5,94.89
491,Retail,South,41.1,76.34,0,3,50.7,85.09
492,Tech,Midwest,40.3,125.52,1,6,63.9,115.7
493,Manufacturing,South,28.0,87.49,0,3,60.7,73.49
494,Services,West,39.8,64.01,0,2,58.1,83.42
495,Services,Northeast,41.0,102.61,1,8,62.1,135.61
496,Tech,West,45.4,129.98,1,7,64.7,176.56
497,Services,South,24.9,87.86,1,5,53.3,113.9
498,Services,Northeast,33.0,60.08,1,3,50.5,101.34
499,Services,Northeast,70.4,44.63,0,2,40.2,31.2
500,Manufacturing,South,16.5,97.38,0,0,45.6,110.87
501,Services,South,25.2,108.6,1,6,55.9,134.69
502,Services,Northeast,66.2,50.31,0,0,49.3,73.25
503,Services,Midwest,43.2,11.81,0,0,35.1,12.53
504,Retail,West,26.3,14.72,0,0,53.6,-10.7
505,Manufacturing,Midwest,19.9,70.62,0,0,53.0,108.15
506,Services,Northeast,22.9,82.09,0,1,59.4,79.11
507,Tech,Northeast,33.4,103.75,1,5,60.4,124.35
508,Manufacturing,West,27.2,53.39,1,8,58.1,71.0
509,Retail,West,54.9,60.25,1,7,68.8,105.04
510,Retail,Midwest,42.7,111.32,1,6,54.7,157.92
511,Retail,West,77.7,76.29,1,5,58.4,90.14
512,Retail,Northeast,109.4,83.06,0,0,47.6,60.31
513,Tech,Northeast,20.6,73.96,1,8,67.5,117.28
514,Retail,South,21.6,72.63,1,6,65.8,151.23
515,Tech,Midwest,42.5,70.91,1,2,53.7,95.26
516,Services,South,6.7,89.38,0,0,57.8,110.64
517,Manufacturing,West,40.6,76.83,0,0,37.7,59.19
518,Tech,Midwest,26.3,77.06,0,0,39.4,82.49
519,Tech,Northeast,26.7,90.05,0,0,51.5,104.61
520,Tech,West,91.2,131.88,1,7,66.0,180.75
521,Retail,West,64.6,110.76,1,3,56.9,127.66
522,Services,South,58.8,60.02,0,0,55.4,77.77
523,Retail,South,35.7,109.24,1,4,38.1,131.72
524,Retail,Northeast,44.6,55.81,0,1,32.0,55.66
525,Retail,South,55.4,72.37,1,8,56.7,109.38
526,Tech,Northeast,63.1,110.07,0,1,42.2,126.77
527,Retail,South,44.0,123.63,1,8,76.3,150.58
528,Retail,Northeast,59.1,100.64,0,2,60.0,112.76
529,Tech,West,50.4,46.79,0,2,64.5,59.17
530,Services,Northeast,16.0,31.31,0,3,44.4,57.8
531,Tech,Midwest,59.8,101.28,1,8,69.8,110.49
532,Retail,South,55.1,106.4,1,5,42.2,157.05
533,Manufacturing,West,29.2,65.47,0,0,44.8,78.35
534,Services,West,35.2,66.39,0,2,47.5,34.12
535,Tech,Midwest,38.8,95.02,0,4,43.5,116.78
536,Retail,West,36.1,53.77,1,4,61.1,98.62
537,Manufacturing,South,88.2,112.86,1,8,56.5,175.52
538,Services,South,73.9,81.85,0,0,36.6,76.91
539,Retail,South,53.4,19.9,0,2,37.0,29.46
540,Services,Midwest,89.2,61.19,0,0,52.1,65.58
541,Manufacturing,South,26.3,27.55,0,0,45.6,17.31
542,Tech,South,46.9,82.68,1,5,66.5,100.15
543,Retail,South,57.3,45.01,1,4,58.2,64.17
544,Services,South,41.6,113.59,0,2,41.9,117.11
545,Retail,Midwest,122.9,46.14,0,0,40.8,39.48
546,Services,West,76.4,68.61,0,0,22.2,78.81
547,Retail,Midwest,27.6,47.56,0,3,50.7,58.57
548,Tech,Midwest,65.3,128.57,1,6,52.4,153.98
549,Services,Northeast,25.4,60.45,0,3,48.0,36.62
550,Tech,West,31.9,106.12,1,11,72.2,114.26
551,Tech,Northeast,73.2,83.77,1,9,58.5,104.7
552,Tech,West,24.3,51.26,0,0,50.8,50.15
553,Tech,South,65.0,119.65,1,6,65.1,169.85
554,Retail,South,54.3,116.54,0,0,70.0,133.87
555,Services,Northeast,73.0,120.43,0,1,52.6,124.73
556,Retail,South,60.7,34.67,0,1,47.5,40.55
557,Retail,South,29.0,53.58,0,1,55.3,63.49
558,Manufacturing,South,57.2,16.79,0,0,46.6,24.28
559,Services,West,116.2,63.52,0,0,50.8,32.72
560,Tech,Midwest,31.7,47.98,0,0,33.2,47.93
561,Retail,West,75.3,114.02,1,5,71.4,157.54
562,Tech,South,51.1,82.55,0,0,62.1,95.74
563,Retail,Northeast,38.7,64.55,0,1,48.6,73.55
564,Services,West,59.9,103.44,0,0,41.9,122.95
565,Services,Midwest,83.7,37.76,0,0,33.7,36.74
566,Retail,West,52.4,57.02,0,2,39.6,61.09
567,Manufacturing,South,15.7,95.95,1,4,52.1,173.98
568,Services,Northeast,26.3,64.18,0,0,56.1,65.34
569,Services,South,84.8,91.98,0,0,33.6,84.11
570,Manufacturing,Midwest,49.0,114.46,1,9,54.4,163.06
571,Tech,Midwest,65.4,58.51,0,0,50.7,37.84
572,Manufacturing,Northeast,28.6,42.3,0,0,56.9,33.82
573,Manufacturing,Midwest,84.7,114.71,1,7,62.5,140.35
574,Retail,West,20.7,33.78,0,2,46.8,42.96
575,Manufacturing,South,133.5,85.51,0,2,53.2,86.36
576,Tech,Northeast,44.7,38.12,0,1,36.7,42.49
577,Manufacturing,South,21.8,93.74,0,3,56.3,120.32
578,Retail,South,32.2,111.55,0,3,46.3,120.01
579,Tech,Midwest,52.7,52.51,0,0,41.0,76.79
580,Services,South,38.3,62.18,0,0,63.5,69.42
581,Tech,Midwest,57.8,80.51,0,2,47.0,133.55
582,Tech,Midwest,139.0,81.99,0,2,46.0,78.4
583,Retail,West,15.2,107.99,1,3,62.1,155.35
584,Tech,South,53.4,141.26,1,6,63.7,162.24
585,Manufacturing,West,61.9,104.3,0,5,58.5,118.14
586,Services,Midwest,69.1,66.44,0,3,55.3,67.33
587,Retail,West,111.4,90.05,0,0,48.2,96.68
588,Retail,Midwest,137.9,121.26,0,1,62.2,124.77
589,Services,West,9.0,44.95,0,1,48.0,24.84
590,Services,Northeast,48.7,107.26,0,2,61.3,130.52
591,Tech,South,38.0,99.55,0,1,73.7,128.17
592,Manufacturing,South,8.8,64.44,0,3,40.8,75.85
593,Manufacturing,West,120.1,126.27,0,0,49.4,129.87
594,Services,Northeast,49.2,19.04,0,0,44.3,12.95
595,Manufacturing,West,99.4,97.37,0,0,56.0,122.56
596,Manufacturing,South,37.6,104.13,0,1,49.7,99.47
597,Manufacturing,South,71.8,80.38,0,0,33.4,99.99
598,Services,Midwest,28.1,143.02,1,8,93.4,191.5
599,Retail,South,35.9,77.0,0,2,46.8,85.34
600,Retail,Midwest,25.3,58.15,0,0,39.6,37.75
601,Tech,Midwest,40.6,74.94,0,0,49.3,62.97
602,Manufacturing,South,37.3,119.85,1,4,64.2,118.64
603,Retail,Northeast,22.8,52.31,0,0,47.4,49.47
604,Tech,South,22.6,22.65,0,1,47.0,23.51
605,Services,South,61.5,106.69,1,9,54.6,124.96
606,Services,Midwest,32.8,49.92,0,2,31.2,40.95
607,Manufacturing,Northeast,24.2,72.72,1,7,61.1,98.7
608,Tech,Midwest,30.1,30.53,0,0,32.6,23.22
609,Services,South,39.6,41.81,0,0,59.2,30.28
610,Retail,South,42.9,57.46,0,1,36.6,61.16
611,Tech,South,36.4,61.23,0,3,29.0,32.62
612,Services,Northeast,29.3,53.8,0,0,51.1,62.46
613,Manufacturing,South,35.7,77.6,0,3,62.1,71.63
614,Manufacturing,South,38.7,115.97,0,0,50.6,132.97
615,Services,Midwest,32.4,105.08,1,7,67.7,143.2
616,Manufacturing,Northeast,40.9,78.34,0,2,49.9,78.93
617,Retail,West,24.6,61.54,0,0,46.2,82.08
618,Tech,West,46.9,125.49,1,9,58.5,167.28
619,Tech,Midwest,38.1,63.24,0,4,52.8,49.89
620,Services,South,25.5,65.23,1,4,55.9,88.66
621,Services,Northeast,69.2,106.91,1,3,60.4,145.58
622,Tech,West,53.4,91.95,0,0,40.0,99.69
623,Services,West,39.2,63.49,0,1,35.5,76.77
624,Tech,West,23.4,101.5,0,0,57.8,95.96
625,Manufacturing,West,21.5,50.31,0,0,53.7,48.62
626,Services,Northeast,63.8,92.21,0,1,63.7,86.33
627,Services,South,41.6,56.57,0,0,47.2,39.62
628,Retail,West,27.3,100.82,1,7,51.2,146.68
629,Services,West,81.4,18.04,0,0,44.7,34.88
630,Services,South,72.8,62.86,0,0,44.5,78.96
631,Services,Midwest,53.2,80.92,1,6,61.1,102.96
632,Retail,Northeast,37.0,39.01,0,2,43.3,33.68
633,Manufacturing,West,76.5,156.94,1,3,56.6,194.28
634,Tech,West,57.5,146.21,1,5,62.3,198.19
635,Tech,Northeast,41.1,73.29,0,2,59.3,64.51
636,Tech,West,51.1,66.86,0,3,49.4,62.2
637,Services,Midwest,62.2,161.55,1,8,65.6,206.95
638,Manufacturing,South,31.0,67.09,0,1,38.1,50.48
639,Retail,West,102.7,104.7,1,7,58.4,119.54
640,Services,West,43.1,13.65,0,0,39.9,11.0
641,Tech,West,121.6,85.66,1,6,50.0,113.72
642,Manufacturing,West,57.3,66.53,0,1,32.5,78.1
643,Tech,Midwest,23.7,113.51,0,4,61.6,111.88
644,Services,West,55.7,96.66,0,3,53.3,138.06
645,Retail,West,63.5,97.53,0,2,52.6,104.51
646,Services,Northeast,50.6,119.13,0,4,41.0,120.71
647,Services,Midwest,28.0,51.31,0,1,55.1,66.08
648,Services,South,80.2,100.62,1,5,52.1,135.63
649,Retail,Midwest,40.8,38.07,0,0,46.0,40.43
650,Services,South,78.3,98.46,0,3,53.3,111.03
651,Manufacturing,Northeast,62.5,85.53,0,3,55.9,103.27
652,Services,Northeast,37.0,34.37,0,3,46.1,52.85
653,Manufacturing,Midwest,53.9,117.17,0,0,51.3,130.93
654,Services,South,48.0,122.61,0,3,59.4,117.13
655,Manufacturing,Northeast,42.7,99.78,1,6,62.2,112.74
656,Manufacturing,South,72.7,86.97,1,9,77.1,157.96
657,Services,Northeast,41.9,64.67,0,4,49.8,66.28
658,Manufacturing,Midwest,29.1,36.96,0,0,53.0,32.04
659,Tech,South,42.1,27.61,0,0,29.8,45.55
660,Tech,West,13.2,52.49,0,1,45.1,34.08
661,Retail,West,24.9,86.84,1,7,56.5,144.01
662,Retail,West,39.6,83.65,0,0,51.7,87.43
663,Services,Northeast,56.8,66.33,0,1,55.3,67.44
664,Tech,South,60.8,95.32,0,1,58.7,127.14
665,Manufacturing,Midwest,31.3,38.78,0,0,37.3,57.54
666,Services,Midwest,23.2,81.58,1,5,58.1,99.89
667,Retail,West,31.4,59.51,0,4,51.3,60.98
668,Services,Midwest,49.0,60.1,0,5,49.2,61.11
669,Tech,Northeast,31.4,103.72,1,7,68.0,136.24
670,Retail,Northeast,67.3,32.01,0,0,38.4,42.09
671,Services,West,102.0,62.09,0,0,37.3,62.1
672,Manufacturing,Midwest,30.2,47.51,0,0,26.0,41.88
673,Retail,Northeast,62.2,12.4,0,0,36.6,-12.5
674,Tech,South,42.1,103.96,1,7,62.0,140.54
675,Tech,West,65.2,89.05,1,5,64.0,135.01
676,Tech,Northeast,90.4,178.2,0,3,63.2,189.21
677,Manufacturing,South,38.7,59.62,0,0,50.5,34.11
678,Retail,West,22.0,128.8,1,6,62.2,143.23
679,Tech,West,106.7,65.05,1,9,57.1,98.05
680,Manufacturing,Midwest,37.7,111.46,1,4,72.5,140.1
681,Manufacturing,Northeast,49.8,76.23,0,2,48.9,126.06
682,Tech,Northeast,18.6,60.8,0,0,56.6,40.92
683,Retail,Midwest,10.0,74.06,0,2,64.2,88.09
684,Retail,Midwest,94.2,116.89,1,8,67.7,147.69
685,Manufacturing,Midwest,20.3,47.07,0,0,34.8,36.56
686,Retail,Midwest,68.2,87.86,1,7,69.3,149.14
687,Retail,South,31.0,117.39,1,8,56.9,151.97
688,Services,South,43.0,52.43,0,1,46.5,81.89
689,Services,Midwest,16.4,92.55,0,0,56.3,116.55
690,Retail,South,45.4,119.87,0,1,69.5,105.42
691,Retail,Northeast,30.6,77.76,1,8,62.6,77.14
692,Retail,Northeast,39.7,97.16,1,7,54.6,112.06
693,Retail,Northeast,56.2,131.15,1,9,57.0,174.27
694,Manufacturing,Northeast,89.2,74.92,0,0,37.0,73.08
695,Services,South,35.6,50.59,0,0,43.5,54.56
696,Services,South,108.3,46.93,0,2,42.0,73.35
697,Manufacturing,Northeast,113.4,153.19,1,9,65.5,203.36
698,Services,Northeast,27.1,79.77,0,0,43.8,67.72
699,Retail,South,45.8,123.62,1,8,61.9,169.93
700,Services,Northeast,36.3,50.84,0,0,41.3,31.7
701,Services,Midwest,51.3,125.57,1,7,60.2,180.81
702,Manufacturing,Midwest,72.5,77.88,1,6,68.3,101.79
703,Tech,Midwest,40.0,71.37,0,0,62.3,66.35
704,Retail,South,48.4,77.99,0,0,44.9,62.47
705,Retail,Northeast,24.6,73.41,0,0,45.5,94.26
706,Services,Northeast,21.4,107.09,1,5,65.4,145.73
707,Manufacturing,Midwest,44.0,126.05,1,8,65.1,158.84
708,Retail,Midwest,36.5,89.31,0,0,46.7,87.86
709,Manufacturing,South,51.3,63.92,1,8,65.9,97.05
710,Tech,South,19.3,54.09,0,0,36.7,26.74
711,Tech,West,3.8,47.64,0,0,52.9,52.71
712,Tech,Northeast,54.0,130.66,1,8,73.7,178.12
713,Tech,Midwest,58.2,70.77,1,6,73.5,80.1
714,Manufacturing,Midwest,27.7,163.99,1,8,68.3,204.06
715,Retail,Midwest,80.5,91.06,0,1,41.1,96.64
716,Retail,South,51.9,67.19,0,0,44.4,84.48
717,Manufacturing,Northeast,25.8,11.42,0,0,38.0,17.25
718,Services,South,36.7,102.93,0,2,57.5,119.18
719,Tech,Northeast,8.1,76.34,0,1,46.8,74.8
720,Retail,Midwest,25.5,58.63,0,3,40.7,50.79
721,Retail,Northeast,22.7,39.02,0,3,32.1,79.64
722,Retail,Northeast,42.7,66.36,0,0,44.0,74.47
723,Manufacturing,Northeast,35.3,47.05,1,5,63.2,62.64
724,Retail,Midwest,8.0,58.57,0,1,40.5,53.89
725,Retail,Northeast,44.0,106.97,1,5,48.1,112.5
726,Tech,Northeast,38.5,124.71,1,6,74.8,177.96
727,Tech,South,53.7,142.4,1,8,70.5,174.42
728,Manufacturing,West,50.1,10.0,0,0,47.9,28.89
729,Tech,West,31.4,102.4,0,6,45.6,150.22
730,Tech,Northeast,38.4,96.22,0,2,54.2,106.58
731,Retail,West,59.6,65.61,1,7,53.4,88.86
732,Tech,Northeast,12.1,26.45,0,0,39.9,31.34
733,Retail,South,31.0,35.17,0,0,41.9,35.33
734,Tech,Midwest,43.3,77.95,0,2,42.7,84.3
735,Manufacturing,Midwest,61.7,66.28,0,2,54.6,55.98
736,Services,Midwest,48.7,55.47,0,1,44.5,59.87
737,Manufacturing,West,40.4,76.13,1,6,55.9,78.33
738,Retail,South,17.6,88.77,0,1,49.8,87.87
739,Services,Northeast,19.0,69.68,0,0,50.3,53.87
740,Manufacturing,Northeast,36.3,53.09,0,0,39.1,54.74
741,Retail,South,81.6,115.17,1,12,64.0,161.17
742,Tech,West,81.3,81.99,0,2,40.1,83.28
743,Manufacturing,West,26.2,100.0,0,7,52.3,114.85
744,Manufacturing,Midwest,38.3,34.12,0,1,31.7,36.57
745,Retail,West,8.6,89.08,0,0,54.4,96.8
746,Tech,Midwest,59.5,91.86,1,6,57.5,131.01
747,Services,South,16.2,66.16,0,0,40.1,64.99
748,Services,West,10.5,102.57,1,11,70.9,168.27
749,Services,Northeast,49.9,48.62,0,0,54.7,62.14
750,Services,West,53.5,63.73,0,2,53.6,72.94
751,Services,Northeast,20.9,48.19,0,0,30.8,38.58
752,Services,Northeast,80.6,72.14,0,3,61.2,86.82
753,Manufacturing,Midwest,38.1,38.05,0,0,37.9,43.04
754,Manufacturing,Northeast,41.2,140.36,1,8,74.7,194.77
755,Manufacturing,West,16.7,90.13,1,5,52.8,94.26
756,Manufacturing,Midwest,97.7,79.12,0,0,42.5,82.57
757,Retail,South,36.1,41.55,0,0,50.2,35.69
758,Services,Northeast,35.6,46.58,0,1,36.9,60.6
759,Manufacturing,West,66.1,86.45,1,7,66.4,124.1
760,Services,Northeast,31.1,13.04,0,0,38.0,-3.64
761,Manufacturing,South,39.6,89.77,1,8,62.8,128.1
762,Services,Northeast,56.6,85.44,0,1,47.4,96.7
763,Manufacturing,Midwest,69.8,56.15,0,0,42.3,49.7
764,Retail,Midwest,71.0,100.57,1,8,61.7,153.54
765,Tech,West,26.4,100.69,0,4,44.4,108.62
766,Manufacturing,South,52.2,103.94,1,5,61.5,112.22
767,Manufacturing,Midwest,73.9,108.4,1,7,59.4,145.44
768,Retail,South,7.7,69.16,1,9,60.6,112.37
769,Manufacturing,South,89.1,45.14,0,0,40.2,34.52
770,Services,Midwest,43.7,99.85,1,7,48.7,139.38
771,Retail,West,14.0,14.32,0,0,42.3,3.39
772,Manufacturing,South,26.8,59.02,0,0,44.9,24.81
773,Retail,Northeast,53.2,79.61,0,3,22.8,101.44
774,Services,Northeast,62.6,70.19,0,0,59.0,95.72
775,Retail,South,98.2,115.55,0,1,48.5,109.74
776,Tech,Midwest,21.2,118.65,0,0,54.5,131.6
777,Services,South,31.7,86.57,0,0,47.9,121.58
778,Services,Northeast,113.7,110.54,1,5,57.5,145.61
779,Tech,Northeast,33.8,97.23,1,7,69.8,135.97
780,Manufacturing,Northeast,27.5,114.05,0,3,55.9,137.45
781,Retail,Northeast,51.3,53.14,0,0,44.9,56.47
782,Tech,Northeast,61.2,89.81,0,0,67.0,117.01
783,Retail,South,39.3,100.27,0,0,50.9,111.04
784,Tech,West,92.6,135.78,1,3,60.9,169.65
785,Retail,West,72.2,44.79,0,0,21.3,39.73
786,Retail,South,79.8,60.15,1,4,41.4,105.95
787,Retail,Midwest,15.0,10.0,0,0,46.1,17.43
788,Retail,Northeast,28.0,90.3,1,7,67.6,101.41
789,Tech,Northeast,10.0,69.65,1,13,78.5,120.26
790,Manufacturing,Midwest,29.9,53.95,0,3,49.7,67.79
791,Manufacturing,South,76.4,64.05,0,3,49.5,84.21
792,Retail,Midwest,32.3,66.59,0,5,43.6,47.78
793,Tech,Northeast,36.7,87.6,1,5,57.0,149.16
794,Services,West,69.0,119.93,1,8,68.7,171.74
795,Tech,South,19.7,44.7,0,0,36.9,68.76
796,Manufacturing,Northeast,61.6,102.18,0,2,50.5,112.45
797,Services,West,34.0,36.48,0,1,44.7,39.38
798,Retail,South,31.9,64.67,0,2,56.1,68.22
799,Tech,South,107.8,47.75,0,0,34.6,53.18
800,Manufacturing,West,39.2,108.27,1,7,69.5,158.1
801,Manufacturing,South,33.0,60.03,0,1,50.6,88.53
802,Services,Midwest,29.2,103.23,1,10,70.9,137.03
803,Tech,West,60.4,55.04,0,3,43.0,65.11
804,Services,Midwest,64.0,139.23,1,4,57.8,183.87
805,Retail,Northeast,24.8,152.25,1,9,70.2,171.18
806,Retail,South,36.3,49.02,0,0,37.4,50.31
807,Tech,Northeast,13.2,10.0,0,1,30.6,29.66
808,Tech,Midwest,33.9,52.89,0,2,37.3,64.3
809,Services,South,48.1,121.2,0,1,36.3,117.29
810,Tech,West,59.6,74.25,0,4,56.7,103.79
811,Services,Midwest,139.7,11.2,0,0,30.6,4.39
812,Retail,Northeast,59.9,109.21,0,3,62.9,141.45
813,Services,Northeast,39.2,98.01,1,8,60.7,131.93
814,Manufacturing,South,12.1,40.69,0,1,42.7,48.61
815,Services,West,36.3,26.76,0,3,37.2,37.31
816,Retail,Midwest,14.9,62.64,0,4,55.7,65.73
817,Tech,Northeast,27.9,79.86,0,2,38.7,99.18
818,Services,Northeast,35.3,49.99,0,0,40.3,47.55
819,Retail,Northeast,62.1,107.54,1,8,60.7,143.68
820,Tech,Midwest,45.7,30.19,0,1,60.9,53.37
821,Services,South,27.1,103.07,1,6,68.9,133.36
822,Tech,Midwest,65.0,13.77,0,0,26.2,17.5
823,Tech,Northeast,68.0,73.05,0,0,49.5,75.82
824,Tech,Northeast,31.2,68.36,1,5,57.7,64.45
825,Manufacturing,West,50.8,98.39,0,5,54.4,95.27
826,Manufacturing,Northeast,62.9,69.89,0,0,58.6,85.71
827,Tech,South,62.4,126.86,0,2,52.5,150.65
828,Services,Midwest,73.4,52.12,1,7,56.3,58.68
829,Retail,West,50.3,69.18,0,0,35.5,53.1
830,Tech,West,89.1,132.66,1,13,52.1,184.0
831,Retail,Northeast,58.7,100.23,0,0,43.1,88.98
832,Services,West,29.2,104.08,1,7,60.1,126.2
833,Tech,Midwest,63.1,78.97,0,1,54.6,62.7
834,Manufacturing,Midwest,48.3,75.87,0,2,56.9,99.02
835,Manufacturing,Midwest,37.2,80.03,0,0,52.8,79.06
836,Retail,Midwest,24.0,37.09,1,2,53.7,38.23
837,Services,Northeast,7.3,93.27,0,0,41.6,97.84
838,Manufacturing,West,111.4,87.52,1,5,50.8,139.6
839,Retail,West,19.4,90.71,1,6,57.0,86.73
840,Services,Northeast,36.9,90.03,1,11,66.0,115.46
841,Services,West,39.0,130.2,1,10,63.6,169.55
842,Services,West,23.0,123.42,1,7,52.9,143.46
843,Manufacturing,Midwest,89.0,96.81,0,0,47.6,114.36
844,Manufacturing,South,22.6,116.61,1,7,65.0,140.28
845,Services,Northeast,43.0,41.34,0,2,52.6,44.59
846,Tech,Midwest,8.2,74.54,0,0,38.9,79.74
847,Services,South,33.4,36.46,0,0,42.9,29.65
848,Manufacturing,Midwest,17.3,33.37,1,6,51.7,49.76
849,Manufacturing,Northeast,61.9,107.99,1,4,59.6,170.57
850,Manufacturing,West,65.0,126.72,1,6,63.5,162.64
851,Manufacturing,Midwest,34.7,44.38,0,0,54.1,44.52
852,Retail,Midwest,57.0,85.18,0,3,71.6,122.26
853,Manufacturing,Midwest,88.4,91.42,0,0,43.3,106.33
854,Services,Northeast,21.4,99.42,0,2,55.3,146.52
855,Manufacturing,West,27.6,55.42,0,0,37.9,47.83
856,Tech,South,29.2,86.93,0,1,41.1,96.96
857,Services,Midwest,61.8,111.42,1,6,61.1,175.82
858,Services,West,22.5,74.81,0,0,44.5,91.38
859,Retail,West,11.2,40.49,0,0,38.8,41.04
860,Retail,South,54.7,88.61,1,7,49.3,115.27
861,Retail,Midwest,22.0,46.38,1,8,54.6,60.56
862,Services,West,59.7,85.09,0,0,41.9,96.2
863,Tech,Midwest,39.8,98.75,0,0,51.8,123.94
864,Retail,Midwest,58.5,44.68,0,0,35.2,27.56
865,Tech,South,30.4,18.0,0,0,47.1,28.65
866,Tech,Midwest,116.8,122.57,0,3,65.5,172.64
867,Manufacturing,South,22.8,55.92,1,6,43.4,97.17
868,Retail,South,28.8,107.69,1,10,48.0,151.51
869,Services,Midwest,29.3,12.19,0,4,39.6,20.94
870,Tech,South,52.1,109.45,0,0,57.0,137.64
871,Manufacturing,South,43.0,83.52,1,5,66.6,101.21
872,Services,West,5.8,51.41,0,0,39.3,69.96
873,Retail,Northeast,75.3,65.85,0,2,56.5,25.04
874,Services,South,94.0,106.96,1,7,46.1,152.14
875,Services,Midwest,10.7,83.7,0,0,53.7,67.36
876,Services,Northeast,45.4,81.05,0,4,59.3,114.9
877,Tech,Northeast,23.5,45.33,0,0,39.3,74.52
878,Tech,West,82.9,108.49,0,0,47.5,118.78
879,Services,South,39.8,84.75,0,0,39.6,83.52
880,Retail,Midwest,23.3,10.0,0,0,41.8,15.89
881,Tech,West,9.8,21.84,0,1,50.7,-2.82
882,Retail,Northeast,39.8,64.01,0,0,59.9,66.44
883,Services,West,45.1,64.04,0,1,51.2,85.11
884,Retail,West,8.3,47.66,0,0,60.6,51.5
885,Services,Midwest,16.1,86.34,1,8,58.5,110.11
886,Manufacturing,Northeast,45.8,99.03,0,0,46.0,105.15
887,Manufacturing,West,67.2,87.37,0,0,40.0,81.22
888,Manufacturing,West,33.3,55.64,0,0,44.8,74.3
889,Tech,Northeast,43.0,96.54,0,4,33.7,103.6
890,Manufacturing,Northeast,48.8,56.41,0,0,62.2,69.44
891,Tech,West,19.1,46.36,0,1,47.0,39.73
892,Manufacturing,Northeast,37.1,113.64,1,8,57.5,139.24
893,Tech,Northeast,31.4,53.14,0,4,54.9,65.85
894,Manufacturing,West,36.7,116.53,1,12,85.4,192.36
895,Tech,South,38.0,41.12,0,0,33.5,36.86
896,Services,West,35.3,102.6,1,10,70.7,181.34
897,Tech,Midwest,16.8,90.46,0,0,46.0,105.21
898,Tech,Northeast,14.8,96.84,1,5,56.7,166.47
899,Services,Northeast,89.1,62.02,0,1,36.5,75.65
900,Manufacturing,South,23.3,51.42,0,4,38.1,40.14
901,Services,Northeast,27.5,78.92,0,0,49.6,79.92
902,Tech,South,60.4,104.22,0,0,58.9,110.58
903,Tech,Northeast,47.3,17.56,0,0,38.2,23.84
904,Manufacturing,Midwest,16.0,134.99,1,7,46.4,174.73
905,Services,South,21.7,79.57,0,4,40.1,74.47
906,Retail,South,29.7,57.71,0,3,46.7,98.79
907,Retail,West,89.6,47.53,0,0,45.8,62.13
908,Services,Midwest,51.7,108.72,1,7,60.5,134.99
909,Retail,Midwest,72.0,86.16,1,5,62.5,132.09
910,Tech,South,35.2,66.07,0,0,50.7,76.39
911,Manufacturing,Northeast,25.2,79.42,1,6,55.7,114.84
912,Services,Midwest,85.6,30.0,0,2,30.7,18.27
913,Tech,Northeast,71.2,75.67,1,7,59.1,115.75
914,Manufacturing,South,73.4,117.92,1,8,64.2,145.27
915,Tech,Midwest,29.6,85.21,0,0,41.4,93.61
916,Retail,West,16.8,83.63,1,6,65.6,126.35
917,Manufacturing,West,7.0,99.8,1,9,71.4,132.71
918,Tech,Northeast,52.1,132.92,1,9,65.3,165.17
919,Manufacturing,South,36.0,61.08,0,0,21.5,65.27
920,Manufacturing,Midwest,31.9,56.35,0,0,45.2,74.98
921,Tech,Midwest,29.6,90.76,1,10,64.1,147.25
922,Tech,Midwest,54.7,67.96,1,4,52.5,100.33
923,Manufacturing,South,11.1,100.17,1,11,74.3,134.35
924,Manufacturing,Northeast,19.1,79.96,1,9,63.4,111.19
925,Retail,Midwest,22.7,80.18,1,5,83.1,109.16
926,Manufacturing,Northeast,47.5,112.37,1,8,62.0,151.75
927,Manufacturing,Northeast,28.7,65.26,0,3,60.2,87.17
928,Retail,Midwest,8.3,72.09,0,3,59.1,90.2
929,Retail,Midwest,26.5,81.04,0,5,60.3,71.69
930,Tech,Midwest,32.8,73.6,0,3,44.5,78.94
931,Manufacturing,Midwest,16.7,167.04,1,11,66.8,241.62
932,Manufacturing,West,30.7,68.96,1,6,46.9,75.94
933,Retail,Midwest,40.2,91.53,1,8,72.7,129.9
934,Tech,Midwest,30.1,73.98,0,0,33.7,53.85
935,Tech,West,77.7,73.68,0,2,38.7,73.4
936,Retail,South,15.5,75.8,0,2,49.0,76.17
937,Retail,South,15.8,68.94,1,5,51.0,65.22
938,Manufacturing,West,58.5,23.22,0,1,49.5,63.8
939,Retail,Northeast,28.9,71.73,1,5,61.4,99.27
940,Tech,South,28.7,80.23,1,7,64.3,99.87
941,Services,West,73.8,91.12,0,0,67.0,78.75
942,Retail,Midwest,60.6,137.29,1,7,58.7,165.22
943,Services,South,31.7,57.57,0,0,49.6,84.78
944,Retail,West,5.7,29.45,1,7,59.5,50.64
945,Tech,South,27.0,101.99,1,6,72.5,138.31
946,Manufacturing,Midwest,36.9,141.34,1,7,79.6,202.78
947,Tech,South,40.7,64.56,0,2,54.7,54.0
948,Services,South,19.8,51.83,0,0,43.5,49.05
949,Retail,Northeast,45.9,12.06,0,0,29.7,14.54
950,Tech,West,89.2,102.98,0,0,35.6,97.13
951,Manufacturing,Midwest,53.1,98.96,1,8,58.5,120.44
952,Retail,Northeast,9.5,83.47,1,3,55.7,118.9
953,Retail,West,115.1,113.52,1,6,45.0,157.84
954,Retail,South,115.6,78.83,1,4,48.2,85.22
955,Services,West,30.3,90.86,0,3,53.4,76.57
956,Retail,West,61.9,56.04,0,0,46.2,53.76
957,Services,West,39.7,77.78,0,1,49.4,97.52
958,Manufacturing,South,22.6,42.79,0,2,57.3,60.73
959,Services,Midwest,57.7,108.71,1,9,64.3,168.91
960,Retail,Midwest,57.2,61.47,0,0,39.9,44.69
961,Tech,Northeast,64.6,88.17,1,7,46.7,140.51
962,Manufacturing,West,21.4,113.29,0,2,57.2,112.11
963,Tech,Northeast,39.8,73.71,1,11,57.1,118.62
964,Retail,West,8.0,59.13,0,0,57.6,55.74
965,Services,West,43.5,90.31,0,3,46.9,110.75
966,Manufacturing,West,45.9,39.67,0,1,46.7,34.62
967,Services,Midwest,40.2,31.16,0,0,43.6,22.63
968,Tech,Midwest,32.1,60.75,0,3,50.8,55.61
969,Services,South,39.2,91.58,0,1,53.9,77.39
970,Manufacturing,Midwest,30.1,102.24,1,7,65.1,154.54
971,Retail,Northeast,49.5,36.77,0,0,38.0,31.43
972,Retail,South,24.3,53.77,0,3,59.0,59.94
973,Retail,South,42.4,129.48,1,7,63.5,183.61
974,Retail,Midwest,32.3,46.57,0,0,49.6,43.23
975,Manufacturing,South,15.5,68.24,0,0,40.8,80.28
976,Tech,West,35.5,115.35,1,4,61.4,127.42
977,Services,West,72.4,86.15,0,4,56.0,93.02
978,Retail,West,40.3,92.46,1,10,69.1,103.69
979,Services,Midwest,34.9,84.8,0,0,56.8,69.7
980,Services,Northeast,74.2,42.9,0,0,42.0,53.89
981,Services,Northeast,113.8,98.25,0,2,47.7,138.04
982,Retail,Northeast,23.3,56.11,1,7,68.4,91.19
983,Services,West,58.2,77.81,0,1,50.8,116.21
984,Tech,South,48.7,10.0,0,0,40.4,34.89
985,Manufacturing,South,20.0,98.55,0,4,58.6,124.82
986,Manufacturing,West,69.9,108.58,1,8,55.1,126.02
987,Manufacturing,West,54.5,107.35,1,8,57.6,164.12
988,Services,Midwest,32.4,138.09,1,6,67.6,169.24
989,Tech,West,53.1,55.21,0,0,47.4,78.46
990,Retail,Midwest,25.1,61.86,0,1,61.5,63.79
991,Services,West,13.5,47.05,0,0,45.4,36.49
992,Retail,West,17.2,67.1,0,0,47.9,68.59
993,Manufacturing,West,40.3,112.07,0,0,57.2,146.15
994,Manufacturing,West,54.3,81.61,0,2,49.7,77.32
995,Manufacturing,Midwest,94.8,107.39,0,0,52.3,71.8
996,Tech,West,55.2,88.49,0,3,33.9,50.95
997,Retail,West,52.2,66.78,1,6,65.0,78.62
998,Tech,West,25.6,89.22,0,3,52.2,107.62
999,Tech,Northeast,25.0,48.08,0,6,59.0,36.67
1000,Manufacturing,Midwest,32.6,46.79,0,0,53.7,43.69
1001,Tech,Northeast,86.4,88.84,0,0,52.5,90.81
1002,Tech,Northeast,46.7,77.03,1,9,71.3,133.76
1003,Services,South,31.8,46.81,0,0,51.0,60.08
1004,Retail,West,29.8,120.02,0,3,63.0,164.83
1005,Retail,Northeast,49.2,95.51,0,0,51.5,92.08
1006,Services,Northeast,67.7,79.32,0,3,56.5,107.27
1007,Manufacturing,Midwest,77.7,109.83,1,5,64.5,152.27
1008,Retail,Northeast,41.7,87.76,1,10,71.0,94.52
1009,Retail,Midwest,45.3,80.2,0,1,43.1,91.24
1010,Tech,Northeast,32.3,70.74,1,7,50.0,89.0
1011,Manufacturing,Midwest,37.4,86.83,1,7,57.0,84.89
1012,Retail,Midwest,27.0,87.56,0,2,55.2,69.55
1013,Retail,South,14.8,25.38,0,0,41.8,14.63
1014,Tech,South,55.9,117.9,0,0,45.6,154.65
1015,Services,Northeast,31.8,73.72,0,0,60.9,66.44
1016,Manufacturing,Midwest,31.4,28.17,0,1,43.3,65.51
1017,Retail,West,54.6,38.55,0,0,27.3,47.79
1018,Services,Midwest,44.2,40.77,0,1,41.7,28.08
1019,Services,West,28.1,96.97,1,8,67.9,136.25
1020,Manufacturing,Northeast,30.0,102.57,1,6,76.3,141.35
1021,Services,West,58.6,37.57,1,8,58.6,90.63
1022,Tech,Northeast,22.7,103.79,1,7,57.0,159.49
1023,Tech,Northeast,57.9,83.92,0,2,47.2,84.96
1024,Services,South,26.3,20.66,0,3,47.9,34.48
1025,Services,Midwest,39.2,78.45,0,0,44.2,64.52
1026,Manufacturing,Midwest,71.4,107.08,1,6,62.0,134.68
1027,Retail,Northeast,18.7,43.79,0,1,49.2,46.64
1028,Retail,Midwest,47.7,111.04,0,2,65.2,117.61
1029,Tech,Northeast,29.7,36.53,0,0,53.1,34.86
1030,Manufacturing,Midwest,119.4,89.02,0,4,42.7,90.72
1031,Retail,Northeast,44.1,65.29,0,2,58.2,97.17
1032,Manufacturing,Northeast,70.8,118.44,1,5,73.5,142.1
1033,Tech,South,11.1,59.31,0,0,32.6,65.47
1034,Manufacturing,South,37.3,30.5,0,0,39.6,48.64
1035,Tech,Midwest,27.0,111.33,1,4,52.8,179.75
1036,Tech,Midwest,46.5,101.11,1,10,65.4,143.5
1037,Tech,West,59.0,69.23,0,3,55.5,127.5
1038,Manufacturing,South,56.0,74.06,0,0,40.4,74.18
1039,Retail,Midwest,33.7,103.74,0,0,43.6,106.66
1040,Manufacturing,West,45.2,113.74,0,2,55.5,124.91
1041,Tech,South,29.3,93.96,0,2,55.8,102.93
1042,Services,South,37.6,87.76,1,3,63.9,121.56
1043,Tech,Northeast,25.6,84.45,1,9,69.5,110.38
1044,Services,South,34.5,71.81,0,2,63.2,92.62
1045,Manufacturing,South,33.9,25.52,0,2,52.7,22.13
1046,Manufacturing,West,34.8,34.86,0,1,44.7,38.23
1047,Manufacturing,Northeast,35.2,14.24,0,0,40.3,16.45
1048,Services,South,14.2,73.71,0,7,50.2,105.92
1049,Retail,West,22.2,69.26,0,0,54.9,67.52
1050,Manufacturing,Northeast,82.2,84.12,1,5,58.4,98.46
1051,Services,Midwest,12.0,44.69,0,0,32.9,25.03
1052,Services,West,37.1,40.39,0,3,46.2,63.04
1053,Manufacturing,Midwest,69.7,24.2,0,0,48.5,23.35
1054,Services,Northeast,52.9,60.55,0,4,48.2,62.97
1055,Retail,Midwest,12.9,59.32,0,0,40.4,82.29
1056,Manufacturing,Northeast,7.4,95.18,0,0,50.7,87.28
1057,Retail,Northeast,18.1,101.12,1,9,74.9,145.88
1058,Retail,West,17.5,69.89,0,2,45.7,63.02
1059,Manufacturing,Midwest,60.0,91.17,1,6,60.6,100.34
1060,Tech,West,35.4,111.3,1,6,65.0,177.48
1061,Services,South,8.6,113.32,1,7,68.8,123.52
1062,Tech,West,8.4,96.04,0,0,51.8,114.18
1063,Manufacturing,Midwest,30.1,65.2,1,5,60.1,70.74
1064,Services,Midwest,115.9,110.44,0,0,31.5,120.39
1065,Retail,West,72.8,10.0,0,0,25.2,9.3
1066,Services,West,59.6,115.06,1,9,51.2,143.93
1067,Retail,Midwest,54.4,96.22,1,5,54.7,117.42
1068,Services,West,48.0,41.57,0,0,46.6,26.84
1069,Services,West,38.9,44.72,0,3,54.6,41.2
1070,Manufacturing,Northeast,23.4,96.87,1,5,60.2,144.65
1071,Retail,Midwest,80.9,52.08,0,3,39.8,68.28
1072,Services,Northeast,52.1,102.9,1,10,60.8,145.26
1073,Tech,West,23.1,112.76,0,3,48.1,118.72
1074,Manufacturing,Northeast,57.7,74.94,0,2,70.2,77.9
1075,Services,West,25.9,28.36,0,0,33.7,21.96
1076,Tech,Midwest,17.4,61.78,0,0,41.8,85.06
1077,Manufacturing,South,5.6,110.85,0,2,57.0,108.58
1078,Tech,West,75.4,106.05,1,7,53.1,166.17
1079,Services,South,36.8,107.92,0,1,46.8,139.03
1080,Tech,South,24.1,52.65,0,1,45.7,88.61
1081,Retail,West,55.7,74.01,0,5,57.8,91.57
1082,Retail,West,28.0,46.07,0,0,42.0,30.71
1083,Tech,Midwest,8.8,53.94,0,0,38.6,49.02
1084,Services,Northeast,78.5,45.62,0,0,36.7,36.73
1085,Manufacturing,South,88.6,67.87,0,2,41.4,69.54
1086,Tech,Northeast,55.5,126.84,1,4,51.7,185.0
1087,Manufacturing,West,38.7,50.51,0,0,42.6,45.7
1088,Services,Midwest,46.0,83.59,0,2,55.0,91.69
1089,Tech,South,51.0,89.0,1,4,60.8,146.83
1090,Tech,Midwest,32.0,130.82,1,4,56.6,150.45
1091,Retail,Midwest,22.6,49.11,0,2,47.8,63.44
1092,Tech,Midwest,21.1,59.91,1,4,49.1,101.33
1093,Retail,Northeast,64.6,68.14,1,6,54.0,90.16
1094,Tech,Midwest,42.6,77.7,0,0,26.5,43.98
1095,Retail,Midwest,28.7,102.43,1,9,76.0,147.66
1096,Manufacturing,South,78.6,100.72,1,7,57.7,146.08
1097,Services,West,36.2,10.0,0,0,36.0,4.59
1098,Retail,Northeast,39.8,142.86,1,8,75.6,201.21
1099,Tech,West,11.3,29.7,0,2,42.1,45.39
1100,Tech,Midwest,14.6,112.07,1,6,55.0,160.83
1101,Retail,Midwest,7.1,115.95,1,9,46.5,157.59
1102,Manufacturing,Northeast,48.3,169.06,1,11,66.0,226.71
1103,Manufacturing,Midwest,108.5,82.36,1,10,52.1,96.0
1104,Manufacturing,West,24.5,18.14,0,0,40.6,20.75
1105,Manufacturing,West,36.6,91.25,0,0,64.1,104.19
1106,Retail,Midwest,37.9,118.13,1,5,58.7,155.91
1107,Tech,South,59.8,123.89,1,5,58.9,164.28
1108,Services,Northeast,25.2,89.44,1,5,69.5,118.65
1109,Retail,West,13.5,66.08,0,0,48.8,117.48
1110,Retail,South,47.2,134.23,1,6,62.2,162.39
1111,Retail,Northeast,38.9,75.74,0,1,59.1,86.41
1112,Tech,West,12.4,89.24,0,0,38.9,92.15
1113,Manufacturing,West,91.5,148.5,1,6,68.8,191.71
1114,Tech,Midwest,70.8,53.13,0,0,48.7,49.72
1115,Tech,South,52.9,52.66,0,0,45.6,57.53
1116,Manufacturing,South,42.3,42.87,0,0,41.1,47.75
1117,Services,West,53.8,78.89,0,4,64.0,90.54
1118,Retail,Northeast,75.5,78.72,1,6,68.5,98.94
1119,Services,Midwest,27.9,73.32,0,1,49.6,74.64
1120,Services,South,56.9,123.86,1,6,63.7,146.91
1121,Manufacturing,West,49.5,103.72,0,3,52.3,137.33
1122,Tech,Northeast,44.3,80.79,0,0,54.1,88.91
1123,Services,South,65.9,112.78,1,8,65.3,149.67
1124,Manufacturing,West,23.2,109.64,0,1,60.0,159.65
1125,Manufacturing,Midwest,46.2,15.69,0,0,35.1,10.63
1126,Tech,West,31.2,122.75,1,7,74.9,193.79
1127,Retail,South,32.0,66.91,0,0,50.8,77.92
1128,Tech,Midwest,28.9,63.6,0,4,49.4,66.03
1129,Retail,South,25.0,78.11,0,1,71.3,97.67
1130,Retail,Midwest,5.0,44.9,0,1,41.7,37.64
1131,Retail,Northeast,89.3,64.64,0,0,57.9,98.03
1132,Retail,Northeast,73.6,79.03,1,3,66.6,102.45
1133,Manufacturing,South,36.0,67.33,0,0,44.7,69.01
1134,Manufacturing,West,40.5,65.69,0,0,48.2,79.4
1135,Services,Northeast,84.7,94.05,0,2,62.5,90.5
1136,Services,Midwest,21.5,113.91,1,7,66.4,126.66
1137,Retail,South,25.0,120.06,1,7,62.8,175.35
1138,Tech,Midwest,25.6,140.49,1,8,66.5,150.14
1139,Manufacturing,South,39.9,27.41,0,1,39.2,48.31
1140,Services,Midwest,27.5,105.53,0,4,64.0,102.14
1141,Services,Midwest,159.8,93.05,0,0,42.1,100.32
1142,Services,South,77.2,81.32,0,1,42.2,81.6
1143,Retail,West,58.4,28.52,0,0,55.7,19.33
1144,Tech,South,59.9,61.21,0,0,37.5,62.0
1145,Manufacturing,West,31.0,77.49,0,0,43.8,92.66
1146,Retail,South,88.5,130.39,1,5,68.1,176.09
1147,Retail,Midwest,72.2,69.33,1,5,45.2,121.86
1148,Services,West,83.3,112.93,1,3,59.7,144.45
1149,Services,South,105.3,92.49,0,3,64.7,121.41
1150,Services,West,61.6,62.27,0,0,45.8,57.89
1151,Services,South,46.4,77.68,0,0,35.6,76.15
1152,Manufacturing,Midwest,84.3,60.45,0,0,51.1,66.05
1153,Services,South,8.2,94.06,1,13,76.0,128.05
1154,Manufacturing,Northeast,45.3,67.21,0,1,41.7,58.8
1155,Retail,Midwest,42.9,102.41,0,2,51.8,141.61
1156,Retail,Midwest,22.8,121.23,1,7,63.8,124.74
1157,Retail,Northeast,5.0,90.47,0,2,44.3,128.07
1158,Services,South,29.2,65.07,0,1,53.0,74.73
1159,Tech,Midwest,6.1,85.23,0,0,59.9,117.27
1160,Retail,West,48.9,34.95,0,0,60.7,34.04
1161,Manufacturing,West,51.2,46.89,0,1,41.3,40.52
1162,Services,Midwest,48.8,113.08,1,6,64.0,129.45
1163,Services,Northeast,59.9,90.73,0,2,48.3,102.71
1164,Services,South,96.4,100.63,0,0,42.7,110.77
1165,Manufacturing,South,61.4,98.78,0,2,42.1,113.54
1166,Services,Northeast,68.0,78.61,0,0,59.2,97.89
1167,Retail,Midwest,37.3,103.03,1,11,57.1,149.65
1168,Tech,West,14.5,16.44,0,0,35.4,13.37
1169,Tech,South,39.6,71.78,0,0,31.7,69.88
1170,Tech,West,75.9,115.03,0,3,51.3,145.89
1171,Services,West,70.9,98.13,0,1,51.0,90.14
1172,Retail,West,25.7,72.17,0,0,49.2,87.09
1173,Retail,Northeast,43.7,134.96,1,7,49.7,178.26
1174,Retail,West,58.6,119.53,0,3,44.3,141.9
1175,Services,West,55.0,95.64,0,4,52.8,96.9
1176,Retail,South,48.1,115.88,1,7,68.4,148.76
1177,Retail,Midwest,43.2,76.9,0,1,58.6,87.35
1178,Retail,Midwest,2.9,25.49,0,4,40.7,50.08
1179,Services,Midwest,34.7,68.85,0,1,50.0,92.55
1180,Manufacturing,South,42.2,84.34,0,0,49.2,81.81
1181,Retail,West,34.0,88.58,1,4,59.3,124.23
1182,Manufacturing,West,16.7,76.61,0,0,48.3,65.15
1183,Retail,Midwest,31.8,142.61,1,10,58.5,193.81
1184,Tech,Midwest,48.4,62.08,0,2,48.4,69.2
1185,Retail,South,53.5,99.02,1,8,66.3,139.52
1186,Services,South,50.6,83.63,0,1,58.7,99.51
1187,Tech,Midwest,17.9,63.02,0,1,45.1,66.63
1188,Tech,South,43.7,96.22,1,7,70.7,98.29
1189,Tech,South,43.8,42.95,0,0,44.1,36.33
1190,Services,West,52.3,99.03,1,5,45.9,135.64
1191,Retail,West,32.6,96.71,1,8,66.7,133.89
1192,Tech,Midwest,24.9,77.78,0,1,42.1,95.74
1193,Services,Northeast,21.7,80.96,0,0,54.3,81.15
1194,Tech,South,29.3,45.55,0,0,39.3,62.35
1195,Retail,Midwest,34.7,38.19,0,1,33.2,72.29
1196,Services,Midwest,30.0,96.44,0,1,53.1,132.55
1197,Services,South,21.6,133.7,1,7,68.7,188.21
1198,Tech,West,30.7,67.11,0,0,39.1,75.13
1199,Retail,South,35.8,50.68,0,0,47.6,53.88
1200,Tech,Midwest,23.9,95.97,0,1,63.6,83.39
1201,Manufacturing,Midwest,39.9,74.35,0,1,67.2,49.64
1202,Services,South,22.7,38.24,0,0,43.5,31.09
1203,Tech,West,61.4,55.12,0,1,38.6,51.73
1204,Retail,Northeast,43.7,76.39,1,6,68.6,114.28
1205,Retail,Northeast,21.2,142.73,1,4,57.2,197.94
1206,Services,Northeast,44.3,109.02,1,7,63.3,128.17
1207,Manufacturing,West,70.2,73.05,0,0,47.5,73.7
1208,Retail,West,27.9,65.34,0,3,49.6,76.19
1209,Tech,Northeast,18.5,35.44,0,4,44.7,50.36
1210,Manufacturing,South,34.5,112.5,1,7,68.4,126.24
1211,Services,Midwest,29.3,41.04,0,2,39.8,39.23
1212,Manufacturing,Midwest,116.7,75.6,0,0,52.9,54.65
1213,Services,Northeast,51.0,84.85,0,0,29.7,96.79
1214,Retail,South,51.8,69.6,1,2,45.7,98.48
1215,Retail,Northeast,62.4,131.6,1,6,82.3,161.94
1216,Services,Midwest,40.1,26.68,0,0,38.1,35.86
1217,Tech,Midwest,31.0,34.26,0,0,47.8,27.09
1218,Tech,West,19.7,99.04,0,1,68.9,90.43
1219,Manufacturing,Northeast,120.2,78.72,0,1,59.9,83.8
1220,Tech,South,44.6,83.06,1,11,57.1,121.93
1221,Retail,South,51.7,89.02,1,6,58.3,88.64
1222,Retail,Midwest,36.5,29.49,0,0,33.6,80.64
1223,Services,South,60.9,137.73,1,5,73.3,172.91
1224,Tech,South,5.3,79.31,0,0,48.5,84.37
1225,Services,West,35.5,59.1,0,1,55.9,55.59
1226,Tech,Midwest,77.0,124.53,1,2,64.3,132.83
1227,Tech,West,58.2,96.69,0,1,45.4,126.22
1228,Retail,West,53.0,63.31,0,1,58.0,78.92
1229,Retail,West,37.9,97.89,1,7,74.2,144.1
1230,Manufacturing,West,24.7,68.38,1,6,66.7,99.36
1231,Tech,South,74.9,110.68,1,5,66.3,130.19
1232,Manufacturing,Midwest,48.2,75.71,0,3,54.5,101.8
1233,Retail,West,16.2,73.9,0,0,32.5,81.27
1234,Services,Northeast,40.0,51.35,0,0,40.2,88.29
1235,Retail,Northeast,21.8,71.31,1,10,63.9,113.03
1236,Tech,West,53.1,133.96,1,7,62.2,185.92
1237,Tech,South,28.0,61.15,1,6,56.6,71.31
1238,Tech,South,30.1,93.49,1,7,74.4,128.73
1239,Retail,West,33.8,67.53,0,0,43.6,96.56
1240,Retail,Midwest,75.8,62.79,0,1,56.1,83.24
1241,Tech,Northeast,72.3,45.1,0,2,51.3,55.79
1242,Retail,Midwest,13.6,95.57,0,0,53.8,130.03
1243,Manufacturing,South,73.1,71.18,0,2,42.2,106.51
1244,Retail,West,44.1,71.7,1,7,56.5,127.38
1245,Retail,Midwest,33.8,98.61,0,1,63.5,87.42
1246,Services,West,15.7,46.57,0,1,48.4,47.07
1247,Services,South,6.3,76.49,0,0,57.1,80.94
1248,Services,South,87.1,60.11,0,1,43.5,69.93
1249,Retail,Northeast,81.4,71.76,0,3,37.7,83.72
1250,Tech,West,84.6,71.53,1,5,57.9,127.05
1251,Manufacturing,West,30.7,111.44,0,2,65.1,166.0
1252,Tech,Northeast,49.2,42.33,0,1,43.1,47.13
1253,Services,Northeast,65.8,105.7,1,8,65.9,140.07
1254,Manufacturing,Midwest,24.2,104.38,0,0,72.7,152.59
1255,Tech,Midwest,42.6,61.42,0,0,43.9,86.53
1256,Services,West,9.2,57.51,0,1,43.8,76.64
1257,Tech,South,83.2,94.92,1,6,58.5,104.02
1258,Retail,West,36.5,46.48,0,1,53.7,25.03
1259,Retail,Northeast,62.7,49.81,0,2,32.9,38.16
1260,Tech,West,92.9,56.79,0,0,40.5,67.22
1261,Retail,West,16.4,82.58,1,7,63.5,124.74
1262,Retail,Midwest,9.8,36.14,0,1,56.8,46.88
1263,Retail,South,40.3,73.53,1,4,61.2,99.95
1264,Tech,West,35.7,33.87,0,0,33.7,39.43
1265,Services,South,69.1,95.59,1,7,60.0,117.3
1266,Tech,Midwest,144.1,116.03,1,5,72.7,126.99
1267,Retail,Northeast,76.5,139.69,1,3,59.0,171.39
1268,Manufacturing,Midwest,21.3,71.77,0,1,46.0,72.16
1269,Manufacturing,South,32.4,10.0,0,0,43.4,12.03
1270,Retail,Northeast,40.7,92.88,0,0,55.0,97.01
1271,Manufacturing,Northeast,56.5,88.32,0,2,48.6,98.9
1272,Manufacturing,South,45.8,17.57,0,0,51.8,-5.42
1273,Manufacturing,Midwest,39.3,72.22,0,1,42.9,59.0
1274,Services,Midwest,51.4,93.62,1,5,59.9,123.1
1275,Manufacturing,South,70.5,54.95,0,4,62.8,51.38
1276,Tech,South,47.9,38.47,0,0,48.6,31.13
1277,Tech,West,29.8,52.05,0,2,49.9,78.18
1278,Tech,West,80.7,40.4,0,0,46.0,61.23
1279,Tech,Northeast,13.5,34.19,0,0,34.5,66.18
1280,Tech,Northeast,22.3,37.74,1,2,57.5,56.68
1281,Manufacturing,West,29.4,79.18,1,6,72.6,105.34
1282,Tech,Northeast,48.6,31.2,0,2,30.9,34.43
1283,Services,Midwest,46.0,84.42,0,5,65.3,133.03
1284,Retail,Northeast,8.8,75.25,0,4,43.4,83.81
1285,Services,South,54.7,120.3,1,9,67.7,185.28
1286,Services,South,22.5,121.56,1,9,84.1,163.32
1287,Tech,Midwest,73.9,43.22,0,0,54.9,79.84
1288,Services,West,85.4,54.99,0,0,43.0,40.8
1289,Retail,Midwest,16.3,61.41,0,0,33.9,81.22
1290,Retail,South,28.3,79.81,1,6,51.0,110.53
1291,Services,South,20.3,104.09,0,0,43.1,121.91
1292,Services,Midwest,11.0,28.84,0,0,53.4,19.06
1293,Manufacturing,South,17.9,172.54,1,9,79.4,222.7
1294,Tech,South,35.3,89.31,1,6,44.9,111.17
1295,Services,South,51.9,71.75,0,1,58.4,89.14
1296,Services,South,59.4,118.53,1,7,77.7,145.56
1297,Tech,South,139.5,105.72,1,5,58.5,128.44
1298,Retail,Midwest,44.3,86.69,0,2,60.5,90.9
1299,Services,Northeast,154.2,120.38,1,6,51.2,115.99
1300,Retail,Midwest,38.5,27.01,0,0,40.3,30.99
1301,Tech,Midwest,26.5,65.72,0,0,54.4,61.54
1302,Manufacturing,South,38.1,110.74,0,4,64.2,129.95
1303,Retail,Midwest,21.5,46.53,0,0,53.1,55.73
1304,Tech,South,43.1,74.22,0,2,47.8,88.35
1305,Retail,South,35.8,59.37,0,1,34.7,94.51
1306,Manufacturing,Midwest,42.5,128.04,1,9,80.5,159.91
1307,Retail,South,17.7,40.01,0,0,37.5,39.58
1308,Tech,Northeast,34.1,88.66,0,3,50.7,96.45
1309,Tech,Midwest,64.3,94.3,0,2,60.2,128.53
1310,Manufacturing,Northeast,19.9,105.4,0,0,50.5,124.95
1311,Retail,South,59.3,93.24,0,0,35.6,125.84
1312,Tech,West,29.0,65.82,0,0,52.6,42.82
1313,Tech,West,38.3,112.89,1,6,66.5,114.89
1314,Retail,Midwest,93.6,35.73,0,1,65.8,64.21
1315,Services,West,24.7,93.07,1,8,53.0,142.0
1316,Retail,Northeast,69.1,63.58,0,0,43.6,63.0
1317,Services,West,30.0,102.09,0,0,57.4,116.26
1318,Manufacturing,South,90.8,121.56,1,5,52.8,170.13
1319,Services,Midwest,16.9,28.54,0,1,36.0,19.52
1320,Retail,Midwest,27.5,107.15,1,7,52.4,184.49
1321,Manufacturing,West,48.9,57.33,0,0,55.0,83.67
1322,Manufacturing,South,38.6,41.84,0,0,44.0,28.14
1323,Tech,Midwest,41.6,41.55,0,1,45.5,69.01
1324,Manufacturing,Northeast,44.1,62.75,0,0,33.6,43.1
1325,Services,Midwest,57.5,21.41,0,0,46.0,13.25
1326,Services,Northeast,26.8,34.77,0,1,44.3,60.3
1327,Retail,West,49.2,89.77,1,8,66.8,135.46
1328,Manufacturing,South,43.9,85.4,1,9,67.7,112.15
1329,Manufacturing,Midwest,23.1,55.61,1,6,59.7,80.87
1330,Services,South,23.4,92.25,0,3,51.1,75.04
1331,Tech,Midwest,81.3,86.99,1,4,59.7,134.38
1332,Tech,Midwest,40.0,43.07,0,0,47.5,83.92
1333,Tech,South,24.2,74.11,0,0,27.9,65.11
1334,Tech,Northeast,11.9,65.48,0,2,56.9,87.92
1335,Retail,Northeast,24.2,58.29,0,2,42.5,55.92
1336,Tech,West,43.1,60.05,0,0,46.4,64.12
1337,Manufacturing,Northeast,82.7,60.4,0,0,41.0,86.83
1338,Services,Midwest,68.8,35.6,0,0,45.4,48.85
1339,Tech,Midwest,24.0,37.61,0,0,44.1,21.29
1340,Tech,Northeast,35.9,28.01,0,4,49.4,32.95
1341,Retail,Midwest,32.7,91.57,1,6,59.9,113.37
1342,Services,Northeast,20.2,76.78,0,0,50.5,75.31
1343,Manufacturing,Midwest,32.1,46.06,0,6,59.6,41.85
1344,Retail,South,57.1,46.74,0,0,47.9,66.96
1345,Retail,South,39.2,127.17,1,6,77.2,200.01
1346,Tech,West,41.4,10.0,0,0,18.4,20.09
1347,Manufacturing,Northeast,30.1,100.56,0,4,53.6,126.9
1348,Services,Northeast,31.8,62.86,1,4,35.0,80.68
1349,Tech,Northeast,21.6,81.0,1,4,48.2,120.64
1350,Services,West,33.4,65.95,0,0,49.3,67.57
1351,Retail,West,23.9,47.0,1,6,59.1,53.8
1352,Retail,Northeast,36.5,50.54,0,0,39.7,48.94
1353,Tech,South,53.1,57.87,0,0,30.3,38.0
1354,Services,Northeast,31.8,38.68,0,1,39.2,47.3
1355,Tech,South,17.2,39.0,0,0,37.7,71.25
1356,Services,South,31.8,69.7,0,0,53.6,66.46
1357,Services,South,74.3,62.19,0,4,54.3,75.66
1358,Services,West,29.5,161.44,1,10,73.8,244.72
1359,Tech,West,68.8,57.38,0,0,63.0,93.24
1360,Tech,West,13.1,78.48,0,1,52.4,103.35
1361,Tech,Midwest,64.4,112.07,1,7,61.7,146.42
1362,Services,South,32.5,47.52,0,0,52.8,45.49
1363,Tech,Northeast,13.7,133.8,1,8,55.4,192.43
1364,Tech,Northeast,78.2,130.75,1,6,67.9,157.51
1365,Services,Midwest,83.7,92.56,0,1,54.5,93.97
1366,Services,Northeast,36.0,71.36,0,0,22.4,89.75
1367,Tech,Midwest,19.3,59.65,0,2,40.2,70.65
1368,Services,West,8.8,38.4,1,6,64.6,57.32
1369,Manufacturing,Northeast,165.8,139.07,1,6,56.1,189.09
1370,Tech,Northeast,31.2,92.76,1,5,66.1,148.81
1371,Retail,South,27.7,82.34,1,7,72.7,114.48
1372,Services,West,37.9,41.36,1,8,54.3,65.93
1373,Retail,South,43.5,67.07,1,8,62.8,133.43
1374,Tech,Midwest,66.8,87.83,0,3,48.7,126.08
1375,Manufacturing,South,40.8,35.74,0,0,46.7,40.81
1376,Manufacturing,Midwest,71.7,11.12,0,0,38.5,24.72
1377,Manufacturing,Northeast,92.8,99.22,0,0,56.1,106.05
1378,Services,Midwest,80.9,75.02,1,7,83.2,87.92
1379,Tech,West,92.5,73.52,0,0,39.1,104.97
1380,Retail,South,9.8,35.08,0,0,40.8,22.26
1381,Retail,Midwest,63.7,88.42,0,0,36.2,94.66
1382,Tech,South,108.9,131.33,1,8,66.9,184.64
1383,Manufacturing,West,43.6,132.22,1,9,66.1,148.71
1384,Services,Midwest,44.6,57.5,0,5,49.0,67.72
1385,Retail,West,21.4,112.56,0,5,58.7,123.26
1386,Tech,South,67.1,33.08,0,1,33.3,19.68
1387,Retail,South,70.8,97.1,0,2,61.5,91.47
1388,Manufacturing,South,47.5,39.14,0,0,33.0,64.3
1389,Manufacturing,West,73.3,111.76,0,0,57.2,118.7
1390,Tech,Midwest,25.9,22.22,0,0,41.5,30.75
1391,Manufacturing,West,24.4,64.66,0,0,36.2,63.47
1392,Retail,Midwest,64.6,102.4,0,1,58.1,94.24
1393,Manufacturing,Midwest,15.8,36.83,0,0,45.1,73.34
1394,Retail,Northeast,33.3,53.73,0,0,41.5,40.49
1395,Retail,Midwest,18.8,142.96,1,7,54.8,187.9
1396,Tech,South,17.6,58.0,0,0,38.7,69.76
1397,Retail,South,22.1,62.1,0,0,41.7,71.43
1398,Tech,Midwest,32.8,93.73,0,1,68.2,101.76
1399,Tech,Midwest,89.8,20.36,0,3,40.6,37.85
1400,Services,Northeast,56.0,90.86,0,0,44.0,80.65
1401,Services,South,72.5,46.77,1,11,74.4,75.11
1402,Services,Northeast,48.6,67.18,0,0,46.7,58.35
1403,Tech,West,27.4,79.21,0,0,59.7,74.63
1404,Services,West,100.4,139.63,1,7,70.4,205.3
1405,Retail,Northeast,59.8,88.4,0,0,53.5,91.02
1406,Retail,Midwest,42.4,150.01,1,6,51.7,229.86
1407,Retail,Northeast,26.2,130.75,1,5,64.5,168.19
1408,Services,South,86.5,69.87,0,0,39.5,48.68
1409,Retail,South,72.3,154.11,1,7,65.0,177.02
1410,Manufacturing,West,71.6,89.75,1,5,44.7,118.59
1411,Manufacturing,West,41.2,88.47,0,1,51.7,83.53
1412,Retail,West,38.4,128.81,1,5,44.9,168.28
1413,Services,Midwest,53.3,102.85,1,8,64.6,137.58
1414,Services,Northeast,25.7,69.17,0,0,48.2,85.99
1415,Services,Northeast,17.5,112.25,1,3,55.0,113.69
1416,Tech,South,86.8,101.84,1,6,69.5,119.23
1417,Tech,Northeast,22.2,110.3,1,6,55.5,140.05
1418,Tech,Midwest,48.1,108.24,1,8,72.4,132.02
1419,Manufacturing,Northeast,29.2,85.46,0,0,42.6,88.72
1420,Manufacturing,South,26.8,89.31,0,4,49.2,94.53
1421,Services,Northeast,38.9,78.23,0,0,40.7,97.96
1422,Manufacturing,Midwest,104.8,169.83,1,10,79.8,193.01
1423,Services,West,37.9,113.37,1,8,61.2,144.5
1424,Manufacturing,Northeast,82.1,54.69,0,3,34.7,73.42
1425,Manufacturing,South,54.8,72.37,0,1,57.5,59.68
1426,Retail,Northeast,57.3,60.82,0,0,49.4,74.18
1427,Tech,West,69.3,25.23,0,0,37.5,34.4
1428,Retail,Northeast,88.1,143.03,1,7,87.7,194.52
1429,Manufacturing,Midwest,10.6,18.54,0,2,36.9,17.07
1430,Tech,West,26.6,71.99,0,0,34.1,89.83
1431,Tech,West,19.9,60.75,0,6,56.3,94.6
1432,Tech,South,79.1,99.33,0,0,47.0,89.41
1433,Tech,Midwest,51.8,56.99,0,2,51.6,42.04
1434,Manufacturing,Northeast,32.4,65.82,1,6,64.0,110.46
1435,Retail,West,40.6,86.45,0,5,67.7,87.31
1436,Manufacturing,West,16.0,89.1,0,3,41.2,96.11
1437,Tech,West,67.1,87.33,1,7,47.0,132.31
1438,Services,Northeast,55.7,102.27,1,5,59.5,138.71
1439,Manufacturing,South,43.7,105.84,1,7,68.2,169.93
1440,Retail,Northeast,50.3,80.82,0,0,45.7,88.3
1441,Manufacturing,West,22.0,75.22,0,3,52.4,78.44
1442,Manufacturing,South,22.0,105.45,0,1,62.0,116.36
1443,Tech,West,30.1,23.53,0,2,47.9,33.88
1444,Tech,Northeast,51.7,94.32,0,0,44.7,90.47
1445,Retail,South,44.1,36.54,0,2,67.6,31.73
1446,Retail,Northeast,29.2,48.28,0,3,56.1,60.67
1447,Services,South,44.1,26.46,0,0,35.5,18.89
1448,Tech,West,14.6,38.13,1,3,63.0,59.68
1449,Services,Midwest,46.2,99.81,0,0,46.9,86.51
1450,Retail,South,105.1,102.39,1,7,52.8,136.28
1451,Services,West,15.8,109.62,1,8,66.6,155.92
1452,Tech,South,62.0,18.28,0,1,33.5,13.59
1453,Manufacturing,South,49.5,97.19,0,0,52.8,95.75
1454,Tech,West,41.0,74.02,0,0,49.1,93.55
1455,Tech,Midwest,47.1,96.83,1,7,65.3,136.16
1456,Services,West,11.7,85.22,0,2,55.4,111.45
1457,Retail,West,30.0,85.41,0,0,56.5,79.31
1458,Manufacturing,Midwest,63.9,51.09,0,0,59.9,92.09
1459,Services,Midwest,12.2,47.45,0,3,46.2,48.55
1460,Manufacturing,South,8.7,10.0,0,0,49.1,36.42
1461,Tech,South,31.4,55.01,0,1,40.6,41.94
1462,Retail,West,12.7,107.42,0,4,51.8,118.91
1463,Tech,Northeast,43.6,115.71,1,5,69.6,152.89
1464,Manufacturing,West,58.4,40.86,0,0,49.3,23.81
1465,Tech,Midwest,52.3,79.5,1,5,68.7,115.09
1466,Retail,South,11.9,121.89,1,9,59.2,178.6
1467,Services,West,43.9,89.65,0,3,45.2,106.65
1468,Tech,Northeast,46.9,87.22,1,6,61.4,113.43
1469,Manufacturing,Northeast,70.8,72.0,1,3,48.0,124.94
1470,Tech,Northeast,70.2,122.81,1,11,57.8,168.23
1471,Tech,West,33.3,70.68,0,0,46.3,64.76
1472,Manufacturing,Northeast,45.7,100.16,0,0,47.6,127.88
1473,Manufacturing,South,78.6,95.24,0,1,60.0,93.5
1474,Manufacturing,Midwest,27.1,83.4,0,0,41.7,76.23
1475,Retail,Midwest,34.6,101.1,0,0,49.3,92.99
1476,Manufacturing,Northeast,67.3,119.78,1,7,74.9,182.67
1477,Services,West,25.8,65.91,0,1,71.5,68.27
1478,Services,Midwest,51.5,70.87,0,0,67.2,92.83
1479,Tech,South,63.2,10.0,0,0,48.6,39.61
1480,Manufacturing,South,46.1,113.45,1,8,82.9,141.73
1481,Services,South,84.7,109.3,1,4,52.6,155.6
1482,Retail,Midwest,25.4,86.65,0,0,65.7,81.82
1483,Services,Northeast,69.7,91.41,1,8,66.0,147.62
1484,Tech,South,51.7,103.55,0,4,44.2,93.66
1485,Retail,Northeast,81.7,71.6,0,2,43.2,77.55
1486,Manufacturing,South,70.9,174.64,1,9,90.6,260.13
1487,Manufacturing,West,27.3,49.88,0,1,53.5,58.63
1488,Tech,South,35.8,32.61,0,0,56.3,32.94
1489,Tech,South,37.7,102.03,0,3,49.6,112.15
1490,Retail,Midwest,76.8,104.55,1,9,54.5,154.25
1491,Services,West,15.3,72.02,0,6,47.1,112.59
1492,Services,Northeast,36.5,87.41,1,8,70.5,137.22
1493,Tech,West,144.4,83.57,0,3,34.5,103.99
1494,Manufacturing,Midwest,40.1,67.1,0,2,47.1,66.6
1495,Tech,Midwest,70.3,75.88,0,0,38.1,56.61
1496,Tech,South,36.7,181.69,1,10,79.6,232.93
1497,Retail,West,43.4,83.01,0,2,43.8,93.92
1498,Retail,South,91.5,78.98,0,0,36.8,82.37
1499,Services,Northeast,31.0,94.82,1,6,70.3,111.92
1500,Services,West,37.4,74.3,0,3,58.9,98.99
1501,Manufacturing,Midwest,35.0,70.4,0,2,39.5,82.76
1502,Manufacturing,West,95.8,53.44,0,1,50.5,35.3
1503,Tech,Midwest,81.2,71.09,1,8,50.1,73.36
1504,Tech,West,87.1,116.74,1,3,78.7,171.08
1505,Manufacturing,South,35.7,101.21,1,6,50.4,129.15
1506,Tech,Northeast,33.9,67.25,1,9,58.9,87.79
1507,Services,South,34.4,53.07,0,0,55.3,66.51
1508,Services,Midwest,41.5,69.54,0,0,54.3,56.75
1509,Services,South,21.8,99.64,0,3,51.1,90.49
1510,Retail,Northeast,56.0,74.29,0,0,60.1,87.14
1511,Manufacturing,Northeast,13.2,38.24,0,0,42.3,39.03
1512,Retail,West,39.6,119.13,1,6,45.6,146.25
1513,Retail,West,13.5,83.53,0,0,63.2,68.63
1514,Manufacturing,Northeast,84.9,118.19,1,8,60.5,168.75
1515,Manufacturing,South,11.2,135.19,0,1,64.9,171.06
1516,Manufacturing,Northeast,40.0,49.1,0,2,51.7,43.12
1517,Services,West,40.9,56.29,0,0,40.1,55.21
1518,Services,Northeast,30.0,73.03,0,0,44.8,73.01
1519,Retail,South,41.1,10.0,0,0,28.5,36.8
1520,Retail,Midwest,34.8,133.47,1,8,63.8,156.62
1521,Manufacturing,West,22.2,29.17,0,0,15.1,44.69
1522,Services,Midwest,65.9,136.48,1,6,73.1,178.64
1523,Services,West,37.1,98.86,1,9,65.6,142.14
1524,Manufacturing,West,80.3,107.23,1,3,68.0,161.83
1525,Retail,Midwest,44.2,85.02,0,5,41.7,93.18
1526,Manufacturing,South,33.2,97.89,0,2,47.4,96.78
1527,Tech,South,46.2,137.0,1,9,66.2,167.61
1528,Manufacturing,West,42.4,144.1,1,9,83.3,183.11
1529,Tech,West,60.2,10.0,0,1,56.6,1.84
1530,Retail,West,54.9,29.23,0,0,39.3,55.57
1531,Tech,Northeast,23.4,121.36,1,7,68.8,144.74
1532,Retail,West,43.8,131.2,1,8,52.0,171.7
1533,Services,Midwest,100.1,104.26,0,4,55.1,128.98
1534,Manufacturing,West,52.2,113.36,0,0,47.2,94.52
1535,Manufacturing,Midwest,53.9,10.0,0,0,45.3,-17.18
1536,Manufacturing,Northeast,15.0,32.75,0,1,43.4,39.7
1537,Services,Northeast,81.9,64.9,0,1,49.4,78.83
1538,Tech,Northeast,68.0,39.0,0,1,34.7,18.24
1539,Retail,Northeast,42.2,35.23,0,2,43.3,48.5
1540,Manufacturing,West,22.2,96.04,0,1,56.7,119.56
1541,Services,Northeast,80.9,26.17,1,5,53.2,62.19
1542,Tech,South,11.8,10.0,0,0,30.9,28.49
1543,Manufacturing,West,44.4,61.94,0,0,36.0,68.57
1544,Manufacturing,West,61.4,120.81,1,6,49.8,161.03
1545,Tech,Midwest,31.5,49.06,0,0,47.5,22.88
1546,Manufacturing,Northeast,61.4,114.93,1,7,64.9,150.74
1547,Tech,South,59.2,90.8,1,7,55.6,124.96
1548,Retail,Midwest,124.7,107.15,1,7,63.0,147.1
1549,Services,West,27.4,37.03,0,4,61.4,75.14
1550,Manufacturing,South,74.6,76.29,1,5,50.9,110.22
1551,Services,Northeast,12.1,96.5,0,3,61.0,67.21
1552,Services,South,43.3,78.87,0,1,51.3,91.04
1553,Services,West,39.6,62.76,0,4,38.2,73.66
1554,Retail,Midwest,30.6,75.52,0,1,58.4,99.13
1555,Manufacturing,Northeast,52.2,70.44,0,4,48.3,80.42
1556,Manufacturing,Midwest,66.8,139.53,1,8,68.7,177.44
1557,Manufacturing,Northeast,82.2,92.06,1,6,68.7,125.03
1558,Services,Midwest,52.9,13.07,0,0,41.0,-3.1
1559,Retail,South,21.4,73.06,0,0,51.7,71.63
1560,Manufacturing,West,48.0,77.1,1,4,59.9,99.36
1561,Retail,South,6.1,72.58,1,6,62.9,107.97
1562,Retail,South,80.5,103.46,1,4,64.9,131.78
1563,Manufacturing,Midwest,14.6,127.2,1,5,60.2,154.76
1564,Manufacturing,Midwest,68.5,115.22,1,7,58.0,128.99
1565,Services,West,44.6,88.64,0,2,42.4,123.06
1566,Tech,South,54.8,50.89,0,0,45.9,48.24
1567,Retail,Northeast,129.8,74.84,1,7,73.9,101.88
1568,Retail,West,19.2,37.07,0,4,53.5,70.69
1569,Manufacturing,Northeast,23.0,66.02,0,1,49.1,65.6
1570,Tech,Northeast,51.8,126.48,1,9,80.4,193.85
1571,Retail,West,62.9,41.72,0,2,38.4,42.4
1572,Tech,West,50.4,148.25,1,7,62.8,199.12
1573,Retail,Midwest,44.6,127.8,1,7,75.7,145.75
1574,Retail,Midwest,70.1,36.88,0,0,41.3,22.75
1575,Services,South,96.2,75.19,0,0,38.0,56.84
1576,Manufacturing,Midwest,23.9,155.52,1,11,81.5,198.45
1577,Manufacturing,West,23.5,45.27,0,0,31.9,54.62
1578,Services,West,26.1,104.33,0,0,52.4,88.36
1579,Manufacturing,West,65.3,55.06,0,4,47.7,60.75
1580,Tech,Midwest,13.1,71.49,1,7,60.8,91.82
1581,Tech,Midwest,55.1,83.88,1,5,54.2,77.78
1582,Services,Northeast,25.0,126.83,1,4,68.3,146.2
1583,Tech,Midwest,81.2,62.18,1,3,61.5,52.56
1584,Tech,West,30.5,69.74,0,3,54.0,92.88
1585,Retail,Midwest,54.9,69.4,0,1,52.1,82.36
1586,Manufacturing,Midwest,32.4,130.6,1,8,74.6,146.61
1587,Retail,West,17.8,48.11,0,3,44.4,38.23
1588,Retail,Northeast,32.4,52.63,0,0,36.5,47.89
1589,Services,Northeast,21.3,112.19,0,2,56.0,124.74
1590,Retail,South,39.4,100.7,1,9,64.0,126.88
1591,Services,West,16.3,82.63,1,9,73.2,119.77
1592,Services,Midwest,24.8,63.39,0,3,57.0,76.13
1593,Services,Northeast,35.4,54.2,0,0,33.0,45.87
1594,Retail,Northeast,12.6,89.86,1,6,55.6,103.01
1595,Manufacturing,South,55.8,80.33,0,3,42.4,103.82
1596,Tech,West,94.0,110.72,1,8,68.8,182.09
1597,Tech,West,6.8,56.98,0,1,38.8,65.34
1598,Manufacturing,West,91.5,115.11,0,3,47.8,131.47
1599,Manufacturing,Midwest,43.7,175.14,1,5,77.1,211.7
1600,Manufacturing,Northeast,36.0,47.61,0,0,38.7,43.14
1601,Manufacturing,South,29.0,85.58,1,7,68.2,155.97
1602,Tech,Midwest,61.7,123.59,1,7,64.9,147.95
1603,Retail,Midwest,12.3,70.09,0,0,47.0,81.84
1604,Retail,Midwest,36.9,75.39,0,0,60.1,82.17
1605,Manufacturing,Midwest,15.3,46.05,0,1,41.3,36.47
1606,Services,West,58.1,57.31,0,0,28.1,46.75
1607,Tech,Northeast,17.1,75.42,1,6,57.1,104.53
1608,Retail,Midwest,9.9,85.67,1,11,70.3,153.91
1609,Manufacturing,Midwest,39.4,79.34,1,8,63.5,111.47
1610,Manufacturing,South,65.2,64.75,1,6,42.9,80.45
1611,Tech,South,41.7,118.78,1,6,56.4,165.65
1612,Retail,South,43.2,72.77,1,7,54.4,101.25
1613,Tech,West,135.6,80.85,1,8,60.1,80.0
1614,Retail,Midwest,67.5,15.01,0,4,40.0,34.22
1615,Tech,Midwest,48.5,167.09,1,7,77.2,207.63
1616,Tech,Northeast,36.1,105.01,1,8,72.1,163.47
1617,Services,South,30.8,82.95,0,3,53.5,93.69
1618,Tech,Northeast,2.3,51.35,1,6,70.9,54.12
1619,Services,Northeast,34.2,66.33,0,6,40.5,87.12
1620,Manufacturing,West,18.2,72.03,1,2,57.9,89.6
1621,Manufacturing,Northeast,19.9,73.1,0,3,53.6,108.67
1622,Retail,South,24.0,80.72,0,0,44.7,60.41
1623,Manufacturing,West,16.0,47.68,0,0,38.0,16.97
1624,Tech,Midwest,15.8,117.54,1,7,61.7,151.51
1625,Tech,Midwest,44.4,141.27,1,5,57.1,169.18
1626,Manufacturing,West,61.3,60.68,1,6,52.1,71.55
1627,Manufacturing,Northeast,116.5,82.23,1,3,61.8,89.14
1628,Manufacturing,Northeast,17.8,43.56,0,0,50.4,46.6
1629,Tech,South,45.7,87.25,0,2,49.3,92.46
1630,Tech,Midwest,69.4,111.18,1,9,57.3,144.89
1631,Services,Northeast,61.9,73.52,1,6,54.9,120.69
1632,Tech,Northeast,46.1,62.24,0,8,44.9,68.62
1633,Services,West,11.4,81.34,0,2,48.4,83.54
1634,Services,Midwest,10.0,76.64,1,5,63.8,94.84
1635,Retail,South,5.7,109.91,0,3,58.2,133.7
1636,Manufacturing,South,21.2,109.72,1,6,65.4,150.22
1637,Retail,Midwest,51.2,91.84,0,2,55.3,113.4
1638,Services,Midwest,51.1,75.52,1,7,68.1,108.84
1639,Manufacturing,Midwest,12.9,67.94,0,2,46.1,79.54
1640,Manufacturing,West,33.3,49.16,0,0,37.1,69.4
1641,Manufacturing,South,29.9,72.94,0,5,53.2,67.59
1642,Services,Northeast,22.6,133.39,1,6,71.0,180.34
1643,Services,South,49.8,112.88,1,6,54.3,136.74
1644,Services,West,119.5,54.67,0,2,46.2,68.43
1645,Services,Northeast,14.0,75.32,0,0,58.3,99.26
1646,Tech,West,73.8,92.35,1,9,78.5,91.64
1647,Tech,Midwest,42.7,82.12,1,6,58.6,91.28
1648,Services,West,36.7,57.28,1,5,52.3,112.28
1649,Services,Midwest,60.6,114.33,1,9,67.3,138.67
1650,Tech,Northeast,77.5,112.09,1,9,63.3,117.07
1651,Retail,South,28.5,78.77,0,4,70.3,112.49
1652,Services,Midwest,66.3,77.07,0,2,50.4,81.01
1653,Tech,Midwest,102.2,142.01,1,9,52.2,165.64
1654,Manufacturing,Northeast,10.8,61.33,0,2,57.2,47.28
1655,Retail,West,9.7,10.0,0,0,26.9,19.33
1656,Tech,Northeast,26.8,81.09,1,3,67.0,120.0
1657,Retail,Northeast,57.2,69.2,0,1,40.8,67.52
1658,Retail,Northeast,13.4,91.33,0,1,46.9,120.3
1659,Services,Northeast,7.8,85.79,0,3,49.1,82.19
1660,Tech,South,94.3,143.16,1,9,64.1,217.91
1661,Tech,Midwest,63.3,48.24,0,0,27.2,28.84
1662,Retail,South,56.0,117.93,0,1,49.1,94.2
1663,Retail,Midwest,31.2,31.73,0,0,38.6,46.47
1664,Tech,Midwest,31.6,98.09,1,7,66.9,154.91
1665,Services,Northeast,40.8,85.68,0,0,57.5,79.32
1666,Manufacturing,Midwest,4.2,60.25,0,3,45.2,56.62
1667,Manufacturing,West,15.8,62.57,0,0,58.2,54.21
1668,Services,Northeast,53.2,56.15,0,1,46.9,64.47
1669,Tech,South,8.9,65.75,0,0,47.9,66.52
1670,Manufacturing,Northeast,13.9,124.84,0,1,43.8,115.18
1671,Services,Midwest,27.8,60.16,0,0,35.6,78.96
1672,Services,Northeast,83.8,123.22,1,8,67.7,174.58
1673,Retail,West,75.0,135.11,1,8,68.5,173.48
1674,Retail,Northeast,45.9,69.74,0,4,52.2,75.54
1675,Retail,Midwest,52.3,103.66,0,2,62.9,108.69
1676,Services,Midwest,50.7,82.56,0,0,45.8,51.97
1677,Retail,Midwest,78.5,44.24,0,1,45.8,55.06
1678,Tech,Northeast,29.7,28.71,0,1,44.7,23.78
1679,Tech,Midwest,56.8,102.77,1,10,59.6,143.08
1680,Retail,Midwest,57.3,141.73,1,9,75.1,171.66
1681,Services,Northeast,37.9,40.44,0,0,29.1,41.61
1682,Tech,West,21.2,77.42,0,1,51.9,77.13
1683,Retail,West,94.9,73.12,0,1,51.4,113.21
1684,Retail,Midwest,41.9,50.39,0,1,34.3,48.03
1685,Services,West,64.5,148.17,1,6,69.5,219.01
1686,Retail,Northeast,23.0,106.93,1,8,49.4,155.58
1687,Manufacturing,West,24.7,123.86,0,2,60.7,169.37
1688,Retail,South,40.4,114.47,1,9,70.1,169.96
1689,Services,West,30.8,68.36,0,1,37.0,61.24
1690,Services,West,48.4,96.89,1,5,66.4,87.46
1691,Services,Northeast,25.6,134.14,1,7,65.1,194.85
1692,Retail,South,53.4,67.67,0,0,65.8,74.61
1693,Tech,West,21.0,55.76,0,0,45.4,83.14
1694,Tech,Northeast,28.9,38.08,0,1,48.0,37.94
1695,Services,South,54.5,63.34,0,0,43.2,68.17
1696,Manufacturing,Northeast,24.9,77.45,1,7,67.6,121.82
1697,Tech,South,35.5,69.74,0,1,41.9,60.2
1698,Services,South,49.4,117.66,1,7,69.9,160.97
1699,Services,Midwest,8.3,88.17,0,0,67.0,98.35
1700,Tech,Midwest,55.8,90.98,0,1,55.7,105.6
1701,Services,Northeast,62.6,50.45,0,3,46.0,68.97
1702,Services,Midwest,63.2,49.09,0,0,45.7,44.91
1703,Tech,South,49.4,73.05,0,1,50.3,68.09
1704,Services,Midwest,38.1,69.34,0,0,65.7,73.9
1705,Retail,Midwest,43.1,51.39,0,0,45.2,36.45
1706,Manufacturing,Midwest,35.2,100.23,0,0,54.5,139.01
1707,Retail,South,27.7,88.03,0,0,36.1,70.4
1708,Retail,West,56.4,66.64,0,0,55.3,60.75
1709,Retail,Northeast,41.7,71.78,0,0,39.0,89.64
1710,Retail,South,88.9,84.69,1,6,53.2,105.45
1711,Services,West,17.7,59.69,0,0,47.4,44.48
1712,Retail,West,67.1,108.31,1,5,71.7,103.08
1713,Manufacturing,South,7.0,57.88,0,2,59.6,72.16
1714,Retail,Midwest,34.5,23.08,0,0,48.6,43.93
1715,Manufacturing,West,27.0,57.84,0,0,40.4,82.35
1716,Tech,South,50.1,74.42,0,0,48.5,63.19
1717,Services,Northeast,79.1,110.27,0,1,45.8,111.01
1718,Manufacturing,South,26.5,74.55,0,0,30.1,87.87
1719,Tech,Northeast,54.2,110.71,1,6,69.2,146.51
1720,Retail,Midwest,33.4,85.59,0,2,53.9,105.86
1721,Tech,Northeast,106.6,49.96,0,0,46.8,52.75
1722,Manufacturing,South,49.9,110.97,1,7,75.1,153.85
1723,Retail,Midwest,18.3,58.88,0,0,40.8,46.67
1724,Services,West,45.9,58.86,0,3,38.4,63.42
1725,Tech,Northeast,103.7,68.71,0,0,47.5,65.88
1726,Tech,South,86.8,135.66,1,8,63.5,156.82
1727,Services,West,27.2,108.07,1,11,88.8,192.8
1728,Manufacturing,West,26.6,58.77,0,4,48.8,76.64
1729,Manufacturing,Northeast,25.4,67.5,0,0,33.0,65.16
1730,Retail,Northeast,132.0,105.23,1,8,57.3,151.3
1731,Services,Midwest,33.1,81.33,0,0,40.2,48.06
1732,Services,West,24.7,107.83,0,0,59.4,133.03
1733,Tech,South,39.9,131.31,1,7,80.2,186.26
1734,Tech,Northeast,98.6,68.74,0,0,31.8,102.32
1735,Retail,Midwest,23.6,37.59,0,0,47.4,18.11
1736,Services,Midwest,44.1,118.01,1,7,72.1,160.74
1737,Tech,Midwest,19.1,61.3,0,2,50.8,60.83
1738,Manufacturing,Midwest,12.0,89.43,0,1,47.1,85.67
1739,Manufacturing,West,18.9,53.91,1,5,56.9,95.22
1740,Tech,West,60.0,109.77,1,10,63.0,176.33
1741,Manufacturing,West,39.6,98.96,1,12,64.8,138.87
1742,Retail,Northeast,16.3,35.94,0,1,49.4,60.84
1743,Retail,West,55.0,77.11,0,3,53.6,94.24
1744,Tech,Northeast,36.3,120.51,1,5,69.0,149.01
1745,Services,West,54.6,89.28,0,2,54.3,112.65
1746,Services,West,24.6,38.46,1,2,56.9,62.62
1747,Tech,Northeast,27.0,52.38,0,4,40.0,66.64
1748,Tech,Midwest,18.0,73.6,0,3,40.6,97.81
1749,Tech,South,42.4,50.9,0,1,46.7,46.85
1750,Retail,Northeast,24.4,107.05,1,5,59.8,137.32
1751,Tech,West,34.8,74.78,0,0,40.7,57.71
1752,Services,South,15.6,60.69,0,0,46.6,79.17
1753,Retail,South,78.8,50.56,0,2,37.9,41.82
1754,Tech,Midwest,25.6,64.18,0,0,51.4,59.92
1755,Tech,West,61.2,130.19,1,8,64.0,160.46
1756,Tech,Midwest,40.2,127.58,1,8,65.1,156.52
1757,Tech,Northeast,41.2,79.61,1,7,59.2,122.15
1758,Services,Northeast,14.8,92.26,0,0,47.0,112.78
1759,Services,South,14.4,50.14,0,0,35.2,47.28
1760,Retail,West,54.0,45.82,0,0,29.5,23.25
1761,Manufacturing,Northeast,38.0,87.26,1,6,72.5,119.32
1762,Services,Northeast,22.5,44.21,0,0,44.6,30.68
1763,Tech,West,55.8,76.45,0,0,44.0,64.97
1764,Services,Midwest,18.7,96.18,1,5,61.1,109.73
1765,Tech,West,13.9,74.11,0,0,51.9,93.15
1766,Retail,South,36.8,130.51,1,11,81.6,171.08
1767,Services,Midwest,14.4,44.53,0,0,45.0,70.32
1768,Manufacturing,Northeast,116.5,117.56,1,8,59.7,113.1
1769,Retail,South,21.2,43.02,0,2,41.2,43.78
1770,Retail,West,49.2,98.16,1,8,52.4,140.92
1771,Services,West,62.7,88.37,0,0,49.8,123.7
1772,Services,West,33.1,57.48,0,0,34.4,88.01
1773,Services,South,69.1,76.13,0,1,41.0,83.82
1774,Tech,Midwest,36.9,76.11,0,0,48.4,86.5
1775,Retail,Midwest,45.4,61.57,0,7,57.5,83.81
1776,Manufacturing,Northeast,37.8,71.56,0,0,53.1,87.21
1777,Tech,South,34.0,67.72,1,4,59.4,94.35
1778,Tech,South,76.3,21.52,0,1,29.3,37.1
1779,Retail,Northeast,57.3,108.47,1,5,70.3,125.93
1780,Tech,West,18.4,67.9,0,0,47.6,56.91
1781,Services,South,66.1,111.38,1,8,68.7,170.53
1782,Services,West,33.4,67.25,1,9,60.7,105.09
1783,Services,West,32.6,91.45,1,8,67.0,177.4
1784,Services,South,62.1,85.92,0,0,46.0,95.46
1785,Manufacturing,Midwest,57.2,68.15,1,9,53.6,97.51
1786,Tech,Northeast,7.2,133.13,1,6,63.8,170.38
1787,Tech,West,51.3,118.91,1,9,78.3,180.19
1788,Retail,Northeast,42.3,101.7,0,3,57.0,136.16
1789,Retail,Midwest,43.5,54.07,0,0,41.5,27.19
1790,Tech,Northeast,42.1,77.11,1,5,68.5,121.95
1791,Tech,Midwest,97.5,126.65,1,7,62.5,165.06
1792,Manufacturing,West,30.6,90.37,1,2,56.2,119.27
1793,Tech,Northeast,17.8,73.89,1,4,63.2,92.31
1794,Manufacturing,Northeast,94.5,80.72,0,4,45.5,111.64
1795,Manufacturing,Northeast,68.2,142.06,1,10,52.6,184.93
1796,Tech,West,22.9,59.38,1,7,49.1,67.35
1797,Tech,West,50.1,67.67,0,2,50.2,62.7
1798,Tech,Northeast,50.5,96.85,1,8,49.1,112.31
1799,Retail,West,117.6,126.63,1,8,67.6,164.54
1800,Manufacturing,Northeast,10.4,109.5,0,1,72.2,126.41
1801,Manufacturing,Northeast,49.8,61.07,0,2,40.7,42.21
1802,Services,West,24.9,46.38,1,5,54.6,72.06
1803,Manufacturing,West,26.4,50.03,0,0,51.9,49.47
1804,Tech,South,21.4,94.27,1,8,57.7,137.57
1805,Tech,Northeast,71.5,86.69,1,4,71.8,123.0
1806,Manufacturing,South,40.9,76.15,1,9,69.7,143.39
1807,Tech,Northeast,44.9,97.99,0,2,40.5,89.53
1808,Manufacturing,Northeast,54.3,96.63,1,6,73.5,131.45
1809,Tech,South,51.0,86.33,1,7,46.7,80.96
1810,Tech,West,8.7,150.49,1,8,58.8,212.47
1811,Manufacturing,Northeast,38.3,75.95,1,7,56.6,84.89
1812,Tech,Northeast,26.6,89.66,0,0,47.2,84.78
1813,Services,Midwest,31.4,78.01,1,8,59.6,111.32
1814,Manufacturing,Northeast,72.9,92.06,1,8,63.5,150.96
1815,Retail,South,28.5,42.85,0,3,49.2,14.25
1816,Services,Midwest,17.3,89.25,1,8,58.1,131.62
1817,Services,Northeast,37.9,138.43,1,7,67.6,181.58
1818,Services,West,90.8,86.18,0,2,51.7,115.44
1819,Services,Northeast,68.9,81.49,0,1,50.6,66.0
1820,Retail,West,43.7,76.91,0,2,46.6,77.05
1821,Tech,Midwest,37.4,106.47,1,5,60.1,150.88
1822,Tech,South,46.0,25.72,0,0,47.3,40.48
1823,Manufacturing,West,55.8,75.0,1,6,70.7,115.93
1824,Tech,Midwest,27.1,78.53,0,2,50.8,87.81
1825,Manufacturing,Midwest,52.6,100.07,1,7,61.7,123.95
1826,Tech,South,90.6,97.45,0,0,42.7,125.02
1827,Retail,Northeast,32.5,123.56,1,6,72.2,170.86
1828,Retail,Midwest,56.5,23.37,0,2,38.5,7.84
1829,Services,South,48.5,110.61,1,5,57.1,140.67
1830,Services,Northeast,60.8,67.97,0,0,34.5,56.19
1831,Tech,South,56.1,80.9,1,5,63.3,112.67
1832,Manufacturing,West,71.0,115.55,1,7,75.9,143.34
1833,Retail,Midwest,74.7,119.99,0,4,49.4,104.98
1834,Manufacturing,South,32.5,110.55,1,5,69.3,145.31
1835,Services,Midwest,21.6,10.0,0,0,27.7,-7.2
1836,Services,Northeast,26.3,83.59,1,9,54.9,85.69
1837,Manufacturing,Northeast,74.8,147.87,1,7,68.0,193.24
1838,Retail,West,39.8,91.89,0,0,40.5,93.04
1839,Retail,West,34.7,80.28,0,2,52.6,94.88
1840,Retail,Northeast,31.9,145.38,1,7,73.2,199.64
1841,Retail,South,22.7,98.45,1,6,73.0,126.99
1842,Tech,Midwest,11.9,117.97,1,9,65.6,162.63
1843,Services,South,81.5,80.14,0,2,42.8,86.49
1844,Manufacturing,South,33.9,125.23,1,6,58.6,143.93
1845,Services,West,76.3,83.13,0,0,46.6,93.34
1846,Services,Northeast,28.9,39.97,0,0,48.2,35.98
1847,Manufacturing,Northeast,96.1,51.91,0,0,59.2,69.31
1848,Manufacturing,Northeast,53.4,92.47,1,6,54.4,121.69
1849,Tech,Northeast,86.9,115.95,0,4,59.4,132.85
1850,Retail,West,12.8,22.9,0,0,52.4,39.99
1851,Manufacturing,Midwest,24.9,100.97,0,2,73.8,101.87
1852,Retail,West,61.9,36.45,0,1,37.1,38.27
1853,Manufacturing,Northeast,8.0,79.27,1,8,56.8,128.29
1854,Manufacturing,Midwest,32.8,136.15,1,8,52.3,164.16
1855,Manufacturing,Midwest,24.8,91.29,1,7,60.8,128.74
1856,Manufacturing,Midwest,81.8,80.17,0,1,57.5,100.09
1857,Retail,West,33.7,94.94,0,0,33.6,109.79
1858,Services,Midwest,25.1,55.56,0,0,42.3,40.4
1859,Services,Midwest,11.7,52.52,0,2,46.3,79.76
1860,Tech,Midwest,14.2,100.08,0,4,51.4,121.14
1861,Retail,South,26.1,121.41,1,6,52.1,190.08
1862,Manufacturing,Northeast,133.6,141.73,1,7,70.2,157.4
1863,Tech,West,36.9,91.68,0,0,37.3,87.23
1864,Tech,Northeast,32.1,95.11,1,6,69.8,108.48
1865,Tech,South,15.5,109.84,1,3,78.5,134.05
1866,Manufacturing,South,56.6,75.35,0,2,52.0,62.42
1867,Manufacturing,Northeast,2.6,75.62,0,0,61.3,91.63
1868,Tech,South,50.7,105.84,0,2,57.2,138.54
1869,Retail,Northeast,143.2,85.12,1,4,58.0,124.41
1870,Services,South,58.6,76.41,0,0,34.6,104.74
1871,Retail,South,58.9,10.0,0,3,42.0,26.47
1872,Manufacturing,South,23.1,141.72,1,6,69.6,172.4
1873,Retail,Midwest,42.7,98.46,1,7,63.0,100.7
1874,Services,South,60.0,69.54,0,0,50.1,74.91
1875,Tech,South,57.2,45.82,0,0,36.3,49.7
1876,Retail,South,55.4,96.96,0,3,58.4,108.08
1877,Retail,Midwest,33.3,72.26,0,1,56.1,81.65
1878,Retail,Midwest,60.1,122.39,1,5,61.3,171.11
1879,Services,Northeast,37.8,74.15,1,2,47.9,79.97
1880,Services,West,79.3,50.31,0,0,45.8,71.69
1881,Services,West,56.5,36.88,0,0,43.5,57.26
1882,Services,Northeast,18.2,48.96,0,0,51.1,42.36
1883,Tech,South,41.1,51.73,0,2,49.4,47.2
1884,Retail,Midwest,104.0,79.46,0,1,51.1,97.39
1885,Retail,Northeast,64.9,81.47,0,0,50.9,80.54
1886,Tech,Midwest,52.7,81.43,1,8,70.9,116.23
1887,Tech,Midwest,61.6,38.28,0,3,44.9,61.97
1888,Tech,South,34.0,58.68,0,3,39.6,52.31
1889,Services,West,35.1,79.22,0,0,49.3,56.98
1890,Retail,South,49.0,69.96,0,1,48.8,80.28
1891,Retail,South,46.5,118.76,0,3,57.2,145.54
1892,Manufacturing,West,22.9,68.92,0,0,51.2,69.19
1893,Retail,West,14.6,69.38,0,0,45.7,67.85
1894,Retail,Northeast,34.1,14.27,0,0,32.7,42.33
1895,Retail,West,89.8,71.16,0,0,47.0,46.33
1896,Manufacturing,Northeast,100.6,107.45,1,6,61.2,121.18
1897,Retail,South,34.5,78.24,1,7,69.5,109.26
1898,Retail,West,42.4,97.49,1,5,65.0,133.02
1899,Retail,Northeast,31.0,116.82,0,5,46.1,116.58
1900,Services,South,35.5,55.68,0,0,46.0,53.82
1901,Services,West,35.4,71.48,0,3,39.3,77.22
1902,Manufacturing,South,26.1,40.0,0,0,45.4,64.66
1903,Manufacturing,Midwest,27.5,183.01,1,8,86.7,197.13
1904,Services,South,89.4,87.51,0,1,49.7,107.39
1905,Retail,West,49.6,25.54,0,5,45.7,44.46
1906,Manufacturing,Northeast,71.5,79.28,0,0,47.6,77.16
1907,Services,West,15.3,40.24,0,0,53.7,17.18
1908,Services,West,37.6,98.5,0,2,37.2,114.22
1909,Manufacturing,Midwest,72.1,72.94,1,5,67.0,97.27
1910,Manufacturing,Midwest,35.3,107.02,0,5,67.5,130.41
1911,Tech,Northeast,57.6,130.42,1,10,62.4,152.51
1912,Services,Midwest,58.2,69.51,0,1,49.9,101.19
1913,Manufacturing,West,22.7,40.97,1,5,57.6,62.4
1914,Manufacturing,South,15.8,86.58,0,1,54.2,109.91
1915,Tech,Midwest,9.1,70.89,0,3,62.6,46.35
1916,Tech,South,25.2,76.82,0,2,45.7,100.47
1917,Tech,Midwest,74.5,87.0,0,4,55.0,108.37
1918,Services,Northeast,20.5,33.5,0,1,46.7,47.24
1919,Manufacturing,Midwest,99.6,126.33,1,8,74.8,152.94
1920,Retail,West,17.4,61.34,0,0,59.5,63.49
1921,Tech,Midwest,79.1,162.22,1,7,64.9,211.71
1922,Tech,Northeast,60.3,98.79,0,0,51.9,126.01
1923,Manufacturing,Midwest,23.4,124.05,1,9,61.7,161.62
1924,Tech,Midwest,41.7,70.46,1,7,69.1,108.27
1925,Services,South,52.1,74.03,0,0,56.3,62.86
1926,Manufacturing,South,14.8,75.87,0,2,44.8,88.85
1927,Tech,Midwest,42.9,49.28,0,0,48.7,69.74
1928,Tech,Midwest,38.4,77.51,0,4,50.3,92.96
1929,Services,West,96.3,109.3,1,7,66.7,122.21
1930,Retail,Midwest,83.2,69.78,1,9,63.4,97.56
1931,Tech,South,14.0,94.27,1,6,78.4,129.76
1932,Services,Northeast,66.1,79.6,0,1,55.9,81.03
1933,Services,South,36.5,111.54,1,8,47.9,137.26
1934,Manufacturing,West,46.4,117.59,1,9,65.4,178.46
1935,Tech,Northeast,44.7,105.78,1,8,68.9,132.61
1936,Manufacturing,Northeast,31.2,96.4,0,0,49.2,95.83
1937,Retail,South,40.1,38.88,0,0,56.5,27.2
1938,Manufacturing,Midwest,19.0,78.92,0,0,55.5,84.64
1939,Services,South,40.5,56.03,0,1,43.9,53.52
1940,Manufacturing,West,32.0,55.62,1,5,54.8,63.06
1941,Manufacturing,South,105.2,105.22,1,9,74.2,121.95
1942,Services,West,85.8,111.76,1,5,59.1,151.9
1943,Tech,South,18.1,74.84,0,4,59.9,73.24
1944,Retail,Midwest,41.6,120.66,0,5,51.9,144.38
1945,Retail,West,9.9,81.49,0,0,46.3,90.8
1946,Retail,South,40.4,74.15,1,9,63.1,109.85
1947,Retail,Midwest,42.5,82.08,1,4,68.1,116.52
1948,Services,South,55.1,47.14,0,2,52.3,66.06
1949,Services,Northeast,21.5,22.73,0,0,35.7,47.39
1950,Retail,West,51.7,71.63,0,0,35.4,42.04
1951,Services,South,38.0,84.17,0,0,51.3,84.18
1952,Retail,West,54.3,119.76,1,10,74.5,155.68
1953,Services,Midwest,23.3,68.86,0,0,38.2,54.71
1954,Tech,Midwest,27.2,99.62,1,9,72.0,117.67
1955,Services,Northeast,41.8,50.3,0,4,37.7,56.79
1956,Services,West,26.9,128.17,1,9,61.7,162.43
1957,Tech,South,53.4,68.35,0,0,61.1,75.65
1958,Services,West,34.2,89.49,0,0,43.6,77.64
1959,Tech,West,48.2,149.72,1,7,68.9,195.9
1960,Manufacturing,Northeast,63.7,148.23,1,9,64.2,164.35
1961,Retail,Northeast,28.5,102.38,1,7,62.5,138.61
1962,Retail,Midwest,30.4,123.44,1,5,43.1,153.53
1963,Manufacturing,South,33.6,123.61,1,9,59.5,183.35
1964,Services,Northeast,49.1,59.48,1,6,46.5,104.97
1965,Services,Midwest,45.7,13.88,0,0,41.2,19.04
1966,Tech,Midwest,22.8,119.27,1,8,74.4,135.48
1967,Retail,Northeast,66.7,119.87,1,6,59.2,139.89
1968,Tech,South,32.2,153.3,1,12,74.1,172.08
1969,Services,Northeast,15.4,39.32,0,0,50.2,20.44
1970,Manufacturing,Northeast,70.2,128.85,1,5,87.9,151.71
1971,Services,Midwest,30.7,10.0,0,2,41.3,19.98
1972,Manufacturing,South,42.6,140.98,1,9,60.0,197.12
1973,Services,Northeast,84.2,133.16,1,7,68.4,184.06
1974,Services,West,33.9,66.92,1,8,71.5,91.81
1975,Manufacturing,West,13.5,44.62,0,1,62.1,54.68
1976,Manufacturing,South,46.9,80.81,0,0,37.1,54.18
1977,Manufacturing,South,34.0,130.65,1,4,66.8,163.31
1978,Tech,Northeast,52.8,78.43,0,1,46.8,40.49
1979,Retail,West,28.1,52.82,0,1,66.0,64.1
1980,Manufacturing,Midwest,66.6,91.9,1,5,51.3,138.1
1981,Retail,West,38.1,150.0,1,9,77.5,211.67
1982,Manufacturing,South,33.8,51.8,0,0,52.8,68.47
1983,Services,Midwest,10.6,108.32,1,8,76.1,156.23
1984,Retail,Midwest,16.7,56.4,0,4,46.7,68.4
1985,Manufacturing,South,41.4,101.86,1,7,69.5,144.33
1986,Services,South,45.2,61.15,0,2,34.2,67.17
1987,Services,South,51.9,81.26,0,1,51.9,73.46
1988,Manufacturing,Midwest,132.0,119.83,1,7,59.0,177.25
1989,Tech,South,25.0,67.99,0,0,56.3,64.65
1990,Services,West,44.7,62.57,0,5,54.0,68.21
1991,Retail,South,106.1,81.63,1,9,48.9,133.96
1992,Tech,South,38.0,85.35,0,5,57.0,92.45
1993,Retail,Northeast,10.9,14.2,0,1,45.6,17.59
1994,Services,South,74.6,125.53,1,8,59.7,154.65
1995,Retail,West,85.9,20.1,0,0,16.7,22.14
1996,Manufacturing,West,10.3,65.07,1,5,72.3,90.23
1997,Services,South,90.6,73.41,1,9,62.7,95.88
1998,Manufacturing,Northeast,25.2,35.75,0,0,57.4,31.98
1999,Retail,Midwest,32.7,90.95,1,9,71.7,126.51
2000,Tech,Midwest,71.0,137.0,1,7,70.9,166.77
2001,Tech,West,31.7,175.34,1,8,58.0,223.66
2002,Services,South,51.3,65.82,0,0,56.0,40.13
2003,Services,West,39.7,145.27,1,9,63.6,203.7
2004,Services,Midwest,37.4,126.27,1,10,72.4,155.92
2005,Services,Northeast,59.5,13.39,0,0,33.2,7.16
2006,Services,Northeast,64.5,98.65,0,0,52.6,122.12
2007,Tech,South,40.7,85.94,0,0,47.2,85.8
2008,Retail,South,40.7,95.94,1,5,59.6,116.2
2009,Manufacturing,South,18.3,79.66,0,2,56.4,97.24
2010,Tech,South,40.7,127.97,1,8,61.4,166.06
2011,Services,South,44.3,32.33,0,0,39.4,-6.95
2012,Retail,West,91.2,54.06,0,0,32.9,66.03
2013,Tech,South,43.8,70.14,1,6,58.4,101.31
2014,Services,South,60.6,77.7,1,7,58.4,106.82
2015,Services,Northeast,18.9,34.21,0,1,46.4,30.81
2016,Manufacturing,Midwest,17.3,39.72,0,2,45.2,38.32
2017,Retail,South,67.8,61.18,0,1,45.7,58.32
2018,Tech,West,30.1,10.0,0,0,40.8,17.13
2019,Retail,Midwest,59.9,115.58,0,4,61.6,104.5
2020,Tech,South,19.6,75.87,0,0,46.2,91.62
2021,Tech,Midwest,58.2,80.32,0,0,42.0,62.47
2022,Tech,South,51.0,82.09,1,7,55.0,104.07
2023,Retail,South,54.5,57.66,0,0,34.6,65.33
2024,Services,West,44.7,44.07,0,0,42.1,29.68
2025,Retail,Midwest,110.1,95.77,1,8,82.8,137.43
2026,Retail,West,15.7,91.3,0,0,36.2,91.4
2027,Tech,Northeast,30.8,107.57,1,7,66.4,167.76
2028,Manufacturing,Northeast,71.2,91.37,0,4,59.1,123.62
2029,Manufacturing,West,68.8,97.83,1,5,60.3,126.2
2030,Services,South,23.3,70.19,1,7,64.4,109.89
2031,Manufacturing,South,87.2,76.3,0,3,50.3,94.51
2032,Tech,Midwest,102.2,119.27,1,6,65.5,177.53
2033,Retail,South,26.5,80.09,0,0,45.7,114.09
2034,Manufacturing,West,94.4,132.22,1,5,57.6,177.72
2035,Services,West,88.0,109.4,1,7,63.9,108.79
2036,Tech,Midwest,29.2,90.03,0,1,58.0,111.79
2037,Manufacturing,Northeast,41.3,95.1,0,5,55.6,126.6
2038,Tech,Northeast,14.7,51.44,1,6,48.1,42.62
2039,Services,Northeast,15.8,92.38,0,0,36.3,76.42
2040,Retail,Northeast,31.9,50.45,0,3,41.9,60.37
2041,Manufacturing,West,19.7,43.66,0,3,46.8,53.08
2042,Retail,South,25.5,95.39,1,7,63.1,135.11
2043,Retail,West,57.6,114.04,1,4,61.2,122.4
2044,Services,Northeast,57.0,113.34,1,4,70.4,181.32
2045,Retail,South,28.7,52.76,1,3,58.5,75.7
2046,Services,West,33.1,60.28,0,2,43.9,66.47
2047,Services,Midwest,14.4,72.34,0,2,52.8,74.06
2048,Services,West,24.0,40.41,0,1,44.8,49.21
2049,Services,West,45.3,85.68,0,0,39.9,102.89
2050,Tech,Midwest,17.7,103.3,1,7,66.3,145.77
2051,Manufacturing,Northeast,40.1,136.26,1,7,74.5,194.83
2052,Manufacturing,West,81.1,98.9,0,0,45.1,108.96
2053,Tech,South,34.3,61.02,1,5,54.7,96.11
2054,Manufacturing,Northeast,19.3,34.29,0,0,48.2,13.01
2055,Retail,Northeast,31.2,48.17,0,0,53.0,63.75
2056,Retail,West,17.8,156.37,1,5,69.6,189.01
2057,Services,South,77.9,48.7,0,0,43.4,60.28
2058,Retail,Midwest,90.5,82.82,0,3,42.1,100.59
2059,Services,West,40.9,56.3,0,3,52.7,38.7
2060,Retail,South,53.4,101.46,0,3,55.5,91.79
2061,Tech,South,38.3,66.92,1,2,47.3,78.39
2062,Retail,West,40.1,35.75,0,0,40.8,47.83
2063,Manufacturing,Northeast,36.6,72.67,0,0,61.5,87.37
2064,Services,Northeast,53.0,115.32,1,10,75.3,155.73
2065,Retail,Midwest,16.7,88.62,1,7,52.4,112.95
2066,Services,Midwest,56.9,71.4,0,0,47.9,69.09
2067,Tech,Northeast,40.8,63.28,1,8,63.8,72.11
2068,Retail,Midwest,17.7,50.46,0,0,40.0,53.86
2069,Retail,Midwest,44.6,40.99,0,0,48.8,35.03
2070,Services,Midwest,37.6,54.09,0,0,40.0,72.11
2071,Manufacturing,Northeast,63.4,92.34,0,0,37.1,88.14
2072,Tech,Midwest,32.3,71.58,1,5,51.5,88.09
2073,Tech,Midwest,53.5,49.53,0,1,38.6,44.55
2074,Tech,Northeast,37.0,53.8,1,5,42.6,74.23
2075,Tech,South,20.8,161.07,1,8,67.6,205.37
2076,Tech,Northeast,20.7,62.64,0,2,50.6,88.6
2077,Services,Midwest,27.8,111.36,0,3,43.4,123.37
2078,Services,West,60.4,99.99,1,9,54.4,126.51
2079,Manufacturing,Midwest,40.1,102.99,0,0,42.8,120.62
2080,Services,South,52.3,77.25,1,4,51.1,121.3
2081,Tech,South,43.1,115.41,1,8,72.4,169.38
2082,Services,West,27.2,115.02,0,0,57.1,96.81
2083,Manufacturing,Northeast,41.4,119.15,1,5,50.1,145.94
2084,Tech,Northeast,14.9,140.41,1,8,66.2,183.45
2085,Retail,South,69.5,118.5,1,10,63.7,176.5
2086,Services,West,16.1,31.39,0,0,36.5,41.8
2087,Tech,Midwest,90.7,95.77,0,3,57.0,110.43
2088,Retail,South,36.8,115.28,1,11,66.1,134.44
2089,Manufacturing,South,63.3,61.81,0,0,46.4,36.62
2090,Tech,Midwest,36.1,77.54,0,2,47.1,68.48
2091,Tech,West,79.5,95.26,1,4,56.7,137.62
2092,Manufacturing,Midwest,46.0,45.04,0,0,41.6,37.87
2093,Tech,West,28.8,132.52,1,8,72.1,150.61
2094,Tech,West,81.3,107.76,0,1,54.0,109.96
2095,Retail,South,2.0,95.09,1,8,80.3,133.72
2096,Tech,West,55.4,127.45,1,10,88.2,169.81
2097,Services,West,32.3,74.08,0,0,34.9,71.61
2098,Retail,Northeast,62.8,59.67,0,0,44.3,78.98
2099,Retail,West,52.3,35.09,0,0,58.6,49.02
2100,Services,South,27.2,10.0,0,0,53.1,28.45
2101,Manufacturing,South,37.4,93.46,1,4,46.0,129.13
2102,Tech,Midwest,40.6,124.21,1,8,64.9,160.19
2103,Tech,Midwest,16.0,19.03,0,1,37.4,15.97
2104,Tech,Northeast,25.3,10.0,0,0,44.0,22.89
2105,Services,West,7.5,94.23,0,1,50.8,85.14
2106,Retail,South,54.4,81.79,0,0,52.6,99.76
2107,Tech,West,76.7,80.95,1,7,61.7,95.4
2108,Services,Midwest,25.5,63.82,0,0,49.3,47.86
2109,Manufacturing,Northeast,29.7,107.41,1,8,68.1,132.26
2110,Tech,Northeast,40.7,32.96,0,0,41.6,5.87
2111,Retail,Northeast,28.5,49.78,0,4,58.6,92.14
2112,Tech,Northeast,21.9,99.42,1,7,71.3,153.58
2113,Retail,South,6.6,90.53,0,1,39.2,117.55
2114,Tech,Northeast,80.0,97.14,1,9,59.1,126.86
2115,Tech,Midwest,38.1,115.95,1,4,53.7,156.38
2116,Services,West,51.8,39.58,0,0,34.4,67.94
2117,Services,Northeast,49.3,50.18,0,0,43.9,48.18
2118,Manufacturing,Northeast,98.4,134.12,1,6,57.9,160.03
2119,Services,West,33.6,57.38,0,3,37.9,90.75
2120,Services,Northeast,75.2,30.01,0,0,43.6,37.37
2121,Retail,West,23.7,94.97,1,4,62.2,111.58
2122,Services,West,40.5,89.85,1,8,67.2,94.15
2123,Manufacturing,Midwest,18.0,130.5,1,4,67.7,149.42
2124,Tech,West,73.2,52.04,0,0,46.9,66.89
2125,Services,West,63.8,40.56,0,0,40.3,28.47
2126,Services,Midwest,19.0,95.81,0,2,67.4,94.84
2127,Services,West,30.3,10.0,0,0,45.7,-2.87
2128,Manufacturing,Midwest,41.8,117.63,0,0,46.4,139.84
2129,Retail,Northeast,21.2,59.29,1,7,53.2,99.7
2130,Retail,Midwest,40.4,55.52,0,3,40.3,56.99
2131,Retail,Northeast,62.4,143.26,1,9,68.2,194.16
2132,Tech,South,72.5,34.14,0,0,46.5,20.81
2133,Tech,Midwest,3.9,105.07,0,4,54.5,144.37
2134,Tech,Midwest,16.5,57.1,0,1,41.8,26.48
2135,Retail,South,24.7,36.95,0,2,30.4,45.72
2136,Services,West,32.3,53.36,0,0,41.2,47.64
2137,Retail,West,89.2,55.34,0,0,47.1,43.51
2138,Services,West,34.1,22.12,0,0,47.7,22.27
2139,Services,Midwest,70.6,75.08,1,6,53.8,103.82
2140,Retail,South,51.0,112.37,0,3,49.3,122.87
2141,Services,West,50.5,81.19,1,4,56.5,89.28
2142,Retail,South,39.9,88.85,0,0,58.7,89.89
2143,Services,South,61.1,66.18,0,0,24.1,79.87
2144,Manufacturing,West,6.8,84.97,0,4,58.1,96.75
2145,Manufacturing,Midwest,28.0,49.58,0,0,50.2,48.85
2146,Tech,Northeast,52.7,144.45,1,5,62.6,187.79
2147,Tech,Midwest,59.1,86.48,1,8,68.3,128.49
2148,Retail,South,24.9,121.78,0,2,53.3,138.31
2149,Tech,South,28.1,82.75,1,10,63.1,127.72
2150,Tech,Northeast,68.7,129.65,1,7,64.6,170.22
2151,Manufacturing,Northeast,32.3,106.44,1,4,64.2,147.62
2152,Services,South,105.8,73.12,0,0,38.3,93.94
2153,Services,Northeast,27.0,100.01,1,4,60.5,140.51
2154,Retail,Midwest,81.8,93.48,1,7,54.0,130.66
2155,Tech,Midwest,66.7,94.91,1,5,50.5,113.56
2156,Services,Northeast,44.7,75.81,1,7,63.1,96.43
2157,Retail,Midwest,13.0,54.87,0,0,55.5,36.19
2158,Retail,South,75.7,83.74,0,2,39.1,80.28
2159,Tech,West,50.1,86.51,0,0,53.9,99.83
2160,Manufacturing,Northeast,57.7,87.76,1,7,51.4,105.91
2161,Manufacturing,Northeast,98.4,65.42,0,1,51.7,83.11
2162,Services,Northeast,27.7,104.95,0,1,58.6,103.83
2163,Services,South,34.2,62.5,0,0,48.0,67.72
2164,Services,Midwest,43.1,74.86,0,0,41.4,73.23
2165,Retail,West,25.1,91.13,0,1,64.7,128.53
2166,Tech,Northeast,28.5,105.97,0,3,53.1,125.12
2167,Retail,Northeast,48.6,38.88,0,1,47.6,31.44
2168,Services,Northeast,51.6,63.77,0,0,39.3,73.43
2169,Services,Northeast,53.6,54.53,0,1,60.0,25.74
2170,Retail,West,27.9,94.5,1,9,54.3,118.79
2171,Tech,West,7.9,10.0,0,0,53.9,10.26
2172,Manufacturing,West,70.4,66.17,1,4,70.1,99.13
2173,Retail,Northeast,59.1,141.87,1,9,63.4,239.49
2174,Retail,Midwest,36.6,83.95,1,11,67.3,108.31
2175,Tech,South,57.5,72.67,0,0,45.7,54.62
2176,Manufacturing,South,21.6,43.27,0,0,48.8,53.75
2177,Manufacturing,West,23.5,103.53,1,10,71.2,149.89
2178,Manufacturing,South,10.9,26.04,0,0,47.2,44.98
2179,Services,Midwest,106.4,150.83,1,7,57.1,226.57
2180,Tech,West,7.1,69.64,1,6,72.9,115.06
2181,Tech,West,23.7,43.02,0,2,44.3,57.92
2182,Retail,South,112.9,67.54,0,2,37.8,79.65
2183,Tech,Midwest,18.1,45.31,0,0,53.4,38.79
2184,Services,South,26.8,64.3,0,3,44.1,69.25
2185,Manufacturing,Midwest,41.3,55.98,0,0,51.3,73.7
2186,Retail,South,103.5,74.65,1,7,38.9,110.07
2187,Manufacturing,West,74.4,100.1,0,0,43.3,90.4
2188,Retail,Midwest,17.8,98.81,0,1,44.0,107.7
2189,Manufacturing,South,40.9,100.14,1,7,64.9,106.82
2190,Services,Northeast,43.1,119.87,0,0,56.0,113.05
2191,Manufacturing,Northeast,30.4,54.18,0,0,56.2,42.73
2192,Manufacturing,Midwest,21.2,40.93,0,2,50.2,75.24
2193,Retail,Northeast,23.0,55.49,0,1,35.6,46.1
2194,Tech,South,95.8,133.97,1,6,77.6,173.3
2195,Manufacturing,Midwest,23.3,84.77,0,4,52.0,103.03
2196,Manufacturing,Northeast,94.3,102.86,1,5,65.5,114.15
2197,Services,Northeast,33.7,72.24,0,0,54.9,90.33
2198,Tech,West,11.9,36.48,0,0,37.8,20.63
2199,Tech,Midwest,53.3,74.43,0,1,52.1,89.75
2200,Services,South,31.4,100.02,0,1,46.4,108.71
2201,Services,Midwest,17.8,96.06,1,6,54.8,123.12
2202,Tech,South,60.7,117.58,1,8,52.3,147.15
2203,Manufacturing,Northeast,79.5,81.82,1,9,77.2,134.13
2204,Services,South,57.2,72.31,0,4,54.8,76.31
2205,Tech,South,22.8,116.97,1,7,50.9,169.02
2206,Tech,South,75.7,71.64,0,1,54.0,94.22
2207,Manufacturing,Midwest,75.5,50.28,0,7,35.3,63.25
2208,Manufacturing,Northeast,57.1,120.51,0,6,69.2,137.78
2209,Retail,Northeast,30.6,51.06,0,2,45.9,64.45
2210,Manufacturing,South,15.3,76.0,0,0,64.8,67.61
2211,Services,Midwest,56.2,54.59,0,1,37.6,61.48
2212,Tech,Northeast,16.9,64.93,1,4,47.5,89.86
2213,Services,South,23.3,66.14,0,2,51.2,87.37
2214,Manufacturing,Midwest,34.6,50.06,0,4,35.5,39.17
2215,Tech,South,71.3,24.06,0,1,49.5,36.53
2216,Tech,Midwest,13.2,103.11,1,5,62.1,130.19
2217,Manufacturing,West,48.0,110.05,1,7,68.1,137.75
2218,Services,West,19.2,27.96,0,1,53.4,21.78
2219,Retail,West,75.1,43.68,1,5,58.1,55.91
2220,Tech,West,9.6,95.27,1,6,71.4,121.59
2221,Services,West,12.9,44.44,0,0,51.9,58.92
2222,Retail,Northeast,47.0,104.51,0,0,62.8,111.7
2223,Retail,South,4.2,26.36,0,0,40.8,-5.74
2224,Services,Midwest,45.5,43.73,0,2,61.9,45.48
2225,Tech,South,60.4,34.65,0,0,33.3,27.31
2226,Tech,South,9.4,70.57,0,1,43.8,48.4
2227,Tech,Midwest,38.1,52.4,0,0,48.7,63.08
2228,Tech,Northeast,41.0,93.83,1,7,71.1,144.4
2229,Manufacturing,West,83.1,114.3,1,6,61.2,101.62
2230,Manufacturing,Midwest,64.8,46.69,0,0,33.5,46.98
2231,Retail,Midwest,13.8,104.75,1,4,63.4,139.11
2232,Retail,South,23.5,94.37,1,9,72.3,137.15
2233,Tech,Midwest,42.5,55.4,0,3,47.2,59.54
2234,Tech,West,67.3,95.91,1,10,70.5,120.0
2235,Manufacturing,West,71.1,93.62,0,1,49.5,91.3
2236,Services,South,8.3,119.3,0,1,50.8,110.12
2237,Services,Northeast,102.0,69.48,0,1,49.9,72.4
2238,Retail,South,4.4,28.02,1,8,44.9,64.79
2239,Tech,Midwest,41.5,46.92,0,0,43.7,44.14
2240,Tech,Northeast,30.9,77.4,0,0,46.1,83.9
2241,Services,Northeast,63.0,84.03,0,5,40.2,105.1
2242,Retail,South,63.7,79.17,1,7,64.9,104.42
2243,Retail,South,17.3,52.33,0,0,44.1,56.14
2244,Manufacturing,South,27.3,50.1,0,0,47.2,70.96
2245,Retail,South,69.0,71.46,1,6,63.0,100.58
2246,Services,Midwest,55.9,71.29,0,0,46.5,68.54
2247,Tech,Midwest,68.1,65.25,0,0,55.8,60.19
2248,Services,Midwest,12.6,10.0,0,1,57.1,-5.9
2249,Manufacturing,Midwest,72.4,124.54,0,0,45.1,146.52
2250,Manufacturing,Midwest,69.8,87.71,0,1,45.3,66.25
2251,Manufacturing,West,16.5,89.53,0,3,46.6,93.89
2252,Manufacturing,West,37.0,80.94,1,5,58.7,85.91
2253,Tech,West,44.1,62.84,0,0,38.9,61.33
2254,Tech,West,128.1,101.77,1,9,57.8,107.77
2255,Manufacturing,South,62.8,71.68,1,7,61.9,99.28
2256,Services,Northeast,96.6,98.85,0,4,48.1,94.23
2257,Retail,South,75.3,111.37,1,8,63.1,126.88
2258,Manufacturing,Northeast,104.3,117.33,1,6,76.5,151.2
2259,Manufacturing,West,40.2,102.23,1,5,67.6,130.52
2260,Retail,Midwest,33.7,45.73,0,2,52.4,38.53
2261,Retail,West,54.2,71.8,1,5,71.6,91.43
2262,Tech,Midwest,32.5,75.58,0,0,47.7,60.79
2263,Services,Midwest,31.2,68.6,0,0,51.9,66.01
2264,Services,Midwest,47.8,30.84,0,6,54.1,58.9
2265,Services,South,173.0,91.28,1,5,53.8,131.63
2266,Manufacturing,Northeast,52.6,76.75,1,6,65.8,126.39
2267,Tech,South,53.3,105.29,1,10,55.2,112.98
2268,Services,West,73.5,105.3,1,4,57.5,140.42
2269,Tech,South,96.3,90.82,0,1,48.6,95.5
2270,Services,South,13.7,69.45,0,0,45.9,96.44
2271,Services,West,20.2,88.46,1,8,58.3,112.7
2272,Services,South,51.4,94.33,0,3,49.1,101.97
2273,Tech,Northeast,37.4,108.55,1,5,64.1,177.9
2274,Tech,Midwest,61.6,124.51,1,12,66.8,191.88
2275,Tech,Midwest,16.9,70.77,0,3,53.0,117.37
2276,Services,West,71.5,88.28,1,5,68.2,143.95
2277,Services,South,24.0,97.78,1,8,70.7,110.21
2278,Manufacturing,Midwest,44.8,102.76,1,5,60.5,128.88
2279,Services,South,28.6,131.41,0,2,57.4,133.95
2280,Retail,Northeast,56.1,51.7,0,1,45.0,82.59
2281,Services,West,63.6,73.64,1,4,60.4,85.56
2282,Services,Northeast,9.4,131.31,0,0,61.3,144.31
2283,Manufacturing,West,13.8,139.62,1,10,65.9,152.08
2284,Services,Northeast,37.5,76.98,1,5,71.5,114.49
2285,Services,Midwest,70.8,88.8,0,0,54.7,68.56
2286,Manufacturing,South,72.1,101.77,1,10,74.7,159.81
2287,Tech,South,55.5,58.83,0,0,30.0,81.01
2288,Retail,Northeast,65.3,77.38,0,0,47.9,72.42
2289,Retail,Northeast,52.1,109.96,1,6,68.3,98.74
2290,Services,West,36.9,134.84,1,8,70.1,155.29
2291,Services,Midwest,52.4,73.27,0,0,43.7,69.56
2292,Tech,Midwest,31.2,75.04,1,5,52.7,102.21
2293,Services,Northeast,23.7,80.52,0,2,44.1,122.56
2294,Retail,South,53.6,37.56,0,1,41.9,29.41
2295,Tech,South,44.5,148.69,1,7,63.6,165.98
2296,Services,South,46.9,82.49,1,4,58.8,110.55
2297,Tech,Midwest,55.7,81.18,1,6,49.8,114.54
2298,Tech,Midwest,86.6,93.86,0,1,50.2,71.56
2299,Manufacturing,Midwest,25.0,31.98,0,2,61.8,42.67
2300,Tech,Northeast,54.7,115.77,1,8,59.5,121.94
2301,Tech,Midwest,40.4,117.71,1,6,68.4,135.16
2302,Services,Northeast,23.2,56.94,1,6,62.9,87.16
2303,Retail,Midwest,51.5,151.03,1,5,68.4,186.41
2304,Services,Midwest,37.0,56.37,0,1,43.3,60.41
2305,Retail,Northeast,33.9,143.86,1,4,66.8,164.1
2306,Retail,Northeast,25.0,52.06,0,0,42.2,44.42
2307,Tech,Northeast,83.7,80.71,0,0,51.2,80.86
2308,Manufacturing,Midwest,33.4,181.59,1,9,66.0,238.59
2309,Tech,Northeast,67.2,38.79,0,0,42.8,44.2
2310,Tech,South,50.5,52.23,0,2,36.8,68.13
2311,Tech,South,95.6,78.59,0,0,38.2,80.34
2312,Retail,Northeast,85.7,161.99,1,8,67.0,205.27
2313,Retail,South,125.5,71.83,0,0,38.5,75.93
2314,Services,South,21.5,119.25,1,8,61.2,185.56
2315,Services,South,67.9,131.51,1,6,74.3,154.88
2316,Services,South,61.3,89.17,0,2,41.8,63.88
2317,Services,West,28.3,29.09,0,0,49.4,11.7
2318,Manufacturing,Northeast,15.4,10.0,0,1,30.4,-1.77
2319,Services,Northeast,33.7,88.77,0,4,66.4,65.29
2320,Retail,Northeast,58.9,67.33,0,2,52.7,62.81
2321,Retail,Northeast,97.2,106.3,1,6,63.9,147.4
2322,Services,South,34.9,82.37,1,7,53.3,126.89
2323,Manufacturing,South,50.3,124.59,1,5,65.4,162.92
2324,Services,Midwest,65.1,40.04,0,1,48.4,33.11
2325,Manufacturing,West,41.9,73.09,1,6,63.2,115.37
2326,Services,Midwest,18.2,73.1,0,0,57.2,83.89
2327,Services,South,12.1,26.01,0,0,61.0,28.48
2328,Tech,Northeast,39.0,125.97,1,7,75.6,153.0
2329,Retail,South,51.4,40.62,0,0,44.9,26.69
2330,Tech,South,32.5,110.03,1,10,76.7,198.98
2331,Retail,Northeast,29.4,13.97,0,4,45.7,36.7
2332,Services,West,67.0,50.78,0,2,63.6,47.73
2333,Tech,Northeast,74.5,78.22,1,11,60.0,133.7
2334,Manufacturing,South,22.3,58.48,0,0,60.2,48.54
2335,Tech,Midwest,64.1,99.58,1,3,63.5,118.39
2336,Tech,Northeast,45.6,57.94,0,0,41.9,80.9
2337,Manufacturing,South,61.5,10.0,0,0,40.1,-1.85
2338,Services,West,46.0,52.22,0,1,39.6,59.42
2339,Services,South,38.9,128.46,1,10,84.8,170.44
2340,Services,West,16.5,59.73,0,5,45.1,70.31
2341,Retail,Midwest,25.3,45.77,0,2,42.5,52.21
2342,Tech,Midwest,31.0,54.01,0,1,53.4,62.56
2343,Retail,West,74.4,95.58,1,8,54.1,123.53
2344,Services,Midwest,9.0,11.96,0,0,29.8,-1.18
2345,Services,West,93.5,95.54,1,9,63.0,139.88
2346,Tech,Midwest,23.4,75.5,1,11,60.3,97.81
2347,Tech,West,58.3,112.34,0,3,42.2,155.65
2348,Tech,Northeast,23.1,33.29,0,1,44.2,26.09
2349,Tech,South,56.1,23.86,0,0,39.8,25.47
2350,Services,South,33.5,113.29,1,5,67.5,155.61
2351,Services,Midwest,59.3,34.23,0,0,28.5,52.23
2352,Tech,South,27.8,56.68,0,2,40.7,79.3
2353,Services,Midwest,32.3,44.24,0,1,31.9,54.87
2354,Tech,South,14.7,93.36,0,0,58.6,100.05
2355,Manufacturing,Midwest,16.4,19.73,0,0,51.8,2.56
2356,Manufacturing,South,37.3,53.79,1,4,39.7,73.94
2357,Services,West,29.8,34.27,0,0,41.4,56.3
2358,Services,West,74.9,90.23,0,2,53.5,98.37
2359,Retail,Midwest,29.6,114.63,1,7,67.9,97.06
2360,Tech,South,49.6,91.31,1,11,61.3,141.92
2361,Tech,Northeast,44.5,97.76,1,7,63.3,144.17
2362,Services,West,45.1,118.55,1,5,69.4,147.82
2363,Retail,Northeast,27.2,33.44,0,0,42.7,23.93
2364,Services,Northeast,84.3,103.11,1,7,75.1,131.74
2365,Manufacturing,Midwest,24.9,50.26,0,0,47.1,29.06
2366,Tech,Midwest,39.9,107.01,0,4,52.6,95.44
2367,Tech,Midwest,30.0,14.92,0,0,32.2,7.6
2368,Manufacturing,South,22.0,52.74,0,0,33.6,53.78
2369,Manufacturing,West,13.0,56.27,0,1,50.7,82.08
2370,Retail,South,115.0,104.57,0,0,48.8,120.68
2371,Services,South,17.6,85.35,0,1,51.6,85.21
2372,Manufacturing,Northeast,17.9,75.27,0,3,51.0,82.0
2373,Retail,Midwest,47.5,49.78,0,1,48.0,55.89
2374,Tech,Northeast,8.8,63.65,0,2,45.1,72.61
2375,Services,Northeast,64.0,135.2,1,6,70.3,157.42
2376,Manufacturing,West,28.4,97.22,1,4,65.3,101.71
2377,Manufacturing,South,86.7,62.2,0,5,31.9,96.66
2378,Manufacturing,West,33.8,121.1,1,7,66.2,171.71
2379,Tech,Northeast,64.2,74.56,0,0,60.7,76.76
2380,Manufacturing,Midwest,23.7,90.06,0,3,45.8,91.11
2381,Manufacturing,South,47.4,10.0,0,0,48.3,45.43
2382,Retail,Northeast,57.9,51.53,0,0,45.2,38.93
2383,Services,West,31.2,110.96,0,2,60.2,147.12
2384,Manufacturing,South,61.3,64.1,1,4,42.7,75.49
2385,Tech,Midwest,25.3,74.8,0,1,50.3,79.48
2386,Manufacturing,South,63.4,61.44,0,2,56.0,80.82
2387,Services,Northeast,53.6,80.55,0,5,53.7,93.74
2388,Services,South,35.7,42.46,0,1,41.7,38.94
2389,Services,West,21.6,111.74,1,7,77.2,115.76
2390,Tech,West,44.3,111.73,1,8,54.9,155.31
2391,Manufacturing,South,25.9,20.08,0,0,36.7,21.65
2392,Services,Midwest,45.3,60.84,0,0,44.0,28.59
2393,Tech,West,45.9,65.21,0,1,50.7,59.33
2394,Manufacturing,Northeast,36.7,87.59,1,8,67.0,107.27
2395,Services,Midwest,46.3,61.18,0,1,42.2,63.28
2396,Retail,West,31.1,34.56,0,2,58.6,26.14
2397,Manufacturing,West,114.6,74.81,0,1,55.2,61.68
2398,Manufacturing,Northeast,53.0,46.81,0,0,36.1,64.66
2399,Manufacturing,Northeast,38.5,28.07,0,1,55.0,27.65
2400,Retail,Northeast,35.8,166.72,1,9,74.3,247.83
2401,Manufacturing,South,14.1,81.86,0,2,53.6,74.54
2402,Services,West,59.9,115.04,1,6,49.4,149.98
2403,Services,Midwest,58.3,110.52,1,1,61.0,148.29
2404,Retail,West,27.0,60.56,0,2,43.3,69.58
2405,Tech,Midwest,46.9,87.06,1,6,60.8,120.87
2406,Manufacturing,South,40.4,64.35,0,0,48.9,53.72
2407,Retail,Midwest,92.0,58.69,0,2,40.7,53.03
2408,Retail,South,64.8,40.33,0,0,33.5,44.68
2409,Tech,South,105.2,69.93,0,0,43.0,59.01
2410,Retail,Northeast,20.9,67.75,0,3,61.7,95.67
2411,Tech,Northeast,33.0,113.32,1,9,63.9,136.65
2412,Tech,South,80.4,103.57,1,6,56.4,130.62
2413,Retail,Midwest,58.5,116.71,1,9,66.7,181.18
2414,Retail,West,20.8,69.43,1,8,51.4,107.93
2415,Services,Northeast,44.7,27.42,0,1,48.9,28.86
2416,Retail,Northeast,36.8,79.58,1,4,49.5,116.39
2417,Retail,South,43.0,79.52,0,2,51.9,83.09
2418,Manufacturing,Midwest,65.1,87.76,0,2,40.5,67.58
2419,Tech,Midwest,36.0,76.5,0,4,52.6,74.83
2420,Tech,Midwest,38.4,31.16,0,3,47.5,39.49
2421,Manufacturing,Midwest,33.6,81.85,0,0,49.7,78.84
2422,Retail,Midwest,104.3,91.9,0,0,44.1,85.85
2423,Tech,Northeast,25.3,125.31,1,4,68.7,210.13
2424,Retail,Northeast,28.3,140.86,1,9,74.4,152.86
2425,Tech,West,24.1,29.22,0,0,43.5,46.78
2426,Retail,Northeast,40.8,101.58,1,5,72.2,105.2
2427,Retail,West,24.1,75.66,0,0,50.2,71.33
2428,Manufacturing,Midwest,95.1,12.89,0,0,40.0,21.59
2429,Services,Midwest,40.4,57.7,0,0,50.1,43.08
2430,Tech,West,73.3,118.32,1,6,45.3,196.17
2431,Retail,West,35.0,90.66,0,0,51.7,58.96
2432,Manufacturing,Northeast,35.6,75.3,0,1,55.1,86.67
2433,Services,Midwest,28.3,25.27,0,0,39.0,25.96
2434,Retail,West,29.3,67.96,0,0,56.8,88.45
2435,Tech,South,61.4,151.35,1,9,58.6,214.19
2436,Tech,Midwest,46.6,135.96,1,7,68.2,194.98
2437,Tech,South,80.9,70.44,1,7,53.4,115.58
2438,Retail,Midwest,42.1,73.98,1,8,68.6,98.91
2439,Tech,Midwest,38.8,96.29,1,8,67.8,128.04
2440,Services,West,79.6,94.29,0,1,50.5,105.68
2441,Retail,South,81.4,88.07,0,0,34.3,108.83
2442,Tech,West,37.4,85.79,0,2,41.6,109.93
2443,Manufacturing,South,12.9,60.13,0,0,49.9,64.13
2444,Retail,South,65.4,97.24,0,2,46.0,102.91
2445,Services,Midwest,18.4,102.23,0,2,54.7,123.21
2446,Retail,Midwest,41.6,108.07,0,3,46.2,129.85
2447,Retail,Northeast,52.0,35.72,0,1,51.2,30.49
2448,Retail,Northeast,33.5,10.0,0,0,45.8,22.13
2449,Services,West,29.1,87.84,0,4,56.8,127.08
2450,Manufacturing,West,58.2,112.35,0,2,40.4,135.65
2451,Manufacturing,West,47.4,81.02,0,3,41.5,102.21
2452,Tech,Northeast,40.9,111.13,0,0,64.9,116.5
2453,Retail,Midwest,76.3,132.23,1,3,54.9,170.78
2454,Services,Midwest,57.8,55.62,0,0,43.4,45.82
2455,Manufacturing,West,29.0,78.67,0,0,46.0,70.57
2456,Manufacturing,Northeast,38.1,64.59,0,1,58.1,19.01
2457,Retail,South,26.4,55.7,0,0,49.6,57.12
2458,Services,South,49.3,57.47,0,0,49.7,64.18
2459,Manufacturing,Midwest,21.7,34.83,0,0,38.6,49.11
2460,Retail,Midwest,17.8,10.0,0,0,48.7,22.8
2461,Manufacturing,Midwest,17.4,65.73,1,6,50.5,94.41
2462,Retail,Northeast,22.6,36.27,0,1,43.4,36.52
2463,Services,Midwest,12.8,101.95,0,2,56.2,115.09
2464,Manufacturing,Midwest,11.1,66.83,0,5,53.3,63.66
2465,Services,Midwest,39.7,101.97,0,3,51.5,122.36
2466,Manufacturing,West,23.0,88.46,1,5,61.3,132.36
2467,Services,Northeast,12.7,45.26,0,2,47.5,45.45
2468,Tech,Northeast,38.9,94.26,0,1,36.1,90.12
2469,Services,West,42.5,81.74,0,2,48.4,111.79
2470,Retail,South,51.3,73.46,0,0,45.1,102.72
2471,Manufacturing,West,48.3,52.8,0,0,36.3,56.3
2472,Retail,South,34.4,68.34,0,0,48.7,76.11
2473,Manufacturing,Northeast,4.4,64.19,0,3,55.3,49.28
2474,Services,Midwest,50.9,64.34,1,4,52.6,86.3
2475,Services,West,14.1,53.85,1,4,53.0,65.62
2476,Retail,South,51.8,89.11,0,0,59.9,86.29
2477,Manufacturing,Midwest,12.9,85.18,0,1,55.7,90.04
2478,Tech,West,75.5,125.38,1,6,71.0,159.84
2479,Manufacturing,West,78.4,146.42,1,9,74.5,180.9
2480,Retail,South,88.3,88.9,1,2,58.6,111.75
2481,Retail,Midwest,18.4,80.01,0,3,47.4,87.06
2482,Services,West,19.0,105.95,1,9,62.0,136.48
2483,Services,West,18.6,63.43,0,0,41.1,70.28
2484,Manufacturing,Northeast,86.2,13.38,0,0,43.6,9.46
2485,Services,West,55.2,93.51,0,3,40.6,111.74
2486,Manufacturing,Northeast,35.6,94.09,1,4,56.5,94.17
2487,Manufacturing,South,32.9,42.2,0,3,43.2,37.15
2488,Tech,Northeast,72.9,70.34,0,0,60.7,38.62
2489,Retail,West,20.8,83.79,0,0,61.1,85.12
2490,Manufacturing,Midwest,71.0,114.3,1,4,57.2,132.79
2491,Tech,South,50.9,49.05,0,1,38.6,79.84
2492,Services,South,82.0,111.84,0,2,54.2,131.92
2493,Services,South,12.9,90.79,1,6,44.9,118.45
2494,Services,Northeast,36.5,68.21,0,2,53.6,55.71
2495,Retail,West,28.2,64.02,0,0,40.3,47.89
2496,Manufacturing,Midwest,56.6,89.95,0,0,50.9,67.78
2497,Tech,South,12.2,83.73,1,3,62.6,120.25
2498,Services,Northeast,26.1,108.48,1,5,62.5,145.02
2499,Manufacturing,West,34.4,43.43,0,1,43.8,45.36
2500,Manufacturing,Northeast,5.4,148.45,1,8,83.2,195.83
2501,Tech,Northeast,37.3,108.0,1,9,68.9,152.3
2502,Tech,West,30.7,92.85,1,7,68.8,144.73
2503,Tech,West,44.2,83.8,0,0,68.3,89.87
2504,Manufacturing,Midwest,62.7,60.83,0,1,38.2,56.34
2505,Tech,Midwest,34.6,44.52,0,1,38.5,47.05
2506,Manufacturing,South,22.3,101.49,0,0,57.7,82.47
2507,Manufacturing,Midwest,47.1,92.43,0,4,53.2,106.4
2508,Services,South,90.6,111.88,1,2,56.3,152.74
2509,Tech,Midwest,15.9,86.64,0,0,50.7,88.75
2510,Manufacturing,Northeast,21.6,121.01,0,2,64.9,135.4
2511,Retail,West,61.5,106.88,0,2,64.7,121.43
2512,Retail,Northeast,9.0,70.41,0,2,59.1,65.89
2513,Manufacturing,South,39.5,61.41,0,0,30.8,54.89
2514,Manufacturing,Midwest,22.3,115.39,1,4,55.7,136.47
2515,Tech,South,68.7,86.1,0,2,53.8,77.16
2516,Manufacturing,South,34.0,30.96,0,0,42.9,20.99
2517,Tech,South,23.6,69.57,0,0,45.2,90.78
2518,Tech,Midwest,65.4,123.69,1,9,69.4,156.05
2519,Tech,Northeast,57.6,82.79,1,4,69.6,83.61
2520,Services,Northeast,9.9,110.78,1,8,62.4,152.71
2521,Retail,South,18.2,109.07,0,2,57.5,120.62
2522,Retail,West,54.3,73.93,0,0,43.4,79.34
2523,Services,Northeast,74.6,97.87,0,2,48.3,121.55
2524,Tech,South,53.4,129.86,0,4,54.0,143.77
2525,Tech,South,27.0,86.26,1,7,60.0,138.54
2526,Tech,Midwest,37.5,111.74,1,4,60.4,139.82
2527,Manufacturing,Northeast,38.6,111.67,0,5,66.3,139.63
2528,Services,Northeast,21.1,89.37,0,3,45.6,134.7
2529,Services,South,26.2,121.17,1,7,62.8,141.77
2530,Manufacturing,Midwest,41.9,41.58,0,1,51.9,44.63
2531,Services,Midwest,30.4,42.45,0,2,38.6,23.73
2532,Retail,Midwest,79.0,114.68,1,6,61.8,157.8
2533,Services,West,75.9,93.69,0,2,50.4,123.31
2534,Services,South,16.8,39.81,0,1,51.6,54.82
2535,Retail,South,34.4,77.51,1,6,66.7,126.55
2536,Services,West,82.7,68.42,1,6,67.4,121.69
2537,Retail,Midwest,66.5,58.94,1,8,70.3,64.05
2538,Tech,Midwest,23.5,91.93,1,8,59.6,117.71
2539,Retail,West,20.9,106.84,1,8,75.6,139.28
2540,Tech,South,47.4,104.37,1,6,61.2,121.15
2541,Manufacturing,West,27.5,69.75,0,3,47.8,69.97
2542,Manufacturing,Midwest,60.8,120.72,1,9,62.9,163.92
2543,Manufacturing,Northeast,11.6,69.17,1,5,63.0,114.12
2544,Services,Northeast,82.0,87.28,0,2,53.7,103.8
2545,Retail,West,15.5,135.13,1,6,63.7,164.54
2546,Services,Northeast,43.4,149.37,1,6,65.3,234.81
2547,Services,West,17.5,130.73,1,9,86.8,184.96
2548,Services,Midwest,48.8,47.59,0,0,42.5,39.19
2549,Retail,West,46.3,95.56,1,3,51.2,138.2
2550,Services,South,53.2,61.61,0,3,61.8,53.38
2551,Services,West,72.8,125.53,1,6,56.2,158.17
2552,Retail,West,48.9,33.46,0,0,45.2,23.03
2553,Retail,South,53.6,93.25,0,0,46.3,103.88
2554,Retail,Midwest,48.0,130.71,1,3,49.8,158.43
2555,Retail,West,73.6,80.55,1,5,53.1,118.69
2556,Manufacturing,West,11.1,92.54,0,2,50.6,99.88
2557,Tech,West,81.8,99.29,1,6,66.7,138.05
2558,Services,West,46.6,102.22,0,1,48.9,125.32
2559,Tech,West,13.3,40.16,0,0,37.5,61.27
2560,Services,Midwest,16.8,74.93,0,4,48.6,92.46
2561,Tech,South,12.9,92.61,1,5,66.8,124.62
2562,Tech,Northeast,29.5,84.63,0,3,58.1,112.02
2563,Services,Midwest,60.3,36.38,0,0,30.6,53.15
2564,Services,West,76.5,64.19,0,3,41.9,91.59
2565,Tech,Midwest,7.5,20.65,0,0,34.3,40.75
2566,Services,Midwest,68.1,75.12,0,1,45.6,85.18
2567,Services,Midwest,27.1,76.21,0,4,45.5,91.94
2568,Tech,South,28.5,88.61,0,0,52.8,124.15
2569,Retail,Northeast,31.1,41.55,0,0,45.1,35.26
2570,Retail,Northeast,28.5,82.61,0,4,61.7,72.39
2571,Retail,Northeast,17.9,37.03,0,1,41.3,33.73
2572,Manufacturing,Northeast,31.3,87.25,0,1,53.5,92.77
2573,Retail,Northeast,24.4,74.52,0,1,61.8,95.91
2574,Manufacturing,Midwest,44.3,60.81,0,0,48.7,57.81
2575,Manufacturing,Midwest,56.3,46.86,0,2,48.3,73.99
2576,Retail,Midwest,112.2,110.02,1,4,58.8,151.17
2577,Manufacturing,Northeast,43.6,88.6,1,7,57.4,135.76
2578,Retail,Northeast,57.3,10.19,0,0,38.5,7.21
2579,Services,West,37.1,81.15,0,0,44.5,75.67
2580,Services,West,67.9,52.75,0,0,49.4,50.0
2581,Services,Northeast,20.2,63.09,0,0,35.1,70.09
2582,Tech,West,47.1,97.79,0,3,59.4,119.66
2583,Services,West,54.4,79.67,0,1,43.4,82.54
2584,Services,Northeast,60.9,83.47,1,6,56.6,117.44
2585,Tech,Midwest,26.9,29.35,0,1,47.9,21.34
2586,Tech,South,61.5,97.11,0,2,52.1,83.05
2587,Retail,West,40.4,64.31,0,0,42.5,38.4
2588,Retail,Midwest,48.4,117.14,0,0,63.0,148.89
2589,Manufacturing,South,24.3,62.17,0,2,48.8,75.28
2590,Tech,Midwest,31.0,10.0,0,0,40.8,0.34
2591,Manufacturing,West,46.5,128.58,1,8,59.8,137.19
2592,Tech,South,32.3,79.91,1,2,55.8,107.95
2593,Retail,South,94.0,135.26,1,6,57.0,192.94
2594,Tech,Northeast,53.8,54.44,0,2,53.2,33.09
2595,Manufacturing,South,58.2,36.01,0,3,37.1,25.18
2596,Services,Northeast,29.9,59.28,0,0,49.9,61.66
2597,Retail,Midwest,35.6,55.12,0,1,52.1,54.0
2598,Tech,South,40.0,68.24,1,8,55.3,71.26
2599,Tech,South,54.8,139.0,1,9,68.1,210.58
2600,Services,Northeast,33.3,73.39,0,2,61.0,114.46
2601,Tech,West,52.4,131.12,1,9,61.8,191.27
2602,Manufacturing,Northeast,11.1,67.48,0,0,26.5,93.49
2603,Retail,Northeast,46.1,120.5,1,3,61.5,145.91
2604,Manufacturing,Northeast,27.7,90.04,0,3,40.6,106.88
2605,Tech,Midwest,14.5,61.77,1,5,64.3,105.96
2606,Manufacturing,West,41.8,89.72,0,3,66.7,122.04
2607,Tech,South,44.8,64.63,1,3,62.7,88.83
2608,Services,South,16.4,86.03,0,1,45.0,117.18
2609,Tech,Northeast,76.3,86.48,0,0,58.3,104.82
2610,Services,West,31.4,95.81,1,11,76.0,114.65
2611,Retail,West,27.4,81.61,1,9,50.4,106.85
2612,Tech,South,21.7,53.88,0,0,51.6,79.77
2613,Services,West,33.4,91.94,1,7,69.4,134.14
2614,Tech,West,14.6,81.88,0,1,41.7,87.18
2615,Tech,Midwest,20.5,37.13,0,0,45.5,56.64
2616,Manufacturing,Midwest,28.5,87.01,1,5,63.8,88.26
2617,Manufacturing,West,18.6,141.34,1,8,72.4,176.01
2618,Manufacturing,Midwest,14.4,92.09,1,8,67.6,140.21
2619,Retail,Midwest,18.8,30.05,0,1,53.0,53.76
2620,Services,Midwest,25.0,114.95,1,9,70.5,170.08
2621,Services,West,24.7,31.96,0,0,51.5,13.59
2622,Tech,South,57.6,78.87,1,2,55.0,99.5
2623,Services,Northeast,79.0,125.55,1,8,64.5,155.76
2624,Tech,West,37.7,52.3,0,0,42.3,49.87
2625,Retail,South,59.2,107.62,0,4,51.8,124.36
2626,Tech,Midwest,73.8,53.27,0,0,50.1,46.26
2627,Tech,West,76.0,58.59,0,0,26.7,71.98
2628,Tech,Northeast,23.6,130.97,1,6,64.0,139.06
2629,Manufacturing,Northeast,72.9,63.3,0,1,63.0,71.08
2630,Retail,Northeast,25.0,98.27,1,8,60.1,120.57
2631,Retail,Northeast,21.0,10.0,0,1,35.2,14.13
2632,Manufacturing,Midwest,29.7,130.99,1,6,63.5,171.64
2633,Manufacturing,Midwest,33.4,76.97,0,2,69.7,76.78
2634,Tech,Midwest,36.7,78.04,1,8,55.9,131.49
2635,Services,South,16.4,130.86,1,6,56.0,176.74
2636,Retail,South,28.8,96.55,0,0,51.1,99.57
2637,Retail,Northeast,66.1,85.78,0,1,52.9,103.11
2638,Tech,Midwest,31.1,59.51,1,5,55.9,82.64
2639,Retail,South,18.2,66.23,0,0,47.3,71.51
2640,Tech,Northeast,65.4,95.44,1,7,62.4,118.69
2641,Tech,Midwest,81.9,106.54,0,1,54.1,124.16
2642,Tech,Northeast,24.4,49.07,0,2,52.7,58.24
2643,Services,Northeast,13.0,68.72,0,2,53.8,79.63
2644,Retail,Northeast,15.6,51.68,0,0,48.2,58.33
2645,Manufacturing,South,19.4,80.01,0,2,60.9,106.43
2646,Services,West,31.9,106.28,0,1,44.2,99.52
2647,Services,South,100.3,61.83,1,8,49.8,107.06
2648,Tech,South,144.7,100.41,0,0,52.6,111.57
2649,Tech,West,20.7,75.25,1,8,64.2,97.87
2650,Services,West,52.9,48.59,0,0,60.1,52.82
2651,Services,Northeast,27.3,74.49,1,6,59.2,112.31
2652,Services,Northeast,28.6,86.84,0,0,53.3,104.15
2653,Tech,Northeast,9.5,121.84,0,3,43.9,144.21
2654,Retail,Northeast,69.6,88.51,1,10,66.4,131.87
2655,Retail,South,10.9,84.29,1,3,60.8,108.45
2656,Services,Midwest,55.8,59.6,0,0,51.8,89.05
2657,Services,Midwest,44.3,127.22,0,3,66.4,127.51
2658,Retail,Northeast,57.3,105.05,1,6,62.4,136.24
2659,Services,South,78.7,47.54,0,0,47.1,45.21
2660,Services,South,83.0,76.23,1,8,56.2,80.04
2661,Tech,Midwest,14.6,58.06,0,2,43.7,24.3
2662,Services,West,35.2,52.45,0,3,60.8,64.25
2663,Tech,Midwest,65.6,65.97,1,8,59.5,88.58
2664,Retail,South,17.6,72.94,0,2,42.7,103.72
2665,Manufacturing,Northeast,60.7,120.61,1,8,60.4,171.82
2666,Services,Midwest,29.9,125.78,1,4,70.3,172.52
2667,Manufacturing,South,49.8,42.88,0,0,36.1,53.44
2668,Services,Midwest,55.9,53.38,1,3,53.2,77.26
2669,Tech,South,72.9,45.18,0,0,40.8,56.72
2670,Tech,South,75.8,67.95,0,0,44.4,75.41
2671,Manufacturing,South,58.5,163.4,1,6,64.7,229.79
2672,Services,Northeast,66.5,96.75,1,9,65.2,129.95
2673,Retail,Midwest,4.6,83.9,0,0,53.7,78.34
2674,Retail,South,33.6,71.08,0,0,36.7,56.63
2675,Retail,West,37.5,83.96,0,1,52.3,118.71
2676,Tech,Midwest,28.4,66.42,1,4,50.0,116.63
2677,Tech,South,45.9,130.49,1,9,72.3,177.79
2678,Tech,Midwest,26.4,118.34,1,7,77.4,168.26
2679,Retail,Northeast,24.6,89.37,0,0,44.6,63.98
2680,Tech,West,41.8,122.17,1,4,64.4,183.27
2681,Retail,South,45.9,90.91,1,6,59.2,143.3
2682,Services,Midwest,64.6,72.76,0,0,63.8,62.6
2683,Manufacturing,South,30.7,45.79,0,3,38.1,58.92
2684,Services,Northeast,49.7,43.21,0,1,51.5,67.98
2685,Retail,Midwest,28.6,22.16,0,0,41.3,25.66
2686,Manufacturing,West,38.2,63.92,0,1,27.2,75.74
2687,Manufacturing,Midwest,88.7,101.78,1,9,64.3,139.53
2688,Tech,West,25.3,37.08,0,4,47.0,48.07
2689,Retail,Midwest,80.7,66.72,1,7,60.7,108.48
2690,Retail,Midwest,86.3,10.0,0,1,32.9,14.89
2691,Tech,Northeast,33.0,116.83,1,7,68.8,131.86
2692,Retail,South,11.4,83.79,0,4,54.8,91.82
2693,Retail,Northeast,15.8,44.77,0,0,42.0,47.97
2694,Retail,Northeast,38.3,81.39,1,3,53.0,98.81
2695,Tech,Midwest,32.3,80.61,1,2,50.1,96.94
2696,Services,West,31.8,47.61,0,0,38.8,31.39
2697,Services,South,57.4,63.1,0,2,44.0,64.89
2698,Tech,West,45.9,10.0,0,0,26.6,11.24
2699,Services,South,38.2,112.48,1,6,43.3,153.18
2700,Services,South,65.0,90.41,0,0,62.2,93.8
2701,Services,West,23.3,91.81,0,1,41.4,110.37
2702,Retail,South,56.0,113.92,1,7,65.9,133.87
2703,Services,Midwest,41.4,54.42,0,0,38.6,53.03
2704,Manufacturing,South,62.4,38.37,0,1,51.2,43.92
2705,Retail,Northeast,34.6,67.96,0,1,50.9,113.49
2706,Manufacturing,Midwest,44.6,41.42,0,0,59.9,59.86
2707,Manufacturing,South,28.7,35.6,0,0,29.2,38.01
2708,Tech,Midwest,70.1,76.46,0,0,50.2,77.0
2709,Tech,Northeast,73.0,67.95,0,2,57.9,64.33
2710,Retail,West,59.0,90.09,1,5,66.0,134.28
2711,Services,Northeast,22.7,42.54,0,0,49.6,26.75
2712,Services,Midwest,25.0,90.07,1,6,67.6,134.63
2713,Retail,South,45.3,61.86,1,7,53.8,96.98
2714,Services,West,2.5,55.96,0,1,41.4,39.66
2715,Services,South,65.1,103.05,0,3,53.4,131.71
2716,Services,South,29.6,71.35,0,0,40.2,67.2
2717,Services,Northeast,41.6,93.42,0,1,53.7,114.85
2718,Manufacturing,Northeast,31.7,90.08,0,1,55.6,90.78
2719,Tech,Midwest,19.2,46.09,0,0,50.6,47.96
2720,Tech,West,48.3,112.1,0,7,61.7,165.24
2721,Services,Midwest,48.4,54.06,0,2,53.1,48.48
2722,Retail,South,37.2,129.62,1,6,61.3,157.17
2723,Services,Northeast,10.6,51.68,0,3,48.6,58.66
2724,Manufacturing,Northeast,84.5,65.91,0,1,67.8,91.66
2725,Tech,Midwest,5.9,65.14,0,1,51.2,59.56
2726,Services,Northeast,95.4,134.52,1,10,78.5,159.95
2727,Manufacturing,South,74.7,96.57,0,2,59.4,96.78
2728,Manufacturing,Midwest,84.8,139.31,1,7,56.3,188.15
2729,Services,West,13.1,70.7,0,0,54.7,81.13
2730,Services,Northeast,83.3,106.42,0,0,53.1,103.52
2731,Retail,South,53.7,130.89,1,6,65.3,182.27
2732,Services,South,97.4,67.67,0,3,54.7,100.02
2733,Retail,Northeast,18.4,40.85,0,0,47.8,50.96
2734,Retail,West,44.0,54.02,0,0,51.0,49.97
2735,Manufacturing,Northeast,62.6,88.89,0,0,43.3,69.44
2736,Services,Midwest,75.1,145.58,1,5,70.3,181.45
2737,Services,Northeast,13.1,84.45,0,3,54.1,64.93
2738,Services,Midwest,50.9,107.88,0,3,49.4,152.1
2739,Tech,Midwest,14.7,137.05,1,9,90.9,201.99
2740,Manufacturing,West,40.5,61.9,0,0,49.8,46.65
2741,Retail,Northeast,9.7,105.96,1,8,72.5,124.23
2742,Services,Midwest,29.7,101.55,0,3,72.8,135.07
2743,Services,Northeast,46.1,51.31,0,0,53.5,41.75
2744,Services,West,13.1,118.55,1,8,63.9,165.47
2745,Tech,Northeast,149.3,157.96,1,9,75.5,220.75
2746,Services,West,61.3,87.84,0,2,60.4,143.13
2747,Retail,Northeast,13.4,92.62,0,3,64.2,125.95
2748,Retail,Midwest,38.8,137.38,1,11,69.6,177.31
2749,Tech,Midwest,64.1,96.2,1,3,66.9,111.81
2750,Services,West,33.8,50.0,0,0,63.3,57.65
2751,Manufacturing,Northeast,43.3,128.18,1,9,64.8,138.93
2752,Retail,Midwest,29.6,65.53,0,0,46.7,112.57
2753,Retail,South,33.5,59.71,0,0,45.8,56.97
2754,Tech,West,18.8,51.19,1,4,61.0,97.24
2755,Tech,Midwest,30.0,66.77,0,1,49.0,102.9
2756,Retail,Midwest,48.3,17.17,0,0,41.4,30.42
2757,Tech,West,37.1,59.67,0,1,60.6,65.98
2758,Services,West,36.5,100.98,1,7,61.8,141.41
2759,Services,Northeast,52.9,81.7,0,3,49.3,95.3
2760,Tech,Midwest,56.9,153.47,1,9,65.5,189.12
2761,Retail,Northeast,9.2,122.23,1,9,56.3,140.78
2762,Services,Midwest,16.8,64.7,0,0,44.7,88.33
2763,Retail,Northeast,3.9,107.72,0,2,43.1,139.62
2764,Tech,Northeast,48.4,97.87,1,5,61.8,142.15
2765,Manufacturing,South,26.9,16.97,0,0,32.5,19.7
2766,Retail,Northeast,29.8,32.58,0,1,45.2,9.54
2767,Manufacturing,Northeast,21.4,10.0,0,1,36.3,-13.34
2768,Tech,South,59.9,54.13,1,7,67.6,122.09
2769,Manufacturing,Northeast,8.3,93.57,0,1,51.6,140.02
2770,Services,West,42.9,31.85,0,0,28.1,46.8
2771,Manufacturing,South,47.1,90.99,1,10,56.2,121.35
2772,Manufacturing,West,138.8,66.35,0,1,41.0,45.51
2773,Retail,Northeast,31.8,41.04,0,2,45.2,27.88
2774,Retail,West,35.2,58.44,0,0,57.1,55.37
2775,Services,South,20.5,53.37,0,1,60.2,31.86
2776,Services,Midwest,12.5,58.76,0,4,42.8,59.45
2777,Retail,South,67.6,104.39,0,1,51.1,100.7
2778,Tech,South,48.4,12.12,0,0,41.9,33.89
2779,Retail,West,59.6,120.84,1,8,77.1,159.55
2780,Tech,Midwest,49.4,90.59,1,7,59.2,125.13
2781,Retail,Midwest,66.6,83.87,0,0,35.3,73.0
2782,Manufacturing,West,31.8,135.38,1,9,63.8,168.89
2783,Tech,Midwest,47.6,119.32,1,5,62.0,152.4
2784,Retail,South,28.4,147.23,1,7,76.2,192.9
2785,Services,South,72.7,128.93,1,9,54.7,197.18
2786,Manufacturing,Northeast,78.2,47.96,0,2,40.0,72.09
2787,Retail,Northeast,56.1,89.33,0,2,62.4,114.25
2788,Retail,West,13.5,104.26,0,6,65.6,133.36
2789,Tech,South,19.8,70.55,1,5,60.6,109.0
2790,Manufacturing,Midwest,90.9,154.32,1,10,67.6,208.41
2791,Retail,South,14.5,131.76,1,10,66.7,201.27
2792,Services,South,68.7,40.46,0,2,42.2,49.14
2793,Services,Midwest,73.0,39.02,0,0,49.8,42.82
2794,Tech,West,39.0,33.69,0,0,29.9,14.55
2795,Services,South,14.4,118.44,0,0,45.4,129.2
2796,Manufacturing,Northeast,64.7,106.45,1,9,66.1,134.63
2797,Tech,Midwest,93.5,87.06,0,0,38.8,98.8
2798,Manufacturing,West,22.1,85.71,0,0,65.5,64.53
2799,Manufacturing,West,107.5,125.14,1,9,70.9,159.96
2800,Services,Northeast,54.3,43.55,0,0,40.5,48.21
2801,Retail,Midwest,75.3,64.14,0,1,44.5,92.81
2802,Tech,Midwest,104.9,91.68,1,8,59.3,107.64
2803,Tech,South,34.1,44.98,0,0,37.9,39.17
2804,Retail,Northeast,35.3,78.19,1,6,55.5,137.51
2805,Tech,Midwest,60.7,108.34,1,7,64.0,130.92
2806,Manufacturing,South,32.3,84.35,0,1,54.0,68.5
2807,Services,Northeast,27.7,110.27,1,4,66.3,147.88
2808,Tech,Midwest,4.7,96.94,0,5,49.6,138.83
2809,Tech,Midwest,71.3,126.14,1,8,65.8,156.68
2810,Manufacturing,Midwest,49.0,40.7,0,0,35.7,61.78
2811,Services,Midwest,44.5,88.02,1,5,50.2,130.42
2812,Retail,Midwest,33.9,94.56,0,1,49.5,105.64
2813,Tech,West,85.9,140.17,1,9,81.1,196.79
2814,Retail,Midwest,106.7,123.5,1,6,64.2,129.3
2815,Retail,West,156.8,168.35,1,6,50.0,206.23
2816,Manufacturing,Midwest,39.7,51.96,0,2,59.7,51.71
2817,Manufacturing,Northeast,62.2,64.29,0,1,57.3,76.03
2818,Manufacturing,West,36.8,94.75,1,5,52.2,135.17
2819,Retail,South,11.4,102.55,0,2,59.3,96.21
2820,Tech,South,25.4,60.3,0,0,47.7,68.5
2821,Services,West,51.0,80.78,1,9,69.0,89.72
2822,Manufacturing,West,25.5,155.3,1,9,63.4,220.9
2823,Manufacturing,Midwest,31.8,38.65,0,0,48.0,27.79
2824,Services,South,37.8,116.68,1,7,49.5,166.45
2825,Tech,Northeast,29.8,65.65,0,0,53.5,65.53
2826,Tech,Midwest,78.9,63.53,0,1,57.7,81.58
2827,Tech,Northeast,26.2,81.36,1,6,54.0,151.0
2828,Tech,Northeast,35.5,59.59,0,2,65.2,60.59
2829,Manufacturing,Northeast,30.2,148.94,1,6,63.8,199.89
2830,Tech,Midwest,150.5,110.35,1,9,75.8,145.62
2831,Manufacturing,South,26.4,81.34,1,7,48.8,114.59
2832,Manufacturing,South,58.7,62.28,0,1,41.8,79.53
2833,Retail,Midwest,6.6,81.99,0,1,54.8,58.42
2834,Manufacturing,South,27.5,115.69,1,6,76.8,139.01
2835,Services,South,51.0,101.52,0,4,46.1,110.64
2836,Services,South,41.5,78.65,1,4,49.6,106.2
2837,Retail,Northeast,28.0,80.44,1,8,65.1,121.97
2838,Services,West,35.8,73.36,0,2,55.9,79.92
2839,Tech,Midwest,106.2,146.89,1,8,68.0,213.6
2840,Services,Northeast,42.8,30.8,0,0,44.1,31.83
2841,Services,West,24.0,122.25,1,7,65.0,135.88
2842,Tech,Midwest,17.1,88.58,1,5,62.1,107.62
2843,Services,South,43.2,83.43,0,0,56.3,74.87
2844,Tech,West,112.8,137.33,1,9,66.7,207.78
2845,Tech,South,22.4,100.95,1,8,56.0,149.57
2846,Manufacturing,Northeast,17.0,51.99,0,1,56.1,63.12
2847,Manufacturing,Midwest,32.5,132.31,1,4,63.1,148.47
2848,Manufacturing,South,50.3,86.32,0,5,60.9,105.3
2849,Tech,South,57.2,65.13,0,0,41.5,37.73
2850,Services,Northeast,31.7,85.29,0,4,49.1,106.2
2851,Tech,Northeast,30.0,80.96,0,1,36.9,103.33
2852,Services,South,16.4,107.83,0,2,60.1,105.54
2853,Manufacturing,Northeast,34.2,36.44,0,0,48.7,25.72
2854,Retail,West,123.1,88.73,1,9,64.5,148.8
2855,Retail,Northeast,50.1,84.87,1,7,58.6,135.14
2856,Tech,Northeast,108.9,24.42,0,0,35.4,25.07
2857,Services,South,70.4,94.62,0,0,48.4,89.58
2858,Retail,Northeast,37.6,98.39,1,5,55.1,118.38
2859,Tech,West,25.2,69.15,0,1,52.5,81.91
2860,Services,South,24.2,86.32,0,1,41.3,84.19
2861,Manufacturing,Midwest,10.4,45.25,0,1,49.9,45.55
2862,Services,West,44.3,10.0,0,0,33.8,24.07
2863,Services,Northeast,26.0,36.05,0,0,51.6,46.23
2864,Services,West,43.2,130.71,1,8,70.6,157.31
2865,Tech,West,37.9,126.85,1,8,75.5,155.07
2866,Retail,West,65.3,134.06,1,6,50.9,182.93
2867,Services,South,48.8,106.73,1,9,74.3,154.59
2868,Services,West,45.2,52.75,0,0,34.7,39.14
2869,Manufacturing,South,92.4,133.64,1,6,74.4,175.62
2870,Manufacturing,Midwest,25.4,43.02,0,1,46.2,40.14
2871,Retail,West,34.8,77.14,0,0,61.4,81.64
2872,Tech,Northeast,31.2,93.28,1,5,56.1,116.38
2873,Manufacturing,South,35.3,122.75,1,8,65.1,146.61
2874,Tech,Midwest,28.1,45.39,0,0,44.2,34.69
2875,Retail,Midwest,42.4,59.09,0,1,35.9,80.56
2876,Retail,Midwest,82.9,70.16,0,0,59.5,88.39
2877,Services,Northeast,29.9,10.0,0,0,39.3,10.53
2878,Manufacturing,Midwest,59.4,140.2,1,6,70.1,152.62
2879,Manufacturing,Northeast,47.5,137.18,1,8,62.1,211.41
2880,Retail,Northeast,26.8,99.79,1,9,40.0,123.0
2881,Tech,South,15.5,56.75,0,0,54.4,42.05
2882,Retail,Northeast,16.0,54.67,0,2,40.5,60.09
2883,Manufacturing,South,31.1,79.91,0,0,58.1,81.25
2884,Retail,South,67.2,82.64,1,4,59.7,94.85
2885,Tech,Midwest,30.4,83.42,1,8,55.4,124.89
2886,Tech,Midwest,52.1,57.68,0,0,52.9,61.42
2887,Manufacturing,Midwest,44.6,72.12,0,2,53.5,83.68
2888,Manufacturing,West,26.6,93.79,0,2,41.5,102.56
2889,Manufacturing,South,16.6,73.47,0,2,57.4,79.2
2890,Tech,South,53.7,124.48,1,8,68.5,185.19
2891,Manufacturing,West,21.5,73.41,1,4,71.5,104.45
2892,Tech,Northeast,51.2,89.25,1,5,59.0,105.41
2893,Retail,South,66.5,99.46,0,2,35.6,118.04
2894,Manufacturing,West,37.2,27.67,0,4,48.4,28.68
2895,Tech,West,79.1,149.02,1,5,70.0,170.25
2896,Retail,West,21.0,42.45,0,2,47.5,61.42
2897,Manufacturing,South,78.5,98.9,0,0,47.4,82.97
2898,Tech,Midwest,22.7,89.32,0,0,52.9,128.3
2899,Retail,Northeast,31.9,88.98,0,1,64.1,102.24
2900,Services,West,74.9,93.26,0,3,35.8,133.58
2901,Retail,West,32.2,35.46,0,1,51.1,46.71
2902,Manufacturing,South,49.8,93.99,1,8,52.5,156.27
2903,Services,Midwest,17.4,80.88,0,1,48.7,112.23
2904,Manufacturing,West,41.9,119.42,0,1,64.9,107.67
2905,Tech,Midwest,28.9,79.8,1,4,53.5,96.96
2906,Retail,Midwest,11.6,66.08,0,0,55.2,74.44
2907,Manufacturing,West,31.8,111.29,1,9,60.0,160.14
2908,Retail,West,57.9,78.65,0,0,42.7,62.34
2909,Tech,Midwest,36.2,47.32,0,1,44.7,46.4
2910,Retail,South,59.2,83.4,0,2,51.0,101.1
2911,Retail,West,39.7,69.7,0,1,49.5,78.61
2912,Tech,South,13.7,123.97,1,2,58.6,162.02
2913,Tech,Northeast,20.4,31.87,0,0,45.4,45.43
2914,Services,Midwest,26.5,115.12,1,11,56.3,155.77
2915,Tech,Midwest,98.6,34.49,0,0,38.6,36.23
2916,Manufacturing,West,40.2,99.48,0,2,44.8,97.51
2917,Manufacturing,West,54.0,103.63,0,3,49.3,110.49
2918,Tech,Midwest,91.8,61.4,0,0,55.2,49.65
2919,Retail,West,29.1,75.79,0,3,50.1,84.99
2920,Manufacturing,Northeast,46.7,109.21,1,7,78.0,151.04
2921,Tech,West,59.8,58.03,0,0,43.5,66.56
2922,Services,South,10.5,68.13,0,0,64.2,75.37
2923,Tech,South,38.1,112.37,0,5,64.1,135.52
2924,Tech,West,41.9,106.25,0,0,52.1,109.92
2925,Manufacturing,West,29.4,55.2,0,0,46.5,32.24
2926,Retail,Northeast,72.7,39.95,0,0,40.7,45.33
2927,Services,Midwest,40.6,70.63,0,0,58.1,72.81
2928,Manufacturing,South,11.4,90.36,0,5,61.5,116.39
2929,Tech,Midwest,78.3,140.57,1,9,76.5,170.47
2930,Manufacturing,Northeast,36.6,61.44,0,2,51.6,31.57
2931,Manufacturing,South,19.9,48.36,0,0,24.9,39.0
2932,Tech,Midwest,80.1,109.35,0,0,48.4,149.99
2933,Manufacturing,Northeast,60.3,56.84,1,5,72.5,108.84
2934,Tech,Midwest,36.2,60.74,0,1,36.4,51.17
2935,Tech,West,14.8,41.99,0,0,36.1,51.67
2936,Retail,Midwest,18.8,44.64,0,0,33.7,75.28
2937,Tech,West,33.4,70.93,0,2,54.0,109.09
2938,Services,Midwest,44.9,94.76,0,0,57.3,96.93
2939,Services,Midwest,41.0,88.81,0,3,50.1,78.17
2940,Services,Midwest,19.1,79.61,0,2,45.4,84.52
2941,Tech,Midwest,86.5,71.07,0,0,45.0,96.87
2942,Retail,Northeast,42.8,22.98,0,0,54.1,22.94
2943,Services,Midwest,28.8,52.4,0,0,34.0,53.19
2944,Manufacturing,West,62.2,111.97,0,1,50.4,122.03
2945,Manufacturing,West,39.0,61.05,0,2,42.4,63.42
2946,Retail,West,15.3,100.9,1,5,65.3,116.44
2947,Retail,West,49.0,112.81,1,9,59.4,149.54
2948,Retail,Northeast,36.9,45.97,0,4,45.6,51.19
2949,Manufacturing,West,33.1,107.85,0,3,43.7,101.76
2950,Services,Northeast,33.5,137.66,1,8,64.3,168.49
2951,Tech,West,40.3,69.7,0,3,51.4,34.86
2952,Manufacturing,Midwest,27.9,72.0,0,0,52.1,64.05
2953,Services,Northeast,43.5,121.16,1,7,63.0,197.9
2954,Services,Midwest,20.3,64.79,0,0,62.3,74.91
2955,Services,South,33.0,51.97,0,1,45.7,57.62
2956,Manufacturing,Northeast,48.0,86.1,1,7,64.9,135.85
2957,Manufacturing,South,21.1,109.24,1,8,74.1,140.75
2958,Services,West,28.2,95.49,1,7,70.4,135.61
2959,Manufacturing,South,37.7,59.24,0,2,29.6,54.84
2960,Retail,Midwest,56.7,100.39,0,0,64.4,101.3
2961,Services,Midwest,65.3,59.58,0,2,49.3,50.54
2962,Services,Midwest,22.9,123.78,1,5,53.8,131.17
2963,Tech,South,56.0,33.71,0,0,38.3,22.25
2964,Services,West,30.5,66.58,0,0,45.0,78.73
2965,Tech,South,18.7,58.14,0,2,46.4,65.18
2966,Tech,West,42.3,106.78,1,9,73.4,161.15
2967,Services,Northeast,68.6,66.83,0,3,45.6,60.33
2968,Retail,Northeast,7.8,64.92,0,1,66.6,77.73
2969,Tech,Northeast,9.0,94.16,0,1,51.4,98.44
2970,Services,West,50.8,61.86,0,0,43.4,60.69
2971,Manufacturing,Midwest,84.4,120.15,1,8,66.9,146.88
2972,Retail,Midwest,12.5,118.31,1,8,53.3,157.17
2973,Manufacturing,South,46.4,37.99,0,1,40.4,54.54
2974,Manufacturing,Midwest,81.4,125.45,1,8,66.0,176.5
2975,Tech,South,23.3,124.62,1,5,51.7,167.16
2976,Manufacturing,Northeast,23.2,93.05,0,3,55.7,94.34
2977,Services,West,14.6,77.61,0,0,55.6,90.43
2978,Services,Northeast,21.6,85.09,0,0,45.2,79.41
2979,Manufacturing,South,146.2,60.82,0,0,44.8,67.24
2980,Manufacturing,West,5.8,26.07,0,0,52.3,44.28
2981,Services,South,51.6,102.39,1,8,68.1,133.25
2982,Tech,Midwest,21.6,78.39,1,6,65.2,97.51
2983,Manufacturing,Midwest,65.7,143.94,1,10,76.2,206.24
2984,Tech,West,15.0,58.01,0,0,45.0,47.86
2985,Retail,South,17.6,65.72,0,1,54.1,71.78
2986,Manufacturing,South,50.7,85.04,1,9,53.1,115.31
2987,Retail,Northeast,44.2,44.03,0,1,35.6,49.34
2988,Tech,Midwest,33.4,62.73,0,0,51.5,75.78
2989,Services,Midwest,52.3,56.76,0,0,47.8,89.74
2990,Retail,Northeast,58.8,58.23,0,0,58.9,51.76
2991,Tech,South,40.7,42.87,0,0,25.9,43.45
2992,Manufacturing,West,36.3,63.04,0,0,43.0,85.08
2993,Services,South,46.5,92.31,0,3,40.5,99.22
2994,Tech,Northeast,50.1,154.01,1,4,68.2,175.09
2995,Services,West,84.0,70.05,0,6,49.4,63.85
2996,Services,South,26.7,67.03,0,3,48.8,86.03
2997,Manufacturing,Northeast,27.1,91.17,0,3,53.4,93.98
2998,Retail,South,27.4,112.84,0,3,65.9,111.1
2999,Tech,Midwest,31.8,62.83,0,1,42.7,72.28
3000,Retail,Northeast,33.2,99.9,0,1,45.1,101.74
3001,Retail,West,26.8,99.74,0,1,51.0,87.62
3002,Manufacturing,South,19.8,80.28,0,2,61.8,67.48
3003,Services,Northeast,17.1,75.05,0,0,52.6,87.44
3004,Retail,Midwest,110.4,143.7,1,8,84.3,196.24
3005,Services,Northeast,60.5,110.55,1,7,61.2,146.85
3006,Tech,South,16.3,66.93,0,2,45.5,81.26
3007,Services,Northeast,61.6,101.39,0,3,53.7,88.76
3008,Retail,West,15.7,85.18,0,6,61.8,111.58
3009,Services,South,83.0,76.1,0,0,45.9,65.98
3010,Services,West,42.2,71.17,0,0,42.3,36.31
3011,Manufacturing,Northeast,69.0,132.5,1,5,46.0,190.99
3012,Tech,Midwest,26.0,73.84,0,2,46.1,92.51
3013,Manufacturing,Midwest,24.7,99.66,1,8,56.2,125.59
3014,Manufacturing,South,20.3,67.82,0,0,55.3,66.66
3015,Retail,Midwest,77.0,112.47,1,3,66.9,189.28
3016,Services,South,15.7,82.6,1,4,50.2,80.4
3017,Manufacturing,Midwest,60.7,90.98,0,2,51.4,118.75
3018,Tech,Northeast,13.4,40.42,0,0,53.1,34.27
3019,Tech,West,46.8,113.38,1,9,71.9,157.77
3020,Tech,South,9.8,76.12,0,0,26.1,84.1
3021,Retail,West,59.4,147.59,1,10,62.4,181.94
3022,Tech,South,54.3,106.14,1,6,45.8,158.09
3023,Tech,Midwest,52.5,65.08,1,8,79.6,102.47
3024,Manufacturing,Northeast,30.7,78.91,0,0,57.5,95.09
3025,Manufacturing,West,13.8,28.4,0,0,40.8,18.98
3026,Manufacturing,Midwest,37.5,120.4,0,1,64.3,116.04
3027,Retail,Northeast,21.1,42.82,0,0,39.9,61.67
3028,Tech,West,153.4,83.58,1,6,45.8,127.86
3029,Retail,Midwest,12.9,147.37,1,9,59.6,190.64
3030,Tech,Northeast,91.6,70.54,0,0,57.6,53.3
3031,Tech,South,18.2,29.17,0,2,61.1,46.27
3032,Retail,Midwest,36.4,126.55,1,6,66.1,158.95
3033,Services,South,22.4,54.41,0,2,48.0,52.68
3034,Services,West,62.3,81.23,0,0,36.2,99.66
3035,Services,West,62.7,59.93,0,0,52.4,94.75
3036,Tech,South,69.2,187.95,1,9,79.2,234.79
3037,Services,Northeast,90.1,109.2,1,5,62.0,140.11
3038,Retail,Midwest,20.7,35.77,0,2,46.5,27.84
3039,Retail,Northeast,43.9,77.47,1,5,56.8,116.55
3040,Manufacturing,West,9.3,69.89,1,5,66.3,92.07
3041,Services,Midwest,21.2,99.31,0,1,48.6,110.01
3042,Tech,South,47.0,71.63,0,1,47.0,84.91
3043,Services,West,82.3,67.43,0,0,56.9,63.2
3044,Tech,Midwest,43.2,68.55,1,7,54.2,101.68
3045,Services,South,45.2,109.58,1,7,68.8,138.07
3046,Manufacturing,West,109.5,79.17,0,2,33.2,79.63
3047,Retail,South,9.2,93.35,1,7,68.6,112.91
3048,Tech,Midwest,93.4,72.35,0,3,42.0,67.24
3049,Tech,West,38.1,91.15,0,3,54.9,125.16
3050,Services,Midwest,31.9,22.74,0,0,34.7,24.17
3051,Retail,South,27.3,106.12,1,8,60.5,114.54
3052,Manufacturing,Northeast,31.4,64.28,1,3,65.5,111.75
3053,Retail,Northeast,13.2,105.57,0,2,58.3,107.79
3054,Retail,South,45.6,90.53,0,0,32.1,62.38
3055,Tech,Northeast,115.8,124.22,1,9,61.0,179.32
3056,Retail,South,23.9,131.72,1,7,69.4,165.66
3057,Tech,Northeast,13.6,95.4,0,2,37.7,93.47
3058,Tech,Northeast,40.7,54.33,0,0,37.8,88.84
3059,Manufacturing,West,61.7,31.18,0,0,41.9,25.47
3060,Tech,Midwest,61.3,86.97,0,0,39.6,47.95
3061,Retail,Northeast,127.4,94.59,0,2,45.3,84.26
3062,Manufacturing,Midwest,68.3,53.49,0,0,46.7,33.12
3063,Services,Northeast,33.7,89.72,1,4,68.8,95.0
3064,Services,Northeast,18.5,51.78,0,0,49.4,51.3
3065,Tech,Midwest,12.1,136.04,1,4,63.9,150.58
3066,Tech,South,54.9,103.67,1,5,60.7,128.4
3067,Manufacturing,Midwest,89.4,105.42,1,7,65.1,126.51
3068,Services,Northeast,28.7,22.16,0,1,27.1,52.57
3069,Tech,West,14.0,75.08,1,3,44.2,110.94
3070,Services,South,43.1,73.52,0,0,36.3,82.0
3071,Retail,South,42.7,79.03,0,4,47.4,92.12
3072,Services,Midwest,30.9,60.79,0,1,53.8,34.3
3073,Manufacturing,Northeast,31.7,59.35,1,8,69.9,111.51
3074,Manufacturing,South,6.6,67.88,0,4,57.7,65.95
3075,Retail,Northeast,78.5,85.9,0,0,56.7,109.89
3076,Retail,South,31.3,103.12,0,2,58.2,125.3
3077,Services,Northeast,19.5,50.2,0,1,54.3,91.2
3078,Retail,South,16.2,92.62,0,0,40.3,142.81
3079,Tech,Northeast,20.0,10.82,0,0,35.8,3.71
3080,Services,Midwest,152.1,153.22,1,4,59.3,192.88
3081,Services,West,24.4,48.42,0,1,52.2,39.97
3082,Retail,South,25.7,127.52,1,7,68.1,194.38
3083,Services,South,61.7,45.95,0,1,42.1,62.49
3084,Services,Midwest,35.6,97.25,0,0,56.0,89.36
3085,Services,Northeast,7.9,123.48,1,6,76.9,120.82
3086,Services,Midwest,61.0,93.91,0,0,46.9,115.98
3087,Retail,West,99.0,37.76,0,3,41.3,42.9
3088,Services,Midwest,70.7,130.96,1,7,62.4,176.77
3089,Manufacturing,South,62.4,95.41,1,6,67.7,111.2
3090,Services,Midwest,62.2,61.53,0,0,49.0,65.7
3091,Retail,South,47.2,80.11,0,1,43.7,75.0
3092,Tech,Midwest,13.4,95.24,1,6,69.3,128.79
3093,Tech,Midwest,11.8,123.22,1,8,59.0,159.7
3094,Tech,Midwest,21.1,80.88,0,0,59.7,87.98
3095,Tech,Midwest,90.5,87.95,0,4,43.7,136.44
3096,Retail,Midwest,23.6,83.35,1,8,62.5,108.97
3097,Tech,South,8.3,69.7,1,6,62.3,103.87
3098,Tech,Northeast,35.1,41.66,0,0,42.9,22.46
3099,Tech,West,36.1,62.04,0,0,48.1,73.18
3100,Retail,South,63.8,61.78,0,1,47.9,77.69
3101,Tech,Northeast,30.4,102.38,1,9,76.7,157.02
3102,Services,South,39.8,148.54,1,4,76.1,198.18
3103,Tech,West,29.0,66.08,1,4,55.3,118.16
3104,Tech,South,26.2,101.03,1,9,83.9,161.55
3105,Tech,Northeast,24.6,54.44,0,0,56.2,69.28
3106,Services,South,28.0,57.39,1,7,57.2,92.97
3107,Services,South,52.7,49.73,0,0,41.4,76.25
3108,Services,South,39.1,104.33,1,8,55.9,149.13
3109,Retail,West,15.0,45.13,0,0,37.1,43.05
3110,Manufacturing,Midwest,21.1,110.56,1,10,54.1,167.94
3111,Manufacturing,Northeast,27.7,73.11,0,3,56.6,68.53
3112,Retail,West,32.4,88.55,0,3,56.3,123.53
3113,Services,Northeast,16.3,70.34,0,2,52.2,54.8
3114,Services,South,20.0,81.93,0,4,46.0,85.9
3115,Retail,Midwest,29.9,130.92,1,5,76.4,156.15
3116,Retail,Midwest,23.9,126.39,0,2,58.5,163.02
3117,Services,West,95.7,113.53,1,7,70.2,161.13
3118,Tech,Northeast,77.7,116.94,1,9,67.7,193.86
3119,Services,West,19.5,47.52,0,1,59.1,65.24
3120,Services,West,58.1,102.49,1,6,58.4,147.39
3121,Tech,South,35.9,87.43,1,6,65.9,92.78
3122,Tech,West,31.4,87.14,1,6,65.4,151.73
3123,Manufacturing,Northeast,17.8,10.0,0,0,51.2,14.1
3124,Retail,Northeast,97.6,87.62,1,9,78.2,93.71
3125,Tech,Midwest,48.0,89.07,0,0,50.3,84.45
3126,Retail,West,23.1,58.67,0,2,64.1,75.57
3127,Retail,South,91.7,122.97,1,9,64.6,157.84
3128,Services,Midwest,2.0,73.69,0,1,42.6,83.91
3129,Services,West,37.4,79.14,0,1,52.6,91.84
3130,Retail,Northeast,32.9,67.06,0,0,41.2,70.28
3131,Manufacturing,South,65.8,70.6,1,6,64.8,94.96
3132,Manufacturing,Midwest,66.4,70.51,1,10,65.6,90.86
3133,Services,Midwest,37.2,107.88,0,1,44.6,123.53
3134,Services,Northeast,41.8,115.99,1,8,53.6,125.24
3135,Retail,West,43.5,88.49,1,6,60.1,111.03
3136,Services,Midwest,33.3,68.96,0,1,49.6,76.59
3137,Retail,South,6.1,82.86,0,2,43.9,80.2
3138,Services,West,40.5,108.34,0,6,46.8,157.96
3139,Tech,South,32.6,81.0,0,0,40.3,108.07
3140,Services,Midwest,40.7,60.31,0,0,34.3,72.45
3141,Services,West,95.7,96.1,1,3,54.8,96.36
3142,Services,Midwest,58.1,111.15,1,4,66.0,179.37
3143,Retail,South,59.7,131.94,1,4,56.9,114.06
3144,Retail,Northeast,27.4,65.12,0,3,46.9,87.97
3145,Manufacturing,South,21.1,86.08,0,2,51.5,108.02
3146,Manufacturing,West,39.5,14.09,0,0,49.9,33.1
3147,Retail,Midwest,100.1,41.57,0,3,53.6,47.31
3148,Retail,West,68.7,100.49,1,7,46.4,114.78
3149,Tech,Northeast,54.3,127.02,1,4,59.5,197.79
3150,Manufacturing,West,54.1,97.29,1,11,62.6,154.15
3151,Tech,West,13.6,75.19,1,5,56.9,88.75
3152,Services,Midwest,32.4,52.04,1,5,56.6,83.36
3153,Manufacturing,Northeast,84.1,87.42,0,2,53.7,135.07
3154,Retail,Northeast,89.5,88.13,0,3,59.7,76.46
3155,Retail,West,48.6,68.04,1,9,72.8,116.54
3156,Retail,West,37.2,45.05,0,0,32.9,34.65
3157,Manufacturing,Northeast,137.8,45.07,0,0,51.8,23.78
3158,Manufacturing,South,77.8,83.79,0,4,59.5,92.3
3159,Tech,South,62.2,82.55,0,2,36.0,71.0
3160,Services,Midwest,22.8,52.57,0,0,40.8,52.96
3161,Tech,South,75.3,17.89,0,0,32.8,27.88
3162,Manufacturing,West,25.0,123.63,1,6,57.5,173.51
3163,Tech,Midwest,22.1,126.36,1,10,84.3,165.78
3164,Services,West,59.2,72.59,0,0,52.2,71.57
3165,Tech,Northeast,76.6,63.24,0,0,48.7,47.33
3166,Tech,Northeast,75.5,66.59,0,0,49.0,59.26
3167,Manufacturing,Northeast,14.4,97.8,1,8,68.9,135.14
3168,Services,Midwest,56.3,58.12,0,2,37.7,46.91
3169,Retail,Midwest,92.5,63.29,0,2,29.1,75.05
3170,Manufacturing,South,9.0,85.32,1,6,68.6,114.69
3171,Services,South,77.8,113.46,1,8,69.9,162.04
3172,Retail,West,47.0,83.45,0,0,57.5,81.18
3173,Manufacturing,South,64.1,36.37,0,0,43.4,40.76
3174,Tech,Midwest,41.9,79.38,1,8,67.3,139.07
3175,Retail,West,19.1,48.16,0,0,47.4,59.9
3176,Manufacturing,West,19.9,90.3,0,2,45.7,137.34
3177,Services,West,63.0,120.13,0,2,58.9,132.26
3178,Tech,West,40.0,75.8,0,0,41.9,85.86
3179,Services,West,34.8,42.75,0,0,37.1,43.54
3180,Retail,West,49.6,66.34,0,1,56.0,67.38
3181,Manufacturing,South,47.2,83.61,0,2,63.8,95.41
3182,Retail,South,36.7,76.67,0,3,57.4,79.64
3183,Retail,West,85.6,54.39,0,2,57.7,95.24
3184,Tech,Midwest,32.7,93.93,0,3,49.4,132.49
3185,Retail,West,34.1,60.04,0,3,48.2,83.94
3186,Manufacturing,West,36.8,53.17,0,0,39.8,60.66
3187,Retail,Midwest,28.1,69.9,0,0,57.3,71.35
3188,Tech,Midwest,56.9,42.7,0,3,39.1,28.02
3189,Retail,South,43.1,114.98,1,8,62.2,151.49
3190,Manufacturing,Midwest,50.6,15.91,0,0,53.8,11.63
3191,Retail,South,52.3,72.95,0,0,44.8,65.13
3192,Manufacturing,Midwest,30.6,116.41,1,7,54.4,163.7
3193,Retail,West,42.1,104.52,1,7,69.9,144.08
3194,Services,Midwest,30.8,59.63,0,1,54.7,44.86
3195,Retail,South,59.7,96.42,0,7,61.0,103.81
3196,Services,West,102.0,133.93,1,6,58.0,116.9
3197,Retail,West,28.4,28.65,0,2,51.5,34.55
3198,Manufacturing,Northeast,26.3,20.46,0,1,53.9,18.0
3199,Retail,Northeast,46.4,145.8,1,9,75.2,182.54
3200,Services,West,16.5,60.67,0,1,44.7,61.34
