patient_id,hospital,age,sex,insurance,severity_score,n_chronic_conditions,prior_admissions_12m,lives_alone,length_of_stay_days,enrolled_carebridge,readmitted_30d
P00001,H09,47,M,Commercial,78,1,1,0,6,1,0
P00002,H05,52,M,Medicare,54,0,0,0,8,0,0
P00003,H18,66,M,Commercial,36,1,0,1,4,0,0
P00004,H09,56,F,Medicare,67,0,1,1,5,0,0
P00005,H10,82,M,Commercial,32,5,0,0,8,0,0
P00006,H17,76,F,Commercial,61,3,2,0,7,1,0
P00007,H06,51,F,Medicare,62,2,0,0,7,0,0
P00008,H06,90,M,Medicare,75,3,1,0,9,1,1
P00009,H16,65,F,Medicaid,76,1,0,1,6,0,0
P00010,H17,98,M,Medicare,13,2,2,1,4,0,0
P00011,H20,67,M,Medicare,43,4,4,0,5,0,1
P00012,H03,73,F,Commercial,38,3,0,0,3,0,0
P00013,H13,56,F,Medicare,25,2,3,0,6,0,0
P00014,H09,65,F,Medicaid,25,0,1,0,3,0,0
P00015,H18,74,F,Medicare,17,2,1,0,3,0,0
P00016,H17,91,M,Medicare,2,3,1,0,3,0,0
P00017,H10,31,M,Commercial,35,3,0,0,4,0,0
P00018,H04,81,F,Medicaid,62,1,0,0,4,0,0
P00019,H12,71,M,Commercial,60,2,2,1,8,0,1
P00020,H07,63,F,Medicaid,57,3,0,0,8,1,0
P00021,H01,47,F,Medicare,36,3,0,0,5,0,0
P00022,H07,72,F,Commercial,63,3,0,0,6,1,1
P00023,H14,49,F,Commercial,51,2,2,1,5,0,0
P00024,H05,56,F,Medicaid,32,2,1,0,4,0,0
P00025,H15,78,M,Medicare,64,1,0,0,10,0,0
P00026,H19,82,F,Medicare,60,2,1,0,6,0,1
P00027,H10,66,F,Medicare,46,1,1,0,9,0,0
P00028,H12,53,M,Commercial,57,0,1,0,5,0,0
P00029,H19,66,F,Commercial,38,2,0,0,4,0,0
P00030,H17,47,M,Medicare,43,2,0,1,4,0,0
P00031,H06,57,M,Medicare,48,2,0,0,5,0,1
P00032,H11,70,F,Medicare,24,1,1,0,6,0,0
P00033,H18,64,F,Commercial,10,1,1,0,2,0,0
P00034,H05,36,F,Medicare,31,2,1,0,7,0,0
P00035,H01,62,M,Medicare,49,4,2,1,5,0,0
P00036,H06,88,M,Medicare,73,3,2,1,7,1,0
P00037,H16,70,F,Medicare,46,3,2,0,4,0,0
P00038,H19,56,F,Medicare,36,2,1,0,3,0,0
P00039,H15,55,M,Medicare,41,4,0,0,4,0,0
P00040,H05,56,M,Medicare,85,3,0,0,7,1,0
P00041,H06,79,F,Medicare,66,2,2,1,4,1,0
P00042,H01,64,F,Commercial,49,1,1,1,4,0,0
P00043,H02,60,F,Medicare,43,5,1,1,3,0,0
P00044,H13,65,F,Medicare,27,1,2,0,9,0,0
P00045,H03,63,F,Medicare,28,3,1,0,5,0,0
P00046,H07,70,M,Medicare,61,3,0,0,6,1,0
P00047,H19,81,M,Medicare,46,1,0,1,8,0,0
P00048,H10,63,M,Medicaid,40,1,1,0,4,0,0
P00049,H06,73,M,Medicare,51,2,2,0,9,1,1
P00050,H03,68,M,Medicare,62,6,1,0,10,1,0
P00051,H14,75,M,Commercial,60,2,2,0,13,0,0
P00052,H10,67,F,Commercial,51,1,1,0,4,0,0
P00053,H04,55,F,Medicare,53,2,2,0,5,0,0
P00054,H04,67,M,Medicaid,23,0,0,1,4,0,0
P00055,H08,61,M,Medicare,48,2,1,0,5,0,0
P00056,H13,66,F,Medicare,10,0,0,0,3,0,0
P00057,H19,72,F,Commercial,47,1,1,1,6,0,0
P00058,H01,65,M,Medicare,49,4,4,0,9,0,0
P00059,H05,72,F,Medicare,15,1,0,0,2,0,0
P00060,H12,53,F,Medicare,49,2,0,0,5,0,0
P00061,H07,86,M,Medicare,74,2,0,0,6,1,0
P00062,H12,80,F,Medicaid,59,1,1,0,6,1,1
P00063,H19,69,F,Medicare,16,3,0,0,3,0,0
P00064,H12,62,M,Medicare,34,2,2,0,6,0,0
P00065,H17,82,M,Medicare,49,3,0,1,4,0,0
P00066,H14,62,F,Medicaid,20,0,1,0,5,0,0
P00067,H06,77,F,Medicare,76,2,0,0,7,0,0
P00068,H08,84,M,Commercial,62,0,4,1,5,0,1
P00069,H01,48,M,Medicare,37,2,0,1,8,0,0
P00070,H15,56,M,Medicaid,47,1,0,1,5,0,1
P00071,H06,59,M,Medicare,20,1,1,0,5,0,0
P00072,H17,66,F,Medicare,42,2,2,1,4,0,0
P00073,H12,44,F,Medicaid,28,5,2,0,4,0,0
P00074,H18,69,M,Medicare,43,3,0,1,7,0,0
P00075,H14,51,F,Medicare,45,1,0,0,5,0,0
P00076,H12,86,M,Medicare,20,1,0,0,5,0,0
P00077,H07,58,M,Medicare,51,5,1,0,4,1,0
P00078,H19,54,M,Medicaid,36,3,2,1,4,0,0
P00079,H02,69,F,Medicare,52,2,2,0,4,0,0
P00080,H17,66,F,Medicare,21,2,1,0,4,0,0
P00081,H15,76,F,Medicaid,49,1,1,0,4,0,0
P00082,H12,97,M,Medicare,33,1,1,0,7,0,0
P00083,H19,49,M,Commercial,61,2,0,0,5,0,0
P00084,H01,80,M,Medicare,53,2,1,1,7,0,1
P00085,H15,68,F,Commercial,10,2,3,1,2,0,0
P00086,H15,70,M,Commercial,61,0,1,0,5,0,0
P00087,H16,68,M,Medicare,23,0,0,0,6,0,0
P00088,H07,75,F,Commercial,34,3,0,0,5,1,0
P00089,H20,70,F,Medicare,74,1,0,1,8,0,0
P00090,H16,61,F,Medicare,74,0,2,0,5,1,0
P00091,H15,46,F,Commercial,77,5,2,0,7,1,1
P00092,H10,52,M,Medicaid,13,6,0,0,3,0,0
P00093,H17,73,F,Commercial,32,1,0,1,6,0,0
P00094,H01,71,F,Commercial,49,3,1,1,4,0,0
P00095,H16,77,F,Commercial,72,1,0,0,6,0,0
P00096,H01,73,M,Medicaid,64,2,3,0,4,0,0
P00097,H01,87,M,Medicare,13,1,0,0,3,0,0
P00098,H03,67,M,Commercial,48,1,2,0,4,0,0
P00099,H04,73,M,Medicare,39,0,1,0,6,0,0
P00100,H02,93,M,Commercial,14,1,1,0,4,0,0
P00101,H17,59,M,Commercial,27,3,0,0,7,0,0
P00102,H01,62,F,Medicare,41,5,0,0,4,0,0
P00103,H08,66,F,Medicare,26,3,1,1,4,0,0
P00104,H09,61,M,Commercial,70,2,1,1,5,0,1
P00105,H12,59,F,Commercial,74,4,2,0,5,1,1
P00106,H10,86,M,Medicare,66,0,1,0,6,0,0
P00107,H03,98,F,Medicare,38,2,0,1,7,0,0
P00108,H07,63,M,Medicare,45,2,1,0,4,1,0
P00109,H18,65,M,Commercial,70,1,1,0,6,1,0
P00110,H05,63,M,Medicaid,52,0,0,0,7,0,0
P00111,H03,85,M,Medicare,19,1,0,0,4,0,0
P00112,H02,41,F,Medicare,40,1,0,1,4,0,0
P00113,H09,80,F,Commercial,32,1,0,1,4,0,0
P00114,H17,87,F,Medicare,60,4,1,1,6,1,0
P00115,H18,50,M,Medicaid,28,4,2,0,3,0,0
P00116,H12,75,F,Medicaid,30,3,1,0,7,0,0
P00117,H18,73,F,Medicare,1,2,0,0,2,0,0
P00118,H18,78,F,Medicare,25,1,1,1,4,0,0
P00119,H12,82,M,Medicare,21,1,1,1,7,0,0
P00120,H16,73,M,Medicare,94,1,0,1,9,0,1
P00121,H15,33,F,Medicare,34,3,0,1,3,0,0
P00122,H08,55,M,Medicaid,39,1,0,1,10,0,0
P00123,H17,51,M,Medicaid,68,3,0,0,6,0,0
P00124,H02,61,F,Medicare,31,0,0,0,4,0,0
P00125,H20,70,F,Medicaid,37,3,0,0,4,0,0
P00126,H07,93,M,Medicare,49,0,0,0,6,1,0
P00127,H05,58,M,Medicare,50,0,1,0,5,0,0
P00128,H19,85,F,Medicare,38,1,1,0,4,0,0
P00129,H12,82,F,Medicaid,41,0,1,0,6,0,0
P00130,H17,45,M,Medicaid,62,1,0,1,5,0,0
P00131,H04,62,M,Commercial,70,3,1,0,5,1,1
P00132,H10,58,M,Medicare,41,3,0,0,3,0,0
P00133,H04,56,M,Medicare,63,1,1,1,7,0,0
P00134,H05,63,M,Medicare,36,3,0,0,5,0,0
P00135,H17,84,F,Medicare,7,3,0,0,2,0,0
P00136,H12,67,F,Commercial,59,3,0,1,5,0,0
P00137,H08,72,F,Medicare,64,6,0,0,5,0,1
P00138,H16,73,F,Commercial,13,1,2,1,2,0,0
P00139,H18,81,F,Medicare,18,0,1,0,3,0,0
P00140,H11,59,M,Commercial,66,2,1,0,7,1,1
P00141,H14,35,F,Commercial,27,3,1,0,6,0,0
P00142,H10,81,M,Medicaid,48,2,0,1,4,0,0
P00143,H19,47,M,Medicaid,29,0,1,0,7,0,0
P00144,H08,84,M,Medicare,35,0,3,0,5,0,0
P00145,H04,82,M,Medicare,57,2,0,0,7,0,0
P00146,H05,56,M,Medicare,37,1,0,1,5,0,0
P00147,H17,72,M,Medicare,72,0,1,1,10,0,0
P00148,H07,71,M,Medicare,31,2,0,1,5,1,0
P00149,H08,85,M,Commercial,39,3,0,0,4,0,0
P00150,H10,88,M,Medicaid,36,0,0,0,8,0,0
P00151,H12,59,M,Medicare,32,2,0,0,7,0,0
P00152,H02,55,F,Medicaid,66,4,0,1,12,1,0
P00153,H04,50,F,Commercial,77,1,2,0,10,0,1
P00154,H19,76,M,Medicaid,42,3,1,0,5,0,0
P00155,H06,80,F,Medicare,19,2,1,0,4,0,0
P00156,H18,65,M,Medicare,60,2,1,0,7,0,0
P00157,H16,66,F,Medicare,84,0,1,0,6,1,0
P00158,H04,55,F,Commercial,27,2,0,0,5,0,0
P00159,H07,67,M,Medicaid,37,3,2,0,4,1,0
P00160,H05,43,M,Medicare,28,2,0,1,8,0,0
P00161,H11,68,M,Medicaid,60,2,1,0,6,0,0
P00162,H09,95,F,Medicare,63,1,0,0,8,0,0
P00163,H13,65,M,Medicaid,31,1,1,0,6,0,0
P00164,H11,59,F,Medicare,30,5,1,1,12,0,0
P00165,H14,72,F,Medicare,32,2,1,0,7,0,0
P00166,H05,67,M,Medicare,34,2,0,0,3,0,1
P00167,H19,57,M,Commercial,19,3,1,1,4,0,0
P00168,H08,69,M,Medicaid,16,4,0,0,2,0,0
P00169,H07,77,M,Medicare,49,2,1,1,6,1,0
P00170,H15,78,F,Medicaid,64,3,0,0,5,1,0
P00171,H17,62,M,Commercial,32,7,1,0,4,0,0
P00172,H13,69,F,Medicaid,78,2,1,1,11,1,0
P00173,H16,58,F,Medicare,58,1,0,0,4,0,0
P00174,H17,71,M,Medicare,29,4,3,0,3,0,1
P00175,H17,69,F,Medicaid,51,0,2,0,6,0,0
P00176,H14,51,M,Medicare,37,2,0,0,6,0,0
P00177,H19,69,F,Medicare,37,1,2,0,4,0,0
P00178,H11,73,M,Medicare,8,4,0,0,4,0,0
P00179,H03,51,M,Commercial,16,1,2,1,2,0,0
P00180,H17,46,M,Medicare,52,0,1,1,5,0,0
P00181,H05,58,M,Commercial,41,2,0,0,9,0,0
P00182,H15,79,M,Medicare,79,2,2,1,7,0,1
P00183,H11,61,F,Medicare,35,1,0,1,4,0,0
P00184,H10,83,M,Medicare,30,1,0,1,8,0,0
P00185,H02,65,M,Medicaid,32,2,0,0,5,0,0
P00186,H01,67,M,Medicare,7,2,1,0,6,0,0
P00187,H12,76,M,Medicare,53,1,3,1,4,0,0
P00188,H17,66,F,Medicare,67,4,0,0,4,1,1
P00189,H19,71,M,Medicare,70,2,1,0,7,0,1
P00190,H10,55,M,Medicare,58,2,1,0,7,0,0
P00191,H05,59,M,Medicare,54,2,0,0,6,0,0
P00192,H14,51,M,Commercial,48,3,1,0,6,0,0
P00193,H20,77,M,Commercial,15,0,2,0,4,0,0
P00194,H08,90,F,Medicare,22,2,1,0,4,0,0
P00195,H13,73,M,Medicare,48,0,1,0,4,0,0
P00196,H10,67,M,Medicare,52,2,1,0,8,0,0
P00197,H17,99,F,Medicaid,46,2,0,0,6,0,0
P00198,H06,53,M,Medicaid,84,0,0,1,6,0,1
P00199,H06,47,F,Medicare,27,2,0,0,4,0,0
P00200,H09,64,F,Medicare,51,3,0,1,7,0,0
P00201,H14,63,M,Medicare,35,1,0,0,5,0,0
P00202,H16,81,F,Medicaid,55,5,2,0,5,0,0
P00203,H08,62,M,Commercial,50,2,0,0,8,0,0
P00204,H12,80,M,Medicare,66,1,0,1,8,0,0
P00205,H20,58,M,Commercial,69,1,1,0,7,0,0
P00206,H01,52,M,Medicare,27,0,3,0,7,0,0
P00207,H07,68,F,Medicare,87,0,0,0,9,1,0
P00208,H07,65,M,Medicare,42,2,0,0,4,1,1
P00209,H20,82,F,Commercial,16,1,1,0,3,0,0
P00210,H04,83,F,Medicare,45,3,1,1,5,1,1
P00211,H04,74,F,Medicare,54,2,0,0,7,0,0
P00212,H17,81,M,Medicare,56,1,1,1,5,0,0
P00213,H04,69,M,Commercial,75,3,0,0,9,1,0
P00214,H19,96,F,Medicaid,31,0,1,0,5,0,0
P00215,H18,60,F,Medicare,17,3,0,0,2,0,0
P00216,H06,72,F,Medicare,20,1,1,0,4,0,0
P00217,H13,75,M,Medicare,12,5,1,0,2,0,0
P00218,H07,39,F,Medicaid,41,1,1,0,5,1,0
P00219,H09,55,F,Commercial,70,0,1,1,5,0,0
P00220,H19,71,M,Medicare,35,4,1,1,6,0,0
P00221,H16,88,F,Medicaid,33,7,0,1,6,0,0
P00222,H16,57,F,Medicare,33,2,1,1,4,0,1
P00223,H16,81,F,Medicare,36,1,0,0,4,0,0
P00224,H11,50,M,Medicare,56,4,1,0,9,0,1
P00225,H04,70,M,Medicare,41,3,0,0,4,0,0
P00226,H07,97,M,Medicare,17,2,1,1,6,1,0
P00227,H16,71,M,Medicaid,27,3,0,0,6,0,0
P00228,H08,72,F,Medicare,41,2,2,0,5,0,0
P00229,H16,64,M,Commercial,25,2,0,1,6,0,0
P00230,H04,52,F,Medicare,83,4,2,0,6,1,1
P00231,H15,60,F,Medicare,66,4,1,0,8,1,0
P00232,H20,85,M,Medicare,74,3,0,0,7,1,1
P00233,H03,79,F,Medicare,23,3,0,0,4,0,0
P00234,H06,89,M,Medicaid,39,1,1,0,3,0,1
P00235,H18,62,F,Medicare,40,0,1,0,5,0,0
P00236,H12,72,F,Medicare,75,1,0,1,10,0,0
P00237,H19,84,F,Medicare,29,3,0,0,3,1,0
P00238,H12,61,F,Medicare,52,1,0,1,4,0,0
P00239,H05,55,M,Medicare,70,5,0,0,7,1,0
P00240,H09,75,M,Medicare,29,3,0,1,6,0,0
P00241,H19,56,M,Medicare,77,2,1,0,11,1,1
P00242,H11,84,M,Medicare,26,1,0,0,3,0,0
P00243,H14,68,M,Medicaid,72,1,2,0,8,0,0
P00244,H10,62,F,Medicaid,12,2,2,1,2,0,0
P00245,H08,85,F,Medicaid,79,4,0,0,10,1,1
P00246,H16,83,M,Medicare,21,2,1,1,4,0,1
P00247,H09,70,M,Medicare,20,3,0,0,6,0,0
P00248,H17,74,F,Medicare,39,2,2,0,3,0,0
P00249,H07,85,M,Medicare,28,2,1,0,5,1,0
P00250,H19,74,F,Medicaid,47,1,0,0,6,0,0
P00251,H14,68,F,Medicare,70,2,1,0,7,0,0
P00252,H19,68,M,Medicare,65,2,0,0,5,0,0
P00253,H17,48,M,Medicare,17,3,1,1,2,0,0
P00254,H16,80,F,Medicare,3,1,0,0,2,0,0
P00255,H01,78,M,Medicare,50,2,1,0,5,0,0
P00256,H08,59,F,Commercial,43,5,0,0,6,0,0
P00257,H14,62,M,Medicare,65,1,0,1,5,1,1
P00258,H03,72,M,Medicaid,64,2,1,0,6,1,0
P00259,H07,90,M,Commercial,28,3,0,1,3,1,0
P00260,H20,73,M,Medicare,33,0,2,0,5,0,0
P00261,H06,69,F,Medicaid,51,0,1,1,6,0,0
P00262,H08,93,M,Medicare,29,1,0,0,3,0,0
P00263,H19,87,M,Medicare,43,2,0,0,3,0,0
P00264,H05,86,M,Commercial,77,2,0,0,6,1,0
P00265,H14,76,M,Commercial,61,2,1,0,7,0,0
P00266,H18,46,M,Medicare,54,4,0,1,8,0,0
P00267,H08,84,M,Medicare,27,3,0,0,3,0,0
P00268,H08,64,F,Medicare,49,3,0,0,5,0,0
P00269,H12,68,M,Medicare,51,2,1,1,4,0,0
P00270,H07,68,F,Medicaid,46,1,0,0,6,1,0
P00271,H19,69,F,Medicare,35,1,0,0,7,0,0
P00272,H10,69,M,Commercial,55,2,0,1,5,1,0
P00273,H09,75,M,Medicare,56,0,1,0,6,0,0
P00274,H15,62,F,Medicare,53,3,1,0,4,0,1
P00275,H12,83,F,Medicare,52,2,0,0,9,0,0
P00276,H12,70,F,Commercial,35,1,1,0,15,0,0
P00277,H03,50,F,Commercial,87,3,0,1,6,1,0
P00278,H05,87,M,Medicare,37,2,0,0,4,0,0
P00279,H05,66,F,Medicare,19,2,1,0,3,0,0
P00280,H09,80,M,Medicare,33,2,1,0,4,0,0
P00281,H04,38,F,Medicare,61,3,1,0,13,1,0
P00282,H14,68,F,Medicare,53,2,0,0,9,0,0
P00283,H18,71,F,Medicare,25,3,2,1,4,0,1
P00284,H05,60,F,Commercial,13,1,2,1,5,0,0
P00285,H18,39,F,Medicare,69,2,0,0,6,1,1
P00286,H03,65,F,Medicare,31,5,0,0,4,0,0
P00287,H16,53,M,Medicaid,14,1,0,0,3,0,0
P00288,H11,73,M,Medicare,48,1,1,0,5,0,0
P00289,H02,84,F,Commercial,45,1,1,0,4,0,0
P00290,H18,88,M,Medicare,48,2,2,0,6,0,0
P00291,H17,72,F,Medicaid,15,3,4,0,5,0,0
P00292,H18,63,M,Medicaid,55,1,0,0,5,0,0
P00293,H12,71,F,Medicare,42,1,1,0,5,0,0
P00294,H09,57,M,Medicare,40,1,0,1,4,0,0
P00295,H03,61,M,Medicare,42,4,1,0,13,0,0
P00296,H04,75,M,Commercial,77,2,0,0,8,1,0
P00297,H01,62,M,Medicaid,63,4,0,0,5,1,1
P00298,H09,87,F,Medicare,69,1,0,0,7,0,1
P00299,H10,81,F,Medicare,64,3,1,0,6,1,1
P00300,H09,77,M,Medicare,52,0,1,0,4,0,0
P00301,H14,71,M,Medicaid,40,0,0,0,6,0,0
P00302,H16,58,M,Commercial,52,4,0,0,4,0,0
P00303,H16,58,M,Commercial,45,1,1,0,5,0,0
P00304,H14,68,F,Medicare,22,4,1,0,4,0,0
P00305,H19,79,M,Medicare,55,3,1,0,8,0,0
P00306,H15,69,M,Medicaid,50,4,1,0,5,1,0
P00307,H15,53,M,Medicare,27,0,0,1,4,0,0
P00308,H14,51,F,Medicare,7,0,0,0,2,0,0
P00309,H14,61,F,Commercial,55,2,2,0,10,0,0
P00310,H19,81,M,Commercial,46,0,0,1,4,0,1
P00311,H10,59,M,Medicaid,22,1,1,0,2,0,0
P00312,H06,70,F,Medicaid,16,3,1,1,4,0,0
P00313,H03,48,M,Medicare,4,3,1,0,3,0,0
P00314,H02,87,M,Medicare,86,1,0,0,5,1,1
P00315,H13,67,M,Medicare,23,1,1,1,5,0,0
P00316,H07,62,F,Medicare,80,2,0,0,7,1,0
P00317,H08,69,F,Medicare,31,3,0,0,5,0,0
P00318,H05,54,F,Medicare,72,1,1,0,7,0,1
P00319,H13,58,F,Medicare,51,1,0,0,6,0,0
P00320,H13,55,M,Medicare,58,2,1,0,6,0,0
P00321,H18,59,F,Medicare,44,3,1,0,4,0,0
P00322,H13,56,M,Commercial,45,5,0,0,5,1,0
P00323,H18,79,F,Medicaid,35,1,1,0,6,0,0
P00324,H15,61,M,Medicaid,38,4,0,0,5,0,0
P00325,H09,69,F,Commercial,51,2,0,1,6,0,0
P00326,H17,53,F,Commercial,45,1,0,1,5,0,0
P00327,H20,62,M,Medicare,23,2,1,0,6,0,0
P00328,H12,84,F,Medicare,69,0,2,1,7,0,1
P00329,H07,64,F,Commercial,36,3,0,0,4,1,0
P00330,H06,61,F,Medicare,97,2,1,0,9,1,1
P00331,H03,34,M,Medicare,58,2,0,0,7,1,0
P00332,H09,76,M,Medicare,76,1,0,0,9,0,0
P00333,H14,89,M,Commercial,77,1,0,0,7,0,1
P00334,H05,52,F,Medicare,27,2,1,0,3,0,0
P00335,H18,71,F,Medicare,10,4,2,0,4,0,0
P00336,H10,70,F,Commercial,46,4,1,0,4,0,0
P00337,H07,60,F,Medicare,23,3,4,0,6,1,0
P00338,H03,84,M,Medicare,55,1,1,0,5,0,0
P00339,H15,73,M,Medicare,74,2,1,0,6,0,0
P00340,H17,62,M,Medicaid,43,2,1,1,8,0,1
P00341,H09,79,M,Medicare,25,2,1,0,6,0,1
P00342,H08,74,M,Medicare,6,3,0,0,2,0,0
P00343,H16,69,M,Medicare,33,4,1,0,4,0,0
P00344,H20,77,F,Medicaid,55,5,1,0,5,0,1
P00345,H05,76,M,Medicare,58,3,0,1,8,0,0
P00346,H13,73,F,Commercial,69,0,0,0,7,0,0
P00347,H01,86,M,Medicare,33,2,0,0,7,0,0
P00348,H03,42,F,Medicaid,64,2,1,0,5,0,1
P00349,H09,89,F,Medicare,37,1,2,1,4,0,0
P00350,H13,66,F,Medicaid,61,2,0,0,8,0,0
P00351,H16,78,F,Medicaid,36,4,1,0,3,0,0
P00352,H17,79,M,Medicare,32,0,1,0,9,0,0
P00353,H09,80,F,Medicaid,49,4,2,0,5,1,0
P00354,H14,46,M,Medicare,42,3,0,0,4,0,0
P00355,H20,82,F,Medicare,37,3,0,1,13,0,0
P00356,H11,82,M,Commercial,32,1,0,0,4,0,0
P00357,H01,41,M,Medicaid,24,3,0,0,2,0,0
P00358,H13,63,F,Commercial,5,0,1,0,5,0,0
P00359,H20,65,F,Medicare,14,1,1,1,3,0,0
P00360,H04,53,M,Medicare,38,1,0,1,5,0,0
P00361,H12,52,M,Medicare,43,1,1,0,6,1,0
P00362,H09,69,F,Medicare,59,2,0,0,5,0,0
P00363,H03,86,F,Commercial,13,1,2,0,5,0,0
P00364,H01,62,M,Commercial,52,1,1,0,6,0,0
P00365,H01,65,F,Medicare,39,1,1,1,5,0,0
P00366,H08,51,F,Medicaid,41,2,0,0,5,0,0
P00367,H15,72,F,Medicare,22,0,0,1,4,0,1
P00368,H05,72,M,Medicare,35,4,1,0,6,0,0
P00369,H07,78,M,Medicaid,62,2,1,1,5,1,1
P00370,H09,77,F,Medicare,19,4,1,0,5,0,1
P00371,H08,77,M,Medicare,86,0,0,1,11,0,0
P00372,H04,70,M,Commercial,32,3,1,0,7,0,0
P00373,H07,65,M,Medicare,35,4,0,0,8,1,0
P00374,H19,89,F,Medicaid,67,5,0,0,10,1,0
P00375,H01,69,F,Medicare,29,0,1,1,3,0,0
P00376,H08,55,F,Medicare,48,2,0,1,8,0,0
P00377,H17,94,M,Commercial,56,1,2,0,4,0,0
P00378,H01,78,F,Medicare,15,2,1,1,3,0,0
P00379,H19,83,F,Medicaid,43,4,1,0,5,0,0
P00380,H05,62,M,Medicare,32,1,1,1,3,0,0
P00381,H19,56,F,Medicaid,18,2,1,0,5,0,0
P00382,H06,51,M,Medicare,51,3,2,0,7,0,0
P00383,H01,71,F,Medicaid,34,2,3,1,4,0,1
P00384,H03,68,M,Commercial,30,2,0,0,3,0,0
P00385,H02,70,F,Commercial,28,3,1,1,3,0,0
P00386,H11,70,M,Medicaid,34,6,0,1,5,1,0
P00387,H12,76,F,Medicaid,50,0,1,0,6,0,0
P00388,H10,65,F,Commercial,56,7,0,0,5,0,0
P00389,H02,58,F,Medicaid,42,2,0,1,4,0,0
P00390,H12,53,F,Medicare,18,6,1,1,4,0,1
P00391,H09,72,M,Medicare,9,3,2,0,2,0,0
P00392,H05,81,F,Medicare,64,2,2,0,7,0,0
P00393,H16,64,F,Medicare,15,2,2,0,8,0,0
P00394,H15,58,M,Commercial,37,0,0,1,6,0,0
P00395,H03,67,M,Medicare,47,4,1,0,4,0,0
P00396,H16,76,F,Medicare,58,3,1,1,4,0,0
P00397,H07,75,F,Medicare,62,1,0,1,13,1,0
P00398,H15,61,M,Medicare,25,3,0,1,9,0,0
P00399,H14,73,F,Commercial,43,5,2,0,5,0,0
P00400,H10,50,M,Medicare,28,2,1,0,7,0,0
P00401,H08,53,M,Medicare,42,0,0,1,6,0,0
P00402,H04,53,M,Commercial,71,3,0,0,5,1,0
P00403,H07,84,F,Medicare,79,0,0,0,7,1,0
P00404,H15,63,M,Medicare,63,2,0,0,12,0,1
P00405,H08,60,M,Medicare,9,3,1,0,2,0,0
P00406,H16,34,F,Medicare,58,3,0,0,6,1,0
P00407,H04,79,F,Medicaid,78,3,0,1,9,1,0
P00408,H02,55,F,Medicare,30,2,0,0,3,0,0
P00409,H13,78,M,Medicare,44,2,2,0,5,0,0
P00410,H14,61,F,Medicare,92,0,1,0,7,0,1
P00411,H14,66,F,Medicaid,48,1,0,0,12,0,1
P00412,H20,56,F,Medicare,69,6,3,1,6,1,1
P00413,H14,42,F,Commercial,56,2,0,0,4,0,0
P00414,H17,59,M,Medicare,39,0,2,0,4,0,0
P00415,H16,77,M,Medicare,63,5,0,0,6,1,0
P00416,H03,66,F,Medicaid,56,0,0,0,5,1,0
P00417,H16,71,F,Commercial,86,4,2,1,6,1,1
P00418,H11,53,M,Medicare,65,2,2,1,4,1,1
P00419,H17,79,M,Medicare,54,0,1,0,5,1,0
P00420,H16,66,M,Medicare,58,0,0,1,5,0,0
P00421,H09,73,M,Medicare,40,1,0,1,3,0,1
P00422,H20,54,M,Medicare,51,3,0,0,6,1,0
P00423,H07,65,M,Medicare,75,4,1,0,10,1,1
P00424,H03,67,M,Medicare,60,1,1,0,6,0,0
P00425,H05,52,F,Medicare,57,0,0,0,6,0,0
P00426,H03,56,F,Medicaid,27,2,0,0,3,0,0
P00427,H19,66,M,Commercial,51,2,0,0,4,0,0
P00428,H02,47,F,Medicare,68,2,0,0,5,0,0
P00429,H16,80,M,Medicare,10,3,0,0,3,0,0
P00430,H19,65,F,Medicaid,17,3,1,0,4,0,0
P00431,H01,71,M,Commercial,38,5,0,0,7,0,0
P00432,H14,70,F,Medicare,28,2,0,0,4,0,0
P00433,H13,58,F,Medicare,19,0,0,0,7,0,0
P00434,H03,78,M,Medicaid,78,1,1,1,6,0,0
P00435,H19,68,F,Medicare,58,6,1,0,5,0,0
P00436,H01,43,F,Medicare,70,1,1,0,8,0,0
P00437,H19,72,M,Medicare,7,0,1,1,5,0,0
P00438,H14,42,M,Medicaid,47,2,0,0,7,0,0
P00439,H03,70,F,Medicare,32,2,0,0,6,0,0
P00440,H05,74,M,Medicare,69,3,0,1,6,1,1
P00441,H14,73,M,Medicare,61,4,0,1,13,0,0
P00442,H04,68,M,Medicaid,18,1,1,0,4,0,0
P00443,H09,65,M,Commercial,63,4,2,1,6,1,1
P00444,H13,63,F,Commercial,55,1,0,0,8,0,0
P00445,H14,60,F,Medicare,47,3,2,0,5,0,0
P00446,H17,90,F,Medicare,14,4,2,1,5,0,0
P00447,H04,99,M,Commercial,20,1,0,0,3,0,1
P00448,H01,70,F,Medicare,52,1,2,0,4,0,0
P00449,H01,66,F,Medicare,28,4,0,0,4,0,0
P00450,H08,79,M,Medicare,65,3,1,1,9,1,0
P00451,H08,56,F,Commercial,49,1,0,0,8,0,0
P00452,H07,60,M,Medicare,24,2,0,1,3,1,0
P00453,H01,85,M,Medicaid,64,2,0,0,7,0,0
P00454,H20,69,F,Commercial,5,2,0,0,1,0,0
P00455,H20,69,F,Medicare,7,2,1,0,2,0,0
P00456,H11,42,F,Medicare,71,2,0,0,6,0,0
P00457,H12,47,F,Medicare,62,1,0,0,11,1,0
P00458,H11,67,M,Medicare,58,1,2,1,8,0,0
P00459,H19,74,F,Medicare,59,1,1,0,5,0,1
P00460,H07,63,F,Medicare,18,3,0,0,5,1,1
P00461,H14,88,F,Medicare,31,0,0,0,3,0,0
P00462,H05,87,F,Medicare,7,7,1,0,5,0,0
P00463,H17,68,F,Medicaid,15,2,3,0,7,0,0
P00464,H17,75,M,Medicare,83,3,0,0,6,0,1
P00465,H17,60,F,Commercial,39,4,0,0,6,0,0
P00466,H01,83,M,Medicare,33,1,0,0,3,0,0
P00467,H13,46,M,Commercial,58,0,2,0,5,0,0
P00468,H11,61,M,Medicaid,40,4,0,0,6,0,0
P00469,H13,68,F,Medicare,47,4,1,1,5,0,0
P00470,H20,59,M,Commercial,20,3,1,0,4,0,0
P00471,H07,59,F,Medicaid,46,4,0,1,5,1,0
P00472,H14,84,F,Commercial,76,5,1,0,6,1,1
P00473,H16,90,F,Medicare,19,1,0,1,2,0,0
P00474,H13,62,F,Medicare,54,1,0,0,8,0,0
P00475,H18,72,M,Medicare,18,4,0,0,3,0,0
P00476,H15,60,M,Commercial,53,1,1,0,10,0,0
P00477,H16,47,F,Commercial,35,0,0,0,4,0,0
P00478,H09,61,F,Medicare,67,4,0,0,7,1,0
P00479,H20,54,F,Commercial,33,2,1,1,3,0,0
P00480,H11,59,M,Commercial,56,3,1,0,6,0,0
P00481,H18,62,M,Medicare,60,5,0,0,8,1,0
P00482,H02,40,F,Medicaid,23,3,1,0,7,0,0
P00483,H01,78,M,Medicare,50,4,0,0,6,0,0
P00484,H19,74,F,Medicare,36,1,0,0,6,0,0
P00485,H16,77,F,Medicare,33,3,1,1,3,0,0
P00486,H18,75,M,Medicaid,36,3,0,0,7,0,0
P00487,H20,85,F,Medicare,71,2,1,1,8,0,0
P00488,H17,58,M,Medicare,66,3,2,0,10,1,1
P00489,H07,43,M,Medicare,72,1,1,0,6,1,0
P00490,H08,69,M,Medicare,37,4,0,0,6,0,0
P00491,H04,67,M,Medicaid,20,0,0,1,5,0,0
P00492,H02,93,F,Medicaid,66,0,0,1,5,1,0
P00493,H11,69,F,Medicare,25,1,1,0,4,0,1
P00494,H02,75,M,Medicare,63,3,5,0,4,1,1
P00495,H10,74,M,Medicaid,43,1,0,0,5,0,1
P00496,H19,70,F,Commercial,28,1,0,0,3,0,0
P00497,H16,80,M,Commercial,34,1,0,0,5,0,0
P00498,H08,63,M,Medicaid,54,3,1,0,5,0,0
P00499,H06,66,F,Medicare,80,1,1,0,8,1,0
P00500,H15,72,F,Medicare,20,0,3,1,6,0,0
P00501,H09,50,M,Medicaid,74,1,1,0,5,0,0
P00502,H06,82,M,Medicare,45,1,0,0,5,0,0
P00503,H01,55,M,Medicaid,55,2,2,1,5,0,0
P00504,H07,71,M,Medicare,9,2,1,1,3,1,0
P00505,H01,69,M,Medicare,67,1,1,0,7,0,0
P00506,H06,88,F,Medicare,19,3,0,0,9,0,0
P00507,H11,80,M,Commercial,54,3,1,1,12,0,0
P00508,H08,71,M,Medicaid,25,3,0,0,5,0,0
P00509,H10,74,F,Medicaid,25,0,3,0,3,0,0
P00510,H10,99,M,Commercial,78,1,0,0,7,0,0
P00511,H06,66,M,Commercial,14,2,0,1,3,0,0
P00512,H11,82,F,Medicare,67,4,2,0,7,1,0
P00513,H12,71,M,Medicaid,12,4,1,1,4,0,0
P00514,H13,77,M,Medicare,75,3,0,0,11,0,1
P00515,H02,89,F,Medicaid,55,2,0,1,4,0,0
P00516,H17,73,M,Medicare,65,1,0,0,5,0,0
P00517,H06,64,F,Medicare,29,1,3,0,4,0,0
P00518,H12,57,M,Medicare,66,2,0,0,10,0,0
P00519,H10,62,F,Commercial,34,2,0,0,5,0,0
P00520,H18,72,F,Medicaid,47,2,0,0,5,0,0
P00521,H02,70,M,Commercial,74,3,3,0,6,1,1
P00522,H04,78,M,Medicare,23,2,0,1,5,0,0
P00523,H04,53,M,Medicare,15,0,0,0,5,0,0
P00524,H10,79,M,Commercial,26,3,0,0,4,0,0
P00525,H04,56,M,Commercial,29,0,1,0,7,0,0
P00526,H18,70,M,Medicare,20,2,0,1,5,0,0
P00527,H20,64,F,Commercial,50,2,0,0,6,0,0
P00528,H07,77,M,Commercial,38,1,1,0,7,1,0
P00529,H05,86,M,Medicare,74,2,1,0,6,0,1
P00530,H16,49,F,Medicare,58,0,0,1,11,0,0
P00531,H06,61,M,Medicaid,76,3,2,0,6,1,0
P00532,H03,62,F,Medicare,11,2,1,0,2,0,0
P00533,H11,75,M,Medicare,51,1,0,0,7,0,0
P00534,H11,77,M,Commercial,63,2,1,1,5,0,1
P00535,H20,91,M,Medicare,46,2,0,0,5,0,0
P00536,H01,85,M,Medicare,78,2,0,0,5,0,0
P00537,H04,70,F,Medicare,47,4,1,0,5,0,0
P00538,H11,57,F,Medicare,22,0,1,0,4,0,0
P00539,H17,70,M,Medicare,72,3,0,0,6,1,1
P00540,H11,80,F,Medicaid,49,0,0,0,6,0,0
P00541,H19,69,F,Medicare,25,2,0,1,5,0,0
P00542,H16,87,M,Medicare,52,4,0,0,5,0,0
P00543,H19,73,M,Medicare,41,1,0,1,9,0,0
P00544,H14,84,M,Medicare,44,1,1,1,5,0,0
P00545,H20,52,F,Commercial,63,1,0,1,5,0,0
P00546,H05,84,M,Medicare,24,0,1,0,4,0,0
P00547,H04,70,F,Medicare,37,3,0,0,5,0,1
P00548,H11,61,F,Medicaid,33,1,1,0,5,0,0
P00549,H10,53,M,Commercial,73,1,0,0,5,0,0
P00550,H15,74,F,Medicare,57,2,0,1,6,0,0
P00551,H13,52,F,Commercial,93,1,1,0,8,0,1
P00552,H09,61,M,Medicaid,22,4,0,1,3,0,0
P00553,H01,77,F,Commercial,38,0,1,0,7,0,0
P00554,H13,80,M,Commercial,9,2,3,0,8,0,0
P00555,H11,83,M,Commercial,33,0,0,0,7,1,0
P00556,H09,73,M,Medicare,31,0,0,0,7,0,0
P00557,H02,67,F,Medicare,48,1,0,1,6,0,0
P00558,H10,89,F,Commercial,80,0,0,0,5,1,1
P00559,H04,59,M,Medicare,33,2,0,0,6,0,0
P00560,H20,45,M,Commercial,16,5,0,0,6,0,0
P00561,H05,63,F,Medicare,18,4,0,0,3,0,0
P00562,H09,59,F,Medicare,65,0,1,0,7,0,0
P00563,H06,95,F,Medicare,33,1,1,0,8,0,0
P00564,H10,70,M,Medicare,17,1,0,1,4,0,0
P00565,H10,64,F,Commercial,66,1,0,0,11,0,0
P00566,H04,71,F,Medicare,36,4,2,0,9,0,0
P00567,H02,81,M,Medicare,58,4,0,0,10,0,0
P00568,H03,38,F,Medicare,76,5,1,1,6,1,1
P00569,H16,57,F,Commercial,61,2,1,0,5,0,0
P00570,H16,68,M,Medicaid,18,3,1,0,5,0,0
P00571,H01,49,F,Medicare,26,5,0,0,13,0,0
P00572,H20,63,F,Commercial,44,1,0,0,8,0,0
P00573,H11,53,F,Medicare,76,0,0,0,6,0,1
P00574,H10,70,M,Medicare,10,1,0,0,2,0,0
P00575,H05,50,F,Medicare,43,2,0,0,7,0,0
P00576,H11,83,F,Medicaid,23,4,3,0,7,0,0
P00577,H19,83,M,Medicare,10,2,1,0,3,0,0
P00578,H16,54,M,Medicare,54,1,0,0,4,1,0
P00579,H01,66,F,Medicaid,33,0,1,1,4,0,0
P00580,H02,67,M,Commercial,48,1,0,0,4,0,0
P00581,H17,52,M,Medicare,23,1,1,0,4,0,0
P00582,H12,82,M,Medicaid,42,0,0,1,4,0,0
P00583,H06,43,F,Medicare,53,3,0,0,7,0,0
P00584,H19,64,M,Medicare,70,1,1,0,7,0,1
P00585,H04,84,F,Medicare,37,2,0,0,3,0,0
P00586,H09,53,M,Medicare,42,1,1,0,6,1,0
P00587,H07,95,M,Medicare,30,5,1,0,8,1,0
P00588,H02,61,M,Commercial,29,2,1,0,6,0,0
P00589,H19,63,M,Commercial,70,0,1,0,8,0,1
P00590,H09,55,F,Medicare,68,4,0,0,5,1,0
P00591,H02,69,M,Medicare,19,1,0,0,3,0,0
P00592,H11,73,M,Commercial,26,5,0,0,9,0,0
P00593,H13,71,M,Medicare,39,4,0,1,5,0,0
P00594,H16,74,F,Medicare,40,4,1,1,13,0,0
P00595,H01,67,F,Medicare,74,0,1,1,6,1,0
P00596,H12,72,F,Medicaid,49,2,1,0,5,0,0
P00597,H10,72,F,Medicare,54,1,1,0,7,0,0
P00598,H15,82,F,Medicaid,98,0,0,0,13,1,0
P00599,H14,60,M,Medicare,47,2,1,0,7,0,0
P00600,H01,50,M,Medicare,63,0,3,1,5,0,1
P00601,H10,72,F,Medicare,41,0,1,0,4,0,0
P00602,H10,59,F,Medicare,59,1,0,0,5,0,0
P00603,H04,83,F,Commercial,24,1,0,0,4,0,0
P00604,H05,63,M,Medicare,54,3,0,1,13,1,1
P00605,H10,59,M,Medicare,78,1,0,0,8,0,1
P00606,H07,58,M,Medicare,6,2,1,0,5,1,0
P00607,H13,55,M,Medicare,44,2,1,0,5,0,0
P00608,H11,53,M,Commercial,45,1,1,1,7,0,0
P00609,H12,99,M,Commercial,48,2,0,0,8,0,0
P00610,H06,45,M,Medicare,45,1,1,0,5,0,0
P00611,H14,66,M,Commercial,34,1,1,0,8,0,0
P00612,H03,60,M,Medicaid,55,0,0,0,6,1,0
P00613,H03,99,F,Commercial,66,1,0,0,6,1,0
P00614,H04,55,M,Medicare,28,2,2,0,4,0,0
P00615,H08,68,M,Medicare,35,0,4,0,11,0,0
P00616,H04,65,M,Medicare,34,4,0,0,9,0,0
P00617,H14,50,F,Medicare,32,4,1,0,8,0,0
P00618,H10,62,M,Medicare,29,2,0,0,5,0,0
P00619,H17,58,F,Medicare,47,0,0,0,5,0,0
P00620,H18,62,F,Commercial,59,2,0,0,12,0,0
P00621,H06,76,M,Medicare,37,2,0,0,5,0,0
P00622,H09,58,M,Commercial,51,1,1,0,6,0,1
P00623,H09,59,F,Medicaid,47,3,3,1,6,0,0
P00624,H08,48,M,Commercial,18,0,1,1,5,0,0
P00625,H10,65,F,Medicare,74,1,0,1,5,0,0
P00626,H13,74,M,Medicaid,40,1,0,0,7,0,0
P00627,H05,82,M,Medicaid,80,2,2,0,6,0,1
P00628,H11,78,M,Commercial,49,1,0,0,4,0,0
P00629,H03,78,M,Commercial,39,1,3,0,4,0,1
P00630,H11,81,F,Medicare,42,0,0,0,4,0,0
P00631,H07,74,F,Medicare,29,4,2,1,3,1,0
P00632,H12,53,F,Medicare,67,2,0,1,8,0,0
P00633,H16,66,F,Medicare,28,5,2,0,2,1,0
P00634,H05,63,F,Commercial,58,1,1,1,5,0,0
P00635,H16,65,F,Medicare,15,0,0,1,6,0,0
P00636,H06,66,F,Medicare,49,0,1,0,5,0,0
P00637,H12,73,F,Medicaid,47,2,1,0,6,0,0
P00638,H11,63,F,Medicare,83,2,0,0,6,0,1
P00639,H01,63,M,Medicare,81,1,0,0,9,0,0
P00640,H08,86,F,Commercial,71,2,1,1,7,0,0
P00641,H18,47,F,Medicaid,62,4,0,0,5,1,0
P00642,H10,60,M,Medicare,72,3,1,1,5,1,0
P00643,H20,71,M,Commercial,9,2,0,1,4,0,0
P00644,H19,74,F,Commercial,21,1,0,0,3,0,0
P00645,H15,68,F,Medicare,51,3,0,0,4,0,0
P00646,H16,71,F,Medicare,30,4,0,1,6,0,1
P00647,H02,64,M,Medicaid,53,3,1,0,4,1,0
P00648,H06,71,F,Medicare,41,2,0,0,4,1,0
P00649,H11,87,F,Medicare,15,0,0,0,5,0,0
P00650,H17,79,F,Medicare,71,5,3,1,5,1,1
P00651,H19,69,M,Medicaid,46,0,1,1,6,1,0
P00652,H09,71,M,Medicare,54,2,0,1,5,0,0
P00653,H19,62,M,Medicare,40,2,0,0,5,0,0
P00654,H06,74,M,Commercial,69,2,1,0,5,0,0
P00655,H08,62,F,Medicare,17,4,2,0,4,0,0
P00656,H05,78,F,Medicare,31,2,0,1,4,0,1
P00657,H08,66,M,Medicare,24,1,0,0,3,0,0
P00658,H13,42,F,Medicare,62,3,1,1,6,1,0
P00659,H13,65,F,Medicare,37,5,1,0,5,0,0
P00660,H15,56,M,Medicare,55,3,0,0,5,0,0
P00661,H17,75,F,Medicare,57,2,1,0,7,0,0
P00662,H17,85,F,Commercial,34,2,1,1,6,0,0
P00663,H10,64,M,Medicare,66,5,1,1,6,1,0
P00664,H20,61,M,Medicare,42,2,1,1,9,0,0
P00665,H09,61,M,Medicare,45,0,1,0,5,0,0
P00666,H19,49,F,Medicaid,52,5,1,1,4,1,0
P00667,H02,62,F,Medicare,74,4,0,0,5,1,0
P00668,H03,78,M,Medicare,38,2,0,1,3,0,0
P00669,H07,63,M,Medicaid,19,2,0,0,3,1,0
P00670,H04,56,M,Medicare,62,5,1,0,9,1,0
P00671,H16,61,F,Medicare,33,3,1,0,11,0,0
P00672,H17,49,M,Medicare,39,3,1,0,4,0,0
P00673,H09,60,M,Medicare,28,2,1,0,3,0,0
P00674,H18,62,F,Medicare,30,0,1,0,9,0,0
P00675,H13,57,M,Commercial,70,3,1,0,5,1,0
P00676,H01,94,M,Commercial,44,2,1,0,6,0,0
P00677,H13,98,M,Commercial,62,1,0,1,5,0,1
P00678,H12,58,M,Medicare,51,1,1,0,5,0,0
P00679,H11,96,M,Medicare,73,5,2,0,5,1,1
P00680,H11,79,M,Medicare,23,1,1,0,5,0,0
P00681,H16,73,M,Medicare,16,0,1,0,5,0,0
P00682,H12,53,M,Commercial,51,2,0,1,9,0,1
P00683,H07,77,F,Medicaid,47,2,3,0,4,1,0
P00684,H02,65,F,Medicare,59,1,2,0,5,0,0
P00685,H09,51,M,Medicaid,64,3,0,0,6,0,1
P00686,H14,57,M,Commercial,67,5,1,1,9,1,0
P00687,H16,74,M,Medicare,13,3,0,0,2,0,0
P00688,H01,65,M,Commercial,31,2,1,0,3,0,0
P00689,H08,67,M,Medicare,65,4,0,0,7,1,0
P00690,H08,67,M,Commercial,40,1,0,1,4,0,0
P00691,H10,70,M,Commercial,39,3,0,0,7,0,0
P00692,H03,68,M,Commercial,44,2,0,0,4,1,1
P00693,H19,60,F,Medicaid,27,2,1,0,3,0,0
P00694,H07,85,F,Medicaid,48,1,1,0,7,1,0
P00695,H11,45,F,Medicare,22,1,0,1,8,0,0
P00696,H01,85,F,Medicare,43,2,0,1,4,1,0
P00697,H18,77,M,Medicare,49,3,0,1,4,0,1
P00698,H20,81,M,Commercial,31,4,1,1,5,0,0
P00699,H13,62,F,Medicaid,48,1,0,0,4,0,0
P00700,H17,71,M,Medicare,79,3,2,0,8,1,0
P00701,H11,71,F,Medicare,23,2,1,0,4,0,0
P00702,H12,79,F,Medicare,37,4,0,0,8,0,0
P00703,H04,68,M,Medicare,57,3,2,0,6,0,0
P00704,H04,41,M,Medicaid,53,3,0,1,4,0,0
P00705,H06,43,F,Medicare,60,1,2,0,5,0,0
P00706,H13,72,F,Medicare,56,1,0,0,5,0,0
P00707,H11,63,M,Medicare,7,1,1,0,2,0,0
P00708,H15,53,M,Medicare,59,1,0,0,4,0,0
P00709,H07,71,F,Medicare,27,2,2,1,3,1,0
P00710,H11,59,F,Commercial,72,3,0,0,7,1,0
P00711,H02,62,F,Medicare,88,1,1,0,6,0,0
P00712,H19,75,M,Medicaid,28,4,0,0,5,0,0
P00713,H15,99,M,Medicare,35,1,0,0,7,0,0
P00714,H19,52,M,Medicare,21,2,0,0,4,0,0
P00715,H06,62,M,Medicare,66,7,1,0,5,1,1
P00716,H06,57,F,Medicaid,15,2,0,0,6,0,0
P00717,H09,70,M,Commercial,42,6,0,0,5,0,0
P00718,H14,61,F,Medicaid,38,4,0,1,6,0,0
P00719,H09,70,M,Medicaid,29,3,1,0,5,0,0
P00720,H07,46,F,Medicare,37,1,0,0,6,1,0
P00721,H10,53,M,Medicare,38,0,0,0,6,0,0
P00722,H20,58,M,Medicare,39,2,1,0,10,0,0
P00723,H04,51,M,Medicaid,67,2,1,1,5,0,1
P00724,H20,67,F,Commercial,42,4,0,0,8,0,0
P00725,H08,73,F,Commercial,22,2,0,1,4,0,0
P00726,H11,50,F,Medicare,58,1,3,0,5,0,0
P00727,H03,61,M,Commercial,51,0,0,0,5,0,0
P00728,H16,70,F,Medicaid,67,2,0,0,7,0,0
P00729,H04,69,F,Medicare,21,2,0,1,3,0,0
P00730,H20,83,M,Medicaid,13,1,0,0,4,0,0
P00731,H06,64,F,Medicaid,35,2,3,0,4,0,1
P00732,H05,84,F,Medicare,90,0,1,0,8,0,0
P00733,H15,67,F,Commercial,46,2,2,0,9,0,0
P00734,H09,71,M,Medicare,41,4,0,0,6,0,0
P00735,H08,62,M,Medicare,5,3,1,0,5,0,0
P00736,H04,76,M,Commercial,57,2,0,1,5,0,0
P00737,H05,66,M,Medicare,43,3,1,1,7,0,0
P00738,H02,67,M,Medicare,73,0,0,0,5,0,1
P00739,H18,60,F,Commercial,45,1,1,0,4,0,0
P00740,H08,66,F,Medicare,26,4,0,0,4,1,0
P00741,H16,67,F,Medicare,52,2,1,1,4,0,1
P00742,H17,72,F,Medicare,22,1,1,1,8,0,0
P00743,H11,64,F,Medicare,14,3,0,0,3,1,0
P00744,H02,66,F,Medicare,21,4,2,0,4,0,0
P00745,H19,87,M,Medicare,62,2,1,0,11,0,1
P00746,H02,54,F,Medicare,55,4,1,0,7,0,0
P00747,H01,69,F,Commercial,51,3,0,0,4,0,1
P00748,H17,85,F,Commercial,64,3,2,1,4,1,0
P00749,H06,54,M,Commercial,72,3,0,0,7,1,0
P00750,H04,56,M,Medicare,64,0,0,0,5,1,0
P00751,H05,69,M,Commercial,21,1,0,0,4,0,0
P00752,H11,48,M,Medicare,65,2,2,0,7,0,0
P00753,H20,46,F,Medicare,94,2,0,0,16,0,1
P00754,H11,75,F,Commercial,58,1,0,0,7,1,0
P00755,H03,39,F,Medicare,38,3,0,0,4,0,0
P00756,H10,70,M,Commercial,24,2,1,1,6,0,0
P00757,H02,94,F,Medicaid,46,1,1,1,4,1,1
P00758,H11,87,M,Medicare,59,3,0,0,5,0,0
P00759,H02,58,M,Medicaid,48,1,1,1,4,0,0
P00760,H10,72,F,Medicare,55,0,0,0,5,1,0
P00761,H13,47,F,Commercial,52,0,0,0,6,0,0
P00762,H10,63,F,Medicaid,37,1,2,0,6,0,1
P00763,H07,79,F,Medicare,15,3,0,0,6,1,0
P00764,H17,66,M,Medicare,38,3,1,1,7,0,0
P00765,H05,66,F,Commercial,37,1,1,0,5,0,0
P00766,H02,66,M,Medicare,32,2,0,0,4,0,0
P00767,H10,56,F,Medicare,55,1,0,0,5,0,0
P00768,H16,45,M,Medicare,36,1,0,0,7,0,0
P00769,H14,82,M,Medicare,52,0,0,0,5,0,1
P00770,H17,59,M,Medicaid,40,2,0,0,5,0,0
P00771,H12,73,M,Medicare,68,3,2,0,11,1,1
P00772,H16,58,M,Medicare,47,2,2,1,4,0,1
P00773,H07,73,F,Medicare,18,2,0,0,3,1,0
P00774,H04,72,F,Medicare,36,3,1,0,4,0,0
P00775,H08,49,M,Medicare,47,3,0,0,4,0,0
P00776,H03,72,F,Commercial,64,4,2,0,13,1,0
P00777,H02,86,F,Medicare,17,2,1,0,5,0,0
P00778,H18,69,F,Commercial,55,1,0,1,4,0,0
P00779,H05,58,M,Commercial,25,7,1,0,8,0,0
P00780,H20,46,F,Medicare,14,1,0,0,3,0,0
P00781,H04,62,M,Commercial,4,2,0,0,3,0,0
P00782,H05,66,F,Medicaid,49,2,1,1,4,0,0
P00783,H18,82,F,Medicare,14,1,0,0,3,0,0
P00784,H15,68,F,Medicare,34,2,0,0,5,0,1
P00785,H16,59,F,Medicare,37,4,0,0,5,0,0
P00786,H18,63,F,Medicare,31,3,0,1,7,0,0
P00787,H09,75,M,Medicare,45,0,1,0,5,0,0
P00788,H17,60,F,Commercial,79,1,1,0,8,0,0
P00789,H12,54,F,Medicaid,45,5,0,0,8,0,0
P00790,H14,67,F,Medicare,67,3,4,1,5,1,0
P00791,H16,51,F,Medicaid,20,1,1,1,3,0,0
P00792,H14,61,M,Medicare,31,6,1,0,4,0,0
P00793,H05,62,F,Medicaid,60,0,2,0,12,0,0
P00794,H13,78,M,Medicare,20,1,0,1,4,0,0
P00795,H20,79,F,Commercial,44,2,0,0,7,0,0
P00796,H02,77,F,Medicare,91,1,0,1,6,0,0
P00797,H08,74,M,Commercial,18,1,0,1,4,0,0
P00798,H02,57,F,Medicare,8,1,0,1,2,0,0
P00799,H17,64,M,Medicare,28,0,1,1,6,0,0
P00800,H13,72,F,Medicare,18,3,3,0,5,0,1
P00801,H18,63,F,Commercial,61,2,0,0,7,0,1
P00802,H18,52,F,Commercial,36,1,0,0,7,0,0
P00803,H11,61,M,Commercial,54,3,0,0,5,0,0
P00804,H12,64,F,Medicare,84,1,3,0,8,1,1
P00805,H13,55,M,Commercial,65,1,2,0,10,0,0
P00806,H02,51,F,Commercial,24,2,0,0,3,0,0
P00807,H09,69,F,Medicaid,68,2,1,0,6,1,0
P00808,H16,72,F,Medicaid,55,3,1,0,5,0,1
P00809,H10,43,M,Medicare,33,1,0,0,3,0,0
P00810,H04,86,F,Commercial,38,2,0,1,5,0,0
P00811,H06,52,M,Medicare,59,1,0,0,4,0,0
P00812,H14,68,M,Commercial,53,3,3,1,6,1,0
P00813,H16,62,F,Medicare,70,5,1,0,5,1,0
P00814,H17,50,F,Medicare,83,0,3,0,11,0,1
P00815,H18,76,M,Commercial,35,0,1,0,11,0,0
P00816,H14,70,F,Commercial,70,1,0,0,8,0,0
P00817,H19,62,M,Medicare,32,1,1,1,6,0,0
P00818,H01,78,F,Medicare,37,3,0,1,3,1,0
P00819,H18,56,M,Medicare,57,2,0,0,6,0,0
P00820,H09,72,M,Medicare,17,1,0,0,3,0,0
P00821,H16,71,F,Medicaid,20,1,0,1,7,0,0
P00822,H09,84,M,Medicare,50,0,2,1,9,1,0
P00823,H08,78,F,Medicare,41,2,1,0,3,0,0
P00824,H03,82,F,Medicare,23,4,1,0,3,0,0
P00825,H20,86,M,Medicare,56,2,1,0,6,0,0
P00826,H19,65,M,Commercial,77,0,1,0,5,0,0
P00827,H12,67,F,Medicare,21,1,0,0,8,0,0
P00828,H06,58,F,Medicare,87,2,2,1,7,0,1
P00829,H01,63,F,Medicare,67,2,0,1,8,0,0
P00830,H20,50,M,Commercial,47,3,0,0,5,0,0
P00831,H18,68,M,Commercial,64,1,0,0,10,0,0
P00832,H03,83,F,Medicare,68,2,0,0,8,0,0
P00833,H03,58,F,Medicare,52,4,0,0,5,0,0
P00834,H04,73,F,Commercial,61,3,0,1,6,1,0
P00835,H06,61,F,Medicaid,76,2,2,0,7,1,0
P00836,H20,68,M,Commercial,50,1,1,0,6,0,0
P00837,H03,54,F,Medicaid,7,3,1,0,3,0,0
P00838,H05,63,F,Commercial,21,3,0,0,3,0,0
P00839,H15,60,M,Medicare,66,2,0,0,5,0,1
P00840,H07,83,M,Medicare,21,3,1,0,3,1,0
P00841,H11,67,M,Medicare,65,0,1,0,5,0,0
P00842,H10,86,F,Commercial,57,2,0,0,5,0,0
P00843,H18,50,F,Medicare,21,4,0,0,3,0,0
P00844,H07,58,F,Medicaid,56,1,0,0,6,1,0
P00845,H11,64,F,Medicare,51,3,1,0,6,0,0
P00846,H03,64,F,Commercial,61,5,1,1,5,1,1
P00847,H16,71,M,Medicare,35,0,1,1,4,0,0
P00848,H18,78,M,Medicare,64,2,2,0,8,1,0
P00849,H02,55,M,Medicaid,52,4,0,0,6,0,0
P00850,H11,63,M,Medicare,35,1,0,0,4,0,0
P00851,H20,92,F,Medicare,66,3,0,1,8,1,0
P00852,H09,45,F,Commercial,51,2,0,0,5,0,1
P00853,H16,69,M,Medicare,61,2,0,0,10,0,1
P00854,H14,80,M,Medicaid,33,3,0,0,6,0,0
P00855,H04,69,F,Medicare,43,2,0,0,9,0,0
P00856,H10,48,F,Medicare,32,2,0,0,4,0,0
P00857,H19,75,M,Medicare,46,2,1,0,5,0,0
P00858,H08,52,F,Commercial,34,0,1,1,5,0,0
P00859,H18,61,F,Commercial,47,1,1,0,5,0,0
P00860,H01,68,M,Commercial,12,0,3,0,2,0,0
P00861,H08,64,M,Medicare,30,1,1,0,6,0,0
P00862,H09,79,F,Medicare,54,0,2,1,8,0,0
P00863,H01,83,M,Medicare,38,2,0,1,7,0,0
P00864,H01,87,M,Medicaid,40,2,1,1,5,0,1
P00865,H14,66,F,Medicare,52,2,1,0,4,0,0
P00866,H07,60,F,Medicare,32,0,0,1,6,1,0
P00867,H08,66,M,Medicare,23,3,2,0,4,0,0
P00868,H13,39,M,Medicaid,25,4,0,1,3,0,0
P00869,H20,63,F,Medicare,15,2,1,1,4,0,0
P00870,H03,80,M,Medicare,63,2,0,1,4,0,0
P00871,H04,54,M,Medicaid,70,2,1,0,5,0,1
P00872,H15,74,F,Medicaid,17,4,0,0,2,0,0
P00873,H15,62,F,Medicare,50,1,0,1,8,0,0
P00874,H14,55,M,Medicaid,73,2,1,0,8,0,1
P00875,H01,99,F,Medicare,56,3,2,0,4,0,0
P00876,H02,73,F,Medicare,17,6,0,0,4,0,0
P00877,H17,70,F,Commercial,71,3,1,0,6,1,1
P00878,H09,72,M,Medicaid,38,0,0,0,7,0,0
P00879,H20,77,M,Medicare,45,1,2,0,6,0,0
P00880,H12,85,F,Medicare,56,2,1,0,7,0,0
P00881,H13,55,F,Commercial,13,4,2,0,3,0,0
P00882,H08,66,F,Commercial,18,6,0,0,3,0,0
P00883,H08,95,M,Medicare,74,2,2,0,6,0,1
P00884,H15,74,M,Commercial,34,1,0,1,6,0,0
P00885,H05,69,F,Commercial,84,2,0,0,9,1,0
P00886,H04,73,F,Medicare,41,1,0,0,5,0,0
P00887,H14,75,F,Commercial,63,1,0,1,7,0,1
P00888,H01,68,F,Medicaid,37,1,0,0,8,0,0
P00889,H17,76,M,Commercial,28,2,2,0,5,0,0
P00890,H03,59,M,Medicare,53,1,1,1,6,0,0
P00891,H12,75,M,Medicare,61,1,0,0,8,1,0
P00892,H14,67,F,Commercial,55,4,1,1,5,0,1
P00893,H05,44,F,Medicaid,37,0,1,0,4,0,0
P00894,H14,61,M,Medicare,48,1,0,0,5,0,0
P00895,H15,80,F,Medicare,30,3,1,1,5,0,0
P00896,H17,72,F,Commercial,44,3,0,0,6,0,0
P00897,H18,98,M,Medicare,38,1,1,0,3,0,0
P00898,H13,46,F,Commercial,49,3,1,0,7,0,0
P00899,H15,71,M,Commercial,22,1,0,0,3,0,0
P00900,H18,73,M,Medicaid,51,2,0,0,9,0,0
P00901,H15,68,F,Medicare,10,4,0,0,4,0,0
P00902,H13,61,M,Medicaid,38,0,0,1,5,0,0
P00903,H12,70,M,Medicare,19,1,0,0,3,0,0
P00904,H18,65,F,Commercial,60,3,2,0,7,1,0
P00905,H06,79,M,Commercial,86,0,0,0,6,1,1
P00906,H01,68,F,Commercial,37,3,0,0,6,0,0
P00907,H17,76,F,Medicaid,54,7,0,0,5,0,0
P00908,H17,79,F,Medicare,36,6,0,1,5,0,0
P00909,H11,68,F,Medicare,19,2,1,0,4,0,0
P00910,H04,60,M,Medicaid,51,4,0,1,4,0,1
P00911,H13,84,M,Medicare,46,3,1,0,4,0,0
P00912,H05,57,F,Medicaid,31,2,1,0,4,0,0
P00913,H11,71,F,Medicare,25,1,0,0,3,0,0
P00914,H19,64,F,Commercial,10,4,1,0,10,0,0
P00915,H14,96,F,Medicare,40,1,1,0,3,0,0
P00916,H02,64,F,Medicare,42,2,1,0,14,0,0
P00917,H07,85,F,Commercial,93,4,2,0,7,1,1
P00918,H07,67,M,Commercial,28,4,1,1,3,1,0
P00919,H20,76,F,Medicaid,45,1,2,1,7,0,0
P00920,H02,53,F,Commercial,58,2,1,0,6,0,0
P00921,H17,60,F,Commercial,51,2,1,0,6,0,0
P00922,H13,70,M,Medicare,65,1,0,1,12,0,0
P00923,H10,69,M,Medicaid,44,1,0,0,5,0,1
P00924,H10,75,F,Commercial,30,2,0,0,7,0,0
P00925,H12,79,F,Medicare,35,2,1,0,3,0,0
P00926,H08,72,M,Commercial,39,3,0,1,7,0,0
P00927,H13,48,M,Medicare,55,6,3,1,6,0,0
P00928,H11,61,M,Commercial,61,3,0,0,5,1,0
P00929,H04,39,M,Medicaid,54,5,1,1,5,1,0
P00930,H09,46,M,Medicare,69,1,0,1,6,0,0
P00931,H18,37,F,Medicaid,24,3,1,1,3,0,0
P00932,H19,87,F,Medicare,31,1,0,0,5,0,0
P00933,H15,52,F,Commercial,59,8,0,1,6,0,0
P00934,H04,57,F,Commercial,67,2,1,1,9,1,0
P00935,H04,92,F,Medicare,33,1,0,0,4,0,0
P00936,H18,66,M,Medicare,41,7,0,0,5,0,0
P00937,H20,51,M,Medicare,28,4,1,0,7,0,0
P00938,H14,51,F,Medicaid,20,4,0,0,3,0,0
P00939,H15,63,M,Medicare,35,4,1,0,10,0,0
P00940,H14,79,M,Commercial,57,1,1,0,6,0,0
P00941,H18,67,M,Commercial,34,1,0,0,7,0,0
P00942,H09,60,F,Medicare,36,2,2,0,6,0,0
P00943,H17,57,M,Medicare,43,1,0,0,5,0,0
P00944,H05,63,F,Medicaid,30,7,0,0,3,0,0
P00945,H09,68,F,Medicare,2,2,0,1,2,0,0
P00946,H05,59,M,Medicare,49,2,1,0,5,0,0
P00947,H07,64,M,Medicaid,27,1,1,0,3,1,0
P00948,H08,77,F,Medicare,32,2,3,1,3,0,0
P00949,H04,46,M,Commercial,25,4,0,0,5,0,0
P00950,H13,77,M,Medicare,59,0,0,0,5,0,0
P00951,H11,63,M,Medicare,80,2,1,0,7,1,1
P00952,H01,67,F,Commercial,70,3,2,1,5,1,0
P00953,H12,79,M,Medicare,21,5,0,0,4,0,0
P00954,H03,48,M,Medicare,52,3,2,0,5,0,0
P00955,H20,53,F,Medicare,39,1,1,0,7,0,0
P00956,H11,85,M,Medicaid,34,2,0,0,5,0,0
P00957,H19,71,F,Medicare,35,4,0,0,5,0,0
P00958,H19,50,F,Medicare,45,4,3,0,5,1,0
P00959,H09,80,M,Medicaid,42,3,1,0,4,0,0
P00960,H19,49,F,Commercial,18,2,3,0,4,0,0
P00961,H13,89,M,Medicaid,31,4,0,0,6,1,0
P00962,H08,72,M,Medicare,78,1,0,1,9,0,1
P00963,H18,91,M,Medicare,72,4,0,0,5,1,0
P00964,H06,78,F,Commercial,18,4,1,1,6,0,0
P00965,H03,81,F,Commercial,57,2,0,0,7,0,0
P00966,H15,83,M,Medicaid,27,3,2,1,4,0,0
P00967,H10,78,F,Commercial,61,1,0,0,6,0,0
P00968,H20,64,F,Medicare,57,4,3,0,6,0,0
P00969,H07,74,M,Medicare,27,4,0,0,10,1,0
P00970,H14,57,F,Medicare,49,3,1,0,6,0,0
P00971,H09,81,F,Medicaid,28,2,1,0,3,0,0
P00972,H01,81,M,Commercial,31,2,0,1,4,0,0
P00973,H05,57,M,Commercial,30,3,2,0,5,0,0
P00974,H14,42,F,Commercial,31,1,2,0,7,0,0
P00975,H18,70,F,Medicare,57,2,0,1,4,0,0
P00976,H14,73,M,Medicaid,20,0,0,0,3,0,0
P00977,H02,62,M,Medicare,82,4,4,1,6,1,0
P00978,H10,50,F,Medicare,33,1,1,0,4,0,0
P00979,H15,66,M,Medicare,46,1,0,1,6,0,0
P00980,H16,64,M,Commercial,44,1,2,0,7,0,0
P00981,H18,63,M,Medicaid,18,1,4,0,3,0,0
P00982,H07,72,M,Medicare,47,1,1,0,5,1,0
P00983,H19,59,M,Medicare,70,3,0,0,5,1,0
P00984,H10,66,F,Medicare,7,2,0,1,6,0,0
P00985,H17,75,F,Medicare,42,1,0,0,4,0,0
P00986,H17,82,M,Commercial,46,4,0,0,5,0,1
P00987,H17,59,F,Medicare,62,2,0,0,6,0,0
P00988,H13,70,M,Medicare,25,1,0,1,5,0,0
P00989,H17,77,F,Commercial,25,1,0,0,4,0,0
P00990,H13,41,M,Commercial,63,2,1,0,7,0,0
P00991,H03,38,F,Medicare,72,1,0,0,5,0,0
P00992,H01,81,M,Medicare,29,1,1,0,3,0,1
P00993,H17,63,F,Medicare,69,2,0,0,8,0,0
P00994,H19,81,F,Medicare,60,0,1,0,5,0,0
P00995,H08,72,M,Medicare,10,2,1,0,3,0,0
P00996,H19,66,M,Medicaid,16,0,1,0,4,0,0
P00997,H14,91,F,Medicare,43,2,0,0,5,0,1
P00998,H17,57,F,Medicare,39,2,1,0,3,0,0
P00999,H17,44,F,Commercial,42,2,0,0,6,0,0
P01000,H08,73,F,Medicare,26,0,0,0,4,0,0
P01001,H07,91,M,Commercial,34,3,1,0,4,1,0
P01002,H20,72,M,Commercial,77,2,1,0,7,0,0
P01003,H10,86,M,Medicare,15,0,0,1,4,0,0
P01004,H15,37,F,Medicare,14,2,0,0,3,0,0
P01005,H06,53,F,Medicaid,68,0,2,1,5,0,0
P01006,H06,50,F,Medicare,35,2,0,0,6,0,0
P01007,H16,75,M,Commercial,37,2,0,0,7,0,0
P01008,H10,70,F,Commercial,34,1,0,0,5,0,0
P01009,H19,61,M,Medicaid,74,1,0,1,8,1,0
P01010,H11,74,F,Medicaid,26,0,1,0,4,0,0
P01011,H14,71,F,Commercial,66,0,0,1,6,0,0
P01012,H12,80,M,Commercial,36,2,1,0,4,0,0
P01013,H03,62,M,Medicare,25,3,0,1,3,0,1
P01014,H08,57,M,Medicare,52,0,0,0,6,0,0
P01015,H04,67,M,Medicaid,44,6,0,0,3,0,0
P01016,H08,72,F,Commercial,44,3,0,1,6,0,0
P01017,H07,74,M,Medicare,62,2,0,1,8,1,0
P01018,H03,61,M,Commercial,31,3,0,1,3,1,0
P01019,H15,64,F,Commercial,26,1,1,0,5,0,0
P01020,H03,67,F,Medicare,42,6,1,1,7,0,0
P01021,H14,84,F,Medicare,22,2,2,0,5,0,0
P01022,H07,70,F,Medicare,22,1,1,0,2,1,0
P01023,H18,64,M,Medicare,56,0,0,0,5,0,0
P01024,H07,99,F,Commercial,45,2,0,0,5,1,0
P01025,H17,58,F,Commercial,43,2,0,0,5,0,0
P01026,H03,75,F,Commercial,32,6,0,0,3,0,0
P01027,H17,75,F,Commercial,83,1,0,1,8,0,0
P01028,H19,61,M,Medicare,71,1,1,0,6,1,1
P01029,H19,54,F,Commercial,48,2,2,0,4,0,0
P01030,H04,62,M,Medicaid,8,4,0,0,7,0,0
P01031,H20,66,M,Medicare,16,1,1,0,4,0,0
P01032,H05,65,M,Medicaid,60,1,1,1,7,0,0
P01033,H01,52,F,Medicare,57,3,0,0,7,0,0
P01034,H11,66,M,Commercial,42,2,0,0,4,0,1
P01035,H15,83,M,Medicare,29,3,0,1,5,0,0
P01036,H11,66,F,Medicaid,18,2,0,0,5,0,0
P01037,H06,79,M,Medicare,83,1,1,0,8,1,1
P01038,H01,66,M,Commercial,50,1,0,0,8,0,0
P01039,H17,51,M,Medicare,53,1,1,0,8,0,0
P01040,H12,77,F,Medicare,50,3,1,0,6,0,1
P01041,H08,91,F,Medicare,78,2,0,0,7,0,1
P01042,H07,56,M,Medicare,62,1,2,1,7,1,0
P01043,H02,72,M,Medicare,26,3,1,0,4,0,0
P01044,H11,54,F,Medicare,25,1,0,0,3,0,0
P01045,H14,54,M,Commercial,38,1,0,0,4,0,0
P01046,H18,83,M,Medicare,43,3,1,0,11,0,0
P01047,H17,60,F,Medicare,77,3,0,0,8,1,0
P01048,H20,76,F,Medicare,60,2,1,0,6,0,0
P01049,H07,57,F,Medicaid,39,1,0,0,5,1,0
P01050,H13,71,M,Commercial,38,3,0,0,5,0,0
P01051,H19,62,M,Medicare,13,2,0,1,6,0,0
P01052,H13,46,F,Medicare,44,2,0,0,4,0,0
P01053,H12,67,F,Medicare,53,0,0,1,9,0,0
P01054,H16,48,M,Commercial,54,4,1,0,7,0,0
P01055,H11,69,M,Commercial,59,1,0,0,4,0,1
P01056,H05,62,M,Medicare,38,4,1,0,3,0,0
P01057,H02,70,F,Medicare,57,1,2,0,8,0,0
P01058,H05,44,F,Commercial,68,1,0,0,5,0,0
P01059,H16,58,M,Medicaid,11,2,0,0,4,0,0
P01060,H05,83,M,Medicare,75,2,0,0,8,0,0
P01061,H01,84,F,Medicare,15,3,1,0,5,0,0
P01062,H19,69,F,Medicaid,20,4,0,0,3,0,1
P01063,H15,31,M,Commercial,18,2,0,0,3,0,0
P01064,H01,68,M,Commercial,79,1,0,1,15,0,1
P01065,H13,53,M,Medicare,19,2,0,0,2,0,0
P01066,H06,57,M,Commercial,65,3,0,1,6,0,0
P01067,H03,45,F,Commercial,25,2,0,1,2,0,0
P01068,H03,53,M,Medicare,36,1,1,0,8,0,0
P01069,H04,53,M,Medicare,42,2,0,0,6,0,0
P01070,H06,52,M,Medicare,60,2,2,0,6,1,0
P01071,H08,78,F,Medicaid,14,3,1,0,2,0,0
P01072,H03,84,F,Medicare,20,2,0,0,2,0,0
P01073,H09,68,F,Commercial,42,1,0,1,5,0,0
P01074,H04,55,M,Medicare,34,3,0,0,4,0,0
P01075,H13,65,M,Medicaid,27,1,2,0,4,0,0
P01076,H17,64,M,Medicare,84,0,1,1,6,1,1
P01077,H10,64,F,Commercial,46,0,0,0,4,0,0
P01078,H15,53,F,Commercial,59,2,1,0,10,0,0
P01079,H11,83,F,Medicare,42,8,1,0,4,0,0
P01080,H08,48,M,Commercial,66,1,2,1,5,0,0
P01081,H17,57,F,Medicare,40,2,1,0,5,0,0
P01082,H13,44,M,Medicaid,17,2,1,0,7,0,0
P01083,H14,60,M,Commercial,86,3,2,0,6,1,1
P01084,H08,56,M,Medicare,34,3,0,0,4,0,0
P01085,H12,70,M,Medicaid,34,0,2,0,4,0,1
P01086,H05,84,F,Commercial,26,2,0,0,5,0,0
P01087,H09,64,F,Medicare,63,0,0,0,7,0,0
P01088,H18,66,F,Medicare,30,3,1,0,4,0,0
P01089,H07,71,F,Medicaid,41,3,3,0,7,1,0
P01090,H04,28,M,Medicare,37,1,0,0,4,0,0
P01091,H08,54,F,Medicare,48,1,1,0,6,0,0
P01092,H20,70,M,Medicare,40,1,1,0,5,0,0
P01093,H07,55,F,Commercial,70,2,1,0,7,1,0
P01094,H06,70,F,Medicaid,37,5,0,0,6,0,0
P01095,H07,88,M,Medicaid,28,4,3,0,3,1,1
P01096,H06,69,F,Medicaid,36,2,0,0,6,0,0
P01097,H14,48,M,Commercial,45,2,2,0,4,0,0
P01098,H11,62,F,Medicaid,77,1,1,1,7,1,0
P01099,H16,57,M,Medicare,12,0,1,1,3,0,0
P01100,H07,47,F,Medicare,34,5,1,0,3,1,0
P01101,H01,84,F,Commercial,30,4,0,0,5,0,0
P01102,H09,67,M,Medicare,42,1,1,1,4,0,0
P01103,H02,78,F,Medicare,78,4,0,1,5,1,0
P01104,H16,81,M,Commercial,12,1,0,0,4,0,0
P01105,H13,65,F,Commercial,53,2,2,0,5,0,0
P01106,H08,67,F,Commercial,60,3,0,0,6,1,1
P01107,H11,65,F,Medicare,35,2,1,0,6,0,0
P01108,H04,70,F,Commercial,40,1,1,1,4,0,0
P01109,H10,69,F,Medicare,51,1,2,0,6,0,0
P01110,H11,71,F,Medicare,84,2,1,0,6,0,0
P01111,H08,68,M,Commercial,48,2,1,0,7,1,0
P01112,H02,79,M,Medicaid,43,4,2,1,6,0,0
P01113,H12,58,M,Commercial,15,5,0,1,3,0,0
P01114,H04,76,F,Commercial,73,0,1,0,8,1,1
P01115,H20,56,M,Medicare,40,3,0,1,5,0,0
P01116,H08,61,F,Commercial,58,3,0,1,4,0,0
P01117,H05,76,F,Commercial,20,2,0,0,3,0,0
P01118,H20,88,F,Medicare,38,2,0,0,4,0,0
P01119,H18,63,M,Medicare,63,4,0,0,6,1,0
P01120,H17,42,M,Commercial,11,1,0,0,3,0,0
P01121,H06,49,F,Medicare,33,2,0,0,3,0,0
P01122,H15,66,M,Commercial,70,3,1,0,6,1,1
P01123,H07,77,M,Medicaid,62,3,0,0,4,1,0
P01124,H18,45,M,Medicare,34,3,2,0,7,0,0
P01125,H16,69,M,Commercial,22,1,2,0,4,0,0
P01126,H14,63,F,Commercial,60,3,0,1,5,0,1
P01127,H07,64,F,Commercial,82,3,0,0,6,1,1
P01128,H12,63,M,Commercial,25,1,0,0,3,0,0
P01129,H11,72,F,Commercial,40,2,0,0,3,0,0
P01130,H16,64,F,Medicare,19,4,0,0,3,0,0
P01131,H09,71,M,Commercial,22,3,0,0,2,0,0
P01132,H06,67,F,Medicaid,50,1,2,0,4,0,0
P01133,H05,60,M,Commercial,43,1,0,0,4,0,0
P01134,H19,67,F,Commercial,19,2,1,0,5,0,0
P01135,H16,46,M,Commercial,39,3,1,0,8,0,0
P01136,H17,69,M,Medicare,24,5,2,0,3,0,0
P01137,H20,82,F,Commercial,79,1,0,0,6,0,0
P01138,H11,51,M,Commercial,41,3,0,0,5,0,0
P01139,H13,48,M,Medicare,20,1,0,0,3,0,0
P01140,H17,61,M,Medicare,68,0,2,0,9,0,0
P01141,H18,60,M,Commercial,59,1,0,0,5,0,0
P01142,H11,67,M,Commercial,68,2,1,1,5,0,1
P01143,H03,76,M,Medicare,83,2,1,1,9,0,1
P01144,H04,66,M,Commercial,61,1,2,0,5,0,1
P01145,H01,47,F,Commercial,49,3,0,0,5,0,0
P01146,H08,73,F,Medicare,10,1,0,1,4,0,0
P01147,H03,74,F,Commercial,55,1,2,0,11,0,0
P01148,H05,60,M,Medicare,31,2,0,0,4,0,0
P01149,H12,55,M,Medicare,56,0,3,1,6,0,0
P01150,H02,67,F,Medicare,50,3,1,0,14,0,0
P01151,H13,81,M,Medicare,4,1,0,0,3,0,0
P01152,H06,75,M,Medicare,47,0,2,0,4,1,0
P01153,H05,52,F,Medicare,12,3,1,0,3,0,0
P01154,H08,45,F,Commercial,28,2,1,0,9,0,0
P01155,H16,77,F,Medicare,42,3,0,0,3,0,0
P01156,H12,76,F,Medicare,53,1,0,1,5,0,0
P01157,H03,71,F,Commercial,71,2,0,1,5,0,0
P01158,H14,74,F,Medicaid,30,3,1,1,9,0,0
P01159,H15,63,F,Medicare,78,1,0,0,7,0,0
P01160,H15,78,M,Medicare,18,1,0,0,4,0,0
P01161,H02,77,F,Medicaid,24,1,1,0,4,0,0
P01162,H07,58,F,Commercial,38,0,1,0,5,1,0
P01163,H05,99,F,Commercial,22,2,0,0,13,0,0
P01164,H19,64,M,Commercial,30,3,1,0,7,0,0
P01165,H16,62,M,Medicare,60,1,1,0,8,0,0
P01166,H16,62,M,Medicare,41,2,2,1,4,0,0
P01167,H18,65,F,Commercial,34,2,2,0,5,0,0
P01168,H20,84,F,Commercial,66,3,0,0,5,1,0
P01169,H16,76,M,Medicaid,15,4,1,1,2,0,0
P01170,H13,60,M,Medicare,25,0,2,0,3,0,0
P01171,H17,71,M,Medicare,40,6,1,0,5,0,1
P01172,H06,46,M,Medicare,53,1,0,0,5,0,0
P01173,H17,65,F,Medicaid,39,3,0,1,3,0,0
P01174,H19,47,F,Medicare,62,2,2,1,6,0,0
P01175,H10,49,M,Medicaid,60,0,1,0,7,0,0
P01176,H09,67,F,Medicare,40,3,3,0,7,0,0
P01177,H04,55,F,Commercial,44,1,1,0,3,0,0
P01178,H20,57,F,Commercial,62,1,0,0,7,0,0
P01179,H08,68,F,Medicaid,42,3,0,1,10,0,0
P01180,H11,81,F,Medicaid,78,1,0,1,8,0,1
P01181,H18,58,M,Commercial,40,2,0,0,7,0,0
P01182,H06,73,M,Medicare,48,1,0,0,4,0,0
P01183,H05,75,F,Commercial,24,1,1,0,4,0,0
P01184,H07,50,M,Medicare,80,0,0,0,7,1,0
P01185,H06,68,F,Medicare,30,1,0,1,4,0,0
P01186,H05,58,M,Medicare,78,0,0,1,5,0,0
P01187,H16,69,M,Medicare,56,1,0,0,6,0,0
P01188,H17,85,M,Medicare,53,1,0,1,4,0,0
P01189,H15,88,M,Commercial,47,3,0,0,5,0,0
P01190,H06,62,M,Commercial,63,1,1,0,9,0,0
P01191,H06,80,M,Commercial,71,0,1,0,6,0,1
P01192,H07,80,M,Medicare,13,0,0,0,3,1,0
P01193,H11,80,M,Medicare,45,1,0,0,4,0,1
P01194,H18,76,F,Medicaid,48,3,1,0,5,1,0
P01195,H15,69,F,Medicare,65,5,2,1,8,1,1
P01196,H11,80,F,Medicare,15,2,1,0,6,0,0
P01197,H08,75,F,Medicaid,40,7,3,1,4,0,1
P01198,H20,64,F,Medicaid,22,3,1,0,4,1,0
P01199,H04,82,F,Medicare,18,4,1,0,4,0,0
P01200,H04,53,M,Commercial,17,1,3,0,4,0,0
P01201,H13,66,M,Commercial,40,3,1,0,6,0,1
P01202,H01,88,F,Medicare,11,2,1,0,7,0,0
P01203,H10,59,M,Commercial,26,1,0,0,5,0,0
P01204,H18,56,F,Commercial,67,2,2,0,5,0,0
P01205,H16,42,M,Medicaid,56,4,2,0,4,0,0
P01206,H02,74,F,Medicare,44,2,0,0,8,0,1
P01207,H09,67,M,Medicare,65,1,1,0,7,0,0
P01208,H13,74,M,Medicare,61,3,1,1,7,1,1
P01209,H18,39,M,Commercial,73,3,0,0,10,1,0
P01210,H02,82,F,Commercial,42,3,1,0,6,0,0
P01211,H04,56,M,Medicare,75,0,1,0,5,0,1
P01212,H01,61,M,Medicaid,24,1,0,1,4,0,0
P01213,H17,54,F,Medicare,32,3,0,0,5,0,0
P01214,H04,67,F,Commercial,34,2,1,1,7,0,0
P01215,H05,78,F,Medicare,39,1,0,0,5,0,0
P01216,H06,74,M,Commercial,67,1,2,0,6,0,1
P01217,H07,76,M,Medicare,17,3,2,1,4,1,0
P01218,H01,75,F,Medicare,27,3,1,1,7,0,0
P01219,H20,83,F,Medicare,61,1,1,1,5,0,0
P01220,H01,49,F,Medicare,69,0,2,0,7,0,1
P01221,H01,49,F,Medicare,49,4,1,1,10,0,1
P01222,H13,77,F,Medicare,34,3,0,0,5,0,0
P01223,H17,60,M,Commercial,27,2,0,0,5,0,0
P01224,H15,57,M,Medicaid,34,2,2,0,6,0,1
P01225,H12,51,M,Medicaid,16,2,1,0,3,0,0
P01226,H10,39,M,Medicare,42,5,0,0,7,0,0
P01227,H11,76,F,Medicaid,42,3,0,0,12,0,0
P01228,H06,59,F,Commercial,45,3,0,0,5,0,0
P01229,H11,76,M,Medicare,70,1,2,0,6,0,0
P01230,H06,64,F,Commercial,38,1,2,1,4,0,0
P01231,H18,65,M,Medicaid,49,0,1,0,5,0,0
P01232,H09,66,F,Medicaid,73,2,0,0,9,0,1
P01233,H17,74,M,Medicare,42,3,1,0,6,0,0
P01234,H17,53,F,Medicare,46,3,2,0,7,0,0
P01235,H20,60,M,Medicaid,15,0,1,0,4,0,0
P01236,H15,72,F,Commercial,61,1,0,0,5,0,0
P01237,H04,77,F,Medicare,67,3,2,1,8,1,1
P01238,H05,54,F,Medicare,18,2,0,1,3,0,0
P01239,H07,47,M,Commercial,28,2,1,0,4,1,0
P01240,H15,43,F,Commercial,78,2,3,0,6,0,1
P01241,H10,72,F,Medicare,51,0,0,1,5,0,0
P01242,H15,78,F,Medicare,52,2,1,0,5,0,0
P01243,H01,48,F,Medicare,51,1,1,0,14,0,0
P01244,H17,70,F,Medicare,33,2,0,0,3,0,0
P01245,H17,59,F,Commercial,25,2,1,0,5,0,0
P01246,H12,79,F,Medicare,83,3,1,0,6,1,1
P01247,H19,58,M,Medicare,38,1,2,0,4,0,0
P01248,H19,58,F,Commercial,34,3,1,0,4,0,1
P01249,H16,56,F,Medicaid,22,2,1,1,4,0,0
P01250,H10,67,M,Medicaid,48,2,0,0,4,0,0
P01251,H08,75,M,Medicare,24,0,1,0,4,0,0
P01252,H05,61,M,Medicare,35,1,0,1,3,0,0
P01253,H12,48,F,Medicare,79,3,1,0,5,1,1
P01254,H13,80,M,Commercial,22,1,0,1,5,0,0
P01255,H17,61,M,Medicare,13,5,1,0,2,0,0
P01256,H04,56,M,Medicare,18,3,2,0,5,0,0
P01257,H20,51,F,Medicare,49,2,0,0,4,0,0
P01258,H14,58,F,Medicare,56,4,1,0,7,1,0
P01259,H10,71,M,Commercial,37,0,2,0,4,0,0
P01260,H08,60,M,Medicare,6,3,1,0,3,0,0
P01261,H05,71,M,Medicaid,29,1,0,0,3,0,0
P01262,H02,73,F,Commercial,42,2,0,0,4,0,0
P01263,H10,40,F,Commercial,22,7,0,1,9,0,0
P01264,H04,63,F,Medicare,50,0,0,0,4,1,0
P01265,H04,67,F,Medicare,22,2,0,1,4,0,1
P01266,H16,92,F,Commercial,52,2,0,1,7,0,0
P01267,H10,66,F,Medicare,37,2,1,1,4,0,0
P01268,H18,52,F,Commercial,10,0,1,1,3,0,0
P01269,H13,58,F,Commercial,77,1,1,0,10,0,0
P01270,H10,73,M,Commercial,51,4,1,0,6,0,0
P01271,H11,91,M,Medicaid,46,1,1,1,5,0,0
P01272,H18,50,M,Commercial,40,4,1,0,5,0,0
P01273,H10,56,F,Medicare,23,3,0,0,3,0,0
P01274,H06,78,F,Medicaid,11,0,0,0,3,0,0
P01275,H09,46,M,Medicare,67,2,1,0,7,0,0
P01276,H09,55,M,Medicare,91,2,2,0,7,0,1
P01277,H11,71,F,Medicare,44,4,0,0,4,0,1
P01278,H04,82,F,Medicare,40,2,1,1,4,0,0
P01279,H11,44,M,Commercial,28,4,0,0,3,0,0
P01280,H16,53,M,Medicaid,47,0,2,1,4,0,0
P01281,H09,67,F,Commercial,61,1,0,0,5,0,0
P01282,H08,67,F,Medicare,66,2,1,0,6,0,0
P01283,H11,73,F,Commercial,20,2,1,0,3,0,0
P01284,H07,50,F,Medicare,61,5,1,1,6,1,1
P01285,H16,86,M,Commercial,63,0,0,1,6,0,0
P01286,H16,67,M,Commercial,53,3,1,0,5,0,0
P01287,H12,68,M,Medicare,51,2,0,1,7,0,0
P01288,H13,71,M,Medicaid,50,0,0,0,7,0,0
P01289,H02,69,F,Medicare,45,1,0,0,4,0,0
P01290,H09,87,F,Medicare,52,0,1,0,13,0,0
P01291,H17,60,F,Medicare,27,1,0,1,4,0,0
P01292,H01,49,F,Medicaid,20,1,0,0,8,0,1
P01293,H17,61,F,Medicare,38,1,1,1,5,0,0
P01294,H06,63,F,Medicaid,50,1,0,1,6,1,0
P01295,H04,81,F,Medicare,43,1,0,1,4,0,0
P01296,H01,72,F,Medicare,21,0,1,0,3,0,0
P01297,H19,72,F,Medicare,30,2,1,1,5,0,0
P01298,H11,69,F,Medicare,18,3,0,0,4,0,0
P01299,H16,73,M,Medicare,59,2,1,1,5,0,1
P01300,H19,64,M,Commercial,42,0,1,0,7,0,0
P01301,H04,44,F,Medicare,49,0,0,0,4,0,0
P01302,H08,88,F,Medicare,20,2,1,1,4,0,0
P01303,H14,61,F,Medicare,15,1,1,1,9,0,0
P01304,H08,69,F,Medicare,62,0,1,0,6,0,0
P01305,H08,73,F,Commercial,60,0,0,0,7,0,0
P01306,H16,57,M,Medicare,28,2,1,0,5,0,0
P01307,H17,41,F,Medicare,80,3,0,0,14,1,1
P01308,H14,71,F,Medicaid,40,0,1,0,4,0,0
P01309,H01,72,M,Commercial,16,3,0,1,6,0,0
P01310,H13,83,F,Commercial,58,2,0,0,6,0,0
P01311,H19,57,F,Medicare,59,3,1,0,6,0,1
P01312,H11,75,F,Commercial,38,5,0,0,5,0,0
P01313,H07,80,F,Medicare,58,2,1,0,4,1,0
P01314,H20,81,F,Medicare,10,4,0,0,3,0,0
P01315,H06,65,M,Medicaid,11,1,2,0,7,0,0
P01316,H03,55,F,Commercial,38,2,1,1,6,0,0
P01317,H09,70,F,Medicare,37,0,0,0,5,0,0
P01318,H13,39,M,Medicare,82,2,1,0,6,1,0
P01319,H11,65,F,Medicare,53,3,0,0,4,0,0
P01320,H10,71,F,Medicare,26,1,2,0,3,0,0
P01321,H02,80,F,Medicare,2,2,1,0,3,0,0
P01322,H14,79,F,Medicaid,59,0,0,0,6,0,0
P01323,H20,99,F,Medicare,29,1,0,0,6,0,0
P01324,H16,61,M,Medicaid,22,4,1,0,5,0,0
P01325,H19,78,M,Commercial,71,3,1,1,5,1,0
P01326,H10,88,M,Commercial,28,2,0,1,3,0,0
P01327,H18,67,M,Medicaid,52,1,0,1,4,0,0
P01328,H05,53,M,Medicare,41,2,1,0,9,0,0
P01329,H07,58,F,Commercial,59,4,0,1,6,1,0
P01330,H14,94,M,Commercial,32,1,0,0,4,0,0
P01331,H11,59,F,Medicare,51,1,1,0,6,0,0
P01332,H03,70,M,Medicare,27,1,1,1,3,0,0
P01333,H06,80,M,Medicare,23,2,0,1,6,0,0
P01334,H19,56,F,Medicaid,69,2,1,1,9,0,0
P01335,H16,82,F,Medicare,32,2,0,0,6,0,0
P01336,H20,67,F,Medicare,51,3,2,1,4,0,0
P01337,H15,78,F,Commercial,54,3,1,0,9,0,0
P01338,H19,63,M,Medicare,22,2,0,0,3,0,0
P01339,H16,62,M,Medicaid,25,1,0,0,3,0,0
P01340,H02,52,F,Commercial,35,1,0,1,4,0,0
P01341,H16,62,M,Medicare,31,4,0,0,4,0,0
P01342,H05,75,F,Commercial,27,0,0,0,4,0,0
P01343,H15,70,F,Medicare,72,0,1,1,10,0,1
P01344,H10,53,F,Medicare,40,1,0,0,7,0,0
P01345,H08,73,M,Medicare,76,2,1,1,8,0,0
P01346,H20,56,M,Medicare,62,3,2,0,7,1,0
P01347,H09,70,F,Medicare,23,2,1,0,3,0,0
P01348,H12,90,F,Commercial,65,0,1,0,6,0,0
P01349,H07,53,F,Commercial,37,2,0,0,3,1,0
P01350,H09,66,M,Medicare,96,1,1,0,6,1,0
P01351,H13,63,M,Medicare,54,6,0,0,5,1,0
P01352,H10,75,F,Medicare,53,3,0,1,4,0,0
P01353,H02,53,M,Medicare,85,3,1,0,7,1,1
P01354,H08,57,M,Medicaid,44,3,0,0,9,0,0
P01355,H15,55,F,Medicaid,13,0,0,0,3,0,1
P01356,H05,53,M,Commercial,60,2,1,0,7,1,0
P01357,H08,81,M,Medicaid,17,0,0,1,3,0,0
P01358,H15,57,M,Medicare,15,2,1,0,4,0,0
P01359,H05,65,M,Medicaid,32,0,1,0,5,0,0
P01360,H14,64,M,Commercial,50,2,1,0,5,0,0
P01361,H16,70,F,Commercial,47,1,4,1,4,0,0
P01362,H08,56,F,Medicare,65,1,0,1,6,0,0
P01363,H05,80,M,Commercial,6,2,0,1,2,0,0
P01364,H18,71,M,Medicare,55,3,1,0,5,0,1
P01365,H09,57,M,Commercial,44,4,0,0,8,0,0
P01366,H12,46,F,Medicare,16,0,1,0,2,0,0
P01367,H20,49,M,Medicare,38,0,0,0,6,0,0
P01368,H06,61,M,Medicare,46,2,0,1,7,0,0
P01369,H03,62,F,Medicare,48,1,2,0,6,0,0
P01370,H04,73,M,Medicare,26,1,0,0,3,0,0
P01371,H13,71,M,Medicare,52,1,1,0,10,1,0
P01372,H01,75,M,Medicaid,56,3,0,0,7,0,0
P01373,H04,95,M,Medicare,23,5,0,0,3,0,0
P01374,H08,75,M,Medicaid,15,0,0,0,3,0,0
P01375,H01,86,F,Medicare,35,3,0,0,4,0,0
P01376,H14,81,F,Medicaid,33,3,0,1,6,0,1
P01377,H14,60,F,Medicaid,39,5,0,0,5,0,0
P01378,H19,87,M,Commercial,81,2,0,0,5,0,1
P01379,H03,64,F,Medicaid,74,3,1,0,8,1,0
P01380,H14,83,M,Commercial,30,2,1,0,6,0,0
P01381,H08,59,F,Medicare,65,4,1,1,8,0,1
P01382,H16,70,M,Medicaid,48,1,0,0,4,0,0
P01383,H14,71,F,Medicare,30,3,2,0,4,0,0
P01384,H09,77,M,Medicare,37,2,0,0,5,0,0
P01385,H12,72,M,Medicaid,46,1,1,0,4,0,0
P01386,H08,60,F,Medicare,68,2,0,0,9,0,0
P01387,H05,63,F,Medicare,40,5,1,0,3,0,0
P01388,H08,63,F,Commercial,65,0,0,1,5,0,0
P01389,H19,82,F,Medicare,25,0,0,0,7,0,0
P01390,H04,84,M,Commercial,49,4,0,0,4,0,0
P01391,H11,74,M,Medicare,15,3,0,0,3,0,0
P01392,H11,52,M,Medicaid,49,4,1,0,8,0,0
P01393,H14,69,F,Medicare,66,2,0,1,13,1,0
P01394,H14,78,M,Medicare,20,3,1,0,4,0,0
P01395,H15,86,M,Commercial,83,1,2,0,6,0,1
P01396,H08,62,F,Medicare,73,2,2,0,7,0,0
P01397,H19,41,F,Commercial,8,3,2,1,6,0,0
P01398,H13,61,M,Medicaid,18,1,0,1,3,0,0
P01399,H04,47,M,Commercial,31,2,1,0,3,0,0
P01400,H16,72,M,Commercial,15,2,0,1,6,0,0
P01401,H19,74,F,Medicaid,28,2,0,1,5,0,1
P01402,H02,73,M,Commercial,29,3,2,1,4,0,0
P01403,H17,62,M,Medicare,29,2,1,0,3,0,0
P01404,H05,94,M,Medicaid,39,1,0,0,5,0,0
P01405,H02,85,F,Medicaid,39,2,0,0,5,0,0
P01406,H02,96,F,Medicare,14,2,3,1,2,0,0
P01407,H09,90,F,Commercial,10,3,1,0,4,0,0
P01408,H10,66,F,Medicare,21,0,0,1,9,0,0
P01409,H07,74,F,Commercial,31,0,2,0,11,1,0
P01410,H18,49,F,Medicare,22,4,0,1,3,0,0
P01411,H12,79,F,Medicare,52,2,0,0,8,1,0
P01412,H13,56,F,Medicaid,37,0,1,1,4,0,0
P01413,H05,78,M,Commercial,20,1,0,0,9,0,0
P01414,H20,68,M,Commercial,22,5,1,0,6,0,0
P01415,H03,37,F,Medicare,68,2,1,0,5,0,0
P01416,H12,68,F,Commercial,77,2,2,1,5,0,0
P01417,H04,79,M,Medicare,49,2,0,1,6,0,0
P01418,H07,59,M,Medicare,46,3,0,1,5,1,0
P01419,H10,56,M,Medicaid,33,6,1,0,8,0,0
P01420,H19,70,F,Medicare,43,0,2,0,6,0,0
P01421,H18,94,M,Medicaid,36,1,1,0,4,0,0
P01422,H04,49,F,Medicare,21,2,1,0,4,0,0
P01423,H05,47,F,Commercial,75,1,0,0,6,0,0
P01424,H04,58,M,Medicaid,8,4,2,0,2,0,0
P01425,H10,58,F,Medicaid,26,2,0,0,3,0,0
P01426,H14,77,F,Medicare,15,2,1,0,5,0,0
P01427,H12,65,M,Commercial,42,2,2,0,6,0,0
P01428,H09,54,F,Commercial,41,2,0,0,7,0,1
P01429,H12,72,F,Commercial,57,1,0,0,7,0,0
P01430,H09,50,M,Medicare,24,1,1,0,3,0,0
P01431,H09,66,F,Medicare,35,2,0,0,8,0,0
P01432,H11,69,M,Commercial,59,3,1,0,6,0,0
P01433,H11,64,F,Commercial,45,1,1,1,9,0,0
P01434,H11,78,M,Medicare,15,5,0,0,6,0,0
P01435,H19,76,F,Medicare,60,2,1,1,5,0,0
P01436,H12,76,M,Commercial,45,2,0,0,5,0,1
P01437,H03,83,F,Commercial,34,2,0,0,4,0,0
P01438,H11,78,M,Commercial,38,2,1,0,7,0,0
P01439,H15,49,F,Medicare,21,5,1,0,8,0,0
P01440,H13,52,M,Commercial,40,2,1,0,6,0,0
P01441,H19,78,M,Commercial,46,1,1,0,5,0,0
P01442,H03,77,F,Commercial,43,2,0,1,6,0,0
P01443,H10,75,M,Medicaid,65,0,0,0,9,0,0
P01444,H16,38,F,Medicaid,81,4,1,0,7,1,1
P01445,H11,69,F,Medicare,21,2,1,0,7,0,0
P01446,H14,73,M,Commercial,56,4,2,0,5,0,0
P01447,H11,68,M,Medicaid,39,1,0,0,11,0,0
P01448,H10,59,M,Medicaid,23,1,2,0,4,0,0
P01449,H18,76,M,Medicare,94,2,0,0,6,0,0
P01450,H16,56,F,Commercial,28,3,1,0,6,0,0
P01451,H03,86,M,Medicare,32,3,0,0,3,0,1
P01452,H06,68,F,Medicare,57,1,1,0,9,0,0
P01453,H03,58,M,Commercial,64,1,2,1,7,0,0
P01454,H05,84,F,Commercial,67,0,0,1,6,0,0
P01455,H17,79,M,Commercial,83,3,0,1,11,1,1
P01456,H08,49,F,Medicare,18,2,0,0,9,0,0
P01457,H06,59,M,Medicaid,66,2,2,1,6,1,0
P01458,H06,63,M,Commercial,54,0,2,0,5,0,1
P01459,H01,44,F,Medicare,70,2,1,0,5,0,0
P01460,H02,69,M,Medicare,8,2,1,0,5,0,0
P01461,H20,81,F,Medicare,48,1,1,1,4,0,0
P01462,H03,66,F,Medicare,39,1,0,0,3,0,0
P01463,H06,64,F,Commercial,24,2,0,0,4,0,0
P01464,H09,78,F,Medicare,59,4,0,1,6,1,0
P01465,H06,64,M,Medicare,6,2,1,0,3,0,0
P01466,H11,63,F,Medicaid,23,1,1,0,7,0,0
P01467,H17,40,F,Medicare,48,1,0,1,5,0,0
P01468,H19,69,M,Medicaid,48,5,1,0,7,0,0
P01469,H01,58,M,Medicare,44,1,0,0,4,0,0
P01470,H11,47,M,Commercial,18,1,2,0,3,0,0
P01471,H14,61,F,Medicare,22,2,0,1,5,0,0
P01472,H10,69,F,Commercial,33,1,2,0,5,0,0
P01473,H07,84,F,Medicare,76,1,0,0,7,1,0
P01474,H08,65,F,Medicare,41,4,1,1,4,0,1
P01475,H11,68,F,Commercial,53,3,0,0,9,0,0
P01476,H15,74,M,Medicaid,24,2,1,0,5,0,0
P01477,H06,67,M,Medicare,68,2,2,1,6,0,0
P01478,H05,43,M,Medicare,77,0,0,0,6,1,0
P01479,H17,87,F,Medicare,40,2,1,0,5,0,0
P01480,H15,81,F,Medicare,47,4,1,1,8,1,0
P01481,H18,62,M,Medicare,64,0,1,0,7,0,0
P01482,H20,61,F,Commercial,15,2,0,0,4,0,1
P01483,H08,61,F,Medicare,24,3,2,0,5,0,0
P01484,H20,71,F,Medicare,47,0,0,0,4,0,0
P01485,H01,83,M,Medicare,51,7,2,0,4,1,1
P01486,H16,81,F,Medicare,57,1,0,0,10,0,0
P01487,H17,92,F,Medicare,33,1,1,0,3,0,0
P01488,H10,69,F,Commercial,53,1,0,1,6,0,0
P01489,H01,80,M,Commercial,11,3,0,1,3,0,0
P01490,H09,56,M,Medicare,43,3,0,0,6,0,0
P01491,H06,76,M,Commercial,36,0,0,0,4,0,0
P01492,H06,56,M,Medicare,61,1,0,0,6,0,0
P01493,H09,69,M,Medicaid,74,4,2,1,6,1,0
P01494,H09,66,M,Medicare,52,2,1,0,6,0,0
P01495,H06,58,F,Commercial,62,3,0,0,12,1,0
P01496,H15,89,F,Medicare,25,1,1,0,3,0,0
P01497,H01,60,M,Medicare,16,1,2,0,4,0,0
P01498,H02,59,M,Medicare,38,2,1,0,4,0,0
P01499,H19,82,F,Medicare,34,2,0,1,4,0,0
P01500,H06,31,F,Medicare,10,2,0,1,3,0,0
P01501,H04,77,F,Commercial,42,5,0,1,4,0,0
P01502,H19,69,M,Medicare,68,3,0,1,5,0,1
P01503,H07,79,M,Medicare,18,3,0,0,6,1,0
P01504,H08,60,F,Medicare,35,0,1,0,8,0,0
P01505,H08,67,F,Commercial,29,3,0,0,3,0,0
P01506,H10,66,F,Commercial,41,2,1,0,6,0,0
P01507,H19,66,M,Commercial,57,1,0,0,5,0,0
P01508,H16,43,M,Commercial,8,2,2,0,5,0,0
P01509,H07,72,M,Medicaid,1,1,0,1,3,1,0
P01510,H08,55,M,Medicare,52,1,1,1,6,0,0
P01511,H10,67,M,Commercial,61,3,3,0,6,0,1
P01512,H02,75,F,Commercial,65,1,0,0,5,0,0
P01513,H17,54,M,Medicare,40,1,0,0,11,0,0
P01514,H13,75,M,Medicare,24,3,0,1,3,0,0
P01515,H07,88,M,Commercial,69,1,0,0,5,1,0
P01516,H18,68,F,Commercial,72,2,0,1,8,0,0
P01517,H14,73,F,Commercial,36,3,1,1,5,0,0
P01518,H20,80,F,Medicare,68,1,2,0,5,1,0
P01519,H08,69,F,Medicare,54,2,0,1,4,1,0
P01520,H14,80,F,Commercial,49,3,0,1,5,0,0
P01521,H01,48,F,Medicare,53,2,2,0,5,0,0
P01522,H06,74,M,Medicaid,65,1,2,0,4,0,1
P01523,H03,84,M,Medicaid,56,1,0,0,4,0,0
P01524,H08,37,M,Commercial,41,2,1,1,4,0,1
P01525,H01,79,F,Medicare,79,3,0,0,7,0,0
P01526,H17,68,F,Medicare,72,2,1,0,9,1,0
P01527,H02,52,M,Medicare,71,3,0,0,10,1,0
P01528,H02,73,M,Medicare,42,4,1,0,4,0,0
P01529,H03,78,F,Commercial,13,2,0,0,3,0,0
P01530,H07,60,F,Medicare,65,5,0,0,7,1,1
P01531,H14,61,M,Medicare,68,2,2,1,6,0,1
P01532,H09,88,M,Commercial,10,2,2,0,4,0,0
P01533,H20,48,F,Medicare,18,1,0,0,8,0,0
P01534,H06,67,F,Medicare,58,1,0,1,5,0,0
P01535,H19,67,F,Commercial,51,1,0,0,5,0,0
P01536,H08,81,M,Medicare,28,4,1,1,3,0,0
P01537,H07,84,F,Medicare,13,1,0,0,2,1,0
P01538,H12,70,M,Commercial,69,1,0,0,5,1,0
P01539,H19,77,F,Commercial,49,2,0,1,5,0,0
P01540,H03,49,F,Medicare,54,0,1,1,8,0,0
P01541,H12,38,M,Medicaid,25,1,1,1,4,0,0
P01542,H16,89,M,Medicare,40,3,1,0,5,0,0
P01543,H05,62,M,Medicare,41,2,1,0,5,1,0
P01544,H04,51,F,Medicaid,72,2,0,0,6,1,0
P01545,H12,63,F,Commercial,38,0,1,0,4,0,0
P01546,H15,66,F,Commercial,46,7,1,0,6,0,0
P01547,H08,64,F,Commercial,22,1,1,0,4,0,0
P01548,H12,51,F,Commercial,60,2,0,0,5,0,1
P01549,H10,61,F,Medicaid,11,1,0,1,2,0,0
P01550,H14,58,M,Medicare,46,2,1,0,6,1,0
P01551,H05,52,F,Commercial,24,2,0,0,4,0,0
P01552,H09,73,M,Medicare,76,3,1,0,7,1,0
P01553,H09,78,M,Medicare,77,4,0,1,7,1,0
P01554,H12,80,M,Commercial,33,2,0,0,7,0,0
P01555,H09,71,F,Medicare,56,1,1,0,5,1,0
P01556,H08,63,F,Commercial,71,2,0,0,5,1,0
P01557,H03,50,M,Medicare,75,2,0,0,6,0,0
P01558,H20,56,M,Commercial,39,4,2,0,5,0,1
P01559,H18,65,M,Commercial,36,4,2,0,9,0,0
P01560,H13,72,M,Medicaid,51,2,2,1,4,0,0
P01561,H04,66,F,Medicare,61,1,0,1,14,1,0
P01562,H10,65,M,Medicare,64,1,0,0,9,0,0
P01563,H15,54,F,Commercial,27,3,0,0,3,0,0
P01564,H09,73,F,Commercial,61,1,1,0,5,0,0
P01565,H07,78,F,Medicare,48,1,0,0,4,1,0
P01566,H11,69,M,Commercial,62,1,0,0,4,0,0
P01567,H11,66,M,Medicare,13,0,0,1,3,0,0
P01568,H06,61,M,Commercial,57,3,3,0,7,0,0
P01569,H17,86,M,Medicare,52,4,1,0,5,0,0
P01570,H02,73,F,Commercial,28,2,0,0,5,0,0
P01571,H03,71,F,Medicare,72,1,0,0,6,0,0
P01572,H09,47,M,Medicare,26,0,1,0,6,0,0
P01573,H11,77,M,Commercial,70,3,0,0,6,1,0
P01574,H19,80,M,Medicare,57,1,1,0,4,0,0
P01575,H19,66,M,Commercial,36,2,1,0,8,0,0
P01576,H19,69,F,Commercial,64,1,2,0,7,0,0
P01577,H19,86,M,Medicare,61,1,1,0,4,0,0
P01578,H14,61,F,Medicaid,44,3,2,1,4,0,0
P01579,H12,77,F,Medicaid,45,1,1,0,7,1,0
P01580,H02,55,F,Medicare,17,2,1,0,3,0,0
P01581,H17,61,F,Commercial,62,3,1,1,6,0,0
P01582,H07,90,F,Medicare,46,2,1,0,4,1,0
P01583,H17,65,F,Medicare,50,1,1,0,4,0,0
P01584,H19,82,M,Commercial,67,5,0,0,6,1,0
P01585,H19,66,F,Medicare,27,5,0,0,3,0,0
P01586,H11,64,M,Medicare,11,2,1,0,3,0,0
P01587,H08,71,M,Medicare,62,4,0,0,6,1,0
P01588,H19,37,M,Commercial,56,2,0,0,5,0,0
P01589,H02,85,M,Medicare,61,2,0,0,6,0,0
P01590,H04,43,M,Medicare,81,4,1,1,6,1,1
P01591,H13,71,M,Medicaid,70,1,0,0,6,0,1
P01592,H17,76,F,Medicaid,43,2,3,1,4,0,0
P01593,H17,63,F,Medicaid,37,1,0,0,4,0,0
P01594,H13,84,M,Medicare,14,1,2,0,3,0,0
P01595,H10,44,M,Commercial,40,1,0,1,5,0,0
P01596,H12,60,F,Commercial,44,1,0,0,4,0,0
P01597,H03,79,M,Commercial,9,3,2,0,4,0,1
P01598,H10,61,M,Medicare,51,2,1,0,6,1,0
P01599,H04,52,M,Commercial,43,2,1,0,5,0,0
P01600,H19,62,F,Commercial,29,1,0,0,6,0,0
P01601,H08,83,F,Medicare,36,0,0,0,4,0,0
P01602,H12,56,F,Medicaid,42,2,1,0,3,0,0
P01603,H12,71,M,Medicare,36,2,1,0,5,0,0
P01604,H12,72,F,Medicaid,34,1,2,0,5,0,0
P01605,H18,65,M,Medicaid,37,2,0,1,4,0,0
P01606,H11,70,F,Medicare,74,3,0,0,10,1,0
P01607,H03,79,F,Medicare,81,2,0,0,6,0,0
P01608,H12,85,F,Medicare,56,0,0,0,6,0,0
P01609,H04,49,M,Commercial,36,0,0,1,3,0,0
P01610,H07,58,F,Medicare,67,2,1,0,6,1,0
P01611,H04,49,M,Commercial,57,2,1,0,7,0,0
P01612,H09,79,F,Medicare,57,2,1,0,4,0,0
P01613,H14,68,F,Medicare,40,2,0,0,4,0,1
P01614,H12,73,F,Medicaid,58,1,1,1,5,0,0
P01615,H06,58,M,Medicare,49,1,1,0,5,0,0
P01616,H17,65,F,Medicare,14,2,0,0,4,0,0
P01617,H09,70,F,Medicare,40,4,1,0,4,0,0
P01618,H12,63,M,Commercial,74,2,1,0,9,0,1
P01619,H04,49,F,Commercial,20,3,0,0,4,0,0
P01620,H04,71,F,Medicare,60,1,0,0,4,0,0
P01621,H09,52,F,Medicare,17,5,1,0,11,0,0
P01622,H14,70,F,Commercial,24,4,2,0,5,0,0
P01623,H18,60,F,Medicare,32,2,0,1,6,0,0
P01624,H17,69,F,Medicare,22,0,0,0,2,0,0
P01625,H15,58,F,Medicaid,59,1,1,0,7,0,0
P01626,H13,53,F,Medicare,57,4,2,0,5,0,1
P01627,H13,67,M,Medicaid,43,1,0,0,3,0,0
P01628,H09,71,F,Medicare,58,0,1,0,6,0,1
P01629,H09,65,F,Medicare,16,0,0,0,3,0,0
P01630,H01,96,M,Medicaid,36,1,0,0,5,0,0
P01631,H04,69,M,Medicaid,66,1,1,0,10,0,0
P01632,H11,69,F,Medicare,8,1,1,0,2,0,0
P01633,H06,59,M,Medicare,36,2,1,0,4,0,0
P01634,H07,59,F,Medicaid,68,2,0,1,6,1,0
P01635,H15,64,M,Medicare,67,1,1,0,9,0,1
P01636,H10,68,F,Medicare,35,1,1,1,7,0,0
P01637,H20,87,M,Medicare,36,2,1,0,3,0,0
P01638,H03,69,F,Commercial,20,2,1,0,3,0,0
P01639,H17,81,F,Medicare,21,1,0,0,4,0,0
P01640,H16,72,M,Medicare,81,1,0,0,6,0,0
P01641,H18,77,M,Commercial,36,2,1,1,14,0,0
P01642,H14,50,M,Medicare,54,0,0,0,7,0,0
P01643,H12,63,F,Commercial,51,1,0,1,9,0,0
P01644,H06,70,F,Medicare,37,2,0,1,6,0,0
P01645,H16,71,M,Commercial,53,0,1,1,11,0,0
P01646,H01,84,M,Medicare,41,2,0,1,4,0,0
P01647,H07,60,F,Commercial,58,2,2,1,6,1,0
P01648,H04,75,M,Medicaid,60,4,1,0,7,1,1
P01649,H08,48,F,Medicare,73,1,1,0,8,0,0
P01650,H13,71,F,Medicare,17,2,0,1,4,0,0
P01651,H19,71,F,Commercial,14,3,0,0,3,0,0
P01652,H16,61,F,Commercial,6,1,1,1,2,0,0
P01653,H20,86,F,Medicare,38,3,1,0,5,0,1
P01654,H01,67,M,Medicaid,60,2,1,0,8,0,0
P01655,H09,84,F,Medicare,26,4,0,0,5,0,0
P01656,H05,60,M,Medicare,48,2,0,0,5,0,0
P01657,H04,99,F,Medicare,52,3,1,0,4,1,0
P01658,H11,71,F,Commercial,75,2,2,0,9,0,0
P01659,H04,35,F,Medicare,87,1,2,0,7,1,0
P01660,H16,63,F,Commercial,25,1,0,0,4,0,0
P01661,H02,79,F,Medicare,83,0,1,1,12,1,0
P01662,H14,82,M,Medicaid,33,0,0,0,8,0,0
P01663,H05,56,F,Commercial,34,4,1,1,4,1,0
P01664,H14,50,M,Commercial,41,1,0,0,6,0,0
P01665,H12,99,M,Medicaid,63,0,0,1,6,0,0
P01666,H01,84,M,Commercial,50,1,0,1,5,0,0
P01667,H16,69,M,Medicare,40,2,1,0,4,0,1
P01668,H01,74,M,Medicare,13,1,1,1,7,0,0
P01669,H20,79,M,Medicaid,50,1,1,0,4,0,0
P01670,H08,85,M,Commercial,60,3,0,0,6,1,0
P01671,H07,75,F,Commercial,27,2,1,0,7,1,0
P01672,H20,76,M,Medicare,53,0,2,1,5,0,0
P01673,H14,78,M,Medicare,38,1,0,1,5,0,0
P01674,H12,47,M,Medicare,18,2,0,0,4,0,0
P01675,H03,60,M,Medicare,45,5,1,1,5,0,0
P01676,H07,68,M,Commercial,43,3,2,1,5,1,0
P01677,H18,75,M,Medicare,62,3,2,0,6,1,1
P01678,H13,60,F,Medicare,60,6,4,0,4,1,1
P01679,H20,50,F,Medicare,31,1,0,0,3,0,0
P01680,H11,67,M,Medicaid,36,3,0,0,3,0,0
P01681,H03,58,M,Medicaid,68,3,0,0,9,1,0
P01682,H09,64,F,Medicare,31,3,1,1,4,0,0
P01683,H04,85,M,Commercial,11,2,0,1,2,0,0
P01684,H14,70,F,Medicare,86,2,0,0,7,0,1
P01685,H03,61,M,Medicare,32,1,2,0,4,0,0
P01686,H16,50,M,Commercial,42,4,0,1,5,0,0
P01687,H14,55,M,Medicare,67,1,4,1,5,0,1
P01688,H10,72,M,Medicare,34,2,3,0,4,0,0
P01689,H07,79,F,Medicare,45,2,1,1,4,1,0
P01690,H02,75,M,Medicare,55,2,0,0,5,0,0
P01691,H08,74,M,Commercial,36,5,0,1,7,0,0
P01692,H20,72,M,Medicare,14,5,2,0,3,0,0
P01693,H02,49,M,Medicare,51,0,2,0,7,0,0
P01694,H17,45,M,Commercial,74,2,1,1,6,0,0
P01695,H10,52,M,Medicaid,62,0,1,1,6,0,0
P01696,H19,50,F,Medicaid,25,3,1,0,4,0,0
P01697,H04,58,M,Commercial,86,5,0,1,7,1,1
P01698,H12,48,F,Commercial,42,6,2,0,7,0,0
P01699,H12,54,F,Medicaid,57,2,1,0,5,0,0
P01700,H15,78,F,Medicaid,52,4,0,1,6,0,0
P01701,H17,54,F,Commercial,37,4,1,0,8,0,1
P01702,H08,70,M,Medicare,54,3,4,1,4,0,0
P01703,H05,40,F,Commercial,68,5,0,0,8,1,0
P01704,H17,70,M,Medicare,48,2,2,0,6,0,0
P01705,H01,41,M,Medicare,36,1,1,0,5,0,0
P01706,H13,78,F,Commercial,56,1,1,0,7,0,0
P01707,H10,48,M,Commercial,22,3,1,0,4,0,0
P01708,H12,82,M,Commercial,33,5,0,0,4,0,0
P01709,H05,67,F,Commercial,77,0,0,1,6,0,0
P01710,H08,99,M,Commercial,83,2,1,1,7,0,1
P01711,H08,85,M,Medicare,25,3,1,1,3,0,0
P01712,H01,74,F,Medicare,47,2,1,0,4,0,1
P01713,H09,72,M,Medicare,38,3,0,0,5,0,0
P01714,H15,59,M,Medicare,2,4,3,0,5,0,0
P01715,H04,63,M,Commercial,69,0,2,0,5,0,0
P01716,H08,50,F,Medicare,70,1,0,0,6,0,0
P01717,H15,67,M,Medicare,30,1,1,0,4,0,1
P01718,H12,55,M,Medicare,42,1,1,0,7,0,0
P01719,H07,67,F,Medicare,34,1,0,0,8,1,0
P01720,H09,59,M,Medicare,15,2,0,0,9,0,0
P01721,H02,69,F,Medicare,61,3,1,0,7,1,0
P01722,H20,62,M,Medicare,54,2,1,0,6,0,0
P01723,H08,66,F,Commercial,29,1,1,0,5,0,0
P01724,H17,77,F,Medicare,69,0,0,1,5,0,0
P01725,H16,79,F,Medicare,32,0,1,0,12,0,0
P01726,H01,54,F,Medicare,27,1,0,1,6,0,0
P01727,H11,49,M,Medicaid,81,2,0,1,15,0,0
P01728,H02,79,F,Medicare,21,4,0,0,5,0,0
P01729,H11,58,F,Medicare,42,0,0,0,6,0,0
P01730,H16,46,F,Commercial,87,2,1,0,8,1,0
P01731,H02,85,M,Commercial,58,1,3,0,5,0,0
P01732,H14,79,F,Medicare,36,6,0,1,4,0,0
P01733,H09,97,M,Medicare,16,3,0,0,3,0,1
P01734,H19,91,M,Commercial,9,3,0,0,3,0,0
P01735,H15,63,F,Medicare,63,2,0,0,8,0,0
P01736,H04,42,F,Medicaid,45,4,0,1,4,0,0
P01737,H03,81,M,Medicaid,24,2,1,0,5,0,0
P01738,H09,49,F,Medicare,31,0,0,0,3,0,0
P01739,H13,72,M,Medicare,28,2,3,0,5,0,0
P01740,H13,83,M,Medicaid,14,3,0,1,3,0,0
P01741,H06,75,M,Medicare,39,1,0,0,4,0,0
P01742,H10,49,M,Commercial,66,0,0,0,7,0,0
P01743,H15,53,M,Medicare,36,1,0,0,6,0,0
P01744,H08,47,M,Medicare,61,3,0,0,7,0,0
P01745,H13,75,F,Commercial,43,1,1,0,4,0,0
P01746,H01,58,F,Medicare,58,1,0,0,5,0,1
P01747,H02,64,M,Medicare,36,1,1,1,8,0,0
P01748,H01,71,F,Medicaid,19,6,0,1,4,0,0
P01749,H18,71,M,Commercial,61,1,0,1,5,0,0
P01750,H12,53,M,Medicare,43,2,0,0,4,0,0
P01751,H15,62,M,Medicare,26,1,1,1,11,0,0
P01752,H06,74,F,Commercial,45,3,1,0,4,0,0
P01753,H01,46,M,Medicare,57,1,0,1,6,0,0
P01754,H06,54,M,Medicare,66,1,1,0,8,0,0
P01755,H18,57,F,Commercial,20,0,0,1,3,0,0
P01756,H01,58,M,Medicare,47,3,0,0,11,0,0
P01757,H19,59,M,Medicaid,36,2,1,0,7,0,0
P01758,H03,46,M,Medicare,67,1,0,0,8,0,0
P01759,H02,79,M,Medicare,31,1,1,0,5,0,0
P01760,H11,79,M,Commercial,23,4,0,0,5,0,0
P01761,H16,73,F,Commercial,82,3,1,0,8,1,0
P01762,H10,55,M,Medicare,73,1,0,1,7,0,0
P01763,H16,63,F,Medicare,19,2,1,0,2,0,0
P01764,H03,60,M,Medicaid,62,3,1,0,5,1,0
P01765,H17,94,F,Medicaid,21,2,1,0,4,0,0
P01766,H13,81,F,Medicare,20,1,0,0,5,0,0
P01767,H05,80,M,Medicare,22,3,0,1,4,0,0
P01768,H07,74,M,Medicare,18,0,1,0,2,1,0
P01769,H05,79,M,Medicaid,71,4,0,0,7,1,0
P01770,H15,82,M,Medicare,23,0,1,0,7,0,0
P01771,H13,59,F,Commercial,37,1,1,1,5,0,0
P01772,H08,89,F,Medicare,36,1,1,0,8,0,0
P01773,H15,77,F,Medicare,52,0,2,1,11,0,0
P01774,H05,68,M,Medicaid,23,1,2,1,4,0,0
P01775,H19,54,M,Medicare,33,3,0,0,9,0,1
P01776,H19,59,M,Medicare,9,2,1,0,2,0,1
P01777,H03,72,F,Medicare,76,1,0,0,6,0,1
P01778,H02,54,F,Medicare,35,0,0,1,4,0,0
P01779,H12,63,F,Medicare,55,2,1,0,6,0,0
P01780,H09,59,M,Medicare,62,3,3,0,7,1,0
P01781,H02,46,M,Medicare,79,4,1,0,15,1,0
P01782,H10,45,M,Commercial,10,5,0,0,3,0,0
P01783,H02,70,M,Commercial,19,3,2,0,3,0,0
P01784,H06,43,F,Medicaid,31,2,0,0,4,0,0
P01785,H11,59,M,Medicare,38,2,1,0,3,0,0
P01786,H16,45,F,Medicare,13,5,0,0,4,0,0
P01787,H11,72,F,Medicare,15,3,2,0,4,0,0
P01788,H03,53,M,Commercial,22,2,1,0,6,0,0
P01789,H08,67,F,Medicaid,57,2,1,0,9,0,0
P01790,H16,61,M,Medicare,33,4,1,0,4,0,0
P01791,H09,96,F,Medicare,48,2,0,1,5,0,0
P01792,H19,74,F,Medicare,34,1,1,0,4,0,0
P01793,H19,51,M,Medicare,53,3,0,0,5,0,0
P01794,H14,61,M,Medicare,63,2,1,0,6,0,0
P01795,H10,50,M,Medicare,30,1,0,1,7,0,0
P01796,H02,55,F,Medicaid,70,2,0,1,5,0,0
P01797,H15,57,F,Medicaid,43,4,2,1,9,0,0
P01798,H13,76,F,Medicare,31,2,1,1,3,0,0
P01799,H04,50,F,Medicare,63,1,0,0,4,0,1
P01800,H17,70,M,Medicare,51,2,0,0,5,0,0
P01801,H06,43,F,Commercial,39,3,2,1,4,0,0
P01802,H15,55,F,Commercial,40,3,0,0,5,0,0
P01803,H18,57,F,Commercial,71,2,0,0,5,0,0
P01804,H03,64,F,Medicaid,28,1,1,0,5,0,0
P01805,H08,59,M,Medicare,70,3,0,0,5,1,0
P01806,H20,55,F,Medicare,24,2,0,0,4,0,0
P01807,H02,65,M,Medicare,70,0,0,1,11,0,0
P01808,H01,68,F,Medicare,29,1,0,0,6,0,0
P01809,H02,65,F,Medicaid,16,8,3,1,6,0,0
P01810,H01,51,M,Medicaid,73,2,0,0,5,0,0
P01811,H13,91,F,Medicare,30,5,0,1,4,0,0
P01812,H05,58,M,Medicare,40,1,2,0,3,0,0
P01813,H09,72,F,Medicare,62,3,0,0,6,1,0
P01814,H19,52,F,Medicare,28,0,1,1,4,0,0
P01815,H20,51,M,Medicare,63,0,0,0,5,0,0
P01816,H08,66,F,Medicaid,47,1,0,0,7,0,1
P01817,H16,69,F,Medicaid,21,2,1,0,7,0,0
P01818,H15,96,M,Medicare,33,1,0,0,3,0,0
P01819,H17,42,M,Commercial,49,1,2,1,5,0,0
P01820,H13,58,F,Medicare,43,0,4,1,10,0,1
P01821,H20,81,M,Medicare,40,4,2,1,4,0,0
P01822,H01,67,M,Commercial,34,1,1,0,3,0,0
P01823,H13,53,M,Commercial,70,1,0,0,8,0,0
P01824,H05,79,F,Medicare,29,3,2,1,7,0,0
P01825,H19,73,M,Medicare,58,1,0,0,6,0,0
P01826,H10,79,F,Medicare,82,3,1,0,11,1,0
P01827,H16,76,M,Medicare,74,3,0,1,6,1,1
P01828,H12,67,M,Medicare,51,3,1,0,4,1,0
P01829,H07,86,F,Medicare,73,0,1,1,6,1,0
P01830,H06,83,F,Medicare,20,0,1,0,2,0,0
P01831,H11,74,M,Medicare,51,0,0,1,6,0,0
P01832,H15,77,M,Medicaid,76,2,2,0,7,0,0
P01833,H18,63,M,Commercial,68,4,0,0,5,1,0
P01834,H17,48,F,Commercial,52,2,1,0,5,0,0
P01835,H06,27,M,Medicaid,22,2,1,0,7,0,0
P01836,H13,79,M,Commercial,54,1,3,0,5,0,0
P01837,H09,52,M,Commercial,24,1,1,0,6,0,0
P01838,H14,96,F,Medicare,83,5,2,0,10,1,0
P01839,H02,77,F,Medicare,70,3,0,0,5,1,0
P01840,H15,88,M,Medicare,48,1,2,0,5,0,0
P01841,H08,66,M,Medicare,46,2,1,0,6,0,0
P01842,H14,89,M,Commercial,71,1,2,0,6,1,0
P01843,H12,62,F,Medicaid,19,1,0,0,4,0,0
P01844,H04,52,M,Medicare,51,4,1,0,5,0,0
P01845,H09,77,F,Medicaid,40,2,0,1,6,0,1
P01846,H09,87,F,Commercial,41,3,0,1,8,0,0
P01847,H18,86,F,Medicaid,11,1,0,0,2,0,0
P01848,H12,29,M,Medicaid,51,2,1,0,7,0,0
P01849,H03,71,M,Medicare,87,5,0,0,6,1,1
P01850,H16,47,F,Medicare,33,3,1,0,4,0,0
P01851,H07,43,M,Commercial,83,1,0,1,9,1,0
P01852,H10,83,M,Medicaid,21,4,1,0,3,0,0
P01853,H07,50,F,Medicaid,22,0,2,0,5,1,0
P01854,H05,63,M,Commercial,52,2,0,0,4,0,0
P01855,H17,53,F,Commercial,29,4,1,1,5,0,0
P01856,H14,76,F,Medicare,19,1,2,1,3,0,1
P01857,H06,99,F,Medicare,24,2,2,0,4,0,0
P01858,H07,70,F,Medicare,21,1,0,0,5,1,0
P01859,H01,62,M,Medicare,88,1,1,0,9,0,0
P01860,H09,63,F,Medicare,60,0,1,0,6,0,0
P01861,H07,74,F,Medicare,80,2,2,0,7,1,0
P01862,H16,71,F,Commercial,30,2,0,1,3,0,0
P01863,H07,53,F,Medicare,24,3,1,0,7,1,0
P01864,H18,76,M,Commercial,32,0,0,0,8,0,0
P01865,H07,67,F,Medicare,55,3,0,1,4,1,0
P01866,H14,58,F,Medicare,18,2,0,0,4,0,0
P01867,H20,48,F,Medicaid,69,4,1,0,9,1,1
P01868,H01,79,M,Commercial,39,2,2,0,4,0,0
P01869,H05,66,M,Medicare,63,7,2,0,7,1,1
P01870,H04,78,M,Commercial,58,3,2,0,4,0,0
P01871,H09,88,M,Medicare,74,2,3,0,12,0,0
P01872,H11,63,M,Commercial,55,1,1,0,9,0,0
P01873,H19,77,F,Commercial,23,0,0,1,6,0,0
P01874,H16,72,M,Medicare,26,1,2,0,4,0,1
P01875,H18,61,F,Medicare,55,1,1,0,5,1,0
P01876,H16,62,M,Medicare,30,2,3,0,3,0,0
P01877,H02,67,F,Medicaid,55,1,0,0,7,0,0
P01878,H14,75,F,Medicare,71,1,1,1,6,0,1
P01879,H04,84,M,Medicare,93,1,1,0,6,0,1
P01880,H05,70,M,Commercial,60,5,0,0,5,1,1
P01881,H12,71,F,Commercial,63,5,0,0,5,1,1
P01882,H04,63,F,Medicare,37,3,0,0,4,0,0
P01883,H17,53,M,Medicare,6,2,0,0,3,0,0
P01884,H18,51,M,Medicare,76,3,1,0,5,1,1
P01885,H18,58,F,Medicare,17,1,0,1,3,0,0
P01886,H13,45,F,Medicaid,44,0,0,0,3,0,0
P01887,H09,81,F,Medicare,8,2,3,0,2,0,0
P01888,H01,77,F,Commercial,20,6,0,0,5,0,0
P01889,H02,66,M,Medicare,5,2,0,0,3,0,0
P01890,H09,50,F,Commercial,35,3,0,0,10,1,0
P01891,H03,60,M,Medicare,63,1,1,0,5,0,0
P01892,H16,99,F,Medicare,81,3,3,1,7,1,1
P01893,H18,79,M,Commercial,57,1,0,0,6,0,0
P01894,H13,60,M,Medicare,80,1,3,0,7,1,0
P01895,H14,48,F,Medicare,34,2,0,0,3,0,0
P01896,H19,87,F,Commercial,37,2,0,0,8,0,1
P01897,H09,56,M,Medicare,47,2,1,1,8,0,0
P01898,H17,59,M,Medicare,36,1,2,0,5,0,0
P01899,H15,55,F,Medicaid,62,2,2,0,9,0,0
P01900,H01,60,M,Medicare,38,1,1,1,6,0,0
P01901,H03,66,F,Medicare,37,2,1,0,4,0,0
P01902,H14,60,M,Commercial,40,2,0,0,6,0,0
P01903,H11,68,M,Medicare,48,2,0,0,6,0,0
P01904,H12,52,F,Commercial,25,4,2,1,4,0,0
P01905,H14,69,M,Medicaid,38,3,0,0,3,0,0
P01906,H12,67,M,Commercial,53,3,2,0,5,0,1
P01907,H07,78,F,Medicare,68,2,1,0,5,1,0
P01908,H01,55,F,Medicare,61,2,0,0,11,0,0
P01909,H02,69,F,Medicare,72,1,0,0,5,0,0
P01910,H11,60,F,Medicare,75,1,2,0,7,0,0
P01911,H17,82,F,Medicare,30,1,1,0,8,0,0
P01912,H09,81,F,Medicaid,31,0,1,1,9,0,0
P01913,H06,78,F,Commercial,33,0,0,0,4,0,0
P01914,H06,73,M,Medicare,44,3,0,1,6,0,0
P01915,H20,80,F,Medicaid,42,4,1,0,5,0,0
P01916,H13,75,M,Medicare,90,3,0,0,9,1,0
P01917,H12,78,F,Commercial,49,2,0,0,5,0,0
P01918,H05,61,M,Medicare,76,3,0,1,7,1,0
P01919,H04,55,F,Medicaid,79,1,0,0,7,0,0
P01920,H14,55,F,Commercial,30,2,0,0,6,1,0
P01921,H13,70,M,Commercial,29,0,1,1,4,0,0
P01922,H06,75,F,Medicare,56,0,0,0,6,0,0
P01923,H18,74,F,Medicare,81,3,1,0,14,1,1
P01924,H20,59,F,Medicaid,27,0,0,0,4,0,0
P01925,H15,55,M,Medicaid,74,2,1,0,7,0,0
P01926,H14,61,M,Commercial,68,0,2,0,7,1,0
P01927,H19,74,F,Medicare,71,2,1,0,6,1,0
P01928,H17,81,F,Medicare,24,3,0,0,7,0,0
P01929,H16,60,M,Medicare,51,2,0,1,5,1,0
P01930,H10,78,F,Medicare,26,3,0,0,3,0,0
P01931,H15,77,M,Medicaid,46,4,1,0,5,0,0
P01932,H08,62,M,Medicare,68,0,2,0,8,0,0
P01933,H11,56,F,Commercial,48,2,1,0,5,0,0
P01934,H13,72,F,Commercial,42,0,0,0,3,0,0
P01935,H11,55,M,Medicaid,62,0,1,0,6,0,0
P01936,H13,54,F,Medicare,68,2,2,0,7,0,0
P01937,H11,69,M,Medicare,65,2,1,0,10,0,0
P01938,H17,81,M,Medicaid,93,4,0,1,7,1,1
P01939,H08,89,M,Commercial,74,0,0,0,7,0,0
P01940,H06,57,F,Medicare,22,2,2,0,5,0,0
P01941,H09,75,M,Medicaid,66,0,0,0,11,0,0
P01942,H18,74,F,Medicare,68,2,1,0,8,0,0
P01943,H08,74,F,Medicare,67,3,1,1,12,1,0
P01944,H10,53,M,Medicare,25,0,0,0,7,0,0
P01945,H07,78,M,Medicare,16,0,2,0,6,1,0
P01946,H12,68,M,Medicare,33,2,3,0,5,0,1
P01947,H08,67,M,Medicare,50,5,0,0,8,0,0
P01948,H08,43,M,Medicare,16,2,1,1,6,0,0
P01949,H02,60,M,Medicare,61,2,1,0,11,0,0
P01950,H06,65,M,Medicare,53,4,0,0,8,0,0
P01951,H17,44,F,Medicare,50,1,0,1,5,0,0
P01952,H16,67,F,Commercial,60,0,2,0,10,0,0
P01953,H11,87,F,Medicaid,40,0,0,0,3,0,0
P01954,H15,34,F,Commercial,52,3,0,1,6,0,0
P01955,H04,79,M,Medicare,58,4,1,0,7,0,0
P01956,H03,65,F,Commercial,53,1,1,0,4,1,0
P01957,H09,74,M,Medicare,51,2,1,1,9,0,0
P01958,H16,73,F,Medicare,17,6,1,0,6,0,0
P01959,H04,57,F,Commercial,52,4,0,0,8,0,1
P01960,H06,66,F,Commercial,81,1,1,0,6,0,1
P01961,H09,68,F,Medicaid,23,4,0,0,3,0,0
P01962,H11,65,M,Medicare,57,6,0,0,5,0,0
P01963,H02,60,F,Medicaid,52,7,1,0,6,0,0
P01964,H17,85,M,Medicaid,30,1,0,1,5,0,0
P01965,H14,93,M,Medicare,13,2,0,0,4,0,0
P01966,H04,56,M,Medicare,62,1,0,0,4,0,0
P01967,H08,69,M,Medicare,28,2,0,0,4,0,0
P01968,H07,37,F,Medicare,27,3,1,0,4,1,0
P01969,H04,75,F,Medicare,85,2,0,0,9,0,0
P01970,H13,92,F,Medicaid,54,0,1,0,7,0,0
P01971,H03,67,M,Medicare,31,1,1,0,7,0,0
P01972,H10,78,F,Medicaid,54,4,0,1,5,1,0
P01973,H11,61,M,Commercial,73,1,2,1,8,0,0
P01974,H17,73,M,Medicare,9,1,0,0,3,0,0
P01975,H08,60,M,Commercial,56,1,2,0,6,0,0
P01976,H07,73,M,Medicare,38,1,1,1,4,1,0
P01977,H06,55,M,Commercial,51,3,0,0,4,0,0
P01978,H20,54,M,Medicare,63,1,0,1,7,0,0
P01979,H18,75,F,Medicaid,42,1,0,1,6,0,0
P01980,H14,85,M,Medicare,50,6,1,0,9,0,0
P01981,H19,70,M,Medicare,71,2,0,0,10,0,0
P01982,H16,49,F,Medicare,20,2,2,0,7,0,0
P01983,H17,85,M,Medicare,34,3,1,0,4,0,0
P01984,H09,95,M,Commercial,23,6,2,1,4,0,0
P01985,H19,68,F,Medicare,17,0,1,0,3,0,1
P01986,H05,71,M,Medicare,48,2,1,0,4,0,1
P01987,H17,76,M,Medicare,19,3,1,0,2,0,0
P01988,H08,78,M,Medicare,48,3,0,0,6,0,0
P01989,H20,65,F,Medicaid,39,0,0,0,4,0,0
P01990,H11,67,F,Commercial,29,0,0,0,5,0,0
P01991,H06,46,F,Medicaid,60,1,1,0,8,1,1
P01992,H14,49,F,Medicaid,61,0,1,0,5,0,0
P01993,H01,60,M,Commercial,32,1,1,0,4,0,0
P01994,H10,67,F,Commercial,48,3,1,0,5,0,1
P01995,H08,61,M,Medicaid,54,3,1,1,4,0,1
P01996,H06,47,M,Medicare,33,3,1,0,6,0,0
P01997,H09,77,M,Medicaid,11,1,0,0,3,0,0
P01998,H14,54,M,Medicare,27,1,1,0,3,0,0
P01999,H20,65,M,Medicare,66,4,0,0,6,0,1
P02000,H20,70,F,Medicare,48,3,0,0,4,0,1
P02001,H17,72,F,Commercial,36,1,1,1,3,0,0
P02002,H10,39,F,Medicare,18,1,0,1,2,0,0
P02003,H11,80,F,Medicare,39,3,0,0,3,0,0
P02004,H06,51,M,Commercial,64,2,2,0,5,0,0
P02005,H17,69,F,Medicare,46,3,0,0,4,0,0
P02006,H16,59,F,Commercial,26,2,0,1,5,0,0
P02007,H14,60,M,Medicare,64,3,1,1,8,1,0
P02008,H06,97,M,Medicaid,14,2,1,0,3,0,0
P02009,H17,82,F,Medicare,85,2,2,1,7,0,1
P02010,H11,63,F,Medicare,40,3,1,0,6,0,0
P02011,H04,80,M,Medicare,33,3,1,0,8,0,0
P02012,H09,54,F,Medicare,79,2,1,0,6,0,1
P02013,H05,63,F,Medicaid,50,2,0,0,6,0,0
P02014,H10,59,M,Commercial,57,2,0,1,4,0,1
P02015,H20,72,M,Medicare,64,1,0,0,6,0,0
P02016,H06,51,M,Medicare,79,1,0,0,6,0,0
P02017,H05,82,M,Medicare,54,2,0,0,6,1,0
P02018,H08,85,M,Medicare,72,0,1,0,5,0,1
P02019,H16,63,F,Medicare,17,2,0,0,6,0,0
P02020,H19,67,M,Medicare,23,1,0,0,4,0,0
P02021,H05,80,M,Medicare,33,0,0,0,3,0,0
P02022,H09,68,M,Commercial,58,2,0,0,5,0,0
P02023,H06,69,M,Commercial,74,5,0,0,6,1,1
P02024,H14,57,F,Medicare,38,1,0,0,3,0,0
P02025,H15,58,M,Medicare,72,0,0,0,7,0,0
P02026,H19,35,F,Medicare,45,0,0,0,7,0,0
P02027,H12,80,F,Medicare,18,1,0,1,7,0,0
P02028,H10,76,F,Commercial,29,1,2,0,4,0,0
P02029,H16,66,F,Medicare,65,4,0,0,7,1,0
P02030,H17,69,F,Medicare,27,3,2,1,5,0,1
P02031,H19,69,M,Medicare,35,5,0,0,3,0,0
P02032,H03,63,F,Medicaid,77,4,0,0,6,1,0
P02033,H14,46,M,Medicare,48,6,0,1,3,0,0
P02034,H19,64,M,Medicare,78,1,1,0,5,1,1
P02035,H11,65,M,Medicare,55,1,1,0,4,0,0
P02036,H08,74,F,Medicaid,16,2,0,0,6,0,0
P02037,H17,75,M,Commercial,65,2,0,0,5,0,0
P02038,H01,74,M,Medicare,36,1,2,0,4,0,0
P02039,H11,69,M,Commercial,67,2,0,0,5,0,0
P02040,H20,72,M,Commercial,34,1,1,1,3,0,0
P02041,H07,65,M,Medicaid,60,1,1,0,5,1,0
P02042,H13,73,F,Commercial,33,1,0,1,6,0,0
P02043,H16,67,F,Medicare,51,5,0,0,5,1,0
P02044,H01,74,F,Medicare,34,3,0,0,3,0,0
P02045,H20,55,M,Medicaid,56,2,0,0,4,0,1
P02046,H18,86,M,Medicare,9,1,3,1,5,0,0
P02047,H01,64,M,Medicare,40,1,0,0,4,0,0
P02048,H04,57,F,Commercial,47,6,0,0,7,0,0
P02049,H05,57,M,Medicare,64,4,0,0,8,1,0
P02050,H05,75,F,Medicare,29,3,0,0,5,0,0
P02051,H09,82,M,Medicare,37,3,1,0,3,0,0
P02052,H13,70,M,Medicaid,16,1,0,0,4,0,0
P02053,H18,77,F,Medicare,64,2,0,0,6,0,0
P02054,H10,48,F,Medicare,41,4,1,0,6,0,0
P02055,H15,72,F,Medicaid,40,0,0,1,6,0,0
P02056,H07,66,F,Medicare,35,3,1,1,4,1,0
P02057,H02,76,F,Commercial,21,0,1,0,3,0,0
P02058,H04,64,F,Medicare,6,4,0,1,10,0,0
P02059,H08,52,F,Medicare,42,6,1,1,5,0,0
P02060,H14,60,M,Medicare,40,0,0,1,4,0,0
P02061,H07,67,M,Commercial,65,3,2,1,4,1,0
P02062,H14,84,F,Commercial,37,0,0,1,7,0,1
P02063,H09,63,M,Medicare,50,6,0,0,4,0,1
P02064,H14,80,F,Medicaid,20,0,1,0,3,0,0
P02065,H19,53,F,Medicare,43,2,0,0,6,0,0
P02066,H06,59,F,Medicaid,72,0,0,1,7,0,0
P02067,H02,78,F,Medicare,27,3,2,1,5,0,1
P02068,H18,79,M,Medicaid,49,3,0,0,5,0,0
P02069,H15,80,F,Medicare,76,2,0,0,7,1,0
P02070,H05,74,M,Medicaid,41,1,1,0,4,0,0
P02071,H13,73,M,Medicare,27,2,0,1,3,0,0
P02072,H16,75,F,Medicare,55,0,0,0,6,0,0
P02073,H16,82,F,Medicare,71,1,1,0,5,0,0
P02074,H20,51,F,Medicare,21,7,0,0,4,0,1
P02075,H02,74,F,Medicare,72,1,3,1,6,1,0
P02076,H12,82,M,Medicare,28,1,2,1,3,0,0
P02077,H08,92,M,Medicaid,34,5,3,0,10,1,0
P02078,H05,68,F,Medicare,34,2,3,0,4,0,0
P02079,H10,64,F,Medicare,48,1,1,0,4,0,0
P02080,H09,65,F,Medicare,35,1,0,0,6,0,0
P02081,H07,66,M,Medicare,45,2,1,1,4,1,0
P02082,H05,48,F,Medicare,65,2,1,0,8,0,0
P02083,H18,79,F,Medicare,22,4,1,0,4,0,0
P02084,H07,74,M,Medicaid,41,0,2,0,4,1,0
P02085,H11,77,F,Medicare,58,3,2,0,7,0,0
P02086,H02,43,F,Medicare,18,2,0,0,4,0,0
P02087,H20,92,M,Medicare,49,0,3,1,5,0,0
P02088,H04,58,M,Medicare,15,2,5,0,4,0,1
P02089,H02,62,M,Commercial,52,1,2,0,6,0,1
P02090,H19,62,M,Medicare,68,3,0,0,5,1,1
P02091,H15,50,M,Medicare,16,3,2,0,5,1,0
P02092,H13,39,M,Medicaid,14,2,0,0,3,0,0
P02093,H13,91,F,Medicare,53,1,1,0,9,0,0
P02094,H03,67,F,Commercial,35,3,3,0,5,0,0
P02095,H16,63,M,Medicare,37,5,0,0,3,0,0
P02096,H15,74,M,Medicare,41,2,0,0,5,0,0
P02097,H14,49,M,Commercial,36,0,1,0,4,0,0
P02098,H02,58,M,Medicare,81,1,3,0,7,1,0
P02099,H20,71,M,Commercial,27,1,1,1,5,0,0
P02100,H06,74,M,Medicare,32,3,0,0,3,0,0
P02101,H20,70,F,Medicare,13,2,2,0,3,0,0
P02102,H17,61,M,Medicaid,17,4,0,0,4,0,0
P02103,H13,96,F,Medicare,41,0,2,0,6,0,0
P02104,H01,69,F,Medicare,24,2,0,0,4,0,0
P02105,H04,62,F,Medicaid,50,2,1,0,4,0,0
P02106,H11,74,F,Medicare,71,4,0,1,7,1,1
P02107,H19,77,F,Medicare,27,4,0,1,3,0,0
P02108,H03,50,F,Medicare,49,3,1,1,6,0,0
P02109,H03,47,M,Medicaid,9,2,1,0,4,0,0
P02110,H09,51,M,Medicare,26,2,0,1,6,0,0
P02111,H11,68,M,Medicare,43,1,0,1,5,0,0
P02112,H16,82,F,Medicare,15,1,0,0,5,0,0
P02113,H17,80,M,Medicare,18,2,4,0,3,0,0
P02114,H05,74,M,Medicare,50,1,1,0,4,0,0
P02115,H08,66,F,Commercial,57,3,0,0,11,0,0
P02116,H20,47,F,Medicare,39,2,0,0,7,0,1
P02117,H09,47,F,Commercial,3,2,2,0,5,0,0
P02118,H15,64,M,Commercial,31,0,0,0,6,0,0
P02119,H02,63,M,Commercial,8,2,1,0,3,0,0
P02120,H10,55,M,Commercial,55,3,0,0,5,1,0
P02121,H05,88,M,Commercial,71,2,0,0,7,0,0
P02122,H03,54,F,Medicaid,14,1,2,0,2,0,0
P02123,H17,47,M,Commercial,57,2,0,1,5,0,0
P02124,H09,63,M,Medicare,35,0,1,0,5,0,0
P02125,H18,79,M,Commercial,53,3,0,0,9,0,0
P02126,H11,84,F,Medicare,77,2,1,1,6,0,0
P02127,H11,71,M,Medicaid,90,3,0,1,7,1,1
P02128,H17,75,F,Commercial,36,2,1,0,4,0,0
P02129,H06,59,M,Commercial,22,1,2,0,16,0,0
P02130,H08,76,F,Commercial,9,1,1,0,2,0,0
P02131,H12,55,F,Medicare,64,5,0,0,7,1,1
P02132,H03,51,M,Medicare,11,2,1,0,2,0,0
P02133,H07,85,M,Medicare,58,3,0,1,4,1,1
P02134,H04,78,F,Medicaid,68,1,2,0,5,0,1
P02135,H05,61,F,Medicare,38,1,0,0,8,0,0
P02136,H19,63,F,Medicare,96,2,1,0,11,0,1
P02137,H17,44,M,Medicare,41,1,0,0,5,0,0
P02138,H11,53,F,Commercial,23,0,1,1,4,0,0
P02139,H11,73,F,Medicare,32,2,1,0,4,0,0
P02140,H13,61,F,Commercial,35,2,0,0,7,0,0
P02141,H10,56,F,Medicare,79,2,0,0,8,1,0
P02142,H07,70,M,Commercial,31,3,1,0,4,1,0
P02143,H11,60,M,Medicare,58,1,1,0,4,0,0
P02144,H05,54,F,Medicare,79,1,1,1,7,0,0
P02145,H05,73,F,Medicare,74,0,1,0,8,0,0
P02146,H13,70,F,Medicaid,47,4,0,0,6,0,0
P02147,H09,53,F,Medicare,58,4,0,1,7,0,0
P02148,H19,82,F,Commercial,43,2,0,0,6,0,0
P02149,H08,79,M,Medicare,17,2,0,0,3,0,0
P02150,H14,24,F,Medicare,28,3,1,1,4,0,0
P02151,H07,90,M,Medicare,78,1,2,0,7,1,0
P02152,H05,45,M,Medicaid,20,1,1,1,2,0,0
P02153,H17,75,M,Medicaid,95,4,2,1,6,1,1
P02154,H19,35,F,Medicaid,68,1,1,0,5,0,0
P02155,H04,53,F,Medicare,43,0,2,0,5,0,0
P02156,H03,46,M,Medicare,33,2,0,0,3,0,0
P02157,H14,39,M,Medicaid,12,1,1,0,3,0,0
P02158,H17,74,F,Medicare,55,2,0,0,6,0,1
P02159,H11,51,M,Medicaid,67,0,0,1,5,0,0
P02160,H20,81,M,Commercial,11,3,1,0,2,0,0
P02161,H04,68,F,Commercial,16,8,1,0,2,0,0
P02162,H04,81,F,Medicare,51,0,1,0,4,1,0
P02163,H11,67,F,Medicare,17,1,1,1,5,0,0
P02164,H08,45,M,Medicare,44,3,0,0,5,0,0
P02165,H14,68,M,Medicare,31,2,3,1,5,0,1
P02166,H08,58,M,Commercial,81,3,0,0,6,1,1
P02167,H08,78,M,Medicare,51,3,0,1,6,0,0
P02168,H13,52,F,Medicaid,25,2,0,0,4,0,0
P02169,H17,94,M,Medicare,47,0,1,0,4,0,0
P02170,H08,70,M,Medicare,74,4,1,1,9,1,1
P02171,H10,56,F,Medicare,31,1,0,1,3,0,0
P02172,H10,78,M,Medicare,13,6,0,1,6,0,0
P02173,H06,69,M,Medicaid,16,1,1,0,6,0,0
P02174,H15,77,M,Medicaid,40,1,0,1,5,0,0
P02175,H17,90,M,Medicare,5,1,0,0,2,0,0
P02176,H20,65,M,Medicare,75,3,0,0,7,1,1
P02177,H10,72,M,Medicaid,45,1,2,1,8,0,0
P02178,H11,52,M,Medicare,22,1,0,0,4,0,0
P02179,H17,78,F,Medicare,53,4,2,0,5,0,0
P02180,H12,62,M,Commercial,77,3,5,0,8,1,1
P02181,H12,52,F,Medicare,17,2,1,0,2,0,0
P02182,H19,43,M,Commercial,38,4,0,1,4,0,0
P02183,H09,82,F,Medicare,46,1,0,0,5,0,0
P02184,H03,65,F,Commercial,82,3,1,0,7,1,1
P02185,H13,93,M,Medicare,46,1,0,0,5,0,0
P02186,H15,77,F,Medicare,49,6,0,1,9,0,0
P02187,H08,55,M,Commercial,88,3,1,0,7,0,1
P02188,H08,85,M,Medicaid,42,4,0,0,3,0,0
P02189,H05,95,M,Medicare,19,2,1,0,3,1,0
P02190,H19,71,M,Commercial,4,1,0,0,2,0,0
P02191,H04,73,M,Commercial,54,6,1,0,5,0,0
P02192,H12,68,F,Medicare,32,5,0,0,3,0,0
P02193,H19,59,F,Medicare,75,2,1,1,8,0,1
P02194,H20,76,M,Medicare,76,2,2,0,10,0,0
P02195,H02,56,M,Medicaid,47,1,1,0,4,0,0
P02196,H11,79,M,Medicare,26,2,0,0,5,0,0
P02197,H15,58,F,Commercial,29,3,1,1,4,0,0
P02198,H09,67,F,Medicare,46,3,1,0,4,0,0
P02199,H04,90,F,Medicare,78,2,0,0,6,1,1
P02200,H06,73,M,Medicare,78,1,0,0,9,0,0
P02201,H11,65,M,Medicaid,57,1,1,0,7,0,0
P02202,H15,82,F,Medicare,24,2,1,0,4,0,0
P02203,H14,79,F,Commercial,81,1,2,0,6,0,0
P02204,H12,67,M,Medicare,10,4,1,0,3,0,0
P02205,H14,70,M,Medicaid,29,2,1,0,4,0,0
P02206,H14,92,F,Medicaid,25,0,1,0,3,0,0
P02207,H14,79,M,Medicare,31,2,0,0,5,0,0
P02208,H15,63,M,Medicare,67,1,0,1,6,0,0
P02209,H17,79,M,Medicaid,21,2,1,0,5,0,0
P02210,H13,63,M,Medicaid,15,2,0,0,3,0,0
P02211,H01,50,F,Medicaid,41,1,0,0,4,0,0
P02212,H02,85,M,Medicaid,51,2,1,0,12,0,0
P02213,H05,52,M,Medicare,62,2,0,0,5,0,1
P02214,H11,62,M,Medicare,63,1,0,1,4,0,0
P02215,H12,36,F,Commercial,65,3,1,0,6,1,0
P02216,H19,70,F,Medicare,66,0,0,1,8,0,0
P02217,H05,56,M,Commercial,45,1,1,0,3,1,0
P02218,H12,88,F,Medicare,73,2,1,1,5,0,1
P02219,H11,67,M,Medicaid,55,3,0,0,6,0,0
P02220,H09,73,M,Medicare,22,3,0,1,3,0,0
P02221,H08,57,M,Commercial,46,0,1,0,6,0,0
P02222,H20,70,M,Medicaid,20,3,0,0,4,0,0
P02223,H06,73,M,Medicare,20,0,1,1,5,0,0
P02224,H05,63,M,Commercial,54,2,0,0,7,0,0
P02225,H08,79,F,Commercial,25,3,0,0,5,0,0
P02226,H19,70,M,Medicaid,44,2,1,0,5,0,0
P02227,H05,73,M,Commercial,28,2,1,1,5,0,0
P02228,H08,50,F,Medicaid,26,7,0,0,6,0,0
P02229,H14,46,F,Medicare,81,0,1,1,6,1,1
P02230,H09,52,F,Medicare,80,4,2,0,7,1,0
P02231,H10,99,F,Medicare,57,1,2,0,5,0,1
P02232,H13,69,M,Commercial,39,1,0,0,7,0,0
P02233,H02,67,F,Commercial,20,1,1,1,2,0,0
P02234,H11,75,M,Medicare,56,3,0,1,6,1,0
P02235,H13,59,M,Commercial,20,4,0,0,2,0,0
P02236,H14,61,M,Commercial,34,1,0,0,5,0,0
P02237,H20,90,F,Commercial,53,2,0,0,6,0,0
P02238,H13,96,M,Medicare,18,3,0,0,7,0,0
P02239,H19,83,M,Medicare,16,1,0,0,3,0,0
P02240,H12,74,F,Medicare,65,2,1,0,5,0,0
P02241,H12,69,F,Commercial,66,4,0,0,12,0,1
P02242,H06,73,F,Commercial,26,1,1,0,4,0,0
P02243,H07,86,M,Medicare,37,3,1,0,6,1,0
P02244,H05,70,F,Medicaid,48,2,0,0,4,1,0
P02245,H18,64,F,Commercial,86,1,2,0,6,0,0
P02246,H14,88,M,Medicare,43,0,0,1,4,0,0
P02247,H14,65,M,Medicare,70,1,0,1,6,1,0
P02248,H15,48,M,Commercial,61,3,0,0,6,1,0
P02249,H14,61,M,Medicaid,39,3,1,0,12,0,0
P02250,H02,63,F,Medicare,32,4,2,1,10,0,0
P02251,H13,95,F,Medicare,17,0,1,1,2,0,0
P02252,H15,71,M,Medicare,13,3,0,1,2,0,0
P02253,H13,82,M,Medicare,62,0,0,0,6,0,0
P02254,H08,62,M,Commercial,80,0,0,0,7,1,0
P02255,H17,59,M,Medicare,32,4,1,0,4,0,0
P02256,H06,85,F,Medicare,31,0,0,0,5,0,0
P02257,H06,80,M,Medicare,65,2,0,0,6,0,1
P02258,H03,93,F,Medicare,70,3,0,1,5,0,1
P02259,H10,83,M,Medicare,64,3,0,0,7,1,0
P02260,H11,69,F,Commercial,48,2,0,0,13,0,1
P02261,H09,69,F,Commercial,65,1,1,1,6,0,1
P02262,H18,53,M,Medicaid,63,2,2,0,5,0,0
P02263,H20,72,F,Medicare,57,3,1,1,4,0,0
P02264,H15,83,M,Medicaid,46,2,0,0,5,0,0
P02265,H07,75,F,Medicare,30,1,0,0,4,1,0
P02266,H19,62,M,Medicare,34,3,3,0,4,0,1
P02267,H06,70,M,Commercial,6,1,1,0,5,0,0
P02268,H12,65,F,Commercial,40,0,1,0,14,0,0
P02269,H10,87,F,Medicaid,25,0,1,0,3,0,0
P02270,H05,54,M,Medicare,34,1,1,0,6,0,0
P02271,H16,74,F,Medicaid,8,1,0,0,2,0,0
P02272,H06,98,M,Medicare,33,2,0,1,7,0,0
P02273,H11,64,F,Medicare,50,3,0,0,4,0,1
P02274,H08,60,F,Medicare,32,1,0,0,4,0,0
P02275,H20,42,F,Commercial,30,3,2,0,4,0,0
P02276,H10,56,F,Medicaid,37,1,0,0,4,0,0
P02277,H05,57,M,Commercial,63,0,1,0,4,1,1
P02278,H03,59,F,Commercial,29,2,2,0,5,0,0
P02279,H08,63,M,Medicare,50,2,2,0,5,0,0
P02280,H17,73,F,Medicaid,71,4,1,0,8,1,0
P02281,H15,74,M,Medicare,33,3,0,0,6,0,0
P02282,H15,72,F,Medicare,81,1,0,0,6,0,1
P02283,H10,60,M,Medicare,71,0,1,0,8,0,0
P02284,H14,63,M,Medicare,31,3,0,0,4,0,0
P02285,H16,71,M,Medicare,19,2,2,1,3,0,0
P02286,H12,64,M,Commercial,32,4,0,1,11,0,1
P02287,H19,61,F,Medicaid,67,1,0,0,7,0,0
P02288,H20,64,F,Commercial,79,1,0,1,5,1,0
P02289,H07,70,F,Medicare,78,1,0,0,6,1,1
P02290,H05,51,F,Commercial,38,1,0,0,6,0,0
P02291,H19,68,M,Commercial,58,2,0,0,5,0,0
P02292,H15,56,M,Medicaid,9,4,1,0,4,0,0
P02293,H14,78,F,Medicare,37,0,2,0,3,0,0
P02294,H07,54,F,Medicare,46,1,1,0,4,1,0
P02295,H07,60,M,Medicare,23,1,1,1,4,1,0
P02296,H08,61,F,Commercial,68,0,1,0,5,0,0
P02297,H16,61,M,Commercial,40,4,1,1,4,0,1
P02298,H18,63,M,Medicare,28,1,2,0,3,0,0
P02299,H13,72,F,Medicare,40,2,0,0,3,0,0
P02300,H17,56,M,Commercial,23,3,0,0,4,0,0
P02301,H10,65,M,Commercial,38,4,2,0,4,0,0
P02302,H11,51,M,Commercial,36,0,1,1,7,0,1
P02303,H13,54,M,Medicare,40,2,1,0,5,0,0
P02304,H13,79,F,Commercial,9,4,0,0,5,0,0
P02305,H13,72,F,Medicaid,68,5,1,0,5,1,1
P02306,H03,88,F,Medicare,20,3,3,0,5,0,0
P02307,H07,81,F,Medicare,34,2,0,0,4,1,0
P02308,H05,71,M,Medicare,27,4,0,0,4,0,0
P02309,H16,63,F,Medicare,14,5,0,0,8,0,0
P02310,H18,82,F,Commercial,26,0,0,0,3,0,0
P02311,H07,68,F,Medicare,29,1,0,0,3,1,0
P02312,H16,78,F,Medicaid,20,7,0,0,5,0,0
P02313,H20,79,F,Commercial,36,2,0,0,7,0,0
P02314,H09,68,M,Medicaid,44,2,1,1,4,0,0
P02315,H06,68,F,Commercial,64,3,2,0,10,1,1
P02316,H14,64,M,Medicare,62,1,0,0,6,0,0
P02317,H05,65,M,Medicare,46,1,1,1,9,0,0
P02318,H01,81,F,Commercial,55,1,1,1,6,0,1
P02319,H15,52,M,Medicaid,57,2,1,0,5,0,0
P02320,H07,66,F,Medicaid,24,3,1,0,5,1,0
P02321,H11,76,M,Commercial,33,0,1,1,4,0,0
P02322,H15,78,F,Medicare,40,3,0,0,3,0,0
P02323,H03,67,M,Commercial,44,2,2,0,8,1,0
P02324,H18,69,M,Medicare,64,3,2,1,6,1,1
P02325,H03,65,F,Medicaid,18,2,1,0,3,0,0
P02326,H06,95,M,Medicare,59,5,0,1,4,0,1
P02327,H19,66,M,Commercial,60,1,1,0,6,0,0
P02328,H02,62,F,Medicare,60,4,0,0,7,1,1
P02329,H06,74,F,Medicare,77,3,0,1,6,1,1
P02330,H20,73,F,Medicaid,10,2,0,0,3,0,0
P02331,H02,63,M,Medicare,39,1,2,1,11,0,0
P02332,H03,75,M,Medicare,81,2,0,0,7,0,1
P02333,H10,48,M,Medicare,55,2,0,0,5,0,0
P02334,H15,53,M,Medicaid,66,2,1,0,6,0,0
P02335,H11,42,F,Medicaid,61,4,1,0,7,1,0
P02336,H10,83,M,Commercial,15,0,1,0,5,0,0
P02337,H02,71,M,Medicare,14,1,1,1,5,0,0
P02338,H06,71,M,Medicaid,40,2,1,1,6,0,0
P02339,H13,71,F,Medicare,21,3,0,1,5,0,0
P02340,H12,80,M,Medicare,44,4,0,0,5,0,0
P02341,H10,65,M,Medicaid,51,1,1,0,5,0,0
P02342,H10,69,M,Commercial,20,0,1,1,3,0,0
P02343,H16,64,M,Medicaid,76,2,0,0,7,0,0
P02344,H06,71,F,Medicare,62,2,0,1,5,0,0
P02345,H01,58,M,Medicaid,57,1,0,0,5,0,1
P02346,H09,73,F,Commercial,26,1,2,0,4,0,0
P02347,H14,60,M,Medicare,44,2,0,0,5,0,0
P02348,H04,58,M,Medicare,68,2,0,0,7,0,0
P02349,H20,62,F,Medicare,82,1,1,0,7,0,1
P02350,H13,46,F,Commercial,22,1,2,0,7,0,0
P02351,H12,70,M,Medicare,32,6,2,1,5,0,0
P02352,H16,84,F,Commercial,32,0,0,0,4,0,0
P02353,H06,85,F,Medicare,28,4,2,0,3,0,0
P02354,H05,89,F,Medicaid,68,2,0,0,7,0,0
P02355,H06,43,F,Medicaid,12,1,1,0,4,0,0
P02356,H10,79,F,Medicare,32,0,0,0,8,0,0
P02357,H08,82,M,Commercial,37,2,2,1,9,0,0
P02358,H17,54,M,Medicare,51,1,1,0,11,0,0
P02359,H11,45,M,Medicaid,34,0,1,0,9,0,0
P02360,H08,83,M,Medicaid,33,4,1,1,3,0,0
P02361,H15,66,M,Commercial,67,1,1,0,5,1,0
P02362,H01,47,F,Commercial,70,2,3,0,5,1,1
P02363,H10,53,F,Medicare,70,4,0,0,5,1,1
P02364,H05,70,M,Medicare,45,2,1,0,9,0,0
P02365,H08,57,F,Medicaid,43,2,0,0,4,0,0
P02366,H06,68,M,Commercial,71,1,0,0,8,0,0
P02367,H16,51,F,Medicare,36,0,1,1,6,0,0
P02368,H05,94,F,Medicaid,40,2,0,1,6,0,0
P02369,H11,66,M,Medicare,31,0,0,0,5,0,0
P02370,H12,50,F,Medicare,26,1,0,0,3,0,0
P02371,H02,66,M,Medicare,59,5,1,0,8,0,0
P02372,H20,64,F,Medicare,79,5,0,1,6,1,0
P02373,H20,94,M,Medicare,41,0,2,0,3,0,1
P02374,H18,70,M,Medicare,64,4,0,0,6,1,0
P02375,H20,38,M,Medicaid,60,0,1,0,5,0,0
P02376,H14,80,M,Medicare,45,2,0,0,6,1,0
P02377,H18,53,M,Medicare,22,0,1,1,3,0,0
P02378,H10,48,F,Commercial,5,4,1,0,2,0,0
P02379,H04,78,M,Medicare,85,0,0,1,7,0,0
P02380,H10,71,M,Commercial,25,1,2,0,6,0,0
P02381,H01,51,M,Medicare,43,3,1,0,7,0,1
P02382,H06,80,F,Medicare,45,3,0,0,4,0,0
P02383,H15,79,F,Medicare,66,1,1,1,6,1,0
P02384,H01,65,F,Medicaid,55,1,0,0,12,0,1
P02385,H16,72,M,Commercial,28,1,1,0,4,0,0
P02386,H12,80,M,Medicare,41,2,0,1,3,0,0
P02387,H05,69,M,Commercial,21,2,1,0,3,1,0
P02388,H09,46,F,Commercial,61,2,2,0,7,1,0
P02389,H07,37,M,Medicare,49,4,0,0,5,1,0
P02390,H11,57,M,Commercial,32,1,3,0,7,0,0
P02391,H05,88,M,Commercial,60,1,0,0,5,0,0
P02392,H06,81,F,Medicare,10,1,0,1,4,0,0
P02393,H12,76,F,Commercial,24,2,0,0,5,0,0
P02394,H10,85,F,Commercial,47,6,1,1,4,0,0
P02395,H07,65,M,Medicare,68,2,0,1,5,1,0
P02396,H10,60,M,Medicare,66,2,0,0,5,0,0
P02397,H04,67,M,Medicaid,28,0,0,0,5,0,0
P02398,H17,55,M,Commercial,78,3,0,0,6,1,1
P02399,H05,75,M,Medicare,59,2,3,1,5,0,1
P02400,H09,77,M,Commercial,72,2,0,0,5,0,0
P02401,H06,75,F,Commercial,41,1,0,1,4,0,0
P02402,H13,71,F,Medicare,45,1,0,1,4,0,0
P02403,H16,79,M,Commercial,59,0,1,1,4,0,0
P02404,H11,74,M,Medicare,41,3,1,1,4,0,0
P02405,H12,83,F,Medicare,15,1,0,0,3,0,0
P02406,H19,81,F,Medicare,19,1,1,0,5,0,1
P02407,H17,70,M,Medicare,53,3,1,0,7,0,1
P02408,H11,46,M,Medicare,60,2,1,1,6,0,0
P02409,H09,86,F,Commercial,55,1,1,0,14,0,1
P02410,H01,48,M,Commercial,53,1,0,0,4,0,0
P02411,H03,47,M,Commercial,56,1,1,0,5,0,0
P02412,H12,81,M,Medicaid,34,0,3,0,4,0,1
P02413,H02,49,F,Medicare,42,2,1,1,6,0,0
P02414,H03,72,F,Medicaid,58,2,0,0,5,1,0
P02415,H09,55,M,Medicare,35,3,0,0,3,0,0
P02416,H04,46,F,Medicare,35,6,4,1,8,0,1
P02417,H16,69,F,Medicare,43,2,2,0,7,0,0
P02418,H01,80,F,Medicare,50,1,1,0,5,0,1
P02419,H01,64,F,Commercial,24,6,0,0,4,0,0
P02420,H04,42,M,Medicare,31,1,1,0,5,0,0
P02421,H09,71,M,Medicaid,24,2,0,0,5,0,0
P02422,H10,86,M,Commercial,49,3,0,0,4,0,0
P02423,H18,78,F,Medicare,28,1,0,1,7,0,0
P02424,H02,57,F,Medicaid,5,2,1,0,3,0,0
P02425,H06,61,M,Medicaid,52,2,0,1,5,0,0
P02426,H05,64,F,Medicaid,92,4,0,0,10,1,0
P02427,H04,70,M,Medicare,40,3,1,0,5,0,0
P02428,H12,43,M,Commercial,50,3,0,0,6,1,0
P02429,H18,62,F,Medicare,65,1,1,0,10,0,0
P02430,H02,68,F,Commercial,37,3,0,0,6,0,0
P02431,H04,51,M,Medicare,64,3,0,0,6,1,1
P02432,H11,58,M,Commercial,23,0,0,1,3,0,0
P02433,H19,57,F,Medicare,34,2,0,0,4,0,0
P02434,H01,75,F,Medicare,39,1,1,0,3,0,0
P02435,H12,71,F,Commercial,18,3,1,0,4,0,1
P02436,H01,60,M,Medicare,58,2,0,0,5,0,0
P02437,H06,94,M,Medicare,16,1,0,1,4,0,0
P02438,H03,79,F,Medicare,18,3,0,1,3,0,0
P02439,H07,91,M,Commercial,59,2,2,0,6,1,0
P02440,H06,65,F,Commercial,68,3,1,0,5,1,1
P02441,H06,93,M,Medicare,38,1,1,0,4,0,0
P02442,H17,53,F,Medicare,66,4,1,0,5,1,0
P02443,H11,59,M,Medicare,32,2,0,1,5,0,0
P02444,H02,81,M,Medicare,23,4,1,0,4,0,0
P02445,H18,72,M,Medicaid,39,6,2,0,6,0,1
P02446,H06,63,M,Commercial,62,0,1,0,7,0,0
P02447,H06,87,F,Medicaid,33,1,2,0,3,0,0
P02448,H14,55,F,Medicare,55,2,0,0,5,0,0
P02449,H17,69,M,Commercial,15,0,0,1,2,0,0
P02450,H08,53,F,Commercial,22,1,0,0,2,0,0
P02451,H08,56,M,Medicare,43,0,4,0,5,0,0
P02452,H08,32,F,Medicare,29,2,1,1,5,0,0
P02453,H12,39,M,Medicare,67,1,0,1,5,0,0
P02454,H10,79,M,Medicare,26,6,1,1,6,0,0
P02455,H15,79,F,Medicare,49,2,0,0,5,0,0
P02456,H13,79,F,Medicare,21,2,1,1,2,0,0
P02457,H16,66,M,Medicare,28,1,0,0,4,0,0
P02458,H14,83,M,Medicare,63,2,0,0,5,1,0
P02459,H08,68,M,Commercial,50,3,0,1,6,1,0
P02460,H02,89,M,Medicaid,12,3,3,0,5,0,0
P02461,H04,59,F,Medicare,50,3,2,0,6,0,0
P02462,H11,83,M,Medicare,16,1,0,0,3,0,0
P02463,H07,72,M,Medicare,31,0,0,0,5,1,0
P02464,H08,61,F,Commercial,50,5,3,0,12,0,0
P02465,H17,99,M,Medicare,67,3,0,0,5,1,1
P02466,H14,45,M,Commercial,32,1,0,0,5,0,0
P02467,H02,46,M,Commercial,61,3,1,0,6,1,1
P02468,H10,72,F,Medicare,13,4,1,0,5,0,0
P02469,H13,90,M,Medicare,40,4,2,1,7,0,1
P02470,H19,62,M,Commercial,12,1,0,0,4,0,0
P02471,H16,95,M,Commercial,66,2,0,0,7,0,0
P02472,H18,63,F,Medicaid,88,1,1,1,6,0,0
P02473,H07,71,M,Medicare,51,1,0,1,4,1,1
P02474,H13,76,F,Medicare,43,3,2,0,4,0,0
P02475,H15,83,M,Medicare,34,2,0,1,6,0,0
P02476,H19,79,M,Medicare,21,3,2,0,7,0,0
P02477,H16,74,M,Commercial,7,0,0,0,2,0,0
P02478,H09,66,M,Medicare,61,4,1,0,6,1,0
P02479,H13,58,M,Medicare,32,2,1,0,4,0,0
P02480,H06,49,F,Commercial,60,4,1,0,6,1,1
P02481,H06,50,F,Medicare,55,4,0,0,4,0,0
P02482,H17,71,F,Commercial,83,4,0,1,9,1,1
P02483,H13,69,F,Medicare,80,5,0,0,9,1,0
P02484,H16,63,M,Commercial,45,2,0,0,5,0,0
P02485,H13,79,M,Medicare,4,1,2,1,2,1,0
P02486,H10,82,F,Medicare,50,3,2,1,6,0,0
P02487,H08,52,M,Medicare,71,0,0,0,11,0,0
P02488,H15,48,M,Commercial,44,0,1,0,4,0,0
P02489,H15,93,F,Medicare,89,3,0,0,6,1,1
P02490,H02,84,F,Medicare,26,2,1,0,6,0,0
P02491,H02,77,M,Medicare,16,4,1,1,3,0,1
P02492,H17,67,F,Commercial,51,1,1,0,4,0,0
P02493,H08,70,M,Commercial,51,5,0,0,7,0,1
P02494,H19,57,F,Medicare,85,2,0,0,7,1,0
P02495,H08,74,F,Medicare,44,0,1,1,3,0,1
P02496,H14,71,M,Medicare,28,1,2,0,3,0,0
P02497,H07,64,M,Medicaid,26,1,1,0,4,1,1
P02498,H20,58,M,Commercial,62,4,0,1,4,1,0
P02499,H16,69,F,Medicaid,31,5,0,1,4,0,0
P02500,H13,78,M,Medicare,20,1,0,1,3,0,0
P02501,H11,44,F,Medicare,18,1,1,1,6,0,0
P02502,H14,52,M,Commercial,55,2,1,0,4,0,0
P02503,H04,46,F,Medicare,62,1,0,0,11,0,0
P02504,H07,43,M,Medicare,53,4,1,0,5,1,1
P02505,H07,77,F,Medicare,49,1,1,1,5,1,0
P02506,H11,80,F,Medicare,45,3,1,0,4,0,1
P02507,H15,83,F,Medicare,31,1,0,0,4,0,0
P02508,H13,99,F,Commercial,70,2,0,0,11,0,0
P02509,H06,53,F,Commercial,39,5,0,0,5,0,0
P02510,H02,73,M,Commercial,60,3,0,0,5,1,0
P02511,H07,65,F,Medicaid,43,4,3,0,4,1,1
P02512,H12,52,F,Medicare,79,0,0,0,10,1,0
P02513,H16,89,M,Medicare,69,0,0,0,6,0,0
P02514,H12,74,M,Medicaid,7,1,0,1,7,0,0
P02515,H13,54,M,Medicare,11,0,0,0,7,0,0
P02516,H09,65,M,Commercial,40,6,0,0,5,0,0
P02517,H05,49,M,Medicare,32,2,0,0,3,0,0
P02518,H07,59,F,Commercial,13,1,1,0,3,1,0
P02519,H09,79,M,Medicare,28,3,2,0,3,0,1
P02520,H10,97,M,Commercial,20,1,0,0,4,0,0
P02521,H04,71,F,Medicare,42,1,0,1,7,0,1
P02522,H10,74,M,Medicare,50,1,1,1,8,0,0
P02523,H02,50,F,Commercial,26,3,1,0,4,0,0
P02524,H10,75,F,Medicaid,36,0,1,1,6,0,0
P02525,H03,66,M,Commercial,53,3,1,0,5,0,0
P02526,H04,57,F,Medicare,84,2,0,0,12,1,0
P02527,H01,47,M,Medicare,22,1,1,1,3,0,0
P02528,H11,70,M,Medicare,43,3,1,1,4,0,0
P02529,H01,74,F,Medicare,73,3,0,1,9,1,0
P02530,H10,53,F,Medicare,43,3,1,1,6,0,0
P02531,H10,85,M,Medicaid,58,3,1,1,6,0,1
P02532,H03,61,F,Commercial,51,3,0,1,5,0,0
P02533,H08,68,M,Medicaid,28,1,2,0,2,0,0
P02534,H17,57,M,Medicare,50,3,1,0,6,0,0
P02535,H07,65,F,Medicare,26,1,0,0,2,1,0
P02536,H03,70,F,Medicaid,28,2,0,1,5,0,0
P02537,H11,60,F,Medicare,24,1,0,0,7,0,0
P02538,H04,71,F,Medicaid,40,2,1,0,5,0,0
P02539,H16,77,F,Commercial,50,3,1,0,13,0,0
P02540,H13,56,M,Medicare,28,3,0,1,3,0,0
P02541,H16,70,F,Medicare,32,2,1,1,6,0,0
P02542,H16,90,M,Medicare,47,1,0,0,6,0,0
P02543,H06,93,F,Medicare,75,1,0,0,7,0,0
P02544,H18,63,M,Medicare,16,0,1,1,4,0,0
P02545,H11,78,F,Medicaid,1,4,0,1,6,0,0
P02546,H04,62,F,Medicare,28,4,0,0,3,0,0
P02547,H17,69,F,Medicare,85,2,0,0,9,0,1
P02548,H19,63,M,Commercial,19,1,1,0,6,0,0
P02549,H08,73,M,Medicare,55,1,0,1,5,0,1
P02550,H10,46,F,Medicare,10,3,1,0,3,0,0
P02551,H10,51,F,Medicaid,69,0,0,1,7,0,0
P02552,H17,46,F,Commercial,39,2,1,0,8,0,0
P02553,H13,82,F,Commercial,41,1,0,1,5,0,0
P02554,H10,81,F,Commercial,31,3,0,1,6,0,0
P02555,H07,61,F,Medicare,30,0,0,1,3,1,0
P02556,H07,62,M,Medicare,44,3,0,0,3,1,0
P02557,H07,42,F,Medicaid,62,0,0,0,7,1,0
P02558,H18,65,M,Medicaid,45,2,1,0,5,0,0
P02559,H04,62,M,Commercial,61,6,1,0,7,1,1
P02560,H06,75,F,Medicaid,12,2,0,0,3,0,0
P02561,H01,99,F,Commercial,39,2,1,1,4,0,0
P02562,H08,80,F,Commercial,43,3,0,1,9,0,0
P02563,H08,56,M,Medicare,69,1,0,1,12,0,1
P02564,H08,55,F,Commercial,17,1,0,0,5,0,0
P02565,H19,76,F,Medicaid,25,2,0,1,4,0,0
P02566,H11,58,F,Medicare,62,2,0,1,7,0,0
P02567,H06,71,M,Medicare,61,4,0,1,5,1,1
P02568,H03,76,F,Medicare,45,1,1,1,7,0,0
P02569,H14,99,F,Medicare,55,0,1,0,12,0,0
P02570,H18,87,M,Medicare,63,1,2,0,7,0,1
P02571,H07,69,F,Commercial,51,1,1,0,5,1,1
P02572,H19,55,M,Medicare,35,2,0,0,4,0,0
P02573,H01,62,F,Medicare,48,1,1,0,4,0,0
P02574,H06,44,M,Commercial,53,0,0,1,5,0,0
P02575,H07,93,M,Medicaid,64,1,0,1,7,1,1
P02576,H07,75,M,Medicare,67,1,1,0,7,1,0
P02577,H12,71,F,Medicare,37,2,2,0,5,0,0
P02578,H10,83,M,Medicare,58,2,1,0,6,1,0
P02579,H13,99,M,Medicare,52,1,0,0,5,0,1
P02580,H18,87,F,Commercial,47,1,1,0,4,0,0
P02581,H20,68,M,Medicare,74,0,0,0,5,0,0
P02582,H01,61,M,Medicare,56,3,0,0,7,0,0
P02583,H04,61,M,Medicare,32,0,1,0,3,0,0
P02584,H17,54,F,Medicaid,72,3,1,0,10,0,1
P02585,H19,55,M,Medicare,11,2,1,0,2,0,0
P02586,H05,57,M,Medicare,63,0,1,1,8,0,0
P02587,H09,83,F,Medicare,55,2,3,0,5,0,0
P02588,H15,55,M,Medicare,32,1,1,1,10,0,0
P02589,H05,57,F,Commercial,36,3,3,0,6,0,1
P02590,H20,48,M,Medicare,60,2,3,0,10,1,0
P02591,H19,44,F,Medicare,53,4,0,0,5,0,0
P02592,H07,49,M,Medicaid,27,1,0,0,4,1,0
P02593,H03,63,M,Commercial,57,1,1,0,7,0,0
P02594,H05,59,M,Medicare,75,5,0,0,7,1,1
P02595,H05,77,F,Medicare,67,1,1,1,6,0,1
P02596,H13,67,F,Medicare,30,3,0,0,4,0,0
P02597,H09,74,M,Commercial,32,1,2,0,5,0,0
P02598,H02,73,M,Commercial,13,0,1,0,2,0,0
P02599,H19,65,F,Medicare,73,3,0,0,9,1,0
P02600,H09,79,M,Medicare,57,2,0,0,10,0,0
P02601,H10,72,F,Medicare,51,4,0,1,4,0,0
P02602,H19,47,M,Medicare,29,2,1,0,4,0,0
P02603,H13,73,M,Commercial,74,0,4,0,6,0,0
P02604,H13,75,F,Commercial,22,4,0,0,5,0,0
P02605,H07,66,M,Medicare,23,4,1,0,3,1,0
P02606,H08,67,M,Commercial,36,2,0,0,5,0,0
P02607,H18,76,M,Medicaid,68,1,0,0,5,0,1
P02608,H08,77,F,Commercial,43,1,1,1,5,0,0
P02609,H17,65,M,Medicaid,69,3,1,0,12,1,1
P02610,H19,54,F,Medicare,25,1,1,1,4,0,0
P02611,H05,52,M,Medicare,29,1,0,1,6,0,0
P02612,H03,71,M,Medicare,25,2,0,0,4,0,0
P02613,H19,71,F,Medicare,73,1,2,0,8,0,0
P02614,H18,56,F,Commercial,73,4,0,0,7,1,1
P02615,H17,57,F,Commercial,28,2,1,1,5,0,0
P02616,H15,52,F,Medicaid,73,2,0,0,6,0,0
P02617,H03,90,F,Medicare,76,1,1,0,10,0,0
P02618,H09,78,F,Medicaid,35,1,1,0,4,0,0
P02619,H15,76,F,Medicare,32,3,0,1,6,0,0
P02620,H19,49,M,Medicare,19,3,0,1,4,0,0
P02621,H16,66,F,Medicare,74,1,1,0,5,0,0
P02622,H06,75,F,Medicare,69,4,0,0,8,1,1
P02623,H01,85,M,Commercial,29,2,2,0,3,0,0
P02624,H06,76,F,Medicaid,43,5,1,0,4,0,0
P02625,H02,51,F,Commercial,17,6,2,0,3,0,0
P02626,H07,71,M,Commercial,67,1,0,1,5,1,0
P02627,H16,59,M,Medicare,48,1,0,1,5,0,0
P02628,H15,71,M,Medicare,40,3,2,0,4,0,0
P02629,H17,61,M,Medicare,29,1,0,0,4,0,0
P02630,H01,41,M,Medicare,65,1,1,0,10,0,0
P02631,H13,68,M,Medicare,26,3,0,0,3,0,0
P02632,H08,55,M,Medicare,37,2,3,1,3,0,0
P02633,H08,56,M,Commercial,48,1,2,0,6,1,0
P02634,H12,81,M,Medicare,82,4,1,0,9,1,0
P02635,H02,85,F,Commercial,28,3,1,0,4,0,0
P02636,H07,48,F,Medicare,31,3,0,1,7,1,0
P02637,H01,60,M,Commercial,27,0,0,0,6,0,0
P02638,H04,79,F,Medicare,70,2,0,0,6,1,0
P02639,H18,68,F,Medicare,14,0,3,0,3,0,0
P02640,H03,97,M,Medicare,62,2,0,1,6,0,0
P02641,H10,66,M,Commercial,47,0,0,0,12,0,0
P02642,H07,56,F,Medicare,54,2,1,0,8,1,0
P02643,H01,52,M,Commercial,53,1,0,0,7,0,0
P02644,H05,56,F,Commercial,63,5,0,1,7,1,0
P02645,H11,60,M,Medicare,19,4,1,0,4,0,0
P02646,H16,66,M,Commercial,36,0,1,1,3,0,0
P02647,H03,65,F,Commercial,46,2,1,0,4,0,0
P02648,H02,61,F,Medicare,65,2,1,0,6,0,0
P02649,H14,64,M,Medicaid,63,1,0,0,6,0,0
P02650,H13,59,M,Medicare,53,0,1,0,4,0,0
P02651,H09,72,M,Medicare,29,1,2,0,5,0,0
P02652,H05,76,M,Medicare,62,2,1,0,6,0,0
P02653,H02,71,F,Commercial,59,2,1,0,5,0,0
P02654,H20,73,M,Commercial,36,2,2,0,3,0,0
P02655,H01,74,M,Medicare,55,1,1,0,5,0,0
P02656,H08,64,M,Medicare,32,1,1,0,4,0,0
P02657,H10,60,F,Medicare,49,1,2,0,11,0,0
P02658,H15,38,F,Medicaid,59,1,0,1,14,0,0
P02659,H10,80,M,Medicaid,43,0,0,1,5,0,0
P02660,H08,64,M,Medicare,3,2,0,0,3,0,0
P02661,H14,84,F,Medicaid,33,4,0,1,4,0,0
P02662,H07,71,M,Medicare,59,4,1,0,5,1,0
P02663,H01,63,M,Medicaid,14,1,2,0,10,0,0
P02664,H20,67,M,Medicare,19,0,0,0,6,0,0
P02665,H01,49,F,Medicare,54,1,1,0,5,0,0
P02666,H04,57,F,Medicare,47,2,1,0,4,0,0
P02667,H02,63,F,Medicare,49,0,1,0,8,0,0
P02668,H02,70,M,Commercial,23,2,1,0,4,0,0
P02669,H02,66,F,Medicare,61,5,1,1,5,1,0
P02670,H10,72,M,Medicare,16,1,0,0,6,0,0
P02671,H08,71,M,Medicare,53,3,1,0,5,0,1
P02672,H05,62,M,Medicaid,79,1,0,1,7,1,0
P02673,H12,69,M,Commercial,62,3,0,0,5,1,0
P02674,H04,51,M,Commercial,20,1,0,0,4,0,0
P02675,H10,77,F,Medicare,43,2,0,0,5,0,0
P02676,H16,81,F,Medicare,39,3,0,1,4,0,1
P02677,H18,89,F,Commercial,53,3,0,0,6,0,0
P02678,H06,77,M,Medicare,54,2,0,0,6,0,0
P02679,H04,81,F,Commercial,53,2,0,0,8,0,0
P02680,H06,63,F,Commercial,30,5,1,0,13,0,0
P02681,H20,67,M,Commercial,59,4,0,1,12,0,1
P02682,H20,60,F,Medicaid,71,3,2,0,6,1,1
P02683,H15,66,M,Medicare,39,3,1,0,7,0,0
P02684,H09,77,M,Commercial,47,2,0,0,4,0,0
P02685,H13,75,F,Commercial,48,3,0,0,4,0,0
P02686,H02,70,M,Medicaid,60,1,1,1,6,0,0
P02687,H05,67,M,Commercial,35,3,0,0,5,0,0
P02688,H04,55,F,Medicare,14,0,0,0,4,0,0
P02689,H07,81,F,Medicare,6,2,1,0,4,1,0
P02690,H08,68,M,Medicare,52,1,0,0,5,0,0
P02691,H19,27,M,Commercial,72,1,1,0,7,1,0
P02692,H07,91,F,Commercial,59,2,2,1,5,1,0
P02693,H15,53,F,Medicaid,78,1,0,1,8,0,0
P02694,H16,82,F,Medicare,66,1,1,0,7,1,0
P02695,H01,74,F,Medicare,65,0,0,1,8,0,1
P02696,H19,75,F,Medicare,79,1,0,1,6,0,1
P02697,H17,81,F,Medicare,52,2,0,0,5,0,0
P02698,H04,60,M,Commercial,88,4,0,0,6,1,1
P02699,H09,82,M,Medicare,8,0,0,0,2,0,0
P02700,H17,59,F,Medicaid,42,4,0,0,4,0,0
P02701,H07,67,F,Medicare,47,5,1,0,4,1,0
P02702,H17,68,M,Medicare,49,1,2,0,6,0,1
P02703,H18,78,F,Medicare,93,3,1,1,6,1,1
P02704,H18,73,F,Medicaid,75,0,2,1,12,0,0
P02705,H16,76,M,Medicare,42,1,2,1,5,0,0
P02706,H09,63,F,Medicaid,20,4,0,0,2,0,0
P02707,H12,76,M,Medicaid,53,1,2,0,10,0,0
P02708,H02,59,M,Medicaid,60,2,1,1,5,1,0
P02709,H09,24,M,Medicaid,58,4,1,0,6,0,0
P02710,H08,74,F,Commercial,78,1,0,0,6,1,0
P02711,H14,63,F,Commercial,68,2,0,1,5,1,0
P02712,H04,86,M,Medicaid,21,3,1,1,4,0,0
P02713,H07,67,M,Commercial,51,2,0,0,9,1,0
P02714,H16,81,F,Medicaid,58,0,0,0,4,0,0
P02715,H12,76,F,Medicare,59,4,0,1,4,0,0
P02716,H10,80,M,Medicare,58,1,0,0,10,0,0
P02717,H05,62,F,Medicare,69,1,0,0,5,0,0
P02718,H03,83,M,Medicare,38,4,0,0,6,0,0
P02719,H17,50,M,Medicare,20,2,0,1,3,0,0
P02720,H04,66,F,Commercial,43,2,2,1,4,0,0
P02721,H08,61,F,Medicaid,70,5,1,0,7,1,0
P02722,H16,74,F,Medicaid,69,3,0,0,6,0,1
P02723,H20,65,F,Medicaid,36,2,1,0,4,0,0
P02724,H20,52,M,Medicaid,82,2,0,0,7,0,0
P02725,H02,60,F,Medicaid,9,2,1,0,5,0,0
P02726,H03,71,M,Medicare,15,1,0,0,6,0,0
P02727,H13,68,M,Medicare,37,6,0,0,5,0,0
P02728,H13,72,F,Medicare,40,2,1,1,7,0,0
P02729,H19,69,M,Medicare,87,2,1,0,7,0,1
P02730,H11,56,M,Commercial,22,0,0,1,6,0,0
P02731,H02,75,M,Commercial,15,3,1,0,6,0,0
P02732,H05,56,M,Commercial,14,1,3,0,2,0,0
P02733,H20,66,M,Medicare,68,2,1,0,6,0,1
P02734,H06,55,M,Medicaid,75,1,0,0,6,0,0
P02735,H03,69,F,Commercial,75,0,1,0,5,0,0
P02736,H02,50,M,Medicaid,39,2,0,0,4,0,0
P02737,H16,60,M,Medicare,55,3,0,0,5,0,0
P02738,H09,57,F,Medicare,6,2,1,0,3,0,0
P02739,H07,65,M,Commercial,25,2,0,0,7,1,0
P02740,H08,80,F,Medicare,37,1,2,1,3,0,0
P02741,H02,61,F,Medicare,17,1,0,0,5,1,0
P02742,H05,74,M,Medicare,40,3,2,1,4,0,0
P02743,H08,65,F,Medicaid,40,1,0,0,4,0,0
P02744,H15,53,M,Medicare,69,2,1,0,8,1,0
P02745,H15,85,M,Medicare,19,0,1,0,7,0,0
P02746,H15,54,M,Medicaid,33,2,1,1,5,0,1
P02747,H02,61,F,Commercial,43,2,0,0,7,0,0
P02748,H06,73,M,Medicare,53,1,0,0,5,0,0
P02749,H19,58,F,Medicaid,70,3,0,0,5,1,0
P02750,H18,71,F,Medicare,5,3,1,0,4,0,0
P02751,H16,62,F,Medicare,46,3,0,0,4,0,0
P02752,H01,74,F,Medicare,83,4,2,0,6,0,1
P02753,H10,65,M,Commercial,33,1,1,0,3,0,0
P02754,H14,53,F,Medicare,77,3,0,0,7,1,1
P02755,H15,80,M,Medicare,56,4,1,0,5,0,0
P02756,H12,58,F,Commercial,73,2,1,0,7,0,1
P02757,H04,51,F,Medicare,21,2,1,1,3,0,0
P02758,H16,63,F,Medicare,39,5,1,1,3,0,0
P02759,H15,44,F,Medicaid,50,1,1,1,5,0,0
P02760,H08,63,M,Medicaid,47,4,0,0,7,0,0
P02761,H02,55,F,Medicare,8,0,1,0,6,0,0
P02762,H12,69,F,Commercial,51,2,0,0,7,0,0
P02763,H18,62,M,Medicaid,36,3,3,0,5,0,0
P02764,H04,89,M,Medicare,31,1,1,0,3,0,0
P02765,H16,70,M,Medicare,47,1,0,1,7,0,0
P02766,H14,71,F,Medicare,63,3,1,1,5,1,0
P02767,H20,40,F,Commercial,33,2,0,0,3,0,0
P02768,H09,78,F,Medicare,29,5,0,0,3,0,0
P02769,H19,70,M,Medicaid,22,3,0,0,2,0,0
P02770,H04,71,F,Medicaid,44,1,1,0,4,0,0
P02771,H12,62,F,Commercial,24,4,3,0,5,0,1
P02772,H08,62,F,Medicaid,35,0,1,0,4,0,0
P02773,H12,57,F,Medicare,27,1,1,1,6,0,0
P02774,H16,72,M,Medicaid,34,0,2,0,6,0,0
P02775,H19,71,F,Medicare,20,2,2,0,5,0,0
P02776,H09,67,M,Commercial,50,1,0,1,4,0,0
P02777,H04,90,M,Medicare,65,1,0,1,6,0,0
P02778,H14,72,M,Medicaid,10,0,1,0,2,0,0
P02779,H15,66,F,Medicare,62,3,0,1,7,1,0
P02780,H16,76,M,Commercial,73,4,1,0,6,1,1
P02781,H15,72,F,Commercial,39,2,1,0,4,0,0
P02782,H09,79,M,Medicare,16,3,0,0,3,0,0
P02783,H16,70,M,Medicaid,32,1,0,1,3,0,0
P02784,H12,73,F,Medicare,35,3,0,0,13,0,0
P02785,H14,71,M,Medicare,8,2,1,1,4,0,0
P02786,H07,68,M,Medicare,51,0,0,1,5,1,0
P02787,H02,81,F,Commercial,14,1,2,0,3,0,0
P02788,H07,71,F,Medicare,66,3,2,0,6,1,1
P02789,H14,74,F,Medicare,66,0,1,1,4,0,0
P02790,H09,71,F,Medicare,48,2,0,0,5,0,0
P02791,H08,82,M,Commercial,76,2,0,1,9,0,1
P02792,H11,76,F,Medicare,78,5,0,1,7,1,1
P02793,H02,53,F,Medicaid,42,6,0,0,5,0,0
P02794,H04,42,M,Medicare,71,1,0,0,5,0,0
P02795,H16,70,F,Commercial,31,4,0,0,4,0,1
P02796,H17,76,F,Medicare,14,4,0,0,3,0,0
P02797,H20,79,F,Commercial,4,1,0,0,2,0,0
P02798,H20,68,F,Medicaid,61,5,0,0,6,1,1
P02799,H09,73,F,Medicare,22,4,1,0,2,0,0
P02800,H02,66,F,Commercial,32,1,1,0,6,0,0
P02801,H07,86,F,Medicare,17,3,2,0,4,1,0
P02802,H18,58,F,Commercial,34,1,0,0,5,0,0
P02803,H20,71,M,Medicare,20,1,0,1,4,0,0
P02804,H17,82,F,Medicare,94,2,0,0,7,0,1
P02805,H01,55,M,Commercial,28,3,2,0,3,0,0
P02806,H19,50,F,Commercial,77,2,0,0,6,0,1
P02807,H20,47,F,Commercial,19,2,0,1,3,0,0
P02808,H04,69,F,Medicare,77,2,0,0,10,0,0
P02809,H04,60,M,Medicare,34,3,4,0,3,0,0
P02810,H05,65,F,Medicare,76,3,0,0,6,1,0
P02811,H08,61,F,Commercial,72,2,0,1,5,1,0
P02812,H19,63,M,Medicare,62,0,2,0,5,0,0
P02813,H19,82,F,Commercial,58,2,0,0,6,0,0
P02814,H01,78,F,Medicare,42,4,0,1,3,0,0
P02815,H09,77,M,Medicare,60,1,2,0,12,0,0
P02816,H15,50,M,Medicare,16,4,0,0,3,0,0
P02817,H16,51,M,Commercial,15,0,2,0,5,0,0
P02818,H20,62,F,Medicare,19,3,1,1,6,0,0
P02819,H19,72,F,Medicare,52,3,2,1,7,0,0
P02820,H07,72,M,Commercial,42,2,1,0,5,1,0
P02821,H06,66,M,Medicare,76,1,0,0,12,1,0
P02822,H02,53,F,Commercial,13,2,0,0,4,0,0
P02823,H04,36,F,Medicaid,42,5,3,0,4,0,0
P02824,H13,62,F,Medicare,73,2,0,0,7,0,0
P02825,H07,55,M,Medicaid,39,0,1,0,4,1,0
P02826,H15,65,F,Commercial,40,5,0,0,5,0,0
P02827,H14,86,F,Medicare,26,3,1,0,5,0,1
P02828,H12,74,F,Medicare,17,3,0,1,3,0,0
P02829,H15,70,M,Medicare,26,0,3,0,5,0,0
P02830,H04,71,M,Medicare,63,2,0,0,6,1,1
P02831,H11,93,M,Medicaid,14,1,0,1,2,0,0
P02832,H06,61,F,Medicare,52,3,0,1,8,0,0
P02833,H10,74,M,Medicaid,54,1,0,1,5,0,0
P02834,H11,64,M,Medicare,47,3,1,0,6,0,0
P02835,H05,50,M,Medicare,47,3,0,1,4,0,0
P02836,H11,74,M,Medicare,53,0,0,0,8,0,0
P02837,H12,78,M,Medicare,81,0,1,0,6,0,0
P02838,H12,52,M,Commercial,14,1,1,0,3,0,0
P02839,H04,35,M,Medicare,56,2,1,0,4,0,0
P02840,H20,78,M,Medicare,51,2,0,0,4,0,0
P02841,H05,44,F,Commercial,10,0,0,1,3,0,0
P02842,H10,61,F,Commercial,37,3,2,0,5,0,0
P02843,H20,64,M,Medicare,35,2,0,0,4,0,0
P02844,H09,62,M,Medicaid,32,1,1,0,5,0,0
P02845,H01,85,M,Commercial,46,2,2,0,4,0,0
P02846,H02,59,M,Medicaid,33,2,0,0,3,0,0
P02847,H07,63,F,Medicaid,54,3,0,1,8,1,0
P02848,H01,63,M,Medicare,34,0,0,0,5,0,0
P02849,H12,92,M,Commercial,31,0,1,1,5,0,0
P02850,H20,78,F,Medicaid,30,1,2,0,3,0,1
P02851,H04,80,F,Medicare,55,3,2,1,4,0,0
P02852,H12,72,M,Medicaid,75,2,0,0,6,1,0
P02853,H02,67,M,Medicare,32,1,0,0,4,0,0
P02854,H18,85,F,Medicare,54,2,2,0,7,0,0
P02855,H10,65,F,Commercial,31,3,0,0,7,0,0
P02856,H15,69,F,Commercial,26,0,0,0,3,0,0
P02857,H17,63,F,Medicaid,34,2,0,0,6,0,0
P02858,H17,53,F,Medicare,13,1,0,0,5,0,0
P02859,H13,48,F,Commercial,75,2,0,0,12,1,0
P02860,H14,77,F,Medicare,37,2,0,1,3,0,0
P02861,H19,86,F,Medicaid,25,6,0,0,5,0,0
P02862,H04,77,M,Medicare,13,1,1,0,3,0,0
P02863,H10,52,M,Medicare,54,2,1,1,7,0,0
P02864,H03,54,M,Commercial,34,0,0,0,3,0,0
P02865,H16,45,M,Medicare,41,0,0,1,5,0,0
P02866,H14,53,F,Medicare,20,3,1,1,3,0,1
P02867,H18,65,M,Commercial,42,2,0,0,4,0,1
P02868,H06,84,M,Commercial,29,4,0,0,10,0,0
P02869,H02,70,M,Medicaid,67,3,0,1,6,1,1
P02870,H12,58,M,Medicare,56,2,0,0,6,0,0
P02871,H09,66,F,Commercial,20,1,2,1,4,0,0
P02872,H15,67,M,Commercial,30,3,1,1,5,0,0
P02873,H02,67,F,Medicare,66,2,1,0,8,1,0
P02874,H19,58,M,Medicare,74,1,0,0,9,0,1
P02875,H11,66,F,Medicaid,79,2,1,1,7,1,1
P02876,H11,80,F,Commercial,27,2,0,0,4,0,0
P02877,H05,54,M,Medicare,20,1,0,0,5,0,1
P02878,H10,62,F,Commercial,17,2,0,0,5,0,0
P02879,H02,55,F,Medicaid,55,2,1,1,4,0,1
P02880,H08,54,M,Medicaid,48,1,0,0,5,0,0
P02881,H07,70,M,Medicaid,50,2,0,0,6,1,1
P02882,H12,42,F,Commercial,34,3,0,1,7,0,0
P02883,H07,76,F,Medicare,35,3,1,0,5,1,0
P02884,H17,76,M,Medicare,24,2,1,0,4,0,1
P02885,H13,91,M,Medicare,50,1,1,0,7,1,0
P02886,H13,63,F,Medicare,80,3,2,1,7,1,0
P02887,H17,66,M,Medicaid,32,0,2,0,8,0,0
P02888,H07,60,F,Medicare,90,1,2,0,6,1,0
P02889,H08,66,M,Medicaid,58,1,0,0,5,0,0
P02890,H02,97,F,Medicare,52,3,1,0,5,0,0
P02891,H16,68,F,Medicare,65,3,0,0,5,1,1
P02892,H07,41,F,Medicare,65,3,0,0,6,1,0
P02893,H17,65,F,Medicare,48,2,1,1,8,0,0
P02894,H03,65,M,Medicare,21,3,0,0,5,0,0
P02895,H03,66,M,Medicaid,7,4,0,1,2,0,0
P02896,H03,56,M,Medicare,78,1,4,0,7,1,0
P02897,H12,61,M,Medicaid,33,1,0,1,4,0,0
P02898,H09,75,M,Medicare,53,2,0,1,4,0,0
P02899,H18,90,F,Medicaid,57,0,1,0,5,0,0
P02900,H18,54,M,Commercial,78,1,1,0,6,0,0
P02901,H18,75,F,Medicare,82,0,0,0,6,1,0
P02902,H09,60,M,Medicaid,50,1,0,1,6,1,0
P02903,H02,48,F,Medicaid,25,1,0,0,4,0,0
P02904,H05,83,M,Commercial,48,2,2,0,4,0,0
P02905,H11,71,M,Medicare,73,1,1,1,7,0,0
P02906,H16,64,M,Medicaid,4,1,1,0,1,0,0
P02907,H12,75,F,Medicare,38,0,2,0,8,0,1
P02908,H19,74,F,Medicare,22,1,0,0,3,0,0
P02909,H15,55,F,Commercial,59,1,0,0,7,0,0
P02910,H19,63,F,Medicare,9,0,1,0,6,0,0
P02911,H14,71,F,Medicaid,12,2,0,0,4,0,0
P02912,H14,78,F,Medicare,31,3,0,0,5,0,1
P02913,H17,54,M,Medicare,55,0,1,1,7,0,0
P02914,H08,77,F,Medicare,8,3,2,0,3,0,0
P02915,H08,64,F,Medicare,96,3,0,0,7,1,1
P02916,H01,52,M,Medicare,19,4,0,0,2,0,0
P02917,H20,55,M,Commercial,62,0,0,0,5,0,0
P02918,H19,55,M,Medicare,53,2,1,1,4,0,0
P02919,H09,72,M,Commercial,31,5,0,1,3,1,0
P02920,H17,71,M,Medicare,62,0,1,0,6,0,0
P02921,H09,65,M,Medicare,45,1,2,0,5,0,0
P02922,H06,66,M,Medicare,22,2,0,1,4,0,0
P02923,H15,73,M,Commercial,79,1,0,1,6,0,0
P02924,H20,63,M,Commercial,62,0,0,1,6,1,0
P02925,H07,70,M,Medicaid,45,1,2,0,5,1,0
P02926,H12,67,M,Medicare,66,2,4,0,5,1,0
P02927,H17,70,M,Medicare,58,3,1,0,7,0,0
P02928,H10,82,M,Medicaid,61,4,1,0,5,1,0
P02929,H11,64,F,Commercial,44,4,2,0,5,0,1
P02930,H17,84,M,Commercial,38,4,0,0,8,0,0
P02931,H13,64,M,Medicare,46,1,0,0,4,0,0
P02932,H10,62,F,Medicare,70,1,1,1,7,1,0
P02933,H10,67,F,Medicare,15,4,0,0,8,0,0
P02934,H19,59,F,Medicare,18,1,1,0,2,0,0
P02935,H20,69,F,Commercial,59,4,0,1,9,0,0
P02936,H04,68,F,Commercial,14,2,1,0,3,0,0
P02937,H08,69,F,Medicare,31,3,2,1,7,0,0
P02938,H05,57,M,Commercial,82,2,0,1,6,0,0
P02939,H02,74,F,Medicare,66,5,0,1,5,1,1
P02940,H11,52,M,Commercial,45,3,0,0,4,0,0
P02941,H16,99,M,Commercial,51,4,0,0,5,0,1
P02942,H02,73,F,Medicare,52,0,0,1,4,1,0
P02943,H02,81,F,Medicaid,23,2,1,0,3,0,0
P02944,H02,61,M,Medicare,79,0,0,0,7,0,0
P02945,H05,81,M,Medicaid,56,2,1,1,6,0,0
P02946,H20,42,M,Medicaid,77,6,0,0,6,1,1
P02947,H01,70,F,Medicare,8,1,0,1,5,0,0
P02948,H01,58,M,Medicaid,5,4,0,1,2,0,1
P02949,H03,87,M,Commercial,34,3,0,0,6,0,0
P02950,H18,53,F,Commercial,43,6,0,0,6,1,0
P02951,H16,52,M,Medicare,12,3,0,0,5,0,0
P02952,H02,84,F,Commercial,9,2,1,1,4,0,0
P02953,H11,74,M,Commercial,14,4,2,0,3,0,0
P02954,H16,55,M,Commercial,60,2,1,0,9,0,0
P02955,H13,59,F,Commercial,39,1,0,0,4,0,0
P02956,H12,78,F,Medicaid,74,4,0,0,6,1,1
P02957,H20,83,F,Medicare,41,0,1,1,6,0,0
P02958,H16,76,M,Medicaid,54,3,1,1,4,0,0
P02959,H02,81,M,Medicare,35,1,1,0,4,0,1
P02960,H20,93,M,Medicare,36,1,1,0,5,0,0
P02961,H16,76,M,Medicare,73,1,0,0,5,1,0
P02962,H14,67,F,Medicaid,31,3,0,0,3,0,0
P02963,H11,77,F,Medicare,61,0,1,1,5,0,0
P02964,H13,75,F,Medicare,41,1,0,0,5,0,0
P02965,H10,44,F,Medicaid,29,1,0,0,6,0,0
P02966,H08,79,M,Commercial,61,1,2,0,5,0,0
P02967,H01,74,M,Medicaid,62,0,0,0,5,0,0
P02968,H09,62,F,Medicare,45,1,1,1,5,0,0
P02969,H05,44,F,Medicare,91,1,0,0,10,0,1
P02970,H15,70,M,Commercial,27,3,0,1,4,0,0
P02971,H12,62,F,Medicare,85,2,0,0,7,0,0
P02972,H13,62,M,Medicaid,24,4,1,0,4,0,0
P02973,H03,73,M,Medicare,93,1,1,0,7,0,0
P02974,H15,72,M,Medicaid,65,1,1,0,5,0,0
P02975,H01,38,M,Medicare,58,4,0,1,5,0,0
P02976,H12,85,F,Medicare,58,3,1,0,5,0,0
P02977,H10,90,M,Medicaid,14,1,1,0,7,0,0
P02978,H05,77,F,Commercial,13,4,1,1,3,0,0
P02979,H01,77,F,Medicaid,29,0,0,1,4,0,0
P02980,H06,38,M,Medicare,71,4,0,0,7,1,0
P02981,H01,45,M,Medicare,15,1,0,0,3,0,0
P02982,H15,75,F,Medicare,89,4,1,1,6,1,1
P02983,H05,75,F,Medicare,33,6,1,0,3,0,0
P02984,H17,70,F,Medicare,68,1,0,1,5,0,1
P02985,H08,45,F,Medicare,36,0,0,0,8,0,0
P02986,H07,47,F,Medicare,76,2,0,1,6,1,0
P02987,H03,72,F,Medicaid,33,3,0,0,3,0,0
P02988,H09,52,F,Medicaid,29,2,0,0,4,0,0
P02989,H18,65,F,Medicaid,32,3,1,0,5,0,0
P02990,H19,58,M,Commercial,16,0,0,0,6,0,0
P02991,H19,48,F,Commercial,21,4,2,0,3,0,0
P02992,H12,99,F,Commercial,28,3,1,0,10,0,0
P02993,H06,71,F,Medicare,50,3,0,0,4,0,0
P02994,H12,66,F,Medicare,30,2,0,0,4,0,0
P02995,H16,68,F,Commercial,62,1,1,0,7,0,0
P02996,H15,59,F,Medicare,56,4,1,1,9,1,0
P02997,H14,63,F,Medicare,55,0,1,0,5,0,0
P02998,H01,45,F,Commercial,50,4,2,0,4,1,0
P02999,H12,77,M,Medicare,62,1,0,1,5,0,0
P03000,H13,68,M,Medicaid,16,1,0,0,2,0,0
P03001,H03,69,M,Medicaid,24,2,1,0,3,0,0
P03002,H14,63,M,Medicare,24,5,1,0,6,0,0
P03003,H16,66,F,Medicare,29,2,0,0,3,0,1
P03004,H07,79,M,Medicaid,76,0,1,0,8,1,0
P03005,H04,62,M,Medicare,28,3,0,1,8,0,0
P03006,H07,68,M,Medicare,55,2,1,0,7,1,0
P03007,H20,43,M,Commercial,31,5,1,0,3,0,1
P03008,H01,29,F,Medicaid,46,0,0,0,5,0,0
P03009,H05,49,F,Medicaid,49,3,1,0,9,0,0
P03010,H17,71,F,Medicare,25,3,1,0,5,0,0
P03011,H10,60,M,Medicare,47,6,0,0,5,0,0
P03012,H19,61,F,Commercial,28,1,0,1,5,0,0
P03013,H20,42,M,Medicare,72,3,0,0,8,1,1
P03014,H02,40,M,Medicare,47,2,1,0,4,0,0
P03015,H06,51,F,Medicare,46,4,0,0,4,0,0
P03016,H19,89,F,Medicare,22,3,1,0,6,0,0
P03017,H12,56,F,Medicaid,86,2,0,0,8,0,0
P03018,H01,75,F,Commercial,55,1,1,1,6,1,0
P03019,H08,56,M,Medicaid,12,0,1,0,12,0,0
P03020,H11,52,F,Medicare,77,0,1,1,7,0,1
P03021,H08,58,F,Commercial,65,1,0,0,5,0,1
P03022,H17,85,M,Medicare,28,4,2,0,3,0,0
P03023,H02,55,M,Medicare,17,2,0,0,6,0,0
P03024,H15,58,F,Medicare,95,0,2,0,11,0,1
P03025,H10,58,F,Medicare,47,4,1,1,4,0,1
P03026,H09,68,F,Medicaid,51,1,1,1,6,0,0
P03027,H10,41,F,Medicare,14,0,0,0,5,0,1
P03028,H01,66,M,Medicaid,70,0,0,0,11,0,0
P03029,H16,83,M,Medicare,45,3,0,0,5,0,1
P03030,H18,80,M,Medicare,20,2,0,1,4,0,0
P03031,H03,59,M,Medicare,23,3,1,0,5,0,0
P03032,H08,64,F,Medicare,96,1,1,1,6,0,1
P03033,H18,74,M,Medicare,24,2,0,1,4,0,0
P03034,H06,71,F,Medicare,36,3,0,0,4,0,0
P03035,H20,72,M,Medicare,11,3,0,0,2,0,0
P03036,H12,74,F,Medicare,32,3,0,0,3,1,0
P03037,H14,64,M,Commercial,68,3,1,1,6,1,1
P03038,H14,78,F,Medicare,40,1,0,0,6,0,0
P03039,H13,60,F,Medicare,43,3,1,0,5,0,0
P03040,H16,71,M,Commercial,44,2,1,0,6,1,0
P03041,H17,89,M,Commercial,44,5,1,1,4,0,0
P03042,H05,89,F,Medicare,43,5,0,0,5,0,0
P03043,H09,90,M,Commercial,49,6,1,0,9,0,1
P03044,H16,74,F,Medicare,56,3,0,0,6,0,0
P03045,H01,63,F,Medicaid,58,7,2,0,5,0,1
P03046,H13,77,M,Medicare,29,2,0,0,3,0,0
P03047,H05,60,F,Medicare,14,1,0,0,2,0,0
P03048,H12,76,M,Medicaid,76,2,0,0,11,0,0
P03049,H13,46,M,Commercial,7,2,0,0,6,0,0
P03050,H05,71,M,Commercial,16,1,0,1,4,0,0
P03051,H11,77,F,Medicare,18,2,1,1,4,0,0
P03052,H16,63,M,Medicare,47,3,1,1,5,0,0
P03053,H01,60,F,Medicare,7,3,0,0,9,0,0
P03054,H01,94,F,Medicare,35,2,0,0,7,0,0
P03055,H15,71,M,Commercial,28,2,0,1,6,0,0
P03056,H05,78,M,Medicare,20,4,0,0,8,0,0
P03057,H01,76,M,Medicare,65,3,0,0,7,1,0
P03058,H06,68,M,Medicaid,62,2,0,0,5,0,1
P03059,H02,89,M,Medicare,61,4,0,1,5,1,0
P03060,H13,77,M,Medicare,8,3,0,0,3,1,0
P03061,H10,70,M,Commercial,56,5,1,0,4,0,1
P03062,H05,79,M,Commercial,75,4,0,0,7,1,1
P03063,H11,69,M,Medicare,66,3,0,0,5,1,1
P03064,H03,50,M,Medicare,62,2,1,1,5,0,0
P03065,H10,70,F,Medicaid,49,0,2,0,6,0,0
P03066,H06,64,M,Commercial,32,2,0,0,3,0,0
P03067,H05,84,F,Medicaid,43,3,0,0,4,0,0
P03068,H18,72,F,Medicare,57,2,2,0,6,0,0
P03069,H09,57,F,Medicare,45,1,0,1,4,0,0
P03070,H03,53,M,Medicare,17,3,1,0,7,0,0
P03071,H19,54,M,Commercial,36,2,1,1,5,0,0
P03072,H20,58,M,Medicaid,38,3,0,0,4,0,0
P03073,H18,62,M,Medicare,19,1,1,0,5,0,0
P03074,H02,63,F,Medicare,21,2,1,0,3,0,0
P03075,H01,57,F,Medicare,75,3,1,1,9,1,1
P03076,H01,47,F,Medicare,89,0,0,0,9,0,0
P03077,H08,96,M,Medicare,59,1,1,1,8,1,0
P03078,H17,67,F,Medicaid,43,3,0,0,4,0,0
P03079,H03,66,M,Medicaid,68,0,1,0,7,0,0
P03080,H14,55,M,Medicaid,7,2,1,0,3,0,0
P03081,H03,86,M,Medicare,35,1,0,0,9,0,0
P03082,H15,63,F,Commercial,83,1,0,0,10,0,1
P03083,H16,59,F,Commercial,24,1,2,0,5,0,0
P03084,H03,76,F,Medicare,70,2,1,0,5,0,0
P03085,H18,93,M,Medicare,20,4,1,0,5,0,0
P03086,H14,66,M,Medicare,37,3,0,0,5,0,0
P03087,H18,64,F,Medicaid,83,0,0,0,8,0,1
P03088,H12,77,M,Commercial,40,0,1,0,5,0,0
P03089,H10,72,M,Commercial,80,3,1,0,9,1,1
P03090,H17,53,M,Medicare,13,3,2,0,3,0,0
P03091,H18,52,F,Medicare,34,4,0,0,6,0,0
P03092,H03,65,M,Commercial,60,1,0,0,4,0,0
P03093,H10,43,M,Medicare,89,1,1,0,7,1,0
P03094,H03,58,M,Medicaid,28,4,0,0,4,0,1
P03095,H18,70,F,Commercial,32,1,0,0,5,0,0
P03096,H07,64,M,Commercial,19,1,1,0,4,1,0
P03097,H14,78,M,Commercial,62,2,1,1,6,0,1
P03098,H17,71,F,Medicaid,63,2,1,0,6,0,0
P03099,H03,66,F,Commercial,28,3,1,0,5,0,0
P03100,H15,74,F,Medicare,52,2,2,0,4,0,0
P03101,H12,73,F,Medicaid,22,1,0,0,3,0,0
P03102,H12,71,M,Medicare,24,0,0,1,5,0,0
P03103,H19,70,F,Medicare,34,1,2,0,3,0,0
P03104,H03,75,M,Medicare,46,2,0,0,4,1,0
P03105,H10,76,M,Medicaid,45,3,2,1,3,0,0
P03106,H17,68,M,Medicare,36,3,1,1,5,0,0
P03107,H19,58,F,Medicare,36,1,1,1,4,0,0
P03108,H09,61,F,Medicare,49,3,2,0,8,0,1
P03109,H16,71,M,Medicaid,57,3,0,0,5,0,0
P03110,H20,80,F,Medicaid,72,1,1,0,9,1,0
P03111,H10,84,M,Medicare,65,2,1,0,14,0,0
P03112,H17,56,F,Commercial,33,0,0,1,4,0,0
P03113,H12,81,M,Medicare,28,9,0,0,7,0,0
P03114,H14,47,M,Medicare,62,0,1,1,9,1,0
P03115,H06,87,M,Commercial,51,1,2,0,6,0,1
P03116,H07,55,F,Medicare,42,1,1,0,3,1,0
P03117,H06,59,F,Medicare,49,0,1,1,4,0,1
P03118,H12,69,M,Medicare,54,2,1,1,15,1,0
P03119,H05,73,M,Medicare,25,1,1,0,3,0,0
P03120,H02,75,F,Commercial,21,3,1,1,5,0,1
P03121,H17,75,F,Commercial,39,2,0,0,4,0,0
P03122,H15,68,M,Medicare,15,2,1,0,3,0,0
P03123,H02,59,M,Medicare,57,2,1,0,7,0,0
P03124,H20,98,M,Medicaid,65,1,3,0,5,0,1
P03125,H06,78,M,Medicare,91,4,0,0,6,1,1
P03126,H04,42,F,Medicare,68,4,0,1,5,1,1
P03127,H14,57,F,Medicare,36,0,1,0,7,0,0
P03128,H03,56,F,Commercial,47,1,1,0,5,0,0
P03129,H11,66,F,Commercial,48,1,1,0,4,0,0
P03130,H09,48,F,Medicare,87,3,0,0,6,0,1
P03131,H10,34,M,Commercial,57,0,1,0,6,1,0
P03132,H18,84,F,Commercial,61,2,0,0,7,0,1
P03133,H19,61,M,Medicare,40,2,0,0,5,0,0
P03134,H19,76,M,Medicare,72,0,0,0,8,0,0
P03135,H06,45,M,Commercial,39,4,1,0,7,0,0
P03136,H02,58,F,Medicare,50,0,1,0,6,0,0
P03137,H06,54,F,Medicare,57,3,1,1,4,0,0
P03138,H09,74,F,Medicare,41,2,1,0,4,0,0
P03139,H18,74,F,Medicare,37,2,0,0,5,0,0
P03140,H19,64,F,Medicare,44,1,0,1,10,0,0
P03141,H11,69,M,Medicare,51,2,0,0,7,0,0
P03142,H09,94,F,Medicare,30,3,0,0,6,0,0
P03143,H07,64,F,Medicaid,22,3,0,0,5,1,0
P03144,H07,61,M,Medicare,30,2,1,0,8,1,0
P03145,H07,84,F,Commercial,40,0,2,1,5,1,0
P03146,H08,70,M,Commercial,41,1,0,0,7,0,0
P03147,H04,69,F,Commercial,42,3,1,0,7,0,0
P03148,H02,62,F,Commercial,48,4,0,0,6,0,1
P03149,H18,66,F,Commercial,41,1,0,0,5,0,0
P03150,H09,56,F,Medicare,14,0,2,1,7,0,0
P03151,H14,40,M,Medicare,66,1,2,0,9,0,1
P03152,H12,44,M,Medicare,34,1,1,0,5,0,0
P03153,H01,66,M,Commercial,84,4,0,0,8,1,0
P03154,H10,63,M,Medicare,74,2,1,0,8,0,0
P03155,H06,65,M,Medicare,51,2,0,0,6,0,0
P03156,H19,71,M,Medicare,39,2,0,0,6,0,0
P03157,H09,64,M,Commercial,70,2,1,0,7,0,0
P03158,H18,63,F,Medicare,36,2,0,0,4,0,0
P03159,H20,61,M,Commercial,47,1,1,1,6,0,0
P03160,H19,79,M,Medicaid,72,2,1,1,10,0,0
P03161,H15,94,M,Commercial,25,1,0,1,4,0,0
P03162,H20,71,F,Medicare,45,1,0,1,6,0,0
P03163,H20,72,M,Medicare,67,2,0,0,5,1,0
P03164,H18,62,F,Commercial,81,2,1,0,6,0,0
P03165,H12,45,M,Medicare,65,2,1,0,6,0,1
P03166,H06,89,F,Commercial,43,2,0,0,4,0,0
P03167,H06,55,F,Medicare,67,2,1,0,6,1,0
P03168,H02,52,M,Commercial,59,3,0,0,5,0,0
P03169,H08,92,F,Commercial,60,1,2,0,4,0,0
P03170,H10,77,F,Commercial,85,2,1,0,6,0,0
P03171,H03,84,F,Commercial,32,4,1,0,3,0,0
P03172,H18,63,M,Medicaid,50,1,1,0,5,0,0
P03173,H13,43,F,Medicare,6,3,2,1,3,0,0
P03174,H12,79,F,Medicare,41,1,1,0,6,1,0
P03175,H13,52,F,Medicaid,63,4,0,0,6,1,1
P03176,H09,94,F,Medicare,73,3,1,1,9,1,1
P03177,H01,77,F,Medicare,50,1,2,0,4,0,0
P03178,H12,72,F,Medicaid,63,0,1,0,6,0,1
P03179,H10,73,F,Medicare,68,1,0,0,7,0,0
P03180,H20,36,F,Medicare,61,3,0,0,8,0,0
P03181,H07,68,M,Medicare,21,0,1,1,3,1,0
P03182,H15,67,F,Medicare,31,0,0,0,5,0,1
P03183,H18,64,F,Commercial,14,1,1,0,5,0,1
P03184,H12,70,M,Medicare,82,2,3,0,7,1,0
P03185,H17,70,F,Medicaid,76,3,1,0,5,1,0
P03186,H18,59,F,Commercial,54,2,0,0,4,0,0
P03187,H04,61,F,Medicare,38,2,1,1,4,0,0
P03188,H15,59,M,Medicare,35,0,2,0,7,0,0
P03189,H10,57,F,Medicaid,3,2,1,0,6,0,0
P03190,H17,70,M,Commercial,35,1,3,1,4,0,0
P03191,H13,59,M,Medicare,83,4,1,0,6,1,0
P03192,H07,58,M,Medicare,73,1,2,0,6,1,1
P03193,H15,55,F,Medicaid,62,0,1,0,7,0,0
P03194,H11,49,M,Medicare,57,4,1,0,8,0,1
P03195,H15,49,M,Medicare,26,0,2,0,3,0,0
P03196,H13,42,M,Medicare,40,4,0,1,7,0,0
P03197,H01,89,F,Medicare,56,0,2,0,9,0,0
P03198,H16,50,M,Medicare,16,0,1,0,6,0,0
P03199,H17,78,M,Commercial,27,1,1,0,4,0,0
P03200,H12,71,F,Commercial,50,3,0,1,4,0,0
P03201,H11,74,M,Medicaid,37,1,0,0,5,0,0
P03202,H07,56,M,Medicare,46,1,0,0,5,1,1
P03203,H06,60,F,Medicare,33,1,1,1,16,0,0
P03204,H12,80,F,Medicaid,7,1,0,1,2,0,0
P03205,H07,76,M,Medicare,38,3,1,1,5,1,0
P03206,H17,93,M,Medicare,61,2,0,0,5,0,0
P03207,H16,46,F,Medicare,61,2,3,1,5,0,0
P03208,H16,63,M,Commercial,87,0,0,0,8,1,0
P03209,H03,60,F,Medicare,37,0,1,0,12,0,0
P03210,H08,73,F,Commercial,82,0,1,1,7,0,0
P03211,H08,51,M,Commercial,25,2,0,1,3,0,1
P03212,H10,63,F,Medicaid,48,2,0,0,7,0,0
P03213,H15,58,F,Medicare,12,2,2,0,5,0,0
P03214,H17,48,M,Medicare,37,1,1,0,4,0,0
P03215,H17,40,F,Medicaid,42,0,1,0,9,0,0
P03216,H03,57,F,Commercial,6,6,0,0,2,0,0
P03217,H05,71,F,Medicare,77,1,1,1,9,1,0
P03218,H14,33,F,Medicare,69,2,1,0,6,0,0
P03219,H19,60,F,Commercial,85,0,1,1,6,1,0
P03220,H05,63,M,Medicaid,62,1,0,0,5,0,0
P03221,H17,57,F,Medicare,7,2,0,1,6,0,0
P03222,H01,57,M,Medicare,36,1,1,1,13,0,0
P03223,H15,67,F,Medicare,58,4,0,0,11,0,0
P03224,H19,82,M,Medicare,59,3,1,0,6,0,1
P03225,H18,77,F,Medicare,59,1,3,0,9,0,0
P03226,H14,85,F,Medicare,10,0,3,0,6,0,0
P03227,H18,65,F,Medicare,42,4,0,0,6,0,0
P03228,H08,64,F,Medicare,46,1,0,0,7,0,0
P03229,H08,98,F,Medicaid,39,2,1,1,5,0,0
P03230,H05,59,F,Commercial,56,2,0,0,5,0,0
P03231,H04,69,F,Medicare,75,2,2,1,10,0,0
P03232,H20,87,M,Medicare,33,2,0,1,5,0,0
P03233,H04,83,F,Medicare,59,1,1,1,5,0,0
P03234,H11,84,M,Medicare,67,4,0,0,9,1,0
P03235,H09,48,M,Medicare,44,1,0,0,6,0,0
P03236,H13,69,M,Medicaid,37,3,1,0,6,0,0
P03237,H18,79,F,Medicaid,70,1,1,0,6,0,0
P03238,H15,75,F,Commercial,67,1,0,1,5,0,0
P03239,H18,60,M,Medicare,44,1,0,0,6,0,0
P03240,H18,54,F,Medicare,36,5,0,1,3,0,0
P03241,H12,65,F,Commercial,28,2,0,0,4,0,0
P03242,H12,48,F,Commercial,68,4,0,0,4,1,0
P03243,H19,64,F,Medicare,57,0,2,0,9,0,0
P03244,H20,76,F,Medicare,55,4,0,0,6,0,0
P03245,H18,60,M,Commercial,69,5,2,0,5,1,0
P03246,H17,52,M,Medicare,30,4,1,1,5,0,0
P03247,H15,82,F,Medicaid,53,0,2,0,6,1,0
P03248,H07,43,F,Medicaid,26,1,0,0,3,1,0
P03249,H07,65,M,Medicare,70,2,1,0,10,1,0
P03250,H06,43,F,Medicare,45,2,0,0,7,0,0
P03251,H15,80,M,Medicare,58,3,1,1,6,0,1
P03252,H20,77,M,Medicaid,19,3,1,0,5,0,0
P03253,H10,61,M,Medicare,66,5,3,0,5,1,0
P03254,H02,86,F,Medicare,54,1,0,0,4,0,0
P03255,H09,74,F,Medicare,33,3,4,0,12,0,0
P03256,H06,79,M,Commercial,36,5,1,1,4,0,0
P03257,H03,76,F,Medicaid,35,0,1,0,3,0,0
P03258,H12,63,M,Medicare,37,4,1,0,4,0,0
P03259,H18,54,M,Medicare,28,2,1,0,4,0,0
P03260,H13,62,F,Medicare,63,3,1,1,5,0,1
P03261,H14,65,M,Medicare,23,2,1,0,4,0,0
P03262,H14,66,M,Medicaid,45,3,0,1,7,0,0
P03263,H15,70,F,Commercial,65,3,1,0,6,1,1
P03264,H15,58,M,Commercial,57,0,0,0,6,0,0
P03265,H04,70,M,Commercial,33,2,1,0,7,0,0
P03266,H03,62,F,Medicare,39,2,0,1,6,0,0
P03267,H17,67,M,Medicaid,13,3,0,0,2,0,0
P03268,H13,74,F,Medicare,55,3,0,0,8,0,0
P03269,H20,64,F,Medicare,32,2,1,0,5,0,0
P03270,H07,76,M,Medicare,70,5,0,0,6,1,0
P03271,H14,78,F,Commercial,51,6,1,1,6,0,0
P03272,H04,88,M,Commercial,82,2,0,0,8,1,0
P03273,H14,80,M,Commercial,29,6,2,0,4,0,0
P03274,H16,45,F,Commercial,12,5,0,0,4,0,0
P03275,H18,47,M,Medicaid,16,2,0,0,3,0,0
P03276,H04,54,F,Medicare,30,2,1,1,3,0,0
P03277,H17,61,F,Medicare,65,1,3,0,6,0,0
P03278,H13,60,M,Commercial,54,4,0,0,5,0,0
P03279,H02,83,F,Commercial,26,2,1,0,4,0,1
P03280,H16,78,F,Medicare,58,3,1,1,9,0,0
P03281,H05,73,M,Medicaid,73,2,2,1,8,0,0
P03282,H01,61,F,Medicare,74,2,0,1,8,0,0
P03283,H03,61,M,Medicaid,55,4,1,0,6,0,0
P03284,H06,75,F,Medicaid,38,1,0,0,6,0,0
P03285,H08,63,F,Medicare,9,0,0,1,2,0,0
P03286,H11,91,F,Medicaid,17,4,2,0,7,0,1
P03287,H04,67,F,Medicare,50,1,1,0,6,1,0
P03288,H18,65,F,Medicaid,70,1,1,1,5,0,0
P03289,H02,75,M,Medicare,24,2,1,0,2,0,0
P03290,H15,49,M,Medicare,36,1,1,1,3,0,0
P03291,H16,48,F,Medicaid,24,6,1,0,7,1,0
P03292,H09,88,M,Medicare,22,3,0,1,4,0,0
P03293,H04,67,M,Medicare,10,4,1,0,2,0,0
P03294,H19,59,M,Commercial,44,0,2,0,4,0,0
P03295,H20,58,F,Medicaid,58,3,3,0,5,0,0
P03296,H05,74,M,Commercial,10,2,0,0,10,0,0
P03297,H08,49,F,Medicare,11,3,0,0,3,1,0
P03298,H01,75,F,Medicaid,61,2,1,1,10,0,1
P03299,H20,58,M,Commercial,38,2,0,0,6,0,0
P03300,H07,91,F,Medicaid,19,2,0,0,3,1,0
P03301,H15,62,F,Commercial,44,1,0,0,4,0,0
P03302,H06,54,M,Commercial,72,2,0,1,9,0,0
P03303,H15,73,M,Medicare,50,1,1,0,4,0,0
P03304,H18,69,F,Commercial,13,1,0,0,2,0,0
P03305,H12,74,F,Commercial,85,3,0,0,9,1,1
P03306,H18,57,F,Medicare,29,5,0,0,7,0,0
P03307,H11,77,F,Medicare,70,0,0,0,6,1,0
P03308,H06,64,M,Commercial,25,2,0,1,5,0,0
P03309,H04,60,M,Medicare,48,5,1,1,5,0,0
P03310,H02,51,F,Commercial,17,4,1,0,2,0,0
P03311,H11,90,F,Medicare,41,5,1,1,3,0,0
P03312,H14,82,M,Medicare,48,5,2,1,6,0,0
P03313,H09,85,M,Medicare,58,2,0,0,5,0,0
P03314,H18,54,F,Commercial,45,2,0,0,4,0,0
P03315,H06,66,F,Medicare,55,1,0,0,5,0,0
P03316,H19,57,F,Medicare,52,1,1,0,4,0,0
P03317,H10,49,M,Medicare,53,1,0,0,8,0,0
P03318,H05,64,F,Commercial,10,2,0,0,3,0,0
P03319,H06,81,M,Medicare,60,2,1,0,6,0,0
P03320,H17,76,M,Medicare,34,3,2,1,10,0,0
P03321,H01,57,M,Medicare,60,1,0,0,5,0,0
P03322,H14,58,M,Medicaid,60,2,1,1,7,0,0
P03323,H07,46,M,Medicaid,60,3,2,1,8,1,1
P03324,H14,50,F,Medicaid,55,2,0,0,7,0,0
P03325,H03,87,F,Medicare,34,0,0,1,6,0,0
P03326,H05,66,M,Medicare,31,1,1,0,4,0,1
P03327,H05,51,F,Medicare,70,6,0,1,5,1,0
P03328,H13,66,M,Medicare,23,3,1,0,3,1,0
P03329,H14,63,F,Medicare,78,3,2,0,8,1,1
P03330,H04,82,F,Medicare,45,0,0,1,8,0,0
P03331,H08,77,F,Commercial,50,1,0,0,6,0,0
P03332,H01,32,F,Medicare,3,5,0,0,3,0,0
P03333,H11,77,M,Medicaid,41,2,1,0,4,0,0
P03334,H19,62,M,Medicare,55,2,0,0,5,0,0
P03335,H17,67,F,Commercial,21,2,1,1,3,0,0
P03336,H05,87,F,Medicare,51,2,0,0,7,0,1
P03337,H03,71,M,Medicare,27,2,0,0,3,0,0
P03338,H13,67,F,Medicare,42,0,0,0,10,0,0
P03339,H20,55,M,Medicare,59,1,0,0,5,1,0
P03340,H20,68,F,Commercial,61,4,0,1,6,1,1
P03341,H09,64,F,Medicaid,45,2,0,0,5,0,0
P03342,H19,58,M,Commercial,56,6,2,0,4,1,0
P03343,H13,75,M,Commercial,68,3,0,0,11,1,0
P03344,H09,71,M,Medicare,58,3,2,0,7,0,0
P03345,H16,60,F,Medicaid,26,3,0,1,3,0,0
P03346,H11,82,F,Medicare,38,1,1,1,5,0,0
P03347,H07,66,M,Medicaid,40,0,0,0,5,1,0
P03348,H08,92,M,Medicare,12,2,0,0,2,0,0
P03349,H12,43,F,Medicare,74,1,0,0,5,1,0
P03350,H07,64,M,Commercial,25,3,0,1,4,1,0
P03351,H13,63,M,Medicare,16,0,1,0,5,0,0
P03352,H01,67,F,Medicare,7,1,0,0,5,0,0
P03353,H12,46,F,Medicare,17,3,0,0,4,0,0
P03354,H05,50,M,Commercial,67,2,0,0,6,0,0
P03355,H01,74,M,Commercial,63,1,1,0,7,0,0
P03356,H12,61,F,Medicare,24,1,0,1,5,0,0
P03357,H15,77,M,Medicaid,60,2,1,0,7,0,0
P03358,H04,86,F,Medicare,24,2,1,0,3,0,1
P03359,H05,33,M,Medicare,27,3,1,0,3,0,0
P03360,H13,92,M,Commercial,44,1,0,0,5,0,0
P03361,H03,80,M,Commercial,64,3,0,1,6,1,1
P03362,H16,99,F,Medicare,24,0,2,1,4,0,0
P03363,H16,68,F,Medicare,8,0,1,0,2,0,0
P03364,H04,67,F,Medicare,39,1,1,0,3,0,0
P03365,H05,52,F,Medicaid,37,2,2,0,8,0,1
P03366,H11,82,M,Commercial,34,2,2,0,6,0,0
P03367,H15,83,M,Commercial,36,2,1,0,3,0,0
P03368,H04,52,F,Medicare,52,2,0,0,6,0,0
P03369,H11,18,M,Medicaid,80,2,1,0,11,0,1
P03370,H04,68,F,Medicare,47,1,1,0,8,0,0
P03371,H12,86,F,Commercial,47,2,2,0,9,0,0
P03372,H03,79,F,Commercial,94,1,1,0,7,0,1
P03373,H13,79,M,Medicaid,16,1,1,0,3,0,0
P03374,H07,62,M,Medicare,20,2,1,0,3,1,0
P03375,H11,87,F,Medicare,40,2,1,1,7,0,1
P03376,H17,75,F,Medicare,62,5,1,0,5,1,0
P03377,H03,67,M,Medicaid,85,2,1,1,16,1,0
P03378,H11,69,F,Medicare,71,6,0,1,8,1,1
P03379,H19,56,M,Medicare,4,3,2,0,2,0,0
P03380,H20,68,F,Medicaid,91,5,1,0,9,1,1
P03381,H04,41,F,Medicare,53,3,1,0,6,0,0
P03382,H15,68,F,Medicare,59,1,2,0,5,0,1
P03383,H06,60,M,Medicare,25,2,1,1,15,0,0
P03384,H06,56,M,Medicare,18,1,0,1,3,0,0
P03385,H14,72,M,Medicare,28,1,0,0,4,0,0
P03386,H13,76,F,Medicare,62,3,2,1,12,1,0
P03387,H04,85,F,Medicare,49,3,2,0,9,1,0
P03388,H13,79,M,Medicare,23,3,1,0,5,0,0
P03389,H15,59,F,Medicare,32,3,2,0,7,0,0
P03390,H03,51,M,Medicare,33,6,1,0,5,0,1
P03391,H08,50,M,Medicare,21,1,0,0,3,0,0
P03392,H15,76,F,Medicare,6,1,3,0,3,0,0
P03393,H03,68,M,Commercial,75,2,0,0,5,0,1
P03394,H03,69,F,Medicare,22,2,1,0,3,0,0
P03395,H14,48,F,Medicare,17,2,0,0,4,0,0
P03396,H16,62,M,Medicare,42,1,2,0,3,0,0
P03397,H16,79,F,Commercial,48,5,0,0,4,0,0
P03398,H06,63,M,Medicare,60,1,3,0,5,1,1
P03399,H14,80,F,Medicare,54,1,1,0,4,0,0
P03400,H02,68,F,Medicaid,60,1,0,0,5,1,0
P03401,H15,54,F,Commercial,26,1,0,0,3,0,0
P03402,H04,59,M,Medicaid,71,0,0,1,9,0,1
P03403,H03,72,F,Medicare,34,3,0,0,3,0,1
P03404,H04,79,F,Medicare,73,1,0,1,5,0,0
P03405,H16,68,M,Medicaid,16,1,1,0,5,0,0
P03406,H14,70,M,Commercial,53,3,0,0,4,0,0
P03407,H18,89,F,Medicare,35,2,0,0,5,0,0
P03408,H13,69,F,Medicaid,55,3,0,0,5,0,0
P03409,H19,60,M,Medicare,27,3,2,1,5,0,1
P03410,H13,72,F,Medicare,40,2,1,0,6,0,0
P03411,H06,45,M,Medicare,37,3,6,1,5,0,0
P03412,H18,38,F,Medicare,41,1,2,0,4,0,0
P03413,H10,70,M,Medicare,79,2,1,0,6,0,0
P03414,H10,52,M,Commercial,38,2,0,0,4,0,0
P03415,H19,65,M,Medicaid,53,6,1,0,5,1,1
P03416,H05,78,F,Medicare,49,2,0,0,5,0,1
P03417,H15,99,F,Medicare,68,3,0,0,9,1,1
P03418,H04,76,F,Medicare,13,1,0,1,3,0,0
P03419,H15,77,M,Commercial,34,2,0,0,12,0,0
P03420,H07,58,M,Commercial,33,5,0,1,10,1,0
P03421,H17,46,M,Medicare,22,1,1,0,5,0,0
P03422,H05,75,M,Medicare,36,4,0,1,5,0,0
P03423,H18,79,F,Medicare,56,1,0,0,5,1,0
P03424,H07,76,M,Commercial,12,2,0,0,6,1,0
P03425,H17,60,M,Medicare,75,3,2,1,10,1,1
P03426,H10,75,M,Medicare,18,0,1,0,2,0,0
P03427,H07,77,M,Medicare,33,2,0,1,7,1,1
P03428,H13,65,M,Commercial,61,2,0,0,7,0,0
P03429,H01,64,M,Medicare,19,1,0,0,3,0,0
P03430,H10,73,M,Medicaid,43,1,0,0,7,0,0
P03431,H09,72,F,Medicare,72,1,0,0,6,1,0
P03432,H05,54,F,Medicare,36,2,1,0,5,0,1
P03433,H07,78,M,Commercial,56,4,0,1,4,1,0
P03434,H07,76,F,Medicaid,22,1,0,1,4,1,0
P03435,H11,76,M,Medicare,29,4,0,0,4,0,0
P03436,H15,92,F,Medicaid,21,4,0,1,4,0,0
P03437,H13,57,F,Medicare,51,1,0,1,4,0,0
P03438,H19,87,M,Medicare,83,2,0,1,9,1,1
P03439,H13,65,M,Commercial,56,4,2,0,5,0,0
P03440,H08,74,F,Medicare,59,1,2,0,8,0,0
P03441,H03,67,M,Medicare,82,2,0,0,14,1,0
P03442,H06,79,M,Medicare,25,2,0,0,3,0,0
P03443,H12,64,M,Medicare,49,1,2,1,5,1,0
P03444,H18,59,F,Medicare,31,3,1,0,7,0,0
P03445,H07,55,F,Commercial,52,4,2,0,4,1,0
P03446,H06,72,M,Medicare,21,2,0,0,5,0,0
P03447,H12,76,M,Medicare,19,1,1,0,3,0,0
P03448,H03,68,F,Commercial,42,1,2,0,6,0,0
P03449,H10,59,F,Medicare,72,1,0,1,6,0,0
P03450,H05,88,F,Medicare,49,2,1,0,5,0,0
P03451,H04,70,M,Medicare,68,3,1,0,8,1,1
P03452,H11,55,F,Commercial,79,2,1,0,7,0,0
P03453,H07,51,M,Commercial,35,0,0,0,3,1,0
P03454,H01,99,F,Commercial,52,1,1,0,7,1,0
P03455,H07,63,M,Commercial,33,4,1,1,3,1,0
P03456,H07,78,F,Medicare,21,2,2,0,3,1,0
P03457,H05,62,F,Medicaid,49,2,2,0,4,0,0
P03458,H06,92,M,Medicare,65,2,2,0,7,0,0
P03459,H06,64,F,Medicare,4,0,3,0,4,0,0
P03460,H17,74,F,Medicare,58,0,0,1,5,0,0
P03461,H07,62,M,Medicaid,76,3,0,0,8,1,0
P03462,H09,67,M,Medicare,32,2,0,1,5,0,0
P03463,H06,72,F,Commercial,67,0,0,0,5,0,0
P03464,H11,51,M,Medicaid,47,0,0,0,5,0,0
P03465,H09,59,F,Medicare,82,1,1,0,7,1,0
P03466,H05,49,F,Medicare,10,2,0,0,3,0,0
P03467,H05,53,M,Medicare,59,5,1,0,4,0,0
P03468,H07,84,F,Medicare,66,1,0,0,7,1,0
P03469,H08,55,F,Commercial,43,1,0,0,4,0,0
P03470,H01,84,F,Medicare,49,1,0,0,6,0,0
P03471,H15,57,F,Medicare,16,0,1,0,2,0,0
P03472,H08,61,F,Commercial,41,3,0,0,3,0,0
P03473,H06,84,F,Medicare,29,0,0,0,3,0,0
P03474,H13,65,M,Medicare,47,1,1,0,7,0,0
P03475,H06,72,F,Medicare,42,0,0,0,5,0,0
P03476,H15,71,M,Commercial,61,3,1,0,5,1,0
P03477,H12,53,M,Medicare,54,3,1,0,7,0,0
P03478,H01,60,M,Commercial,14,2,0,0,3,0,0
P03479,H05,63,F,Medicare,71,2,0,0,8,0,0
P03480,H14,66,M,Medicare,29,3,1,0,3,0,0
P03481,H03,58,M,Medicare,53,4,1,0,10,0,1
P03482,H15,73,F,Medicare,28,1,1,0,3,0,0
P03483,H08,62,F,Medicaid,35,1,1,0,6,0,0
P03484,H02,62,M,Medicaid,15,3,0,0,3,0,0
P03485,H16,53,M,Commercial,8,1,2,0,4,0,0
P03486,H01,67,F,Medicaid,75,3,0,1,5,1,0
P03487,H08,67,F,Medicaid,70,0,1,1,5,1,0
P03488,H16,63,F,Medicaid,48,2,0,0,7,0,0
P03489,H20,60,M,Medicare,45,1,0,0,4,0,0
P03490,H20,66,F,Medicare,66,2,0,1,9,0,0
P03491,H02,86,M,Medicaid,31,5,0,1,5,0,0
P03492,H16,79,M,Commercial,68,1,0,0,7,0,0
P03493,H19,59,F,Medicare,73,3,2,0,8,1,1
P03494,H17,82,M,Medicaid,34,0,2,0,4,0,0
P03495,H09,75,F,Medicare,55,5,1,1,5,1,1
P03496,H12,73,F,Medicaid,6,0,1,0,2,0,0
P03497,H03,66,M,Medicare,54,6,1,0,4,0,0
P03498,H06,78,M,Commercial,32,2,0,1,5,0,0
P03499,H09,85,M,Medicare,86,1,1,0,6,1,0
P03500,H08,72,M,Commercial,21,2,1,1,2,0,0
P03501,H07,79,F,Commercial,66,4,0,1,9,1,1
P03502,H05,68,F,Medicare,46,3,0,0,7,0,0
P03503,H04,75,M,Medicare,57,3,2,0,6,0,0
P03504,H06,70,M,Medicare,43,2,1,1,7,0,0
P03505,H04,72,F,Medicare,71,3,1,1,5,1,0
P03506,H17,78,M,Commercial,35,3,1,1,4,0,0
P03507,H11,63,F,Commercial,78,2,2,0,6,0,0
P03508,H12,39,M,Medicare,34,3,1,0,4,0,0
P03509,H07,59,F,Medicare,72,2,1,1,6,1,0
P03510,H18,48,M,Medicare,37,2,1,0,5,0,0
P03511,H05,50,F,Medicare,22,0,0,1,5,0,0
P03512,H12,72,M,Commercial,29,0,0,0,4,0,0
P03513,H06,56,F,Medicaid,26,4,1,0,8,0,0
P03514,H02,95,M,Commercial,80,2,0,0,6,0,0
P03515,H09,40,F,Medicare,54,1,1,0,6,0,0
P03516,H13,92,F,Medicaid,35,1,1,0,3,0,0
P03517,H20,89,M,Commercial,37,0,0,0,4,0,0
P03518,H19,86,F,Medicaid,61,2,0,0,6,0,0
P03519,H10,52,F,Medicare,24,3,0,0,4,0,0
P03520,H09,62,F,Medicare,69,4,2,0,11,1,1
P03521,H10,47,M,Medicare,46,3,1,1,9,0,0
P03522,H04,66,M,Medicaid,10,0,0,0,2,0,1
P03523,H10,66,M,Medicare,29,2,0,0,3,0,0
P03524,H11,60,F,Commercial,38,1,1,1,4,0,0
P03525,H05,50,F,Medicare,39,6,1,0,4,1,1
P03526,H13,65,M,Medicare,61,0,0,0,5,0,0
P03527,H14,72,M,Commercial,30,4,0,0,4,0,0
P03528,H06,84,M,Commercial,35,2,0,1,3,0,0
P03529,H18,81,F,Commercial,36,4,0,1,6,0,1
P03530,H12,54,F,Commercial,22,1,1,0,5,0,0
P03531,H14,82,F,Medicaid,79,2,2,0,6,1,1
P03532,H01,64,F,Commercial,46,2,4,0,5,0,0
P03533,H09,57,F,Commercial,65,0,0,0,8,0,0
P03534,H10,57,F,Medicare,23,1,0,0,3,0,0
P03535,H06,44,F,Medicare,53,2,1,0,4,0,0
P03536,H16,94,M,Commercial,24,3,1,1,4,0,0
P03537,H06,84,M,Medicare,73,4,0,0,10,0,0
P03538,H15,62,F,Medicare,20,1,1,0,5,0,0
P03539,H07,49,F,Commercial,41,3,1,0,5,1,1
P03540,H10,79,M,Commercial,89,0,0,0,6,0,1
P03541,H18,65,F,Medicare,33,2,0,1,5,0,0
P03542,H13,73,F,Medicare,78,3,1,1,6,1,0
P03543,H08,90,M,Medicare,12,2,2,0,12,0,0
P03544,H07,51,M,Medicare,25,1,0,1,3,1,0
P03545,H17,60,M,Medicare,56,1,1,1,5,0,0
P03546,H19,78,F,Medicare,71,2,0,0,6,0,1
P03547,H17,86,M,Medicare,33,0,0,0,5,0,0
P03548,H11,84,M,Medicare,23,5,1,1,4,0,0
P03549,H05,50,F,Medicare,80,2,1,0,7,1,0
P03550,H07,85,F,Commercial,76,2,0,0,11,1,0
P03551,H12,45,F,Commercial,0,3,0,0,1,0,0
P03552,H16,67,M,Commercial,76,0,1,0,11,1,1
P03553,H01,74,M,Medicare,58,2,1,0,6,0,0
P03554,H10,58,M,Commercial,70,1,1,0,9,0,0
P03555,H02,55,F,Medicaid,11,4,2,0,7,0,0
P03556,H08,85,M,Medicaid,69,1,1,1,11,0,0
P03557,H20,56,M,Commercial,31,6,1,1,4,0,0
P03558,H11,91,F,Medicaid,47,2,1,0,5,0,0
P03559,H19,85,F,Medicare,25,2,0,1,4,0,0
P03560,H19,67,F,Medicare,54,3,2,0,6,0,0
P03561,H06,84,F,Commercial,47,1,1,1,5,0,0
P03562,H17,67,F,Medicare,52,1,2,0,9,1,0
P03563,H14,80,F,Medicare,46,5,0,0,6,0,0
P03564,H06,65,F,Medicare,30,0,1,1,4,0,0
P03565,H10,45,M,Commercial,88,1,1,0,11,1,1
P03566,H02,65,M,Medicare,42,3,0,0,8,0,0
P03567,H08,58,M,Medicare,42,4,1,0,4,1,0
P03568,H12,51,M,Commercial,45,3,0,1,13,0,0
P03569,H10,83,F,Medicare,34,2,1,0,4,0,0
P03570,H18,74,F,Medicare,61,2,1,0,6,0,1
P03571,H18,62,F,Medicare,40,3,1,0,6,0,0
P03572,H08,70,F,Medicare,31,2,0,0,10,0,0
P03573,H03,60,M,Medicaid,91,3,1,0,6,1,0
P03574,H12,60,F,Medicaid,50,2,0,1,4,0,0
P03575,H01,68,M,Medicaid,47,5,1,0,6,0,0
P03576,H20,69,F,Medicare,47,1,0,0,7,0,0
P03577,H02,75,M,Commercial,46,0,0,0,5,0,0
P03578,H05,68,F,Medicare,8,3,0,0,3,0,0
P03579,H01,70,F,Commercial,70,3,2,0,7,1,1
P03580,H20,63,F,Medicare,50,2,2,1,6,0,0
P03581,H03,68,F,Medicare,15,1,1,0,2,0,0
P03582,H10,55,M,Medicare,48,3,1,1,5,1,0
P03583,H03,70,M,Commercial,69,2,3,0,6,0,1
P03584,H18,80,F,Medicaid,41,4,0,0,6,0,0
P03585,H17,57,M,Commercial,41,2,0,0,5,0,0
P03586,H16,52,F,Medicare,48,2,2,0,5,0,1
P03587,H04,78,F,Commercial,64,2,0,0,10,0,0
P03588,H17,72,M,Commercial,58,2,0,0,6,0,0
P03589,H08,60,M,Medicaid,40,1,1,0,4,0,0
P03590,H06,80,M,Medicaid,11,1,0,0,4,0,0
P03591,H20,67,M,Commercial,24,1,0,0,3,0,0
P03592,H09,54,M,Medicare,38,0,1,0,5,0,0
P03593,H18,71,F,Medicare,28,0,1,0,3,0,0
P03594,H09,85,F,Commercial,57,2,0,0,5,0,0
P03595,H18,59,F,Commercial,85,3,0,0,7,1,1
P03596,H18,82,F,Commercial,10,2,3,1,3,0,0
P03597,H14,72,M,Commercial,32,4,0,1,3,0,0
P03598,H17,50,M,Medicare,14,1,0,0,5,1,0
P03599,H02,49,F,Medicare,23,1,0,0,3,0,0
P03600,H16,95,M,Commercial,7,0,0,0,3,0,0
P03601,H14,76,F,Medicaid,51,4,2,0,6,1,0
P03602,H07,66,M,Commercial,17,1,1,0,3,1,0
P03603,H20,70,F,Medicare,30,2,2,0,6,0,0
P03604,H20,77,F,Medicare,19,2,0,0,4,0,0
P03605,H10,38,F,Medicare,50,5,0,0,6,0,0
P03606,H08,73,F,Medicare,51,4,0,0,4,0,0
P03607,H18,70,M,Medicaid,49,2,0,1,12,1,1
P03608,H04,94,M,Medicare,48,1,1,0,5,0,0
P03609,H14,59,F,Commercial,30,4,2,1,4,0,0
P03610,H04,81,M,Commercial,54,4,1,1,5,0,0
P03611,H20,57,M,Medicare,46,5,0,0,4,0,0
P03612,H17,66,F,Medicare,33,1,1,1,4,0,0
P03613,H04,69,M,Medicaid,45,3,0,0,6,0,0
P03614,H07,59,F,Medicare,33,1,4,0,8,1,0
P03615,H19,76,F,Medicare,64,1,0,0,6,0,0
P03616,H09,72,F,Commercial,57,1,1,0,5,0,0
P03617,H16,52,M,Medicare,24,2,1,0,5,0,0
P03618,H14,91,F,Medicare,17,1,2,0,3,0,0
P03619,H01,66,M,Medicare,15,1,0,1,3,0,0
P03620,H03,74,M,Medicare,11,3,2,1,4,0,0
P03621,H02,74,M,Medicare,69,2,1,0,6,0,1
P03622,H19,34,F,Commercial,26,2,0,0,2,0,0
P03623,H04,76,F,Medicare,20,0,0,0,5,0,0
P03624,H07,80,F,Medicare,31,3,1,0,4,1,0
P03625,H03,62,F,Medicare,31,0,1,0,3,0,0
P03626,H15,59,M,Medicare,15,2,1,0,3,0,0
P03627,H20,40,F,Medicare,61,4,0,1,7,1,0
P03628,H11,71,F,Medicare,16,3,0,0,3,0,0
P03629,H11,75,M,Medicare,16,1,0,0,3,0,0
P03630,H17,71,F,Medicare,49,0,1,0,5,0,0
P03631,H03,57,F,Medicare,30,1,0,1,4,0,0
P03632,H10,82,F,Commercial,60,0,0,0,6,0,0
P03633,H09,49,F,Medicare,42,2,0,0,5,0,0
P03634,H17,59,M,Medicaid,43,2,0,0,15,0,0
P03635,H02,62,F,Medicaid,10,1,2,0,4,0,0
P03636,H03,63,F,Commercial,37,3,1,0,3,0,0
P03637,H20,67,M,Medicare,20,2,0,1,4,0,1
P03638,H20,48,M,Medicare,72,2,3,0,8,0,0
P03639,H15,94,F,Medicare,38,3,0,0,8,0,0
P03640,H09,64,F,Commercial,67,1,0,0,7,0,1
P03641,H19,58,M,Medicare,36,1,0,0,3,0,0
P03642,H04,77,M,Commercial,18,0,0,0,7,0,0
P03643,H11,73,F,Medicare,23,0,2,0,3,0,0
P03644,H14,78,F,Commercial,36,4,1,1,3,0,0
P03645,H01,59,F,Commercial,28,3,0,0,5,0,0
P03646,H12,79,F,Medicare,62,3,0,0,6,0,1
P03647,H20,73,F,Medicare,55,2,2,0,7,0,0
P03648,H07,68,M,Commercial,48,0,0,1,5,1,0
P03649,H05,58,M,Medicaid,62,2,1,0,6,0,0
P03650,H12,80,F,Medicare,8,1,0,1,2,0,0
P03651,H05,67,M,Medicare,13,4,1,1,3,0,1
P03652,H11,46,F,Medicaid,52,2,1,0,5,0,1
P03653,H06,63,F,Medicare,36,0,1,0,6,0,0
P03654,H01,47,M,Commercial,67,2,0,0,5,0,0
P03655,H19,86,F,Medicaid,31,2,1,0,4,0,0
P03656,H08,70,M,Medicare,76,0,1,1,8,0,0
P03657,H07,69,F,Commercial,15,1,0,0,3,1,0
P03658,H18,72,F,Medicaid,40,2,0,0,3,0,0
P03659,H04,60,M,Medicaid,13,2,2,0,3,0,0
P03660,H09,86,F,Commercial,66,1,2,0,8,0,0
P03661,H09,52,F,Medicare,51,1,1,1,4,0,0
P03662,H10,63,M,Medicare,85,3,1,0,7,1,0
P03663,H03,70,F,Medicare,47,3,2,1,6,0,0
P03664,H06,55,F,Medicaid,65,3,1,0,6,1,1
P03665,H12,70,M,Medicare,16,2,1,1,3,0,0
P03666,H09,64,F,Medicaid,65,3,1,0,6,1,1
P03667,H02,72,F,Commercial,69,2,0,1,7,0,0
P03668,H01,65,M,Medicare,21,2,0,0,9,0,0
P03669,H20,89,F,Medicare,39,3,1,1,7,0,0
P03670,H15,74,F,Medicare,44,1,1,0,4,0,0
P03671,H18,62,M,Medicare,36,2,0,0,8,0,0
P03672,H13,78,M,Commercial,86,1,0,0,6,0,0
P03673,H07,77,F,Medicaid,87,2,1,0,8,1,0
P03674,H20,66,F,Medicaid,59,0,1,1,4,0,0
P03675,H13,84,F,Medicare,72,4,1,1,6,1,1
P03676,H09,68,M,Medicaid,35,2,0,0,5,0,0
P03677,H20,75,F,Medicare,23,5,4,0,4,0,0
P03678,H03,61,M,Commercial,33,0,1,0,5,0,1
P03679,H02,76,F,Medicare,19,3,1,0,4,0,0
P03680,H05,71,F,Medicare,27,2,0,0,3,0,0
P03681,H15,76,F,Medicare,42,3,0,0,4,0,0
P03682,H06,75,M,Medicare,73,1,0,0,5,0,1
P03683,H06,90,F,Medicare,36,1,0,1,4,0,0
P03684,H13,69,M,Commercial,10,2,0,0,4,0,0
P03685,H07,73,F,Medicare,36,4,0,0,6,1,0
P03686,H10,49,F,Medicaid,12,5,2,0,2,0,0
P03687,H18,59,M,Medicare,63,2,0,0,5,0,1
P03688,H04,76,F,Medicare,68,1,2,1,5,1,0
P03689,H08,67,M,Medicare,66,0,1,1,5,0,1
P03690,H20,39,F,Medicaid,61,1,0,1,7,0,0
P03691,H04,70,F,Commercial,53,2,3,0,7,0,0
P03692,H06,64,M,Medicaid,38,3,0,0,4,0,0
P03693,H18,53,M,Medicare,55,3,2,0,9,0,0
P03694,H01,50,M,Medicare,90,2,0,0,8,1,0
P03695,H14,73,M,Commercial,56,2,0,0,4,0,0
P03696,H11,52,M,Medicare,66,3,2,0,11,1,0
P03697,H06,79,M,Medicaid,17,0,0,0,3,0,0
P03698,H03,96,M,Commercial,69,3,2,0,6,0,0
P03699,H14,75,M,Medicaid,33,2,1,1,3,0,0
P03700,H08,80,M,Medicare,68,1,0,0,6,1,0
P03701,H12,69,M,Medicare,21,2,2,0,4,0,0
P03702,H07,74,M,Medicaid,55,2,2,1,5,1,0
P03703,H02,48,M,Commercial,13,2,0,1,3,0,0
P03704,H08,71,F,Commercial,43,0,1,1,4,0,0
P03705,H14,64,M,Commercial,25,4,0,1,3,0,0
P03706,H19,90,M,Medicare,36,2,0,0,6,0,0
P03707,H09,83,M,Medicare,15,6,0,0,5,0,0
P03708,H05,69,F,Medicare,49,0,2,0,5,0,0
P03709,H13,56,F,Medicare,43,2,0,1,6,0,0
P03710,H15,62,F,Commercial,40,1,0,0,11,0,0
P03711,H04,93,M,Commercial,88,0,0,0,8,0,0
P03712,H02,55,F,Commercial,44,7,0,0,4,0,0
P03713,H06,77,F,Medicare,21,1,1,0,6,0,0
P03714,H19,59,F,Medicare,42,0,1,1,7,0,0
P03715,H05,90,F,Medicaid,43,1,2,0,4,0,0
P03716,H17,72,F,Medicare,70,2,1,1,7,0,1
P03717,H13,53,M,Medicaid,40,1,0,0,6,0,0
P03718,H11,57,F,Medicare,51,3,1,0,5,0,0
P03719,H15,74,M,Medicare,40,4,1,0,4,0,0
P03720,H05,99,F,Medicaid,15,2,1,1,4,0,1
P03721,H12,69,F,Medicaid,70,5,0,0,5,1,1
P03722,H14,60,F,Medicare,34,3,2,1,4,0,0
P03723,H07,94,F,Commercial,24,2,0,1,3,1,0
P03724,H13,78,M,Medicare,37,1,3,0,4,0,0
P03725,H20,62,F,Commercial,65,2,1,0,5,0,0
P03726,H14,99,F,Medicare,28,1,1,0,4,0,1
P03727,H18,51,F,Medicare,84,2,0,0,7,1,0
P03728,H01,57,M,Commercial,49,4,1,0,4,0,0
P03729,H07,87,M,Medicare,25,3,2,0,4,1,0
P03730,H08,36,M,Medicaid,37,1,0,0,4,0,0
P03731,H06,47,M,Commercial,25,0,0,0,6,0,0
P03732,H15,55,F,Medicare,41,3,0,0,7,0,0
P03733,H16,83,F,Medicare,68,3,2,1,7,1,1
P03734,H03,65,F,Commercial,88,2,1,0,6,1,1
P03735,H03,53,F,Commercial,39,2,1,0,5,1,0
P03736,H03,48,M,Commercial,38,1,0,0,5,0,0
P03737,H09,83,M,Commercial,45,3,1,0,5,0,0
P03738,H15,78,M,Commercial,44,2,1,0,4,0,0
P03739,H13,63,M,Medicare,75,3,1,0,5,1,1
P03740,H18,59,M,Medicare,66,1,1,0,9,0,0
P03741,H02,59,M,Medicare,28,1,1,1,6,0,0
P03742,H03,64,M,Commercial,27,3,3,0,3,0,0
P03743,H08,45,M,Medicare,40,5,0,0,3,0,0
P03744,H02,39,F,Medicare,17,1,0,0,3,0,0
P03745,H16,97,M,Commercial,63,6,0,1,9,1,1
P03746,H13,57,M,Medicare,76,6,0,0,12,0,1
P03747,H14,63,M,Medicare,25,2,0,0,4,0,0
P03748,H06,71,F,Medicare,74,3,0,0,8,1,0
P03749,H14,67,F,Commercial,56,2,0,0,7,1,0
P03750,H11,59,M,Commercial,46,4,3,0,6,1,1
P03751,H09,64,F,Medicare,26,0,1,1,5,0,0
P03752,H07,71,M,Medicare,28,3,0,1,10,1,0
P03753,H02,63,M,Medicaid,64,2,0,0,6,0,0
P03754,H05,66,M,Medicare,32,1,1,0,5,1,0
P03755,H17,75,F,Medicare,68,1,0,0,17,0,0
P03756,H17,51,M,Medicare,16,2,1,0,3,0,0
P03757,H16,79,M,Medicare,16,1,1,0,6,0,0
P03758,H10,67,M,Medicaid,7,2,0,0,3,0,0
P03759,H17,84,M,Medicare,67,5,1,0,5,1,0
P03760,H07,75,M,Medicare,23,1,1,1,9,1,0
P03761,H03,71,F,Medicare,76,1,0,0,8,0,0
P03762,H02,57,M,Medicare,39,5,1,0,8,0,0
P03763,H13,60,M,Commercial,20,3,2,0,3,0,0
P03764,H10,75,M,Medicare,56,3,1,0,10,0,0
P03765,H06,65,F,Medicare,12,3,0,0,2,0,0
P03766,H13,56,F,Medicaid,72,2,1,0,6,0,0
P03767,H19,74,F,Medicaid,41,2,2,0,3,0,0
P03768,H01,57,M,Commercial,30,4,0,1,5,0,0
P03769,H04,80,F,Medicare,42,2,0,0,6,0,0
P03770,H15,66,M,Medicare,77,5,2,0,5,1,1
P03771,H05,74,M,Medicaid,74,3,2,0,7,1,1
P03772,H02,74,F,Medicare,26,2,1,0,4,0,0
P03773,H17,77,M,Medicare,24,2,1,0,6,0,0
P03774,H11,71,M,Medicaid,55,0,0,0,4,0,0
P03775,H09,79,M,Medicare,74,1,2,0,6,1,0
P03776,H14,61,M,Medicare,54,2,1,0,5,0,0
P03777,H09,54,M,Medicaid,29,5,1,0,3,0,1
P03778,H13,55,F,Medicaid,42,0,0,0,5,0,0
P03779,H14,65,M,Medicare,63,2,1,0,8,0,1
P03780,H04,79,M,Medicare,76,1,2,0,6,1,1
P03781,H11,80,F,Medicare,52,3,0,0,5,1,0
P03782,H17,71,M,Medicaid,66,0,1,0,5,0,0
P03783,H16,86,F,Medicare,63,3,1,0,6,1,0
P03784,H15,56,F,Commercial,59,2,0,0,6,0,0
P03785,H03,71,F,Commercial,36,3,2,1,9,0,1
P03786,H13,78,M,Medicaid,31,2,0,1,6,0,0
P03787,H17,70,M,Medicare,50,5,3,1,6,1,0
P03788,H14,58,F,Commercial,54,2,1,0,6,0,0
P03789,H10,45,M,Medicare,43,0,0,1,5,0,0
P03790,H19,79,M,Medicaid,57,2,1,0,8,0,1
P03791,H17,88,M,Medicaid,46,1,0,0,6,0,1
P03792,H10,82,M,Medicare,44,3,3,1,4,0,0
P03793,H06,64,M,Commercial,59,0,2,0,4,0,0
P03794,H05,84,F,Medicare,42,4,0,0,5,0,0
P03795,H13,72,F,Medicare,29,0,0,0,7,0,0
P03796,H06,53,F,Medicare,46,1,0,0,4,0,0
P03797,H15,63,M,Commercial,63,3,2,0,4,1,0
P03798,H02,46,F,Medicare,13,2,0,0,6,0,0
P03799,H08,99,F,Medicare,42,3,2,0,3,0,0
P03800,H10,56,M,Medicare,88,0,1,0,9,1,1
P03801,H15,72,M,Medicaid,55,5,0,0,5,1,0
P03802,H16,72,M,Commercial,47,1,1,0,3,0,0
P03803,H06,46,F,Medicaid,72,0,1,0,7,0,0
P03804,H04,73,M,Medicare,32,1,0,0,8,0,0
P03805,H13,81,M,Medicare,61,1,2,0,6,1,0
P03806,H01,79,M,Commercial,58,1,0,0,6,0,1
P03807,H10,66,M,Medicare,86,1,1,0,7,0,0
P03808,H02,66,M,Medicare,72,3,1,0,8,1,1
P03809,H01,63,F,Commercial,37,2,0,1,3,0,1
P03810,H16,99,F,Commercial,26,2,1,1,5,0,0
P03811,H10,73,F,Medicaid,63,1,0,0,5,0,0
P03812,H01,27,F,Medicare,87,5,0,1,6,1,1
P03813,H03,69,F,Medicaid,27,1,2,0,5,0,0
P03814,H13,71,M,Medicare,13,2,2,0,6,0,0
P03815,H18,54,M,Commercial,29,6,1,0,4,1,0
P03816,H18,69,F,Medicare,71,1,3,0,6,1,0
P03817,H05,81,F,Medicare,18,3,0,1,4,0,0
P03818,H14,69,F,Commercial,18,2,3,0,4,0,1
P03819,H11,87,F,Commercial,28,1,0,0,3,0,0
P03820,H07,47,M,Medicare,33,0,0,1,3,1,0
P03821,H19,52,F,Commercial,78,1,1,0,6,0,0
P03822,H06,71,M,Commercial,29,0,1,0,3,0,0
P03823,H10,76,M,Medicare,42,2,0,0,6,0,0
P03824,H07,75,F,Medicare,33,0,0,1,4,1,0
P03825,H09,66,M,Medicare,93,0,0,1,9,1,0
P03826,H11,95,M,Medicaid,56,1,0,0,5,0,0
P03827,H14,65,F,Medicaid,77,2,1,1,6,0,0
P03828,H07,78,M,Medicare,52,3,1,0,8,1,0
P03829,H02,61,M,Medicaid,39,0,1,0,5,0,0
P03830,H03,70,F,Medicare,37,0,1,0,6,0,0
P03831,H18,38,M,Medicare,16,2,0,0,5,0,0
P03832,H10,77,M,Medicare,29,0,0,0,4,0,1
P03833,H10,81,M,Commercial,76,3,0,0,8,1,0
P03834,H20,51,M,Medicare,61,5,0,0,5,1,0
P03835,H12,50,F,Medicaid,54,2,2,0,8,0,0
P03836,H11,84,F,Commercial,20,2,0,0,3,0,0
P03837,H17,50,F,Commercial,90,1,3,0,6,1,0
P03838,H12,48,M,Medicare,37,3,0,0,3,0,0
P03839,H03,62,F,Commercial,34,2,0,1,5,0,0
P03840,H09,79,M,Medicare,45,2,1,1,4,0,0
P03841,H13,54,M,Medicaid,18,3,0,0,2,0,0
P03842,H06,97,M,Medicaid,20,0,2,0,4,0,0
P03843,H20,58,M,Medicare,31,0,2,0,5,0,0
P03844,H12,76,F,Medicare,30,0,2,0,3,0,0
P03845,H13,68,M,Medicare,30,0,3,1,5,0,0
P03846,H13,91,F,Medicare,29,1,0,0,3,0,0
P03847,H08,72,F,Medicare,27,3,0,0,3,0,0
P03848,H15,62,M,Medicare,37,2,1,1,6,0,0
P03849,H08,68,M,Medicare,42,0,0,1,3,0,0
P03850,H05,80,M,Medicare,62,3,0,0,11,1,0
P03851,H14,68,F,Commercial,72,0,3,0,6,0,1
P03852,H01,70,M,Medicare,31,2,0,0,4,0,0
P03853,H08,70,M,Medicare,60,0,0,1,5,1,0
P03854,H14,76,F,Commercial,44,1,0,0,5,0,0
P03855,H04,65,M,Medicaid,56,1,0,1,8,0,0
P03856,H11,61,F,Medicare,65,2,1,1,8,0,0
P03857,H15,64,M,Medicare,39,3,0,1,3,0,0
P03858,H17,58,F,Commercial,76,2,0,0,7,1,0
P03859,H07,80,M,Medicare,23,4,0,0,2,1,0
P03860,H20,45,M,Commercial,12,1,0,1,2,0,0
P03861,H04,66,M,Medicare,15,0,0,1,6,0,0
P03862,H03,66,F,Medicare,51,1,2,1,6,0,0
P03863,H03,71,F,Medicaid,34,4,1,0,4,0,0
P03864,H11,53,F,Medicaid,33,2,0,0,3,0,0
P03865,H18,50,F,Medicare,28,2,1,0,3,0,0
P03866,H15,95,M,Medicaid,32,1,0,0,3,0,0
P03867,H13,52,F,Commercial,17,3,1,1,3,0,0
P03868,H13,33,M,Medicare,27,3,0,1,7,0,1
P03869,H08,68,M,Commercial,24,1,0,0,4,0,0
P03870,H13,76,F,Medicare,24,2,0,1,11,0,0
P03871,H07,53,M,Medicaid,45,2,1,0,4,1,0
P03872,H08,59,M,Medicare,21,0,2,0,3,0,0
P03873,H18,92,M,Medicare,42,4,0,0,6,0,0
P03874,H14,93,M,Medicare,50,4,1,0,4,0,1
P03875,H15,72,F,Medicare,66,3,2,0,6,1,1
P03876,H10,67,M,Medicare,85,1,1,1,10,0,1
P03877,H08,62,M,Medicaid,89,0,0,0,9,0,0
P03878,H01,65,F,Medicaid,23,0,0,0,4,0,0
P03879,H06,77,F,Commercial,48,1,2,0,8,0,1
P03880,H05,82,M,Commercial,66,3,3,0,7,1,1
P03881,H08,78,M,Medicare,29,0,1,0,5,0,0
P03882,H10,78,M,Medicaid,71,2,0,0,5,0,1
P03883,H02,54,F,Commercial,53,2,0,0,4,0,0
P03884,H08,64,M,Medicare,45,3,0,1,5,0,0
P03885,H17,95,M,Commercial,21,1,0,0,5,0,0
P03886,H09,65,M,Commercial,35,3,2,1,3,0,0
P03887,H01,57,M,Medicare,47,0,0,0,6,0,0
P03888,H07,64,F,Commercial,32,6,0,0,8,1,0
P03889,H03,76,M,Commercial,32,4,0,0,6,0,0
P03890,H15,61,F,Medicaid,34,3,1,0,5,1,0
P03891,H03,65,M,Medicaid,32,5,1,0,3,0,0
P03892,H12,63,M,Commercial,61,2,0,0,4,0,0
P03893,H10,57,F,Medicare,22,0,0,0,3,0,0
P03894,H12,58,F,Commercial,30,2,0,0,3,0,0
P03895,H14,77,F,Medicare,39,1,1,0,8,0,0
P03896,H06,69,F,Commercial,40,7,0,1,5,1,0
P03897,H10,52,M,Medicaid,56,5,0,1,5,1,1
P03898,H09,56,F,Medicaid,44,1,0,0,11,0,0
P03899,H01,68,F,Medicare,55,1,1,0,7,0,0
P03900,H20,80,F,Medicare,2,4,1,1,2,0,0
P03901,H16,64,M,Commercial,45,5,1,0,7,0,0
P03902,H08,69,F,Medicare,24,0,1,1,3,0,0
P03903,H02,74,F,Commercial,63,5,1,0,6,1,0
P03904,H01,67,M,Medicare,34,6,0,1,6,0,0
P03905,H20,66,F,Medicare,49,2,0,0,5,0,0
P03906,H11,56,F,Medicaid,90,1,0,0,8,0,1
P03907,H04,60,M,Commercial,53,1,0,0,6,0,0
P03908,H14,79,M,Medicaid,71,3,2,0,10,1,0
P03909,H10,67,F,Medicaid,6,1,0,0,5,0,0
P03910,H13,86,M,Commercial,56,0,1,0,4,1,0
P03911,H19,72,F,Medicare,46,1,1,0,4,0,0
P03912,H09,78,F,Commercial,46,2,0,0,6,0,0
P03913,H09,66,M,Medicare,16,3,0,1,4,0,0
P03914,H13,55,M,Commercial,26,3,1,0,3,0,0
P03915,H08,66,M,Medicare,65,3,0,1,9,1,1
P03916,H03,91,M,Medicaid,7,5,2,0,2,0,0
P03917,H18,74,F,Medicaid,41,4,2,1,4,0,0
P03918,H05,90,F,Medicare,7,1,1,0,2,0,0
P03919,H08,71,M,Medicaid,39,4,1,0,5,0,0
P03920,H13,67,M,Medicaid,39,7,0,0,3,0,0
P03921,H19,68,F,Medicare,36,2,0,1,5,1,0
P03922,H11,59,F,Medicaid,37,2,2,0,8,0,0
P03923,H14,59,M,Commercial,64,1,0,0,6,0,0
P03924,H16,78,M,Medicare,53,4,1,1,6,0,0
P03925,H05,68,M,Medicaid,32,1,0,0,4,0,0
P03926,H06,62,F,Medicare,19,6,0,0,3,0,0
P03927,H01,70,M,Commercial,89,3,1,0,6,1,1
P03928,H04,71,M,Commercial,61,2,0,1,5,0,0
P03929,H12,64,M,Commercial,57,3,0,0,5,0,0
P03930,H03,58,F,Medicaid,61,3,1,0,5,1,0
P03931,H10,35,M,Medicare,55,3,1,0,6,0,1
P03932,H01,70,F,Medicaid,52,2,0,0,5,0,0
P03933,H11,57,F,Commercial,39,1,1,0,4,0,0
P03934,H18,56,M,Medicare,76,3,0,0,9,1,0
P03935,H14,66,F,Medicare,20,0,0,1,3,0,0
P03936,H02,79,M,Medicare,49,0,0,0,7,0,0
P03937,H04,63,M,Commercial,80,0,0,0,6,0,0
P03938,H02,53,F,Commercial,34,4,0,1,5,0,0
P03939,H15,53,M,Medicare,43,3,1,1,3,0,0
P03940,H11,73,F,Commercial,35,2,0,0,5,0,0
P03941,H10,49,M,Medicare,78,2,0,1,8,0,0
P03942,H11,81,M,Medicare,56,1,0,0,4,0,0
P03943,H18,65,M,Medicare,37,3,0,1,5,1,0
P03944,H16,59,M,Medicare,70,2,2,0,6,0,1
P03945,H08,63,M,Commercial,81,1,1,0,7,0,1
P03946,H10,67,F,Commercial,49,5,0,0,4,0,0
P03947,H12,73,F,Medicaid,70,3,1,1,5,1,1
P03948,H16,73,F,Medicaid,47,0,0,0,5,0,0
P03949,H04,76,M,Medicaid,33,4,0,1,3,0,0
P03950,H11,47,M,Medicare,63,3,0,0,5,1,0
P03951,H06,83,F,Commercial,58,1,2,0,10,0,0
P03952,H19,79,F,Medicare,66,0,0,0,11,0,0
P03953,H07,72,F,Medicaid,66,2,0,0,5,1,0
P03954,H12,79,F,Commercial,19,0,2,0,5,0,0
P03955,H01,47,M,Medicare,12,2,0,1,2,0,0
P03956,H16,67,M,Medicare,54,1,0,0,6,0,0
P03957,H09,43,M,Medicaid,36,2,0,0,8,0,0
P03958,H19,72,M,Commercial,44,3,0,0,4,0,0
P03959,H17,57,F,Medicaid,28,0,1,0,4,0,0
P03960,H14,79,F,Medicare,55,0,0,0,5,0,0
P03961,H18,75,F,Medicare,37,3,0,0,6,0,0
P03962,H04,72,F,Commercial,31,1,1,0,3,0,1
P03963,H13,75,F,Medicaid,33,2,0,0,9,0,0
P03964,H20,53,M,Medicare,69,0,1,0,6,0,0
P03965,H12,90,M,Medicare,75,1,0,0,7,0,0
P03966,H03,80,F,Commercial,43,1,1,0,4,0,0
P03967,H06,64,F,Commercial,51,0,1,1,5,0,1
P03968,H10,53,M,Medicaid,41,5,0,0,4,0,0
P03969,H19,48,M,Medicare,43,0,2,0,5,0,0
P03970,H08,67,M,Medicare,39,0,1,1,4,0,0
P03971,H04,74,M,Medicaid,82,3,1,0,7,1,1
P03972,H13,77,F,Medicare,82,2,1,0,6,1,0
P03973,H19,57,F,Medicare,73,2,1,0,9,0,1
P03974,H13,62,F,Commercial,70,1,2,0,7,1,0
P03975,H07,61,M,Medicare,74,4,0,0,6,1,0
P03976,H01,62,M,Commercial,73,3,1,0,6,1,0
P03977,H16,77,F,Commercial,55,1,0,0,4,0,0
P03978,H06,68,M,Medicare,88,3,1,0,6,1,1
P03979,H20,61,F,Medicare,63,1,0,0,7,1,0
P03980,H04,59,F,Medicaid,29,4,1,0,7,0,0
P03981,H16,49,F,Medicare,57,6,0,1,5,0,0
P03982,H07,49,M,Medicaid,48,1,0,0,5,1,0
P03983,H16,87,F,Commercial,34,2,1,0,3,0,1
P03984,H03,63,M,Commercial,19,1,0,0,9,0,0
P03985,H11,57,F,Medicare,28,1,1,1,6,0,0
P03986,H03,94,M,Medicare,23,5,0,0,4,0,0
P03987,H13,66,M,Commercial,43,2,0,0,4,0,0
P03988,H01,60,F,Medicaid,46,4,0,0,6,0,0
P03989,H03,66,F,Medicare,69,2,0,0,5,0,0
P03990,H20,99,F,Medicare,78,2,3,0,8,0,1
P03991,H12,69,M,Medicaid,34,3,0,0,4,0,0
P03992,H12,54,M,Commercial,60,3,1,0,4,1,1
P03993,H03,66,M,Medicare,11,6,2,0,4,0,0
P03994,H12,71,F,Medicare,46,0,2,0,7,0,0
P03995,H18,61,M,Commercial,40,4,1,1,4,0,0
P03996,H19,86,F,Medicare,49,1,2,0,6,0,0
P03997,H03,33,M,Medicaid,25,0,4,0,6,0,0
P03998,H03,69,M,Medicaid,45,2,1,0,5,0,0
P03999,H15,83,F,Commercial,31,1,1,0,4,0,0
P04000,H07,49,F,Commercial,54,1,1,0,5,1,0
P04001,H03,79,M,Commercial,28,1,1,1,3,0,0
P04002,H03,60,F,Medicare,51,0,1,0,6,0,0
P04003,H08,72,F,Commercial,11,2,2,0,8,0,0
P04004,H06,76,F,Medicaid,79,1,1,0,7,1,0
P04005,H20,89,M,Medicare,57,1,0,0,8,0,0
P04006,H08,57,F,Medicare,58,4,1,0,4,0,0
P04007,H16,62,M,Medicaid,42,2,3,0,5,0,0
P04008,H11,47,F,Medicaid,35,4,1,0,4,0,0
P04009,H03,67,M,Medicare,66,2,0,1,6,0,0
P04010,H05,39,M,Commercial,25,1,1,0,10,0,0
P04011,H06,77,F,Medicare,65,1,1,0,5,0,1
P04012,H08,62,M,Medicare,28,3,0,0,3,0,0
P04013,H07,74,M,Medicare,64,4,0,0,5,1,1
P04014,H19,73,M,Medicare,3,0,0,0,3,0,0
P04015,H08,47,M,Commercial,63,1,2,0,4,0,1
P04016,H02,81,F,Medicare,23,3,3,1,3,0,0
P04017,H12,73,F,Medicare,57,2,3,0,12,1,0
P04018,H01,68,F,Commercial,37,2,1,0,4,1,0
P04019,H06,65,M,Medicare,69,2,0,1,6,0,0
P04020,H13,73,F,Medicare,64,3,1,1,9,1,0
P04021,H18,67,M,Medicare,66,4,0,0,5,1,0
P04022,H05,73,F,Commercial,50,3,2,0,4,0,0
P04023,H18,34,M,Medicare,61,0,0,0,5,1,0
P04024,H13,73,F,Medicare,50,1,2,0,7,0,1
P04025,H04,64,F,Commercial,47,1,1,0,7,0,0
P04026,H18,47,F,Commercial,30,4,0,0,5,0,0
P04027,H16,86,F,Medicaid,45,3,1,0,5,0,0
P04028,H08,71,M,Medicare,76,2,1,0,6,0,1
P04029,H06,61,F,Commercial,33,3,1,0,7,0,1
P04030,H16,54,F,Commercial,45,1,1,0,4,0,0
P04031,H03,47,M,Commercial,51,2,1,1,4,1,0
P04032,H20,70,F,Medicare,69,1,2,1,6,1,1
P04033,H20,87,M,Medicaid,27,1,0,0,4,0,0
P04034,H19,86,F,Commercial,42,5,0,0,6,0,0
P04035,H13,46,M,Medicare,45,2,0,1,5,0,0
P04036,H18,80,F,Medicare,61,5,0,0,7,1,0
P04037,H19,70,F,Medicaid,19,1,2,1,13,0,0
P04038,H02,76,F,Medicare,20,2,2,1,3,0,0
P04039,H02,52,F,Medicaid,60,1,2,0,5,0,0
P04040,H09,70,F,Medicare,30,0,0,0,5,0,0
P04041,H17,73,M,Medicare,17,2,1,0,4,0,0
P04042,H10,63,F,Medicare,48,1,0,1,7,0,0
P04043,H03,58,F,Medicare,42,5,2,1,4,0,1
P04044,H04,64,F,Medicare,28,1,3,0,3,0,0
P04045,H02,60,M,Commercial,43,0,0,1,4,0,0
P04046,H04,68,M,Medicare,38,0,0,1,4,0,0
P04047,H18,60,M,Medicare,41,2,1,1,5,0,0
P04048,H04,63,M,Medicare,47,1,0,1,5,1,0
P04049,H01,74,F,Commercial,49,0,0,1,6,0,0
P04050,H11,69,F,Medicare,17,3,1,0,3,0,0
P04051,H18,61,M,Commercial,15,1,1,0,8,0,0
P04052,H06,77,F,Medicare,58,3,0,0,6,0,0
P04053,H04,61,F,Medicare,50,6,1,1,6,1,0
P04054,H01,86,M,Commercial,36,0,1,0,6,0,0
P04055,H02,65,M,Medicare,75,1,0,1,5,0,1
P04056,H03,50,M,Commercial,37,2,1,0,6,0,1
P04057,H16,78,F,Medicare,34,1,0,1,5,0,0
P04058,H01,61,F,Medicaid,77,2,0,0,6,0,1
P04059,H20,57,F,Medicaid,50,1,0,0,6,0,0
P04060,H20,76,M,Medicare,80,0,1,0,5,0,0
P04061,H10,76,M,Medicare,23,1,1,0,4,0,0
P04062,H04,79,M,Medicaid,31,2,2,1,4,0,0
P04063,H18,57,M,Commercial,55,2,1,0,6,0,0
P04064,H18,56,F,Medicare,3,2,0,1,3,0,0
P04065,H02,66,M,Commercial,11,5,0,0,4,0,0
P04066,H05,63,M,Medicare,44,2,2,0,6,0,0
P04067,H18,55,F,Medicare,52,2,1,1,4,0,0
P04068,H08,72,F,Commercial,42,2,1,0,4,1,0
P04069,H11,82,F,Medicaid,34,3,1,1,8,0,0
P04070,H05,68,M,Medicaid,44,2,3,0,4,1,0
P04071,H15,56,F,Medicaid,24,2,1,0,6,0,0
P04072,H08,82,M,Medicare,45,2,1,0,4,0,0
P04073,H03,45,M,Medicare,44,1,1,0,9,0,0
P04074,H01,77,M,Medicare,71,0,0,0,9,0,0
P04075,H16,56,F,Medicaid,54,3,2,1,7,0,0
P04076,H04,41,M,Medicare,41,6,0,0,8,0,0
P04077,H03,42,F,Medicare,40,4,0,1,7,0,0
P04078,H06,53,F,Medicare,56,1,0,0,9,0,0
P04079,H17,79,F,Medicaid,22,1,0,1,2,0,0
P04080,H04,45,F,Commercial,42,1,3,1,5,0,0
P04081,H01,75,M,Medicare,10,3,0,0,3,0,0
P04082,H15,87,F,Medicare,25,2,0,0,3,0,0
P04083,H19,57,M,Commercial,45,2,0,0,6,0,0
P04084,H08,79,F,Medicare,76,5,0,0,6,0,1
P04085,H01,72,M,Medicare,54,3,1,0,4,0,0
P04086,H05,59,M,Medicare,61,4,1,0,7,1,0
P04087,H16,60,M,Commercial,50,0,2,0,9,0,0
P04088,H10,69,M,Medicare,38,4,0,0,4,0,0
P04089,H03,48,F,Medicare,23,3,0,0,5,0,0
P04090,H07,72,M,Medicare,56,0,0,0,5,1,0
P04091,H04,66,F,Commercial,72,0,0,0,8,0,0
P04092,H07,73,F,Commercial,38,2,2,1,4,1,0
P04093,H04,36,M,Medicare,84,1,1,0,7,1,0
P04094,H03,81,F,Medicaid,72,0,1,0,7,0,0
P04095,H11,78,F,Commercial,49,3,0,1,4,0,0
P04096,H15,80,M,Commercial,37,1,0,0,3,0,0
P04097,H16,85,M,Medicare,52,0,0,1,7,0,0
P04098,H08,76,F,Medicaid,41,2,0,1,10,0,0
P04099,H05,69,M,Commercial,56,2,0,1,5,0,1
P04100,H01,77,M,Commercial,70,1,1,0,7,0,0
P04101,H09,53,M,Medicare,36,4,1,0,5,0,0
P04102,H06,54,F,Medicare,22,1,0,0,5,0,0
P04103,H19,63,F,Medicare,71,3,1,0,9,1,0
P04104,H14,61,F,Medicare,54,1,1,0,5,0,0
P04105,H20,90,F,Medicare,80,2,2,0,9,0,0
P04106,H18,67,M,Commercial,42,0,1,0,4,0,0
P04107,H08,85,M,Medicare,25,2,2,1,3,0,0
P04108,H20,95,M,Medicare,61,2,1,1,6,0,0
P04109,H12,64,F,Medicaid,36,2,1,0,3,0,0
P04110,H11,40,F,Medicaid,28,1,2,0,4,0,0
P04111,H16,62,M,Medicare,27,3,0,0,4,0,0
P04112,H13,58,F,Medicaid,22,3,0,0,6,0,0
P04113,H11,75,M,Medicare,27,3,0,0,3,0,0
P04114,H04,65,F,Commercial,45,1,0,0,4,0,0
P04115,H13,96,M,Medicare,20,0,0,0,7,0,0
P04116,H06,50,M,Medicaid,64,1,0,0,13,0,0
P04117,H07,84,F,Medicare,25,2,1,0,5,1,0
P04118,H03,84,F,Medicare,54,1,0,0,10,0,0
P04119,H12,58,M,Medicare,61,4,0,0,7,0,0
P04120,H12,75,F,Medicare,39,2,1,1,6,0,0
P04121,H02,49,F,Medicare,74,1,0,0,5,0,1
P04122,H12,88,M,Medicare,51,2,0,1,4,0,0
P04123,H13,48,F,Commercial,86,2,2,0,9,1,1
P04124,H04,73,F,Medicaid,30,1,0,1,4,0,0
P04125,H08,71,M,Commercial,32,2,0,1,6,0,0
P04126,H16,49,M,Medicare,40,2,0,1,4,0,0
P04127,H11,72,M,Commercial,45,2,2,0,11,0,0
P04128,H19,54,F,Commercial,65,2,0,0,5,0,0
P04129,H05,58,F,Commercial,47,3,1,0,7,1,0
P04130,H11,75,M,Medicare,44,2,1,1,4,0,0
P04131,H17,64,F,Commercial,34,1,0,0,8,0,1
P04132,H03,69,M,Medicaid,20,2,0,0,4,0,0
P04133,H16,84,M,Medicare,2,4,0,0,5,0,0
P04134,H05,82,F,Commercial,38,3,0,0,5,0,0
P04135,H03,97,F,Medicaid,65,2,0,0,6,1,0
P04136,H06,83,F,Medicare,43,1,1,0,9,0,0
P04137,H13,82,F,Medicare,22,1,0,0,4,0,0
P04138,H04,61,F,Medicare,74,1,1,0,9,0,1
P04139,H10,57,M,Medicare,47,0,0,0,5,0,0
P04140,H19,89,M,Medicaid,48,0,0,0,5,0,0
P04141,H17,73,M,Medicare,31,1,2,1,5,0,0
P04142,H01,76,M,Medicare,53,0,0,0,5,0,0
P04143,H05,57,M,Medicare,68,5,0,0,6,1,1
P04144,H10,52,F,Medicare,45,1,0,1,6,0,0
P04145,H19,66,M,Commercial,41,1,0,0,3,0,0
P04146,H20,99,M,Commercial,48,1,0,0,6,0,0
P04147,H13,84,F,Medicare,36,0,0,0,6,0,0
P04148,H01,69,F,Medicaid,49,1,0,1,5,0,0
P04149,H11,55,M,Medicare,80,3,0,0,8,1,1
P04150,H12,83,M,Medicare,50,3,1,0,5,0,0
P04151,H07,49,F,Medicare,73,3,2,1,6,1,0
P04152,H16,77,F,Medicare,67,4,1,0,5,1,0
P04153,H03,71,F,Medicaid,47,3,0,0,5,0,0
P04154,H20,52,F,Medicaid,74,3,0,1,8,1,1
P04155,H01,69,M,Medicaid,16,1,0,0,2,0,0
P04156,H03,62,F,Commercial,43,4,0,0,9,0,0
P04157,H13,54,F,Medicare,26,1,1,0,7,0,0
P04158,H20,47,M,Commercial,58,1,1,1,5,0,0
P04159,H11,83,F,Commercial,43,3,1,0,5,0,0
P04160,H20,64,F,Medicare,55,0,0,0,5,0,0
P04161,H05,71,F,Medicare,56,3,0,0,5,0,0
P04162,H17,68,F,Commercial,30,2,1,0,4,0,0
P04163,H14,66,F,Medicare,69,4,3,0,6,1,0
P04164,H01,69,F,Medicare,25,2,1,0,3,0,0
P04165,H02,39,F,Commercial,53,7,0,1,4,0,0
P04166,H02,79,F,Commercial,26,0,1,0,7,0,0
P04167,H15,65,F,Medicare,34,2,0,0,5,0,0
P04168,H03,65,M,Medicare,23,2,1,1,9,1,0
P04169,H16,59,M,Medicare,66,3,0,0,5,0,0
P04170,H14,77,F,Medicare,62,5,0,1,6,1,0
P04171,H20,86,F,Commercial,72,1,0,1,8,0,0
P04172,H14,49,F,Commercial,89,1,0,0,11,0,1
P04173,H05,67,M,Medicare,31,3,0,1,3,0,0
P04174,H18,62,F,Medicare,13,2,3,0,4,0,0
P04175,H13,56,F,Medicaid,6,3,0,0,2,0,0
P04176,H13,94,F,Medicare,68,3,1,0,5,1,1
P04177,H20,82,M,Medicare,8,4,1,1,4,0,0
P04178,H20,67,F,Medicaid,15,2,3,0,4,0,0
P04179,H03,60,M,Medicaid,50,3,3,0,5,0,0
P04180,H02,38,M,Medicaid,22,2,0,0,5,0,0
P04181,H18,66,F,Medicare,27,2,0,0,3,0,0
P04182,H03,72,M,Medicare,25,2,2,0,5,0,1
P04183,H19,52,F,Medicaid,80,1,0,0,6,0,0
P04184,H13,76,M,Medicare,68,3,0,0,5,0,0
P04185,H07,57,F,Medicare,33,1,0,0,4,1,0
P04186,H02,59,M,Medicare,56,0,0,1,5,0,0
P04187,H14,66,F,Medicare,47,2,2,0,4,1,0
P04188,H12,59,F,Commercial,25,1,0,0,3,0,0
P04189,H04,64,F,Commercial,28,1,1,0,5,0,0
P04190,H01,65,M,Commercial,79,5,1,0,8,1,1
P04191,H20,70,M,Commercial,27,1,1,0,3,0,0
P04192,H11,59,M,Medicare,79,3,0,0,18,1,0
P04193,H13,91,M,Medicaid,16,1,1,1,4,1,0
P04194,H11,57,M,Medicare,62,2,0,0,6,0,0
P04195,H19,64,M,Commercial,17,1,0,1,2,0,0
P04196,H03,99,M,Commercial,85,5,1,1,6,1,1
P04197,H12,92,F,Medicare,39,1,0,0,7,0,0
P04198,H12,63,F,Medicare,49,1,0,0,5,0,0
P04199,H03,42,M,Medicare,31,3,1,1,3,0,0
P04200,H04,73,M,Commercial,56,0,2,1,5,0,0
P04201,H04,64,M,Medicaid,36,1,2,0,4,0,0
P04202,H20,64,F,Medicare,71,0,0,0,5,0,0
P04203,H09,76,F,Medicare,66,5,2,0,8,0,1
P04204,H14,61,M,Medicare,48,2,0,0,7,0,0
P04205,H20,74,F,Medicaid,32,1,0,0,10,0,0
P04206,H12,84,M,Medicare,43,1,3,0,5,1,0
P04207,H16,77,F,Medicare,16,0,1,0,4,0,0
P04208,H08,87,F,Medicare,79,0,1,0,8,0,0
P04209,H08,87,F,Commercial,21,4,0,0,8,0,0
P04210,H13,74,M,Medicaid,70,1,0,0,7,0,0
P04211,H13,59,F,Medicare,22,0,2,0,4,0,0
P04212,H11,70,M,Commercial,16,6,1,0,4,0,0
P04213,H03,72,F,Medicare,27,2,2,0,4,0,0
P04214,H09,80,M,Medicare,24,1,2,0,5,0,0
P04215,H17,81,M,Medicare,61,2,1,1,14,0,0
P04216,H06,56,M,Commercial,29,1,1,1,4,0,0
P04217,H03,51,M,Medicare,29,2,0,0,4,0,0
P04218,H16,78,M,Medicare,91,1,0,0,6,0,0
P04219,H20,62,M,Commercial,12,0,0,0,6,0,0
P04220,H18,70,M,Commercial,77,0,0,0,9,0,1
P04221,H04,47,F,Medicare,14,0,0,0,3,0,0
P04222,H14,76,F,Medicaid,45,4,0,0,4,0,0
P04223,H16,99,M,Commercial,7,0,0,1,5,0,1
P04224,H14,42,M,Commercial,22,0,0,0,6,0,0
P04225,H18,50,F,Medicare,42,1,2,1,3,0,0
P04226,H15,71,M,Medicare,46,3,2,1,9,0,0
P04227,H19,64,M,Commercial,11,2,1,0,5,0,0
P04228,H07,32,M,Medicare,25,1,0,1,3,1,0
P04229,H18,61,F,Medicare,49,3,1,1,5,0,0
P04230,H10,67,M,Commercial,10,4,1,1,2,0,0
P04231,H12,66,M,Medicare,43,3,0,0,4,0,1
P04232,H06,62,F,Medicare,12,4,1,1,2,0,0
P04233,H08,49,F,Medicare,90,3,1,0,7,1,1
P04234,H04,81,M,Medicare,17,1,2,1,5,0,1
P04235,H17,81,F,Medicare,18,1,1,0,3,0,0
P04236,H08,73,F,Medicaid,5,2,0,0,4,0,0
P04237,H09,68,F,Medicare,46,1,1,0,5,0,0
P04238,H08,55,F,Medicaid,50,2,2,0,4,0,0
P04239,H17,73,F,Medicaid,38,2,0,0,3,0,0
P04240,H10,81,F,Medicare,41,0,0,0,6,0,0
P04241,H12,74,F,Commercial,51,1,1,0,7,0,1
P04242,H04,50,F,Medicare,11,1,2,0,4,0,0
P04243,H10,72,F,Commercial,92,0,2,0,8,1,0
P04244,H08,88,F,Medicare,12,2,2,0,4,0,0
P04245,H16,63,F,Medicare,7,3,0,1,4,0,0
P04246,H18,53,M,Medicare,45,3,1,0,4,0,0
P04247,H20,76,M,Commercial,17,5,0,1,3,0,0
P04248,H04,54,M,Commercial,11,2,0,0,3,0,0
P04249,H20,51,F,Commercial,47,1,0,1,9,0,0
P04250,H01,59,M,Medicare,42,1,3,0,3,0,0
P04251,H12,70,F,Medicare,39,2,0,1,4,0,0
P04252,H01,68,M,Commercial,49,3,1,0,4,0,0
P04253,H16,75,M,Medicaid,29,1,1,0,6,0,0
P04254,H13,72,M,Commercial,55,0,0,0,8,0,0
P04255,H03,92,F,Medicare,71,2,1,0,6,0,0
P04256,H08,56,M,Medicaid,42,2,1,0,4,0,0
P04257,H02,55,F,Commercial,64,3,0,0,4,1,0
P04258,H10,47,F,Medicare,57,3,0,1,5,0,0
P04259,H18,99,F,Medicare,79,1,2,1,8,0,0
P04260,H11,94,F,Medicaid,7,2,0,0,2,0,0
P04261,H05,82,M,Medicare,35,1,2,1,4,0,0
P04262,H20,77,F,Commercial,52,1,0,1,5,0,0
P04263,H04,63,F,Medicare,45,0,1,0,4,1,0
P04264,H05,73,F,Medicare,17,4,1,0,3,0,0
P04265,H07,86,F,Medicare,73,1,0,0,9,1,1
P04266,H03,52,M,Medicare,28,2,0,0,6,0,0
P04267,H06,56,F,Medicare,48,0,2,0,6,0,1
P04268,H13,77,M,Medicare,33,3,0,0,4,0,0
P04269,H13,53,F,Medicare,24,4,0,0,6,0,0
P04270,H11,69,M,Medicare,77,0,0,0,7,0,0
P04271,H14,59,F,Medicare,22,4,2,0,4,0,0
P04272,H08,71,M,Medicare,65,1,0,0,5,0,1
P04273,H17,68,F,Medicare,34,2,1,0,7,0,0
P04274,H17,51,F,Medicare,36,4,1,1,3,0,0
P04275,H13,56,M,Medicare,29,2,0,1,4,0,0
P04276,H09,77,F,Medicare,38,4,0,0,4,1,0
P04277,H04,72,M,Medicare,31,2,1,0,4,0,0
P04278,H15,78,M,Medicare,54,4,2,0,6,0,0
P04279,H16,83,F,Commercial,82,1,1,1,7,0,0
P04280,H15,53,F,Medicare,65,0,2,1,5,0,1
P04281,H06,60,F,Commercial,36,3,0,0,7,0,0
P04282,H09,72,M,Medicare,31,2,1,0,4,0,0
P04283,H19,71,M,Commercial,18,1,2,0,5,0,0
P04284,H06,39,F,Medicare,65,0,0,0,15,0,0
P04285,H14,64,M,Medicaid,69,3,1,0,7,0,1
P04286,H09,74,F,Commercial,42,1,0,0,3,0,0
P04287,H18,67,F,Commercial,38,3,1,0,3,0,0
P04288,H01,66,M,Commercial,55,1,0,0,4,0,0
P04289,H07,75,F,Commercial,71,2,2,0,5,1,1
P04290,H20,53,F,Commercial,72,1,0,0,7,0,0
P04291,H16,68,M,Medicare,47,2,1,0,4,0,0
P04292,H02,77,F,Commercial,47,2,1,0,4,0,0
P04293,H20,71,F,Medicare,33,2,2,0,8,0,0
P04294,H02,59,M,Medicaid,24,1,2,1,4,0,0
P04295,H04,81,F,Medicare,49,1,2,0,7,0,0
P04296,H17,70,F,Medicare,77,0,1,1,8,0,0
P04297,H01,76,F,Medicaid,47,0,0,0,4,0,0
P04298,H08,70,F,Commercial,36,2,0,0,3,0,0
P04299,H03,65,F,Medicare,62,4,0,0,6,1,1
P04300,H05,89,M,Medicare,34,6,1,0,6,0,0
P04301,H11,39,M,Medicare,22,1,1,0,3,0,0
P04302,H05,54,F,Commercial,17,1,1,0,3,0,0
P04303,H09,83,F,Medicare,17,2,0,0,3,0,0
P04304,H08,58,F,Medicaid,11,3,0,0,2,0,0
P04305,H18,75,F,Medicaid,5,2,1,0,4,0,0
P04306,H09,44,M,Medicare,34,1,1,0,4,0,0
P04307,H17,58,F,Commercial,44,4,1,0,6,0,0
P04308,H20,63,F,Medicare,57,1,1,0,5,1,0
P04309,H01,56,F,Medicare,58,1,0,0,5,1,0
P04310,H01,54,F,Commercial,64,3,0,0,4,0,0
P04311,H08,80,F,Medicare,54,4,0,1,5,0,0
P04312,H11,61,F,Medicare,55,0,1,0,6,0,0
P04313,H11,58,M,Medicare,27,3,0,0,6,0,0
P04314,H20,65,M,Medicare,32,2,1,1,3,0,0
P04315,H10,62,F,Medicaid,7,2,3,0,3,0,0
P04316,H10,82,F,Commercial,46,0,2,1,4,0,0
P04317,H15,72,M,Medicare,50,1,2,1,4,0,0
P04318,H11,71,F,Medicaid,20,0,0,0,7,0,0
P04319,H03,89,F,Commercial,36,2,0,0,4,0,0
P04320,H18,90,F,Medicaid,67,3,0,0,14,1,1
P04321,H05,68,M,Medicare,54,3,2,0,4,1,0
P04322,H01,79,M,Medicare,37,0,1,0,3,1,0
P04323,H17,78,M,Medicare,44,1,0,0,4,0,0
P04324,H04,71,M,Commercial,76,5,2,0,9,1,0
P04325,H04,62,F,Medicare,14,0,0,1,4,0,0
P04326,H08,62,F,Commercial,59,2,0,0,5,0,0
P04327,H08,50,M,Commercial,5,2,0,0,5,0,0
P04328,H20,65,M,Commercial,83,0,1,0,7,0,0
P04329,H05,56,F,Medicare,21,1,0,1,3,0,0
P04330,H05,83,F,Medicaid,18,1,2,1,2,0,0
P04331,H06,65,M,Medicaid,83,0,1,0,9,0,0
P04332,H08,56,M,Commercial,24,1,1,0,6,0,0
P04333,H17,84,F,Medicaid,67,1,0,0,7,1,0
P04334,H10,50,F,Medicaid,33,1,0,0,3,0,0
P04335,H05,74,F,Medicare,33,3,1,0,5,0,0
P04336,H10,68,F,Commercial,15,0,3,0,11,0,0
P04337,H03,66,M,Medicaid,47,2,1,0,6,0,0
P04338,H01,60,F,Medicare,52,2,1,0,5,0,0
P04339,H01,64,F,Medicaid,85,3,0,0,7,1,0
P04340,H14,58,F,Medicaid,49,4,1,0,5,0,0
P04341,H16,45,M,Commercial,51,3,1,0,6,0,0
P04342,H07,82,M,Medicaid,23,0,0,0,5,1,0
P04343,H05,68,F,Medicare,11,2,0,0,2,0,0
P04344,H06,66,F,Commercial,79,1,0,0,10,1,1
P04345,H11,62,M,Commercial,34,0,0,1,4,0,0
P04346,H17,90,M,Medicare,25,3,0,1,4,0,0
P04347,H20,83,M,Medicare,48,2,1,0,5,0,0
P04348,H14,50,M,Commercial,37,4,2,0,3,0,1
P04349,H04,60,M,Medicare,46,1,0,1,4,0,0
P04350,H03,61,M,Commercial,63,2,2,0,5,0,0
P04351,H05,64,M,Medicare,37,0,0,0,4,0,0
P04352,H09,68,M,Medicaid,70,4,0,1,5,0,0
P04353,H20,74,M,Medicare,29,3,0,0,4,0,0
P04354,H10,59,M,Medicare,50,3,1,0,6,0,0
P04355,H17,66,M,Medicare,25,3,0,1,6,0,0
P04356,H10,49,F,Medicare,53,1,1,0,6,0,0
P04357,H02,58,F,Medicare,42,2,0,1,9,0,0
P04358,H04,60,F,Medicare,64,2,1,0,6,0,0
P04359,H17,68,F,Commercial,41,2,0,0,5,0,0
P04360,H03,63,M,Commercial,58,2,0,0,6,0,0
P04361,H01,94,M,Commercial,60,4,1,0,7,1,1
P04362,H04,76,M,Medicare,54,1,1,0,8,0,0
P04363,H16,88,F,Medicaid,52,5,1,0,4,0,0
P04364,H03,62,M,Medicare,56,6,1,1,4,0,0
P04365,H12,82,F,Medicare,60,1,1,0,8,1,0
P04366,H09,48,F,Commercial,35,2,2,0,3,0,0
P04367,H14,57,M,Medicare,29,1,0,0,4,0,0
P04368,H18,74,M,Medicaid,60,2,1,0,5,1,0
P04369,H12,66,M,Medicare,67,4,0,1,6,1,0
P04370,H13,73,M,Medicare,38,1,1,0,6,0,0
P04371,H05,45,F,Medicare,42,5,0,0,5,0,0
P04372,H19,69,F,Commercial,40,1,1,1,3,0,0
P04373,H12,74,M,Commercial,34,3,1,1,3,0,0
P04374,H08,46,M,Commercial,28,1,1,0,6,0,1
P04375,H01,65,F,Medicare,24,5,0,1,7,0,0
P04376,H18,52,F,Commercial,44,3,0,0,3,0,0
P04377,H15,75,M,Commercial,37,1,1,1,6,0,0
P04378,H14,64,M,Medicare,49,2,2,1,5,0,0
P04379,H13,49,M,Medicaid,56,0,0,0,4,0,0
P04380,H16,64,M,Commercial,38,2,1,1,3,0,0
P04381,H13,66,M,Commercial,48,2,1,0,8,0,0
P04382,H01,82,M,Medicare,33,2,3,0,5,0,0
P04383,H05,62,M,Medicare,64,1,0,0,5,0,0
P04384,H05,66,M,Medicare,34,5,0,0,5,0,1
P04385,H14,63,M,Commercial,21,2,0,0,3,0,0
P04386,H02,55,M,Medicare,32,0,1,1,5,0,0
P04387,H09,54,M,Commercial,60,1,0,0,4,0,0
P04388,H06,76,M,Medicare,23,2,1,0,2,0,0
P04389,H18,48,M,Medicare,58,2,1,0,6,0,0
P04390,H05,82,M,Medicaid,43,1,1,0,4,0,0
P04391,H05,47,F,Medicaid,22,5,0,0,3,0,0
P04392,H04,47,F,Medicare,58,1,4,0,6,0,0
P04393,H02,94,M,Medicare,44,3,2,0,11,1,0
P04394,H13,99,F,Medicare,34,2,3,0,10,1,0
P04395,H12,80,M,Medicare,62,2,1,0,5,0,0
P04396,H10,58,F,Commercial,25,3,0,0,3,0,0
P04397,H18,59,F,Medicare,34,3,0,0,11,0,0
P04398,H16,54,F,Medicaid,43,1,1,0,5,0,0
P04399,H07,67,M,Medicare,57,0,1,0,5,1,0
P04400,H17,60,F,Medicare,37,3,0,0,4,0,0
P04401,H06,67,F,Commercial,79,1,0,0,5,0,0
P04402,H11,67,M,Medicare,50,3,1,0,4,1,0
P04403,H16,78,F,Medicaid,94,4,0,1,9,1,1
P04404,H08,86,F,Medicare,61,1,0,0,6,0,0
P04405,H04,85,M,Medicare,44,0,1,0,4,0,0
P04406,H09,41,M,Medicare,66,3,1,0,6,1,0
P04407,H10,90,M,Medicare,55,2,1,0,7,0,1
P04408,H08,70,M,Commercial,24,2,1,0,5,0,0
P04409,H04,51,F,Medicare,22,2,0,0,3,0,0
P04410,H03,71,F,Medicaid,55,0,0,0,4,0,0
P04411,H07,43,M,Medicare,54,5,0,1,5,1,0
P04412,H03,66,M,Medicare,67,1,0,1,13,0,0
P04413,H12,40,F,Medicare,33,3,1,0,4,0,0
P04414,H12,64,M,Commercial,12,0,0,0,3,0,0
P04415,H03,53,M,Medicare,22,2,1,0,7,0,1
P04416,H12,73,M,Medicare,77,0,1,0,8,0,0
P04417,H05,79,M,Medicare,78,1,0,0,7,0,1
P04418,H15,81,F,Medicare,41,0,0,0,6,0,0
P04419,H06,82,F,Medicare,22,2,0,0,6,0,0
P04420,H17,75,F,Commercial,17,0,0,0,3,0,0
P04421,H19,84,F,Commercial,77,3,1,0,7,1,1
P04422,H11,50,F,Medicare,32,5,0,0,7,0,0
P04423,H01,72,F,Medicare,47,2,3,1,4,0,1
P04424,H17,38,M,Medicare,21,4,0,0,3,0,0
P04425,H18,54,F,Medicare,61,1,2,0,5,0,0
P04426,H03,39,F,Medicare,53,0,0,0,6,0,0
P04427,H07,51,M,Medicaid,72,3,2,0,9,1,1
P04428,H19,86,M,Medicare,71,2,0,0,6,0,0
P04429,H04,60,M,Commercial,44,2,1,1,8,0,0
P04430,H06,60,M,Commercial,61,1,2,0,10,0,0
P04431,H05,68,M,Medicare,58,3,0,0,6,0,0
P04432,H11,84,M,Commercial,61,1,0,0,5,1,0
P04433,H09,67,M,Medicare,47,2,0,0,4,0,0
P04434,H12,63,M,Medicare,26,3,2,1,3,0,0
P04435,H01,55,M,Medicaid,20,1,0,0,3,0,0
P04436,H18,66,F,Commercial,51,1,1,0,8,0,0
P04437,H02,35,M,Medicaid,9,3,0,0,6,0,1
P04438,H03,67,M,Medicare,43,0,1,0,18,0,0
P04439,H08,35,F,Medicare,58,2,0,0,8,0,0
P04440,H14,58,M,Medicare,29,3,1,1,5,0,0
P04441,H04,65,M,Medicare,39,3,0,1,4,0,0
P04442,H19,79,M,Commercial,43,1,0,0,4,0,1
P04443,H13,55,M,Medicare,52,1,2,0,9,1,0
P04444,H17,74,M,Medicare,60,1,0,0,9,0,0
P04445,H10,71,F,Medicare,48,4,0,0,4,0,0
P04446,H14,68,F,Medicaid,64,3,1,0,5,1,1
P04447,H13,46,M,Commercial,29,1,2,0,3,0,0
P04448,H02,77,F,Commercial,62,5,0,0,6,1,0
P04449,H20,65,M,Commercial,42,2,0,0,5,0,0
P04450,H04,56,M,Medicare,34,5,0,0,5,0,0
P04451,H03,65,F,Commercial,66,5,0,0,9,1,1
P04452,H16,65,F,Medicare,46,3,2,0,4,0,1
P04453,H08,45,M,Commercial,61,2,1,0,8,0,0
P04454,H13,69,M,Medicare,44,6,0,0,6,0,0
P04455,H05,69,F,Medicare,30,1,0,0,3,0,0
P04456,H19,70,F,Medicaid,42,2,0,1,4,0,0
P04457,H18,68,M,Medicare,27,5,1,1,4,0,0
P04458,H18,85,M,Medicaid,59,5,1,0,5,1,0
P04459,H04,58,M,Commercial,26,4,1,1,3,0,0
P04460,H01,78,F,Medicare,38,3,0,1,6,0,0
P04461,H06,80,F,Commercial,65,0,0,0,8,1,0
P04462,H19,66,M,Commercial,64,3,1,0,6,1,1
P04463,H20,81,F,Medicaid,77,4,0,0,7,1,1
P04464,H12,58,F,Medicaid,57,2,1,0,4,0,0
P04465,H14,59,M,Medicare,55,3,0,0,4,0,0
P04466,H08,64,F,Medicaid,40,3,2,0,11,0,1
P04467,H10,68,F,Medicare,45,1,1,1,4,0,0
P04468,H18,86,M,Medicare,73,2,0,1,5,1,0
P04469,H07,90,M,Commercial,62,2,0,0,7,1,0
P04470,H04,41,M,Medicare,53,3,0,0,5,0,0
P04471,H20,63,M,Medicaid,37,3,0,1,5,1,0
P04472,H07,69,M,Medicare,21,3,0,0,8,1,0
P04473,H07,67,F,Medicare,44,5,0,0,4,1,0
P04474,H18,91,M,Medicaid,29,1,0,1,4,0,0
P04475,H12,63,M,Medicare,85,0,0,1,7,0,0
P04476,H03,60,F,Medicare,20,3,1,1,3,0,0
P04477,H05,65,F,Medicare,42,1,1,0,4,0,0
P04478,H20,49,M,Medicare,19,3,0,1,2,0,0
P04479,H10,53,M,Medicaid,31,3,1,0,4,0,0
P04480,H16,76,M,Medicaid,55,4,0,0,5,0,0
P04481,H16,67,M,Medicaid,27,0,1,1,6,0,0
P04482,H09,63,M,Medicare,32,1,2,0,4,0,0
P04483,H16,40,F,Medicare,18,3,1,0,3,0,0
P04484,H09,85,F,Commercial,30,4,1,0,3,0,0
P04485,H13,53,F,Medicaid,15,1,0,1,3,0,0
P04486,H18,53,F,Commercial,72,2,0,1,5,0,0
P04487,H18,81,F,Medicare,58,3,0,0,4,0,0
P04488,H18,48,M,Commercial,33,1,0,0,4,0,0
P04489,H02,99,F,Medicare,58,1,2,0,6,0,0
P04490,H02,76,M,Medicare,41,3,0,0,13,0,1
P04491,H12,56,M,Commercial,53,5,1,1,8,0,0
P04492,H16,41,M,Medicaid,42,1,1,0,5,0,0
P04493,H14,74,M,Medicare,68,0,0,0,7,1,0
P04494,H02,73,F,Commercial,26,2,0,0,5,0,0
P04495,H08,62,M,Commercial,49,2,0,1,6,1,0
P04496,H20,69,M,Commercial,34,1,1,0,3,0,0
P04497,H20,65,M,Medicare,27,1,0,1,5,0,0
P04498,H14,61,F,Medicare,64,0,1,0,5,0,0
P04499,H08,65,F,Medicaid,76,5,1,0,7,1,1
P04500,H17,71,F,Medicare,84,5,1,0,12,1,1
P04501,H06,65,F,Medicare,8,3,0,0,4,0,0
P04502,H06,79,F,Medicare,41,3,0,0,4,0,0
P04503,H10,60,F,Commercial,23,0,0,0,4,0,0
P04504,H15,92,F,Medicaid,41,2,1,0,3,0,0
P04505,H01,57,F,Medicare,29,2,0,1,7,0,0
P04506,H19,51,F,Commercial,32,1,1,0,4,0,0
P04507,H11,30,F,Commercial,70,2,0,0,7,0,0
P04508,H03,74,M,Medicare,42,1,1,0,7,0,0
P04509,H17,80,F,Medicare,64,3,2,0,6,1,1
P04510,H18,63,M,Medicare,23,2,1,0,3,0,0
P04511,H14,57,F,Medicare,75,1,0,0,10,0,0
P04512,H03,50,F,Commercial,50,2,3,0,5,0,0
P04513,H17,70,F,Medicare,37,1,0,1,4,0,0
P04514,H13,66,F,Medicare,34,0,0,1,4,0,0
P04515,H12,69,F,Medicare,32,1,1,1,4,0,1
P04516,H11,63,F,Medicaid,65,2,3,0,6,0,0
P04517,H17,62,F,Medicare,67,2,0,0,6,0,1
P04518,H20,72,M,Medicare,10,2,0,1,3,0,0
P04519,H06,54,F,Medicare,31,3,0,1,3,0,0
P04520,H06,81,F,Medicaid,35,1,1,0,5,1,0
P04521,H14,62,F,Medicare,8,3,1,0,7,0,0
P04522,H01,68,M,Medicare,47,1,2,1,7,0,0
P04523,H03,77,M,Medicare,54,4,2,1,5,0,1
P04524,H20,80,F,Commercial,48,2,1,0,4,0,0
P04525,H08,71,F,Medicare,19,2,1,0,4,0,0
P04526,H20,63,F,Commercial,26,5,0,0,3,0,0
P04527,H07,55,F,Medicare,17,2,0,0,2,1,0
P04528,H13,55,F,Medicare,44,3,0,0,5,0,0
P04529,H16,67,M,Medicare,42,0,2,0,5,0,0
P04530,H16,80,M,Medicare,29,2,0,0,4,0,0
P04531,H07,80,F,Medicare,74,2,1,1,6,1,0
P04532,H02,59,F,Medicare,88,0,0,1,6,0,1
P04533,H08,54,F,Medicare,38,0,2,0,5,0,0
P04534,H02,40,M,Commercial,38,3,1,1,3,0,0
P04535,H06,63,F,Commercial,11,2,1,0,2,0,0
P04536,H01,60,M,Medicare,21,5,0,1,5,0,0
P04537,H13,66,M,Medicare,51,3,0,0,4,0,0
P04538,H20,68,F,Medicaid,62,2,1,1,5,1,0
P04539,H09,63,F,Commercial,28,0,0,1,5,0,0
P04540,H09,39,M,Medicare,92,1,2,0,6,0,1
P04541,H04,81,M,Medicare,30,1,1,1,5,0,0
P04542,H11,67,F,Medicare,23,2,1,0,3,0,0
P04543,H01,49,M,Medicare,23,3,0,0,3,0,0
P04544,H01,62,F,Commercial,25,0,0,0,3,0,0
P04545,H13,66,M,Medicaid,22,3,2,0,6,0,0
P04546,H05,70,F,Commercial,44,1,0,0,12,0,0
P04547,H07,51,M,Medicare,34,4,0,0,3,1,0
P04548,H10,73,F,Commercial,90,2,0,0,9,0,0
P04549,H04,73,M,Medicare,5,3,1,1,4,0,1
P04550,H15,68,F,Medicare,18,0,0,1,8,0,0
P04551,H15,66,F,Medicare,84,0,0,1,11,0,1
P04552,H11,62,F,Medicaid,51,2,0,1,8,0,0
P04553,H16,75,M,Medicaid,62,3,2,1,5,1,0
P04554,H05,76,F,Medicaid,56,2,1,0,5,0,0
P04555,H07,67,M,Medicare,13,4,2,0,11,1,0
P04556,H18,63,M,Medicaid,47,0,1,0,5,0,0
P04557,H17,62,F,Medicare,55,0,1,0,4,0,0
P04558,H16,65,M,Commercial,38,4,1,0,3,0,0
P04559,H07,70,M,Medicare,24,4,1,0,6,1,0
P04560,H08,77,M,Commercial,70,1,0,0,10,0,0
P04561,H01,61,M,Medicare,39,4,0,0,6,0,0
P04562,H13,55,F,Commercial,37,2,0,0,4,0,0
P04563,H10,63,M,Medicare,16,3,1,1,7,0,0
P04564,H18,60,F,Medicare,21,3,0,1,4,0,0
P04565,H14,80,F,Medicaid,43,1,1,0,6,0,0
P04566,H04,77,M,Medicare,32,4,0,0,6,0,0
P04567,H12,63,M,Medicare,20,3,0,0,7,0,0
P04568,H03,62,M,Medicaid,16,3,0,0,5,0,0
P04569,H07,76,M,Medicare,13,1,1,0,3,1,0
P04570,H02,78,M,Commercial,43,0,1,0,4,0,0
P04571,H11,61,F,Medicare,21,0,0,1,2,0,1
P04572,H17,99,F,Commercial,55,3,0,1,5,0,0
P04573,H01,71,M,Medicare,55,2,1,1,5,0,0
P04574,H09,49,F,Medicare,73,1,2,0,5,0,1
P04575,H17,64,F,Medicaid,45,4,0,1,6,0,0
P04576,H04,43,M,Medicare,41,4,1,0,3,0,0
P04577,H16,48,F,Commercial,17,2,1,0,2,0,0
P04578,H01,69,M,Medicare,25,1,0,0,7,0,0
P04579,H12,48,F,Medicare,46,1,0,0,5,0,0
P04580,H05,65,M,Medicare,64,3,1,1,5,1,0
P04581,H06,76,M,Commercial,39,2,2,0,3,0,0
P04582,H01,51,F,Medicare,83,1,1,0,7,0,0
P04583,H14,75,F,Commercial,30,2,0,0,3,0,0
P04584,H13,72,M,Medicare,30,1,0,1,7,0,0
P04585,H13,57,F,Medicare,45,2,1,1,3,0,1
P04586,H13,72,F,Medicaid,51,1,1,1,4,0,1
P04587,H14,58,F,Medicare,56,2,2,0,8,0,0
P04588,H11,61,F,Medicare,29,0,2,1,5,0,0
P04589,H05,45,M,Medicare,70,3,0,1,9,1,1
P04590,H16,66,F,Commercial,54,1,1,0,13,0,0
P04591,H05,64,M,Medicare,38,8,0,1,4,0,0
P04592,H10,54,F,Commercial,74,1,0,0,5,0,0
P04593,H05,74,M,Medicare,4,0,0,0,2,0,0
P04594,H14,62,M,Medicare,27,4,0,1,3,0,0
P04595,H10,45,M,Medicare,46,0,1,0,4,0,0
P04596,H02,70,F,Medicare,70,0,0,1,5,0,1
P04597,H14,49,M,Commercial,35,2,1,0,5,0,0
P04598,H15,66,M,Medicaid,50,1,1,0,4,0,0
P04599,H01,85,M,Commercial,70,3,1,0,6,0,0
P04600,H15,86,F,Commercial,17,1,0,0,4,0,0
P04601,H14,84,F,Medicare,28,2,0,0,4,0,0
P04602,H16,67,M,Medicare,77,2,1,0,6,0,0
P04603,H01,68,M,Medicare,17,0,0,0,9,0,0
P04604,H19,74,M,Medicare,19,4,3,0,9,0,0
P04605,H02,60,F,Medicare,41,1,0,0,6,0,0
P04606,H18,74,F,Medicare,93,1,1,1,7,1,0
P04607,H14,51,F,Commercial,29,2,0,0,6,0,0
P04608,H01,70,F,Commercial,61,2,1,0,5,0,0
P04609,H11,71,F,Medicare,37,1,0,1,6,0,0
P04610,H09,55,F,Medicare,46,0,0,0,7,0,0
P04611,H16,70,F,Medicaid,50,3,0,1,5,0,0
P04612,H08,55,M,Medicaid,36,2,0,0,4,0,0
P04613,H15,60,M,Medicare,25,4,1,0,3,0,0
P04614,H14,67,F,Medicaid,21,2,0,0,8,0,0
P04615,H08,69,M,Medicaid,21,2,1,0,4,0,0
P04616,H06,79,M,Medicaid,69,1,0,0,5,0,0
P04617,H13,76,M,Medicare,53,5,0,1,6,0,1
P04618,H01,69,F,Medicare,34,3,0,1,5,0,0
P04619,H06,58,F,Medicare,68,1,0,0,5,0,0
P04620,H12,64,M,Commercial,38,1,0,1,3,0,0
P04621,H09,54,F,Medicaid,54,1,2,0,5,0,0
P04622,H20,75,M,Commercial,44,1,1,1,4,0,0
P04623,H19,52,F,Medicare,86,2,0,0,6,0,0
P04624,H06,65,F,Medicare,55,4,0,0,5,0,0
P04625,H12,64,F,Medicaid,35,2,0,0,3,0,0
P04626,H02,79,M,Medicare,16,3,0,0,2,0,0
P04627,H18,99,M,Medicare,17,1,0,0,3,0,0
P04628,H07,67,F,Medicaid,5,3,1,0,4,1,0
P04629,H18,72,F,Medicare,51,1,1,0,5,0,0
P04630,H15,53,M,Medicare,39,3,0,1,9,0,0
P04631,H19,75,F,Medicaid,42,3,1,0,5,0,0
P04632,H18,77,M,Commercial,63,1,1,0,6,0,0
P04633,H03,48,F,Commercial,52,3,1,1,5,0,0
P04634,H14,39,F,Commercial,83,2,1,1,6,0,1
P04635,H01,91,M,Medicare,47,2,2,1,4,0,0
P04636,H15,75,M,Medicare,23,1,0,1,8,0,0
P04637,H01,80,M,Medicaid,64,2,1,0,5,0,0
P04638,H06,63,F,Commercial,37,2,0,0,7,0,0
P04639,H03,78,F,Medicare,63,2,1,1,6,0,0
P04640,H01,59,M,Medicaid,38,2,1,0,4,0,0
P04641,H04,70,M,Medicare,61,3,0,1,6,0,1
P04642,H15,63,M,Medicare,58,0,1,1,5,0,0
P04643,H13,62,M,Commercial,24,3,1,0,3,0,0
P04644,H02,85,M,Medicare,35,2,1,1,5,0,1
P04645,H07,84,M,Medicare,42,1,0,0,5,1,0
P04646,H03,63,M,Medicare,44,3,0,0,6,0,1
P04647,H12,72,M,Medicare,56,1,2,0,4,1,0
P04648,H19,52,M,Medicaid,60,2,1,0,7,0,0
P04649,H18,61,M,Medicaid,64,2,0,0,6,0,0
P04650,H05,85,M,Commercial,56,1,0,1,7,0,0
P04651,H17,62,M,Medicaid,57,1,2,0,5,1,0
P04652,H04,88,F,Medicare,30,3,0,0,6,0,0
P04653,H14,93,M,Medicare,11,4,1,0,3,0,0
P04654,H17,62,F,Medicare,24,4,2,1,3,0,1
P04655,H19,44,M,Medicare,28,1,1,0,3,0,0
P04656,H16,63,M,Medicare,59,2,0,0,6,0,0
P04657,H10,45,F,Medicaid,30,3,0,0,6,0,0
P04658,H04,80,M,Commercial,59,1,0,1,7,0,0
P04659,H04,81,M,Commercial,26,2,0,0,7,0,0
P04660,H07,70,M,Medicare,30,3,0,1,6,1,0
P04661,H01,69,M,Medicare,78,0,0,0,6,0,0
P04662,H10,70,F,Commercial,40,1,0,0,4,1,0
P04663,H09,72,M,Medicare,61,3,0,0,5,0,1
P04664,H18,76,F,Commercial,57,0,1,0,4,0,0
P04665,H11,66,F,Medicaid,45,1,1,0,5,0,0
P04666,H05,53,F,Medicare,53,3,1,0,6,0,0
P04667,H12,71,F,Commercial,35,0,0,0,8,0,0
P04668,H06,82,F,Commercial,35,1,1,1,5,0,1
P04669,H14,51,F,Medicaid,12,2,0,0,3,0,0
P04670,H03,65,M,Medicaid,5,0,1,0,3,0,0
P04671,H14,40,M,Medicare,25,2,1,0,3,0,0
P04672,H04,50,M,Medicare,56,2,0,1,6,0,0
P04673,H05,45,F,Medicare,64,3,0,1,7,1,0
P04674,H04,84,F,Commercial,8,2,1,0,3,0,0
P04675,H07,66,M,Medicaid,25,2,1,0,3,1,0
P04676,H02,57,M,Commercial,36,2,2,0,4,0,0
P04677,H18,63,M,Medicare,25,2,3,1,6,0,0
P04678,H01,53,F,Medicaid,80,2,0,0,13,1,0
P04679,H13,52,M,Commercial,39,1,0,0,6,0,0
P04680,H10,46,M,Medicare,47,3,1,0,5,0,1
P04681,H17,54,F,Medicare,27,0,1,0,3,0,0
P04682,H19,71,F,Medicare,23,1,0,1,5,0,0
P04683,H05,62,M,Medicare,21,3,0,1,4,0,0
P04684,H08,95,F,Medicare,30,0,2,1,3,0,0
P04685,H05,53,F,Medicare,47,1,2,0,5,0,0
P04686,H02,55,F,Medicare,71,7,1,0,7,1,1
P04687,H16,60,M,Commercial,35,2,1,1,4,0,1
P04688,H11,51,M,Medicare,59,3,0,0,5,1,0
P04689,H15,57,M,Medicaid,26,4,1,0,3,0,0
P04690,H02,52,F,Medicare,58,1,1,0,5,0,0
P04691,H17,48,M,Medicare,55,1,0,0,5,0,0
P04692,H11,60,F,Medicaid,67,1,0,1,9,0,0
P04693,H12,56,F,Medicare,48,1,3,0,6,0,0
P04694,H10,48,M,Medicare,24,0,0,1,7,0,0
P04695,H10,63,F,Medicare,12,0,0,0,3,0,0
P04696,H20,78,F,Medicare,75,1,0,0,5,0,0
P04697,H04,33,M,Commercial,24,4,0,0,3,0,0
P04698,H10,77,M,Medicaid,58,2,2,0,7,0,0
P04699,H08,78,F,Medicare,57,3,1,0,6,1,0
P04700,H05,57,F,Medicaid,82,3,3,1,7,1,0
P04701,H09,97,M,Medicare,65,0,0,0,5,0,0
P04702,H01,71,F,Medicare,55,3,1,1,6,0,0
P04703,H01,60,M,Commercial,24,2,0,0,3,0,0
P04704,H07,69,M,Commercial,37,4,0,0,7,1,0
P04705,H18,64,M,Commercial,45,1,1,1,6,0,0
P04706,H16,51,F,Medicare,33,1,1,0,5,0,0
P04707,H06,83,M,Medicare,34,3,0,0,9,0,0
P04708,H18,99,F,Commercial,43,1,1,0,4,1,0
P04709,H18,68,F,Medicaid,31,2,1,0,4,0,0
P04710,H03,57,F,Commercial,33,2,0,0,3,0,0
P04711,H13,89,F,Medicare,43,1,2,0,7,0,0
P04712,H11,69,M,Medicare,93,1,1,1,6,1,0
P04713,H07,57,M,Commercial,63,1,1,1,4,1,0
P04714,H08,93,F,Medicare,28,1,0,0,5,0,0
P04715,H03,63,F,Medicaid,78,4,2,1,8,1,0
P04716,H14,43,F,Medicare,66,2,0,0,10,0,0
P04717,H10,87,F,Medicare,63,2,2,1,7,0,0
P04718,H16,55,M,Medicare,13,3,0,0,2,0,0
P04719,H07,63,M,Medicare,56,3,0,0,5,1,0
P04720,H19,68,M,Medicaid,46,1,1,1,4,0,0
P04721,H09,64,M,Commercial,51,1,1,0,5,0,0
P04722,H14,73,F,Medicare,20,3,1,1,6,0,0
P04723,H09,75,M,Medicare,29,1,2,0,5,0,0
P04724,H02,72,F,Medicare,32,1,0,0,4,0,0
P04725,H01,43,M,Medicaid,85,2,1,1,7,0,1
P04726,H04,60,F,Commercial,30,4,0,0,6,0,0
P04727,H10,71,M,Medicare,68,2,1,1,10,0,1
P04728,H20,34,M,Medicare,21,3,2,0,3,0,0
P04729,H06,83,M,Commercial,37,2,1,1,13,0,0
P04730,H15,50,F,Medicare,32,2,0,0,5,0,1
P04731,H09,72,M,Medicare,42,2,0,0,5,0,0
P04732,H09,57,M,Commercial,35,2,1,1,4,0,0
P04733,H13,81,F,Medicare,79,1,2,0,7,0,0
P04734,H11,53,M,Medicaid,46,2,0,1,9,0,0
P04735,H15,89,F,Medicare,42,1,2,0,5,0,0
P04736,H08,46,M,Medicare,26,2,1,0,4,0,0
P04737,H15,62,M,Commercial,7,1,0,1,5,0,0
P04738,H05,78,M,Commercial,50,1,0,1,4,0,0
P04739,H02,56,F,Medicare,24,2,0,0,3,0,0
P04740,H03,79,M,Commercial,36,2,0,0,9,0,0
P04741,H15,77,M,Medicare,33,5,1,1,6,0,1
P04742,H06,82,F,Commercial,23,2,0,0,4,0,0
P04743,H12,65,F,Medicare,61,3,1,0,6,1,1
P04744,H09,47,M,Medicare,27,2,0,0,4,0,0
P04745,H10,91,F,Medicare,64,1,1,0,6,0,0
P04746,H07,78,M,Commercial,38,2,0,1,3,1,0
P04747,H09,68,F,Medicare,62,1,0,1,10,0,0
P04748,H20,57,M,Medicare,62,3,0,0,7,1,1
P04749,H07,70,M,Commercial,48,4,1,0,5,1,1
P04750,H20,72,M,Medicare,10,0,1,0,5,0,1
P04751,H07,68,M,Commercial,8,3,1,0,4,1,0
P04752,H11,63,M,Commercial,51,4,1,0,5,0,0
P04753,H15,65,F,Medicare,76,2,1,0,5,0,0
P04754,H05,83,M,Medicaid,58,2,0,0,5,0,0
P04755,H11,67,M,Medicare,47,2,1,0,5,0,0
P04756,H20,71,M,Medicare,84,3,0,0,9,1,0
P04757,H08,86,M,Medicare,82,3,1,0,7,1,0
P04758,H05,95,F,Medicaid,45,1,1,0,5,0,0
P04759,H10,76,M,Medicare,56,1,0,0,6,0,0
P04760,H05,66,M,Medicare,30,0,0,0,3,0,0
P04761,H11,52,F,Commercial,32,3,0,0,4,0,0
P04762,H18,74,M,Commercial,11,2,1,0,3,0,0
P04763,H13,64,F,Medicare,58,3,1,0,6,0,1
P04764,H15,69,M,Medicare,32,1,0,1,3,0,1
P04765,H10,62,F,Medicare,68,5,2,1,8,1,0
P04766,H19,59,M,Medicare,33,2,2,0,4,0,0
P04767,H08,52,F,Medicare,19,0,0,1,6,0,0
P04768,H08,60,F,Medicare,24,1,0,1,5,0,0
P04769,H12,77,M,Medicaid,78,3,1,0,6,1,0
P04770,H16,70,M,Medicare,28,3,0,0,5,0,0
P04771,H20,59,F,Commercial,26,3,0,0,2,0,0
P04772,H08,77,M,Commercial,47,1,1,0,5,0,0
P04773,H18,93,M,Medicare,66,1,0,0,10,0,0
P04774,H12,70,F,Medicare,40,3,3,1,6,0,0
P04775,H01,61,M,Medicaid,30,0,1,0,7,0,0
P04776,H07,91,F,Commercial,18,3,1,0,2,1,0
P04777,H15,59,F,Commercial,46,4,0,0,7,0,0
P04778,H13,45,F,Medicare,86,4,0,0,7,1,1
P04779,H03,59,M,Commercial,36,2,1,0,3,0,0
P04780,H10,69,M,Medicare,18,2,2,1,2,0,0
P04781,H20,58,F,Commercial,51,4,2,0,4,1,0
P04782,H02,47,M,Commercial,28,4,0,0,4,0,1
P04783,H20,41,F,Medicaid,16,1,0,0,2,0,0
P04784,H07,64,M,Commercial,10,2,0,0,4,1,0
P04785,H16,92,M,Medicare,49,1,2,0,4,0,0
P04786,H12,56,M,Medicare,49,2,0,0,4,0,0
P04787,H17,85,M,Medicare,48,0,0,0,9,0,0
P04788,H07,65,M,Medicare,24,3,0,1,8,1,0
P04789,H07,72,F,Commercial,20,2,0,0,2,1,0
P04790,H16,85,F,Medicare,14,2,0,0,4,0,0
P04791,H01,65,F,Medicaid,48,1,1,1,6,0,0
P04792,H20,59,F,Medicare,15,4,0,0,6,0,0
P04793,H16,26,F,Medicaid,16,1,3,1,4,0,0
P04794,H09,80,F,Commercial,82,5,0,1,5,1,1
P04795,H10,73,M,Medicare,25,2,0,1,4,0,0
P04796,H03,70,M,Commercial,31,1,0,0,4,0,0
P04797,H04,74,F,Medicaid,32,3,0,0,3,0,0
P04798,H05,87,F,Commercial,31,0,2,0,3,0,0
P04799,H05,88,F,Medicaid,5,3,0,0,2,0,0
P04800,H13,70,M,Commercial,55,1,1,1,10,0,1
P04801,H04,91,M,Commercial,54,2,1,0,5,0,1
P04802,H20,49,M,Commercial,52,3,1,1,4,0,0
P04803,H10,49,M,Medicaid,25,3,3,0,5,0,0
P04804,H02,69,F,Medicare,86,1,0,0,7,0,1
P04805,H19,74,M,Medicare,31,4,1,0,3,0,0
P04806,H17,58,F,Medicaid,47,4,1,1,6,0,0
P04807,H14,70,M,Medicare,82,0,0,0,6,0,0
P04808,H16,65,M,Commercial,64,2,0,1,5,0,1
P04809,H02,80,F,Medicare,24,2,1,0,6,0,0
P04810,H13,64,F,Medicare,61,1,1,0,5,0,1
P04811,H12,64,F,Commercial,15,4,0,0,4,0,0
P04812,H14,72,F,Medicaid,9,2,1,0,2,0,0
P04813,H01,66,M,Medicare,8,2,1,0,2,0,0
P04814,H02,73,F,Medicaid,10,6,0,0,5,0,0
P04815,H06,64,M,Commercial,28,0,0,1,5,0,0
P04816,H04,73,M,Medicaid,59,0,0,1,5,0,0
P04817,H15,57,M,Medicaid,47,1,3,0,6,0,0
P04818,H13,69,M,Commercial,55,1,0,0,5,0,1
P04819,H01,80,M,Medicare,33,3,1,0,3,0,0
P04820,H09,52,M,Medicare,36,2,0,0,4,0,0
P04821,H12,69,M,Medicare,23,2,0,1,4,0,0
P04822,H16,58,F,Commercial,33,0,0,1,4,0,0
P04823,H12,59,F,Commercial,16,2,1,1,2,0,0
P04824,H10,71,M,Medicare,26,4,0,0,4,0,0
P04825,H16,70,M,Medicare,19,3,2,0,7,0,0
P04826,H07,73,F,Commercial,29,5,0,1,8,1,0
P04827,H13,70,M,Medicare,41,2,0,1,8,0,0
P04828,H14,77,F,Commercial,29,3,1,0,4,0,0
P04829,H18,58,M,Medicare,56,2,1,0,7,0,1
P04830,H19,72,M,Medicaid,34,2,0,0,5,0,0
P04831,H03,49,M,Medicaid,74,1,1,0,6,0,0
P04832,H07,64,F,Medicare,89,1,1,1,9,1,0
P04833,H02,60,M,Commercial,46,3,1,0,6,0,0
P04834,H13,87,F,Commercial,33,1,0,0,3,0,0
P04835,H05,62,M,Commercial,81,3,0,1,6,1,1
P04836,H19,71,M,Medicaid,26,2,2,0,3,0,0
P04837,H09,73,F,Medicare,78,1,0,0,5,1,0
P04838,H17,66,M,Medicaid,46,3,1,0,5,0,0
P04839,H17,77,F,Commercial,80,3,1,0,5,1,1
P04840,H11,88,M,Medicare,6,1,0,0,3,0,0
P04841,H08,79,M,Commercial,50,1,0,1,7,0,0
P04842,H17,59,M,Medicare,59,2,0,1,5,0,0
P04843,H10,99,F,Medicare,45,3,1,0,6,0,0
P04844,H14,67,M,Commercial,59,1,0,0,5,0,0
P04845,H15,58,F,Medicare,72,4,0,0,5,0,0
P04846,H19,74,M,Commercial,31,1,0,0,5,0,0
P04847,H15,69,M,Commercial,20,0,1,0,4,0,0
P04848,H06,62,M,Medicare,45,1,1,1,4,0,0
P04849,H16,66,M,Medicare,17,1,0,0,4,0,0
P04850,H07,58,F,Commercial,35,1,6,0,5,1,0
P04851,H03,82,F,Medicaid,60,1,1,0,5,0,0
P04852,H04,66,F,Medicare,41,1,1,0,4,0,0
P04853,H06,67,M,Medicare,35,2,1,0,3,1,1
P04854,H08,70,F,Medicaid,16,5,0,0,5,0,0
P04855,H08,73,F,Commercial,62,5,0,0,6,1,0
P04856,H18,51,M,Commercial,40,3,1,0,3,0,0
P04857,H13,78,F,Medicare,65,2,0,0,6,0,0
P04858,H20,58,M,Medicare,58,0,1,0,7,0,0
P04859,H15,62,F,Medicare,41,0,0,1,3,0,0
P04860,H07,60,F,Medicare,55,2,0,0,4,1,0
P04861,H03,61,F,Commercial,68,1,0,0,7,0,1
P04862,H03,78,F,Medicare,33,1,1,1,3,0,0
P04863,H03,41,F,Commercial,33,3,4,1,5,0,0
P04864,H19,67,F,Commercial,17,2,2,0,3,0,0
P04865,H09,84,F,Medicare,24,1,1,0,5,0,0
P04866,H06,71,F,Medicaid,63,2,1,0,6,0,0
P04867,H15,54,M,Commercial,8,0,0,1,3,0,0
P04868,H03,82,F,Medicare,43,1,2,0,5,1,0
P04869,H10,49,M,Medicare,41,1,1,0,6,0,0
P04870,H13,62,F,Medicare,9,1,0,0,2,0,0
P04871,H16,55,F,Medicare,25,4,1,0,4,0,0
P04872,H10,39,F,Medicare,60,2,1,0,6,0,0
P04873,H10,70,M,Medicare,70,1,0,0,7,0,0
P04874,H20,75,M,Commercial,11,1,1,0,3,0,0
P04875,H18,72,M,Medicaid,46,2,0,1,9,0,0
P04876,H05,69,M,Medicaid,39,1,0,0,5,0,0
P04877,H15,61,M,Medicare,24,4,0,0,3,0,0
P04878,H09,72,M,Medicare,83,5,1,1,8,1,1
P04879,H06,67,F,Medicare,53,3,1,0,6,0,1
P04880,H07,58,M,Medicare,43,4,0,0,6,1,0
P04881,H02,65,F,Medicaid,15,1,0,1,6,0,0
P04882,H08,90,M,Medicare,74,2,2,0,9,1,1
P04883,H13,74,M,Commercial,15,1,0,1,2,0,0
P04884,H01,75,M,Medicare,8,4,1,1,3,0,0
P04885,H16,73,F,Medicare,39,0,1,1,5,0,0
P04886,H12,70,M,Commercial,43,1,0,0,9,0,0
P04887,H01,66,F,Commercial,48,2,0,0,5,0,0
P04888,H02,82,F,Medicare,53,2,1,0,6,0,0
P04889,H10,79,F,Medicare,37,1,0,1,4,0,0
P04890,H17,44,M,Medicare,47,0,0,0,6,0,0
P04891,H19,51,F,Medicare,40,4,0,0,5,0,0
P04892,H07,80,F,Medicare,53,2,1,0,5,1,0
P04893,H02,64,F,Commercial,74,1,1,0,7,1,0
P04894,H16,80,M,Medicaid,38,1,1,0,6,0,0
P04895,H16,48,F,Medicare,17,0,0,0,3,0,0
P04896,H08,84,M,Medicare,61,3,0,1,6,0,1
P04897,H16,82,F,Commercial,59,0,0,0,6,0,0
P04898,H20,69,M,Commercial,34,1,0,0,9,0,0
P04899,H06,56,M,Medicare,56,4,0,0,8,0,1
P04900,H16,48,F,Medicaid,58,2,1,0,5,0,0
P04901,H10,66,F,Medicare,20,2,0,0,3,0,0
P04902,H06,76,M,Medicare,14,1,1,0,2,0,0
P04903,H11,72,M,Commercial,30,2,0,0,6,0,0
P04904,H02,49,M,Medicare,34,2,0,0,4,0,0
P04905,H07,65,M,Medicare,34,1,0,0,7,1,0
P04906,H10,53,M,Medicaid,74,0,0,1,6,0,1
P04907,H15,70,F,Medicare,19,1,1,0,4,0,0
P04908,H03,70,F,Medicare,12,1,0,1,3,0,0
P04909,H03,99,M,Medicaid,24,3,1,0,4,0,0
P04910,H20,71,M,Medicare,38,8,0,0,4,1,0
P04911,H15,78,M,Medicare,30,3,0,1,4,0,0
P04912,H03,26,M,Medicare,22,3,2,1,3,0,0
P04913,H16,50,M,Commercial,93,3,0,0,9,1,0
P04914,H17,55,F,Medicare,20,2,1,1,2,0,0
P04915,H14,68,F,Medicare,75,4,0,0,7,1,0
P04916,H04,56,M,Commercial,36,1,1,1,5,0,0
P04917,H05,38,F,Medicare,23,1,0,0,3,0,0
P04918,H04,79,M,Medicare,48,1,0,1,4,0,0
P04919,H12,90,M,Medicare,19,2,4,0,3,0,0
P04920,H12,68,M,Medicare,50,1,1,1,4,0,0
P04921,H13,55,M,Commercial,65,3,0,0,7,1,0
P04922,H04,84,F,Medicare,69,0,0,0,10,0,0
P04923,H07,47,F,Commercial,27,1,2,1,2,1,0
P04924,H03,66,F,Medicaid,17,3,1,0,3,1,0
P04925,H02,62,M,Medicaid,20,3,0,0,5,0,0
P04926,H10,72,F,Commercial,24,2,2,0,8,0,0
P04927,H14,56,M,Medicare,52,1,2,0,5,0,0
P04928,H15,68,M,Medicaid,59,2,0,0,5,0,0
P04929,H19,91,M,Commercial,73,2,2,1,7,0,0
P04930,H20,82,M,Medicare,36,0,0,0,4,0,0
P04931,H10,66,F,Commercial,25,2,0,1,7,0,0
P04932,H10,59,F,Medicare,57,2,0,1,4,0,1
P04933,H01,52,M,Medicare,54,3,0,0,5,0,0
P04934,H05,93,M,Commercial,42,1,1,0,4,0,0
P04935,H06,62,M,Medicaid,77,2,0,0,8,0,1
P04936,H19,97,M,Commercial,34,2,1,1,5,1,0
P04937,H11,33,F,Commercial,39,2,1,0,4,1,0
P04938,H19,66,F,Medicare,44,2,0,1,4,0,0
P04939,H06,67,M,Medicare,30,1,0,0,5,0,0
P04940,H06,64,M,Medicare,11,1,1,0,2,0,0
P04941,H20,46,M,Commercial,46,1,0,0,4,0,0
P04942,H09,70,F,Medicare,57,4,0,1,7,0,0
P04943,H05,75,F,Commercial,58,2,1,0,6,0,0
P04944,H01,74,F,Medicare,73,1,1,1,6,0,1
P04945,H09,66,M,Medicare,17,0,0,0,5,0,0
P04946,H16,71,F,Commercial,43,1,2,1,10,0,0
P04947,H11,64,F,Medicare,67,4,0,0,7,1,1
P04948,H08,87,F,Commercial,59,2,1,1,6,1,1
P04949,H14,53,F,Commercial,62,2,2,0,6,0,0
P04950,H19,62,F,Commercial,13,0,1,0,2,0,0
P04951,H10,98,F,Medicare,32,1,0,0,5,0,0
P04952,H05,69,M,Commercial,56,1,0,0,7,0,0
P04953,H17,47,M,Medicaid,33,3,0,0,3,0,0
P04954,H15,64,F,Medicare,69,3,1,1,10,1,0
P04955,H06,59,M,Medicare,75,2,0,0,7,1,1
P04956,H06,67,M,Medicare,20,2,0,0,4,0,0
P04957,H15,56,F,Commercial,57,1,1,1,6,0,0
P04958,H20,95,F,Commercial,51,2,0,0,6,0,0
P04959,H10,65,F,Medicare,29,2,0,1,5,0,0
P04960,H19,64,M,Medicare,14,3,0,1,4,0,0
P04961,H08,58,F,Commercial,40,2,0,0,7,0,0
P04962,H18,76,F,Medicare,24,2,0,0,4,0,0
P04963,H04,65,F,Medicare,54,0,1,0,5,0,1
P04964,H06,83,F,Medicare,26,4,1,1,10,0,0
P04965,H19,80,F,Medicare,87,1,2,1,7,0,0
P04966,H10,67,M,Medicaid,24,4,1,0,3,0,0
P04967,H16,46,M,Medicaid,60,2,1,0,5,0,0
P04968,H14,91,M,Commercial,19,5,1,1,5,0,1
P04969,H13,72,M,Medicare,50,2,0,0,5,0,0
P04970,H09,52,F,Medicare,57,2,0,1,7,0,0
P04971,H16,45,F,Commercial,57,2,1,1,5,0,0
P04972,H03,68,F,Commercial,55,0,1,1,7,0,0
P04973,H10,73,M,Commercial,40,3,1,1,6,0,0
P04974,H18,66,F,Commercial,17,1,1,0,4,0,0
P04975,H15,73,M,Medicare,23,0,0,1,5,0,0
P04976,H03,49,M,Medicare,15,1,0,0,3,0,0
P04977,H19,74,F,Commercial,69,2,0,0,6,0,0
P04978,H14,68,F,Medicaid,55,0,1,0,10,0,0
P04979,H11,70,F,Commercial,55,5,2,0,6,1,0
P04980,H19,56,M,Commercial,37,0,0,1,4,0,0
P04981,H07,62,M,Medicare,75,3,1,1,6,1,1
P04982,H14,75,F,Medicare,27,0,0,1,6,0,0
P04983,H15,38,F,Medicare,5,3,0,0,3,0,0
P04984,H14,43,F,Medicare,54,2,1,0,6,0,0
P04985,H10,68,M,Medicare,29,2,3,1,4,1,0
P04986,H14,78,F,Commercial,50,2,3,1,4,0,0
P04987,H18,84,M,Commercial,10,0,1,0,3,0,0
P04988,H18,78,M,Medicare,65,2,0,1,12,0,0
P04989,H03,79,F,Medicare,51,1,1,0,5,0,0
P04990,H15,57,M,Medicaid,81,4,0,0,8,1,1
P04991,H03,52,F,Medicare,60,1,1,0,5,0,0
P04992,H15,61,F,Medicaid,75,2,1,0,8,1,0
P04993,H12,57,M,Commercial,59,5,0,0,11,1,0
P04994,H03,77,M,Medicaid,53,2,1,0,5,0,0
P04995,H08,73,M,Medicare,17,4,1,0,7,0,0
P04996,H15,43,F,Medicare,29,5,2,1,6,0,1
P04997,H02,67,F,Medicare,73,2,3,0,8,0,0
P04998,H07,65,M,Medicaid,48,1,1,1,5,1,0
P04999,H09,82,M,Medicare,66,1,1,0,8,0,0
P05000,H06,48,F,Medicare,50,0,0,0,5,0,0
P05001,H12,61,M,Medicaid,29,1,1,0,4,0,0
P05002,H15,63,F,Commercial,25,2,0,0,9,0,0
P05003,H01,63,F,Medicare,17,0,0,0,8,0,0
P05004,H01,61,F,Medicare,27,2,1,0,6,0,1
P05005,H14,65,F,Medicare,24,2,2,0,2,0,0
P05006,H09,56,M,Commercial,52,2,1,0,5,0,0
P05007,H18,64,M,Medicare,42,2,0,0,4,0,0
P05008,H20,72,F,Medicare,70,1,1,1,9,0,0
P05009,H14,74,M,Medicare,27,3,1,1,4,0,0
P05010,H11,67,M,Medicare,35,2,2,0,3,0,0
P05011,H19,59,M,Medicare,23,4,0,0,2,0,0
P05012,H20,49,F,Medicare,40,1,1,1,5,0,1
P05013,H03,67,F,Medicare,8,1,0,0,2,0,0
P05014,H16,93,M,Medicare,80,1,2,0,8,0,1
P05015,H02,63,M,Medicare,40,1,0,0,4,0,0
P05016,H16,80,M,Medicare,48,2,0,1,4,0,0
P05017,H17,72,F,Medicare,17,4,1,0,3,0,0
P05018,H11,88,M,Medicare,32,2,0,1,4,0,0
P05019,H17,70,F,Medicare,80,1,1,0,8,0,0
P05020,H14,67,F,Medicaid,61,2,1,0,7,0,1
P05021,H17,87,M,Commercial,53,3,0,0,5,0,1
P05022,H07,57,F,Medicare,27,3,1,0,5,1,0
P05023,H17,59,F,Medicaid,73,1,4,0,6,0,0
P05024,H07,83,F,Commercial,58,2,2,0,5,1,0
P05025,H04,67,F,Medicaid,38,0,0,0,7,0,0
P05026,H08,54,F,Medicare,53,4,4,0,5,0,0
P05027,H20,53,F,Medicare,38,2,0,0,4,0,0
P05028,H16,69,F,Commercial,36,3,1,0,7,0,0
P05029,H07,57,F,Medicare,80,4,1,0,6,1,1
P05030,H03,55,F,Medicaid,53,2,1,0,5,0,0
P05031,H14,72,M,Commercial,23,1,1,0,3,0,0
P05032,H11,72,M,Medicare,41,0,3,0,4,0,0
P05033,H02,75,M,Medicaid,32,3,2,1,5,0,0
P05034,H14,78,F,Commercial,29,2,1,0,5,0,0
P05035,H03,92,F,Medicare,45,3,1,0,9,0,0
P05036,H20,45,F,Medicare,33,2,1,0,3,0,0
P05037,H05,48,M,Medicare,32,1,1,0,7,0,0
P05038,H01,70,M,Medicare,57,2,0,0,7,0,1
P05039,H03,60,F,Medicare,63,1,0,0,5,0,0
P05040,H12,79,M,Medicare,58,2,0,0,6,0,0
P05041,H04,73,M,Medicare,26,3,0,0,4,0,0
P05042,H15,49,F,Commercial,27,1,1,0,4,0,0
P05043,H15,66,F,Medicaid,46,1,0,1,6,1,0
P05044,H17,69,M,Medicaid,47,3,0,0,8,0,0
P05045,H16,59,M,Medicare,55,3,0,1,5,0,0
P05046,H02,64,F,Commercial,42,8,0,0,6,0,0
P05047,H14,73,M,Medicare,51,2,0,0,9,0,0
P05048,H13,71,F,Medicare,41,4,1,0,5,0,0
P05049,H19,53,M,Medicare,55,0,1,0,9,0,0
P05050,H17,75,M,Commercial,93,3,1,0,10,1,1
P05051,H05,67,M,Medicare,53,3,0,0,6,0,0
P05052,H01,67,F,Medicaid,66,3,0,0,6,1,1
P05053,H15,76,F,Medicare,49,1,0,0,5,0,0
P05054,H20,73,F,Medicare,32,2,0,1,8,0,0
P05055,H13,62,F,Medicare,40,3,1,0,5,0,0
P05056,H05,70,F,Medicare,55,4,1,0,5,0,0
P05057,H02,79,F,Medicare,48,3,2,0,9,1,1
P05058,H12,53,F,Medicare,81,0,0,0,8,0,0
P05059,H18,60,M,Medicare,35,0,1,0,5,0,0
P05060,H04,70,F,Commercial,65,3,1,1,5,1,0
P05061,H16,69,M,Medicare,32,1,0,1,6,0,0
P05062,H05,56,F,Medicare,26,1,2,0,8,0,0
P05063,H12,60,M,Medicare,59,3,0,0,4,0,0
P05064,H11,57,F,Medicare,60,3,1,0,7,0,1
P05065,H13,62,M,Commercial,47,1,0,0,5,0,0
P05066,H15,82,F,Commercial,51,2,0,0,7,0,0
P05067,H15,50,F,Medicare,27,1,0,0,3,0,0
P05068,H11,62,F,Medicare,86,3,0,0,8,1,0
P05069,H15,60,M,Commercial,37,2,0,0,12,0,0
P05070,H15,58,F,Medicare,44,4,1,0,5,0,0
P05071,H07,68,M,Medicare,29,2,0,1,3,1,0
P05072,H20,64,M,Medicare,80,2,2,0,8,0,0
P05073,H06,64,F,Medicare,62,2,0,0,4,0,0
P05074,H01,79,M,Medicaid,34,3,1,0,11,0,0
P05075,H04,68,M,Commercial,52,2,0,0,5,0,0
P05076,H04,67,M,Medicare,71,2,0,0,5,1,0
P05077,H07,62,F,Medicare,26,3,1,0,3,1,0
P05078,H12,63,F,Commercial,37,1,1,0,4,0,0
P05079,H11,78,F,Commercial,45,2,0,0,8,0,0
P05080,H03,59,M,Medicare,25,5,1,0,3,0,0
P05081,H15,71,F,Commercial,23,0,0,1,4,0,0
P05082,H12,75,F,Medicare,35,4,1,0,4,0,1
P05083,H07,74,F,Commercial,38,3,1,0,6,1,0
P05084,H10,65,M,Medicaid,75,2,0,1,7,0,0
P05085,H17,78,M,Medicaid,22,3,2,0,2,0,0
P05086,H12,78,M,Medicare,43,2,0,0,3,0,0
P05087,H18,45,M,Medicaid,12,3,1,0,3,0,0
P05088,H11,43,M,Commercial,18,1,1,0,2,0,0
P05089,H13,78,M,Medicare,11,0,2,0,6,0,0
P05090,H19,45,F,Commercial,16,0,2,0,3,0,0
P05091,H14,67,F,Commercial,18,3,0,0,2,0,0
P05092,H11,47,F,Medicare,39,0,1,1,8,0,0
P05093,H10,71,F,Commercial,16,1,0,0,6,0,0
P05094,H12,38,M,Medicare,32,1,1,0,8,0,0
P05095,H03,68,F,Medicare,25,1,2,0,7,0,0
P05096,H11,68,F,Commercial,29,0,3,1,4,0,0
P05097,H09,47,M,Commercial,11,1,1,0,6,0,0
P05098,H05,60,M,Medicare,40,3,0,1,3,0,0
P05099,H12,76,F,Medicare,25,2,0,0,2,0,0
P05100,H08,69,F,Medicare,62,3,0,1,8,1,0
P05101,H06,77,F,Commercial,9,2,0,1,5,0,0
P05102,H20,86,M,Commercial,64,2,2,0,4,0,0
P05103,H11,63,F,Medicaid,31,1,0,0,3,0,0
P05104,H04,57,M,Medicaid,10,4,0,1,3,0,0
P05105,H01,73,F,Medicare,87,0,0,0,15,1,0
P05106,H16,64,F,Commercial,55,2,2,0,4,0,0
P05107,H10,59,M,Medicare,7,1,2,0,7,0,1
P05108,H19,55,M,Medicare,6,3,1,1,2,0,0
P05109,H01,66,F,Medicaid,35,4,0,0,10,0,1
P05110,H01,84,F,Medicare,35,1,1,0,3,0,0
P05111,H05,38,F,Commercial,70,2,1,0,8,0,0
P05112,H18,41,F,Medicare,70,2,1,0,10,0,1
P05113,H05,63,F,Commercial,25,1,1,1,4,0,1
P05114,H03,55,M,Commercial,47,3,0,0,8,0,0
P05115,H02,64,M,Medicare,53,3,0,0,4,0,0
P05116,H14,61,M,Commercial,55,3,1,0,6,0,0
P05117,H05,53,M,Medicare,52,3,1,0,6,0,0
P05118,H20,83,F,Commercial,9,1,0,0,3,0,0
P05119,H14,84,M,Medicare,60,2,1,0,6,0,0
P05120,H15,65,M,Commercial,53,1,1,0,6,0,0
P05121,H02,25,M,Medicare,38,2,1,1,4,0,0
P05122,H15,48,F,Medicare,31,4,0,0,5,0,0
P05123,H17,77,M,Medicare,47,1,0,0,7,0,0
P05124,H13,87,F,Medicaid,58,1,1,0,6,0,0
P05125,H19,85,F,Medicare,91,3,0,0,10,1,1
P05126,H01,73,M,Medicare,63,4,0,0,7,1,0
P05127,H18,59,F,Commercial,9,4,2,0,3,0,1
P05128,H07,84,F,Medicare,40,1,0,0,6,1,0
P05129,H19,71,M,Medicare,45,0,1,1,6,0,0
P05130,H20,61,F,Medicaid,32,2,0,0,4,0,0
P05131,H08,29,M,Medicare,47,1,0,0,4,0,0
P05132,H10,59,F,Medicare,46,0,2,0,5,0,0
P05133,H12,71,F,Medicare,59,1,1,0,5,0,0
P05134,H07,75,M,Medicare,20,2,0,0,2,1,0
P05135,H02,78,F,Commercial,18,0,0,1,4,0,0
P05136,H14,78,F,Commercial,18,3,0,0,6,0,0
P05137,H06,94,F,Medicare,40,3,0,0,4,0,0
P05138,H19,80,F,Commercial,90,2,0,0,6,0,1
P05139,H15,49,M,Medicare,33,2,1,0,9,0,0
P05140,H07,76,M,Medicare,27,6,0,1,5,1,0
P05141,H09,78,M,Commercial,45,0,1,0,4,0,0
P05142,H02,80,M,Commercial,13,4,1,0,3,0,0
P05143,H06,60,F,Medicaid,50,2,0,0,4,0,0
P05144,H10,81,M,Commercial,22,0,1,0,4,0,0
P05145,H12,56,M,Medicare,89,3,0,0,7,1,1
P05146,H11,76,F,Medicare,33,4,2,0,8,0,0
P05147,H15,69,M,Commercial,40,2,0,1,6,0,0
P05148,H02,59,F,Medicare,85,1,1,0,6,0,1
P05149,H18,76,F,Commercial,27,7,0,0,7,0,0
P05150,H09,68,M,Medicare,60,3,0,0,6,1,0
P05151,H17,58,F,Medicare,76,2,0,0,7,0,0
P05152,H01,47,F,Medicare,16,1,0,1,4,0,0
P05153,H08,59,M,Commercial,25,3,1,0,6,0,0
P05154,H10,57,F,Medicaid,44,2,0,0,7,0,0
P05155,H20,82,M,Commercial,32,3,0,0,5,0,0
P05156,H11,60,F,Medicare,61,4,3,0,11,1,0
P05157,H11,76,F,Commercial,44,1,0,0,5,0,0
P05158,H05,80,M,Medicare,52,2,0,1,8,0,0
P05159,H10,53,M,Medicaid,51,1,1,1,4,0,0
P05160,H08,76,F,Commercial,11,4,1,0,4,0,0
P05161,H02,46,F,Medicaid,30,4,0,0,5,0,0
P05162,H16,91,F,Commercial,31,3,1,0,4,0,0
P05163,H18,65,F,Medicaid,75,0,2,1,6,0,0
P05164,H04,52,F,Commercial,59,2,2,1,4,0,0
P05165,H06,44,F,Commercial,31,3,0,1,4,0,0
P05166,H15,87,M,Medicare,48,1,2,1,5,0,0
P05167,H07,47,M,Commercial,52,1,2,0,6,1,0
P05168,H19,69,F,Medicaid,66,0,5,0,8,0,1
P05169,H19,89,F,Medicare,67,1,2,0,7,0,0
P05170,H05,62,M,Medicaid,20,2,0,0,7,0,0
P05171,H04,71,F,Medicare,36,1,1,0,3,0,0
P05172,H05,55,M,Medicare,62,5,0,0,6,0,1
P05173,H12,84,M,Medicaid,46,1,0,1,4,0,0
P05174,H04,43,F,Medicare,25,5,0,0,6,0,0
P05175,H16,54,M,Medicare,52,0,0,1,6,0,0
P05176,H17,77,F,Medicare,13,4,0,1,4,1,0
P05177,H18,76,M,Medicare,16,0,1,1,5,0,1
P05178,H12,64,F,Medicare,64,2,1,0,7,0,0
P05179,H14,61,M,Medicare,40,1,0,0,4,0,0
P05180,H12,83,M,Medicare,42,3,0,0,4,0,0
P05181,H18,43,F,Medicare,70,2,1,1,5,0,0
P05182,H13,98,F,Medicare,46,1,3,1,7,0,0
P05183,H18,82,F,Medicare,60,1,1,0,9,0,0
P05184,H06,72,M,Medicare,50,6,0,0,5,1,0
P05185,H09,86,M,Medicaid,46,0,1,1,5,0,0
P05186,H16,70,F,Commercial,17,1,1,0,3,0,0
P05187,H16,38,F,Medicare,80,1,1,0,6,1,0
P05188,H16,51,F,Medicare,40,4,1,1,3,0,1
P05189,H03,47,F,Commercial,41,0,1,0,4,0,0
P05190,H14,68,F,Medicaid,42,3,0,0,4,0,0
P05191,H03,66,M,Medicare,53,2,1,1,4,0,0
P05192,H05,86,M,Commercial,71,3,0,0,8,1,0
P05193,H05,64,M,Commercial,29,0,1,1,8,0,0
P05194,H03,31,M,Medicaid,61,3,1,1,6,1,1
P05195,H16,48,F,Medicare,23,2,2,0,4,0,0
P05196,H03,48,M,Medicare,63,2,1,0,6,0,0
P05197,H11,57,M,Medicare,18,3,0,0,3,0,0
P05198,H01,81,M,Medicare,49,1,2,0,5,0,0
P05199,H04,84,F,Medicare,48,2,3,0,9,0,0
P05200,H15,76,F,Medicaid,47,3,1,0,6,0,0
P05201,H08,80,M,Medicare,79,2,1,0,6,1,0
P05202,H09,61,F,Medicare,49,1,0,0,6,0,0
P05203,H06,65,F,Medicare,68,2,1,1,8,0,1
P05204,H16,68,M,Commercial,10,1,0,0,6,0,0
P05205,H16,67,F,Commercial,66,3,0,0,9,1,0
P05206,H07,77,M,Medicare,47,0,2,0,7,1,0
P05207,H11,74,F,Medicaid,22,1,1,1,8,0,0
P05208,H07,68,F,Medicare,34,1,1,0,4,1,0
P05209,H04,75,F,Medicare,60,1,2,1,6,1,0
P05210,H17,67,F,Medicare,91,1,2,0,7,0,1
P05211,H18,58,M,Medicaid,22,2,0,0,6,0,0
P05212,H18,67,M,Medicaid,76,2,0,0,6,0,0
P05213,H03,66,M,Medicare,19,0,0,0,3,0,0
P05214,H12,89,F,Medicaid,31,1,0,1,5,0,0
P05215,H20,52,F,Commercial,24,2,0,0,3,0,0
P05216,H03,80,F,Medicaid,39,4,2,1,11,0,1
P05217,H14,73,M,Medicare,72,1,1,0,6,0,0
P05218,H17,72,M,Medicaid,23,3,1,1,4,0,0
P05219,H02,57,M,Medicare,72,3,0,1,5,1,0
P05220,H02,67,M,Medicare,66,4,1,0,7,1,0
P05221,H04,65,F,Medicare,49,2,0,0,12,0,0
P05222,H09,52,M,Medicare,34,1,0,0,3,0,0
P05223,H16,81,F,Medicare,58,2,2,0,5,0,0
P05224,H14,53,F,Commercial,41,2,1,1,4,0,0
P05225,H14,56,M,Medicaid,62,5,2,0,7,1,0
P05226,H02,66,M,Medicare,29,4,1,0,3,0,0
P05227,H19,69,M,Medicare,52,2,1,0,5,0,0
P05228,H08,64,M,Medicare,31,1,1,0,4,0,0
P05229,H01,79,F,Medicaid,44,2,0,1,3,0,0
P05230,H14,73,F,Commercial,13,6,1,1,2,0,0
P05231,H06,86,M,Medicare,34,2,0,0,4,0,0
P05232,H15,68,F,Medicare,14,3,1,0,3,0,0
P05233,H03,67,F,Medicaid,36,2,1,0,4,0,0
P05234,H09,42,F,Medicaid,55,2,1,0,7,0,0
P05235,H10,65,F,Medicare,56,1,0,1,8,0,0
P05236,H14,62,F,Medicare,20,7,0,1,3,0,0
P05237,H12,64,F,Commercial,28,2,1,0,5,0,0
P05238,H03,59,F,Commercial,43,0,0,0,5,0,0
P05239,H18,63,M,Medicare,48,1,4,0,5,0,1
P05240,H08,88,M,Commercial,26,1,0,1,4,0,0
P05241,H02,75,M,Medicaid,53,1,0,1,5,0,0
P05242,H04,69,F,Commercial,41,0,0,0,6,0,0
P05243,H11,60,M,Medicare,24,4,2,1,4,0,0
P05244,H03,68,M,Medicaid,54,0,0,0,8,0,0
P05245,H08,89,M,Commercial,46,1,0,0,9,0,0
P05246,H10,74,F,Medicaid,76,4,0,0,5,1,0
P05247,H07,87,M,Commercial,72,1,0,0,7,1,0
P05248,H01,46,M,Commercial,38,1,0,0,6,0,0
P05249,H05,83,M,Medicare,56,2,0,0,4,0,0
P05250,H06,68,F,Commercial,28,1,0,0,4,0,0
P05251,H18,59,M,Medicare,16,4,0,0,4,0,0
P05252,H10,98,F,Medicare,47,4,2,0,7,1,0
P05253,H14,65,M,Medicare,54,3,0,0,5,0,0
P05254,H01,75,F,Medicaid,95,3,1,0,8,1,0
P05255,H12,47,M,Medicare,32,3,0,1,9,0,0
P05256,H13,60,M,Medicare,37,0,0,0,5,0,0
P05257,H20,46,M,Medicaid,36,0,0,1,4,0,1
P05258,H03,68,M,Commercial,16,1,0,1,5,0,0
P05259,H15,59,M,Medicare,43,2,0,1,3,0,1
P05260,H09,63,M,Medicaid,47,0,3,0,6,0,0
P05261,H18,70,M,Commercial,54,2,0,0,7,0,0
P05262,H16,68,F,Medicare,2,2,0,1,1,0,0
P05263,H07,67,F,Medicare,12,0,0,0,5,1,0
P05264,H03,82,M,Commercial,66,5,4,0,8,1,0
P05265,H13,85,M,Commercial,51,0,0,0,9,0,0
P05266,H12,63,M,Medicaid,53,1,2,0,5,0,1
P05267,H18,89,F,Commercial,34,0,0,0,6,0,0
P05268,H16,62,M,Medicare,23,1,1,0,3,0,0
P05269,H13,48,F,Medicare,42,1,1,1,6,0,0
P05270,H01,46,M,Medicare,46,1,1,0,3,0,0
P05271,H17,72,M,Commercial,67,1,0,0,12,0,1
P05272,H02,54,F,Medicaid,46,3,0,0,5,0,0
P05273,H14,77,M,Medicare,47,2,1,0,4,0,0
P05274,H14,74,F,Medicaid,43,1,2,0,6,0,0
P05275,H05,78,M,Commercial,17,3,0,0,6,0,1
P05276,H17,72,M,Medicaid,32,2,0,0,4,0,0
P05277,H05,53,F,Commercial,47,2,1,1,10,0,0
P05278,H14,69,M,Medicare,45,0,0,1,4,0,0
P05279,H16,50,F,Medicare,56,2,0,0,6,0,0
P05280,H04,94,F,Commercial,60,2,3,1,4,0,0
P05281,H20,48,M,Medicare,47,4,3,1,4,0,0
P05282,H15,63,F,Commercial,23,2,1,1,3,0,0
P05283,H07,72,F,Medicare,45,2,1,0,4,1,0
P05284,H15,68,M,Medicaid,37,2,0,0,4,0,0
P05285,H05,76,M,Medicare,25,3,0,0,5,0,0
P05286,H13,72,F,Medicare,27,2,3,1,5,0,0
P05287,H04,44,M,Medicare,68,4,0,0,6,1,0
P05288,H13,58,M,Medicare,66,5,0,0,5,0,1
P05289,H10,70,F,Medicare,43,2,0,0,8,0,0
P05290,H08,44,F,Medicare,75,2,1,0,8,1,0
P05291,H16,54,M,Commercial,35,2,1,1,5,0,0
P05292,H17,56,F,Medicare,40,1,0,0,5,0,0
P05293,H06,75,F,Medicare,32,2,1,1,5,0,0
P05294,H11,75,F,Medicare,11,3,1,0,2,0,1
P05295,H13,54,F,Medicare,29,0,0,0,5,0,0
P05296,H01,50,M,Medicare,47,4,3,1,4,0,0
P05297,H01,90,F,Commercial,61,4,0,1,6,0,0
P05298,H07,55,M,Medicaid,73,1,0,0,9,1,0
P05299,H13,70,M,Medicare,80,4,1,1,13,1,0
P05300,H15,52,F,Commercial,64,2,0,1,9,0,0
P05301,H07,80,F,Medicare,36,3,1,0,6,1,0
P05302,H02,56,F,Commercial,15,3,0,1,10,0,0
P05303,H14,40,M,Medicaid,14,1,0,1,4,0,0
P05304,H04,72,F,Medicare,28,3,1,0,3,0,0
P05305,H16,55,F,Medicare,35,4,1,0,7,0,1
P05306,H18,78,M,Medicare,70,1,1,0,8,0,0
P05307,H08,61,M,Medicare,57,2,0,0,5,0,1
P05308,H10,45,M,Medicaid,44,2,0,0,8,0,0
P05309,H13,70,M,Medicare,38,0,0,1,7,0,0
P05310,H07,62,M,Medicaid,48,2,2,0,7,1,0
P05311,H13,79,M,Medicare,36,6,1,0,4,0,1
P05312,H10,60,F,Medicare,50,1,0,0,4,0,0
P05313,H17,59,M,Medicare,34,1,1,0,4,0,0
P05314,H12,73,M,Medicaid,14,1,1,1,3,0,1
P05315,H08,30,F,Commercial,14,0,0,0,3,0,0
P05316,H07,39,F,Medicare,19,2,0,1,6,1,0
P05317,H08,77,F,Medicare,36,0,0,0,6,0,0
P05318,H14,69,M,Commercial,47,1,2,1,5,0,0
P05319,H05,74,F,Medicaid,25,2,1,1,6,1,0
P05320,H11,48,F,Medicare,48,0,1,0,6,0,1
P05321,H13,62,F,Medicare,50,3,0,0,11,0,0
P05322,H20,44,M,Medicare,60,4,1,0,6,1,0
P05323,H01,51,M,Commercial,58,3,0,0,7,0,0
P05324,H04,73,F,Medicaid,38,0,1,0,10,0,0
P05325,H19,80,F,Medicare,26,1,0,0,8,0,0
P05326,H08,33,F,Commercial,50,0,2,0,4,0,0
P05327,H06,73,F,Medicare,20,1,0,0,3,0,0
P05328,H12,56,M,Medicare,35,2,0,1,3,0,0
P05329,H18,51,M,Medicare,34,1,1,0,6,0,0
P05330,H14,73,F,Commercial,67,2,4,0,6,1,0
P05331,H15,51,M,Commercial,36,2,1,0,6,0,0
P05332,H04,66,F,Medicare,37,4,0,0,6,0,1
P05333,H17,67,M,Commercial,19,2,0,0,6,0,0
P05334,H09,58,M,Medicare,27,2,0,0,6,0,0
P05335,H18,51,F,Commercial,42,1,1,0,4,0,0
P05336,H09,72,F,Commercial,43,2,1,0,4,0,0
P05337,H18,56,F,Medicaid,40,2,0,0,5,0,0
P05338,H04,69,F,Medicaid,75,2,1,1,6,0,0
P05339,H10,70,M,Commercial,67,2,0,0,6,0,0
P05340,H20,65,F,Commercial,79,5,0,0,12,1,0
P05341,H09,77,M,Medicare,32,3,1,0,4,0,0
P05342,H17,40,M,Medicare,62,6,0,0,5,1,1
P05343,H05,48,M,Commercial,78,2,0,1,8,1,0
P05344,H03,68,M,Commercial,63,2,0,1,4,1,0
P05345,H18,62,F,Medicare,57,5,0,0,5,0,0
P05346,H12,74,F,Commercial,38,2,1,0,7,0,0
P05347,H13,88,M,Commercial,10,5,1,0,3,0,0
P05348,H20,68,F,Commercial,57,0,3,0,9,0,1
P05349,H18,45,F,Medicare,78,2,1,0,11,0,0
P05350,H13,56,F,Commercial,66,0,1,1,6,0,1
P05351,H09,41,M,Medicare,8,1,1,0,2,0,0
P05352,H04,52,M,Commercial,31,3,0,1,5,0,0
P05353,H15,54,F,Medicaid,12,4,0,1,5,0,0
P05354,H05,44,M,Commercial,45,2,2,0,11,0,0
P05355,H16,55,F,Medicare,40,1,1,0,6,0,0
P05356,H20,63,F,Medicaid,74,1,1,0,10,0,1
P05357,H08,81,F,Commercial,34,3,0,1,5,0,0
P05358,H12,65,M,Medicare,83,3,1,0,10,1,0
P05359,H17,95,F,Medicare,28,1,0,0,5,0,0
P05360,H01,86,M,Medicare,41,3,0,0,7,0,0
P05361,H17,79,F,Commercial,55,4,0,0,4,0,0
P05362,H13,67,M,Medicare,56,2,0,1,9,0,0
P05363,H04,71,F,Medicaid,51,1,2,0,6,0,0
P05364,H13,47,F,Medicare,16,2,0,0,6,0,0
P05365,H14,62,F,Medicare,55,1,0,1,6,0,0
P05366,H04,82,M,Medicare,53,1,0,1,5,0,1
P05367,H07,58,M,Medicaid,15,1,0,0,5,1,0
P05368,H05,81,M,Commercial,61,1,0,1,7,0,0
P05369,H12,45,F,Medicare,27,4,0,1,6,0,0
P05370,H06,59,M,Commercial,65,0,1,1,5,0,0
P05371,H11,67,F,Medicare,27,6,0,0,7,0,0
P05372,H07,62,F,Commercial,47,1,2,0,4,1,0
P05373,H12,56,F,Medicare,22,4,0,0,3,0,0
P05374,H01,54,M,Medicare,22,2,0,0,4,0,0
P05375,H03,76,F,Medicare,21,0,0,0,3,0,0
P05376,H09,57,F,Medicare,67,1,0,0,6,0,0
P05377,H18,75,F,Medicare,31,4,2,1,4,0,0
P05378,H04,52,M,Medicare,81,1,1,0,5,0,1
P05379,H15,66,F,Commercial,49,3,1,0,6,0,0
P05380,H19,66,F,Medicaid,15,2,0,0,3,0,0
P05381,H16,70,M,Commercial,54,3,0,0,7,0,0
P05382,H11,53,M,Medicare,37,2,1,0,4,0,0
P05383,H15,91,F,Medicare,45,0,0,0,9,0,0
P05384,H16,91,F,Commercial,23,1,1,1,5,0,0
P05385,H02,65,F,Medicaid,50,3,1,0,5,0,0
P05386,H05,76,F,Medicaid,45,3,0,0,4,0,0
P05387,H03,82,M,Medicare,51,1,1,0,5,0,0
P05388,H01,62,M,Commercial,70,1,0,0,6,0,0
P05389,H13,49,M,Commercial,41,1,1,0,5,0,0
P05390,H20,68,M,Medicare,68,3,0,0,6,0,1
P05391,H19,56,M,Medicare,65,0,1,0,9,0,0
P05392,H04,96,F,Medicare,42,5,0,0,6,0,0
P05393,H03,61,F,Commercial,32,3,1,1,7,0,0
P05394,H12,83,F,Medicare,30,2,0,0,4,0,0
P05395,H01,71,F,Medicare,71,4,0,1,5,1,1
P05396,H14,62,M,Medicare,71,2,0,1,7,1,0
P05397,H14,77,F,Medicaid,54,5,0,0,5,1,0
P05398,H14,73,M,Medicare,42,2,1,1,5,0,0
P05399,H15,47,M,Commercial,21,1,0,1,3,0,1
P05400,H20,62,F,Medicaid,37,5,0,0,8,0,0
P05401,H02,77,F,Medicare,48,5,1,1,4,0,0
P05402,H11,75,F,Medicaid,16,0,2,0,3,0,0
P05403,H16,77,M,Medicare,44,2,1,0,5,0,0
P05404,H11,83,F,Medicare,50,1,0,0,7,0,0
P05405,H12,88,F,Medicare,49,3,1,0,6,1,1
P05406,H08,66,F,Medicaid,28,1,0,0,3,0,0
P05407,H08,70,F,Medicare,58,1,1,0,8,0,1
P05408,H04,57,F,Medicare,42,1,2,0,6,0,0
P05409,H20,80,M,Commercial,9,4,1,1,5,0,0
P05410,H07,71,F,Commercial,24,2,1,1,4,1,0
P05411,H03,83,F,Commercial,42,1,0,1,4,0,0
P05412,H20,65,M,Medicare,42,2,0,0,3,0,0
P05413,H19,91,F,Commercial,67,2,1,1,6,0,0
P05414,H12,56,M,Medicare,63,1,0,0,8,0,0
P05415,H18,50,F,Medicare,32,3,0,0,6,1,0
P05416,H02,66,F,Medicaid,21,0,0,0,3,0,0
P05417,H16,69,M,Medicaid,55,1,2,0,5,0,0
P05418,H02,70,F,Medicare,57,4,1,0,5,0,0
P05419,H19,64,M,Medicare,70,2,3,0,7,0,1
P05420,H20,60,F,Medicaid,15,0,2,0,4,0,0
P05421,H18,84,M,Medicare,32,0,1,1,7,0,0
P05422,H08,56,F,Medicare,54,0,1,0,4,0,0
P05423,H16,51,F,Commercial,18,0,0,1,7,0,0
P05424,H01,57,F,Medicare,27,0,1,0,3,0,0
P05425,H11,87,M,Medicare,63,3,0,1,7,0,0
P05426,H08,79,M,Medicare,11,1,0,0,2,0,0
P05427,H01,94,F,Medicaid,49,3,0,1,4,1,0
P05428,H14,54,F,Medicaid,47,0,1,0,6,0,0
P05429,H07,49,M,Medicare,43,3,1,0,4,1,0
P05430,H01,61,F,Medicare,46,1,1,0,5,0,0
P05431,H09,53,F,Medicaid,66,1,1,0,5,0,1
P05432,H19,67,M,Medicare,31,4,1,0,5,0,0
P05433,H14,81,F,Commercial,5,1,0,1,2,0,0
P05434,H18,67,F,Medicaid,43,3,1,1,4,0,0
P05435,H16,60,F,Medicare,90,0,0,1,9,0,0
P05436,H08,65,M,Medicare,88,0,0,1,7,1,0
P05437,H08,51,F,Commercial,56,3,2,0,6,0,0
P05438,H13,72,F,Medicaid,33,2,0,0,4,0,0
P05439,H11,63,M,Medicare,48,0,0,1,8,0,0
P05440,H14,56,F,Medicare,52,0,2,1,9,0,1
P05441,H03,38,F,Commercial,74,0,0,0,8,0,0
P05442,H18,60,M,Commercial,7,5,0,0,3,0,0
P05443,H18,49,M,Medicare,47,1,0,0,7,0,0
P05444,H04,68,F,Commercial,42,0,1,0,5,0,0
P05445,H09,59,F,Medicaid,19,0,2,0,4,0,0
P05446,H02,67,M,Commercial,49,1,2,0,7,0,1
P05447,H06,61,M,Medicare,31,2,0,0,3,0,0
P05448,H07,65,F,Medicare,10,1,1,0,4,1,0
P05449,H20,78,F,Medicare,82,0,0,0,6,0,0
P05450,H18,37,M,Medicare,50,4,0,1,5,0,0
P05451,H07,82,F,Commercial,62,3,0,0,5,1,0
P05452,H10,62,F,Medicaid,74,2,1,1,13,0,0
P05453,H10,48,M,Commercial,55,0,2,0,6,0,0
P05454,H18,72,F,Commercial,23,2,1,1,3,0,0
P05455,H06,81,F,Medicare,24,1,0,0,6,0,0
P05456,H18,83,F,Medicare,40,2,2,0,3,0,0
P05457,H11,64,M,Medicare,15,1,0,0,3,0,0
P05458,H08,60,F,Medicaid,21,1,1,0,6,0,0
P05459,H20,60,F,Commercial,29,1,3,0,6,1,1
P05460,H11,63,F,Medicare,60,2,0,0,7,0,0
P05461,H12,74,M,Commercial,49,2,0,0,7,0,0
P05462,H13,40,F,Medicare,76,2,0,0,7,0,0
P05463,H06,68,F,Medicaid,29,2,0,0,4,0,0
P05464,H03,73,M,Medicare,60,1,0,0,10,0,0
P05465,H06,72,M,Medicaid,4,2,1,0,6,0,0
P05466,H13,75,M,Commercial,35,1,1,0,4,0,0
P05467,H05,69,M,Commercial,9,0,0,1,4,0,0
P05468,H13,74,M,Medicaid,13,2,1,0,4,0,0
P05469,H05,64,M,Commercial,52,3,2,1,4,0,1
P05470,H02,71,F,Medicare,55,2,0,0,6,0,1
P05471,H14,43,M,Medicaid,51,2,1,0,5,0,0
P05472,H18,75,F,Medicare,16,2,2,0,2,0,0
P05473,H03,91,M,Medicare,33,5,1,1,6,0,0
P05474,H01,48,F,Medicare,61,1,0,0,5,0,1
P05475,H14,64,M,Medicare,53,2,2,0,4,0,1
P05476,H14,82,F,Medicare,46,3,0,0,5,0,0
P05477,H19,65,F,Commercial,80,7,1,0,10,1,1
P05478,H13,61,M,Medicare,51,1,2,0,8,0,0
P05479,H04,81,F,Medicare,16,3,0,0,6,0,0
P05480,H11,69,F,Medicare,16,0,0,0,5,0,0
P05481,H06,70,M,Commercial,27,2,1,0,3,0,1
P05482,H11,76,M,Medicare,81,0,1,0,6,0,1
P05483,H06,72,F,Medicare,72,1,0,0,7,0,0
P05484,H15,56,M,Medicare,43,2,0,0,7,0,0
P05485,H15,74,F,Medicaid,92,2,3,0,14,0,1
P05486,H08,60,M,Medicare,76,2,1,0,6,0,0
P05487,H20,81,F,Medicare,37,2,1,1,4,0,0
P05488,H14,52,F,Medicare,13,2,0,0,3,0,0
P05489,H06,64,M,Medicare,19,3,1,0,9,0,0
P05490,H20,68,M,Commercial,70,3,0,0,5,1,1
P05491,H02,72,M,Commercial,31,1,1,0,5,0,0
P05492,H16,49,F,Medicare,38,0,1,1,4,1,0
P05493,H16,55,F,Medicaid,63,3,0,1,7,1,0
P05494,H16,82,F,Commercial,37,3,0,1,4,0,0
P05495,H06,54,M,Medicaid,13,1,0,0,4,0,0
P05496,H17,74,M,Medicare,35,3,0,0,5,0,0
P05497,H01,54,F,Medicare,21,3,2,0,2,0,0
P05498,H05,67,M,Medicare,18,6,1,0,3,0,0
P05499,H08,52,F,Medicare,20,3,1,0,3,1,0
P05500,H12,46,F,Medicare,58,1,0,1,5,0,1
P05501,H14,59,M,Medicare,28,1,1,1,6,0,0
P05502,H18,62,M,Medicare,32,1,0,0,4,0,0
P05503,H18,85,F,Medicare,75,1,2,1,10,0,0
P05504,H12,63,M,Medicare,37,3,1,0,8,0,0
P05505,H05,71,F,Commercial,3,4,2,0,2,0,0
P05506,H07,55,F,Medicaid,26,2,0,1,4,1,0
P05507,H07,77,M,Medicare,73,1,2,0,8,1,0
P05508,H19,70,M,Medicare,95,6,1,0,6,1,1
P05509,H07,60,M,Medicare,17,0,0,0,3,1,1
P05510,H17,60,M,Commercial,42,1,0,0,4,1,0
P05511,H13,98,M,Medicare,83,5,0,1,7,1,1
P05512,H04,57,M,Commercial,54,1,1,1,6,0,1
P05513,H02,85,M,Medicare,84,2,0,0,16,0,1
P05514,H19,62,M,Medicare,29,1,0,0,4,0,0
P05515,H02,44,F,Medicaid,69,1,0,1,14,0,0
P05516,H01,73,M,Commercial,61,6,0,1,5,1,1
P05517,H14,59,F,Medicare,36,1,1,0,7,0,0
P05518,H12,61,M,Medicare,32,0,2,1,5,0,0
P05519,H08,66,M,Medicare,51,2,1,1,5,0,0
P05520,H12,66,M,Commercial,47,5,0,0,8,0,0
P05521,H15,49,M,Commercial,22,3,0,0,5,0,0
P05522,H20,61,F,Medicare,36,5,0,0,5,0,0
P05523,H10,58,M,Medicare,17,1,0,0,4,0,0
P05524,H18,71,F,Medicaid,77,2,1,0,8,0,1
P05525,H05,62,M,Commercial,22,2,0,0,4,0,0
P05526,H14,69,M,Medicare,76,1,0,0,7,0,0
P05527,H14,76,F,Medicare,24,1,0,0,4,0,0
P05528,H04,86,F,Medicare,56,4,1,1,6,0,0
P05529,H05,71,F,Commercial,48,1,0,0,7,0,1
P05530,H09,63,M,Medicare,26,2,3,0,10,0,0
P05531,H11,77,F,Medicare,45,0,3,0,6,0,0
P05532,H19,90,F,Commercial,9,4,1,0,4,0,0
P05533,H18,65,M,Medicaid,31,1,0,0,8,0,0
P05534,H18,76,F,Medicaid,31,3,1,0,3,0,0
P05535,H16,71,F,Commercial,10,2,0,0,4,0,0
P05536,H18,76,F,Commercial,49,3,0,1,4,0,0
P05537,H04,35,F,Medicare,8,2,0,0,6,0,0
P05538,H05,71,M,Medicare,39,6,0,1,3,0,1
P05539,H19,68,F,Commercial,40,3,1,1,6,0,0
P05540,H17,80,M,Medicare,82,3,0,0,10,1,1
P05541,H03,62,M,Medicare,29,1,1,1,3,0,0
P05542,H12,35,F,Commercial,73,1,2,1,7,0,1
P05543,H17,53,M,Medicare,60,1,2,0,9,0,1
P05544,H10,72,M,Medicare,38,1,1,0,4,0,0
P05545,H13,94,M,Commercial,38,2,2,1,3,0,0
P05546,H06,86,F,Medicare,10,2,1,1,4,0,0
P05547,H04,90,M,Medicare,13,0,1,1,3,0,0
P05548,H03,54,M,Medicaid,36,3,0,0,4,0,0
P05549,H20,78,F,Medicare,36,3,1,0,4,0,0
P05550,H02,67,F,Commercial,20,3,0,0,3,0,0
P05551,H05,55,F,Medicare,45,0,1,0,9,0,0
P05552,H20,75,F,Medicare,24,1,1,0,4,0,0
P05553,H20,61,M,Medicare,24,3,0,0,3,0,0
P05554,H18,86,F,Medicare,12,2,1,1,5,0,0
P05555,H06,60,F,Medicare,19,0,1,1,3,0,0
P05556,H15,67,F,Commercial,46,2,1,1,5,0,0
P05557,H10,76,M,Medicare,19,5,0,0,5,0,0
P05558,H15,98,M,Medicaid,28,1,0,1,10,0,0
P05559,H09,91,F,Medicaid,57,1,1,0,7,0,0
P05560,H20,69,F,Medicare,38,5,0,0,4,0,0
P05561,H08,54,M,Medicare,71,0,1,1,10,0,0
P05562,H01,66,M,Commercial,60,3,0,0,5,0,1
P05563,H02,92,F,Medicare,71,0,0,0,13,0,0
P05564,H14,39,M,Commercial,41,1,2,0,5,1,0
P05565,H06,48,F,Medicaid,21,3,0,1,7,0,0
P05566,H08,39,F,Commercial,7,2,0,0,2,0,0
P05567,H15,44,F,Medicare,64,2,0,0,13,0,0
P05568,H20,86,F,Medicare,40,3,1,0,4,0,0
P05569,H11,69,M,Commercial,61,1,0,1,5,0,0
P05570,H10,68,M,Commercial,58,2,0,0,7,0,0
P05571,H17,48,M,Medicare,13,2,2,1,10,0,0
P05572,H18,77,M,Commercial,53,3,1,1,6,0,1
P05573,H11,53,M,Medicare,33,2,1,0,4,0,0
P05574,H04,64,M,Medicare,64,3,0,0,6,1,0
P05575,H13,49,F,Medicare,79,4,0,0,6,1,0
P05576,H13,60,F,Commercial,25,3,1,0,4,0,0
P05577,H09,75,M,Medicare,62,8,3,0,5,1,1
P05578,H11,86,F,Medicare,53,0,1,0,6,0,0
P05579,H13,45,F,Medicare,62,2,0,0,5,0,0
P05580,H08,72,F,Medicare,38,2,1,0,3,0,1
P05581,H15,46,M,Commercial,43,4,0,0,4,0,0
P05582,H05,78,F,Medicare,36,1,0,0,5,0,1
P05583,H03,70,F,Medicare,17,1,1,1,3,0,0
P05584,H02,56,M,Medicare,38,2,0,1,7,0,0
P05585,H05,63,M,Medicare,51,2,0,1,8,0,0
P05586,H09,68,F,Commercial,20,1,0,1,4,0,0
P05587,H19,67,M,Medicare,44,2,0,0,7,0,0
P05588,H09,70,M,Commercial,55,1,3,0,7,0,1
P05589,H08,84,F,Medicaid,46,0,0,1,4,0,0
P05590,H18,50,M,Commercial,37,1,1,0,4,0,0
P05591,H17,67,M,Medicare,55,2,1,1,5,0,0
P05592,H09,69,M,Commercial,59,2,0,1,7,0,0
P05593,H15,79,F,Commercial,17,5,0,0,3,0,0
P05594,H03,72,F,Commercial,24,3,0,1,3,0,0
P05595,H16,48,M,Medicare,42,0,0,0,3,0,0
P05596,H10,70,F,Medicare,15,0,1,0,2,0,0
P05597,H19,56,M,Medicare,22,2,1,0,5,0,0
P05598,H19,71,F,Medicare,21,2,2,0,8,0,1
P05599,H03,77,F,Commercial,48,2,1,0,9,0,0
P05600,H19,60,F,Medicare,50,1,0,1,6,0,0
P05601,H19,77,F,Medicare,72,1,0,1,7,1,0
P05602,H08,67,M,Commercial,11,3,1,0,6,0,0
P05603,H18,68,M,Medicare,49,3,2,0,6,1,0
P05604,H11,55,F,Medicare,20,3,0,1,2,0,0
P05605,H01,57,F,Medicare,26,2,0,1,5,0,0
P05606,H01,64,F,Medicare,25,1,0,0,10,0,0
P05607,H14,46,F,Medicaid,35,7,1,0,4,0,0
P05608,H01,60,F,Medicare,72,1,1,0,6,0,0
P05609,H18,83,F,Medicare,55,4,0,0,5,0,1
P05610,H02,81,F,Medicaid,10,0,3,0,2,0,0
P05611,H19,76,M,Commercial,59,4,0,0,5,1,0
P05612,H19,73,M,Medicare,77,0,0,0,13,0,0
P05613,H08,74,M,Medicare,36,2,1,0,4,0,0
P05614,H07,83,F,Medicare,87,5,0,1,8,1,0
P05615,H15,77,F,Medicaid,41,4,1,0,4,0,1
P05616,H20,62,F,Commercial,43,5,0,0,7,1,0
P05617,H08,66,F,Medicare,25,4,1,0,5,0,1
P05618,H13,64,F,Medicare,22,4,1,0,3,0,0
P05619,H18,54,M,Medicaid,38,1,0,0,4,0,0
P05620,H08,74,F,Medicaid,13,1,0,0,3,0,0
P05621,H06,50,F,Medicare,12,6,1,1,3,0,0
P05622,H10,64,M,Medicare,78,2,1,0,6,0,0
P05623,H06,49,F,Medicaid,55,3,0,0,4,0,0
P05624,H20,58,M,Medicaid,55,0,0,0,5,0,0
P05625,H16,82,M,Medicare,23,3,0,0,5,0,0
P05626,H18,75,M,Commercial,25,5,2,0,4,0,1
P05627,H20,62,M,Commercial,27,0,1,0,3,0,0
P05628,H01,62,F,Medicare,48,1,0,0,4,0,0
P05629,H01,73,F,Commercial,20,0,1,0,3,0,0
P05630,H04,66,M,Medicaid,68,1,2,0,6,1,0
P05631,H05,68,F,Medicare,63,6,2,0,5,1,1
P05632,H06,78,F,Medicare,65,3,1,0,7,1,1
P05633,H07,99,F,Medicare,52,1,0,1,8,1,0
P05634,H10,46,M,Medicare,34,4,0,1,5,0,0
P05635,H08,72,F,Medicare,61,2,0,0,7,0,0
P05636,H12,61,M,Medicare,32,3,1,0,8,0,0
P05637,H16,78,F,Medicare,47,2,0,1,5,0,0
P05638,H01,79,M,Commercial,23,3,0,1,3,0,1
P05639,H06,66,F,Medicare,46,2,0,0,5,0,1
P05640,H13,74,M,Commercial,52,5,2,1,5,0,0
P05641,H03,56,M,Medicaid,82,1,1,1,7,1,0
P05642,H04,81,M,Commercial,37,4,1,0,8,0,0
P05643,H08,50,F,Medicaid,66,2,1,0,6,0,0
P05644,H13,67,F,Medicare,36,2,1,0,4,0,0
P05645,H13,99,F,Commercial,47,0,1,1,12,0,0
P05646,H06,77,F,Medicare,61,0,1,0,5,0,0
P05647,H04,77,F,Medicare,71,2,2,1,5,0,1
P05648,H18,99,M,Commercial,12,4,2,0,3,0,0
P05649,H20,88,M,Commercial,18,0,1,0,4,0,0
P05650,H06,90,F,Medicaid,84,0,1,1,6,0,0
P05651,H20,90,F,Medicare,58,7,1,0,7,0,1
P05652,H08,81,M,Commercial,72,4,0,0,6,1,0
P05653,H02,55,F,Commercial,73,4,1,1,10,1,0
P05654,H16,79,F,Medicare,22,2,0,1,3,0,1
P05655,H08,60,F,Medicare,55,1,2,1,10,1,0
P05656,H06,40,F,Commercial,22,3,1,0,3,0,0
P05657,H17,62,M,Medicare,67,2,3,0,5,0,1
P05658,H10,73,M,Medicare,39,1,1,1,4,0,0
P05659,H20,82,M,Medicaid,91,1,1,1,6,1,1
P05660,H03,84,M,Commercial,61,1,0,0,7,0,0
P05661,H12,79,F,Commercial,67,1,0,0,6,0,0
P05662,H05,75,F,Medicare,55,1,3,0,9,1,0
P05663,H16,58,M,Medicaid,52,2,1,0,7,0,0
P05664,H02,66,M,Medicaid,48,1,0,0,6,0,0
P05665,H13,53,M,Medicare,56,1,1,0,7,0,0
P05666,H12,61,M,Commercial,37,2,2,1,3,0,0
P05667,H05,60,F,Commercial,18,1,2,0,4,0,0
P05668,H13,63,M,Medicaid,36,1,0,0,4,0,0
P05669,H04,78,M,Medicare,46,2,1,1,6,0,1
P05670,H06,66,F,Commercial,47,5,2,0,7,0,0
P05671,H20,63,F,Commercial,75,3,0,0,6,1,1
P05672,H13,37,F,Commercial,49,3,0,0,4,0,1
P05673,H18,64,F,Medicare,52,6,0,0,5,0,0
P05674,H13,74,M,Medicaid,84,4,1,0,7,1,1
P05675,H07,71,F,Medicare,55,2,0,0,5,1,0
P05676,H06,77,F,Medicaid,37,2,1,1,5,0,0
P05677,H04,62,F,Commercial,4,3,2,0,3,0,0
P05678,H03,83,M,Medicaid,62,5,0,0,8,1,1
P05679,H05,52,M,Medicare,66,1,2,1,5,0,1
P05680,H08,54,M,Medicare,70,4,1,0,5,1,1
P05681,H06,25,F,Medicare,36,4,0,0,5,0,0
P05682,H07,63,M,Medicare,32,1,2,1,4,1,0
P05683,H05,75,F,Medicaid,52,2,1,0,5,0,0
P05684,H15,78,M,Medicaid,61,0,1,0,5,0,0
P05685,H20,75,M,Medicare,21,2,3,0,4,0,1
P05686,H12,40,M,Commercial,55,0,0,0,4,0,1
P05687,H12,71,M,Medicare,71,3,0,0,5,1,1
P05688,H10,60,M,Medicare,63,2,2,0,7,0,1
P05689,H09,59,F,Medicare,39,2,1,0,8,0,0
P05690,H04,65,F,Medicaid,20,4,1,1,3,0,0
P05691,H19,84,M,Medicaid,10,0,0,0,3,0,0
P05692,H19,83,F,Medicaid,36,2,0,1,4,0,0
P05693,H13,77,M,Medicare,10,3,1,0,5,0,0
P05694,H08,59,F,Medicare,34,0,0,0,7,0,0
P05695,H16,64,F,Medicare,76,2,0,1,6,0,0
P05696,H10,78,M,Commercial,31,3,0,0,5,0,0
P05697,H03,45,M,Commercial,71,5,2,0,6,1,1
P05698,H11,72,M,Commercial,27,3,1,1,5,0,1
P05699,H08,71,F,Medicare,24,1,1,0,3,0,0
P05700,H03,74,F,Commercial,57,0,1,0,5,0,0
P05701,H02,61,M,Commercial,47,1,0,0,4,0,0
P05702,H01,76,M,Medicare,25,2,1,0,3,0,0
P05703,H20,53,M,Medicare,38,0,0,0,4,0,0
P05704,H17,57,F,Medicare,52,2,0,0,4,0,0
P05705,H07,52,M,Commercial,79,1,0,0,8,1,0
P05706,H08,57,M,Commercial,91,4,0,1,7,1,1
P05707,H18,81,M,Medicare,59,2,1,0,6,0,0
P05708,H10,67,M,Medicaid,40,2,3,1,3,0,0
P05709,H14,66,M,Commercial,22,1,1,1,5,0,0
P05710,H11,65,F,Medicare,55,3,2,0,7,1,0
P05711,H20,60,F,Medicare,29,1,1,0,3,0,0
P05712,H09,57,F,Commercial,72,1,0,0,5,0,0
P05713,H09,60,M,Commercial,22,1,4,0,6,0,0
P05714,H18,95,M,Medicaid,29,2,0,0,3,0,0
P05715,H14,71,M,Medicare,40,2,0,1,5,0,0
P05716,H08,50,M,Commercial,47,0,0,0,5,0,1
P05717,H06,50,M,Medicaid,23,0,1,1,3,0,0
P05718,H08,67,F,Medicare,62,3,0,1,5,1,0
P05719,H01,97,F,Commercial,26,1,0,1,5,0,0
P05720,H15,71,F,Medicare,27,0,0,1,7,0,0
P05721,H06,80,F,Medicare,51,2,0,0,4,0,0
P05722,H16,35,F,Commercial,23,0,0,1,4,0,0
P05723,H11,57,F,Medicaid,85,1,0,0,6,0,0
P05724,H19,61,F,Medicare,38,2,1,0,7,0,0
P05725,H09,99,M,Medicare,30,1,0,0,5,0,0
P05726,H04,56,M,Medicare,69,2,0,0,6,0,0
P05727,H19,72,M,Medicare,43,3,2,0,5,0,0
P05728,H16,51,M,Medicare,44,0,0,1,4,0,0
P05729,H04,99,M,Medicare,50,4,1,0,4,0,0
P05730,H10,86,M,Commercial,38,2,1,0,4,0,1
P05731,H12,78,M,Medicare,57,0,0,1,6,0,0
P05732,H07,33,M,Medicare,44,3,0,1,4,1,0
P05733,H05,84,F,Medicare,26,2,0,1,5,0,0
P05734,H19,63,M,Commercial,75,2,0,1,8,0,0
P05735,H20,76,M,Medicare,47,1,2,1,5,0,0
P05736,H18,55,F,Medicare,60,3,0,0,7,0,0
P05737,H02,68,F,Commercial,36,2,0,0,5,0,0
P05738,H02,71,F,Commercial,10,3,0,1,2,0,0
P05739,H05,57,M,Commercial,68,2,1,0,5,1,0
P05740,H11,43,F,Medicaid,63,1,2,1,6,0,0
P05741,H16,78,M,Medicaid,58,2,1,1,4,0,0
P05742,H05,46,M,Commercial,49,4,0,0,4,0,0
P05743,H05,70,M,Medicare,30,3,0,0,3,0,0
P05744,H10,80,M,Medicare,16,2,1,0,4,1,0
P05745,H15,68,M,Medicare,22,2,2,0,3,0,0
P05746,H06,57,M,Medicare,72,2,0,1,7,0,0
P05747,H20,51,M,Medicare,29,3,1,1,5,0,0
P05748,H14,75,F,Medicare,38,2,1,0,4,0,0
P05749,H10,57,M,Medicaid,18,4,1,0,3,0,1
P05750,H20,76,M,Medicare,37,2,0,0,3,0,0
P05751,H11,77,M,Medicare,61,1,0,0,6,0,0
P05752,H10,46,F,Medicaid,55,2,0,1,5,0,0
P05753,H19,82,M,Commercial,46,3,0,1,6,0,0
P05754,H01,55,F,Medicare,43,3,0,0,5,0,1
P05755,H03,53,M,Medicare,32,2,0,1,5,0,0
P05756,H12,81,M,Medicare,54,1,1,0,7,0,0
P05757,H18,89,F,Medicare,83,0,0,1,6,0,1
P05758,H20,81,F,Medicare,63,4,0,1,6,1,1
P05759,H05,75,F,Medicare,57,3,0,1,5,0,1
P05760,H18,49,F,Commercial,63,3,2,0,6,1,0
P05761,H13,60,M,Medicaid,38,2,0,0,6,1,0
P05762,H18,77,M,Medicare,61,3,3,0,8,1,1
P05763,H14,45,F,Medicaid,50,3,0,1,7,0,0
P05764,H03,56,M,Commercial,30,1,0,0,5,0,0
P05765,H02,77,M,Commercial,13,2,0,0,9,0,0
P05766,H01,72,F,Medicaid,38,2,0,1,5,0,0
P05767,H15,73,M,Medicare,48,2,2,0,8,0,0
P05768,H17,61,F,Medicare,50,2,0,1,9,0,0
P05769,H19,81,F,Medicare,76,2,3,0,9,1,0
P05770,H20,69,M,Commercial,31,2,0,0,3,0,0
P05771,H18,61,M,Medicaid,17,2,1,0,3,0,0
P05772,H07,44,F,Medicare,24,2,0,0,4,1,0
P05773,H19,52,M,Commercial,52,4,1,1,4,0,0
P05774,H12,68,M,Medicaid,71,1,1,0,6,1,0
P05775,H09,49,F,Commercial,37,1,0,1,5,0,0
P05776,H07,86,M,Medicare,48,4,1,0,8,1,0
P05777,H01,51,M,Commercial,46,1,0,0,4,0,0
P05778,H18,54,M,Commercial,87,1,1,0,8,0,1
P05779,H04,81,M,Commercial,70,5,3,0,6,1,0
P05780,H20,74,M,Medicaid,72,2,1,1,8,0,1
P05781,H10,69,F,Medicare,23,3,1,0,5,0,0
P05782,H16,85,F,Medicaid,32,2,2,0,5,0,1
P05783,H05,78,F,Medicare,42,3,0,0,7,1,0
P05784,H19,72,F,Commercial,24,1,1,1,3,0,0
P05785,H06,42,F,Medicare,37,0,1,0,4,0,0
P05786,H02,73,M,Commercial,69,2,0,0,7,0,0
P05787,H11,59,F,Commercial,45,2,1,0,3,0,0
P05788,H02,57,M,Commercial,12,1,0,0,6,0,0
P05789,H16,59,F,Medicare,52,0,1,0,6,0,0
P05790,H08,87,M,Medicaid,46,2,1,0,4,0,0
P05791,H08,74,F,Medicare,28,2,0,0,5,0,0
P05792,H16,61,M,Medicare,35,0,0,0,3,0,0
P05793,H13,81,F,Medicare,31,4,1,0,8,0,0
P05794,H04,68,M,Medicare,4,1,0,0,2,0,0
P05795,H07,64,F,Medicare,38,0,0,0,3,1,0
P05796,H04,58,M,Commercial,28,2,0,1,9,0,0
P05797,H19,63,F,Medicare,60,1,0,0,7,0,0
P05798,H12,50,M,Medicaid,38,2,1,0,11,0,1
P05799,H13,80,F,Medicaid,27,3,2,1,7,0,0
P05800,H01,66,F,Medicare,19,2,1,0,11,0,0
P05801,H03,63,F,Medicare,17,1,0,0,3,0,0
P05802,H12,90,F,Medicare,50,2,1,0,5,0,0
P05803,H07,62,F,Commercial,74,0,0,0,6,1,1
P05804,H14,49,M,Medicare,75,3,1,1,5,1,1
P05805,H12,62,M,Medicaid,79,6,0,0,7,1,1
P05806,H07,62,F,Medicare,28,5,0,1,4,1,0
P05807,H14,66,F,Commercial,40,0,1,0,4,0,0
P05808,H14,69,F,Commercial,63,3,0,0,11,1,0
P05809,H11,75,F,Commercial,47,2,0,0,4,0,0
P05810,H11,64,M,Medicare,19,4,0,0,2,0,0
P05811,H12,82,M,Medicaid,87,0,0,1,6,0,1
P05812,H15,78,F,Commercial,39,0,0,1,5,0,0
P05813,H11,82,F,Commercial,49,2,0,0,4,0,0
P05814,H14,75,M,Medicaid,34,0,0,0,5,0,0
P05815,H12,68,M,Medicare,60,2,0,0,8,0,0
P05816,H08,62,M,Commercial,39,2,4,0,7,0,0
P05817,H03,62,F,Commercial,37,1,1,0,5,0,0
P05818,H20,60,F,Commercial,63,0,1,0,11,1,0
P05819,H03,51,F,Medicare,45,1,2,0,6,0,0
P05820,H14,58,F,Medicare,47,0,0,0,5,0,0
P05821,H07,61,M,Commercial,28,1,0,0,4,1,0
P05822,H04,29,M,Commercial,66,1,2,0,8,0,0
P05823,H20,78,M,Medicare,23,2,0,0,2,0,0
P05824,H12,80,M,Medicare,33,4,0,0,10,0,0
P05825,H20,72,M,Medicaid,36,2,0,0,5,0,0
P05826,H05,69,F,Medicare,42,0,0,0,4,0,0
P05827,H12,57,F,Medicaid,29,4,0,1,8,0,0
P05828,H02,56,F,Commercial,24,1,0,0,6,0,0
P05829,H18,68,M,Medicare,43,0,0,0,4,0,0
P05830,H09,71,M,Medicare,41,5,0,1,4,0,0
P05831,H11,78,F,Medicare,21,1,0,0,7,0,0
P05832,H13,65,F,Medicaid,24,2,0,1,3,0,0
P05833,H07,86,F,Medicaid,34,2,0,0,7,1,0
P05834,H02,75,F,Commercial,36,0,0,0,7,0,1
P05835,H15,73,F,Medicare,18,1,2,0,3,0,0
P05836,H06,67,F,Medicare,48,1,0,1,5,0,0
P05837,H12,64,F,Medicare,20,3,3,1,3,0,0
P05838,H09,73,F,Medicare,66,2,2,0,6,0,1
P05839,H08,72,M,Medicare,31,0,0,0,4,0,0
P05840,H16,69,F,Commercial,40,3,2,0,12,0,0
P05841,H01,70,F,Medicare,33,3,0,1,3,1,0
P05842,H01,57,M,Commercial,52,2,2,0,5,1,0
P05843,H16,54,F,Commercial,72,0,0,0,7,0,0
P05844,H06,75,M,Medicare,43,0,1,0,4,0,0
P05845,H18,61,F,Medicare,35,1,0,0,4,0,0
P05846,H18,79,M,Medicare,65,2,0,1,9,0,0
P05847,H03,72,M,Medicare,91,0,0,0,6,0,0
P05848,H04,55,M,Commercial,76,0,1,0,9,0,0
P05849,H09,62,F,Medicaid,12,0,0,0,3,0,0
P05850,H01,72,F,Commercial,26,2,1,0,3,0,0
P05851,H09,72,M,Commercial,59,4,0,0,7,0,0
P05852,H07,65,M,Commercial,46,0,0,1,5,1,0
P05853,H19,72,M,Medicare,42,2,1,0,4,0,0
P05854,H04,61,F,Medicare,23,4,2,0,11,0,1
P05855,H10,79,F,Medicaid,37,2,0,0,4,0,0
P05856,H15,66,F,Commercial,35,3,1,0,4,0,0
P05857,H20,62,M,Medicare,15,2,0,1,5,0,0
P05858,H16,99,M,Medicare,48,2,0,0,4,0,0
P05859,H15,68,F,Medicare,23,1,2,1,7,0,0
P05860,H19,81,M,Medicare,36,4,0,1,5,0,0
P05861,H04,76,F,Commercial,31,1,1,1,4,0,0
P05862,H07,59,F,Commercial,17,1,0,0,6,1,0
P05863,H08,89,F,Commercial,41,2,1,0,4,0,0
P05864,H13,79,F,Medicare,44,1,1,0,4,0,0
P05865,H06,61,F,Medicare,28,1,0,0,7,0,0
P05866,H09,61,F,Medicaid,49,2,1,0,4,0,0
P05867,H16,67,M,Medicaid,17,6,1,0,5,0,0
P05868,H09,83,M,Medicaid,42,0,2,1,8,0,0
P05869,H10,67,F,Medicare,6,1,0,1,2,0,0
P05870,H04,89,M,Medicare,55,2,1,0,8,0,0
P05871,H10,70,F,Medicare,47,3,0,0,7,0,0
P05872,H04,56,M,Medicare,18,0,0,0,5,0,0
P05873,H09,69,F,Medicare,6,0,1,1,3,0,0
P05874,H03,88,M,Medicaid,74,0,1,0,6,0,1
P05875,H02,58,F,Medicare,24,1,1,0,3,0,0
P05876,H07,79,M,Medicare,35,1,2,0,5,1,0
P05877,H20,86,F,Medicare,77,1,0,0,6,0,0
P05878,H16,47,M,Medicare,62,1,0,0,4,0,0
P05879,H09,60,M,Commercial,16,1,1,1,3,0,0
P05880,H01,67,M,Medicare,19,1,0,0,2,0,0
P05881,H13,56,F,Medicare,10,6,0,0,2,0,0
P05882,H17,80,F,Medicare,42,4,0,0,6,0,1
P05883,H16,65,F,Medicare,19,0,3,0,3,0,0
P05884,H06,86,M,Medicare,53,5,0,0,4,0,0
P05885,H07,59,F,Medicare,63,3,1,0,5,1,1
P05886,H17,82,M,Medicare,29,4,0,0,4,0,0
P05887,H15,70,M,Medicare,40,1,1,0,3,0,0
P05888,H02,70,F,Commercial,56,2,1,0,4,0,0
P05889,H07,62,F,Medicare,89,1,0,0,7,1,1
P05890,H17,83,F,Medicaid,41,1,0,0,4,0,0
P05891,H13,72,F,Commercial,72,3,0,0,5,0,1
P05892,H03,82,M,Medicare,16,4,0,0,4,0,0
P05893,H10,50,F,Medicare,45,2,2,0,4,1,0
P05894,H10,73,F,Medicare,52,4,0,0,6,0,0
P05895,H18,61,M,Medicare,30,2,1,0,5,0,0
P05896,H20,71,F,Medicare,36,2,0,0,3,0,1
P05897,H12,83,F,Medicare,17,5,0,0,3,0,0
P05898,H04,52,M,Commercial,47,3,2,0,6,1,0
P05899,H01,63,M,Commercial,49,2,0,1,7,0,0
P05900,H14,68,F,Medicare,66,1,1,0,6,0,0
P05901,H09,81,F,Commercial,83,3,0,0,6,1,1
P05902,H13,80,M,Commercial,52,2,0,1,5,1,0
P05903,H13,60,M,Medicare,50,4,0,0,5,0,0
P05904,H01,73,F,Medicare,74,0,1,0,8,0,0
P05905,H09,67,F,Commercial,26,2,1,0,5,0,0
P05906,H09,84,F,Medicare,62,1,1,0,8,0,0
P05907,H12,68,F,Medicaid,60,1,0,0,8,0,1
P05908,H06,61,F,Medicare,84,2,0,1,6,1,0
P05909,H09,46,M,Commercial,60,0,0,1,6,0,0
P05910,H08,61,M,Medicare,67,0,2,1,6,0,0
P05911,H18,55,F,Medicare,53,5,1,0,6,0,0
P05912,H09,68,F,Medicaid,58,3,3,0,5,0,0
P05913,H03,62,M,Medicare,46,0,1,0,6,0,0
P05914,H14,70,M,Medicare,33,1,0,0,4,0,0
P05915,H03,71,F,Medicare,31,2,0,1,6,0,0
P05916,H19,69,M,Medicare,31,1,0,0,6,0,0
P05917,H07,46,F,Medicare,26,2,0,0,4,1,0
P05918,H12,58,F,Commercial,65,4,0,0,5,1,0
P05919,H09,69,M,Medicare,59,5,0,1,4,0,0
P05920,H08,72,M,Medicare,9,5,0,0,2,0,0
P05921,H01,64,M,Commercial,19,2,2,0,3,0,0
P05922,H14,63,F,Medicare,46,0,1,0,8,0,0
P05923,H15,80,F,Medicaid,12,0,0,1,4,0,0
P05924,H13,65,F,Medicaid,48,3,0,1,6,0,0
P05925,H20,62,M,Medicare,33,1,0,1,5,0,0
P05926,H10,99,F,Medicaid,85,4,1,0,6,1,1
P05927,H05,52,F,Medicare,46,1,0,0,5,0,0
P05928,H20,60,F,Medicare,40,1,1,0,8,0,0
P05929,H14,62,F,Commercial,34,1,0,0,3,0,0
P05930,H05,63,F,Medicaid,41,2,2,0,4,0,0
P05931,H07,80,F,Medicare,84,2,0,0,6,1,1
P05932,H19,67,F,Medicare,69,1,2,1,6,0,0
P05933,H06,56,M,Medicare,64,4,0,0,11,1,1
P05934,H01,75,F,Medicare,20,3,1,0,3,0,0
P05935,H04,62,F,Medicaid,49,0,0,1,10,0,0
P05936,H14,66,F,Medicaid,49,1,0,0,8,0,0
P05937,H20,75,M,Commercial,84,2,0,1,7,1,0
P05938,H04,70,F,Medicare,68,1,0,0,6,1,0
P05939,H12,76,M,Medicaid,42,2,0,0,5,0,0
P05940,H17,91,F,Medicare,30,1,0,0,4,0,0
P05941,H06,57,F,Commercial,25,2,1,0,6,0,0
P05942,H18,53,F,Commercial,70,3,2,1,5,1,0
P05943,H05,50,F,Medicare,30,1,0,0,3,0,0
P05944,H20,78,M,Commercial,46,3,0,0,6,0,1
P05945,H12,79,M,Commercial,30,2,2,1,3,0,0
P05946,H15,86,F,Medicare,30,0,2,0,6,0,0
P05947,H16,76,M,Medicare,57,1,1,0,7,0,0
P05948,H03,58,M,Medicaid,29,2,1,0,4,0,0
P05949,H08,38,F,Medicare,26,1,2,0,8,0,0
P05950,H14,85,F,Medicare,78,4,1,0,6,1,1
P05951,H13,61,F,Medicare,47,2,1,0,5,0,0
P05952,H02,75,M,Medicare,69,3,0,0,6,1,1
P05953,H14,73,M,Commercial,54,1,1,0,8,0,1
P05954,H06,74,M,Medicare,18,3,1,0,6,0,0
P05955,H03,97,F,Commercial,35,1,1,0,6,0,0
P05956,H09,76,F,Commercial,62,1,0,1,5,0,0
P05957,H04,65,F,Commercial,12,2,1,0,2,0,0
P05958,H05,76,F,Commercial,66,2,1,1,7,0,1
P05959,H03,55,M,Medicare,35,1,0,1,11,0,0
P05960,H10,60,F,Commercial,23,0,1,0,7,0,0
P05961,H13,68,M,Medicare,81,5,0,0,6,0,0
P05962,H04,60,F,Commercial,57,1,0,0,5,1,0
P05963,H15,63,M,Medicare,41,2,1,1,6,0,1
P05964,H11,75,F,Commercial,29,1,1,0,3,0,0
P05965,H16,66,M,Commercial,39,5,1,1,5,0,1
P05966,H07,79,F,Medicare,9,2,1,1,2,1,0
P05967,H07,54,F,Medicare,75,1,1,1,8,1,0
P05968,H16,58,M,Commercial,50,3,1,0,7,0,0
P05969,H20,84,M,Commercial,14,4,1,0,6,0,0
P05970,H18,61,F,Commercial,61,4,1,0,6,1,0
P05971,H17,58,M,Medicare,31,6,0,0,3,0,0
P05972,H13,61,F,Commercial,60,3,2,0,8,1,1
P05973,H11,68,M,Commercial,46,3,2,0,5,0,0
P05974,H01,83,M,Commercial,59,2,1,0,11,0,0
P05975,H05,83,M,Commercial,47,1,1,0,5,0,1
P05976,H17,80,F,Medicare,19,4,1,0,8,0,0
P05977,H11,68,F,Medicare,25,1,0,0,4,0,0
P05978,H03,74,M,Medicare,11,2,1,0,5,0,0
P05979,H14,97,M,Medicare,33,1,1,1,8,0,0
P05980,H10,68,F,Medicare,37,4,1,0,5,0,0
P05981,H09,52,F,Medicare,67,0,1,0,12,0,0
P05982,H11,67,F,Medicare,72,3,1,1,8,1,0
P05983,H09,68,F,Medicaid,25,1,1,0,4,0,0
P05984,H05,71,M,Medicare,52,1,0,0,5,0,0
P05985,H04,73,F,Medicare,30,1,0,0,3,0,0
P05986,H03,79,F,Commercial,32,1,1,0,3,0,0
P05987,H14,63,F,Commercial,86,0,0,0,6,1,0
P05988,H10,69,F,Medicaid,5,5,2,1,1,0,0
P05989,H17,85,F,Commercial,6,1,2,0,7,0,0
P05990,H20,67,M,Commercial,51,0,0,1,7,0,0
P05991,H19,64,F,Medicare,56,1,0,0,6,0,0
P05992,H09,73,F,Commercial,8,3,1,1,2,0,0
P05993,H05,78,M,Medicare,82,1,1,0,8,0,1
P05994,H20,59,M,Medicare,42,1,1,0,4,0,0
P05995,H19,58,M,Medicare,23,2,0,0,6,0,0
P05996,H15,64,M,Medicare,30,1,1,0,9,0,0
P05997,H08,77,M,Medicare,43,3,4,0,10,0,0
P05998,H17,58,M,Medicare,33,0,1,0,3,0,0
P05999,H15,87,F,Medicare,19,0,0,0,4,0,0
P06000,H09,95,F,Medicare,71,2,1,1,5,0,0
P06001,H13,99,F,Medicare,44,1,0,1,5,0,0
P06002,H10,64,F,Commercial,68,5,0,0,5,1,0
P06003,H04,81,F,Commercial,55,2,1,1,7,0,0
P06004,H19,69,M,Medicaid,35,2,1,1,6,0,0
P06005,H10,68,M,Medicare,71,1,1,0,5,0,0
P06006,H15,70,M,Medicare,35,2,3,0,6,0,0
P06007,H13,74,F,Medicare,29,3,0,0,3,0,0
P06008,H02,77,M,Medicare,41,2,1,0,3,0,0
P06009,H18,67,F,Medicare,5,3,0,0,3,0,0
P06010,H10,77,M,Commercial,54,0,2,0,6,0,0
P06011,H19,88,M,Medicare,24,2,1,1,5,0,0
P06012,H15,78,F,Medicare,54,3,0,1,5,0,0
P06013,H10,84,F,Commercial,50,3,1,0,4,0,1
P06014,H02,60,M,Medicare,48,2,1,1,4,0,0
P06015,H09,71,M,Commercial,57,3,0,0,5,1,0
P06016,H01,81,M,Medicare,64,3,1,1,7,1,0
P06017,H03,80,F,Commercial,12,3,1,0,7,0,0
P06018,H06,73,M,Medicaid,58,1,0,0,5,0,0
P06019,H18,70,F,Medicare,7,4,0,0,4,0,0
P06020,H08,44,F,Medicare,44,3,1,0,5,0,0
P06021,H13,70,M,Medicare,79,1,0,1,6,0,0
P06022,H18,63,F,Medicare,33,2,0,0,6,0,0
P06023,H19,51,M,Commercial,40,0,1,0,9,0,0
P06024,H18,83,M,Medicare,66,3,0,1,5,0,0
P06025,H09,52,F,Medicare,34,4,1,0,5,0,0
P06026,H19,40,M,Medicaid,13,0,0,0,8,0,0
P06027,H14,92,F,Medicare,41,4,1,0,8,0,1
P06028,H11,65,M,Medicaid,41,2,0,0,4,0,0
P06029,H15,72,F,Medicare,36,6,1,0,3,0,0
P06030,H15,89,M,Medicare,36,3,1,0,6,0,0
P06031,H03,58,M,Medicaid,46,0,2,0,7,0,0
P06032,H17,62,M,Medicaid,25,1,0,1,7,0,0
P06033,H11,88,F,Medicaid,28,4,1,0,4,0,0
P06034,H19,48,M,Medicare,58,3,2,0,6,0,0
P06035,H10,55,M,Medicare,41,5,2,0,4,0,0
P06036,H06,74,M,Medicaid,28,1,1,0,4,0,0
P06037,H10,75,F,Commercial,29,5,0,1,4,0,0
P06038,H15,66,M,Medicaid,25,1,1,1,5,0,0
P06039,H03,43,M,Commercial,27,2,0,1,5,0,0
P06040,H02,66,M,Medicare,32,1,0,0,4,0,0
P06041,H06,34,F,Medicare,35,4,2,0,5,0,0
P06042,H06,79,F,Commercial,70,1,3,0,6,0,0
P06043,H18,76,F,Medicare,34,0,0,0,4,0,0
P06044,H19,61,F,Medicare,73,3,1,0,9,1,1
P06045,H18,75,F,Medicare,49,1,1,1,4,0,0
P06046,H16,54,M,Commercial,52,4,1,1,4,0,0
P06047,H10,54,M,Medicare,41,2,0,0,4,0,0
P06048,H07,68,M,Medicare,6,2,1,1,4,1,0
P06049,H07,69,F,Medicare,22,2,0,0,3,1,0
P06050,H10,73,M,Medicare,65,1,0,0,8,1,0
P06051,H05,73,F,Medicare,35,1,0,1,3,0,0
P06052,H20,62,F,Commercial,39,1,0,0,8,0,0
P06053,H05,89,F,Medicare,31,1,0,1,4,0,0
P06054,H12,80,F,Commercial,22,4,0,1,5,0,0
P06055,H18,66,M,Medicaid,55,4,0,0,8,0,0
P06056,H15,62,F,Medicare,42,4,3,0,4,0,0
P06057,H15,50,M,Commercial,41,0,2,0,3,0,1
P06058,H18,69,F,Medicare,69,0,1,0,8,0,1
P06059,H15,69,F,Commercial,51,5,0,0,4,0,0
P06060,H02,56,F,Medicaid,27,2,1,0,4,0,0
P06061,H12,70,F,Medicare,60,1,0,0,8,0,0
P06062,H10,75,F,Medicare,65,2,0,1,7,1,0
P06063,H15,72,F,Medicare,28,2,0,0,6,0,0
P06064,H18,77,F,Commercial,66,2,1,0,7,0,0
P06065,H04,64,M,Commercial,42,1,0,0,5,0,0
P06066,H04,79,F,Medicare,55,2,0,0,5,0,1
P06067,H12,81,M,Medicare,44,5,0,0,5,0,0
P06068,H15,72,M,Medicaid,62,4,0,0,7,1,0
P06069,H20,63,F,Medicare,33,3,0,0,5,0,0
P06070,H12,79,M,Medicare,57,2,0,0,6,0,1
P06071,H02,51,M,Commercial,54,2,0,0,7,0,0
P06072,H12,63,F,Medicaid,56,1,2,0,4,0,0
P06073,H17,55,F,Medicare,41,2,0,0,7,0,0
P06074,H15,70,F,Medicare,9,1,1,0,3,0,0
P06075,H06,69,F,Medicare,73,1,0,0,5,0,0
P06076,H02,66,M,Commercial,61,2,0,0,5,0,0
P06077,H02,61,F,Medicare,49,1,1,1,5,0,1
P06078,H11,85,M,Commercial,68,1,1,0,5,0,0
P06079,H09,71,M,Medicare,65,2,0,0,4,0,1
P06080,H12,74,M,Commercial,52,2,2,0,6,0,0
P06081,H09,67,M,Commercial,18,4,1,0,6,0,0
P06082,H03,70,F,Medicare,45,2,2,0,3,0,0
P06083,H15,51,M,Medicare,28,2,2,0,3,0,0
P06084,H16,63,F,Medicaid,51,1,0,0,6,0,0
P06085,H04,73,F,Commercial,14,4,0,0,3,0,0
P06086,H10,65,F,Medicaid,32,3,1,0,3,0,0
P06087,H03,64,M,Commercial,13,1,0,0,10,0,0
P06088,H01,71,M,Medicare,15,0,1,1,3,0,0
P06089,H01,64,F,Medicare,10,0,1,0,2,0,0
P06090,H03,55,M,Medicare,31,0,1,1,6,0,0
P06091,H20,79,F,Medicare,39,2,1,0,7,0,0
P06092,H12,49,F,Commercial,74,3,0,0,6,1,0
P06093,H13,69,M,Medicare,41,2,0,1,5,0,0
P06094,H04,45,F,Medicare,64,0,0,0,8,0,0
P06095,H17,55,F,Commercial,65,2,1,0,6,0,0
P06096,H07,89,F,Medicaid,49,3,2,0,6,1,0
P06097,H10,79,F,Medicare,36,3,1,0,4,0,0
P06098,H20,34,M,Medicare,88,4,1,1,11,1,1
P06099,H10,71,F,Medicaid,16,4,0,0,2,0,0
P06100,H06,47,M,Medicare,65,0,0,0,8,0,0
P06101,H13,70,F,Medicaid,64,1,0,1,5,0,0
P06102,H01,73,F,Commercial,31,4,3,0,5,0,1
P06103,H13,30,F,Medicare,56,1,1,0,4,0,0
P06104,H01,72,M,Medicare,82,1,2,0,6,0,1
P06105,H02,79,M,Commercial,36,0,1,1,4,0,0
P06106,H15,50,M,Medicare,63,2,1,0,5,0,0
P06107,H01,73,M,Medicaid,54,3,0,1,4,0,0
P06108,H09,59,F,Medicare,64,1,1,0,7,1,0
P06109,H15,46,M,Medicare,36,1,1,1,6,0,1
P06110,H11,66,F,Commercial,45,2,0,0,5,0,0
P06111,H18,71,F,Commercial,34,2,2,0,5,0,0
P06112,H12,68,F,Medicare,7,3,0,0,5,0,0
P06113,H01,79,F,Commercial,28,2,1,0,4,0,0
P06114,H08,73,F,Medicare,33,1,0,0,5,0,0
P06115,H02,73,F,Medicare,54,3,0,1,5,1,0
P06116,H06,97,F,Medicaid,73,0,0,0,7,0,0
P06117,H08,64,M,Medicare,51,5,1,0,8,0,1
P06118,H01,72,M,Medicare,21,1,0,1,4,0,0
P06119,H03,53,M,Medicaid,52,2,1,1,4,0,0
P06120,H14,65,M,Medicare,92,6,2,1,8,1,1
P06121,H14,52,F,Medicare,7,5,1,1,2,0,0
P06122,H06,82,F,Medicare,43,4,1,0,8,0,0
P06123,H06,85,F,Medicare,61,1,0,0,7,0,0
P06124,H20,81,M,Medicare,25,3,0,1,7,0,0
P06125,H10,61,F,Medicare,70,1,4,0,5,1,0
P06126,H04,73,F,Medicaid,38,4,0,1,4,0,0
P06127,H13,56,F,Commercial,44,2,0,0,5,0,0
P06128,H01,69,F,Commercial,43,6,3,1,10,0,0
P06129,H13,75,M,Medicare,20,0,0,0,3,0,0
P06130,H03,41,M,Commercial,65,6,1,1,8,1,0
P06131,H06,75,F,Medicare,53,0,1,1,8,0,0
P06132,H06,71,M,Medicare,28,1,2,0,4,0,0
P06133,H10,63,M,Medicare,54,6,0,0,6,0,0
P06134,H02,72,M,Medicaid,77,2,1,0,11,0,0
P06135,H05,71,M,Medicare,62,1,0,0,8,0,0
P06136,H13,82,F,Commercial,61,6,1,0,6,1,1
P06137,H15,67,M,Medicaid,26,2,1,0,4,0,0
P06138,H04,61,M,Medicaid,43,1,0,0,6,0,0
P06139,H20,75,F,Commercial,65,4,1,0,5,1,1
P06140,H01,58,M,Commercial,47,4,1,1,5,0,0
P06141,H01,35,F,Commercial,31,1,1,0,3,0,0
P06142,H07,87,F,Medicare,48,1,2,0,4,1,0
P06143,H18,95,F,Medicaid,50,0,1,1,7,0,0
P06144,H12,85,F,Commercial,18,4,0,1,4,0,0
P06145,H09,72,M,Medicare,47,2,0,0,7,0,0
P06146,H14,54,F,Medicare,50,1,0,1,5,0,0
P06147,H17,69,M,Medicare,52,3,0,0,7,0,0
P06148,H19,84,F,Medicare,49,1,1,0,5,0,0
P06149,H02,77,M,Medicare,7,2,3,0,2,0,0
P06150,H01,77,F,Medicare,46,2,0,0,6,0,0
P06151,H15,57,F,Commercial,61,2,0,0,5,0,0
P06152,H15,53,M,Commercial,91,3,1,0,9,1,1
P06153,H20,55,F,Medicaid,29,2,0,1,4,0,0
P06154,H03,75,M,Medicaid,38,4,1,0,3,0,0
P06155,H06,77,M,Medicaid,83,2,1,0,7,0,0
P06156,H01,76,M,Medicare,51,3,1,0,7,0,0
P06157,H06,84,M,Medicare,50,3,1,1,4,0,0
P06158,H04,45,F,Medicaid,60,2,3,1,5,0,0
P06159,H06,73,F,Medicare,16,4,0,0,4,0,0
P06160,H10,90,F,Medicaid,21,5,0,0,2,0,0
P06161,H06,54,M,Medicare,22,4,0,1,5,0,1
P06162,H17,84,M,Commercial,54,0,2,0,5,0,0
P06163,H13,56,M,Commercial,14,0,1,0,4,0,0
P06164,H12,60,M,Commercial,41,3,0,0,15,0,0
P06165,H17,68,F,Commercial,19,2,0,1,4,0,0
P06166,H04,52,M,Medicare,71,2,0,1,5,0,0
P06167,H20,83,F,Medicare,17,5,1,0,4,0,0
P06168,H06,57,M,Medicare,60,3,1,0,8,0,0
P06169,H01,60,F,Commercial,27,4,0,0,9,0,0
P06170,H10,77,F,Medicaid,83,3,0,0,9,0,1
P06171,H19,65,M,Medicaid,30,5,2,0,4,0,0
P06172,H11,56,F,Medicare,51,3,1,0,6,0,0
P06173,H10,67,M,Medicare,16,0,1,0,5,0,0
P06174,H06,70,F,Medicare,38,1,2,0,8,0,0
P06175,H13,80,M,Medicare,19,2,0,1,6,0,0
P06176,H17,71,M,Commercial,21,2,0,0,3,0,0
P06177,H14,44,M,Medicare,24,2,2,0,3,0,0
P06178,H03,84,M,Medicare,48,4,0,1,4,1,0
P06179,H08,50,F,Commercial,46,3,1,0,6,0,0
P06180,H06,50,M,Commercial,44,1,0,0,5,0,0
P06181,H10,78,M,Medicare,41,4,1,0,6,0,0
P06182,H02,65,F,Medicaid,26,0,0,0,3,0,0
P06183,H09,81,M,Commercial,19,2,2,1,6,0,0
P06184,H17,83,F,Commercial,64,1,0,0,7,1,0
P06185,H18,65,F,Medicare,69,0,1,0,7,0,0
P06186,H17,99,F,Medicare,64,0,1,0,5,0,0
P06187,H13,64,F,Medicare,21,2,1,1,7,0,0
P06188,H15,57,M,Medicare,38,1,1,0,4,0,0
P06189,H06,85,F,Medicare,61,3,0,1,5,1,1
P06190,H09,52,F,Medicare,50,1,0,0,6,0,0
P06191,H04,65,M,Medicare,37,3,0,1,5,0,0
P06192,H02,45,F,Medicaid,11,1,1,0,6,0,0
P06193,H19,44,M,Medicare,81,1,1,1,7,1,1
P06194,H11,84,M,Commercial,75,2,1,0,5,0,1
P06195,H10,55,M,Medicare,55,2,0,0,5,0,0
P06196,H11,68,F,Medicare,54,0,1,1,5,0,0
P06197,H13,99,F,Medicare,23,2,1,0,3,0,0
P06198,H09,45,F,Commercial,61,1,1,0,5,0,0
P06199,H05,59,M,Medicaid,47,2,1,0,4,0,0
P06200,H17,61,F,Medicare,31,5,2,0,3,0,0
P06201,H02,66,M,Medicare,38,4,2,0,9,0,0
P06202,H01,38,F,Medicare,44,1,0,0,4,0,0
P06203,H12,59,M,Medicare,32,2,0,0,5,0,0
P06204,H05,68,M,Medicare,28,3,0,0,4,0,0
P06205,H05,73,F,Medicare,25,1,2,1,5,0,0
P06206,H01,55,F,Medicare,5,2,1,0,3,0,0
P06207,H13,61,M,Medicare,65,2,0,0,9,0,1
P06208,H04,77,F,Commercial,53,1,2,1,6,0,0
P06209,H05,74,M,Commercial,36,4,1,1,4,0,0
P06210,H08,64,F,Medicare,55,1,0,0,4,0,0
P06211,H12,45,M,Medicare,51,2,0,0,6,0,0
P06212,H13,57,F,Medicaid,44,0,0,0,3,0,0
P06213,H14,77,M,Medicare,46,2,0,0,12,0,0
P06214,H18,78,M,Commercial,48,1,1,0,4,0,0
P06215,H05,93,F,Medicaid,40,4,2,0,3,0,0
P06216,H18,83,M,Medicare,25,0,1,1,6,0,0
P06217,H15,74,F,Commercial,25,1,1,1,5,0,0
P06218,H15,92,F,Medicaid,18,1,1,0,4,0,0
P06219,H08,91,F,Medicare,71,2,1,1,5,1,1
P06220,H01,39,M,Commercial,10,3,0,0,4,0,0
P06221,H12,70,F,Medicare,51,2,3,0,7,0,0
P06222,H08,58,M,Medicaid,31,1,0,0,9,0,0
P06223,H02,62,F,Medicare,53,2,0,1,6,0,0
P06224,H17,88,M,Medicare,21,3,1,0,2,0,0
P06225,H15,80,M,Medicare,74,4,1,1,6,1,0
P06226,H01,73,M,Medicare,31,3,0,1,5,0,1
P06227,H16,81,M,Medicare,44,2,2,1,4,1,0
P06228,H20,47,F,Medicare,45,1,1,0,5,0,0
P06229,H15,75,F,Commercial,58,0,1,0,5,0,0
P06230,H17,97,F,Medicare,63,2,0,0,7,0,0
P06231,H12,76,M,Commercial,28,3,1,1,5,0,0
P06232,H18,84,M,Medicaid,67,1,0,1,5,0,0
P06233,H14,84,F,Commercial,68,4,2,0,6,1,1
P06234,H01,74,M,Medicare,55,3,2,1,8,0,0
P06235,H09,77,F,Medicare,30,1,0,0,3,0,0
P06236,H04,71,F,Medicare,16,4,1,1,4,0,0
P06237,H07,71,F,Commercial,40,3,0,0,3,1,0
P06238,H03,84,F,Commercial,52,4,0,0,5,0,1
P06239,H12,76,F,Medicaid,52,2,0,0,8,0,0
P06240,H06,82,F,Commercial,36,2,0,0,4,0,0
P06241,H03,59,M,Medicare,74,2,1,1,6,0,0
P06242,H02,87,F,Commercial,77,1,0,1,5,0,0
P06243,H15,71,F,Medicare,52,1,0,0,5,0,0
P06244,H09,86,F,Medicare,36,1,1,0,4,0,0
P06245,H19,79,M,Commercial,28,2,0,0,3,0,0
P06246,H03,60,M,Medicare,60,3,0,0,7,1,0
P06247,H15,67,M,Medicare,50,4,0,0,5,0,0
P06248,H04,50,M,Medicare,59,1,1,0,6,0,0
P06249,H16,57,F,Commercial,35,1,0,0,4,0,0
P06250,H12,76,M,Medicare,55,2,1,0,6,0,1
P06251,H18,65,M,Medicare,36,1,2,0,4,0,1
P06252,H08,60,M,Medicaid,88,0,0,0,13,1,0
P06253,H18,90,M,Medicare,63,2,0,0,8,1,0
P06254,H06,67,M,Medicare,31,3,2,0,4,0,0
P06255,H03,56,M,Medicare,59,1,0,0,10,0,0
P06256,H07,56,M,Commercial,57,4,2,0,6,1,0
P06257,H15,51,F,Medicare,25,1,0,0,6,0,0
P06258,H17,79,M,Commercial,75,8,1,0,12,1,1
P06259,H12,63,F,Medicare,59,0,0,0,7,0,0
P06260,H03,64,F,Medicare,75,3,0,1,8,1,0
P06261,H10,54,F,Medicare,38,1,1,0,5,0,0
P06262,H17,59,M,Medicare,17,0,0,0,3,0,0
P06263,H06,54,F,Medicare,38,2,1,0,4,0,0
P06264,H20,55,M,Medicare,37,1,1,0,4,0,0
P06265,H14,74,F,Commercial,21,3,1,0,3,0,0
P06266,H07,35,F,Medicare,40,2,0,0,6,1,0
P06267,H08,65,F,Medicare,48,3,1,1,5,0,1
P06268,H18,55,M,Medicaid,63,1,3,0,7,0,0
P06269,H13,79,M,Medicare,54,1,1,0,4,0,0
P06270,H15,91,F,Commercial,42,0,1,1,4,0,0
P06271,H12,53,M,Medicaid,93,3,0,0,6,1,1
P06272,H09,64,F,Commercial,46,0,1,0,4,0,0
P06273,H02,63,F,Medicare,69,1,0,0,5,0,0
P06274,H17,79,M,Medicare,18,4,0,0,4,0,0
P06275,H11,53,M,Medicare,75,1,3,0,7,0,1
P06276,H12,77,M,Medicare,40,2,1,0,6,0,0
P06277,H19,57,M,Medicare,74,1,1,0,6,0,0
P06278,H04,50,F,Medicare,45,2,0,1,7,0,0
P06279,H06,86,F,Medicaid,64,0,0,0,7,0,0
P06280,H12,71,F,Medicare,48,2,0,0,4,0,0
P06281,H04,65,M,Medicare,19,4,0,1,3,0,0
P06282,H12,75,F,Commercial,70,4,1,0,8,1,0
P06283,H08,76,F,Commercial,45,1,0,1,4,0,0
P06284,H09,58,F,Medicare,60,4,3,1,6,1,0
P06285,H08,49,F,Medicare,11,2,0,1,2,0,0
P06286,H16,61,F,Medicare,76,2,0,1,7,0,0
P06287,H17,63,F,Medicare,29,1,0,1,13,0,0
P06288,H05,34,F,Medicare,48,2,1,1,4,0,0
P06289,H07,55,M,Medicare,22,2,0,0,2,1,0
P06290,H06,66,M,Medicare,47,0,3,0,4,0,0
P06291,H16,68,M,Commercial,17,1,1,0,4,0,0
P06292,H20,53,M,Commercial,33,4,0,0,4,0,0
P06293,H20,73,F,Medicaid,45,2,1,0,5,0,0
P06294,H04,65,M,Medicare,48,3,1,1,6,0,0
P06295,H11,60,M,Medicare,34,2,1,0,7,0,0
P06296,H18,65,M,Medicare,47,1,0,0,4,0,0
P06297,H13,51,F,Commercial,27,2,1,0,4,0,0
P06298,H04,64,F,Commercial,36,2,0,0,4,1,0
P06299,H12,70,M,Medicare,42,2,2,0,6,0,0
P06300,H15,79,F,Medicare,49,2,1,0,4,1,0
P06301,H03,46,F,Medicare,45,1,1,1,4,0,0
P06302,H15,66,M,Medicaid,52,4,1,0,5,0,0
P06303,H03,62,M,Medicare,33,0,1,0,5,0,0
P06304,H18,53,F,Medicare,32,2,2,0,5,0,0
P06305,H05,56,F,Medicare,72,4,0,0,5,0,0
P06306,H01,71,F,Commercial,23,2,0,0,2,0,0
P06307,H09,46,M,Medicare,32,3,0,1,4,0,0
P06308,H09,75,F,Commercial,57,1,0,0,7,0,0
P06309,H13,50,M,Medicaid,20,4,1,1,3,0,0
P06310,H18,76,F,Medicare,63,1,0,0,10,0,1
P06311,H20,62,M,Medicare,58,2,1,0,5,0,0
P06312,H17,72,M,Medicare,22,1,0,0,9,0,0
P06313,H20,91,M,Medicaid,5,1,1,0,2,0,0
P06314,H13,78,M,Medicare,42,1,2,0,5,0,1
P06315,H19,61,M,Commercial,22,1,2,0,3,0,0
P06316,H10,42,M,Commercial,27,3,0,1,6,0,0
P06317,H04,77,M,Medicare,14,4,1,0,8,0,0
P06318,H19,75,M,Medicare,65,3,0,1,7,1,1
P06319,H06,53,M,Medicare,65,3,3,0,5,1,1
P06320,H01,66,F,Medicaid,62,2,0,0,8,0,0
P06321,H02,85,F,Medicare,26,1,0,0,7,0,1
P06322,H06,55,M,Medicaid,35,1,1,1,3,0,0
P06323,H04,55,F,Medicare,12,3,3,1,4,0,0
P06324,H11,62,M,Medicare,35,0,1,0,3,0,0
P06325,H14,90,F,Commercial,54,3,0,0,9,0,0
P06326,H13,74,F,Commercial,86,4,1,0,6,1,1
P06327,H06,70,M,Medicare,71,1,1,0,12,0,0
P06328,H03,48,F,Medicaid,75,2,0,0,6,1,1
P06329,H11,80,M,Commercial,19,3,1,1,2,0,0
P06330,H04,94,M,Medicare,66,2,1,0,9,0,0
P06331,H04,82,M,Medicare,62,4,0,0,5,0,0
P06332,H12,58,M,Medicare,58,0,0,0,7,0,0
P06333,H11,84,F,Medicare,69,0,0,1,6,0,1
P06334,H02,71,M,Commercial,17,2,1,1,4,0,0
P06335,H03,75,M,Commercial,32,2,1,0,4,0,1
P06336,H11,78,M,Commercial,43,5,0,0,5,0,1
P06337,H08,49,F,Medicaid,82,3,0,1,5,1,1
P06338,H10,78,M,Medicare,43,2,0,1,5,0,0
P06339,H13,54,M,Medicare,52,0,1,0,8,0,1
P06340,H04,83,M,Medicare,15,3,0,0,3,0,0
P06341,H07,61,F,Medicare,68,1,0,0,7,1,1
P06342,H05,76,M,Medicaid,41,0,1,0,4,0,0
P06343,H02,74,F,Medicare,72,3,1,0,5,1,1
P06344,H01,55,F,Medicare,51,3,1,0,5,0,0
P06345,H13,62,F,Medicaid,35,1,0,0,6,0,0
P06346,H04,76,M,Medicare,56,1,1,0,4,0,1
P06347,H16,56,F,Medicare,63,1,1,0,5,0,0
P06348,H12,70,F,Medicare,36,4,1,0,6,0,0
P06349,H18,67,F,Medicare,62,1,0,0,5,0,0
P06350,H03,76,F,Commercial,76,3,1,0,6,1,1
P06351,H12,65,F,Commercial,66,3,1,0,6,0,1
P06352,H08,63,F,Medicare,16,2,1,1,2,0,0
P06353,H18,64,M,Medicare,74,2,2,0,6,1,0
P06354,H16,73,M,Medicare,55,2,0,0,7,0,0
P06355,H08,91,M,Medicare,21,1,2,1,6,0,0
P06356,H18,82,M,Medicare,46,4,2,0,6,0,0
P06357,H08,59,M,Medicare,2,1,0,1,3,0,0
P06358,H01,75,F,Medicare,9,0,0,0,2,0,0
P06359,H20,55,F,Medicare,54,1,1,0,4,0,1
P06360,H13,44,M,Commercial,38,3,1,0,4,0,0
P06361,H05,82,F,Medicare,30,2,1,1,4,0,0
P06362,H18,65,F,Medicare,33,1,1,1,3,0,1
P06363,H14,42,M,Commercial,12,6,1,0,2,0,0
P06364,H14,82,M,Commercial,15,3,0,0,6,0,0
P06365,H14,74,F,Medicare,81,2,1,0,7,1,0
P06366,H01,62,F,Medicare,46,1,0,0,7,0,0
P06367,H03,76,M,Medicare,87,4,0,0,8,1,1
P06368,H02,64,M,Medicaid,52,2,2,0,5,0,1
P06369,H02,77,F,Commercial,48,2,0,0,5,0,0
P06370,H01,74,F,Medicare,56,3,1,1,5,1,0
P06371,H03,71,M,Medicare,34,3,0,0,3,0,0
P06372,H15,88,F,Medicare,54,1,0,0,5,0,0
P06373,H11,93,F,Medicare,42,1,1,1,3,0,0
P06374,H03,65,M,Commercial,54,3,1,0,8,0,1
P06375,H17,41,F,Medicare,15,5,3,0,5,0,0
P06376,H03,51,M,Medicare,46,1,0,1,4,0,0
P06377,H10,51,M,Commercial,18,3,0,1,4,0,0
P06378,H15,70,F,Medicare,53,1,1,0,5,0,0
P06379,H20,45,F,Commercial,36,3,1,0,5,0,0
P06380,H01,67,F,Medicare,36,1,0,0,4,0,0
P06381,H07,55,F,Medicaid,63,2,1,0,9,1,1
P06382,H16,67,M,Medicare,26,1,1,1,3,0,0
P06383,H04,89,F,Medicare,61,1,2,1,5,0,0
P06384,H10,89,F,Commercial,53,0,0,0,5,0,0
P06385,H17,56,M,Medicare,38,2,1,0,3,0,0
P06386,H14,97,F,Medicare,79,2,0,0,7,1,1
P06387,H18,33,F,Medicare,23,0,1,0,3,0,0
P06388,H10,76,M,Medicare,40,4,1,0,4,0,0
P06389,H12,73,M,Medicaid,36,4,1,0,4,0,0
P06390,H18,68,F,Medicare,47,1,1,0,5,0,0
P06391,H12,81,M,Medicare,17,3,3,0,5,0,0
P06392,H03,67,M,Medicare,30,2,0,1,6,0,0
P06393,H05,57,M,Medicare,55,2,0,0,5,0,0
P06394,H02,76,M,Medicare,72,1,0,1,6,0,1
P06395,H10,69,M,Medicare,37,2,0,0,6,0,0
P06396,H14,58,M,Medicaid,41,3,1,0,4,0,0
P06397,H12,59,M,Commercial,41,1,0,0,5,0,0
P06398,H05,78,M,Commercial,29,4,1,0,6,0,0
P06399,H14,60,M,Medicaid,54,3,0,1,5,0,0
P06400,H05,74,M,Medicare,46,2,0,0,6,0,0
P06401,H18,58,M,Medicare,72,4,0,0,10,1,1
P06402,H04,78,M,Medicaid,30,0,2,0,6,0,0
P06403,H16,77,F,Medicare,34,2,1,0,3,0,0
P06404,H20,66,M,Medicare,66,2,0,1,8,0,1
P06405,H10,83,M,Medicare,46,0,0,1,5,0,0
P06406,H09,93,M,Medicare,61,5,0,0,12,1,0
P06407,H12,52,F,Medicare,58,1,0,1,8,0,0
P06408,H18,54,F,Medicaid,74,2,2,0,6,0,0
P06409,H12,79,F,Medicare,29,1,1,1,3,0,0
P06410,H07,64,F,Commercial,74,0,0,0,6,1,0
P06411,H12,60,F,Medicaid,14,0,0,0,4,0,0
P06412,H17,62,F,Medicaid,10,0,0,0,2,0,0
P06413,H19,76,F,Medicare,31,0,1,0,5,0,0
P06414,H01,79,M,Medicare,71,3,0,0,6,1,0
P06415,H10,73,F,Commercial,54,1,1,1,7,0,0
P06416,H05,57,M,Medicare,14,3,2,0,3,0,0
P06417,H17,71,F,Commercial,23,5,1,0,3,0,0
P06418,H10,63,M,Medicaid,67,0,1,1,6,0,0
P06419,H17,78,M,Medicare,87,1,0,0,9,1,0
P06420,H05,77,F,Commercial,36,1,0,1,5,0,0
P06421,H20,71,F,Medicaid,70,1,1,0,5,0,0
P06422,H07,65,M,Medicaid,36,1,1,0,7,1,0
P06423,H09,49,M,Medicare,24,3,1,0,4,0,0
P06424,H12,62,M,Commercial,21,1,0,0,3,0,0
P06425,H12,57,F,Medicare,13,2,0,0,5,0,0
P06426,H06,51,M,Medicare,75,3,0,0,9,1,0
P06427,H07,49,M,Medicare,18,2,1,0,6,1,1
P06428,H09,77,M,Medicare,74,2,0,0,10,0,0
P06429,H14,57,M,Medicare,34,3,0,1,4,0,0
P06430,H04,88,M,Medicare,63,1,1,0,6,0,0
P06431,H06,66,F,Medicare,22,0,1,0,4,0,0
P06432,H15,69,M,Medicaid,70,2,1,0,6,0,0
P06433,H15,52,M,Commercial,15,0,0,1,6,0,0
P06434,H03,59,M,Medicare,23,5,0,0,4,0,0
P06435,H16,48,F,Medicare,49,2,0,0,6,0,0
P06436,H15,52,M,Medicaid,48,1,1,0,5,0,0
P06437,H03,70,M,Medicaid,58,2,0,0,6,0,0
P06438,H14,67,M,Medicare,20,5,1,0,3,0,0
P06439,H20,66,F,Commercial,88,2,1,0,8,1,0
P06440,H05,74,M,Medicaid,54,4,1,1,4,0,0
P06441,H15,84,M,Medicare,61,2,0,0,6,0,1
P06442,H07,99,F,Medicaid,51,3,1,0,5,1,0
P06443,H11,60,M,Medicaid,83,1,0,0,8,0,0
P06444,H08,75,M,Medicare,79,1,2,0,6,0,1
P06445,H18,74,F,Medicare,17,0,1,0,6,0,0
P06446,H17,82,F,Medicare,26,1,0,0,7,0,0
P06447,H04,72,M,Medicare,22,0,1,0,4,0,0
P06448,H08,69,M,Commercial,82,0,0,0,10,0,0
P06449,H07,72,M,Medicaid,37,2,0,1,5,1,0
P06450,H04,52,F,Commercial,59,2,0,0,7,0,0
P06451,H17,69,F,Commercial,61,2,1,0,9,1,0
P06452,H14,45,M,Medicare,55,2,2,0,9,1,0
P06453,H05,66,M,Commercial,28,0,0,0,3,0,0
P06454,H03,60,F,Commercial,73,1,3,1,8,1,0
P06455,H12,65,F,Commercial,49,1,1,0,4,0,0
P06456,H11,53,M,Medicare,46,1,1,0,9,1,0
P06457,H04,63,F,Medicare,8,1,0,0,7,0,0
P06458,H09,81,M,Commercial,37,2,0,1,3,0,0
P06459,H13,77,M,Medicare,41,1,0,1,3,0,0
P06460,H02,83,F,Medicare,65,3,0,0,5,0,0
P06461,H09,47,M,Medicare,16,3,0,0,2,0,0
P06462,H15,99,F,Commercial,35,3,2,1,14,0,0
P06463,H19,81,F,Medicare,42,4,0,1,4,0,0
P06464,H19,76,M,Commercial,61,1,0,0,5,0,0
P06465,H03,62,M,Medicare,60,2,0,0,5,0,0
P06466,H10,78,F,Medicare,64,2,0,1,8,0,1
P06467,H03,55,M,Medicare,58,3,0,0,5,0,0
P06468,H17,85,M,Commercial,68,3,1,0,6,1,0
P06469,H19,38,F,Medicare,61,2,0,1,7,1,0
P06470,H06,71,F,Medicare,79,3,0,0,5,1,1
P06471,H15,71,M,Medicare,58,2,2,1,5,0,0
P06472,H14,67,M,Medicare,33,0,0,0,4,0,0
P06473,H18,87,F,Medicare,26,2,1,1,5,1,0
P06474,H17,62,M,Medicare,37,1,0,0,4,0,0
P06475,H10,54,M,Medicare,30,3,3,0,5,0,0
P06476,H04,53,M,Medicare,55,1,2,0,4,0,0
P06477,H17,62,F,Medicare,21,4,1,1,3,1,0
P06478,H06,80,F,Commercial,75,2,1,0,5,0,1
P06479,H17,88,F,Medicare,21,1,0,1,3,0,0
P06480,H04,57,F,Medicare,44,3,2,0,10,0,0
P06481,H18,57,F,Medicaid,18,3,2,0,3,0,0
P06482,H11,73,M,Medicare,40,3,1,0,3,0,0
P06483,H17,68,M,Medicare,67,1,0,0,7,0,1
P06484,H16,78,F,Medicare,52,2,0,0,6,0,0
P06485,H06,70,F,Medicaid,67,1,0,0,5,0,1
P06486,H12,38,M,Medicare,84,4,1,0,6,1,0
P06487,H18,67,F,Medicare,41,1,0,1,4,0,0
P06488,H19,71,M,Medicare,32,2,4,0,3,0,0
P06489,H19,78,F,Medicare,88,2,1,0,7,1,1
P06490,H13,69,M,Commercial,13,2,2,0,5,0,0
P06491,H18,63,M,Medicare,59,1,0,0,7,0,0
P06492,H07,71,F,Medicare,48,0,1,0,5,1,0
P06493,H14,97,M,Medicaid,60,1,1,0,7,0,0
P06494,H10,68,M,Medicare,62,1,0,0,8,0,0
P06495,H13,54,M,Commercial,37,2,0,0,4,0,0
P06496,H11,71,F,Commercial,67,2,1,1,6,0,0
P06497,H04,91,M,Medicaid,42,2,0,0,4,0,0
P06498,H20,62,F,Commercial,49,2,1,1,5,0,0
P06499,H13,73,M,Medicare,50,3,1,1,6,1,0
P06500,H20,76,F,Medicaid,47,0,1,0,5,0,0
P06501,H20,71,F,Medicare,60,1,1,1,8,0,1
P06502,H18,57,M,Medicare,38,2,0,0,5,0,0
P06503,H12,70,M,Commercial,35,2,0,0,10,0,0
P06504,H13,68,F,Medicare,25,2,2,0,7,0,0
P06505,H05,97,M,Medicare,40,2,2,0,5,0,0
P06506,H17,48,M,Medicaid,12,2,3,0,2,0,0
P06507,H18,92,F,Commercial,24,2,1,1,3,0,1
P06508,H15,66,F,Medicaid,45,2,1,0,4,0,0
P06509,H17,78,M,Medicaid,63,4,0,1,6,1,0
P06510,H08,70,M,Commercial,51,1,2,1,5,0,0
P06511,H20,82,F,Medicare,65,4,0,1,7,1,1
P06512,H05,63,M,Commercial,57,0,3,1,6,0,0
P06513,H03,73,M,Medicare,50,2,1,0,6,0,0
P06514,H03,71,M,Commercial,70,1,2,1,5,1,1
P06515,H01,48,F,Commercial,49,4,3,0,4,1,0
P06516,H11,56,F,Medicare,7,2,1,0,10,0,0
P06517,H20,76,F,Medicare,30,1,1,0,4,0,0
P06518,H04,70,M,Medicare,53,3,0,0,5,0,0
P06519,H08,89,F,Medicare,74,2,0,0,5,1,0
P06520,H04,55,F,Medicare,17,2,0,0,4,0,0
P06521,H06,50,F,Medicare,20,3,1,0,3,0,0
P06522,H06,54,M,Medicare,35,2,0,0,3,0,0
P06523,H04,80,F,Medicare,54,3,0,0,7,0,0
P06524,H09,77,F,Medicaid,38,2,0,1,4,0,0
P06525,H19,68,M,Commercial,16,4,1,0,3,0,0
P06526,H10,84,M,Medicaid,45,2,1,1,4,1,1
P06527,H16,61,M,Medicare,39,1,1,1,3,0,0
P06528,H05,57,F,Commercial,55,0,0,0,5,0,0
P06529,H12,75,M,Medicare,64,0,2,0,6,0,0
P06530,H06,87,F,Medicaid,29,1,1,1,12,0,0
P06531,H17,85,F,Medicaid,53,2,1,0,6,0,1
P06532,H04,57,M,Commercial,37,1,0,0,3,0,0
P06533,H13,55,M,Medicaid,13,3,1,0,7,0,0
P06534,H12,83,F,Medicare,19,3,0,0,2,0,0
P06535,H04,78,M,Medicare,19,3,1,1,5,0,0
P06536,H11,92,F,Medicare,28,2,2,0,3,0,0
P06537,H17,71,F,Medicare,69,2,1,0,5,0,0
P06538,H13,50,F,Medicare,58,3,2,0,7,0,1
P06539,H17,65,M,Medicare,62,2,1,1,10,0,0
P06540,H20,93,M,Medicare,53,2,3,0,5,1,0
P06541,H08,77,M,Medicaid,55,2,0,0,6,0,0
P06542,H05,61,F,Medicare,15,0,0,1,8,0,0
P06543,H08,61,M,Commercial,42,2,1,0,10,0,0
P06544,H17,40,F,Commercial,58,1,0,0,8,0,1
P06545,H11,79,F,Medicare,45,2,1,0,4,0,0
P06546,H13,72,M,Medicare,19,1,1,0,5,0,0
P06547,H08,68,M,Commercial,46,2,0,0,6,1,0
P06548,H18,66,F,Medicaid,37,1,1,0,13,1,0
P06549,H19,56,M,Medicare,36,1,3,0,5,0,0
P06550,H09,70,M,Commercial,29,1,1,0,8,0,0
P06551,H06,59,F,Commercial,27,2,0,0,3,0,0
P06552,H17,51,M,Medicare,55,2,1,0,8,0,0
P06553,H09,62,F,Medicaid,49,1,1,0,7,0,0
P06554,H11,79,M,Medicare,58,3,1,0,5,0,1
P06555,H08,49,F,Medicare,97,0,2,1,8,0,1
P06556,H11,64,F,Medicare,17,2,0,0,7,0,0
P06557,H10,69,M,Commercial,42,1,0,0,5,0,0
P06558,H18,85,F,Medicare,79,1,1,0,5,0,1
P06559,H20,58,F,Medicare,54,2,0,0,10,0,0
P06560,H15,45,F,Medicare,16,2,0,0,3,0,0
P06561,H14,63,M,Commercial,80,1,0,0,9,0,1
P06562,H06,62,M,Commercial,27,0,2,0,4,0,0
P06563,H11,76,F,Medicaid,61,2,0,0,6,0,0
P06564,H10,46,M,Medicaid,28,3,1,1,6,0,0
P06565,H12,57,F,Commercial,65,2,3,0,5,0,1
P06566,H09,58,F,Medicare,37,2,0,0,4,0,0
P06567,H02,69,M,Medicare,45,3,0,0,7,0,0
P06568,H14,59,F,Medicare,19,4,1,1,2,0,0
P06569,H04,64,F,Commercial,37,3,0,0,3,0,0
P06570,H07,85,F,Commercial,7,1,0,0,2,1,0
P06571,H13,57,M,Commercial,8,3,0,1,2,0,0
P06572,H10,77,F,Medicare,49,2,0,1,4,0,0
P06573,H20,60,M,Commercial,43,0,0,0,4,0,0
P06574,H03,51,F,Medicare,57,1,1,0,5,0,0
P06575,H08,74,F,Medicare,53,0,3,0,4,0,0
P06576,H08,63,F,Medicaid,63,3,0,1,5,0,1
P06577,H12,54,M,Medicare,4,4,0,0,2,0,0
P06578,H19,60,M,Medicare,56,4,0,0,6,0,1
P06579,H11,47,M,Medicaid,39,1,0,0,8,1,0
P06580,H20,66,F,Commercial,79,1,0,1,7,0,0
P06581,H04,70,F,Medicare,34,4,0,0,3,0,0
P06582,H16,62,F,Commercial,67,3,0,1,5,1,0
P06583,H18,95,F,Commercial,55,1,1,0,8,1,0
P06584,H17,62,F,Medicare,73,1,1,0,7,0,0
P06585,H08,56,M,Commercial,11,2,0,0,4,0,0
P06586,H08,88,M,Commercial,79,9,0,0,8,1,1
P06587,H05,87,M,Medicare,78,2,1,0,6,1,0
P06588,H17,50,F,Medicare,40,2,2,0,5,0,0
P06589,H05,51,F,Medicaid,19,0,0,0,4,0,0
P06590,H13,57,M,Medicare,45,1,0,1,4,0,0
P06591,H05,52,M,Medicare,19,2,0,1,6,0,0
P06592,H13,78,F,Medicaid,45,4,0,0,8,0,0
P06593,H07,66,M,Medicare,34,2,0,0,5,1,0
P06594,H12,77,M,Medicare,65,3,1,1,10,1,1
P06595,H12,63,M,Medicare,33,0,1,0,5,0,0
P06596,H04,48,M,Medicaid,42,3,2,0,5,0,0
P06597,H08,82,M,Commercial,17,3,0,1,5,0,0
P06598,H08,69,F,Medicare,34,1,0,0,3,0,0
P06599,H17,50,M,Medicaid,66,3,0,0,5,1,0
P06600,H13,31,F,Medicare,44,2,1,0,5,0,0
P06601,H13,44,M,Commercial,14,1,0,0,4,0,0
P06602,H18,72,F,Commercial,19,3,0,0,5,0,1
P06603,H04,67,F,Medicare,35,0,3,0,4,0,0
P06604,H05,61,F,Commercial,35,1,1,0,4,0,0
P06605,H02,59,F,Medicare,51,4,0,0,5,0,1
P06606,H05,81,F,Medicaid,54,0,1,0,6,0,0
P06607,H09,55,M,Medicaid,23,3,0,0,3,0,0
P06608,H11,65,M,Medicaid,66,2,0,0,10,1,0
P06609,H19,76,M,Medicare,50,4,0,0,5,0,0
P06610,H09,51,F,Commercial,39,4,1,0,4,0,0
P06611,H10,68,F,Medicare,21,3,0,0,3,0,0
P06612,H14,59,M,Medicare,20,1,1,0,4,0,0
P06613,H04,78,F,Commercial,76,4,1,0,6,1,0
P06614,H05,62,M,Medicare,38,0,1,0,4,0,0
P06615,H08,53,M,Medicare,77,2,0,1,6,0,0
P06616,H16,79,F,Medicare,22,1,0,0,6,0,0
P06617,H04,66,F,Commercial,21,3,1,0,5,0,0
P06618,H17,54,M,Medicaid,52,2,1,0,5,0,0
P06619,H09,77,F,Commercial,64,1,1,0,6,0,0
P06620,H17,65,F,Commercial,44,1,1,0,6,0,0
P06621,H16,74,F,Medicaid,35,0,0,0,5,0,0
P06622,H20,58,M,Medicare,63,3,0,1,8,1,0
P06623,H06,81,F,Medicare,56,1,0,1,5,0,0
P06624,H07,82,M,Medicare,82,1,1,0,7,1,0
P06625,H05,56,M,Medicare,19,3,0,1,3,0,0
P06626,H03,54,M,Commercial,60,4,1,1,7,0,1
P06627,H02,31,M,Medicaid,81,1,0,0,9,0,0
P06628,H03,49,M,Medicare,49,1,1,0,7,0,0
P06629,H14,65,M,Medicare,39,6,0,0,3,0,0
P06630,H16,67,M,Commercial,37,2,1,0,3,0,0
P06631,H19,40,F,Medicare,20,1,1,0,3,0,0
P06632,H16,35,F,Commercial,46,1,0,0,5,0,1
P06633,H17,52,F,Medicare,64,2,0,0,6,0,0
P06634,H18,81,M,Medicare,93,6,0,0,7,1,1
P06635,H19,82,M,Medicare,43,3,0,0,4,0,0
P06636,H06,78,F,Medicare,33,2,0,0,3,1,0
P06637,H03,56,M,Commercial,31,2,2,1,4,0,0
P06638,H04,73,M,Medicaid,35,3,0,0,4,0,0
P06639,H02,68,F,Medicare,23,3,0,0,5,0,0
P06640,H14,58,F,Medicaid,33,4,1,0,3,0,0
P06641,H13,75,M,Medicare,31,2,0,1,3,0,0
P06642,H17,77,M,Commercial,68,1,2,0,6,0,1
P06643,H09,64,F,Medicare,47,6,0,0,4,0,0
P06644,H20,67,F,Medicare,32,0,0,1,5,0,0
P06645,H09,59,M,Medicaid,25,2,2,0,2,0,0
P06646,H17,76,M,Medicare,51,4,0,0,5,0,0
P06647,H12,76,F,Medicaid,42,0,0,0,4,0,0
P06648,H07,83,M,Medicare,29,3,0,1,3,1,0
P06649,H15,46,M,Medicare,53,0,1,0,5,0,0
P06650,H08,67,M,Medicaid,60,4,2,0,5,0,1
P06651,H07,52,M,Medicare,41,2,2,0,4,1,0
P06652,H14,69,F,Medicaid,15,4,0,0,2,0,0
P06653,H09,66,M,Medicare,51,3,0,0,6,0,0
P06654,H10,50,M,Medicare,75,3,2,0,7,1,1
P06655,H20,90,M,Medicare,27,4,1,0,3,0,0
P06656,H16,50,M,Medicare,48,0,0,0,4,0,0
P06657,H08,78,M,Medicaid,39,4,0,0,6,0,0
P06658,H17,57,F,Medicare,47,0,0,0,6,0,0
P06659,H16,62,F,Medicare,5,2,1,0,8,0,0
P06660,H20,64,M,Commercial,57,3,0,1,11,0,0
P06661,H05,69,F,Medicare,38,3,2,1,7,0,1
P06662,H02,76,F,Medicaid,37,4,0,0,4,0,0
P06663,H10,38,F,Commercial,7,1,0,0,2,0,0
P06664,H03,75,F,Commercial,69,0,2,0,7,0,0
P06665,H15,58,F,Medicare,38,0,0,0,9,0,0
P06666,H18,78,M,Medicare,24,3,0,1,3,0,0
P06667,H03,53,F,Commercial,53,3,2,0,6,1,0
P06668,H07,99,M,Medicaid,53,0,0,0,8,1,0
P06669,H15,57,M,Medicare,53,1,0,0,8,0,0
P06670,H07,99,M,Commercial,63,3,2,0,10,1,1
P06671,H03,70,F,Medicare,37,1,1,0,10,0,0
P06672,H16,64,M,Medicare,41,1,1,1,6,0,0
P06673,H03,79,M,Medicare,27,1,1,0,3,0,0
P06674,H16,64,M,Medicare,34,1,1,1,8,0,0
P06675,H14,52,M,Medicare,46,1,1,0,4,0,0
P06676,H03,68,M,Medicare,29,4,2,0,6,0,0
P06677,H07,71,M,Medicaid,41,3,0,1,4,1,0
P06678,H02,77,M,Commercial,55,2,1,0,7,0,0
P06679,H03,40,M,Medicaid,78,1,3,1,7,0,0
P06680,H16,65,F,Medicare,67,0,2,0,11,0,0
P06681,H04,51,F,Medicare,58,0,0,0,10,0,0
P06682,H18,81,F,Medicare,20,2,1,0,5,0,0
P06683,H06,66,M,Medicare,76,0,2,1,7,0,1
P06684,H18,62,M,Medicare,63,0,1,1,4,0,0
P06685,H15,64,F,Medicare,22,2,0,0,2,0,0
P06686,H12,47,F,Medicare,76,1,1,0,9,0,0
P06687,H08,91,F,Medicare,31,4,2,1,5,0,0
P06688,H18,64,F,Medicare,81,3,0,0,7,1,1
P06689,H05,46,M,Medicaid,54,0,0,0,4,0,0
P06690,H12,60,F,Medicaid,61,2,0,0,7,0,0
P06691,H02,84,M,Commercial,42,4,0,0,4,0,0
P06692,H20,78,F,Medicare,70,2,0,1,7,0,1
P06693,H20,60,F,Medicare,51,2,1,0,5,0,0
P06694,H10,77,F,Commercial,27,1,1,1,5,0,0
P06695,H07,48,F,Commercial,21,0,1,1,6,1,0
P06696,H12,56,M,Medicare,35,3,0,0,8,0,0
P06697,H20,83,F,Medicare,62,2,1,1,7,0,0
P06698,H08,63,M,Medicare,21,2,0,0,3,0,0
P06699,H17,58,F,Commercial,17,0,2,0,3,0,1
P06700,H04,53,F,Medicare,87,0,0,0,6,0,0
P06701,H14,55,F,Medicare,30,2,1,0,3,0,0
P06702,H12,93,M,Medicare,43,2,0,0,6,0,0
P06703,H04,64,F,Medicaid,41,0,1,0,4,0,0
P06704,H13,60,M,Medicare,22,1,0,1,4,0,0
P06705,H14,76,F,Medicare,36,5,2,0,5,0,0
P06706,H11,94,F,Medicare,35,0,0,0,5,0,0
P06707,H15,50,M,Commercial,34,3,0,0,3,0,1
P06708,H18,62,M,Commercial,45,2,0,0,4,0,0
P06709,H10,81,M,Medicare,23,0,1,0,3,0,0
P06710,H03,69,M,Medicare,11,1,0,1,2,0,0
P06711,H18,55,F,Medicare,16,0,1,0,2,0,0
P06712,H15,61,F,Commercial,43,0,0,1,5,0,1
P06713,H07,60,M,Medicare,35,2,1,1,3,1,0
P06714,H10,42,M,Medicare,36,2,3,1,8,0,0
P06715,H12,65,M,Medicare,26,2,0,1,3,0,0
P06716,H02,54,M,Medicare,22,1,0,1,5,0,0
P06717,H04,83,F,Medicare,4,1,1,0,3,0,0
P06718,H09,58,M,Medicare,14,1,0,0,7,0,0
P06719,H17,84,F,Commercial,71,1,0,0,7,0,1
P06720,H03,60,M,Commercial,46,1,1,0,5,0,0
P06721,H06,88,F,Commercial,39,0,1,0,4,0,0
P06722,H09,67,F,Medicare,8,1,1,0,3,0,0
P06723,H20,82,M,Medicare,43,3,2,0,7,1,0
P06724,H16,86,F,Medicare,41,3,2,0,4,0,0
P06725,H12,49,M,Commercial,63,4,2,0,5,1,0
P06726,H16,40,F,Medicare,69,2,0,1,5,0,0
P06727,H14,85,F,Commercial,58,2,1,0,4,0,0
P06728,H06,64,M,Medicare,15,1,1,0,3,0,0
P06729,H18,78,M,Commercial,45,2,1,0,4,0,0
P06730,H18,55,M,Medicaid,58,2,0,0,8,1,0
P06731,H13,55,F,Medicare,47,1,2,0,5,0,0
P06732,H20,59,M,Commercial,24,3,0,0,4,0,1
P06733,H01,69,M,Medicare,41,0,1,0,5,0,0
P06734,H04,63,F,Medicare,50,2,1,1,6,0,0
P06735,H17,61,M,Medicaid,16,1,1,0,4,0,0
P06736,H05,69,F,Medicare,35,6,0,1,4,1,0
P06737,H18,72,M,Medicare,58,2,1,0,6,0,1
P06738,H20,75,F,Medicare,15,2,3,0,2,0,0
P06739,H14,76,F,Medicaid,44,2,0,1,12,1,0
P06740,H19,65,M,Medicare,28,2,2,1,4,0,0
P06741,H05,53,M,Medicaid,34,5,1,1,5,0,0
P06742,H20,59,M,Medicaid,36,6,1,0,4,0,0
P06743,H16,56,F,Medicaid,9,2,0,0,6,0,0
P06744,H12,65,F,Medicare,79,4,1,0,7,1,1
P06745,H14,94,F,Commercial,49,3,0,0,4,0,0
P06746,H13,73,M,Medicare,23,2,0,0,3,0,0
P06747,H08,60,M,Commercial,46,2,0,0,5,0,1
P06748,H18,63,F,Medicare,12,1,1,0,3,0,0
P06749,H01,62,M,Medicare,46,8,0,0,5,0,0
P06750,H15,72,F,Medicare,12,2,1,0,5,0,0
P06751,H04,73,M,Medicare,72,0,0,0,5,0,0
P06752,H14,74,M,Medicare,47,3,0,0,7,0,0
P06753,H05,53,F,Medicare,9,0,2,0,3,0,0
P06754,H08,71,M,Commercial,57,2,0,0,6,0,0
P06755,H20,74,M,Medicaid,23,1,0,0,5,0,0
P06756,H07,73,F,Medicaid,87,3,1,0,6,1,1
P06757,H01,84,M,Medicare,20,2,1,1,8,0,0
P06758,H14,90,F,Medicaid,42,3,1,0,6,0,0
P06759,H01,71,M,Commercial,32,1,1,1,6,0,0
P06760,H07,56,M,Commercial,55,2,0,0,14,1,1
P06761,H03,60,F,Commercial,34,4,1,0,5,0,0
P06762,H10,69,M,Medicare,11,2,0,0,2,0,0
P06763,H11,68,M,Medicare,40,2,1,0,6,0,0
P06764,H12,27,F,Commercial,51,2,1,0,5,0,0
P06765,H09,58,M,Commercial,19,3,0,0,3,0,0
P06766,H17,57,M,Commercial,15,0,0,0,3,0,0
P06767,H09,58,F,Commercial,25,5,1,0,3,0,0
P06768,H19,95,M,Medicare,39,2,0,0,8,0,0
P06769,H16,56,M,Medicare,50,0,0,0,7,0,0
P06770,H05,55,M,Commercial,51,4,1,0,4,0,0
P06771,H12,83,F,Commercial,52,3,0,1,6,0,0
P06772,H04,70,M,Medicaid,52,4,1,0,5,1,0
P06773,H10,78,F,Medicare,57,1,0,0,4,0,0
P06774,H04,81,F,Medicare,79,1,0,0,10,0,1
P06775,H05,60,F,Medicare,71,3,0,0,5,1,0
P06776,H12,75,F,Medicare,58,1,0,0,5,0,1
P06777,H06,68,F,Medicare,47,1,1,1,6,0,0
P06778,H03,68,F,Commercial,45,1,1,0,14,0,0
P06779,H01,73,F,Medicare,35,3,1,0,3,0,0
P06780,H09,83,M,Medicare,69,4,0,0,6,1,0
P06781,H08,57,F,Commercial,76,1,0,1,7,0,0
P06782,H09,47,F,Medicaid,54,3,0,0,4,0,0
P06783,H12,99,F,Medicaid,53,1,0,0,4,0,0
P06784,H05,61,F,Medicare,69,1,2,0,6,1,1
P06785,H05,72,M,Medicare,47,3,0,0,4,0,0
P06786,H04,63,F,Commercial,44,3,0,0,4,0,0
P06787,H07,59,F,Medicare,50,5,1,0,5,1,0
P06788,H12,72,M,Medicare,52,3,1,0,6,0,1
P06789,H20,61,F,Medicare,50,6,0,0,5,0,0
P06790,H19,79,M,Medicare,49,2,0,0,6,0,0
P06791,H16,81,F,Medicare,53,5,0,0,5,1,0
P06792,H13,66,F,Commercial,48,1,1,1,5,0,0
P06793,H13,72,F,Commercial,49,0,1,0,6,0,0
P06794,H09,83,F,Commercial,34,3,0,0,6,0,0
P06795,H02,56,M,Medicare,39,2,1,1,8,0,0
P06796,H03,63,F,Medicare,72,1,0,0,6,0,1
P06797,H14,64,F,Medicaid,23,0,1,1,3,0,0
P06798,H09,81,M,Commercial,87,2,2,0,7,1,1
P06799,H20,46,F,Medicaid,17,1,0,1,3,0,0
P06800,H08,93,F,Medicaid,64,2,0,1,8,0,0
P06801,H09,60,F,Medicare,23,3,0,0,5,0,0
P06802,H17,51,M,Medicare,41,4,1,0,4,0,0
P06803,H14,54,F,Medicare,28,1,0,0,4,0,0
P06804,H18,73,M,Medicare,77,3,1,0,6,1,0
P06805,H06,69,M,Commercial,19,1,1,0,3,0,0
P06806,H07,70,M,Medicaid,31,3,0,0,6,1,1
P06807,H07,56,F,Commercial,10,9,1,1,2,1,0
P06808,H19,54,F,Medicare,48,1,1,0,7,1,0
P06809,H04,82,F,Medicare,80,3,0,0,6,1,1
P06810,H11,74,F,Commercial,38,4,2,0,8,0,0
P06811,H15,87,M,Medicare,29,2,0,1,4,0,0
P06812,H03,73,F,Commercial,70,1,3,0,10,1,0
P06813,H09,77,M,Commercial,14,2,1,0,3,0,0
P06814,H20,77,F,Commercial,45,2,0,0,5,0,0
P06815,H06,86,F,Medicare,88,0,2,1,8,1,0
P06816,H20,64,M,Medicare,24,1,0,0,3,0,0
P06817,H12,75,M,Medicare,72,1,2,0,6,0,1
P06818,H12,91,F,Medicare,80,2,1,0,6,0,0
P06819,H14,73,M,Commercial,63,1,1,0,5,1,0
P06820,H10,73,M,Medicare,39,2,0,0,5,0,0
P06821,H04,67,M,Medicare,29,1,1,0,4,0,0
P06822,H16,60,F,Medicare,34,5,0,0,3,0,0
P06823,H14,68,F,Commercial,24,1,0,0,4,0,0
P06824,H06,68,M,Medicare,61,0,1,0,5,0,0
P06825,H01,86,M,Commercial,40,3,0,0,6,0,0
P06826,H02,64,F,Commercial,68,1,1,0,5,0,0
P06827,H03,36,F,Commercial,61,2,0,0,6,1,0
P06828,H07,47,M,Medicare,60,1,3,0,5,1,0
P06829,H04,64,M,Medicare,34,2,0,1,8,0,0
P06830,H11,64,F,Medicare,14,2,1,0,2,0,0
P06831,H11,63,M,Medicare,94,3,0,0,8,1,1
P06832,H18,49,M,Medicare,28,2,0,0,3,0,1
P06833,H15,78,F,Commercial,69,1,2,1,5,0,0
P06834,H14,77,M,Commercial,24,0,0,0,5,0,0
P06835,H07,90,M,Medicaid,10,1,0,0,5,1,0
P06836,H03,69,F,Medicaid,27,1,0,0,13,0,0
P06837,H03,65,M,Medicaid,28,1,0,0,4,0,0
P06838,H11,58,F,Medicare,38,1,1,0,4,0,0
P06839,H06,72,F,Medicare,27,0,0,1,5,0,0
P06840,H04,50,F,Medicaid,88,1,0,1,7,1,0
P06841,H04,61,F,Medicare,72,4,1,1,7,1,0
P06842,H14,59,F,Medicare,30,1,0,0,3,0,0
P06843,H04,72,F,Medicare,59,0,1,0,6,0,0
P06844,H16,65,F,Medicare,58,2,0,0,8,0,1
P06845,H15,65,F,Medicare,60,3,2,0,12,1,1
P06846,H03,66,F,Medicare,95,2,2,1,7,0,1
P06847,H01,45,F,Medicare,60,0,3,0,7,0,1
P06848,H02,53,F,Medicare,25,1,0,0,5,0,1
P06849,H16,72,F,Medicare,92,1,0,0,6,0,1
P06850,H20,32,F,Medicare,52,3,0,0,4,0,0
P06851,H01,59,F,Medicare,65,1,0,1,6,0,0
P06852,H13,89,F,Medicare,31,0,0,1,6,0,0
P06853,H01,41,F,Commercial,19,0,0,1,3,0,0
P06854,H07,68,F,Medicaid,81,1,0,1,5,1,1
P06855,H10,79,F,Commercial,76,2,1,0,7,0,1
P06856,H06,73,F,Medicare,68,0,1,1,6,0,0
P06857,H03,74,F,Medicare,53,1,2,0,6,0,0
P06858,H10,59,F,Commercial,58,2,1,0,5,0,0
P06859,H04,55,M,Commercial,45,0,0,0,4,0,0
P06860,H18,51,F,Medicare,75,1,0,0,7,0,0
P06861,H16,99,M,Commercial,90,3,0,0,8,1,1
P06862,H05,70,M,Medicaid,66,3,0,0,6,1,0
P06863,H17,58,M,Medicare,68,5,0,1,8,1,1
P06864,H05,50,M,Medicaid,16,1,2,0,3,0,0
P06865,H08,58,F,Medicare,76,1,3,0,7,0,1
P06866,H12,57,M,Commercial,14,3,2,0,6,0,0
P06867,H06,71,F,Medicare,30,0,2,1,7,0,0
P06868,H01,61,F,Commercial,49,0,0,0,4,0,0
P06869,H11,57,F,Commercial,32,2,0,0,4,0,0
P06870,H06,44,F,Medicare,29,3,1,1,4,0,0
P06871,H05,57,M,Medicare,37,2,0,0,4,0,0
P06872,H11,56,F,Medicare,45,3,0,0,6,0,0
P06873,H16,60,F,Commercial,51,0,0,0,7,0,0
P06874,H16,67,F,Medicaid,43,3,1,1,5,0,0
P06875,H06,72,F,Medicare,22,2,1,0,3,0,0
P06876,H19,71,M,Medicaid,34,1,0,1,7,1,0
P06877,H08,55,M,Commercial,52,1,0,1,6,0,1
P06878,H06,67,F,Medicaid,24,2,0,1,5,0,0
P06879,H08,89,M,Medicare,51,2,0,0,4,0,0
P06880,H10,72,F,Medicare,22,2,0,0,5,0,0
P06881,H15,85,M,Medicaid,46,4,1,1,3,0,0
P06882,H12,59,F,Medicare,41,0,0,0,4,0,0
P06883,H04,60,F,Medicaid,26,2,1,1,6,0,0
P06884,H03,60,M,Medicare,38,4,0,0,5,0,0
P06885,H12,82,M,Medicare,36,0,2,0,3,0,0
P06886,H15,67,M,Commercial,15,0,1,0,5,0,0
P06887,H02,56,F,Medicare,22,5,1,0,2,0,0
P06888,H17,70,F,Medicare,30,2,0,1,6,0,0
P06889,H03,62,F,Medicaid,32,4,1,1,3,0,0
P06890,H19,66,F,Medicare,40,1,0,1,5,0,0
P06891,H19,78,M,Commercial,79,3,0,0,9,1,0
P06892,H10,78,F,Commercial,40,1,2,0,3,0,0
P06893,H10,50,M,Medicaid,50,4,2,0,4,0,0
P06894,H04,94,F,Medicaid,30,2,0,0,4,0,0
P06895,H12,64,F,Medicare,45,1,0,1,4,0,0
P06896,H07,71,M,Medicaid,80,0,0,0,5,1,0
P06897,H16,61,F,Medicare,40,3,2,0,4,0,0
P06898,H03,51,F,Medicare,13,2,1,1,6,0,0
P06899,H14,62,F,Medicare,38,0,0,0,5,0,0
P06900,H07,70,M,Commercial,50,1,0,0,4,1,0
P06901,H02,59,F,Commercial,31,0,0,1,4,0,0
P06902,H20,63,F,Commercial,80,2,1,1,8,0,1
P06903,H18,67,M,Medicare,83,3,1,1,8,0,1
P06904,H04,53,F,Commercial,58,2,0,0,5,0,0
P06905,H12,62,F,Commercial,57,1,4,0,5,1,0
P06906,H11,77,M,Commercial,67,4,3,0,8,1,1
P06907,H05,54,F,Medicare,18,2,0,0,3,0,0
P06908,H04,63,M,Medicare,54,4,1,0,6,0,0
P06909,H08,48,M,Medicaid,59,0,0,1,5,0,0
P06910,H17,53,F,Commercial,28,4,0,0,6,0,0
P06911,H04,56,F,Commercial,59,0,1,1,8,1,0
P06912,H02,70,M,Medicaid,43,1,0,0,7,0,0
P06913,H18,42,F,Medicare,44,0,1,0,6,0,0
P06914,H12,40,F,Commercial,51,3,0,1,5,0,0
P06915,H16,72,M,Medicare,28,1,1,0,5,0,0
P06916,H18,67,M,Medicare,41,2,0,0,7,0,0
P06917,H03,87,F,Commercial,44,3,2,0,5,0,1
P06918,H09,58,M,Medicare,6,1,0,1,3,0,0
P06919,H19,79,M,Medicare,41,1,0,1,3,0,0
P06920,H01,49,M,Medicare,68,2,2,0,9,1,0
P06921,H14,83,M,Medicaid,52,1,0,1,5,0,0
P06922,H19,74,M,Medicare,43,0,0,1,4,0,0
P06923,H08,58,F,Medicare,85,1,2,1,9,0,0
P06924,H16,71,M,Medicare,48,3,1,1,4,0,0
P06925,H03,57,M,Commercial,21,1,0,1,4,0,0
P06926,H12,62,F,Commercial,60,2,0,1,6,0,0
P06927,H16,52,M,Medicare,58,3,0,0,4,1,0
P06928,H02,72,M,Medicaid,49,1,0,0,5,0,0
P06929,H03,76,M,Medicare,59,1,4,0,6,1,0
P06930,H19,68,M,Commercial,20,3,2,0,3,0,1
P06931,H20,70,F,Medicare,34,1,1,0,5,0,0
P06932,H15,69,M,Commercial,13,1,1,0,4,0,0
P06933,H16,46,M,Medicaid,73,1,1,0,5,1,0
P06934,H05,72,F,Medicare,69,2,1,0,7,0,0
P06935,H15,77,F,Medicare,66,2,3,1,6,1,0
P06936,H11,72,M,Medicare,56,1,2,0,5,1,0
P06937,H10,68,F,Medicare,54,5,1,0,11,0,0
P06938,H13,69,F,Medicare,22,3,1,0,3,0,0
P06939,H08,83,F,Medicaid,70,1,0,1,10,0,0
P06940,H15,79,M,Commercial,86,2,0,0,9,1,0
P06941,H06,61,M,Medicaid,73,2,1,0,6,0,0
P06942,H20,62,M,Medicare,69,1,2,0,6,0,1
P06943,H18,57,M,Medicare,53,5,3,0,5,1,0
P06944,H19,68,M,Medicare,38,2,0,0,6,0,0
P06945,H13,71,M,Commercial,59,2,1,0,7,0,0
P06946,H12,73,M,Medicare,69,4,0,0,13,1,0
P06947,H01,69,M,Medicaid,47,5,2,0,5,0,0
P06948,H02,91,M,Medicare,36,1,1,1,4,0,0
P06949,H01,61,F,Medicare,15,2,2,1,4,0,0
P06950,H08,65,M,Medicare,22,0,0,0,12,0,0
P06951,H11,76,M,Commercial,24,3,1,0,5,0,0
P06952,H11,60,M,Medicare,89,3,1,0,10,1,0
P06953,H17,68,F,Medicare,56,1,0,0,6,0,0
P06954,H14,59,M,Medicare,52,2,0,0,5,0,1
P06955,H17,78,M,Commercial,51,1,1,0,5,0,0
P06956,H07,83,F,Medicare,76,2,0,1,8,1,1
P06957,H01,58,F,Commercial,82,5,2,0,8,1,1
P06958,H14,64,F,Medicare,14,0,0,0,3,0,0
P06959,H11,71,F,Commercial,71,3,0,0,10,1,0
P06960,H17,63,M,Medicare,58,0,1,0,7,0,0
P06961,H07,52,M,Medicaid,72,1,0,0,5,1,0
P06962,H19,90,F,Commercial,21,4,1,0,2,0,1
P06963,H18,54,F,Medicare,50,2,0,0,7,0,0
P06964,H06,89,M,Commercial,76,1,3,0,6,1,1
P06965,H19,51,M,Medicare,17,1,0,0,5,0,0
P06966,H05,67,F,Medicare,55,0,0,1,4,0,0
P06967,H04,64,F,Medicare,29,2,2,1,6,0,0
P06968,H12,50,F,Commercial,42,2,0,1,4,0,1
P06969,H16,72,F,Medicaid,35,5,1,0,4,0,0
P06970,H14,86,F,Medicare,72,4,0,0,8,0,1
P06971,H04,63,M,Medicare,90,1,0,1,7,1,0
P06972,H10,79,M,Medicare,45,3,2,0,4,0,0
P06973,H12,65,F,Commercial,31,1,0,0,8,0,0
P06974,H19,59,M,Medicare,17,1,0,0,4,0,0
P06975,H03,71,F,Medicaid,60,0,0,0,6,0,0
P06976,H03,50,F,Commercial,60,1,0,0,5,0,0
P06977,H07,51,F,Medicare,43,4,0,0,5,1,0
P06978,H18,62,M,Medicare,40,1,2,0,5,0,0
P06979,H07,74,F,Medicare,13,5,1,0,6,1,0
P06980,H03,84,F,Commercial,13,3,0,0,5,0,0
P06981,H09,58,F,Commercial,56,1,0,0,8,0,0
P06982,H07,75,F,Medicare,75,3,0,0,5,1,0
P06983,H12,42,F,Medicare,76,3,0,1,6,1,1
P06984,H04,52,F,Medicaid,47,4,3,1,5,0,0
P06985,H11,72,M,Medicare,36,5,1,0,5,0,0
P06986,H09,76,M,Commercial,44,1,1,0,4,0,0
P06987,H02,83,F,Commercial,60,1,1,1,6,0,0
P06988,H06,59,F,Medicaid,70,2,0,0,11,0,0
P06989,H18,60,F,Medicare,19,1,0,0,5,0,0
P06990,H16,55,F,Medicare,39,1,2,0,4,0,0
P06991,H08,52,M,Medicare,28,0,1,0,3,0,0
P06992,H11,68,M,Commercial,3,0,1,0,5,0,0
P06993,H20,91,F,Medicare,28,1,0,1,4,0,0
P06994,H07,66,F,Commercial,30,1,1,0,7,1,0
P06995,H13,76,F,Commercial,27,1,0,0,5,0,0
P06996,H16,51,F,Commercial,44,2,0,0,4,0,0
P06997,H13,67,M,Medicare,30,2,0,0,4,0,0
P06998,H01,84,F,Commercial,61,1,2,0,4,0,0
P06999,H20,65,M,Medicaid,37,3,3,0,8,1,0
P07000,H02,65,F,Medicare,67,4,0,0,7,1,0
P07001,H09,83,M,Commercial,40,0,1,0,3,0,0
P07002,H20,71,M,Commercial,31,3,1,0,4,0,0
P07003,H12,76,M,Medicare,47,4,0,0,4,0,0
P07004,H17,66,M,Medicare,47,0,2,0,4,0,0
P07005,H19,76,F,Medicare,47,2,0,1,5,0,0
P07006,H18,76,F,Medicare,58,3,0,0,4,0,0
P07007,H16,64,F,Medicare,84,1,0,0,7,0,0
P07008,H20,61,M,Medicare,66,0,1,0,5,0,0
P07009,H13,65,M,Medicare,31,3,1,0,8,0,0
P07010,H01,50,M,Medicare,27,2,1,1,7,0,0
P07011,H01,41,M,Medicare,61,2,0,1,10,0,0
P07012,H13,64,F,Medicare,51,5,0,0,5,0,0
P07013,H02,79,F,Medicaid,60,4,0,0,5,1,0
P07014,H16,64,F,Medicaid,60,3,0,0,8,1,0
P07015,H03,89,F,Medicare,8,2,0,0,5,0,0
P07016,H02,62,F,Medicare,56,1,0,0,6,0,0
P07017,H03,67,M,Commercial,17,1,1,0,3,0,1
P07018,H07,68,F,Medicaid,41,1,0,0,8,1,0
P07019,H10,63,M,Medicare,51,2,0,0,6,0,0
P07020,H06,59,F,Medicare,80,2,0,0,5,1,0
P07021,H13,59,F,Medicaid,11,2,0,1,11,0,0
P07022,H17,81,F,Medicare,49,2,1,1,6,0,0
P07023,H17,58,M,Medicaid,24,6,0,1,3,0,0
P07024,H19,50,F,Medicare,42,0,1,0,5,0,0
P07025,H03,75,F,Medicare,24,6,1,0,5,0,1
P07026,H02,71,F,Commercial,30,2,0,0,4,0,0
P07027,H17,69,M,Medicaid,50,2,2,0,5,0,0
P07028,H02,92,M,Commercial,67,1,3,1,5,0,0
P07029,H11,55,M,Medicare,59,2,0,1,5,1,0
P07030,H02,90,F,Medicare,55,2,0,1,4,0,0
P07031,H08,78,F,Commercial,51,6,1,1,4,0,0
P07032,H01,61,F,Commercial,28,5,3,0,3,0,0
P07033,H18,87,F,Medicare,35,6,2,0,4,0,0
P07034,H08,73,F,Medicaid,42,1,0,0,10,0,0
P07035,H12,68,F,Medicare,49,4,1,0,4,0,1
P07036,H15,70,F,Commercial,83,3,1,1,8,1,1
P07037,H04,80,M,Medicare,18,4,1,1,3,0,0
P07038,H17,56,F,Medicare,81,2,1,0,7,0,1
P07039,H18,61,F,Medicaid,23,3,1,0,2,0,1
P07040,H08,50,F,Medicare,8,2,0,0,2,0,0
P07041,H04,66,M,Medicare,66,5,0,1,8,1,0
P07042,H08,80,M,Medicaid,64,3,1,0,6,1,0
P07043,H16,36,M,Medicare,43,2,0,1,4,0,0
P07044,H18,55,F,Medicaid,48,2,0,1,6,0,1
P07045,H20,65,F,Medicare,82,2,0,0,9,0,0
P07046,H01,87,M,Medicare,65,2,0,1,6,1,0
P07047,H18,51,M,Medicare,26,0,3,0,2,0,0
P07048,H12,71,M,Medicaid,67,1,1,0,7,0,0
P07049,H04,70,M,Medicare,54,0,0,0,9,0,0
P07050,H17,78,M,Medicare,26,2,0,0,7,0,0
P07051,H20,64,M,Medicaid,45,5,1,1,5,0,0
P07052,H12,79,M,Medicare,61,1,1,1,4,1,0
P07053,H05,67,F,Medicare,49,2,0,1,5,0,0
P07054,H10,87,M,Medicare,93,2,2,1,7,0,1
P07055,H01,83,F,Medicare,40,3,1,0,5,0,1
P07056,H14,64,M,Medicare,62,0,1,0,6,0,1
P07057,H18,53,F,Medicare,62,4,0,0,8,1,1
P07058,H19,90,F,Medicare,16,1,0,1,3,0,0
P07059,H11,85,F,Medicare,55,1,2,0,4,0,1
P07060,H08,69,F,Medicare,51,1,4,0,7,1,1
P07061,H18,52,F,Medicare,14,1,0,0,7,0,0
P07062,H16,41,M,Medicare,34,2,1,0,9,0,0
P07063,H12,67,M,Medicaid,43,3,1,1,9,0,0
P07064,H10,80,F,Medicare,40,3,0,0,4,0,0
P07065,H17,42,M,Commercial,59,0,0,0,4,1,0
P07066,H18,50,M,Medicare,57,0,1,1,5,0,0
P07067,H13,81,F,Commercial,78,3,2,0,6,1,1
P07068,H20,70,F,Medicaid,29,2,1,0,3,0,0
P07069,H01,85,F,Medicare,41,3,1,1,4,0,0
P07070,H15,51,F,Commercial,55,1,0,0,9,0,0
P07071,H11,84,F,Medicaid,28,4,2,0,3,0,0
P07072,H06,67,M,Medicare,70,2,0,0,5,0,0
P07073,H18,61,F,Commercial,18,3,2,0,3,0,0
P07074,H20,60,M,Commercial,54,5,1,0,4,0,0
P07075,H03,72,M,Medicaid,75,3,0,1,5,1,1
P07076,H15,67,F,Medicaid,31,3,0,0,8,0,0
P07077,H12,86,F,Commercial,50,2,0,0,5,0,0
P07078,H06,56,F,Commercial,19,2,0,0,3,0,0
P07079,H19,64,M,Commercial,58,2,1,0,4,0,0
P07080,H14,71,F,Medicare,56,2,1,0,4,0,0
P07081,H03,75,M,Commercial,14,2,4,0,4,0,0
P07082,H07,59,F,Commercial,43,2,0,0,5,1,0
P07083,H04,68,F,Medicare,25,1,0,0,4,0,0
P07084,H14,66,M,Medicare,49,2,0,1,4,0,1
P07085,H04,82,F,Medicare,49,2,0,0,7,0,0
P07086,H01,60,M,Medicare,22,2,3,0,3,0,0
P07087,H05,66,M,Commercial,38,1,0,0,4,0,0
P07088,H19,83,M,Commercial,56,1,0,0,4,0,0
P07089,H18,54,F,Commercial,24,0,1,0,6,0,0
P07090,H19,74,F,Medicaid,79,1,1,0,14,0,0
P07091,H03,59,F,Medicare,54,5,1,0,9,0,0
P07092,H20,63,F,Medicare,30,2,0,0,3,0,0
P07093,H19,70,M,Commercial,59,4,1,1,5,0,0
P07094,H14,65,M,Medicare,74,0,0,1,7,0,1
P07095,H01,72,M,Medicare,20,1,2,0,3,0,0
P07096,H06,62,M,Medicare,19,1,0,0,3,0,0
P07097,H19,71,F,Medicaid,28,1,0,1,5,0,0
P07098,H10,64,M,Commercial,52,0,0,0,5,0,0
P07099,H04,59,F,Commercial,35,2,0,0,4,0,0
P07100,H09,72,M,Commercial,42,2,0,1,5,0,0
P07101,H19,55,F,Medicare,22,1,0,0,4,0,0
P07102,H19,73,M,Medicare,34,2,2,1,5,0,0
P07103,H13,58,F,Medicaid,56,4,0,0,6,0,0
P07104,H04,74,M,Medicaid,19,0,0,0,4,0,0
P07105,H02,51,M,Medicare,76,1,0,0,10,0,1
P07106,H15,75,F,Medicare,25,1,0,0,3,0,0
P07107,H13,72,M,Medicare,28,1,0,0,3,0,0
P07108,H19,70,M,Commercial,61,3,2,0,8,1,0
P07109,H04,45,M,Medicaid,44,4,0,0,5,0,0
P07110,H16,71,M,Medicare,63,4,0,0,7,1,0
P07111,H11,59,M,Medicare,31,2,0,0,7,0,1
P07112,H14,65,M,Medicare,11,1,0,0,5,0,0
P07113,H14,65,M,Medicaid,18,1,1,0,2,0,0
P07114,H01,70,M,Medicare,54,2,1,1,7,0,0
P07115,H10,65,F,Medicare,11,2,0,1,2,0,1
P07116,H16,69,F,Medicare,62,0,1,0,6,0,0
P07117,H03,44,M,Medicare,23,3,1,0,4,0,0
P07118,H08,60,M,Commercial,7,0,2,0,2,0,0
P07119,H03,76,M,Medicare,12,4,2,1,3,0,0
P07120,H01,77,M,Medicaid,87,2,0,0,7,0,0
P07121,H04,66,M,Medicare,52,2,0,1,7,0,0
P07122,H19,47,M,Commercial,54,5,1,0,5,0,0
P07123,H15,42,F,Commercial,41,0,0,0,4,1,0
P07124,H12,57,M,Medicare,25,2,1,0,3,0,0
P07125,H18,46,F,Medicaid,43,3,2,0,4,0,0
P07126,H04,51,M,Medicare,35,2,2,0,6,0,0
P07127,H08,47,M,Medicare,51,2,0,0,7,0,0
P07128,H04,59,F,Medicare,19,1,0,0,4,0,0
P07129,H10,50,F,Commercial,65,1,1,0,5,0,0
P07130,H13,71,M,Medicare,37,2,1,1,6,1,0
P07131,H03,51,F,Medicare,37,0,1,0,7,0,0
P07132,H10,75,M,Commercial,42,2,0,0,7,0,0
P07133,H19,82,M,Medicare,46,1,2,0,4,0,0
P07134,H06,54,F,Medicare,34,1,1,0,3,0,0
P07135,H05,87,F,Medicare,66,1,1,0,7,0,0
P07136,H07,69,M,Medicare,84,1,0,0,7,1,1
P07137,H16,65,F,Commercial,56,1,1,0,6,1,0
P07138,H03,65,M,Medicare,15,1,0,0,5,0,0
P07139,H16,67,M,Medicare,40,2,0,0,4,0,1
P07140,H08,79,M,Medicaid,57,2,2,1,6,0,0
P07141,H08,60,M,Commercial,60,2,1,0,5,0,0
P07142,H16,72,F,Medicare,67,1,0,1,5,0,1
P07143,H09,60,M,Medicare,24,2,0,0,8,0,0
P07144,H03,78,F,Medicaid,15,0,1,0,4,0,0
P07145,H09,54,F,Medicare,47,1,1,1,6,0,0
P07146,H01,80,M,Medicare,45,6,1,0,6,0,0
P07147,H04,64,F,Medicare,62,4,0,1,4,1,1
P07148,H13,79,F,Commercial,22,4,0,1,4,0,0
P07149,H08,60,F,Medicare,51,3,0,0,5,0,0
P07150,H14,57,F,Medicaid,43,0,0,0,5,0,0
P07151,H17,43,F,Medicare,36,0,1,0,5,0,0
P07152,H11,52,F,Medicaid,13,2,0,1,2,0,0
P07153,H01,60,M,Medicare,42,0,0,1,7,0,0
P07154,H09,65,M,Commercial,80,2,0,0,7,0,0
P07155,H06,79,F,Medicare,23,2,1,0,3,0,0
P07156,H10,50,F,Medicare,55,1,2,0,5,0,0
P07157,H06,45,F,Medicare,40,2,0,0,5,0,0
P07158,H12,62,F,Medicare,55,0,3,0,5,0,0
P07159,H07,74,M,Commercial,72,3,0,0,6,1,1
P07160,H05,68,M,Medicare,27,3,1,0,3,0,1
P07161,H10,99,F,Medicare,47,2,2,0,10,0,1
P07162,H17,82,M,Commercial,3,4,0,0,12,0,0
P07163,H03,79,F,Medicaid,26,4,0,0,4,0,0
P07164,H04,70,F,Medicare,14,2,0,1,2,0,0
P07165,H19,68,M,Medicare,69,1,1,1,6,1,1
P07166,H06,87,M,Medicare,38,2,2,0,4,0,0
P07167,H15,61,F,Medicare,47,2,2,0,4,0,0
P07168,H10,66,M,Commercial,52,2,1,0,6,0,0
P07169,H19,80,F,Medicare,52,2,2,0,5,0,0
P07170,H14,57,M,Medicare,83,1,2,1,6,0,0
P07171,H08,46,F,Commercial,77,2,1,0,9,1,1
P07172,H11,61,M,Medicaid,62,5,1,0,8,1,0
P07173,H11,44,F,Commercial,43,1,0,0,3,0,0
P07174,H16,81,M,Medicare,71,4,1,0,8,1,0
P07175,H08,80,M,Commercial,67,3,0,0,8,1,0
P07176,H17,57,M,Medicare,52,2,2,0,5,0,0
P07177,H07,57,F,Medicare,38,1,0,0,5,1,0
P07178,H15,91,F,Medicare,24,4,1,0,4,0,0
P07179,H19,66,F,Commercial,66,2,2,0,6,0,0
P07180,H12,57,M,Medicare,42,2,1,0,7,0,1
P07181,H07,86,M,Medicare,25,4,0,1,3,1,0
P07182,H15,67,F,Medicare,46,1,0,1,6,0,0
P07183,H06,75,F,Medicare,70,3,0,0,5,1,0
P07184,H17,63,M,Commercial,73,3,0,1,5,1,0
P07185,H03,52,M,Commercial,32,1,0,0,11,0,0
P07186,H09,81,F,Medicare,71,0,0,0,5,0,0
P07187,H02,60,M,Medicaid,10,2,0,0,2,0,0
P07188,H03,69,M,Medicare,38,3,1,0,4,0,0
P07189,H15,40,M,Commercial,23,2,0,0,3,0,0
P07190,H13,73,M,Medicare,19,2,0,1,6,0,0
P07191,H17,61,M,Medicare,44,0,0,0,4,0,0
P07192,H02,65,M,Medicare,85,2,1,0,6,1,1
P07193,H09,28,F,Medicare,34,3,1,0,3,0,0
P07194,H13,77,M,Commercial,55,1,0,0,4,0,0
P07195,H13,69,F,Medicare,38,2,2,0,4,0,1
P07196,H15,57,F,Medicare,58,1,1,1,6,0,1
P07197,H13,86,F,Commercial,47,3,0,0,6,0,0
P07198,H09,69,M,Commercial,37,2,1,1,7,0,1
P07199,H04,95,M,Commercial,31,3,0,0,4,0,0
P07200,H06,70,M,Medicaid,20,1,1,0,3,0,0
P07201,H13,40,F,Commercial,28,3,0,0,2,0,0
P07202,H11,46,F,Medicare,9,2,0,0,3,0,0
P07203,H01,50,M,Medicare,69,1,2,0,7,0,0
P07204,H09,61,M,Commercial,47,3,0,0,9,0,0
P07205,H05,67,M,Commercial,62,2,1,0,11,0,1
P07206,H05,90,F,Medicare,57,3,1,0,6,0,0
P07207,H03,82,M,Medicare,32,3,0,1,7,0,0
P07208,H17,52,M,Medicaid,55,1,4,0,7,0,0
P07209,H01,71,M,Medicare,85,2,1,0,6,1,1
P07210,H15,48,F,Commercial,7,1,0,0,3,0,0
P07211,H17,62,M,Medicare,18,2,2,0,8,0,0
P07212,H16,80,M,Medicaid,21,3,0,1,5,0,0
P07213,H05,58,F,Medicare,65,1,1,0,5,0,1
P07214,H01,63,M,Medicare,72,1,1,0,6,0,0
P07215,H06,40,M,Medicare,11,0,2,1,3,0,0
P07216,H03,59,F,Medicaid,67,0,0,0,6,0,0
P07217,H15,66,F,Commercial,34,2,0,0,4,0,0
P07218,H11,71,F,Medicare,67,0,1,1,5,0,1
P07219,H13,68,M,Commercial,69,1,0,0,5,0,0
P07220,H17,76,M,Medicare,83,1,0,0,11,0,0
P07221,H14,79,M,Medicare,39,1,0,0,4,0,0
P07222,H18,52,M,Medicare,21,1,2,0,4,0,0
P07223,H14,57,F,Medicaid,34,3,0,0,4,0,0
P07224,H11,63,M,Commercial,55,4,0,0,6,0,0
P07225,H08,62,F,Commercial,56,1,0,0,4,0,0
P07226,H11,69,M,Medicare,60,1,0,0,7,0,0
P07227,H04,54,F,Medicare,48,5,0,0,4,0,0
P07228,H01,58,F,Medicare,18,2,0,0,5,0,0
P07229,H15,77,F,Commercial,87,1,0,0,6,1,0
P07230,H15,88,M,Medicare,43,4,0,1,7,0,0
P07231,H19,63,M,Medicare,70,1,0,0,6,0,0
P07232,H07,52,F,Commercial,36,5,0,0,5,1,0
P07233,H07,72,M,Commercial,16,4,0,1,6,1,0
P07234,H20,63,M,Commercial,34,3,1,0,5,0,0
P07235,H20,91,F,Medicare,20,2,3,1,3,0,0
P07236,H01,58,M,Medicare,14,3,0,0,2,0,0
P07237,H06,84,F,Medicare,44,2,0,0,6,1,0
P07238,H01,59,M,Medicaid,29,0,1,0,4,0,0
P07239,H16,72,M,Medicare,28,0,2,0,3,0,0
P07240,H20,69,F,Medicare,19,1,1,1,3,0,0
P07241,H09,40,M,Medicare,38,1,1,0,4,0,0
P07242,H19,57,F,Medicare,23,1,0,0,3,0,0
P07243,H17,58,M,Medicare,63,1,1,0,7,0,0
P07244,H16,67,F,Medicare,62,2,0,1,5,0,0
P07245,H07,83,F,Medicare,44,2,0,0,7,1,0
P07246,H16,74,M,Commercial,12,1,1,0,6,0,0
P07247,H04,42,F,Medicaid,33,2,1,0,8,0,0
P07248,H16,48,M,Medicaid,10,2,0,0,5,0,0
P07249,H05,79,F,Medicaid,85,3,0,0,6,1,1
P07250,H09,62,M,Medicare,62,1,0,0,6,0,1
P07251,H19,76,M,Medicaid,64,1,0,0,10,0,0
P07252,H15,75,F,Commercial,80,2,0,0,5,1,0
P07253,H02,66,M,Medicare,6,0,2,0,4,0,0
P07254,H20,66,M,Medicare,47,2,0,0,5,0,0
P07255,H10,45,F,Medicaid,37,1,2,0,4,0,0
P07256,H14,61,F,Medicare,25,1,0,1,3,0,0
P07257,H09,61,M,Medicare,70,3,0,1,6,1,0
P07258,H02,84,F,Medicare,42,0,0,1,4,0,0
P07259,H14,50,M,Medicare,15,3,1,1,4,0,0
P07260,H01,49,F,Medicare,19,2,0,0,4,0,0
P07261,H13,56,F,Commercial,46,2,0,1,4,0,1
P07262,H06,75,F,Commercial,41,1,0,0,5,0,0
P07263,H13,61,M,Medicare,25,0,2,0,5,0,0
P07264,H10,75,F,Commercial,44,4,0,0,6,0,0
P07265,H20,71,M,Medicaid,77,0,0,0,10,0,0
P07266,H20,67,F,Medicaid,62,1,0,1,5,0,1
P07267,H15,98,M,Medicare,39,1,2,0,9,0,0
P07268,H18,72,F,Medicare,33,4,0,0,5,0,0
P07269,H16,63,F,Medicare,71,0,1,0,9,0,0
P07270,H13,76,F,Commercial,63,3,1,0,6,1,0
P07271,H08,72,F,Medicare,28,4,2,0,3,0,0
P07272,H17,54,F,Medicare,18,2,1,1,2,0,0
P07273,H14,91,F,Commercial,39,1,1,1,4,0,0
P07274,H20,74,F,Medicare,30,1,0,0,3,0,0
P07275,H06,59,M,Medicaid,40,5,0,1,8,0,0
P07276,H03,83,F,Medicare,15,0,2,0,4,0,0
P07277,H11,81,F,Medicare,31,2,1,0,5,0,0
P07278,H03,49,M,Medicare,60,0,2,0,4,0,0
P07279,H16,68,F,Medicaid,59,1,0,1,6,0,0
P07280,H04,56,F,Medicare,58,2,0,1,5,0,0
P07281,H03,60,M,Commercial,61,2,1,0,6,0,0
P07282,H07,87,F,Medicaid,31,1,0,1,4,1,0
P07283,H04,86,M,Medicare,61,1,1,0,5,0,0
P07284,H06,79,M,Medicare,20,2,1,0,3,0,0
P07285,H20,76,M,Medicaid,57,0,2,1,6,0,1
P07286,H09,81,M,Medicare,24,0,1,0,4,0,0
P07287,H03,56,M,Commercial,62,1,1,0,6,0,0
P07288,H10,57,F,Medicare,54,0,0,0,6,0,0
P07289,H18,52,F,Medicare,41,2,1,0,4,0,0
P07290,H01,54,M,Medicare,23,3,1,0,2,0,0
P07291,H14,81,F,Medicare,25,3,0,0,3,0,0
P07292,H16,75,M,Medicare,62,2,2,0,6,0,0
P07293,H19,63,F,Medicare,11,1,0,1,2,0,0
P07294,H08,72,F,Medicare,35,3,2,0,7,1,0
P07295,H04,71,F,Commercial,19,2,1,0,12,0,0
P07296,H08,63,M,Medicare,46,0,0,0,7,0,0
P07297,H20,67,F,Commercial,25,0,0,0,3,0,0
P07298,H12,49,F,Medicare,28,2,1,0,9,0,0
P07299,H15,56,F,Medicare,4,0,0,0,4,0,0
P07300,H09,62,F,Medicare,18,0,1,1,3,0,0
P07301,H16,86,F,Medicare,56,2,0,0,5,0,0
P07302,H20,59,F,Medicaid,26,2,0,1,6,0,0
P07303,H06,78,M,Medicare,49,2,0,0,9,0,0
P07304,H20,67,F,Medicare,32,2,2,0,4,0,0
P07305,H12,65,F,Medicare,39,0,1,1,5,0,0
P07306,H01,50,M,Medicare,40,0,1,0,3,0,0
P07307,H01,77,M,Medicare,63,2,2,0,5,0,1
P07308,H12,69,M,Medicare,48,0,0,0,9,0,0
P07309,H01,73,M,Commercial,42,4,1,0,5,0,0
P07310,H08,78,F,Medicaid,26,5,2,1,6,0,0
P07311,H18,89,M,Medicare,33,1,1,1,5,0,0
P07312,H16,44,F,Medicare,20,1,0,0,3,0,1
P07313,H11,85,F,Commercial,42,1,0,1,5,0,0
P07314,H15,63,F,Medicare,8,3,0,1,2,0,1
P07315,H05,49,F,Commercial,50,2,1,1,8,0,0
P07316,H05,68,M,Commercial,35,1,1,0,4,0,0
P07317,H11,61,M,Commercial,58,2,2,1,4,0,0
P07318,H16,85,F,Medicare,45,2,0,0,5,0,0
P07319,H04,58,F,Medicare,55,1,1,0,5,0,0
P07320,H11,53,F,Commercial,28,0,0,0,4,0,0
P07321,H06,60,F,Medicare,71,2,1,1,7,0,1
P07322,H04,71,F,Medicare,79,2,2,0,7,1,1
P07323,H15,66,M,Commercial,64,1,0,0,7,0,0
P07324,H05,53,F,Medicare,18,0,0,0,4,0,0
P07325,H03,48,M,Commercial,55,2,3,1,5,0,0
P07326,H14,67,F,Medicare,42,1,0,0,5,0,0
P07327,H13,43,F,Medicare,44,0,0,0,5,1,0
P07328,H13,74,F,Medicare,43,2,1,0,5,0,1
P07329,H10,54,F,Medicare,42,2,2,0,5,0,0
P07330,H19,71,M,Medicare,43,3,0,0,7,0,0
P07331,H07,65,M,Medicaid,53,2,0,0,6,1,0
P07332,H08,62,M,Medicare,52,2,2,0,4,0,0
P07333,H06,79,F,Medicaid,26,1,1,0,5,0,0
P07334,H13,87,M,Medicaid,44,5,1,1,7,0,1
P07335,H03,69,F,Commercial,53,3,1,1,9,0,1
P07336,H19,56,F,Commercial,36,3,0,1,3,0,0
P07337,H08,55,M,Medicare,41,1,0,0,5,0,0
P07338,H20,66,F,Commercial,33,0,0,0,11,0,0
P07339,H19,72,M,Medicaid,42,0,1,1,5,0,0
P07340,H09,87,M,Medicare,49,2,0,1,6,0,1
P07341,H19,67,M,Medicare,52,5,1,0,7,0,1
P07342,H17,77,M,Medicare,62,4,0,0,6,1,0
P07343,H13,57,F,Medicaid,36,0,0,0,6,0,0
P07344,H18,59,F,Commercial,43,2,0,0,5,0,0
P07345,H08,77,F,Medicare,28,1,1,0,4,0,0
P07346,H13,81,F,Commercial,61,0,2,0,5,0,0
P07347,H12,63,F,Medicare,38,3,2,0,6,0,0
P07348,H05,47,M,Medicare,39,1,0,0,4,0,0
P07349,H14,56,F,Medicare,38,4,2,0,4,0,0
P07350,H09,56,F,Medicaid,64,3,2,0,8,1,0
P07351,H01,65,M,Medicaid,72,3,2,1,6,1,1
P07352,H13,72,M,Medicare,26,4,0,0,9,0,0
P07353,H01,87,F,Commercial,67,4,1,0,5,1,0
P07354,H08,69,M,Medicaid,40,4,0,0,4,0,0
P07355,H20,58,F,Medicaid,48,0,0,0,5,0,0
P07356,H04,71,M,Medicaid,81,2,0,0,8,0,0
P07357,H18,76,M,Medicare,17,1,0,0,2,0,0
P07358,H12,78,F,Medicaid,41,2,0,0,4,0,0
P07359,H16,75,M,Medicare,36,1,1,0,6,0,0
P07360,H05,54,M,Medicaid,59,0,0,0,5,0,0
P07361,H20,46,F,Medicare,31,1,0,0,10,0,0
P07362,H15,61,F,Medicaid,64,0,1,0,7,0,1
P07363,H10,47,M,Commercial,73,3,0,0,5,1,0
P07364,H15,76,F,Medicare,17,2,0,0,4,0,0
P07365,H15,78,F,Medicare,44,1,0,0,4,0,0
P07366,H11,85,M,Medicare,8,5,1,0,6,0,1
P07367,H14,68,M,Medicare,36,2,1,1,5,0,0
P07368,H12,52,F,Commercial,57,0,2,0,5,0,0
P07369,H10,74,M,Medicare,28,3,0,0,3,0,0
P07370,H03,51,M,Medicare,68,3,0,0,7,1,0
P07371,H15,63,M,Commercial,58,2,3,1,5,0,0
P07372,H03,55,F,Commercial,33,2,1,0,4,0,0
P07373,H17,87,M,Commercial,45,3,1,1,7,0,0
P07374,H12,70,F,Medicaid,67,3,0,0,5,1,0
P07375,H10,73,F,Commercial,33,5,2,0,3,0,0
P07376,H01,68,M,Medicaid,52,1,0,0,5,1,0
P07377,H02,53,F,Commercial,69,2,0,0,6,0,0
P07378,H17,51,M,Commercial,54,4,3,0,6,0,0
P07379,H14,69,M,Medicaid,69,4,0,0,7,1,1
P07380,H09,60,F,Medicaid,50,3,1,1,6,1,0
P07381,H17,72,F,Medicaid,51,1,0,1,5,0,0
P07382,H15,83,M,Medicare,49,3,1,0,4,0,0
P07383,H18,63,M,Medicaid,57,1,1,1,5,0,0
P07384,H03,66,F,Medicare,33,6,0,0,4,0,0
P07385,H12,87,F,Medicare,54,3,2,0,7,0,1
P07386,H18,64,M,Commercial,44,1,2,1,3,0,0
P07387,H18,50,M,Medicaid,30,3,2,1,3,0,0
P07388,H03,58,M,Medicare,26,4,1,1,3,0,0
P07389,H12,63,F,Commercial,22,1,0,0,3,0,0
P07390,H18,67,F,Commercial,49,1,1,1,7,1,0
P07391,H08,68,F,Commercial,77,1,0,0,5,1,0
P07392,H18,85,F,Commercial,51,0,0,0,4,0,1
P07393,H13,69,M,Medicare,25,3,1,0,6,0,0
P07394,H19,45,M,Commercial,32,6,1,1,10,0,0
P07395,H16,59,M,Commercial,38,0,0,1,6,0,0
P07396,H20,79,M,Medicare,20,2,0,0,6,0,0
P07397,H11,64,M,Medicare,36,0,0,1,4,0,0
P07398,H08,64,F,Commercial,36,3,2,0,4,0,0
P07399,H12,77,M,Medicare,69,4,0,1,8,1,1
P07400,H02,79,F,Medicaid,49,6,0,0,5,0,0
P07401,H15,53,F,Medicaid,3,1,1,1,7,0,0
P07402,H17,59,M,Medicare,33,1,2,0,7,0,0
P07403,H11,77,F,Medicare,50,1,0,0,5,1,0
P07404,H04,74,F,Medicaid,44,0,0,0,11,0,1
P07405,H20,60,M,Medicare,31,2,0,0,5,0,0
P07406,H14,62,F,Medicare,19,1,0,0,2,0,0
P07407,H16,67,F,Commercial,43,2,3,0,4,0,0
P07408,H14,70,M,Medicare,33,2,0,0,3,0,0
P07409,H12,52,M,Medicaid,50,4,1,0,5,0,0
P07410,H18,79,F,Commercial,29,6,0,0,4,0,0
P07411,H13,80,F,Medicare,32,1,0,0,8,0,0
P07412,H11,76,M,Medicare,73,3,0,0,7,1,1
P07413,H20,83,F,Medicare,23,1,1,1,3,0,0
P07414,H15,57,F,Medicare,15,2,0,0,6,0,0
P07415,H08,85,M,Medicare,27,2,0,0,3,0,0
P07416,H11,71,M,Medicare,56,2,1,0,5,0,0
P07417,H15,52,M,Medicare,69,1,0,0,6,1,1
P07418,H07,66,F,Medicare,51,0,0,0,6,1,0
P07419,H03,55,F,Medicare,5,3,1,1,2,0,1
P07420,H18,67,F,Medicare,85,2,0,0,9,1,0
P07421,H17,79,M,Commercial,58,1,1,0,17,0,0
P07422,H03,63,M,Commercial,78,2,1,1,7,0,0
P07423,H08,64,F,Medicaid,43,3,1,0,3,0,0
P07424,H06,46,F,Commercial,69,2,2,0,5,0,0
P07425,H04,44,F,Commercial,49,3,2,0,7,0,0
P07426,H08,65,M,Medicare,12,2,1,0,2,0,0
P07427,H10,56,M,Medicaid,52,1,1,0,4,0,0
P07428,H09,71,F,Medicare,55,4,0,0,6,0,0
P07429,H15,55,F,Medicare,70,1,1,0,7,0,0
P07430,H13,97,F,Medicare,27,2,1,0,5,0,0
P07431,H15,58,M,Commercial,43,1,1,1,6,1,0
P07432,H04,72,M,Medicaid,58,2,2,0,8,0,0
P07433,H01,83,M,Medicaid,31,6,0,0,4,0,1
P07434,H10,96,F,Medicare,21,1,0,1,3,0,0
P07435,H06,65,F,Medicaid,63,2,2,1,7,0,0
P07436,H20,71,M,Commercial,35,2,1,0,5,0,0
P07437,H20,84,M,Medicare,22,3,0,0,4,0,0
P07438,H10,74,F,Medicaid,50,4,1,0,8,0,0
P07439,H18,49,M,Medicare,52,4,1,0,5,0,0
P07440,H01,54,F,Medicaid,16,2,1,0,2,0,0
P07441,H01,86,M,Medicare,40,4,1,0,4,0,0
P07442,H16,73,M,Medicaid,50,2,0,0,4,0,0
P07443,H17,74,M,Commercial,55,2,1,0,6,1,1
P07444,H20,57,M,Medicare,80,6,1,0,5,1,1
P07445,H18,77,F,Medicare,25,2,1,0,4,0,0
P07446,H11,63,M,Medicaid,36,3,1,0,4,0,0
P07447,H16,65,M,Medicaid,24,1,0,0,8,0,0
P07448,H06,64,M,Commercial,26,2,0,0,6,0,0
P07449,H06,47,F,Medicare,26,3,1,0,3,0,0
P07450,H20,75,F,Medicaid,25,1,1,0,3,0,0
P07451,H18,51,M,Commercial,16,1,0,1,3,0,0
P07452,H17,72,M,Medicare,7,1,0,0,3,0,0
P07453,H13,72,F,Medicare,28,2,0,0,6,0,0
P07454,H13,39,F,Medicare,53,1,0,0,7,0,0
P07455,H01,72,F,Medicare,43,2,0,0,4,0,0
P07456,H06,80,M,Commercial,30,4,0,1,5,0,0
P07457,H10,59,F,Medicare,41,3,1,1,5,0,0
P07458,H02,65,M,Medicaid,12,0,1,1,2,1,0
P07459,H14,69,M,Commercial,79,1,0,0,7,0,1
P07460,H10,65,M,Commercial,46,1,0,1,6,0,0
P07461,H11,92,M,Medicaid,20,0,3,0,4,0,0
P07462,H13,85,M,Medicaid,67,4,1,0,5,1,0
P07463,H08,80,F,Medicaid,59,6,1,0,6,0,1
P07464,H18,77,F,Medicare,51,0,1,1,8,0,0
P07465,H02,78,M,Medicare,39,4,1,0,8,0,0
P07466,H12,48,M,Commercial,68,3,0,1,6,1,0
P07467,H09,75,M,Medicaid,51,3,1,0,6,0,0
P07468,H09,72,M,Medicare,48,2,0,1,5,0,0
P07469,H10,77,M,Medicare,41,4,1,0,4,0,0
P07470,H17,68,F,Medicare,49,0,1,0,6,0,0
P07471,H06,55,F,Medicaid,43,1,2,0,4,0,0
P07472,H16,52,F,Commercial,12,3,0,0,6,0,0
P07473,H11,47,M,Commercial,47,0,0,0,5,0,0
P07474,H14,67,M,Medicare,17,0,0,0,3,0,0
P07475,H16,52,F,Medicare,48,2,1,0,6,0,0
P07476,H12,80,M,Commercial,2,0,0,0,5,0,0
P07477,H16,60,M,Medicare,23,1,1,1,4,0,0
P07478,H01,77,M,Medicare,65,3,0,0,10,0,0
P07479,H16,58,F,Medicare,37,0,0,0,3,0,0
P07480,H10,62,F,Medicare,18,3,0,1,4,0,0
P07481,H01,82,F,Medicare,29,3,1,0,4,0,0
P07482,H03,74,F,Medicare,70,1,3,0,7,0,0
P07483,H07,70,M,Medicaid,23,1,0,0,3,1,0
P07484,H02,72,F,Commercial,76,3,1,0,5,1,0
P07485,H10,57,M,Medicare,43,1,0,0,7,0,0
P07486,H10,69,F,Medicare,47,2,0,1,6,1,0
P07487,H03,58,F,Medicare,37,2,0,0,3,0,0
P07488,H18,67,F,Commercial,7,2,1,0,3,0,1
P07489,H13,75,M,Commercial,61,1,0,0,7,1,0
P07490,H11,72,F,Medicare,51,2,0,0,4,0,0
P07491,H16,73,F,Medicare,23,4,0,1,6,0,0
P07492,H20,76,M,Commercial,76,2,2,0,7,0,1
P07493,H02,46,M,Medicare,40,2,0,0,6,0,0
P07494,H20,71,F,Medicare,43,3,2,0,3,0,0
P07495,H17,86,F,Commercial,23,2,0,1,4,0,0
P07496,H11,55,F,Medicare,48,0,0,0,4,0,0
P07497,H03,65,F,Medicare,7,3,2,0,3,0,0
P07498,H07,78,F,Medicaid,78,7,0,0,5,1,0
P07499,H11,61,M,Medicaid,25,0,0,0,7,0,0
P07500,H14,73,F,Medicaid,39,2,1,0,4,0,0
P07501,H12,93,M,Medicare,38,2,0,0,3,1,0
P07502,H01,65,F,Medicare,62,1,1,0,5,0,0
P07503,H15,77,M,Commercial,22,1,1,1,2,0,0
P07504,H15,53,F,Medicare,54,2,1,0,6,0,0
P07505,H03,77,F,Medicaid,60,1,0,1,4,1,0
P07506,H06,85,M,Medicare,23,1,0,0,3,0,0
P07507,H06,70,F,Medicare,40,1,1,0,4,0,0
P07508,H18,55,F,Medicaid,51,0,1,0,7,0,0
P07509,H13,69,F,Medicare,35,2,0,0,4,0,0
P07510,H11,72,M,Medicaid,7,1,1,0,5,0,0
P07511,H03,54,M,Medicare,50,1,0,1,6,1,0
P07512,H07,67,F,Medicare,70,2,1,0,6,1,0
P07513,H03,72,F,Medicare,19,2,0,0,3,0,0
P07514,H04,65,M,Commercial,25,1,1,1,9,0,0
P07515,H10,67,M,Medicare,59,0,0,1,5,0,0
P07516,H05,65,M,Medicare,16,1,0,1,6,0,0
P07517,H16,67,M,Commercial,24,2,0,0,3,0,0
P07518,H20,36,F,Medicare,41,3,1,0,3,0,0
P07519,H02,46,M,Medicare,28,0,0,0,5,0,0
P07520,H20,85,M,Medicare,75,4,3,1,7,1,1
P07521,H04,65,M,Medicaid,26,4,1,0,8,0,0
P07522,H02,99,F,Medicare,59,5,0,1,8,0,0
P07523,H11,74,M,Medicare,9,2,2,0,3,0,1
P07524,H12,75,F,Medicare,38,0,0,0,3,0,0
P07525,H17,48,F,Medicare,30,3,1,1,4,0,0
P07526,H05,51,F,Commercial,27,2,2,1,3,0,0
P07527,H15,61,M,Medicare,39,3,1,0,4,0,0
P07528,H13,55,F,Medicare,63,0,1,1,6,0,0
P07529,H03,52,F,Commercial,31,3,1,0,4,0,1
P07530,H14,61,M,Medicare,61,2,1,0,5,0,0
P07531,H06,75,M,Commercial,9,3,2,0,5,0,0
P07532,H07,62,M,Medicare,68,2,0,0,5,1,0
P07533,H15,76,F,Medicare,42,5,1,0,4,0,0
P07534,H12,77,F,Medicare,5,1,0,0,4,0,0
P07535,H10,61,M,Medicaid,56,1,1,0,15,1,0
P07536,H13,66,M,Commercial,34,1,0,0,3,0,0
P07537,H06,99,F,Medicare,74,1,0,1,5,0,0
P07538,H02,49,M,Medicare,25,0,2,0,6,0,0
P07539,H18,56,M,Medicare,28,1,3,1,3,0,0
P07540,H06,86,M,Medicaid,69,0,2,1,6,0,0
P07541,H18,62,M,Medicare,32,2,0,0,7,0,0
P07542,H11,87,F,Commercial,42,2,0,1,5,0,0
P07543,H05,68,F,Medicare,33,3,2,0,5,0,0
P07544,H02,62,F,Medicare,38,1,1,0,7,0,0
P07545,H01,66,M,Medicare,25,2,1,0,2,0,0
P07546,H05,74,M,Medicare,29,1,2,0,6,0,0
P07547,H13,74,F,Medicaid,30,3,1,0,4,0,0
P07548,H01,73,M,Medicare,71,2,0,1,5,0,1
P07549,H14,58,M,Medicaid,50,5,1,0,7,1,0
P07550,H07,66,F,Medicaid,34,1,1,1,3,1,0
P07551,H04,86,F,Medicare,54,1,1,0,5,0,0
P07552,H06,65,F,Commercial,53,3,1,0,5,0,0
P07553,H17,59,F,Medicare,52,0,0,0,6,0,0
P07554,H19,70,F,Medicare,60,3,0,0,4,1,0
P07555,H07,74,M,Commercial,1,3,1,0,2,1,0
P07556,H05,81,F,Commercial,54,0,0,1,5,0,0
P07557,H13,73,M,Medicaid,27,2,0,0,4,0,1
P07558,H17,68,M,Medicare,52,1,0,0,5,0,0
P07559,H18,63,F,Commercial,78,2,1,1,10,1,1
P07560,H01,58,F,Commercial,55,2,2,0,4,0,0
P07561,H09,65,F,Medicare,55,3,0,0,7,0,1
P07562,H11,73,M,Medicare,37,3,1,0,4,0,0
P07563,H02,96,F,Medicare,46,1,0,0,6,0,0
P07564,H14,90,F,Commercial,69,2,2,1,7,0,1
P07565,H12,71,F,Medicare,45,1,0,0,4,0,0
P07566,H12,59,M,Medicare,8,1,3,1,2,0,0
P07567,H18,66,F,Medicare,27,4,2,0,4,0,0
P07568,H20,77,F,Medicare,33,2,0,0,5,0,0
P07569,H04,71,M,Medicare,76,2,1,1,6,0,1
P07570,H08,77,F,Medicare,34,4,1,0,5,0,0
P07571,H11,69,M,Commercial,72,5,0,1,6,1,0
P07572,H06,74,M,Medicaid,67,5,1,1,13,1,0
P07573,H09,62,M,Medicaid,67,1,2,0,6,0,0
P07574,H04,72,M,Commercial,72,0,2,1,7,0,0
P07575,H08,82,F,Commercial,14,1,0,0,4,0,0
P07576,H10,62,F,Commercial,73,2,3,0,6,0,1
P07577,H19,68,M,Commercial,59,2,0,1,6,0,0
P07578,H06,69,F,Medicare,48,7,0,0,5,0,1
P07579,H02,54,M,Commercial,47,0,0,0,6,0,0
P07580,H17,57,M,Medicare,21,4,0,0,7,0,0
P07581,H02,72,M,Medicare,53,4,0,0,8,0,0
P07582,H19,71,F,Medicare,47,1,0,0,6,0,0
P07583,H13,64,M,Commercial,15,1,1,0,2,0,0
P07584,H11,75,F,Medicaid,36,1,1,1,7,0,0
P07585,H07,53,M,Medicare,78,1,0,1,8,1,0
P07586,H19,83,F,Medicare,7,2,1,0,3,0,0
P07587,H03,71,F,Medicare,63,2,1,0,10,0,0
P07588,H14,68,F,Medicare,48,1,0,1,8,0,0
P07589,H02,52,F,Commercial,24,2,5,1,5,0,0
P07590,H16,43,M,Medicare,37,2,1,0,5,0,0
P07591,H16,39,F,Medicare,32,3,1,0,3,0,0
P07592,H15,56,M,Medicare,15,3,2,0,4,0,0
P07593,H10,55,M,Medicaid,58,2,3,1,5,1,0
P07594,H11,74,F,Medicare,37,1,1,0,4,0,0
P07595,H18,70,M,Commercial,46,2,0,0,3,0,0
P07596,H07,57,M,Medicare,32,2,1,0,3,1,0
P07597,H06,51,F,Medicare,28,3,1,1,3,0,0
P07598,H14,51,F,Commercial,24,4,1,1,5,0,0
P07599,H07,53,F,Medicare,12,2,0,1,3,1,0
P07600,H09,63,F,Medicare,36,1,2,0,10,0,0
P07601,H11,32,F,Medicare,35,1,0,1,5,0,0
P07602,H20,90,F,Medicare,16,4,0,0,3,0,0
P07603,H15,78,M,Medicare,67,2,0,1,8,0,1
P07604,H01,76,M,Medicaid,76,3,0,0,6,1,1
P07605,H16,70,M,Medicare,70,1,1,1,7,1,0
P07606,H14,62,M,Medicaid,78,5,0,0,6,1,1
P07607,H04,58,M,Medicaid,2,0,0,1,4,0,0
P07608,H06,64,F,Medicaid,88,2,1,0,6,0,1
P07609,H09,50,M,Medicare,81,3,1,0,6,1,1
P07610,H19,60,F,Medicaid,78,1,0,1,6,1,0
P07611,H11,65,M,Medicaid,57,4,1,1,5,0,0
P07612,H19,58,M,Medicare,28,1,0,1,3,0,0
P07613,H07,55,M,Medicare,49,2,1,1,5,1,0
P07614,H09,86,M,Medicare,35,2,1,1,3,0,1
P07615,H05,69,F,Medicare,28,2,1,0,5,0,0
P07616,H03,55,F,Commercial,14,3,0,0,4,0,0
P07617,H02,68,F,Medicaid,53,1,1,1,4,0,0
P07618,H18,82,F,Commercial,55,1,1,0,5,0,0
P07619,H13,49,M,Medicare,29,2,1,0,3,0,0
P07620,H09,79,F,Commercial,55,1,0,0,16,0,0
P07621,H03,71,M,Medicare,35,2,0,0,4,0,0
P07622,H15,67,M,Medicare,13,3,2,1,3,0,0
P07623,H18,36,F,Medicaid,55,2,0,0,5,0,0
P07624,H10,41,F,Medicare,58,4,1,0,6,0,0
P07625,H13,79,M,Medicare,31,0,1,0,5,1,0
P07626,H18,68,F,Medicare,30,3,0,1,3,0,0
P07627,H12,83,M,Medicare,46,1,1,0,5,0,0
P07628,H12,62,F,Medicare,62,2,2,0,5,0,0
P07629,H18,97,F,Medicare,46,4,0,0,5,0,0
P07630,H07,81,F,Commercial,59,2,0,1,6,1,0
P07631,H10,84,F,Medicare,64,1,1,0,5,0,1
P07632,H09,84,F,Medicare,36,4,0,0,6,0,1
P07633,H09,62,M,Commercial,75,3,1,0,6,1,1
P07634,H04,62,M,Medicaid,6,3,0,0,6,0,0
P07635,H19,61,F,Commercial,47,1,2,0,8,0,0
P07636,H03,49,F,Commercial,50,3,0,0,6,0,0
P07637,H10,73,M,Medicaid,24,0,1,1,4,0,0
P07638,H15,56,F,Medicare,62,1,1,0,6,0,0
P07639,H18,42,M,Medicaid,51,7,0,1,5,0,0
P07640,H02,63,F,Commercial,41,1,0,0,4,0,0
P07641,H01,62,F,Commercial,51,2,1,0,4,0,0
P07642,H20,72,F,Medicare,35,2,0,0,5,0,0
P07643,H07,95,F,Medicare,20,1,1,0,3,1,0
P07644,H02,58,F,Medicare,61,2,1,0,6,1,0
P07645,H02,74,M,Medicare,50,3,2,0,4,0,0
P07646,H01,72,M,Medicare,64,1,2,0,8,1,0
P07647,H19,74,M,Medicare,42,2,0,0,4,0,0
P07648,H04,84,F,Medicaid,43,2,0,0,5,0,0
P07649,H09,73,F,Medicare,37,7,1,0,4,0,0
P07650,H07,78,M,Commercial,22,3,1,0,5,1,0
P07651,H18,64,M,Medicare,24,2,2,1,7,0,0
P07652,H01,83,F,Medicaid,16,2,0,0,6,0,0
P07653,H01,70,M,Medicare,73,2,1,0,8,1,0
P07654,H06,77,M,Medicaid,43,4,0,0,4,0,0
P07655,H15,71,F,Commercial,25,3,0,1,3,0,0
P07656,H11,70,F,Commercial,78,3,0,0,6,0,1
P07657,H01,44,M,Medicare,35,2,2,0,5,0,0
P07658,H09,61,M,Medicaid,30,2,1,0,4,0,0
P07659,H02,59,M,Commercial,33,0,1,0,8,0,0
P07660,H13,53,F,Commercial,61,1,0,0,9,0,0
P07661,H13,67,F,Medicare,11,1,1,0,2,0,0
P07662,H01,57,F,Medicaid,77,1,0,0,6,0,1
P07663,H17,55,F,Medicare,48,4,0,0,7,0,0
P07664,H15,78,M,Medicare,14,0,0,0,5,0,0
P07665,H14,57,M,Commercial,30,2,0,0,3,0,0
P07666,H16,76,F,Medicare,72,4,1,0,7,0,1
P07667,H08,67,F,Commercial,55,1,0,1,5,0,0
P07668,H15,66,M,Medicare,34,1,2,0,5,0,1
P07669,H08,81,F,Medicare,50,2,0,0,6,1,0
P07670,H14,92,M,Medicare,63,2,1,1,11,0,0
P07671,H02,53,F,Medicare,40,2,1,1,4,0,0
P07672,H07,80,F,Medicaid,73,1,0,1,8,1,0
P07673,H07,66,M,Commercial,57,3,0,0,5,1,0
P07674,H20,46,M,Commercial,40,0,0,0,6,0,0
P07675,H12,74,F,Medicaid,34,1,1,0,4,0,0
P07676,H10,52,F,Medicare,34,4,0,0,5,0,0
P07677,H20,60,F,Commercial,51,4,1,0,5,0,0
P07678,H05,45,M,Medicaid,25,3,0,0,3,0,0
P07679,H18,76,F,Medicare,50,3,2,0,5,0,0
P07680,H01,73,F,Medicare,61,2,0,0,7,0,0
P07681,H01,38,M,Medicare,32,3,0,0,11,0,0
P07682,H10,59,F,Medicare,64,4,0,0,5,1,1
P07683,H20,61,M,Commercial,43,4,1,0,5,0,0
P07684,H11,60,F,Medicare,14,0,0,0,2,0,0
P07685,H09,90,F,Medicare,25,3,1,1,2,0,0
P07686,H19,63,M,Commercial,58,1,2,0,7,0,0
P07687,H19,56,F,Medicare,28,1,1,0,3,0,0
P07688,H19,54,F,Medicare,55,1,0,0,7,0,0
P07689,H04,76,F,Commercial,49,0,3,0,7,0,0
P07690,H04,54,F,Medicaid,29,0,0,0,12,0,0
P07691,H01,62,F,Commercial,71,0,1,0,8,0,0
P07692,H09,75,F,Medicare,28,2,1,0,4,0,1
P07693,H04,70,M,Medicare,27,1,2,0,7,0,1
P07694,H15,69,M,Medicare,13,1,0,1,6,0,0
P07695,H07,52,M,Commercial,13,1,0,1,7,1,0
P07696,H16,61,M,Medicaid,6,1,0,0,2,0,0
P07697,H07,64,M,Medicare,58,1,1,0,5,1,1
P07698,H02,62,F,Medicare,46,5,0,0,6,0,0
P07699,H09,56,M,Commercial,59,3,2,0,6,0,1
P07700,H16,68,F,Medicare,16,3,0,0,7,0,0
P07701,H13,63,M,Medicare,46,1,2,0,4,0,0
P07702,H03,46,M,Medicare,59,4,2,0,5,0,0
P07703,H08,56,F,Medicare,21,2,1,0,5,0,0
P07704,H14,73,M,Medicare,41,5,2,0,3,0,1
P07705,H19,71,M,Medicare,47,0,0,0,5,0,0
P07706,H03,58,M,Commercial,81,1,0,0,6,0,0
P07707,H18,68,F,Medicaid,7,2,0,0,2,0,0
P07708,H17,65,F,Medicare,34,3,1,0,4,0,0
P07709,H08,50,F,Medicaid,81,1,1,0,7,1,1
P07710,H01,99,F,Medicare,6,1,1,0,3,0,0
P07711,H10,89,M,Medicaid,75,1,1,1,13,1,1
P07712,H19,64,F,Medicare,41,1,0,1,3,0,0
P07713,H17,83,M,Medicaid,9,4,0,0,3,0,0
P07714,H03,65,M,Medicare,88,3,0,0,13,1,1
P07715,H06,63,F,Medicare,48,0,0,1,7,0,0
P07716,H07,75,F,Medicare,61,0,3,0,6,1,0
P07717,H10,81,M,Medicare,4,3,0,0,4,0,0
P07718,H08,72,M,Medicare,32,0,1,0,4,0,1
P07719,H01,71,M,Medicare,11,4,1,0,3,0,0
P07720,H20,59,F,Commercial,70,1,0,0,6,1,0
P07721,H13,63,M,Commercial,75,3,0,0,7,1,0
P07722,H03,73,M,Medicaid,9,2,0,0,7,0,0
P07723,H20,83,F,Commercial,20,2,1,1,4,0,0
P07724,H17,50,F,Medicare,55,3,2,0,6,0,0
P07725,H14,77,F,Medicare,25,1,1,0,6,0,0
P07726,H12,54,M,Medicaid,27,0,1,0,5,0,0
P07727,H12,67,M,Medicaid,33,3,0,0,7,0,0
P07728,H07,53,F,Medicaid,22,3,1,0,3,1,0
P07729,H08,63,M,Medicaid,45,0,2,1,6,0,0
P07730,H11,65,F,Commercial,15,1,1,0,5,0,0
P07731,H19,50,F,Medicare,39,1,1,0,5,0,0
P07732,H15,96,M,Medicare,50,2,0,0,4,1,0
P07733,H12,59,F,Medicaid,39,1,2,0,4,0,0
P07734,H05,71,F,Medicare,48,1,0,1,5,1,0
P07735,H19,87,M,Commercial,59,1,0,0,5,0,0
P07736,H06,51,F,Medicare,12,1,0,0,6,0,0
P07737,H15,36,M,Medicare,44,3,0,0,5,0,0
P07738,H09,66,M,Commercial,67,3,0,0,7,1,0
P07739,H03,52,M,Medicare,17,1,3,0,8,0,1
P07740,H20,76,F,Commercial,76,1,0,0,5,0,0
P07741,H18,62,F,Medicare,67,5,0,0,5,1,1
P07742,H16,57,F,Medicaid,22,0,0,0,5,0,0
P07743,H19,59,M,Medicaid,39,3,0,1,4,0,0
P07744,H14,31,F,Medicare,47,0,1,1,6,0,0
P07745,H05,73,F,Commercial,47,2,0,0,4,0,0
P07746,H02,66,M,Medicare,48,2,0,0,6,1,0
P07747,H11,79,F,Commercial,40,4,1,1,5,0,0
P07748,H02,86,M,Medicare,23,6,0,0,8,0,0
P07749,H20,75,F,Medicare,59,0,0,0,9,0,1
P07750,H09,76,F,Medicare,44,1,0,0,4,0,0
P07751,H01,28,F,Medicare,31,4,0,0,7,0,0
P07752,H09,82,M,Medicaid,34,3,1,1,4,0,1
P07753,H13,80,F,Commercial,50,1,0,1,5,0,0
P07754,H18,56,F,Medicare,18,2,1,1,2,0,1
P07755,H01,69,M,Medicare,36,1,0,0,9,0,0
P07756,H19,52,F,Medicare,82,4,1,0,6,1,1
P07757,H07,70,F,Medicare,82,4,1,0,8,1,0
P07758,H05,72,M,Medicare,23,3,1,0,3,0,0
P07759,H08,85,M,Commercial,55,1,1,1,5,0,0
P07760,H03,72,F,Commercial,54,1,2,0,7,1,1
P07761,H04,66,F,Medicare,20,2,0,1,4,0,0
P07762,H14,71,F,Medicare,20,0,0,0,6,0,0
P07763,H03,65,F,Medicaid,33,2,1,0,4,0,0
P07764,H01,63,F,Medicare,69,2,1,0,5,0,0
P07765,H07,58,M,Commercial,37,3,1,0,7,1,0
P07766,H18,41,M,Medicare,39,3,0,0,4,0,0
P07767,H03,86,M,Medicare,34,4,1,0,3,0,0
P07768,H01,75,F,Medicare,57,0,0,0,9,0,0
P07769,H01,82,M,Medicaid,39,4,3,0,4,0,1
P07770,H01,50,F,Medicare,13,2,1,1,3,0,0
P07771,H02,71,M,Medicare,24,0,2,0,4,0,0
P07772,H12,67,F,Medicaid,63,2,0,0,8,1,0
P07773,H04,56,M,Medicare,23,1,0,0,5,0,0
P07774,H07,90,F,Medicare,30,2,2,0,6,1,0
P07775,H19,71,F,Medicare,49,1,1,0,8,0,0
P07776,H11,60,F,Medicare,74,3,1,1,6,1,0
P07777,H06,62,F,Commercial,39,3,2,0,4,0,0
P07778,H09,76,F,Medicare,42,3,1,0,4,0,0
P07779,H17,71,M,Commercial,19,2,0,1,7,0,0
P07780,H04,52,M,Medicare,47,4,1,0,5,0,0
P07781,H17,75,F,Commercial,50,3,0,0,7,0,1
P07782,H17,72,M,Medicare,20,2,1,0,5,0,0
P07783,H14,69,M,Commercial,63,0,0,0,9,1,0
P07784,H18,54,M,Medicare,57,1,1,0,6,0,0
P07785,H14,62,F,Medicare,20,1,0,1,2,1,0
P07786,H15,60,F,Commercial,23,0,0,0,3,0,0
P07787,H13,52,M,Commercial,46,2,0,0,9,0,1
P07788,H12,55,M,Medicare,4,2,2,1,4,1,0
P07789,H07,62,F,Medicare,22,1,1,0,4,1,0
P07790,H18,43,M,Medicare,20,3,0,1,5,0,0
P07791,H05,77,M,Medicare,6,3,0,0,1,0,0
P07792,H03,83,M,Medicare,75,5,2,0,7,0,1
P07793,H07,69,F,Commercial,29,4,0,0,3,1,0
P07794,H20,79,M,Medicare,22,4,0,0,5,0,0
P07795,H15,68,F,Medicare,32,2,1,0,5,0,0
P07796,H16,73,F,Commercial,45,4,0,0,4,0,0
P07797,H13,76,F,Medicare,53,0,1,0,8,0,0
P07798,H13,66,M,Medicare,41,2,1,0,16,0,0
P07799,H08,56,F,Commercial,51,1,1,1,5,0,0
P07800,H05,64,F,Medicare,53,2,1,0,16,0,0
P07801,H14,66,M,Medicare,65,1,0,0,7,0,0
P07802,H13,68,F,Medicare,52,4,0,0,6,1,0
P07803,H13,66,M,Commercial,48,4,0,1,5,0,0
P07804,H05,44,M,Medicare,18,4,1,1,2,0,0
P07805,H18,61,M,Medicare,43,3,1,1,5,0,0
P07806,H11,81,F,Medicaid,64,2,1,0,6,1,0
P07807,H10,64,M,Commercial,30,2,0,1,6,0,0
P07808,H01,66,F,Commercial,45,1,0,0,4,0,0
P07809,H07,53,F,Medicare,58,2,1,1,5,1,0
P07810,H04,45,M,Medicare,31,5,1,1,4,0,0
P07811,H06,87,F,Medicare,11,3,0,0,3,0,0
P07812,H04,61,F,Medicaid,46,2,1,0,7,0,0
P07813,H03,50,M,Medicare,39,1,0,0,4,0,0
P07814,H07,67,M,Medicaid,39,1,0,0,6,1,0
P07815,H14,67,F,Medicare,62,0,0,1,6,0,1
P07816,H14,61,F,Medicaid,62,0,0,0,5,0,0
P07817,H09,48,M,Medicare,3,1,0,0,2,0,0
P07818,H18,44,M,Medicare,45,1,0,1,5,0,0
P07819,H12,76,F,Medicaid,19,4,0,0,3,0,0
P07820,H04,76,M,Medicare,40,1,0,0,6,0,0
P07821,H02,72,M,Commercial,8,0,0,0,4,0,0
P07822,H05,67,M,Commercial,47,1,2,0,4,0,0
P07823,H14,48,M,Medicare,7,5,0,0,4,0,0
P07824,H07,69,M,Medicare,12,1,1,0,6,1,0
P07825,H01,54,M,Medicaid,30,2,0,0,4,0,0
P07826,H12,74,F,Commercial,16,1,1,1,4,0,0
P07827,H04,64,F,Medicare,32,3,1,0,7,0,0
P07828,H02,61,M,Commercial,18,4,0,0,3,0,0
P07829,H09,75,M,Commercial,59,3,0,0,6,0,0
P07830,H06,87,M,Medicare,28,2,0,0,4,0,0
P07831,H04,81,M,Medicare,52,0,0,0,9,0,0
P07832,H14,70,M,Medicare,62,6,0,0,8,0,1
P07833,H16,77,M,Medicare,19,1,0,0,4,0,1
P07834,H11,69,M,Commercial,33,4,1,1,7,0,1
P07835,H04,75,M,Medicare,16,0,0,0,6,0,0
P07836,H04,70,F,Medicaid,29,1,0,1,4,0,0
P07837,H18,60,M,Medicare,36,1,1,0,5,0,0
P07838,H06,66,M,Commercial,68,2,0,0,6,0,1
P07839,H10,56,F,Medicare,46,3,1,1,4,0,0
P07840,H01,61,M,Medicare,76,2,1,0,6,0,0
P07841,H18,79,M,Commercial,36,1,0,1,3,0,0
P07842,H18,49,F,Medicaid,16,4,0,1,5,0,0
P07843,H15,78,F,Medicare,30,2,0,1,5,0,0
P07844,H13,86,F,Medicare,40,4,2,0,5,0,0
P07845,H08,80,M,Medicare,53,1,0,0,5,0,0
P07846,H15,74,M,Commercial,23,4,0,0,5,0,0
P07847,H20,85,F,Commercial,51,3,1,0,4,0,0
P07848,H13,63,F,Medicare,28,0,0,0,4,0,0
P07849,H08,72,F,Medicare,36,0,1,1,4,0,0
P07850,H13,77,F,Medicaid,27,3,0,1,3,0,0
P07851,H19,78,M,Medicare,33,4,0,0,6,0,0
P07852,H19,29,F,Commercial,83,0,1,1,6,1,1
P07853,H02,72,F,Medicare,29,1,0,0,6,0,0
P07854,H08,66,F,Medicare,56,2,0,0,5,0,0
P07855,H04,70,M,Commercial,18,3,0,0,4,0,0
P07856,H11,56,M,Medicaid,35,0,0,0,4,0,0
P07857,H03,85,F,Medicare,57,3,2,0,6,0,0
P07858,H10,59,F,Medicare,30,2,2,0,7,0,0
P07859,H07,81,F,Medicaid,37,1,0,1,4,1,0
P07860,H14,69,M,Commercial,54,4,0,0,5,0,1
P07861,H01,62,M,Commercial,25,1,1,0,2,0,0
P07862,H06,39,F,Medicare,25,4,1,0,4,0,0
P07863,H09,78,F,Medicare,22,2,2,0,4,0,0
P07864,H15,56,F,Commercial,68,1,0,0,9,0,0
P07865,H01,73,M,Commercial,28,4,1,0,3,0,0
P07866,H04,48,M,Medicare,17,1,1,0,4,0,0
P07867,H05,63,M,Commercial,27,2,1,0,6,0,0
P07868,H11,67,M,Commercial,17,2,1,1,3,0,0
P07869,H19,83,M,Commercial,45,7,2,1,8,0,0
P07870,H02,65,F,Medicare,18,1,1,0,4,0,0
P07871,H12,46,F,Medicaid,9,2,0,1,8,1,0
P07872,H05,74,M,Commercial,33,2,0,1,5,0,0
P07873,H02,99,F,Commercial,4,4,0,0,3,0,0
P07874,H12,61,F,Medicare,31,1,0,0,3,0,0
P07875,H17,68,M,Medicare,49,0,1,0,4,0,0
P07876,H01,80,F,Medicare,53,1,1,0,5,0,0
P07877,H10,54,F,Medicaid,32,3,1,0,5,0,0
P07878,H17,57,F,Medicare,10,3,1,0,2,0,0
P07879,H07,88,F,Medicaid,34,1,1,0,6,1,0
P07880,H05,51,F,Commercial,15,2,0,0,4,0,0
P07881,H20,57,F,Commercial,58,1,2,1,5,0,0
P07882,H05,63,M,Commercial,17,2,1,0,3,0,0
P07883,H08,45,M,Medicare,33,2,1,0,3,0,0
P07884,H10,69,F,Medicare,38,5,0,1,9,0,0
P07885,H09,72,M,Commercial,70,2,0,1,6,0,0
P07886,H02,66,M,Medicare,89,1,0,1,7,0,0
P07887,H20,83,M,Medicare,26,3,1,0,4,0,0
P07888,H02,50,M,Medicare,60,3,2,1,8,1,0
P07889,H03,72,F,Medicare,45,3,1,0,5,0,0
P07890,H12,85,M,Medicare,14,2,0,1,6,0,0
P07891,H08,85,M,Medicare,39,2,0,0,7,0,0
P07892,H07,57,F,Commercial,18,1,2,1,3,1,1
P07893,H03,99,M,Commercial,65,1,1,0,5,0,0
P07894,H11,76,F,Medicare,34,1,0,1,6,0,0
P07895,H07,68,F,Medicare,33,5,2,1,4,1,0
P07896,H19,53,F,Commercial,39,2,1,0,6,0,0
P07897,H13,58,F,Medicare,60,3,0,1,5,1,1
P07898,H04,75,M,Commercial,3,3,0,0,8,0,0
P07899,H18,45,F,Commercial,51,2,1,0,7,0,0
P07900,H03,59,F,Commercial,23,1,3,1,8,0,0
P07901,H18,64,M,Medicare,32,2,1,0,4,0,0
P07902,H02,63,M,Medicaid,35,2,1,0,4,0,0
P07903,H17,77,F,Commercial,19,1,2,0,4,0,0
P07904,H11,83,M,Medicare,40,3,1,0,7,0,0
P07905,H13,63,M,Medicare,33,2,1,0,10,0,0
P07906,H16,48,M,Commercial,22,1,1,0,5,0,0
P07907,H06,86,M,Medicaid,18,3,0,0,8,0,0
P07908,H11,55,M,Medicare,82,4,1,1,10,1,1
P07909,H07,73,F,Medicare,15,3,1,0,4,1,0
P07910,H16,86,M,Medicare,11,0,0,0,4,0,0
P07911,H16,48,F,Medicare,9,2,0,0,3,0,0
P07912,H15,58,F,Medicare,77,4,1,0,6,1,0
P07913,H08,74,F,Medicare,7,1,0,0,3,0,0
P07914,H17,92,F,Medicare,56,3,2,0,6,1,0
P07915,H17,62,F,Commercial,9,1,0,0,7,0,0
P07916,H10,72,F,Medicare,31,3,1,1,4,0,0
P07917,H08,82,F,Medicare,37,1,3,0,5,0,0
P07918,H11,45,M,Medicaid,32,1,0,1,4,0,0
P07919,H15,63,M,Medicare,16,0,0,0,6,0,0
P07920,H19,58,F,Commercial,43,2,0,0,7,0,0
P07921,H09,71,M,Commercial,84,0,1,0,10,1,1
P07922,H10,63,M,Commercial,10,3,1,0,2,0,0
P07923,H11,70,M,Medicare,20,1,1,1,3,0,0
P07924,H20,91,F,Medicare,33,2,1,0,6,0,0
P07925,H02,81,F,Medicaid,26,3,0,1,4,0,0
P07926,H05,42,F,Commercial,53,1,2,1,6,0,0
P07927,H11,58,F,Medicare,40,1,0,0,4,0,0
P07928,H01,99,M,Medicare,51,0,1,0,5,0,0
P07929,H03,90,F,Medicaid,24,0,0,0,3,0,0
P07930,H03,64,F,Medicare,35,3,0,1,4,0,0
P07931,H13,75,F,Medicare,35,1,0,0,3,0,0
P07932,H03,32,M,Medicare,53,2,0,0,5,0,0
P07933,H04,92,F,Medicaid,67,3,0,0,5,0,0
P07934,H05,69,F,Commercial,31,3,0,0,4,0,0
P07935,H03,68,M,Commercial,16,1,3,0,4,0,0
P07936,H08,55,F,Medicare,51,3,0,0,8,0,0
P07937,H11,74,F,Commercial,46,4,0,0,5,0,1
P07938,H20,57,M,Medicare,61,0,2,0,7,0,1
P07939,H18,52,F,Commercial,26,3,2,1,6,0,0
P07940,H17,57,F,Medicaid,72,3,0,0,6,1,0
P07941,H11,62,F,Commercial,69,3,1,0,5,1,0
P07942,H08,54,M,Medicare,30,1,1,0,4,0,0
P07943,H18,79,M,Medicare,15,0,1,1,2,0,0
P07944,H01,83,F,Commercial,39,5,1,0,4,0,0
P07945,H02,71,F,Commercial,86,0,0,0,7,0,0
P07946,H06,56,F,Medicare,23,2,0,0,3,0,0
P07947,H18,75,M,Medicare,25,2,1,0,3,0,0
P07948,H02,80,F,Commercial,11,4,0,0,2,0,0
P07949,H11,67,M,Medicare,61,3,0,0,5,1,0
P07950,H07,74,M,Medicaid,23,3,1,0,5,1,0
P07951,H05,83,F,Medicaid,27,2,0,0,6,0,0
P07952,H12,46,F,Medicare,53,5,0,0,4,0,1
P07953,H12,77,M,Medicare,34,0,2,0,3,0,0
P07954,H06,68,F,Commercial,59,3,0,1,5,0,0
P07955,H15,62,F,Medicare,43,0,0,0,4,0,0
P07956,H17,57,M,Commercial,47,4,1,0,5,0,0
P07957,H01,52,F,Medicare,28,4,1,0,3,0,0
P07958,H15,77,M,Medicare,20,1,2,0,4,0,0
P07959,H08,82,F,Medicaid,35,3,1,1,3,0,0
P07960,H10,58,F,Medicare,65,0,1,0,6,0,0
P07961,H11,56,M,Medicare,57,7,0,1,6,0,0
P07962,H04,61,F,Medicare,27,5,2,0,3,1,0
P07963,H08,28,M,Medicare,40,4,1,1,5,0,0
P07964,H04,73,M,Commercial,93,1,1,0,9,0,1
P07965,H16,72,M,Commercial,66,2,1,0,7,1,0
P07966,H02,79,F,Medicare,72,2,1,0,7,0,0
P07967,H17,80,F,Medicare,22,4,1,0,3,0,0
P07968,H20,88,M,Medicare,46,4,0,0,4,1,0
P07969,H09,65,M,Commercial,72,2,0,0,8,0,0
P07970,H04,94,M,Commercial,34,2,0,0,3,0,0
P07971,H04,79,M,Medicaid,81,1,0,1,5,0,0
P07972,H20,71,F,Medicaid,68,0,2,0,8,1,0
P07973,H20,78,M,Medicaid,49,1,2,0,4,1,0
P07974,H09,56,F,Medicare,70,0,1,1,5,0,1
P07975,H04,71,M,Medicare,66,0,2,0,6,0,1
P07976,H20,65,M,Medicare,33,2,0,0,4,0,0
P07977,H14,63,M,Medicare,55,0,0,0,5,0,0
P07978,H06,87,F,Medicare,26,1,1,1,5,0,0
P07979,H06,80,F,Medicare,37,1,1,1,4,0,0
P07980,H03,59,M,Medicare,22,2,3,1,5,0,0
P07981,H03,80,F,Medicaid,23,1,0,0,4,0,0
P07982,H02,82,M,Medicaid,38,4,0,0,11,0,0
P07983,H01,80,M,Medicaid,90,1,0,1,7,0,0
P07984,H17,68,F,Medicare,60,2,0,1,8,0,0
P07985,H05,78,F,Commercial,33,3,2,0,8,0,0
P07986,H18,81,F,Commercial,82,1,0,0,6,0,0
P07987,H01,57,F,Medicare,57,0,0,0,7,0,0
P07988,H10,56,M,Medicaid,56,3,0,0,5,0,1
P07989,H02,71,F,Medicare,62,3,0,1,5,1,0
P07990,H12,47,F,Medicaid,52,0,0,0,5,0,0
P07991,H02,48,M,Medicare,3,5,0,0,1,0,0
P07992,H19,70,F,Medicaid,9,1,0,0,3,0,0
P07993,H10,53,F,Medicare,21,2,1,1,3,0,0
P07994,H13,51,F,Medicare,41,4,0,0,4,0,0
P07995,H02,69,F,Medicaid,46,2,0,0,6,0,0
P07996,H07,60,F,Medicaid,16,2,1,0,5,1,0
P07997,H01,41,M,Commercial,25,1,2,0,5,0,0
P07998,H03,48,M,Medicaid,35,3,2,0,3,0,0
P07999,H19,42,M,Commercial,78,0,0,0,6,0,0
P08000,H11,95,M,Commercial,26,4,0,0,2,0,0
P08001,H05,62,M,Commercial,48,3,0,0,7,0,0
P08002,H15,67,M,Medicaid,47,2,0,0,4,0,0
P08003,H07,63,F,Medicaid,16,1,2,0,3,1,0
P08004,H14,80,M,Medicaid,13,1,0,0,3,0,1
P08005,H15,70,F,Commercial,47,3,1,1,5,0,0
P08006,H10,75,M,Commercial,59,1,0,0,6,0,0
P08007,H14,78,M,Medicaid,70,1,1,0,5,0,0
P08008,H18,69,M,Medicare,52,4,2,0,7,0,0
P08009,H03,58,M,Commercial,13,3,2,0,6,0,0
P08010,H15,54,M,Medicaid,8,2,1,1,4,0,0
P08011,H02,55,M,Commercial,22,4,2,0,2,0,0
P08012,H15,50,F,Commercial,44,1,1,0,8,0,0
P08013,H13,63,F,Commercial,51,3,0,0,4,0,1
P08014,H05,46,M,Commercial,56,4,2,1,7,0,1
P08015,H06,63,F,Medicare,26,1,1,0,4,0,0
P08016,H14,88,F,Medicare,12,3,0,1,2,0,0
P08017,H03,93,M,Medicare,18,1,1,1,3,0,0
P08018,H04,99,F,Medicare,45,1,1,0,8,0,0
P08019,H09,67,M,Medicare,50,1,1,0,5,0,0
P08020,H06,61,F,Medicare,62,4,1,1,5,1,0
P08021,H09,49,F,Commercial,40,1,1,1,7,0,0
P08022,H14,66,M,Medicare,68,2,1,0,4,0,1
P08023,H02,72,F,Medicare,20,2,0,0,3,0,0
P08024,H18,71,M,Medicaid,11,2,0,1,6,0,0
P08025,H13,75,M,Commercial,56,3,0,0,5,0,1
P08026,H05,87,M,Medicaid,59,0,2,0,7,0,0
P08027,H09,67,M,Commercial,27,1,0,1,3,0,0
P08028,H10,76,F,Commercial,71,0,0,0,9,0,0
P08029,H16,53,F,Commercial,31,3,0,1,4,0,0
P08030,H14,97,M,Medicare,49,1,0,1,4,0,0
P08031,H17,94,M,Medicare,66,1,0,0,7,0,1
P08032,H03,76,F,Medicare,53,1,2,0,5,0,0
P08033,H06,51,F,Medicare,56,5,0,0,6,0,0
P08034,H09,78,F,Medicare,67,2,1,0,9,0,1
P08035,H08,78,F,Medicare,49,2,3,0,6,0,0
P08036,H15,54,M,Commercial,33,1,0,0,7,0,1
P08037,H01,70,M,Commercial,59,3,0,0,5,0,0
P08038,H17,69,F,Medicare,64,3,0,0,7,1,0
P08039,H09,58,F,Medicare,37,2,2,0,9,0,0
P08040,H05,70,M,Medicare,20,3,0,0,6,0,0
P08041,H13,55,M,Medicare,56,6,0,1,4,0,1
P08042,H07,87,M,Medicare,51,2,0,0,7,1,0
P08043,H02,73,M,Medicare,15,0,1,0,3,0,0
P08044,H08,74,M,Commercial,45,3,0,1,8,1,0
P08045,H03,63,M,Medicaid,57,1,0,1,6,0,0
P08046,H08,90,F,Medicare,28,0,1,0,6,0,0
P08047,H11,68,M,Medicare,45,0,2,0,4,0,0
P08048,H05,98,M,Medicare,30,3,0,1,3,0,0
P08049,H13,67,F,Commercial,50,1,0,0,5,0,0
P08050,H08,53,M,Medicaid,45,1,2,0,4,0,0
P08051,H07,74,M,Medicaid,40,3,1,1,4,1,0
P08052,H19,93,F,Medicare,1,5,0,0,3,0,0
P08053,H11,68,M,Commercial,52,3,1,1,7,0,0
P08054,H20,55,F,Commercial,36,0,0,1,5,0,0
P08055,H03,66,M,Medicare,45,0,1,0,5,0,0
P08056,H07,73,M,Medicare,45,1,0,0,3,1,0
P08057,H14,58,F,Medicare,87,3,1,1,8,1,1
P08058,H03,81,M,Medicare,40,1,0,0,5,0,0
P08059,H15,59,F,Medicare,72,1,0,0,9,1,1
P08060,H18,78,M,Commercial,47,2,1,0,4,0,0
P08061,H09,68,M,Medicare,16,4,0,0,5,0,0
P08062,H01,81,M,Commercial,33,3,0,0,6,0,0
P08063,H09,65,F,Medicare,63,1,1,1,6,0,0
P08064,H16,51,M,Medicaid,64,2,1,0,5,0,1
P08065,H08,75,F,Medicare,74,5,2,1,9,1,1
P08066,H14,57,M,Medicaid,40,0,1,1,3,0,0
P08067,H17,48,M,Medicare,57,1,0,1,9,0,0
P08068,H07,54,F,Medicare,36,2,0,1,4,1,0
P08069,H09,51,F,Commercial,63,4,1,0,6,1,0
P08070,H20,70,F,Medicare,45,1,1,0,7,0,0
P08071,H20,59,M,Medicare,35,3,0,0,3,0,0
P08072,H08,60,M,Medicaid,22,2,0,0,4,0,0
P08073,H13,73,F,Commercial,58,1,0,0,10,1,0
P08074,H08,82,M,Medicare,50,2,0,0,5,0,1
P08075,H17,87,F,Commercial,69,0,0,0,10,0,0
P08076,H10,81,F,Medicaid,42,1,2,0,6,0,0
P08077,H03,72,M,Medicare,59,2,1,0,5,0,0
P08078,H03,64,M,Medicare,33,3,1,0,9,0,0
P08079,H10,64,M,Medicare,34,2,0,0,4,0,0
P08080,H12,71,M,Medicaid,9,2,0,0,1,0,0
P08081,H02,51,F,Medicare,39,3,0,0,5,0,0
P08082,H11,45,M,Commercial,54,1,1,0,6,0,0
P08083,H05,86,F,Medicaid,38,5,0,0,8,0,0
P08084,H10,78,M,Medicare,54,3,0,0,4,0,0
P08085,H15,75,M,Medicare,73,2,0,0,10,0,0
P08086,H16,44,F,Medicare,49,2,2,1,4,0,1
P08087,H08,74,F,Medicare,45,1,0,1,3,0,0
P08088,H17,75,M,Medicaid,65,2,0,0,8,0,0
P08089,H14,80,M,Medicare,64,2,0,0,5,0,0
P08090,H06,74,M,Commercial,28,1,0,1,3,0,0
P08091,H16,72,F,Medicare,26,1,2,0,7,0,0
P08092,H14,53,M,Commercial,32,1,1,0,3,0,1
P08093,H04,81,F,Medicare,47,1,0,0,8,0,0
P08094,H20,63,F,Medicaid,39,2,2,1,3,0,1
P08095,H09,77,F,Medicare,48,3,2,0,8,0,0
P08096,H10,72,M,Medicare,44,2,3,1,5,0,1
P08097,H19,52,M,Medicaid,31,1,1,0,4,0,0
P08098,H11,89,F,Medicare,13,0,1,0,5,0,0
P08099,H03,56,M,Medicare,44,1,2,0,4,0,0
P08100,H02,84,F,Medicaid,64,1,2,1,5,0,0
P08101,H13,66,M,Commercial,16,3,0,0,3,0,0
P08102,H01,47,M,Medicare,44,1,1,0,3,0,0
P08103,H09,59,M,Medicare,51,6,1,0,5,0,0
P08104,H18,51,F,Medicaid,46,1,1,0,6,0,0
P08105,H06,86,M,Commercial,66,2,1,1,5,0,0
P08106,H17,72,F,Medicaid,30,0,1,0,6,0,0
P08107,H15,50,F,Medicaid,21,3,1,0,3,0,0
P08108,H08,64,M,Medicare,25,2,2,1,3,0,1
P08109,H17,45,M,Commercial,78,1,0,0,8,0,0
P08110,H11,49,M,Medicaid,43,4,1,1,5,1,0
P08111,H11,56,F,Medicare,54,1,1,0,9,1,0
P08112,H12,85,M,Medicare,55,1,1,0,7,0,0
P08113,H10,70,M,Medicare,25,1,0,0,3,0,0
P08114,H18,51,M,Commercial,29,4,0,0,3,0,0
P08115,H09,65,M,Commercial,39,2,0,1,4,0,0
P08116,H18,61,F,Medicaid,26,1,0,1,7,0,0
P08117,H03,64,M,Medicare,50,3,0,0,4,0,0
P08118,H12,73,F,Commercial,60,3,2,0,4,0,0
P08119,H19,55,F,Medicare,45,1,0,0,3,0,0
P08120,H14,70,F,Medicare,42,4,1,0,6,0,1
P08121,H17,67,F,Medicare,22,3,1,0,3,0,0
P08122,H05,71,M,Commercial,2,1,1,1,2,0,1
P08123,H14,58,F,Medicare,20,1,1,0,3,0,0
P08124,H08,62,M,Medicaid,15,0,0,1,3,0,0
P08125,H01,50,F,Medicare,33,2,0,0,5,0,0
P08126,H10,66,F,Medicare,30,4,1,0,5,0,0
P08127,H10,38,M,Commercial,62,1,0,0,6,1,0
P08128,H02,73,F,Commercial,31,1,0,1,4,0,0
P08129,H05,67,M,Medicare,34,0,1,1,6,0,1
P08130,H01,46,M,Commercial,36,4,0,0,3,0,0
P08131,H16,70,M,Medicare,52,1,0,0,5,0,0
P08132,H09,59,F,Medicare,81,0,1,0,9,0,0
P08133,H08,71,M,Commercial,29,4,1,0,4,1,0
P08134,H13,55,F,Medicare,61,4,1,0,4,1,0
P08135,H10,62,F,Medicare,80,1,0,0,10,0,0
P08136,H04,54,M,Commercial,31,3,0,0,4,0,0
P08137,H04,68,F,Commercial,63,0,0,0,6,0,1
P08138,H05,85,F,Commercial,54,0,0,1,6,0,0
P08139,H17,88,M,Commercial,26,0,1,0,8,0,0
P08140,H17,63,F,Medicare,51,3,0,1,5,0,0
P08141,H19,77,F,Medicare,59,1,2,0,4,0,0
P08142,H16,55,F,Medicaid,67,1,0,0,6,0,0
P08143,H04,81,M,Medicaid,34,0,1,1,8,0,0
P08144,H10,78,M,Medicare,46,3,0,1,6,0,0
P08145,H13,58,M,Medicaid,44,2,1,0,6,0,0
P08146,H07,61,F,Medicaid,64,3,2,0,5,1,1
P08147,H18,61,F,Commercial,20,3,0,0,4,0,0
P08148,H20,80,M,Medicaid,17,0,0,0,6,0,0
P08149,H18,29,F,Commercial,50,1,3,0,8,0,0
P08150,H08,70,F,Medicare,39,3,1,1,7,0,0
P08151,H14,50,M,Medicare,31,3,1,0,3,0,0
P08152,H12,77,F,Medicaid,23,1,1,0,9,0,0
P08153,H11,77,M,Medicare,25,1,1,0,5,0,0
P08154,H14,76,M,Medicare,45,1,0,1,3,0,0
P08155,H06,49,F,Medicare,34,1,1,1,4,0,0
P08156,H11,81,M,Commercial,73,3,1,1,5,1,0
P08157,H02,57,M,Medicare,29,1,0,0,3,0,0
P08158,H12,73,M,Medicaid,16,3,1,0,3,0,1
P08159,H18,80,F,Medicare,28,1,2,0,4,0,0
P08160,H03,84,M,Commercial,40,1,0,1,6,0,0
P08161,H08,61,M,Commercial,22,3,1,0,4,0,0
P08162,H06,77,F,Commercial,27,3,0,0,3,0,0
P08163,H10,86,M,Medicare,50,1,0,1,5,0,0
P08164,H01,80,M,Medicare,17,2,1,0,8,0,0
P08165,H11,68,M,Medicare,54,2,1,0,6,0,0
P08166,H19,37,M,Medicare,54,3,0,1,6,0,0
P08167,H04,66,M,Medicare,47,5,1,1,10,0,0
P08168,H06,73,F,Medicare,57,3,1,0,7,0,0
P08169,H01,44,F,Commercial,20,3,0,0,3,0,0
P08170,H20,67,F,Medicare,66,4,0,1,8,1,0
P08171,H05,58,F,Commercial,53,3,2,0,9,1,0
P08172,H05,59,M,Medicare,26,4,1,0,5,0,0
P08173,H15,62,M,Medicare,55,1,1,1,8,0,1
P08174,H05,61,F,Commercial,69,3,0,0,5,1,0
P08175,H03,54,M,Medicare,2,1,1,0,2,0,0
P08176,H15,71,M,Medicare,17,1,0,1,4,0,0
P08177,H17,63,M,Medicare,74,2,0,1,7,1,1
P08178,H06,62,F,Medicare,55,2,2,0,6,1,0
P08179,H10,85,F,Commercial,58,3,1,0,5,0,0
P08180,H15,56,M,Medicare,18,1,1,1,3,0,0
P08181,H18,75,M,Medicaid,81,0,2,0,6,1,0
P08182,H04,66,F,Medicaid,16,2,2,0,3,0,0
P08183,H10,62,M,Medicare,59,0,1,1,8,0,0
P08184,H12,69,F,Commercial,54,2,0,0,4,0,0
P08185,H07,80,M,Medicare,58,2,0,0,6,1,0
P08186,H12,59,F,Medicare,21,1,1,0,7,0,0
P08187,H16,84,F,Medicare,15,1,0,0,4,0,0
P08188,H02,51,M,Medicare,63,1,1,1,7,0,1
P08189,H19,64,F,Medicare,51,3,0,0,5,1,0
P08190,H09,90,F,Medicare,54,3,1,0,9,0,0
P08191,H20,76,M,Medicaid,73,2,1,0,5,1,0
P08192,H17,74,F,Commercial,49,0,2,0,6,0,0
P08193,H18,44,F,Medicare,68,1,1,0,5,1,0
P08194,H19,60,F,Commercial,70,1,1,0,8,0,1
P08195,H03,99,M,Medicare,41,4,1,0,4,0,1
P08196,H05,52,F,Commercial,38,3,0,0,9,0,0
P08197,H05,56,M,Commercial,66,2,0,0,7,0,0
P08198,H07,83,F,Medicare,64,2,2,0,7,1,0
P08199,H09,51,F,Medicare,89,2,0,0,11,0,1
P08200,H13,72,F,Medicare,21,3,1,1,3,0,0
P08201,H20,90,F,Medicare,73,0,2,0,9,0,1
P08202,H11,54,F,Medicaid,71,2,1,1,6,0,0
P08203,H04,79,F,Medicare,14,1,0,0,5,0,0
P08204,H07,83,F,Medicare,31,3,0,0,3,1,0
P08205,H01,72,M,Medicare,15,4,1,1,2,0,0
P08206,H18,79,F,Medicare,36,1,0,1,5,0,0
P08207,H10,49,F,Commercial,39,1,1,0,3,0,0
P08208,H17,55,M,Commercial,50,1,1,0,4,0,0
P08209,H12,52,M,Commercial,10,3,0,0,3,0,0
P08210,H20,76,M,Medicare,51,1,1,0,5,0,0
P08211,H15,64,F,Medicaid,77,1,0,0,8,0,0
P08212,H02,58,F,Medicare,73,2,1,0,7,0,0
P08213,H19,61,F,Medicare,36,2,2,1,6,0,0
P08214,H11,57,M,Medicare,20,1,1,0,5,0,0
P08215,H18,76,M,Medicare,22,3,0,0,4,0,0
P08216,H18,75,M,Medicaid,23,3,1,1,6,0,0
P08217,H12,63,F,Commercial,30,2,0,0,3,0,0
P08218,H17,50,F,Medicare,42,3,1,0,3,0,0
P08219,H08,93,F,Medicare,43,2,1,0,8,0,0
P08220,H03,54,M,Medicare,16,2,1,0,5,0,0
P08221,H15,61,F,Commercial,50,5,1,1,7,0,1
P08222,H01,59,F,Commercial,81,1,0,1,14,1,0
P08223,H15,63,F,Medicare,30,4,0,0,3,0,0
P08224,H20,79,F,Medicare,17,4,0,1,6,0,0
P08225,H01,70,M,Commercial,47,3,0,0,5,0,0
P08226,H10,51,M,Medicare,49,4,0,0,6,0,0
P08227,H08,69,M,Medicaid,36,1,1,0,4,0,0
P08228,H01,59,F,Medicare,44,2,0,1,4,0,0
P08229,H04,53,F,Medicare,28,2,1,1,5,0,0
P08230,H10,71,F,Commercial,53,5,2,0,4,0,0
P08231,H11,54,M,Medicare,62,0,0,0,5,0,0
P08232,H14,74,M,Medicare,39,0,0,0,4,0,0
P08233,H02,73,M,Medicaid,12,3,1,1,8,0,0
P08234,H10,80,F,Commercial,64,3,2,1,6,1,0
P08235,H04,33,M,Commercial,57,2,0,1,6,0,0
P08236,H18,74,F,Medicare,45,0,1,0,4,0,0
P08237,H07,79,M,Medicare,49,2,0,0,4,1,0
P08238,H08,45,F,Medicaid,32,3,1,0,5,0,0
P08239,H04,84,M,Medicare,26,2,1,1,5,0,0
P08240,H18,70,F,Commercial,19,4,0,0,4,0,0
P08241,H16,87,F,Medicaid,29,2,1,0,5,0,0
P08242,H10,58,F,Medicare,51,2,0,1,6,0,0
P08243,H09,67,M,Medicare,67,0,0,0,10,0,0
P08244,H17,70,M,Medicaid,48,5,1,0,6,0,1
P08245,H11,82,F,Medicaid,46,2,0,0,8,0,0
P08246,H15,64,M,Commercial,81,5,1,0,8,1,1
P08247,H17,67,F,Medicaid,28,0,3,0,4,0,0
P08248,H05,39,M,Commercial,13,2,0,0,3,0,0
P08249,H18,85,M,Medicare,54,2,0,1,6,0,0
P08250,H12,61,M,Commercial,15,2,1,0,3,0,0
P08251,H09,75,F,Medicare,44,0,1,0,6,0,0
P08252,H03,58,M,Medicaid,39,2,0,0,6,0,0
P08253,H06,57,M,Commercial,73,4,3,1,6,1,1
P08254,H02,75,F,Medicaid,13,0,0,1,2,0,0
P08255,H12,74,F,Medicaid,75,2,1,1,6,1,1
P08256,H12,73,F,Commercial,71,2,0,0,6,0,1
P08257,H04,59,F,Medicare,12,2,0,0,2,0,0
P08258,H08,60,M,Medicaid,26,2,0,1,3,0,0
P08259,H18,79,F,Commercial,32,1,0,0,3,0,0
P08260,H15,66,F,Medicare,52,5,0,0,6,0,0
P08261,H06,76,F,Commercial,33,1,1,0,4,0,1
P08262,H04,89,M,Medicaid,44,1,0,1,11,0,0
P08263,H11,44,F,Medicare,27,3,2,1,6,0,0
P08264,H04,73,F,Commercial,44,3,0,0,4,0,0
P08265,H14,61,M,Medicaid,68,0,1,0,8,0,0
P08266,H11,52,F,Commercial,48,2,0,0,4,1,0
P08267,H05,79,M,Medicare,53,0,1,0,4,0,0
P08268,H19,83,F,Medicaid,70,2,0,0,6,0,0
P08269,H18,76,M,Medicare,86,0,1,0,9,0,1
P08270,H14,70,F,Medicare,71,2,2,0,8,1,0
P08271,H01,67,M,Medicare,17,1,1,0,4,0,0
P08272,H20,64,M,Medicare,60,2,1,0,6,0,0
P08273,H06,54,M,Medicare,31,4,0,1,4,0,0
P08274,H09,60,M,Medicare,74,1,2,0,7,0,1
P08275,H19,67,F,Commercial,65,4,0,0,5,0,1
P08276,H07,79,F,Medicare,56,6,1,0,6,1,0
P08277,H04,83,F,Medicare,31,1,2,1,7,0,0
P08278,H01,47,F,Medicare,19,4,1,0,7,0,0
P08279,H16,52,M,Commercial,43,3,0,0,7,0,0
P08280,H06,75,M,Medicaid,54,2,1,0,5,0,0
P08281,H14,70,F,Medicare,72,1,1,1,5,0,1
P08282,H02,65,M,Medicare,63,5,2,1,7,1,0
P08283,H18,72,M,Medicare,47,1,0,1,8,0,0
P08284,H09,77,F,Medicare,9,5,0,0,12,0,0
P08285,H08,63,F,Medicare,13,1,0,1,6,0,0
P08286,H08,72,M,Medicare,35,2,1,0,7,1,0
P08287,H04,72,F,Medicare,57,4,0,0,5,0,0
P08288,H06,61,M,Medicaid,31,0,1,1,3,0,0
P08289,H19,77,M,Medicare,60,3,0,0,6,1,1
P08290,H02,90,F,Commercial,40,3,0,0,5,1,0
P08291,H17,43,F,Medicare,63,1,0,0,6,0,0
P08292,H10,51,M,Commercial,72,1,0,0,6,1,0
P08293,H03,72,M,Medicare,84,0,1,1,8,0,1
P08294,H11,62,M,Medicare,59,3,0,0,6,0,0
P08295,H16,57,M,Medicare,39,3,1,1,5,0,0
P08296,H17,49,F,Medicare,32,3,0,1,5,0,0
P08297,H10,73,F,Medicare,53,2,0,0,4,0,0
P08298,H07,75,F,Commercial,48,0,0,0,4,1,0
P08299,H02,58,F,Medicare,47,2,0,0,5,0,0
P08300,H03,79,M,Commercial,19,1,2,1,4,0,0
P08301,H10,75,M,Medicare,32,2,0,1,4,0,0
P08302,H01,69,F,Medicare,31,0,0,0,3,0,0
P08303,H19,74,M,Commercial,20,3,2,0,3,0,0
P08304,H10,64,M,Medicare,34,2,1,1,7,0,0
P08305,H09,69,M,Commercial,31,5,0,0,6,0,0
P08306,H04,78,F,Medicare,44,0,0,0,6,0,0
P08307,H14,57,F,Medicare,22,0,2,0,3,0,0
P08308,H10,63,M,Medicaid,50,1,0,1,6,0,0
P08309,H06,65,F,Medicare,53,2,0,0,5,0,0
P08310,H08,73,M,Medicare,50,3,0,1,5,0,0
P08311,H18,56,F,Medicaid,33,1,0,0,7,0,0
P08312,H03,67,M,Commercial,41,3,0,0,3,1,0
P08313,H07,63,F,Medicare,23,1,0,0,7,1,0
P08314,H04,65,M,Medicaid,71,2,1,0,10,0,1
P08315,H01,55,F,Medicare,67,3,4,0,5,1,1
P08316,H16,53,M,Commercial,33,2,2,0,3,0,0
P08317,H16,71,M,Commercial,80,1,0,1,7,1,0
P08318,H18,53,F,Commercial,66,2,0,0,7,0,0
P08319,H16,62,F,Commercial,15,2,0,0,3,0,0
P08320,H10,74,F,Commercial,61,4,1,0,7,1,1
P08321,H05,73,F,Medicare,57,0,1,0,10,0,0
P08322,H01,99,M,Commercial,43,4,2,0,6,0,0
P08323,H15,64,F,Commercial,63,2,0,0,5,0,0
P08324,H15,61,M,Commercial,42,3,0,1,5,0,0
P08325,H08,83,M,Commercial,52,0,0,1,5,0,1
P08326,H15,59,F,Medicare,35,5,0,0,3,0,0
P08327,H08,55,M,Medicare,55,2,3,0,5,0,0
P08328,H11,57,F,Medicaid,65,3,0,0,5,1,0
P08329,H18,63,M,Medicare,31,5,0,0,5,0,1
P08330,H02,73,F,Commercial,31,0,1,0,5,0,0
P08331,H07,66,F,Medicare,57,2,2,0,4,1,1
P08332,H12,67,M,Medicare,41,1,0,0,4,0,0
P08333,H14,80,M,Medicare,67,2,0,1,7,0,0
P08334,H15,73,M,Commercial,55,1,0,1,8,0,1
P08335,H17,78,F,Medicare,24,7,0,0,6,0,1
P08336,H19,58,M,Commercial,11,1,0,0,2,0,0
P08337,H08,59,M,Medicare,35,2,1,0,7,0,0
P08338,H09,70,M,Medicare,47,3,0,0,6,0,0
P08339,H13,63,F,Medicaid,58,2,1,0,6,1,0
P08340,H16,75,F,Medicare,42,4,1,1,6,0,0
P08341,H12,72,F,Medicare,52,2,0,1,5,0,0
P08342,H06,56,M,Medicare,41,4,1,0,5,0,0
P08343,H16,61,M,Medicare,27,0,0,0,7,0,0
P08344,H07,73,F,Medicare,26,1,0,0,3,1,0
P08345,H16,82,F,Commercial,63,1,2,0,6,0,0
P08346,H10,53,M,Medicaid,61,0,2,0,4,0,1
P08347,H16,56,F,Medicare,28,4,1,1,3,0,0
P08348,H09,64,M,Medicare,73,1,1,0,7,0,0
P08349,H07,74,F,Medicare,44,3,0,0,5,1,0
P08350,H13,38,F,Medicare,81,2,2,0,6,1,0
P08351,H12,69,F,Medicare,38,3,0,0,5,0,0
P08352,H13,62,M,Medicare,47,0,1,0,6,0,0
P08353,H17,67,M,Medicare,57,2,1,0,4,0,1
P08354,H20,63,M,Commercial,55,2,1,0,8,0,0
P08355,H05,92,M,Medicare,36,2,1,0,4,0,0
P08356,H01,79,F,Medicare,42,2,0,0,6,0,0
P08357,H08,75,M,Medicare,33,3,0,1,3,0,0
P08358,H19,67,M,Medicare,54,2,0,0,7,0,1
P08359,H07,61,M,Medicare,55,1,1,0,6,1,0
P08360,H10,67,F,Medicare,69,0,1,1,16,1,0
P08361,H14,31,M,Medicare,18,3,3,0,6,0,0
P08362,H06,36,M,Medicare,78,2,0,0,8,0,1
P08363,H02,73,M,Commercial,11,2,0,0,5,0,0
P08364,H15,66,F,Medicaid,3,2,0,0,5,0,0
P08365,H14,78,M,Medicaid,50,1,1,0,5,0,0
P08366,H08,56,F,Medicare,12,4,1,0,6,0,0
P08367,H20,76,M,Commercial,15,4,1,0,4,0,0
P08368,H14,70,F,Medicare,23,1,1,1,6,0,0
P08369,H03,58,M,Medicare,52,6,1,1,6,0,1
P08370,H10,79,F,Medicare,39,0,1,1,3,0,0
P08371,H19,63,F,Commercial,36,4,0,1,6,0,0
P08372,H14,70,F,Medicare,48,2,2,0,6,0,0
P08373,H20,55,F,Medicare,22,2,0,0,5,0,0
P08374,H12,59,M,Medicaid,43,0,0,0,11,0,0
P08375,H14,59,M,Commercial,52,4,1,0,9,0,0
P08376,H04,78,F,Medicare,32,2,1,0,6,0,0
P08377,H06,78,M,Commercial,29,3,0,0,4,0,0
P08378,H17,67,F,Medicare,41,2,1,0,7,0,0
P08379,H06,54,M,Medicare,36,2,1,0,3,1,0
P08380,H18,46,F,Commercial,77,3,3,0,6,1,1
P08381,H14,79,M,Medicare,35,0,1,1,9,1,0
P08382,H17,64,M,Medicaid,71,2,0,1,7,0,0
P08383,H18,75,M,Medicare,58,1,1,0,6,0,0
P08384,H17,56,M,Medicare,33,3,1,1,4,0,0
P08385,H09,52,F,Medicare,21,0,0,1,3,0,0
P08386,H15,72,M,Medicare,56,2,0,0,7,0,1
P08387,H10,72,M,Medicare,25,4,0,1,3,0,0
P08388,H11,75,F,Medicare,47,3,0,0,4,0,0
P08389,H01,66,M,Medicaid,37,0,0,0,4,0,0
P08390,H16,53,F,Medicare,16,6,0,1,3,0,0
P08391,H04,75,F,Medicaid,49,1,0,1,7,0,0
P08392,H02,55,M,Medicaid,82,3,0,0,7,1,1
P08393,H11,84,M,Medicare,21,1,0,0,2,0,0
P08394,H12,53,F,Medicare,54,0,1,0,11,0,0
P08395,H13,67,F,Medicare,52,2,0,1,5,0,0
P08396,H04,77,M,Commercial,49,1,0,0,6,0,0
P08397,H12,64,F,Medicaid,28,1,4,1,5,0,0
P08398,H14,53,M,Medicare,20,4,3,0,5,0,0
P08399,H01,81,M,Medicare,62,0,0,0,5,0,0
P08400,H03,69,M,Commercial,81,2,1,1,6,0,1
P08401,H01,63,M,Medicare,32,2,1,0,5,0,0
P08402,H03,72,M,Medicare,86,3,0,0,7,1,1
P08403,H15,84,F,Commercial,20,5,1,1,7,0,0
P08404,H13,66,M,Medicare,47,1,0,0,7,0,0
P08405,H02,68,F,Medicare,31,0,2,0,8,0,0
P08406,H04,19,F,Commercial,71,4,1,0,12,1,1
P08407,H18,62,F,Medicaid,9,3,1,0,4,0,0
P08408,H13,71,M,Commercial,79,4,2,0,6,1,1
P08409,H03,68,F,Commercial,82,1,0,0,8,0,0
P08410,H01,71,M,Medicare,62,4,4,1,5,1,1
P08411,H10,72,M,Medicare,32,2,0,1,4,0,0
P08412,H13,76,F,Medicare,69,3,0,0,6,1,0
P08413,H18,68,F,Medicare,38,3,0,1,4,0,0
P08414,H11,64,F,Medicare,75,3,1,1,5,0,1
P08415,H16,51,M,Medicare,60,6,1,0,7,1,0
P08416,H07,74,F,Medicaid,31,0,0,1,4,1,0
P08417,H09,84,F,Medicaid,65,2,1,1,9,0,1
P08418,H19,89,M,Medicare,49,2,0,0,6,0,1
P08419,H18,55,M,Medicare,15,4,1,1,3,0,0
P08420,H12,94,M,Medicare,34,0,0,0,3,0,0
P08421,H07,69,F,Medicaid,43,1,1,1,5,1,0
P08422,H11,80,F,Medicaid,35,4,0,0,4,0,0
P08423,H04,82,F,Medicaid,20,3,0,0,3,0,0
P08424,H19,62,M,Commercial,29,3,0,0,4,0,0
P08425,H11,76,F,Medicare,62,1,0,0,11,0,0
P08426,H09,68,F,Medicare,12,3,1,0,5,0,0
P08427,H07,60,M,Medicaid,38,1,1,0,4,1,0
P08428,H19,54,F,Commercial,33,3,0,1,6,0,0
P08429,H06,69,F,Medicare,60,2,0,1,8,0,1
P08430,H04,76,M,Medicare,8,2,0,1,4,0,0
P08431,H02,66,M,Medicare,23,2,0,0,10,0,0
P08432,H02,66,F,Commercial,29,2,1,0,5,0,0
P08433,H10,48,M,Medicaid,59,1,1,0,9,1,0
P08434,H08,75,M,Medicare,13,1,2,1,3,0,0
P08435,H11,64,M,Medicare,7,0,0,0,2,0,0
P08436,H01,81,M,Medicaid,64,2,0,1,5,0,0
P08437,H09,73,F,Commercial,72,4,2,0,10,1,1
P08438,H09,68,F,Medicare,58,2,1,0,8,0,1
P08439,H08,61,M,Medicare,39,1,1,0,8,0,0
P08440,H01,78,F,Medicare,54,1,0,0,12,0,0
P08441,H10,50,M,Commercial,46,2,0,0,10,0,0
P08442,H09,73,M,Medicare,69,2,0,1,6,0,1
P08443,H10,52,F,Medicare,56,1,1,1,5,0,0
P08444,H09,47,F,Medicare,51,0,1,0,7,1,0
P08445,H16,85,M,Medicare,19,2,0,0,5,0,0
P08446,H17,59,M,Medicare,20,2,0,1,4,0,0
P08447,H14,66,M,Medicare,43,1,0,0,4,0,0
P08448,H03,52,F,Commercial,38,7,0,0,3,0,0
P08449,H06,84,M,Medicare,59,2,0,0,8,0,0
P08450,H05,54,F,Medicare,32,2,3,0,3,0,0
P08451,H10,94,M,Medicare,74,0,0,0,5,0,0
P08452,H18,76,F,Commercial,23,2,0,0,4,0,0
P08453,H05,82,F,Medicare,50,1,0,0,4,0,0
P08454,H14,56,F,Medicare,31,3,2,0,4,0,0
P08455,H08,78,F,Medicare,45,4,1,1,4,0,0
P08456,H04,61,M,Medicare,86,3,1,0,7,1,1
P08457,H09,88,M,Medicare,26,2,0,0,3,0,0
P08458,H14,68,M,Commercial,10,4,1,0,2,0,0
P08459,H07,46,M,Medicare,60,5,2,0,7,1,1
P08460,H17,47,F,Medicare,49,1,2,0,5,0,0
P08461,H18,76,F,Commercial,63,0,0,0,7,0,0
P08462,H06,52,M,Medicaid,32,1,1,0,12,0,1
P08463,H06,53,M,Medicaid,65,1,2,0,7,0,0
P08464,H05,59,F,Medicare,59,1,2,0,5,0,0
P08465,H11,63,M,Commercial,16,2,0,0,3,0,0
P08466,H08,65,M,Medicare,27,2,1,0,5,0,0
P08467,H11,99,M,Medicare,17,1,0,1,2,0,0
P08468,H06,82,M,Commercial,35,0,2,0,6,0,1
P08469,H18,62,M,Commercial,13,1,0,0,13,0,0
P08470,H18,22,F,Medicaid,54,3,0,0,5,1,0
P08471,H02,65,F,Medicare,53,4,1,0,5,0,0
P08472,H14,66,M,Medicare,46,0,2,1,7,0,0
P08473,H07,64,F,Medicare,65,2,0,0,6,1,0
P08474,H18,90,M,Medicaid,24,2,0,0,3,0,0
P08475,H05,61,M,Medicare,34,2,0,0,3,1,0
P08476,H18,66,M,Medicaid,47,2,1,0,4,0,0
P08477,H01,55,M,Commercial,11,1,0,0,2,0,0
P08478,H14,50,M,Medicare,18,1,1,1,4,0,0
P08479,H08,78,M,Medicare,41,1,1,0,9,0,0
P08480,H02,62,F,Medicare,34,2,1,0,8,0,0
P08481,H03,45,F,Commercial,47,2,1,1,5,0,0
P08482,H06,83,F,Commercial,53,2,1,0,7,0,0
P08483,H09,73,M,Medicare,34,1,2,1,6,0,0
P08484,H02,53,M,Medicare,10,2,0,0,5,0,0
P08485,H09,67,F,Medicare,50,3,1,0,9,0,0
P08486,H08,96,M,Medicare,38,4,2,0,5,0,0
P08487,H05,87,F,Commercial,40,2,1,0,6,0,0
P08488,H18,66,F,Medicare,47,2,1,0,6,1,0
P08489,H08,60,F,Commercial,48,2,1,0,5,1,0
P08490,H01,77,F,Medicare,50,5,1,0,4,0,0
P08491,H02,68,F,Medicare,41,1,0,1,10,0,0
P08492,H10,92,M,Medicare,59,4,1,0,6,0,1
P08493,H11,78,M,Commercial,57,1,2,1,8,0,0
P08494,H18,53,M,Commercial,65,3,1,1,7,1,0
P08495,H04,46,F,Medicare,36,6,0,0,5,0,0
P08496,H09,69,F,Medicare,52,1,2,0,4,0,0
P08497,H15,64,M,Medicare,50,1,0,0,5,0,0
P08498,H18,72,M,Commercial,68,0,0,0,9,0,0
P08499,H12,72,F,Medicare,71,1,2,0,9,1,0
P08500,H04,54,F,Commercial,35,1,2,0,8,1,0
P08501,H08,54,F,Medicare,62,2,3,0,5,0,0
P08502,H18,69,M,Medicare,20,1,2,0,4,0,0
P08503,H13,75,F,Medicare,34,4,1,0,4,0,0
P08504,H17,74,F,Medicare,16,2,1,0,4,0,0
P08505,H05,73,F,Medicare,26,4,1,0,3,0,1
P08506,H16,59,F,Medicare,39,2,0,0,4,0,0
P08507,H01,52,F,Commercial,29,4,0,0,5,1,0
P08508,H12,84,F,Medicare,82,2,0,1,8,1,0
P08509,H15,56,M,Commercial,61,1,0,0,7,0,0
P08510,H07,72,M,Commercial,37,3,0,0,8,1,1
P08511,H10,74,M,Medicare,13,2,0,0,6,0,0
P08512,H16,82,F,Medicare,57,2,0,1,8,0,0
P08513,H03,67,F,Commercial,29,1,3,0,4,0,0
P08514,H11,66,F,Medicare,57,1,0,0,8,0,0
P08515,H07,81,F,Commercial,81,0,0,0,7,1,0
P08516,H15,72,F,Medicare,45,3,1,0,6,0,0
P08517,H18,58,F,Commercial,5,2,1,0,3,0,0
P08518,H08,65,M,Medicare,69,3,0,0,7,1,1
P08519,H04,74,F,Medicaid,30,2,2,0,3,0,1
P08520,H10,58,M,Medicare,55,5,1,1,4,0,0
P08521,H01,88,M,Medicare,93,2,0,1,9,1,1
P08522,H08,75,F,Medicare,19,0,0,0,7,0,1
P08523,H19,74,M,Medicaid,56,1,1,0,5,0,0
P08524,H19,69,F,Commercial,49,1,0,0,4,0,0
P08525,H07,32,M,Commercial,42,0,1,0,6,1,0
P08526,H18,67,F,Medicaid,19,0,0,0,8,0,0
P08527,H12,67,M,Medicare,50,1,0,0,4,0,0
P08528,H16,57,M,Medicare,46,3,0,0,14,0,0
P08529,H05,79,M,Medicare,65,2,0,0,9,0,0
P08530,H03,60,F,Medicare,63,0,1,0,7,0,1
P08531,H06,37,F,Medicare,20,3,3,1,4,0,0
P08532,H05,54,M,Medicare,60,2,1,0,10,0,0
P08533,H17,67,M,Commercial,35,0,3,0,4,0,0
P08534,H11,81,M,Medicare,34,3,1,0,4,0,0
P08535,H08,71,F,Medicare,75,4,0,0,10,1,0
P08536,H06,37,M,Medicare,24,2,2,0,3,0,0
P08537,H18,86,M,Medicare,52,1,1,1,4,1,0
P08538,H16,74,F,Medicare,14,3,0,0,5,0,0
P08539,H16,44,F,Medicare,85,0,2,0,6,0,0
P08540,H15,56,M,Medicare,27,1,3,0,3,0,0
P08541,H04,47,M,Medicaid,30,1,1,0,5,0,0
P08542,H01,86,F,Medicare,15,1,1,0,2,0,0
P08543,H11,54,F,Commercial,34,1,0,0,5,0,0
P08544,H08,77,M,Medicare,66,3,1,0,7,1,0
P08545,H20,71,F,Commercial,30,1,0,0,3,0,0
P08546,H17,61,M,Commercial,29,1,1,0,3,0,0
P08547,H14,64,F,Medicare,73,1,0,0,6,1,0
P08548,H17,54,M,Commercial,39,1,1,1,3,0,0
P08549,H10,79,M,Medicare,45,2,2,0,5,0,0
P08550,H13,46,M,Medicare,36,2,1,1,5,0,0
P08551,H05,78,M,Medicare,23,4,1,0,3,0,0
P08552,H18,86,M,Medicare,26,1,1,0,4,0,0
P08553,H03,75,F,Medicaid,66,2,1,1,15,1,0
P08554,H08,63,F,Commercial,71,1,1,0,8,0,0
P08555,H11,61,M,Medicare,45,2,1,1,7,1,0
P08556,H17,76,F,Medicare,46,3,1,0,4,1,0
P08557,H17,68,M,Medicaid,36,3,0,0,4,0,0
P08558,H07,46,F,Medicare,35,2,3,1,5,1,0
P08559,H20,66,M,Commercial,41,2,1,0,8,0,0
P08560,H16,65,M,Medicare,25,0,1,0,7,0,0
P08561,H13,75,F,Commercial,41,0,3,0,7,0,0
P08562,H15,63,F,Medicare,42,1,1,0,4,0,0
P08563,H10,62,M,Medicare,55,3,1,0,7,0,0
P08564,H04,88,F,Medicare,62,0,2,0,5,0,0
P08565,H06,68,M,Medicare,51,2,0,0,4,0,0
P08566,H20,78,F,Medicare,54,2,0,0,7,1,0
P08567,H17,91,M,Medicare,23,1,1,0,5,0,0
P08568,H13,77,M,Commercial,22,2,0,1,3,0,0
P08569,H02,73,F,Medicare,29,4,1,0,5,0,0
P08570,H03,56,F,Medicare,32,2,1,0,4,0,0
P08571,H18,62,M,Medicare,38,6,1,1,6,0,0
P08572,H05,56,M,Commercial,12,2,0,1,4,0,0
P08573,H04,99,M,Medicare,21,2,0,0,2,0,0
P08574,H12,71,F,Medicare,24,1,1,1,3,0,1
P08575,H05,90,M,Medicaid,55,1,1,0,6,0,0
P08576,H14,65,F,Medicaid,8,1,0,0,5,0,0
P08577,H15,50,M,Medicare,73,2,0,0,8,0,0
P08578,H15,67,F,Medicaid,5,2,0,1,3,0,0
P08579,H05,55,M,Medicaid,61,4,0,1,5,0,0
P08580,H15,64,F,Medicare,79,0,0,0,8,0,1
P08581,H10,67,M,Commercial,58,1,0,0,7,0,0
P08582,H13,65,M,Medicare,57,0,0,0,4,0,0
P08583,H10,54,F,Medicare,59,1,0,1,6,0,1
P08584,H10,79,M,Medicare,27,3,2,0,4,0,0
P08585,H15,57,M,Medicare,45,1,1,1,10,0,1
P08586,H18,89,F,Medicare,40,2,2,0,3,0,0
P08587,H17,75,M,Medicare,15,3,1,0,3,0,0
P08588,H08,67,M,Medicare,54,0,2,0,8,0,0
P08589,H06,65,M,Medicare,40,2,0,1,9,0,0
P08590,H06,71,M,Commercial,46,6,1,0,7,0,0
P08591,H20,71,M,Medicaid,60,3,0,0,7,1,1
P08592,H17,53,F,Medicare,32,7,0,1,5,0,0
P08593,H14,46,F,Commercial,65,1,1,0,5,0,0
P08594,H01,44,F,Commercial,36,2,1,0,4,0,0
P08595,H08,82,M,Medicare,47,1,1,0,4,0,0
P08596,H11,76,F,Medicare,20,3,1,0,5,0,1
P08597,H05,61,M,Medicare,60,0,2,1,6,0,0
P08598,H11,40,M,Medicare,36,1,0,0,5,0,0
P08599,H07,66,M,Medicaid,7,1,0,0,5,1,0
P08600,H03,62,F,Medicare,43,2,0,0,5,0,0
P08601,H09,84,M,Commercial,71,2,0,0,7,0,0
P08602,H09,47,M,Medicare,17,0,1,0,8,0,0
P08603,H19,61,M,Commercial,41,3,0,0,6,0,0
P08604,H12,88,F,Medicare,52,1,0,0,7,0,0
P08605,H12,56,F,Medicaid,30,1,0,1,4,0,1
P08606,H01,79,M,Medicaid,55,6,2,0,5,0,0
P08607,H18,61,M,Medicare,61,1,0,1,6,0,0
P08608,H07,79,F,Medicaid,45,0,0,0,4,1,0
P08609,H11,45,F,Medicaid,23,3,1,0,3,0,0
P08610,H07,77,F,Medicaid,51,0,2,0,7,1,0
P08611,H03,53,F,Commercial,37,2,2,1,3,0,0
P08612,H10,82,M,Commercial,22,1,0,0,4,0,0
P08613,H08,63,M,Medicare,29,1,0,0,5,0,0
P08614,H01,77,F,Medicare,23,2,0,1,4,0,0
P08615,H12,58,M,Medicare,14,3,1,0,4,0,0
P08616,H13,57,F,Medicare,87,4,1,0,7,1,0
P08617,H11,70,F,Medicare,53,2,2,0,5,0,0
P08618,H03,72,F,Medicare,52,4,0,0,5,0,0
P08619,H07,75,M,Medicare,23,3,0,0,4,1,0
P08620,H08,48,F,Medicare,62,3,0,0,5,1,1
P08621,H17,83,F,Medicare,39,1,1,0,11,0,0
P08622,H04,65,F,Medicaid,15,1,1,0,2,0,0
P08623,H17,78,F,Commercial,44,3,1,0,5,0,0
P08624,H01,57,M,Medicare,12,2,0,0,2,0,0
P08625,H02,59,M,Medicaid,43,1,0,0,4,0,0
P08626,H14,77,M,Medicare,48,4,1,1,7,0,0
P08627,H12,65,M,Commercial,74,1,1,0,5,0,0
P08628,H18,64,F,Medicaid,44,6,0,0,5,0,0
P08629,H16,52,F,Medicaid,31,4,0,0,3,0,0
P08630,H19,79,M,Medicare,68,2,0,0,9,0,0
P08631,H05,41,F,Medicaid,36,0,0,0,7,0,0
P08632,H15,62,F,Medicare,42,3,1,0,4,0,0
P08633,H17,72,M,Commercial,15,2,1,0,3,0,0
P08634,H13,61,M,Medicare,44,3,1,0,7,0,1
P08635,H13,79,M,Commercial,63,2,1,0,5,0,0
P08636,H14,56,F,Medicare,26,1,1,0,3,0,0
P08637,H13,60,F,Medicaid,54,4,1,1,4,0,0
P08638,H16,66,M,Medicare,79,0,1,1,6,0,1
P08639,H17,67,F,Medicare,73,1,2,0,5,1,0
P08640,H10,65,M,Medicare,36,2,0,1,7,0,0
P08641,H09,34,M,Medicare,44,2,0,1,6,0,0
P08642,H14,61,F,Medicare,65,1,0,0,6,0,0
P08643,H19,80,M,Commercial,73,0,0,0,6,0,0
P08644,H14,45,M,Medicare,62,0,1,1,5,0,1
P08645,H12,72,M,Medicare,36,0,0,1,5,0,0
P08646,H16,65,M,Medicare,14,1,0,1,3,0,0
P08647,H16,72,F,Medicaid,66,3,0,0,8,1,0
P08648,H04,80,M,Commercial,52,3,1,0,6,0,1
P08649,H12,65,F,Commercial,94,3,0,1,7,0,1
P08650,H01,59,M,Medicare,59,1,0,0,5,0,0
P08651,H19,72,F,Commercial,77,3,1,0,8,1,0
P08652,H18,62,F,Medicare,34,7,0,1,5,0,0
P08653,H08,68,M,Medicare,21,0,0,1,3,0,0
P08654,H05,72,M,Medicare,48,1,0,1,5,0,0
P08655,H16,74,M,Commercial,51,3,3,0,5,1,0
P08656,H15,54,F,Medicare,34,4,0,0,6,0,0
P08657,H06,64,F,Medicaid,40,2,0,0,5,0,0
P08658,H10,68,F,Medicare,17,0,0,1,3,0,0
P08659,H05,56,F,Medicare,37,3,1,0,4,0,0
P08660,H10,73,M,Medicare,32,3,0,0,3,0,0
P08661,H16,73,M,Commercial,57,4,1,0,5,0,1
P08662,H20,48,M,Commercial,63,0,0,0,6,0,1
P08663,H16,36,M,Commercial,60,3,1,1,12,1,0
P08664,H07,79,M,Medicare,47,0,0,0,10,1,0
P08665,H12,50,M,Medicare,23,1,0,0,4,0,0
P08666,H18,45,M,Medicare,31,2,2,0,5,0,0
P08667,H06,75,F,Medicare,32,1,0,1,3,0,0
P08668,H11,75,M,Commercial,33,2,0,0,9,0,0
P08669,H01,50,F,Medicare,22,2,0,0,4,0,0
P08670,H08,72,M,Medicare,64,0,1,1,5,1,0
P08671,H19,52,M,Medicare,51,1,2,0,5,0,1
P08672,H13,83,M,Commercial,6,2,0,0,3,0,0
P08673,H02,83,M,Commercial,59,1,0,0,5,0,0
P08674,H09,47,F,Commercial,37,1,0,1,3,0,0
P08675,H02,65,M,Commercial,59,0,1,0,6,0,0
P08676,H08,79,F,Medicaid,25,3,0,0,4,0,0
P08677,H13,53,F,Medicare,38,0,0,0,5,0,1
P08678,H17,76,F,Medicaid,25,2,0,1,3,0,0
P08679,H01,62,M,Commercial,45,1,0,1,12,0,0
P08680,H10,57,F,Commercial,51,3,0,1,4,0,0
P08681,H17,58,M,Medicare,58,0,0,0,5,0,0
P08682,H07,78,M,Medicaid,23,2,2,0,4,1,0
P08683,H02,61,M,Commercial,63,1,0,0,7,0,0
P08684,H08,73,F,Commercial,68,7,1,1,8,1,1
P08685,H14,32,M,Medicare,13,0,0,0,6,0,0
P08686,H18,61,M,Medicaid,63,5,0,1,6,1,0
P08687,H04,60,F,Medicare,58,3,0,1,6,1,0
P08688,H06,69,M,Commercial,55,3,2,0,7,0,0
P08689,H15,69,F,Medicare,29,4,1,1,4,0,0
P08690,H18,68,M,Medicaid,38,2,0,0,5,0,0
P08691,H13,50,F,Medicare,77,3,0,0,5,1,1
P08692,H11,52,F,Medicaid,81,1,1,1,6,1,1
P08693,H12,47,F,Medicare,46,1,0,0,5,0,0
P08694,H17,87,M,Medicaid,40,3,1,0,4,0,1
P08695,H18,77,M,Commercial,36,1,0,0,5,0,0
P08696,H18,53,F,Medicare,65,3,1,0,6,1,1
P08697,H13,76,M,Medicare,30,2,2,0,3,0,0
P08698,H19,41,M,Medicaid,31,1,0,0,3,0,0
P08699,H02,99,M,Medicare,56,0,0,0,6,0,0
P08700,H16,70,F,Medicare,33,2,0,1,4,0,0
P08701,H20,82,M,Medicare,86,3,2,0,6,1,1
P08702,H06,74,F,Medicare,24,5,2,0,6,0,0
P08703,H09,55,F,Medicare,45,1,0,0,10,0,0
P08704,H17,54,F,Medicare,18,0,0,1,4,0,0
P08705,H04,51,F,Medicaid,35,4,1,0,4,0,0
P08706,H20,59,F,Commercial,24,0,0,1,3,0,0
P08707,H15,81,F,Medicare,56,1,1,0,5,0,0
P08708,H15,64,M,Commercial,69,3,0,0,8,1,0
P08709,H15,65,M,Medicare,22,1,1,1,4,0,0
P08710,H02,67,M,Medicare,68,1,0,0,9,0,0
P08711,H12,61,M,Medicare,14,2,1,0,4,0,0
P08712,H08,75,M,Medicaid,18,1,0,0,7,0,0
P08713,H17,64,F,Medicare,33,3,1,0,4,0,0
P08714,H03,65,F,Medicare,22,1,0,0,4,0,0
P08715,H05,83,M,Commercial,56,2,0,0,6,0,1
P08716,H13,80,M,Medicaid,81,3,2,1,8,0,1
P08717,H18,47,F,Medicare,35,0,2,0,4,0,0
P08718,H07,50,F,Medicare,71,3,0,0,6,1,0
P08719,H04,83,F,Commercial,19,0,1,1,5,0,0
P08720,H16,70,M,Medicare,20,3,1,0,2,0,0
P08721,H15,62,F,Medicare,25,0,1,0,9,0,0
P08722,H18,65,M,Medicaid,36,0,3,0,4,0,0
P08723,H20,60,F,Commercial,61,0,0,0,9,0,0
P08724,H19,60,F,Medicare,66,1,1,0,7,0,0
P08725,H16,69,F,Medicare,74,1,0,0,6,0,0
P08726,H01,70,M,Medicare,55,1,1,0,5,0,0
P08727,H05,92,F,Medicare,20,5,2,1,3,0,0
P08728,H08,80,M,Medicaid,41,2,0,0,4,0,1
P08729,H11,58,F,Medicare,51,6,1,1,4,0,0
P08730,H09,48,F,Medicare,38,2,2,0,3,1,0
P08731,H20,61,F,Medicare,37,4,0,0,6,0,0
P08732,H11,62,M,Commercial,38,2,2,1,5,0,1
P08733,H17,69,M,Medicaid,44,3,1,0,6,0,0
P08734,H13,73,F,Medicaid,81,5,0,0,6,1,1
P08735,H07,72,M,Commercial,60,0,1,0,6,1,0
P08736,H18,61,M,Medicare,73,2,0,1,8,0,1
P08737,H13,64,M,Medicare,47,2,0,0,3,0,0
P08738,H19,67,M,Medicare,29,2,2,0,5,0,0
P08739,H19,67,F,Commercial,27,2,1,0,9,0,0
P08740,H06,69,M,Commercial,29,2,1,0,5,0,0
P08741,H12,68,M,Medicare,15,2,0,0,2,0,0
P08742,H01,81,M,Commercial,32,1,0,0,3,0,0
P08743,H07,92,M,Medicare,25,2,1,1,4,1,0
P08744,H08,53,M,Medicaid,77,1,0,0,6,0,0
P08745,H02,67,F,Medicare,30,0,1,1,6,0,0
P08746,H02,57,M,Medicare,58,1,0,1,5,0,0
P08747,H08,65,M,Medicare,26,4,1,0,6,0,0
P08748,H11,73,M,Medicaid,33,3,0,0,4,0,0
P08749,H07,72,M,Commercial,71,1,1,0,7,1,0
P08750,H17,80,F,Medicare,70,3,1,0,5,1,1
P08751,H14,69,F,Medicaid,35,0,0,0,6,0,0
P08752,H08,75,F,Medicare,71,1,0,0,6,0,0
P08753,H01,68,F,Medicare,39,3,1,0,4,0,0
P08754,H05,94,F,Commercial,28,1,1,0,3,0,0
P08755,H08,77,F,Commercial,41,2,0,0,6,0,1
P08756,H17,65,M,Medicaid,41,1,1,0,3,0,0
P08757,H18,60,F,Medicare,69,0,0,0,7,0,0
P08758,H04,66,F,Commercial,28,2,0,0,7,1,0
P08759,H02,81,F,Medicare,66,2,0,1,6,1,0
P08760,H12,97,F,Commercial,58,0,1,0,5,1,0
P08761,H18,72,M,Medicare,63,0,0,0,7,0,0
P08762,H03,57,F,Commercial,31,3,1,0,12,0,0
P08763,H15,66,M,Medicare,70,2,0,0,10,1,0
P08764,H05,50,F,Medicaid,28,0,1,0,5,0,0
P08765,H03,71,F,Medicare,27,4,0,0,6,0,0
P08766,H15,88,F,Medicare,50,5,0,0,4,0,0
P08767,H01,69,F,Medicaid,22,2,1,0,3,0,0
P08768,H04,52,M,Commercial,28,2,1,0,4,0,0
P08769,H13,55,M,Medicare,60,0,1,0,6,0,0
P08770,H09,56,F,Commercial,37,1,1,0,5,0,0
P08771,H13,59,M,Medicare,43,2,2,1,4,0,0
P08772,H01,58,F,Medicare,88,1,1,0,9,0,0
P08773,H13,46,F,Commercial,23,2,0,0,8,0,0
P08774,H05,64,F,Medicaid,70,1,0,1,6,0,0
P08775,H20,52,F,Commercial,11,1,1,0,3,0,0
P08776,H12,72,F,Medicare,37,3,0,0,4,0,0
P08777,H11,84,M,Medicaid,22,2,0,1,4,1,0
P08778,H20,82,M,Medicare,28,0,0,0,5,0,0
P08779,H04,60,F,Medicare,13,2,0,1,2,0,1
P08780,H09,62,M,Commercial,53,4,1,0,5,0,0
P08781,H10,94,F,Medicaid,21,2,0,1,4,0,0
P08782,H09,84,M,Medicare,47,1,0,0,7,0,0
P08783,H11,60,M,Medicare,54,3,0,0,6,0,0
P08784,H09,57,M,Commercial,26,2,2,0,4,0,0
P08785,H18,68,M,Commercial,20,1,0,0,4,0,0
P08786,H07,70,M,Medicare,37,1,0,1,5,1,0
P08787,H03,61,M,Medicare,42,3,0,1,6,0,0
P08788,H08,63,M,Medicare,49,3,0,0,5,0,0
P08789,H09,81,M,Commercial,43,0,1,0,9,0,0
P08790,H02,57,F,Medicare,45,2,0,0,4,0,0
P08791,H18,31,M,Medicare,87,1,0,0,7,0,0
P08792,H12,62,M,Medicaid,72,2,0,0,5,0,0
P08793,H10,51,M,Medicare,32,2,0,0,5,0,0
P08794,H20,81,M,Medicare,41,0,1,1,3,0,1
P08795,H16,79,M,Commercial,49,1,0,0,6,0,0
P08796,H15,60,F,Medicare,56,3,0,0,5,0,0
P08797,H17,61,F,Medicare,16,3,1,0,3,0,0
P08798,H06,63,M,Medicare,59,0,1,0,7,0,0
P08799,H05,64,M,Medicare,25,1,0,0,3,0,0
P08800,H02,55,F,Medicare,64,2,2,0,9,0,1
P08801,H01,60,M,Commercial,17,0,0,1,3,0,0
P08802,H13,56,M,Medicaid,71,3,0,1,5,1,0
P08803,H08,56,F,Medicaid,23,1,1,0,3,0,0
P08804,H17,83,F,Commercial,46,5,0,0,5,0,0
P08805,H16,62,F,Medicare,53,1,1,0,5,0,0
P08806,H10,74,F,Medicaid,49,4,2,1,4,1,0
P08807,H03,54,F,Commercial,24,1,0,0,6,0,0
P08808,H04,73,F,Medicare,39,2,1,0,3,0,1
P08809,H02,57,F,Medicaid,47,2,1,1,4,0,1
P08810,H01,51,M,Commercial,7,2,0,0,3,0,0
P08811,H12,69,F,Commercial,22,5,2,1,7,0,0
P08812,H08,63,F,Medicaid,9,2,3,0,5,0,0
P08813,H14,94,F,Medicare,43,1,1,0,7,0,0
P08814,H12,57,M,Medicare,65,1,1,1,6,1,1
P08815,H10,56,M,Medicare,51,2,1,0,5,0,0
P08816,H14,59,F,Medicare,38,2,1,0,4,0,0
P08817,H20,52,M,Medicare,56,1,0,0,7,0,0
P08818,H14,51,M,Commercial,56,1,2,0,5,0,0
P08819,H12,76,F,Medicaid,37,0,0,1,6,0,0
P08820,H05,70,F,Medicare,30,1,0,0,5,0,0
P08821,H13,79,M,Medicare,72,1,1,1,9,0,0
P08822,H16,54,F,Medicare,38,0,0,0,3,0,0
P08823,H20,45,F,Commercial,9,3,0,0,4,0,0
P08824,H19,69,M,Commercial,25,0,0,0,4,0,0
P08825,H18,72,F,Medicare,46,4,1,0,4,0,0
P08826,H18,69,M,Medicare,12,1,0,0,4,0,0
P08827,H09,55,F,Medicare,74,3,0,0,5,1,1
P08828,H16,60,M,Medicare,12,1,1,0,4,0,0
P08829,H06,88,F,Medicare,8,1,2,1,3,0,0
P08830,H04,55,M,Medicare,14,1,0,0,3,0,0
P08831,H02,68,F,Commercial,54,1,0,0,9,0,0
P08832,H09,63,M,Medicare,49,0,1,0,6,0,0
P08833,H01,75,F,Commercial,35,2,1,0,4,0,0
P08834,H20,72,F,Commercial,51,0,0,0,5,0,0
P08835,H03,74,F,Commercial,78,5,0,0,6,1,1
P08836,H03,72,M,Medicare,39,1,0,0,4,0,0
P08837,H20,51,F,Medicare,42,3,2,0,6,0,0
P08838,H12,78,M,Commercial,51,1,1,0,5,0,0
P08839,H07,60,M,Medicare,27,3,0,0,3,1,0
P08840,H05,91,F,Medicaid,44,1,1,0,5,0,1
P08841,H20,69,F,Medicare,44,5,1,0,5,0,0
P08842,H10,82,F,Commercial,79,3,0,1,13,1,1
P08843,H08,82,F,Commercial,33,3,1,1,4,0,0
P08844,H05,68,M,Medicare,52,3,1,0,4,0,0
P08845,H12,90,F,Medicare,8,2,0,0,3,0,0
P08846,H17,68,M,Medicare,53,1,1,0,5,1,0
P08847,H01,74,F,Medicaid,23,2,0,0,4,0,0
P08848,H06,77,M,Medicare,16,4,1,1,4,0,0
P08849,H19,86,M,Commercial,5,2,2,0,3,0,0
P08850,H15,65,F,Commercial,50,3,1,0,11,0,0
P08851,H13,67,F,Commercial,20,2,3,1,4,0,0
P08852,H05,70,F,Medicaid,22,0,1,0,7,0,0
P08853,H20,79,F,Commercial,69,2,0,0,8,0,0
P08854,H18,76,F,Commercial,28,2,1,0,3,0,0
P08855,H07,51,M,Medicaid,65,2,0,0,5,1,0
P08856,H11,68,M,Medicare,62,3,1,0,5,1,1
P08857,H08,57,F,Medicaid,69,0,0,0,6,0,0
P08858,H07,84,M,Commercial,38,0,0,0,3,1,0
P08859,H01,64,M,Medicare,38,1,1,1,6,1,0
P08860,H18,78,M,Medicare,32,2,0,1,6,0,1
P08861,H12,80,F,Medicare,25,3,1,0,6,0,0
P08862,H17,74,F,Commercial,50,4,0,0,4,0,0
P08863,H11,74,F,Medicare,19,2,0,0,6,0,0
P08864,H06,82,F,Medicare,30,5,1,1,5,0,0
P08865,H11,66,M,Medicaid,53,5,0,0,4,0,0
P08866,H19,57,F,Medicaid,72,3,1,1,8,1,0
P08867,H02,66,M,Medicare,39,2,1,0,4,0,0
P08868,H20,80,F,Medicare,38,2,0,0,4,0,0
P08869,H01,71,F,Commercial,56,2,0,0,7,0,0
P08870,H09,52,M,Medicare,63,0,0,0,6,1,0
P08871,H13,70,M,Medicare,53,1,2,0,5,0,0
P08872,H14,54,F,Medicare,23,1,0,0,3,0,0
P08873,H05,65,F,Medicare,25,1,1,0,5,0,0
P08874,H17,82,M,Commercial,51,2,0,0,4,0,1
P08875,H07,88,F,Commercial,42,2,1,1,8,1,0
P08876,H19,61,M,Medicare,25,2,0,1,3,0,0
P08877,H11,58,M,Medicaid,26,2,0,0,4,0,0
P08878,H07,58,M,Commercial,65,3,0,1,6,1,1
P08879,H16,66,F,Medicare,35,1,1,0,5,0,0
P08880,H04,53,M,Medicaid,76,4,0,1,8,1,1
P08881,H19,61,F,Commercial,24,3,1,0,3,0,0
P08882,H08,62,M,Medicare,16,0,0,0,3,0,0
P08883,H07,80,F,Medicaid,56,6,1,0,9,1,0
P08884,H04,65,F,Medicare,67,1,0,0,6,1,0
P08885,H10,61,F,Medicare,31,0,0,0,6,0,0
P08886,H15,52,M,Medicare,38,0,0,0,6,0,0
P08887,H10,81,M,Medicare,18,3,0,1,2,0,0
P08888,H02,93,M,Medicare,72,0,1,1,6,1,0
P08889,H17,75,M,Medicare,66,2,1,0,5,0,0
P08890,H19,65,M,Commercial,50,0,3,0,7,0,0
P08891,H05,80,F,Medicare,36,1,0,0,5,0,0
P08892,H20,78,F,Medicare,24,2,1,0,3,0,0
P08893,H09,70,M,Medicare,63,3,1,0,5,1,0
P08894,H15,71,F,Medicaid,88,0,1,0,7,0,1
P08895,H09,71,M,Medicare,62,1,0,0,5,0,0
P08896,H17,33,F,Commercial,52,1,0,1,9,0,0
P08897,H04,59,F,Commercial,50,2,1,0,5,0,0
P08898,H13,64,F,Medicare,34,2,0,0,4,0,0
P08899,H11,50,F,Medicare,15,3,2,0,6,0,0
P08900,H02,44,M,Medicaid,39,1,0,0,5,0,0
P08901,H17,53,M,Commercial,62,2,0,0,5,0,0
P08902,H08,50,M,Medicaid,61,2,2,0,7,0,0
P08903,H16,63,F,Commercial,54,2,1,0,4,0,0
P08904,H13,46,F,Commercial,11,0,0,1,3,0,0
P08905,H15,58,F,Medicare,25,1,0,0,5,0,0
P08906,H09,62,F,Medicare,32,3,0,1,5,0,0
P08907,H19,70,F,Medicare,24,2,0,0,8,0,0
P08908,H19,61,M,Medicare,66,5,1,0,7,1,0
P08909,H03,77,M,Medicaid,61,1,2,0,5,0,1
P08910,H13,46,F,Commercial,36,0,1,1,5,0,0
P08911,H18,54,F,Medicare,46,1,1,0,5,1,0
P08912,H04,85,M,Medicare,28,0,1,1,8,0,0
P08913,H11,66,F,Medicaid,70,2,0,0,7,1,0
P08914,H18,70,M,Medicaid,29,1,0,0,6,0,0
P08915,H12,52,M,Medicare,76,5,1,0,6,1,1
P08916,H16,60,M,Commercial,66,1,2,1,7,0,0
P08917,H01,76,F,Commercial,26,4,1,1,2,0,0
P08918,H20,92,F,Medicare,52,1,0,1,12,0,0
P08919,H20,82,F,Commercial,57,2,0,0,6,0,0
P08920,H16,48,F,Medicare,44,3,0,0,6,0,1
P08921,H14,51,F,Medicare,45,0,0,1,9,0,0
P08922,H19,55,M,Medicaid,49,0,0,0,5,0,0
P08923,H19,65,F,Medicare,46,5,1,0,6,1,0
P08924,H10,49,M,Medicaid,72,0,0,0,7,1,0
P08925,H20,41,F,Medicare,32,2,2,0,4,0,0
P08926,H18,77,M,Medicare,41,0,1,0,6,0,0
P08927,H10,63,M,Medicaid,22,1,1,0,7,0,0
P08928,H14,57,F,Medicare,22,0,3,0,3,0,0
P08929,H02,71,F,Medicaid,64,3,0,0,6,1,1
P08930,H11,81,F,Medicare,62,1,2,1,5,0,0
P08931,H07,57,M,Medicare,29,2,1,0,3,1,0
P08932,H04,98,M,Medicare,62,1,0,0,8,0,1
P08933,H17,71,M,Medicaid,33,4,1,0,4,0,1
P08934,H16,66,M,Medicaid,45,1,1,1,4,1,0
P08935,H02,64,M,Medicare,71,2,0,0,7,0,0
P08936,H02,65,F,Medicare,54,1,0,1,7,0,0
P08937,H07,74,M,Medicare,60,5,0,0,5,1,0
P08938,H16,58,F,Medicare,60,4,0,0,6,1,0
P08939,H10,62,F,Medicare,10,3,0,0,2,0,0
P08940,H19,68,M,Medicare,20,1,1,0,7,0,0
P08941,H14,54,F,Commercial,34,4,1,0,5,0,0
P08942,H17,56,M,Medicare,17,4,0,0,4,0,0
P08943,H20,77,F,Medicare,65,1,0,0,5,0,0
P08944,H19,87,F,Medicaid,50,1,1,0,4,0,0
P08945,H13,64,M,Commercial,52,3,0,0,5,0,1
P08946,H02,44,F,Medicare,58,3,2,0,9,0,0
P08947,H11,85,F,Medicare,41,0,0,1,6,0,0
P08948,H17,66,F,Commercial,5,4,0,1,2,0,0
P08949,H16,68,F,Commercial,28,2,1,0,5,0,0
P08950,H18,86,F,Medicare,11,2,1,0,7,0,0
P08951,H03,81,M,Medicare,15,1,0,0,5,0,0
P08952,H16,60,F,Commercial,54,0,0,1,5,1,0
P08953,H14,67,F,Medicaid,53,4,1,0,6,0,0
P08954,H05,62,M,Medicare,33,0,0,0,5,0,0
P08955,H08,59,M,Commercial,50,1,1,0,4,0,0
P08956,H06,70,F,Medicare,46,0,0,0,8,0,0
P08957,H07,73,F,Medicare,63,3,0,1,5,1,1
P08958,H15,84,M,Medicare,7,1,2,0,4,0,0
P08959,H12,46,F,Medicare,19,2,1,0,8,0,0
P08960,H15,77,M,Medicare,23,1,1,0,5,0,0
P08961,H13,69,M,Medicare,24,3,0,0,4,0,0
P08962,H04,57,F,Medicare,74,1,1,0,7,0,1
P08963,H05,52,F,Medicare,82,0,0,0,7,0,1
P08964,H01,79,F,Medicare,79,1,0,1,9,0,0
P08965,H05,50,F,Medicare,17,3,0,0,7,0,0
P08966,H18,58,M,Medicare,84,2,0,0,6,0,0
P08967,H19,75,F,Medicare,23,3,0,0,3,0,0
P08968,H10,43,F,Medicare,15,1,0,0,3,0,0
P08969,H13,66,F,Medicare,50,1,1,1,5,0,0
P08970,H01,71,M,Medicare,80,1,0,1,9,0,1
P08971,H14,71,F,Medicare,60,0,0,0,5,0,1
P08972,H08,48,F,Medicaid,14,5,0,0,3,0,0
P08973,H16,58,M,Commercial,14,5,2,0,4,0,0
P08974,H09,32,M,Medicaid,47,1,0,0,4,0,0
P08975,H20,60,M,Commercial,40,2,1,0,3,0,0
P08976,H02,58,M,Medicaid,54,0,1,0,7,0,0
P08977,H03,47,M,Medicaid,61,7,0,1,5,0,0
P08978,H20,83,M,Medicaid,85,1,0,0,7,0,1
P08979,H04,73,M,Medicare,89,3,0,1,6,1,1
P08980,H13,67,M,Commercial,48,0,0,0,4,0,0
P08981,H16,57,F,Commercial,45,1,1,1,4,0,0
P08982,H02,66,M,Medicaid,35,2,0,0,10,0,0
P08983,H12,53,M,Medicare,39,0,2,0,4,0,0
P08984,H17,52,F,Commercial,29,1,1,0,4,0,0
P08985,H12,50,F,Medicare,77,1,2,0,6,1,0
P08986,H06,58,M,Medicare,35,2,0,0,5,0,0
P08987,H12,49,M,Medicare,58,2,0,0,5,0,0
P08988,H20,70,M,Medicare,43,0,0,0,3,0,0
P08989,H16,71,F,Medicare,27,2,0,0,4,0,0
P08990,H04,41,F,Medicaid,36,0,1,0,3,0,0
P08991,H20,79,M,Medicare,67,2,2,0,7,1,0
P08992,H03,84,F,Commercial,51,4,1,0,7,0,1
P08993,H04,69,F,Medicare,47,2,0,0,5,0,0
P08994,H10,74,M,Medicare,34,1,1,1,6,0,0
P08995,H02,71,F,Medicare,55,0,2,0,7,0,1
P08996,H08,52,F,Commercial,85,3,0,0,10,1,1
P08997,H02,71,M,Commercial,81,3,0,0,5,1,1
P08998,H10,67,F,Commercial,43,5,0,0,6,0,0
P08999,H04,71,F,Commercial,29,2,2,0,9,0,0
P09000,H07,91,M,Medicaid,29,1,0,0,3,1,0
P09001,H12,73,F,Commercial,60,4,1,0,8,1,0
P09002,H10,62,F,Medicare,88,3,1,1,7,1,0
P09003,H01,74,F,Medicare,36,1,1,0,6,0,0
P09004,H03,65,F,Medicare,38,0,0,0,6,0,0
P09005,H06,49,M,Medicaid,51,3,0,0,4,0,0
P09006,H14,79,F,Commercial,88,4,0,1,6,1,1
P09007,H11,87,M,Medicare,53,2,2,0,5,0,0
P09008,H08,61,F,Medicaid,49,1,0,0,4,0,0
P09009,H16,70,M,Medicaid,44,2,1,0,5,0,0
P09010,H07,87,M,Commercial,54,2,0,0,4,1,0
P09011,H05,76,M,Medicare,20,4,1,0,7,0,0
P09012,H11,60,F,Commercial,19,3,1,0,5,0,0
P09013,H16,70,M,Medicare,61,0,0,1,5,0,0
P09014,H20,97,F,Medicare,85,0,0,0,7,0,0
P09015,H08,80,F,Medicare,24,2,2,0,5,0,0
P09016,H05,65,M,Medicare,17,3,0,1,7,0,0
P09017,H07,63,F,Medicare,22,3,0,0,10,1,0
P09018,H03,38,M,Medicare,56,0,1,1,9,0,0
P09019,H20,61,M,Medicare,48,5,2,1,5,0,0
P09020,H19,69,F,Medicare,79,3,2,0,6,1,1
P09021,H12,77,F,Commercial,23,3,0,0,6,0,0
P09022,H02,89,M,Commercial,49,0,1,1,5,0,0
P09023,H13,74,M,Medicaid,67,3,1,0,6,1,0
P09024,H03,69,F,Medicare,82,2,1,0,6,0,0
P09025,H17,70,M,Commercial,49,1,0,0,6,0,0
P09026,H02,45,M,Medicare,17,2,3,0,3,0,0
P09027,H02,83,F,Medicare,44,0,1,0,5,0,0
P09028,H02,80,F,Medicare,48,2,2,0,7,0,1
P09029,H05,70,M,Medicaid,32,4,0,1,7,0,0
P09030,H06,74,M,Medicaid,80,0,2,0,11,0,1
P09031,H18,51,F,Medicare,51,2,0,0,5,0,0
P09032,H16,36,M,Commercial,90,1,0,1,7,0,0
P09033,H08,54,M,Commercial,36,1,1,0,4,0,0
P09034,H15,49,M,Medicaid,76,5,0,0,7,1,0
P09035,H04,70,F,Medicare,14,1,1,0,3,0,0
P09036,H02,73,M,Medicare,56,1,1,0,6,0,0
P09037,H17,56,M,Medicaid,35,3,0,0,5,0,0
P09038,H03,93,F,Commercial,51,3,0,0,8,0,1
P09039,H20,52,F,Medicare,70,4,1,0,6,0,1
P09040,H03,73,M,Commercial,69,3,0,1,5,1,1
P09041,H03,88,M,Commercial,35,2,1,0,7,0,0
P09042,H04,53,M,Medicaid,49,3,1,0,7,0,0
P09043,H20,91,M,Commercial,71,2,0,0,6,0,0
P09044,H16,72,M,Commercial,34,3,0,1,4,0,0
P09045,H09,47,F,Medicare,18,1,0,1,4,0,1
P09046,H07,73,F,Commercial,42,2,0,0,5,1,0
P09047,H05,56,M,Medicare,64,3,0,0,5,1,1
P09048,H09,56,F,Medicare,53,1,1,0,4,0,0
P09049,H15,47,F,Medicare,34,0,2,0,4,0,0
P09050,H11,71,F,Medicare,16,2,0,0,4,0,0
P09051,H17,77,F,Medicare,48,3,0,0,8,0,0
P09052,H09,66,M,Medicare,10,2,2,0,4,0,0
P09053,H05,74,M,Medicare,64,2,0,0,6,0,0
P09054,H04,96,F,Medicare,37,0,0,1,4,0,0
P09055,H10,76,M,Medicare,48,1,1,0,5,0,0
P09056,H06,57,M,Medicare,36,3,0,1,3,0,0
P09057,H16,49,F,Medicare,13,1,1,1,2,0,0
P09058,H03,72,M,Medicare,31,2,0,0,4,0,0
P09059,H14,64,F,Commercial,49,2,0,1,4,0,0
P09060,H01,66,F,Medicare,84,0,0,0,7,0,0
P09061,H16,73,M,Medicare,43,5,2,0,4,0,0
P09062,H10,70,M,Commercial,16,5,0,0,3,0,0
P09063,H02,63,M,Medicare,49,2,0,1,7,0,0
P09064,H12,70,F,Medicare,33,0,1,0,3,0,0
P09065,H12,65,M,Medicare,19,2,1,0,3,0,0
P09066,H04,55,F,Medicaid,18,3,1,1,4,0,0
P09067,H06,52,M,Medicaid,39,1,0,0,4,0,0
P09068,H14,70,F,Medicare,14,0,0,1,4,0,0
P09069,H13,66,M,Medicaid,69,2,1,0,7,0,0
P09070,H07,76,F,Medicaid,62,5,0,0,13,1,1
P09071,H05,62,F,Commercial,42,1,1,1,7,0,0
P09072,H02,85,M,Medicare,55,3,0,0,7,0,0
P09073,H06,74,F,Medicare,19,1,2,1,2,0,0
P09074,H15,73,F,Medicare,45,1,1,0,5,0,0
P09075,H09,88,F,Medicaid,27,0,2,0,2,0,0
P09076,H14,84,F,Medicare,23,1,1,1,8,0,0
P09077,H09,70,M,Commercial,15,1,1,0,6,0,0
P09078,H05,47,M,Medicare,38,2,1,1,5,0,0
P09079,H01,80,F,Medicaid,17,0,1,1,7,0,0
P09080,H14,70,F,Medicare,72,0,0,0,8,1,0
P09081,H14,65,F,Medicare,19,1,1,1,5,0,0
P09082,H15,55,M,Commercial,42,3,2,0,7,0,0
P09083,H10,56,F,Medicare,17,2,2,1,4,0,0
P09084,H18,60,F,Commercial,24,1,3,0,5,0,0
P09085,H17,74,M,Commercial,44,1,1,0,6,0,0
P09086,H18,71,F,Medicaid,34,6,1,0,6,0,1
P09087,H15,64,M,Medicare,41,3,0,0,6,0,0
P09088,H17,78,M,Commercial,46,2,0,0,4,0,0
P09089,H17,65,F,Commercial,36,3,1,1,4,0,0
P09090,H18,63,F,Commercial,24,1,1,0,7,0,0
P09091,H17,60,M,Medicare,25,0,0,0,3,0,0
P09092,H02,59,M,Medicare,42,2,0,0,5,0,0
P09093,H07,60,F,Medicare,44,1,1,0,5,1,0
P09094,H13,40,M,Medicaid,24,4,1,0,5,0,0
P09095,H08,63,F,Commercial,62,5,1,0,5,1,0
P09096,H08,83,F,Commercial,23,0,0,0,6,0,0
P09097,H07,77,F,Medicaid,70,3,3,0,5,1,1
P09098,H07,66,M,Medicare,26,1,1,0,6,1,0
P09099,H06,54,F,Commercial,62,4,0,1,8,1,1
P09100,H06,64,F,Commercial,84,0,0,0,7,0,0
P09101,H08,58,F,Medicare,47,3,0,0,3,0,0
P09102,H05,82,F,Commercial,30,2,0,0,4,0,0
P09103,H05,55,F,Medicaid,64,1,1,0,7,0,0
P09104,H12,80,F,Medicare,58,1,0,0,6,0,0
P09105,H11,67,M,Commercial,50,3,3,0,6,0,0
P09106,H14,97,M,Medicare,39,1,1,0,7,0,0
P09107,H03,82,F,Medicare,50,0,0,0,6,0,0
P09108,H07,46,F,Medicare,64,2,0,0,9,1,0
P09109,H14,39,M,Medicaid,14,2,2,0,2,0,0
P09110,H13,74,F,Medicare,62,1,2,0,7,0,1
P09111,H13,80,F,Medicaid,68,2,4,0,5,1,0
P09112,H17,60,F,Medicare,44,1,3,1,4,0,0
P09113,H12,60,M,Commercial,55,5,1,0,7,0,0
P09114,H15,90,M,Medicare,62,1,2,0,12,0,0
P09115,H09,60,M,Medicaid,24,1,2,0,3,0,0
P09116,H11,73,F,Commercial,4,2,0,0,7,0,0
P09117,H04,32,F,Commercial,30,0,1,0,3,0,0
P09118,H12,81,M,Medicare,68,3,0,0,6,1,0
P09119,H10,75,M,Medicare,34,1,0,0,6,0,0
P09120,H04,60,F,Medicare,11,3,1,1,4,0,0
P09121,H07,51,M,Commercial,73,2,0,0,8,1,0
P09122,H04,61,M,Medicare,83,2,0,1,7,0,0
P09123,H09,63,M,Medicare,24,2,0,0,3,0,0
P09124,H11,55,F,Medicare,31,2,0,0,6,0,1
P09125,H15,69,F,Medicare,36,1,1,0,6,0,0
P09126,H19,54,M,Commercial,55,2,0,1,6,0,0
P09127,H20,76,F,Medicaid,49,2,1,0,7,0,0
P09128,H15,62,M,Medicare,28,0,0,0,4,0,0
P09129,H11,89,F,Medicare,37,0,0,0,6,0,0
P09130,H19,64,M,Medicare,37,2,1,0,4,0,0
P09131,H10,64,M,Commercial,39,3,1,0,7,0,0
P09132,H10,80,M,Medicare,56,1,0,0,12,0,0
P09133,H07,74,M,Medicaid,32,5,0,1,3,1,0
P09134,H09,59,M,Medicare,43,1,1,1,4,0,0
P09135,H17,58,F,Medicare,52,2,0,0,8,0,0
P09136,H19,54,F,Medicaid,47,2,0,0,6,1,0
P09137,H04,66,F,Commercial,46,4,1,0,5,0,0
P09138,H04,62,M,Commercial,57,2,0,0,4,0,0
P09139,H14,63,F,Medicare,36,3,0,0,4,0,0
P09140,H05,87,M,Medicaid,50,3,1,0,4,0,0
P09141,H02,68,F,Medicare,32,2,1,0,5,0,0
P09142,H11,71,F,Medicare,14,0,0,0,4,0,1
P09143,H04,79,F,Medicare,77,0,1,1,7,0,0
P09144,H19,99,M,Commercial,5,2,1,0,3,0,0
P09145,H08,95,M,Commercial,65,4,1,0,6,1,1
P09146,H08,39,M,Medicare,11,3,2,1,4,0,1
P09147,H06,55,M,Medicaid,77,3,1,1,6,1,1
P09148,H02,62,M,Medicaid,48,3,2,0,4,0,0
P09149,H05,75,F,Medicare,53,2,0,0,6,0,0
P09150,H20,80,F,Commercial,39,3,1,1,12,0,0
P09151,H12,62,F,Medicare,69,2,0,0,8,0,0
P09152,H02,84,M,Medicare,65,1,2,0,4,0,0
P09153,H08,44,M,Medicare,80,4,0,0,9,1,0
P09154,H18,83,F,Commercial,48,2,0,0,5,0,0
P09155,H10,87,F,Commercial,62,3,0,0,5,0,0
P09156,H18,56,M,Commercial,57,0,0,0,7,0,1
P09157,H11,70,M,Medicare,48,0,0,1,5,0,1
P09158,H15,75,F,Medicare,84,0,1,0,9,0,0
P09159,H06,55,F,Medicaid,80,1,0,0,7,0,1
P09160,H04,72,F,Commercial,28,4,0,0,3,0,0
P09161,H12,58,F,Medicare,7,0,0,0,4,0,0
P09162,H19,68,M,Commercial,17,1,0,0,11,0,1
P09163,H14,74,F,Medicaid,56,2,0,0,5,1,0
P09164,H13,65,F,Commercial,83,3,2,1,10,1,1
P09165,H04,59,F,Medicare,57,1,0,1,5,0,0
P09166,H01,67,M,Medicare,38,1,2,0,4,0,1
P09167,H17,48,F,Medicare,36,0,0,0,3,0,0
P09168,H18,62,M,Medicare,33,3,0,1,5,0,0
P09169,H14,70,M,Medicare,83,3,0,0,5,1,1
P09170,H08,52,M,Commercial,29,4,2,0,3,0,0
P09171,H06,45,F,Commercial,28,4,0,0,7,0,0
P09172,H17,71,F,Medicaid,11,1,1,0,2,0,0
P09173,H19,75,M,Medicare,49,2,0,0,12,0,0
P09174,H17,62,F,Commercial,33,1,0,1,5,0,0
P09175,H16,33,F,Medicare,25,1,0,0,5,0,1
P09176,H19,52,F,Commercial,45,2,0,0,6,0,0
P09177,H20,65,F,Commercial,86,1,0,0,6,0,0
P09178,H07,76,F,Medicare,60,1,1,1,6,1,0
P09179,H04,79,F,Medicare,73,1,1,0,6,0,0
P09180,H01,61,F,Medicare,42,3,0,0,6,0,0
P09181,H05,82,M,Medicare,15,3,0,0,4,0,0
P09182,H16,81,M,Medicare,24,1,0,0,6,0,0
P09183,H03,76,F,Medicare,47,2,0,0,7,0,0
P09184,H13,56,M,Commercial,37,1,2,0,3,0,0
P09185,H19,57,M,Commercial,86,4,0,0,6,1,0
P09186,H13,73,M,Medicaid,28,3,1,0,3,0,0
P09187,H15,58,M,Medicare,47,2,2,0,5,0,0
P09188,H17,71,F,Commercial,67,1,0,1,6,0,0
P09189,H04,47,M,Medicare,46,0,1,0,5,1,0
P09190,H10,59,F,Commercial,43,3,2,0,6,0,0
P09191,H11,64,M,Medicaid,46,1,0,1,6,0,0
P09192,H04,66,F,Commercial,44,3,0,1,5,0,0
P09193,H07,70,F,Commercial,16,2,0,1,4,1,0
P09194,H06,69,M,Medicare,52,1,0,0,4,0,0
P09195,H19,72,F,Commercial,38,0,0,0,4,0,0
P09196,H13,59,F,Medicare,55,1,1,0,4,0,1
P09197,H18,66,M,Medicare,7,1,2,0,6,0,0
P09198,H14,43,F,Medicaid,45,2,1,1,4,0,0
P09199,H15,53,F,Medicare,68,2,2,0,8,0,0
P09200,H09,73,M,Medicare,21,1,0,0,6,0,0
P09201,H15,62,F,Medicare,41,1,0,0,6,0,0
P09202,H09,67,F,Commercial,40,3,4,0,4,0,0
P09203,H16,73,F,Medicare,3,2,1,0,9,0,0
P09204,H09,62,F,Medicare,39,1,0,0,4,0,0
P09205,H01,60,M,Medicaid,64,4,0,0,6,1,0
P09206,H19,76,M,Medicare,2,3,0,1,1,0,0
P09207,H12,68,M,Medicare,10,2,1,0,2,0,1
P09208,H18,61,M,Commercial,67,1,2,1,5,0,0
P09209,H10,72,F,Medicare,20,3,0,1,2,0,0
P09210,H10,53,M,Medicare,37,0,1,0,6,0,0
P09211,H13,22,M,Medicare,72,1,0,0,7,1,0
P09212,H04,52,F,Medicare,7,0,0,0,5,0,0
P09213,H17,89,F,Medicare,41,3,0,0,6,0,0
P09214,H18,69,M,Commercial,75,4,0,0,7,0,1
P09215,H12,38,F,Medicare,32,1,1,1,5,0,0
P09216,H03,64,M,Medicare,20,3,1,1,4,0,0
P09217,H03,60,M,Medicare,35,2,1,1,6,0,0
P09218,H20,91,F,Medicare,60,2,0,0,7,0,0
P09219,H14,79,F,Commercial,35,8,0,0,6,0,0
P09220,H19,63,F,Commercial,71,2,1,0,7,0,0
P09221,H01,66,F,Medicare,60,1,1,0,7,0,0
P09222,H19,60,F,Commercial,23,2,1,0,10,0,0
P09223,H12,74,F,Medicare,15,2,1,0,5,0,1
P09224,H03,76,F,Medicaid,44,1,1,1,3,0,0
P09225,H06,51,F,Medicare,10,2,0,0,3,0,0
P09226,H16,86,M,Medicare,3,4,0,0,5,0,0
P09227,H05,72,M,Medicare,23,1,2,0,3,0,0
P09228,H14,54,M,Commercial,73,0,0,0,9,0,1
P09229,H05,68,M,Medicare,54,3,1,0,5,0,0
P09230,H13,67,M,Medicare,58,2,2,0,6,0,0
P09231,H18,87,F,Commercial,33,9,0,0,4,0,0
P09232,H09,48,F,Medicaid,37,3,0,0,4,0,0
P09233,H17,78,F,Medicare,42,1,0,0,5,0,1
P09234,H07,82,M,Medicaid,65,1,0,0,8,1,0
P09235,H20,55,F,Medicaid,59,3,1,0,4,0,0
P09236,H13,56,M,Medicare,51,2,0,1,5,0,0
P09237,H13,77,M,Commercial,0,2,3,0,2,0,1
P09238,H17,63,F,Commercial,63,2,1,0,6,0,0
P09239,H01,84,F,Medicare,65,0,0,0,7,0,0
P09240,H12,82,F,Medicare,36,1,0,1,4,0,0
P09241,H17,74,M,Medicaid,70,3,1,0,5,1,0
P09242,H02,51,F,Medicare,19,1,0,0,3,0,0
P09243,H15,72,M,Commercial,55,3,1,0,4,0,0
P09244,H19,46,F,Commercial,41,1,2,1,8,0,0
P09245,H17,85,F,Commercial,13,3,0,0,5,0,0
P09246,H08,44,F,Commercial,16,1,1,0,4,0,0
P09247,H09,59,M,Medicare,48,2,0,0,7,0,0
P09248,H04,63,M,Medicare,49,2,0,0,5,0,1
P09249,H20,68,F,Medicare,14,3,1,0,3,0,0
P09250,H02,71,M,Medicare,80,3,0,0,7,1,1
P09251,H17,59,F,Commercial,62,3,1,0,5,1,0
P09252,H15,62,F,Medicaid,53,2,0,0,4,1,0
P09253,H02,79,M,Medicare,20,0,1,0,4,0,0
P09254,H02,66,M,Medicare,5,0,1,0,2,0,0
P09255,H14,63,F,Medicare,15,0,0,1,3,0,0
P09256,H18,57,M,Medicare,87,1,0,0,7,0,0
P09257,H12,42,F,Commercial,67,3,1,0,9,1,0
P09258,H17,81,M,Medicaid,46,5,0,1,4,0,0
P09259,H14,58,F,Medicaid,62,2,0,1,6,0,0
P09260,H11,41,M,Medicare,69,2,0,0,9,0,0
P09261,H17,80,F,Medicare,66,2,0,0,8,1,0
P09262,H04,87,M,Commercial,30,3,0,1,3,0,0
P09263,H08,63,F,Medicare,48,3,1,0,6,0,0
P09264,H12,59,F,Medicare,80,0,0,0,9,0,0
P09265,H20,66,F,Medicaid,19,0,1,0,3,0,0
P09266,H08,76,F,Medicare,26,1,0,0,3,1,0
P09267,H03,82,M,Commercial,15,3,0,0,4,0,0
P09268,H16,60,M,Commercial,46,2,0,0,4,0,0
P09269,H01,71,F,Medicaid,68,3,0,0,12,1,1
P09270,H12,81,M,Commercial,36,0,1,1,4,1,0
P09271,H11,34,M,Medicare,89,1,2,0,6,1,1
P09272,H06,66,M,Medicare,10,4,0,0,3,0,0
P09273,H05,54,F,Commercial,16,2,0,1,4,0,0
P09274,H14,57,M,Medicare,12,2,0,0,2,0,0
P09275,H05,76,M,Medicaid,5,1,1,0,3,0,0
P09276,H09,74,M,Medicare,30,3,1,1,4,0,0
P09277,H02,55,F,Medicare,88,3,1,0,7,1,1
P09278,H10,65,M,Medicare,55,3,0,0,9,0,0
P09279,H18,63,F,Commercial,66,4,4,1,9,1,1
P09280,H11,81,F,Medicare,57,5,0,0,4,0,0
P09281,H07,60,M,Medicare,56,2,2,0,5,1,0
P09282,H18,79,M,Commercial,56,1,0,0,8,1,0
P09283,H19,53,M,Commercial,54,1,2,1,6,0,0
P09284,H15,60,M,Medicare,44,4,4,0,6,1,1
P09285,H05,74,F,Medicaid,69,2,0,0,5,0,0
P09286,H01,64,M,Commercial,30,2,0,0,3,0,0
P09287,H13,59,F,Medicare,52,1,0,0,8,0,0
P09288,H15,63,M,Commercial,17,3,0,0,4,0,0
P09289,H15,49,M,Medicare,46,0,0,0,6,0,0
P09290,H02,47,F,Medicare,33,2,0,0,8,0,0
P09291,H12,72,F,Commercial,27,3,0,0,3,0,0
P09292,H03,74,F,Medicare,40,2,2,0,3,0,0
P09293,H07,79,M,Medicare,10,2,0,1,2,1,0
P09294,H10,56,F,Medicare,78,3,0,0,8,1,1
P09295,H20,50,F,Medicare,43,1,0,0,4,0,0
P09296,H01,86,F,Medicare,41,4,1,1,7,0,1
P09297,H10,75,F,Medicare,71,1,1,0,5,0,1
P09298,H07,68,F,Medicare,51,3,0,1,5,1,0
P09299,H05,53,F,Medicare,63,1,0,0,6,0,1
P09300,H04,70,M,Medicare,21,2,1,0,5,0,0
P09301,H16,67,F,Medicare,46,1,0,0,5,1,0
P09302,H01,79,M,Medicare,73,3,0,1,5,1,1
P09303,H05,73,M,Medicare,45,4,1,0,8,1,0
P09304,H18,56,M,Medicaid,83,5,0,0,10,1,1
P09305,H07,53,F,Medicare,27,3,1,0,4,1,0
P09306,H15,76,F,Medicare,36,2,0,0,5,0,0
P09307,H04,72,F,Medicaid,76,2,1,0,10,1,1
P09308,H19,53,F,Medicare,30,0,0,1,4,0,0
P09309,H07,86,F,Commercial,17,3,0,0,7,1,0
P09310,H03,66,F,Medicaid,51,1,0,0,7,0,0
P09311,H03,94,F,Medicare,71,0,2,0,10,0,0
P09312,H09,58,M,Medicare,25,3,0,1,7,0,1
P09313,H17,78,M,Commercial,33,2,0,1,6,0,0
P09314,H19,72,F,Commercial,22,2,0,0,6,0,0
P09315,H03,69,M,Medicare,33,4,2,1,3,0,0
P09316,H18,63,M,Medicare,55,1,1,0,7,0,0
P09317,H03,79,M,Medicare,78,2,0,0,6,0,0
P09318,H01,71,F,Commercial,18,3,0,0,3,0,0
P09319,H01,59,M,Medicaid,35,2,0,0,5,0,0
P09320,H01,49,M,Medicare,50,2,0,0,4,0,0
P09321,H15,61,F,Commercial,49,4,0,0,6,0,1
P09322,H14,45,M,Commercial,41,2,1,0,7,0,1
P09323,H14,57,F,Medicare,14,2,0,0,4,0,0
P09324,H07,59,M,Medicare,52,3,0,1,4,1,0
P09325,H13,90,M,Medicare,73,2,1,0,5,0,1
P09326,H13,55,F,Commercial,22,2,0,1,3,0,0
P09327,H08,70,M,Commercial,36,6,1,0,5,0,0
P09328,H06,67,F,Medicaid,72,3,0,0,6,1,1
P09329,H10,84,F,Medicare,61,4,0,0,4,1,0
P09330,H03,73,F,Medicaid,65,1,0,0,5,0,0
P09331,H04,69,F,Medicare,81,1,0,0,9,0,0
P09332,H04,80,F,Medicare,52,1,1,0,4,0,0
P09333,H06,70,M,Medicare,65,2,1,0,6,0,0
P09334,H02,60,M,Medicare,76,3,2,0,6,1,1
P09335,H14,55,M,Medicaid,36,5,0,0,11,0,0
P09336,H13,55,M,Medicare,42,0,0,0,6,0,0
P09337,H16,79,F,Medicare,28,3,0,0,4,0,0
P09338,H18,66,M,Medicaid,42,0,0,0,5,0,0
P09339,H08,67,F,Medicaid,93,2,0,0,9,1,0
P09340,H02,76,M,Medicaid,15,1,0,0,3,0,0
P09341,H05,62,M,Medicare,31,1,0,1,6,0,0
P09342,H07,64,F,Medicare,29,1,1,1,7,1,0
P09343,H10,57,F,Medicaid,21,4,1,1,3,0,0
P09344,H10,63,F,Medicare,64,1,0,0,7,0,0
P09345,H08,96,F,Commercial,49,3,1,1,4,0,0
P09346,H18,69,M,Medicare,74,4,1,0,8,1,0
P09347,H03,80,M,Commercial,41,2,0,0,4,0,0
P09348,H07,57,F,Medicare,55,1,2,0,7,1,0
P09349,H02,47,F,Medicare,48,2,2,0,4,0,0
P09350,H20,74,M,Medicare,81,4,0,0,7,1,1
P09351,H20,53,M,Medicare,45,5,0,0,4,0,0
P09352,H04,57,F,Medicaid,37,2,0,1,5,0,0
P09353,H06,36,M,Commercial,66,4,0,0,8,0,0
P09354,H03,77,M,Medicaid,40,1,0,0,6,0,1
P09355,H18,61,M,Medicare,53,0,0,0,6,0,0
P09356,H19,72,F,Medicare,79,2,1,0,7,0,0
P09357,H17,72,F,Medicare,57,5,2,1,5,0,0
P09358,H18,67,M,Medicaid,60,0,0,0,5,0,0
P09359,H10,82,F,Commercial,34,1,0,0,5,0,0
P09360,H16,54,M,Medicare,36,2,0,0,15,0,0
P09361,H16,75,M,Medicare,58,0,0,0,4,0,0
P09362,H02,57,F,Medicare,38,2,0,0,4,0,0
P09363,H08,80,F,Commercial,46,2,0,0,7,0,0
P09364,H01,63,F,Medicare,65,4,0,0,5,1,0
P09365,H02,76,F,Medicare,44,3,0,0,5,0,0
P09366,H14,75,M,Medicare,20,1,1,0,4,0,0
P09367,H10,66,M,Medicare,37,0,0,0,10,0,0
P09368,H02,40,F,Commercial,20,0,0,0,3,0,0
P09369,H08,83,F,Commercial,53,1,0,1,9,0,0
P09370,H05,79,M,Commercial,46,1,0,0,10,0,0
P09371,H10,52,F,Commercial,23,3,3,0,6,0,0
P09372,H03,61,M,Commercial,55,1,1,1,5,0,0
P09373,H06,73,F,Medicare,25,1,1,0,3,0,0
P09374,H07,71,F,Medicare,32,2,0,0,3,1,0
P09375,H18,64,F,Medicare,75,0,0,0,5,0,0
P09376,H10,70,F,Medicare,22,0,1,0,5,0,0
P09377,H04,46,M,Commercial,66,2,0,1,9,0,0
P09378,H17,55,M,Medicare,14,1,1,0,3,0,0
P09379,H14,83,M,Commercial,10,2,2,0,3,0,0
P09380,H06,66,F,Medicaid,75,1,1,1,5,1,1
P09381,H12,60,M,Commercial,60,2,1,0,5,0,0
P09382,H14,72,M,Commercial,59,0,0,0,6,0,0
P09383,H16,69,M,Commercial,71,7,1,0,5,1,1
P09384,H01,56,F,Commercial,8,6,2,1,3,0,0
P09385,H18,69,M,Commercial,55,4,1,0,5,0,0
P09386,H07,79,M,Medicare,26,0,0,0,3,1,0
P09387,H19,77,M,Medicare,53,1,1,0,5,1,0
P09388,H16,49,F,Commercial,20,6,1,0,3,0,0
P09389,H07,49,F,Medicaid,73,4,0,0,8,1,0
P09390,H18,55,M,Medicare,64,0,1,1,6,0,0
P09391,H12,61,M,Medicare,80,0,0,0,9,0,0
P09392,H06,37,M,Medicare,14,2,1,1,4,0,0
P09393,H04,58,F,Medicaid,56,5,0,0,9,0,0
P09394,H10,74,M,Commercial,88,3,0,1,8,1,1
P09395,H03,71,F,Medicare,89,1,1,0,9,0,1
P09396,H06,57,M,Medicaid,42,2,0,0,4,0,0
P09397,H09,65,F,Medicaid,15,2,0,0,3,0,0
P09398,H08,72,F,Medicare,49,3,0,0,6,0,0
P09399,H03,47,M,Medicare,22,2,0,1,5,0,0
P09400,H09,39,F,Medicare,41,3,0,0,4,1,0
P09401,H17,58,M,Medicare,79,2,0,0,7,0,0
P09402,H01,95,F,Medicaid,58,3,2,0,4,0,0
P09403,H15,87,F,Medicare,67,1,0,0,6,0,0
P09404,H12,75,M,Medicare,53,3,0,0,9,0,0
P09405,H14,44,M,Commercial,75,1,0,0,9,0,0
P09406,H12,80,F,Medicaid,48,0,2,1,4,0,0
P09407,H14,71,M,Commercial,35,3,1,0,6,0,0
P09408,H13,72,F,Commercial,36,2,0,0,7,0,0
P09409,H07,40,M,Commercial,31,3,0,1,7,1,0
P09410,H13,70,M,Medicare,33,4,1,1,4,1,1
P09411,H07,60,F,Medicare,20,3,0,1,5,1,0
P09412,H20,52,M,Medicare,40,5,0,1,6,0,0
P09413,H15,70,F,Medicare,92,3,0,1,10,1,1
P09414,H14,70,M,Commercial,18,1,0,0,2,0,0
P09415,H10,68,M,Medicare,26,3,0,1,4,0,0
P09416,H11,68,M,Medicaid,7,1,1,1,3,0,0
P09417,H16,72,F,Medicare,82,2,0,0,7,0,0
P09418,H17,80,F,Medicare,12,4,0,1,3,0,0
P09419,H02,85,M,Commercial,61,3,1,0,9,1,0
P09420,H15,75,M,Medicare,63,1,0,0,7,1,0
P09421,H16,62,F,Medicare,10,2,0,0,4,0,0
P09422,H02,51,F,Medicare,58,6,0,0,9,0,0
P09423,H16,85,F,Commercial,63,5,1,0,7,1,0
P09424,H07,60,F,Commercial,64,1,1,1,6,1,1
P09425,H06,74,F,Medicare,34,3,3,0,7,0,0
P09426,H12,72,M,Commercial,42,1,2,0,10,0,0
P09427,H04,65,F,Commercial,45,3,0,1,7,1,0
P09428,H11,52,F,Commercial,58,0,0,0,6,0,0
P09429,H02,49,M,Medicare,78,3,2,0,6,1,1
P09430,H19,58,F,Commercial,40,1,1,0,6,0,0
P09431,H14,90,F,Medicare,19,3,0,1,3,0,0
P09432,H15,79,M,Commercial,31,5,1,0,3,0,0
P09433,H13,88,F,Medicare,62,2,0,0,8,0,0
P09434,H18,86,F,Medicare,55,1,3,1,4,0,1
P09435,H04,76,M,Medicare,73,3,0,0,7,1,0
P09436,H05,88,F,Medicare,55,1,1,0,6,0,0
P09437,H12,62,M,Medicare,41,2,0,1,5,0,0
P09438,H03,50,M,Commercial,44,3,0,0,9,0,1
P09439,H17,75,F,Medicare,29,0,1,0,4,0,0
P09440,H03,55,F,Medicaid,26,6,1,0,3,0,0
P09441,H04,59,M,Medicare,45,1,0,1,6,0,0
P09442,H06,70,M,Medicare,34,4,1,0,6,0,0
P09443,H15,62,F,Medicare,15,0,0,0,3,0,0
P09444,H05,70,M,Commercial,73,0,2,0,8,0,0
P09445,H10,77,M,Medicare,44,3,0,0,4,0,0
P09446,H15,47,F,Medicare,28,5,0,0,6,0,0
P09447,H18,56,M,Medicare,39,3,2,0,4,0,0
P09448,H16,73,M,Medicare,57,0,0,0,5,0,0
P09449,H07,74,M,Medicare,44,3,0,1,3,1,0
P09450,H18,49,M,Medicaid,5,4,0,0,4,0,0
P09451,H03,74,F,Medicare,27,2,2,0,3,0,1
P09452,H03,67,F,Medicare,61,1,0,0,5,0,0
P09453,H08,62,F,Commercial,65,4,0,0,5,1,1
P09454,H02,64,M,Commercial,23,2,1,0,3,0,0
P09455,H05,74,F,Medicare,67,1,0,0,6,0,0
P09456,H05,59,M,Medicaid,31,3,1,0,4,1,0
P09457,H19,58,F,Medicare,35,3,1,1,5,1,0
P09458,H01,60,M,Medicare,39,3,3,1,6,0,0
P09459,H18,47,F,Medicare,59,0,0,1,6,0,0
P09460,H02,67,F,Medicare,40,0,0,0,5,0,0
P09461,H14,90,M,Commercial,55,5,1,0,5,1,0
P09462,H14,67,M,Medicare,43,3,2,0,13,0,0
P09463,H17,70,M,Medicare,39,1,1,0,6,0,0
P09464,H09,62,F,Medicaid,37,3,2,0,4,0,0
P09465,H08,81,M,Medicare,39,2,1,0,5,0,0
P09466,H12,52,M,Medicare,19,2,1,0,3,0,0
P09467,H05,69,M,Medicare,47,2,1,0,6,0,0
P09468,H01,60,M,Medicare,34,1,0,0,3,0,0
P09469,H03,73,M,Commercial,12,2,1,0,4,0,0
P09470,H06,72,M,Medicare,19,1,0,0,4,0,0
P09471,H16,38,M,Medicare,7,2,0,0,3,0,0
P09472,H04,64,M,Commercial,47,2,2,0,4,1,0
P09473,H15,80,F,Commercial,16,3,1,1,4,0,0
P09474,H17,60,F,Medicare,40,1,0,0,6,0,0
P09475,H05,78,M,Commercial,45,0,1,0,4,0,0
P09476,H14,72,M,Medicare,32,2,3,1,3,0,0
P09477,H06,68,M,Commercial,88,1,0,1,7,0,0
P09478,H07,65,M,Medicare,74,0,1,0,5,1,0
P09479,H19,47,F,Medicaid,51,1,1,1,5,0,0
P09480,H15,76,F,Commercial,12,1,1,0,4,0,0
P09481,H05,77,F,Medicaid,49,3,0,0,4,0,0
P09482,H09,69,M,Medicaid,42,2,1,0,4,0,0
P09483,H04,59,F,Medicaid,30,0,0,0,3,0,0
P09484,H08,52,F,Medicare,25,2,0,0,3,0,1
P09485,H12,74,F,Medicare,27,4,0,0,6,0,0
P09486,H10,86,F,Commercial,16,0,1,0,3,0,0
P09487,H13,70,M,Medicaid,49,2,1,0,4,0,0
P09488,H15,83,F,Medicare,55,5,2,0,5,0,0
P09489,H13,66,M,Medicare,42,4,0,1,4,0,1
P09490,H12,68,M,Commercial,28,0,1,0,7,0,0
P09491,H02,58,F,Medicaid,63,3,2,1,6,0,1
P09492,H18,77,F,Medicaid,26,2,1,0,7,0,0
P09493,H08,53,F,Medicare,14,2,0,1,6,0,0
P09494,H10,85,M,Medicare,36,3,2,1,6,1,0
P09495,H12,57,F,Medicare,24,2,0,0,7,0,0
P09496,H20,68,F,Medicaid,24,3,2,0,5,0,0
P09497,H10,66,F,Commercial,27,1,3,0,3,0,0
P09498,H14,70,F,Commercial,39,3,0,0,6,0,0
P09499,H20,82,F,Commercial,34,2,0,0,3,0,0
P09500,H14,64,F,Medicare,33,1,1,1,5,0,0
P09501,H14,69,F,Commercial,43,4,1,1,6,0,0
P09502,H14,64,M,Commercial,51,2,1,1,5,0,0
P09503,H04,69,M,Medicare,65,2,1,0,5,0,0
P09504,H15,69,M,Medicare,20,2,1,0,5,0,0
P09505,H13,68,F,Medicare,44,0,1,1,3,0,0
P09506,H06,64,F,Medicaid,71,0,0,1,8,0,0
P09507,H03,53,F,Medicare,44,0,0,0,5,0,0
P09508,H13,72,F,Medicaid,77,0,0,0,7,0,1
P09509,H02,60,F,Medicare,41,2,2,1,6,0,0
P09510,H06,58,F,Medicare,67,3,0,1,5,0,1
P09511,H12,65,M,Medicare,92,1,1,1,6,0,0
P09512,H11,44,F,Medicaid,55,4,1,1,5,1,0
P09513,H03,52,F,Medicare,59,1,0,0,6,0,0
P09514,H19,61,M,Medicare,24,0,2,1,8,0,0
P09515,H05,69,M,Medicare,19,2,0,1,4,0,0
P09516,H14,70,M,Medicare,80,1,0,0,7,0,0
P09517,H12,78,M,Medicare,29,1,2,0,4,0,0
P09518,H01,55,M,Medicare,49,3,2,0,5,1,0
P09519,H16,56,F,Medicare,58,1,0,0,5,0,0
P09520,H20,84,M,Commercial,30,1,1,0,3,0,0
P09521,H05,28,M,Commercial,64,2,1,1,6,1,0
P09522,H15,61,M,Commercial,4,5,0,0,5,0,0
P09523,H17,52,F,Commercial,35,2,0,1,4,0,0
P09524,H01,71,F,Commercial,46,1,0,1,11,0,0
P09525,H15,70,F,Medicaid,57,1,0,0,6,0,0
P09526,H12,50,F,Commercial,62,2,0,0,8,0,0
P09527,H15,65,M,Commercial,27,4,0,1,3,0,0
P09528,H09,97,F,Medicaid,3,1,1,0,2,0,0
P09529,H11,59,M,Medicare,21,5,0,0,4,0,0
P09530,H07,60,F,Medicare,86,3,0,1,6,1,1
P09531,H04,48,M,Commercial,46,0,1,1,5,0,0
P09532,H09,50,M,Medicare,4,1,0,0,4,0,0
P09533,H11,72,F,Medicare,51,4,0,0,11,1,0
P09534,H17,77,M,Medicaid,32,3,0,1,4,0,0
P09535,H17,90,F,Medicare,36,3,3,0,4,1,0
P09536,H08,79,M,Medicaid,20,1,0,0,4,0,0
P09537,H06,61,F,Medicare,50,3,0,0,11,0,1
P09538,H15,75,M,Medicare,50,3,2,0,4,0,0
P09539,H15,62,F,Medicare,70,2,0,0,6,0,0
P09540,H10,73,F,Medicare,39,2,0,1,4,0,0
P09541,H18,77,M,Medicare,50,2,0,1,6,0,0
P09542,H12,88,F,Medicare,69,2,1,0,8,0,0
P09543,H14,54,M,Commercial,53,3,0,0,7,0,0
P09544,H12,65,F,Medicaid,44,2,2,0,5,0,0
P09545,H06,65,M,Medicare,49,1,1,1,7,1,1
P09546,H15,62,M,Commercial,51,1,1,1,4,0,0
P09547,H12,55,F,Medicare,17,3,0,0,3,0,0
P09548,H07,68,F,Commercial,26,6,1,0,3,1,0
P09549,H06,80,M,Medicare,69,6,0,0,6,1,1
P09550,H19,77,F,Medicaid,20,2,1,0,4,0,0
P09551,H15,62,M,Medicare,52,1,1,0,4,0,0
P09552,H08,52,F,Medicaid,57,1,1,0,6,0,0
P09553,H14,69,M,Commercial,25,1,0,1,4,0,0
P09554,H02,64,M,Medicare,60,2,0,0,6,1,0
P09555,H05,56,F,Medicare,16,2,0,0,3,0,0
P09556,H04,79,F,Commercial,36,2,0,0,3,0,0
P09557,H07,67,M,Medicare,48,3,1,0,6,1,0
P09558,H19,60,M,Medicare,46,3,2,1,4,0,0
P09559,H18,73,F,Commercial,65,2,0,0,7,0,0
P09560,H05,70,F,Commercial,26,1,1,1,4,0,0
P09561,H13,67,F,Medicaid,31,3,0,0,3,0,0
P09562,H15,69,F,Medicare,27,1,0,0,4,0,0
P09563,H10,90,M,Medicare,41,3,1,0,9,0,0
P09564,H07,58,M,Commercial,61,0,1,0,5,1,0
P09565,H06,70,M,Medicaid,71,0,0,0,5,0,0
P09566,H16,76,M,Medicare,55,4,0,0,5,0,0
P09567,H17,60,M,Medicare,52,2,0,1,5,0,0
P09568,H11,70,M,Medicare,29,3,2,1,4,0,0
P09569,H02,65,F,Medicare,69,3,1,1,9,1,0
P09570,H19,69,M,Commercial,20,1,2,1,3,0,0
P09571,H20,56,F,Medicare,45,2,2,0,4,0,0
P09572,H06,76,M,Medicare,66,2,1,1,6,0,0
P09573,H19,61,F,Medicare,48,5,0,0,5,0,0
P09574,H04,62,F,Medicaid,8,1,0,0,3,0,0
P09575,H06,63,F,Medicare,84,4,0,0,6,1,0
P09576,H01,65,M,Medicare,39,0,0,0,11,0,0
P09577,H12,82,F,Medicare,91,6,0,0,10,1,1
P09578,H20,64,F,Medicare,37,4,0,0,4,0,0
P09579,H20,70,M,Commercial,70,4,0,0,5,1,1
P09580,H19,58,M,Medicaid,47,0,2,0,4,1,0
P09581,H11,66,F,Medicare,12,2,1,0,5,0,0
P09582,H02,65,M,Medicare,73,3,0,1,6,1,1
P09583,H11,63,M,Medicare,33,2,3,0,4,0,0
P09584,H06,82,F,Medicare,46,1,2,1,11,0,0
P09585,H11,62,M,Commercial,35,2,1,0,3,0,0
P09586,H18,77,M,Medicare,71,1,2,0,5,1,0
P09587,H05,88,M,Commercial,23,2,2,0,4,0,0
P09588,H11,63,M,Medicaid,54,3,0,0,8,0,0
P09589,H06,59,F,Medicaid,38,1,0,1,9,0,0
P09590,H05,78,M,Medicare,14,1,1,0,3,0,0
P09591,H08,84,F,Medicaid,47,2,1,0,4,0,0
P09592,H12,79,F,Medicare,64,0,1,1,6,0,0
P09593,H16,47,F,Commercial,76,2,0,1,7,0,0
P09594,H18,64,M,Commercial,25,2,1,1,4,0,0
P09595,H20,60,M,Commercial,50,2,1,1,4,0,0
P09596,H16,58,M,Medicaid,41,1,1,1,3,0,0
P09597,H13,55,F,Commercial,36,1,1,0,5,0,0
P09598,H13,64,M,Medicare,45,1,1,0,5,0,1
P09599,H18,39,F,Medicare,32,0,0,0,4,0,0
P09600,H18,59,F,Medicare,49,3,0,1,6,0,0
P09601,H11,57,M,Medicare,58,1,0,0,8,0,0
P09602,H08,71,M,Medicaid,39,3,2,0,7,0,0
P09603,H03,77,F,Medicare,44,2,0,0,5,0,0
P09604,H05,58,M,Commercial,38,1,0,0,5,0,0
P09605,H02,71,F,Medicare,10,2,0,0,3,0,0
P09606,H12,50,M,Medicaid,40,2,2,1,7,0,0
P09607,H17,65,M,Medicare,59,2,2,0,9,0,0
P09608,H01,57,F,Medicare,28,1,1,0,3,0,0
P09609,H16,75,F,Commercial,26,2,1,0,4,0,0
P09610,H15,66,M,Commercial,11,2,0,1,6,0,1
P09611,H18,61,M,Medicare,41,1,1,0,6,0,0
P09612,H08,88,F,Commercial,31,1,1,0,8,0,0
P09613,H18,57,F,Medicare,74,2,2,0,7,0,0
P09614,H16,53,F,Medicare,51,0,1,0,4,0,0
P09615,H02,71,M,Commercial,13,0,1,1,2,0,0
P09616,H17,90,M,Medicaid,59,2,1,0,6,0,0
P09617,H10,57,M,Medicare,58,3,2,0,4,0,0
P09618,H05,50,F,Medicare,37,1,0,0,3,0,0
P09619,H04,69,F,Commercial,23,3,2,0,4,0,0
P09620,H13,63,M,Medicare,38,3,0,0,7,0,1
P09621,H05,80,F,Commercial,36,0,0,0,7,0,0
P09622,H02,60,F,Medicare,11,3,1,1,3,0,0
P09623,H05,83,M,Medicaid,41,2,1,1,12,0,0
P09624,H04,73,F,Medicare,79,0,2,0,5,1,0
P09625,H20,68,F,Medicare,25,1,0,1,7,0,0
P09626,H02,80,M,Medicare,41,1,2,0,4,0,0
P09627,H01,61,M,Medicaid,50,0,1,0,5,0,0
P09628,H07,78,M,Commercial,30,2,0,0,4,1,0
P09629,H09,86,F,Medicaid,25,1,1,0,3,0,0
P09630,H08,59,F,Medicaid,25,3,0,0,3,0,0
P09631,H06,61,F,Medicare,29,1,0,0,4,0,0
P09632,H20,62,M,Commercial,53,2,0,1,4,0,0
P09633,H13,58,M,Commercial,33,3,0,0,6,0,0
P09634,H02,61,M,Medicare,12,7,2,1,2,0,0
P09635,H03,70,M,Medicare,25,2,1,0,4,0,0
P09636,H16,78,F,Medicare,29,2,1,0,4,0,0
P09637,H09,84,M,Medicaid,47,1,0,0,4,0,0
P09638,H10,69,F,Medicare,21,4,2,0,2,0,0
P09639,H10,64,M,Medicare,11,1,1,0,3,0,0
P09640,H20,43,F,Medicare,34,4,0,0,3,0,0
P09641,H08,49,M,Commercial,51,3,0,0,8,0,1
P09642,H09,49,F,Medicare,21,5,0,0,5,0,0
P09643,H12,61,M,Medicare,31,1,0,0,6,0,0
P09644,H07,74,F,Medicare,54,2,1,0,4,1,0
P09645,H07,58,F,Medicare,22,1,1,0,5,1,0
P09646,H10,84,M,Medicare,29,0,0,1,5,0,0
P09647,H13,54,M,Commercial,69,0,1,0,6,0,0
P09648,H16,52,M,Commercial,47,1,1,1,5,0,0
P09649,H08,73,M,Medicare,48,1,1,0,8,0,0
P09650,H07,50,F,Medicare,30,3,1,0,3,1,0
P09651,H20,90,F,Commercial,71,1,0,1,6,0,0
P09652,H04,67,M,Commercial,29,3,1,0,6,0,0
P09653,H19,74,M,Medicare,67,0,0,0,8,0,0
P09654,H12,61,F,Medicare,41,5,1,0,6,1,0
P09655,H05,37,F,Medicare,34,0,1,0,4,0,0
P09656,H13,72,M,Medicaid,19,1,2,0,3,0,0
P09657,H06,50,M,Medicare,53,0,2,0,9,0,1
P09658,H16,79,F,Medicare,28,1,1,0,5,0,1
P09659,H12,54,F,Medicare,63,1,1,1,7,0,0
P09660,H02,79,F,Medicare,59,3,1,0,5,0,0
P09661,H10,88,M,Medicare,79,0,0,0,8,1,0
P09662,H06,72,M,Medicaid,42,1,0,0,4,0,0
P09663,H08,54,F,Medicaid,46,0,0,0,4,0,0
P09664,H20,73,F,Medicaid,43,2,1,0,4,0,1
P09665,H12,68,M,Medicare,38,6,1,1,7,0,0
P09666,H07,48,F,Medicaid,32,5,0,0,10,1,0
P09667,H11,83,M,Medicare,51,1,1,0,5,0,0
P09668,H04,38,F,Medicaid,48,6,1,0,4,0,0
P09669,H04,73,M,Commercial,48,4,2,0,7,0,1
P09670,H04,73,M,Medicare,66,1,2,1,10,0,1
P09671,H09,59,M,Commercial,26,4,0,0,6,0,0
P09672,H08,63,M,Medicaid,42,3,1,0,4,0,0
P09673,H11,70,F,Medicare,57,2,0,0,5,0,0
P09674,H10,54,M,Medicare,47,2,0,0,5,0,0
P09675,H01,72,M,Medicare,35,0,0,0,3,0,0
P09676,H02,72,F,Medicare,34,1,0,0,5,0,0
P09677,H03,73,M,Commercial,11,1,0,0,4,0,1
P09678,H16,55,F,Medicaid,49,0,1,0,6,0,0
P09679,H14,70,F,Medicare,27,0,0,1,4,0,0
P09680,H10,69,M,Medicare,59,2,1,0,5,0,0
P09681,H11,67,M,Medicare,23,2,3,0,4,0,0
P09682,H03,86,F,Medicare,50,2,1,0,5,0,0
P09683,H20,87,F,Commercial,40,1,1,0,4,0,0
P09684,H16,66,F,Commercial,30,1,0,0,4,0,0
P09685,H16,65,F,Commercial,24,1,0,0,5,0,0
P09686,H19,99,M,Commercial,30,2,2,0,4,0,1
P09687,H07,68,M,Commercial,49,3,1,0,4,1,0
P09688,H06,56,F,Commercial,51,2,1,0,6,0,0
P09689,H06,39,F,Medicare,85,3,0,0,6,1,1
P09690,H06,42,M,Medicare,76,4,0,0,8,1,1
P09691,H15,88,M,Medicare,15,0,0,0,3,0,0
P09692,H09,67,F,Medicaid,33,1,0,0,4,0,0
P09693,H11,77,F,Commercial,9,2,0,0,8,0,0
P09694,H04,81,M,Medicare,33,5,0,0,3,0,0
P09695,H10,64,M,Medicare,58,4,0,0,8,0,0
P09696,H08,76,F,Medicare,80,4,2,1,5,1,1
P09697,H01,59,M,Medicaid,42,3,1,0,4,0,0
P09698,H09,54,F,Medicare,21,2,0,0,3,0,0
P09699,H07,62,M,Medicare,26,4,1,0,3,1,0
P09700,H19,44,M,Medicare,90,4,1,1,6,1,1
P09701,H03,51,F,Commercial,39,2,2,0,5,0,0
P09702,H08,72,M,Medicare,19,3,0,1,3,0,0
P09703,H20,56,M,Medicare,42,1,2,0,5,0,0
P09704,H07,57,F,Commercial,19,4,1,0,5,1,0
P09705,H07,76,F,Medicare,57,0,1,0,11,1,0
P09706,H12,53,M,Medicare,75,1,3,1,5,0,0
P09707,H12,77,M,Medicaid,26,3,0,1,2,0,1
P09708,H09,79,F,Medicare,50,1,3,0,8,0,0
P09709,H19,57,F,Medicare,86,2,0,0,6,1,0
P09710,H15,53,F,Medicaid,85,2,0,0,8,0,0
P09711,H19,43,F,Medicare,94,2,0,0,6,1,1
P09712,H19,64,F,Commercial,63,3,1,0,8,1,1
P09713,H14,88,F,Medicare,44,1,0,1,5,0,0
P09714,H05,49,M,Medicare,34,2,0,0,7,0,0
P09715,H15,71,F,Medicare,51,4,2,0,5,0,0
P09716,H01,56,M,Medicaid,43,0,0,0,4,0,0
P09717,H17,60,M,Medicare,44,1,0,0,4,0,0
P09718,H03,74,F,Medicaid,31,0,1,1,3,0,0
P09719,H07,68,F,Commercial,53,5,0,0,5,1,0
P09720,H12,75,F,Medicaid,21,2,0,0,5,0,0
P09721,H03,76,M,Medicare,10,0,0,0,4,0,0
P09722,H11,72,M,Medicare,58,4,0,0,6,0,0
P09723,H06,57,F,Commercial,64,2,1,1,7,0,1
P09724,H14,79,M,Medicare,40,2,0,1,7,0,0
P09725,H12,65,M,Commercial,31,2,0,1,5,0,0
P09726,H12,54,M,Medicare,26,0,0,1,4,0,0
P09727,H01,87,F,Medicare,60,2,0,1,6,0,0
P09728,H12,76,M,Medicare,42,1,2,0,6,0,1
P09729,H05,85,M,Medicare,75,4,0,0,10,1,0
P09730,H11,76,F,Medicaid,47,0,0,0,6,0,0
P09731,H19,41,F,Commercial,50,0,0,0,5,0,1
P09732,H09,72,M,Commercial,87,1,0,0,9,0,1
P09733,H04,85,F,Commercial,36,2,1,0,3,0,0
P09734,H19,48,M,Medicaid,51,4,1,0,8,0,0
P09735,H06,89,M,Medicare,81,3,1,0,5,1,1
P09736,H11,61,M,Medicare,30,0,1,0,3,0,0
P09737,H05,71,F,Commercial,52,9,0,0,5,0,1
P09738,H04,68,F,Medicaid,47,2,1,1,4,0,0
P09739,H09,59,F,Medicare,90,0,1,0,10,1,0
P09740,H11,89,F,Medicaid,26,1,1,1,3,0,0
P09741,H12,53,M,Medicare,61,3,1,0,4,0,0
P09742,H13,39,M,Medicare,34,2,1,0,5,0,0
P09743,H07,34,F,Medicaid,37,0,1,1,5,1,0
P09744,H02,75,M,Commercial,30,2,1,0,3,0,0
P09745,H05,53,M,Commercial,54,4,1,1,13,0,0
P09746,H04,88,M,Medicare,40,2,0,0,6,0,0
P09747,H07,78,F,Medicare,76,3,0,0,6,1,1
P09748,H03,65,M,Medicaid,90,5,0,0,9,1,1
P09749,H04,72,F,Medicare,51,4,0,0,8,1,0
P09750,H07,86,F,Medicare,53,3,0,0,4,1,0
P09751,H20,65,F,Medicaid,77,3,2,0,7,1,1
P09752,H13,72,F,Medicare,50,0,1,0,4,0,0
P09753,H03,75,F,Medicare,37,3,0,0,7,0,0
P09754,H06,56,M,Commercial,41,1,0,1,5,0,0
P09755,H15,72,M,Commercial,37,1,0,0,4,0,0
P09756,H02,67,F,Medicare,62,2,0,0,6,0,0
P09757,H17,58,F,Medicare,54,0,0,0,6,0,0
P09758,H01,77,M,Medicare,27,2,0,0,8,0,0
P09759,H05,63,F,Commercial,32,2,0,0,3,0,0
P09760,H07,42,F,Medicare,39,3,0,0,5,1,0
P09761,H07,75,M,Medicaid,24,1,1,1,4,1,0
P09762,H18,69,F,Commercial,11,1,0,0,2,0,0
P09763,H11,76,F,Medicaid,16,4,0,0,3,0,0
P09764,H18,65,F,Medicare,36,2,0,1,5,0,0
P09765,H18,57,M,Medicare,64,5,1,0,10,0,1
P09766,H16,66,F,Medicare,38,1,0,1,8,0,0
P09767,H17,51,F,Medicare,21,3,1,0,6,0,0
P09768,H12,78,F,Medicare,69,2,0,0,5,0,0
P09769,H04,64,M,Medicare,65,2,0,0,5,0,0
P09770,H03,78,M,Medicare,41,3,0,0,4,0,0
P09771,H04,66,M,Medicaid,43,3,2,0,5,0,0
P09772,H18,68,M,Commercial,54,3,2,0,8,0,0
P09773,H09,71,M,Medicaid,48,2,0,1,4,1,0
P09774,H19,61,M,Medicare,69,1,0,1,6,0,1
P09775,H17,55,F,Medicare,64,0,1,1,6,0,1
P09776,H20,57,F,Medicare,77,2,1,0,6,0,0
P09777,H05,56,F,Medicare,46,1,1,1,4,0,1
P09778,H18,57,M,Medicaid,82,2,0,0,6,0,0
P09779,H11,75,M,Commercial,46,4,3,0,7,0,0
P09780,H16,79,F,Commercial,7,2,0,1,3,0,0
P09781,H17,72,F,Medicare,34,6,1,0,5,0,0
P09782,H12,67,M,Medicare,30,1,3,0,4,0,0
P09783,H06,53,M,Medicare,33,2,0,0,4,0,0
P09784,H02,60,F,Commercial,32,5,0,1,4,0,0
P09785,H17,70,F,Commercial,39,2,0,1,9,0,1
P09786,H12,53,F,Medicaid,63,0,0,1,5,0,0
P09787,H01,86,F,Medicaid,52,3,1,1,4,0,0
P09788,H18,79,F,Medicare,43,2,1,1,4,0,0
P09789,H01,55,F,Medicare,57,1,0,0,7,0,0
P09790,H17,70,F,Medicare,36,1,1,0,4,0,0
P09791,H03,55,M,Medicaid,49,0,0,1,4,0,0
P09792,H03,94,F,Medicare,43,3,1,1,5,0,0
P09793,H01,50,F,Medicare,19,0,1,0,3,0,0
P09794,H19,52,F,Medicaid,57,2,2,0,6,0,0
P09795,H06,73,M,Medicare,46,3,1,1,4,0,0
P09796,H14,47,F,Medicare,72,2,1,0,7,0,1
P09797,H06,82,F,Medicare,48,2,0,0,4,0,0
P09798,H05,73,F,Medicaid,69,0,3,0,7,0,1
P09799,H14,76,M,Commercial,27,2,0,0,7,0,0
P09800,H16,64,M,Medicare,76,0,0,1,8,0,0
P09801,H06,48,M,Medicare,32,2,0,1,4,0,0
P09802,H10,65,F,Medicare,41,1,2,1,5,0,0
P09803,H10,92,M,Medicaid,32,1,1,0,3,0,0
P09804,H02,66,M,Medicare,46,4,1,1,5,0,1
P09805,H05,58,M,Commercial,43,1,0,0,7,0,0
P09806,H05,99,F,Medicare,37,4,0,0,5,0,0
P09807,H12,77,F,Medicare,26,0,0,0,7,0,0
P09808,H12,94,F,Commercial,54,3,2,0,5,0,1
P09809,H20,55,F,Commercial,33,4,2,0,3,0,0
P09810,H19,75,M,Medicare,43,0,1,0,6,0,0
P09811,H10,71,M,Medicare,58,4,0,0,8,0,0
P09812,H19,70,M,Commercial,41,3,0,0,3,0,0
P09813,H19,68,M,Medicaid,52,5,1,1,4,0,0
P09814,H03,77,M,Commercial,33,0,0,1,10,0,1
P09815,H16,67,M,Medicare,49,2,0,1,4,0,1
P09816,H01,37,M,Medicare,47,3,1,0,5,0,1
P09817,H07,66,F,Medicare,37,1,0,0,5,1,0
P09818,H09,76,M,Medicare,31,0,1,1,5,0,0
P09819,H18,75,F,Medicare,53,2,0,0,6,0,0
P09820,H19,61,F,Medicare,17,2,3,0,4,0,0
P09821,H11,49,M,Medicaid,31,1,0,0,3,0,0
P09822,H17,68,F,Medicaid,24,1,0,0,4,0,0
P09823,H16,74,F,Medicare,25,3,0,0,3,0,0
P09824,H20,74,M,Medicaid,44,4,1,1,4,0,1
P09825,H06,60,F,Commercial,55,2,0,0,7,0,0
P09826,H13,58,F,Medicaid,42,1,0,0,3,0,0
P09827,H19,50,M,Medicare,52,2,0,1,7,0,0
P09828,H01,57,F,Medicare,66,4,1,0,8,1,0
P09829,H07,52,F,Medicare,64,3,2,0,6,1,0
P09830,H04,81,M,Commercial,26,0,0,1,5,0,0
P09831,H02,66,F,Commercial,44,2,0,0,4,0,0
P09832,H12,61,M,Medicare,77,0,2,0,7,0,0
P09833,H10,63,M,Medicare,51,4,2,1,5,0,0
P09834,H01,75,F,Medicare,25,1,0,0,5,0,0
P09835,H10,60,M,Medicare,54,1,1,0,6,1,0
P09836,H15,65,F,Medicare,33,2,0,0,6,0,0
P09837,H08,49,F,Medicare,23,1,1,0,5,0,0
P09838,H07,69,F,Commercial,34,1,0,0,8,1,0
P09839,H11,80,F,Medicaid,44,1,1,0,6,0,1
P09840,H05,56,M,Medicare,48,2,0,0,4,0,0
P09841,H18,72,M,Medicare,60,4,0,0,6,1,0
P09842,H08,67,F,Commercial,58,1,0,0,4,0,1
P09843,H11,80,M,Medicare,40,1,0,0,5,0,0
P09844,H06,64,M,Medicare,30,1,2,1,3,0,1
P09845,H09,84,M,Medicare,34,0,1,0,7,0,0
P09846,H18,68,M,Medicare,59,2,0,1,5,0,0
P09847,H11,49,M,Medicare,29,3,1,0,3,0,0
P09848,H03,60,F,Medicare,53,3,2,0,4,0,0
P09849,H17,65,F,Commercial,69,1,1,1,5,0,1
P09850,H01,73,F,Medicare,56,4,2,0,6,0,0
P09851,H10,63,F,Medicaid,20,3,1,0,4,0,0
P09852,H03,43,M,Medicaid,35,4,1,0,3,0,0
P09853,H04,84,F,Medicare,36,4,0,0,3,0,0
P09854,H03,48,M,Medicare,55,4,1,1,4,0,0
P09855,H09,49,F,Medicare,45,1,0,1,8,0,0
P09856,H09,90,F,Medicare,59,4,0,0,5,0,0
P09857,H16,62,M,Commercial,19,3,0,1,4,0,0
P09858,H13,61,F,Medicare,27,5,0,1,7,0,1
P09859,H19,52,M,Medicare,37,1,1,0,6,0,1
P09860,H10,70,M,Commercial,46,2,3,1,8,0,0
P09861,H15,47,M,Commercial,34,1,1,1,4,0,0
P09862,H02,86,M,Commercial,43,3,1,1,8,0,1
P09863,H11,61,M,Commercial,21,4,1,1,4,0,1
P09864,H11,91,F,Medicare,27,0,1,1,5,0,0
P09865,H06,60,M,Medicare,23,1,3,1,3,0,0
P09866,H03,73,M,Medicare,52,4,0,1,7,0,1
P09867,H05,87,M,Medicare,51,4,0,0,4,0,0
P09868,H02,71,M,Commercial,63,1,1,0,5,0,0
P09869,H19,61,M,Commercial,77,0,0,0,6,0,0
P09870,H07,50,F,Medicare,25,3,0,0,4,1,0
P09871,H18,94,M,Medicare,13,2,2,0,2,0,0
P09872,H17,55,M,Medicare,31,3,0,0,4,0,0
P09873,H18,80,F,Commercial,35,1,1,0,4,0,0
P09874,H07,55,F,Medicare,87,2,1,0,9,1,1
P09875,H08,79,M,Medicare,47,2,0,1,5,0,0
P09876,H09,65,M,Medicaid,34,1,1,1,8,0,0
P09877,H10,83,M,Medicare,12,4,3,1,5,0,0
P09878,H16,54,M,Medicare,95,2,2,0,6,0,1
P09879,H13,87,M,Commercial,66,3,0,1,7,1,1
P09880,H18,99,F,Medicare,16,2,2,0,3,0,0
P09881,H18,52,M,Medicare,45,2,0,1,4,0,0
P09882,H16,45,M,Commercial,11,6,0,0,9,0,0
P09883,H01,85,F,Medicare,68,4,0,0,6,1,0
P09884,H14,73,F,Medicare,17,2,0,0,3,0,0
P09885,H19,50,M,Medicaid,40,2,0,0,3,0,0
P09886,H07,73,F,Commercial,55,3,0,1,7,1,1
P09887,H07,40,F,Commercial,29,3,2,0,4,1,0
P09888,H02,79,F,Medicare,60,4,0,0,5,1,1
P09889,H17,61,F,Medicare,22,5,0,1,6,0,0
P09890,H09,40,M,Medicare,67,3,0,0,8,1,0
P09891,H14,56,M,Medicare,65,3,1,0,6,1,0
P09892,H11,68,F,Medicare,75,2,0,0,8,1,0
P09893,H10,46,M,Medicare,59,5,0,0,5,0,0
P09894,H20,55,F,Medicare,72,1,0,0,5,0,0
P09895,H07,99,F,Commercial,47,4,0,1,4,1,0
P09896,H20,77,M,Medicare,28,1,1,1,3,0,0
P09897,H11,59,F,Commercial,41,0,0,0,13,0,0
P09898,H01,67,M,Medicare,17,1,1,0,5,0,0
P09899,H14,87,F,Medicare,78,0,0,1,7,0,0
P09900,H18,48,F,Commercial,82,2,1,0,6,1,1
P09901,H09,42,F,Medicare,25,3,0,1,6,0,0
P09902,H10,62,F,Medicare,53,3,0,0,6,0,0
P09903,H13,53,F,Commercial,55,0,1,0,5,0,0
P09904,H20,76,M,Commercial,46,0,1,0,4,0,0
P09905,H04,58,M,Medicare,43,3,1,1,8,0,0
P09906,H16,67,M,Medicare,67,2,2,0,5,0,0
P09907,H02,70,F,Medicaid,43,2,0,0,7,0,0
P09908,H17,77,M,Medicare,54,2,0,0,4,0,0
P09909,H15,70,M,Medicaid,56,1,0,0,4,0,1
P09910,H16,70,M,Commercial,71,1,2,1,5,0,0
P09911,H01,76,F,Medicare,58,0,0,0,4,0,0
P09912,H07,62,F,Medicare,57,1,0,0,5,1,0
P09913,H13,79,M,Commercial,72,1,0,0,12,0,0
P09914,H04,72,M,Commercial,14,2,2,0,2,0,0
P09915,H02,69,F,Commercial,52,3,0,0,6,0,0
P09916,H16,83,M,Medicaid,82,3,3,0,7,1,1
P09917,H08,87,M,Commercial,54,1,0,0,8,0,0
P09918,H09,47,F,Medicaid,54,2,1,0,6,0,0
P09919,H13,47,M,Medicaid,47,2,1,1,5,0,0
P09920,H17,58,F,Medicare,31,1,0,0,6,0,1
P09921,H09,62,M,Commercial,54,2,0,0,4,0,0
P09922,H13,56,F,Medicare,35,0,1,1,3,0,0
P09923,H05,80,F,Commercial,26,7,0,0,4,0,0
P09924,H04,62,F,Medicare,14,6,1,0,6,1,0
P09925,H04,62,M,Medicaid,94,2,0,0,9,0,0
P09926,H11,53,M,Commercial,38,2,1,0,5,0,0
P09927,H10,48,F,Commercial,16,1,0,0,3,0,0
P09928,H06,53,F,Medicaid,36,1,1,0,4,0,0
P09929,H20,64,F,Medicare,85,3,0,0,13,1,1
P09930,H19,93,F,Medicare,18,2,0,0,7,0,0
P09931,H09,61,M,Commercial,48,1,3,0,4,0,0
P09932,H17,73,F,Medicare,47,0,0,1,4,0,0
P09933,H07,86,M,Medicaid,54,2,0,1,7,1,0
P09934,H04,69,F,Medicare,27,3,0,0,3,0,0
P09935,H11,70,F,Commercial,66,3,0,0,5,1,1
P09936,H20,46,M,Medicare,44,2,1,0,6,0,0
P09937,H16,71,M,Medicare,19,4,0,0,3,0,0
P09938,H10,46,F,Medicare,27,4,0,0,6,0,0
P09939,H09,53,F,Medicare,47,1,1,0,6,0,0
P09940,H17,71,F,Commercial,52,6,0,0,5,0,0
P09941,H03,64,F,Medicare,39,1,0,0,7,0,0
P09942,H08,83,F,Medicaid,48,2,4,0,4,0,0
P09943,H07,80,F,Medicare,80,3,0,1,6,1,1
P09944,H05,74,F,Medicare,39,1,1,0,8,0,0
P09945,H12,78,F,Medicaid,72,1,1,0,8,0,0
P09946,H05,59,F,Medicare,42,3,2,0,5,0,0
P09947,H04,34,M,Medicare,38,1,0,0,4,0,0
P09948,H04,87,M,Commercial,26,0,0,0,3,0,0
P09949,H19,43,M,Commercial,25,1,2,0,3,0,0
P09950,H04,57,M,Medicare,58,5,3,0,5,0,1
P09951,H15,98,M,Commercial,46,2,1,0,5,0,0
P09952,H04,71,M,Medicare,42,3,1,0,5,0,1
P09953,H07,81,M,Medicare,51,4,1,0,6,1,0
P09954,H01,61,M,Medicare,27,1,0,0,4,0,0
P09955,H09,46,F,Medicare,53,2,0,1,5,0,0
P09956,H09,83,F,Medicare,71,2,1,0,6,0,1
P09957,H09,67,F,Commercial,48,3,0,0,5,1,0
P09958,H15,92,M,Medicaid,17,0,0,1,6,0,0
P09959,H12,44,F,Medicaid,45,2,0,0,4,0,0
P09960,H14,60,M,Medicaid,31,2,3,0,8,0,0
P09961,H15,75,M,Commercial,46,2,2,0,9,0,1
P09962,H03,55,M,Medicaid,34,1,0,0,4,0,1
P09963,H09,86,F,Medicare,37,0,2,0,3,0,0
P09964,H06,75,M,Commercial,26,1,0,0,3,0,0
P09965,H15,63,M,Medicaid,56,1,1,1,6,1,0
P09966,H08,67,M,Commercial,39,5,0,0,5,0,0
P09967,H06,78,F,Commercial,16,0,1,0,2,0,0
P09968,H15,76,M,Medicare,24,4,1,1,4,0,0
P09969,H15,48,F,Medicaid,35,0,0,0,4,0,0
P09970,H08,65,M,Commercial,78,3,0,0,7,1,0
P09971,H16,43,M,Medicare,45,1,1,1,6,0,1
P09972,H16,76,M,Medicaid,28,2,1,0,5,0,0
P09973,H17,63,F,Commercial,58,4,1,1,6,0,1
P09974,H09,53,F,Medicare,76,1,1,1,8,0,1
P09975,H15,66,M,Commercial,51,3,0,0,4,0,0
P09976,H05,52,F,Medicare,54,2,0,0,5,1,0
P09977,H17,47,F,Commercial,35,1,0,0,4,0,0
P09978,H14,56,M,Medicare,58,0,0,0,7,0,0
P09979,H10,88,F,Medicaid,35,1,0,0,10,0,0
P09980,H18,99,F,Medicare,34,2,0,0,7,0,0
P09981,H03,80,F,Medicaid,41,1,0,0,6,0,0
P09982,H02,56,M,Commercial,26,2,1,1,6,0,0
P09983,H02,59,F,Commercial,38,1,0,0,10,0,0
P09984,H19,86,F,Medicaid,62,1,0,1,7,0,1
P09985,H15,53,M,Medicaid,5,1,0,0,1,0,0
P09986,H16,63,M,Medicare,13,1,1,0,7,0,0
P09987,H10,82,F,Medicaid,37,2,3,0,6,0,1
P09988,H02,70,M,Medicare,26,4,0,0,6,0,0
P09989,H17,82,M,Medicare,51,2,1,0,4,0,0
P09990,H20,48,M,Medicare,71,0,2,0,7,0,1
P09991,H11,52,F,Commercial,37,2,1,0,3,0,0
P09992,H11,64,M,Medicaid,55,4,1,0,8,1,0
P09993,H07,66,M,Medicare,51,1,1,1,4,1,0
P09994,H19,57,F,Medicare,23,2,2,0,4,0,0
P09995,H17,63,F,Medicare,17,2,0,0,2,0,0
P09996,H05,84,F,Medicare,84,1,1,1,7,0,0
P09997,H05,52,M,Medicare,23,2,1,0,3,0,0
P09998,H14,82,F,Commercial,49,1,0,0,5,0,0
P09999,H15,71,F,Commercial,46,1,1,0,5,0,0
P10000,H02,53,M,Commercial,57,2,0,0,9,0,0
P10001,H05,78,M,Medicare,29,3,0,0,6,0,0
P10002,H01,90,M,Medicare,67,2,0,1,7,0,0
P10003,H17,43,F,Commercial,52,3,0,0,7,0,0
P10004,H04,62,M,Medicare,32,3,1,0,3,0,0
P10005,H12,92,F,Medicare,14,1,1,0,5,0,0
P10006,H16,72,F,Medicare,12,2,0,0,4,0,0
P10007,H08,39,M,Commercial,30,1,0,1,5,0,0
P10008,H16,82,M,Medicare,54,3,0,1,7,0,0
P10009,H19,84,M,Medicare,36,3,1,1,10,0,0
P10010,H19,62,M,Medicaid,57,2,0,0,6,0,0
P10011,H05,49,M,Commercial,71,1,0,0,6,0,0
P10012,H07,58,F,Medicaid,69,0,2,0,7,1,0
P10013,H18,63,M,Medicare,13,3,0,0,4,0,0
P10014,H04,72,M,Medicaid,55,2,1,0,5,0,0
P10015,H03,55,F,Commercial,53,1,2,0,6,0,0
P10016,H09,80,F,Medicare,41,2,1,0,6,0,0
P10017,H09,69,F,Medicare,46,7,1,0,4,0,1
P10018,H04,68,M,Commercial,27,2,1,0,4,0,0
P10019,H07,65,M,Medicare,76,2,2,0,7,1,0
P10020,H12,66,F,Commercial,50,1,2,1,4,0,0
P10021,H05,91,M,Medicare,38,3,0,0,5,0,1
P10022,H18,70,F,Medicare,31,2,0,0,3,0,1
P10023,H07,62,F,Medicare,12,0,1,1,2,1,0
P10024,H20,52,F,Commercial,6,2,1,0,3,0,0
P10025,H18,90,F,Medicare,79,3,0,0,9,1,1
P10026,H12,74,M,Medicare,42,1,1,1,8,0,0
P10027,H15,67,F,Medicare,26,5,1,0,4,0,0
P10028,H10,69,M,Commercial,33,0,1,0,7,0,0
P10029,H16,38,F,Medicare,48,1,1,0,4,0,0
P10030,H07,88,M,Medicare,38,3,0,0,5,1,0
P10031,H08,77,M,Commercial,23,3,1,0,4,0,0
P10032,H13,60,F,Medicare,7,1,0,0,2,0,0
P10033,H12,56,M,Medicare,32,4,0,0,3,0,0
P10034,H13,54,M,Medicare,41,4,0,0,4,0,0
P10035,H07,78,F,Medicare,77,1,0,0,6,1,1
P10036,H03,69,F,Commercial,77,1,0,0,11,0,0
P10037,H10,65,F,Medicare,19,3,1,1,13,0,0
P10038,H09,51,F,Commercial,29,2,1,0,4,0,0
P10039,H02,72,F,Medicare,20,1,0,0,4,0,0
P10040,H19,54,M,Medicare,22,1,1,0,2,0,0
P10041,H03,67,M,Commercial,65,4,1,0,6,1,0
P10042,H11,77,M,Medicare,33,0,2,0,3,1,0
P10043,H13,68,F,Medicare,51,1,0,0,4,1,0
P10044,H10,68,M,Medicare,48,4,1,1,8,0,0
P10045,H09,69,F,Medicare,67,3,0,0,7,1,0
P10046,H15,85,M,Medicaid,45,0,0,1,7,0,0
P10047,H16,81,M,Medicare,59,1,1,0,5,0,1
P10048,H12,49,M,Medicare,48,1,1,0,4,0,0
P10049,H10,36,M,Commercial,54,2,0,0,6,0,0
P10050,H06,73,M,Medicare,15,5,1,0,2,0,0
P10051,H02,62,F,Medicaid,39,1,1,1,5,0,1
P10052,H13,45,M,Medicare,60,4,1,0,6,1,0
P10053,H11,72,F,Medicare,55,3,0,0,5,1,0
P10054,H10,39,F,Medicare,76,1,2,0,13,1,1
P10055,H11,84,F,Medicaid,27,2,0,0,9,0,0
P10056,H02,70,F,Commercial,37,1,1,0,3,0,1
P10057,H16,55,F,Medicaid,58,3,0,0,5,0,0
P10058,H14,68,F,Commercial,35,4,0,0,5,0,0
P10059,H03,75,M,Commercial,58,1,0,0,4,0,0
P10060,H07,71,F,Medicare,58,3,0,0,4,1,0
P10061,H02,91,M,Medicare,32,2,0,0,3,0,0
P10062,H13,58,F,Medicare,34,1,0,0,6,0,0
P10063,H05,85,M,Medicaid,13,3,2,0,2,0,0
P10064,H04,60,M,Medicare,69,1,0,0,6,0,0
P10065,H01,60,F,Medicare,12,1,0,1,4,0,0
P10066,H13,72,F,Medicare,74,0,1,0,6,0,1
P10067,H19,84,F,Medicaid,38,2,0,0,4,0,0
P10068,H08,94,M,Medicare,57,0,2,1,5,0,0
P10069,H19,69,M,Medicare,32,4,1,0,5,0,0
P10070,H02,66,F,Commercial,50,1,0,0,10,0,0
P10071,H20,78,M,Commercial,20,5,0,1,3,0,0
P10072,H15,64,M,Medicare,50,2,1,0,5,0,0
P10073,H14,51,F,Medicaid,32,2,0,0,4,0,0
P10074,H20,84,F,Medicare,62,1,0,0,9,0,0
P10075,H02,80,F,Medicaid,25,0,0,0,4,0,0
P10076,H09,49,M,Medicaid,70,2,1,0,5,0,0
P10077,H02,84,M,Medicaid,5,2,1,0,3,0,0
P10078,H14,65,M,Commercial,43,4,5,0,5,0,1
P10079,H18,61,M,Commercial,46,4,0,1,4,0,0
P10080,H05,42,M,Commercial,46,4,0,1,5,0,0
P10081,H12,51,F,Commercial,53,2,2,0,5,0,0
P10082,H17,51,F,Medicaid,62,2,0,1,6,0,0
P10083,H14,56,F,Medicare,34,1,0,1,3,0,0
P10084,H12,71,M,Medicare,33,2,2,0,3,0,0
P10085,H16,57,F,Medicare,34,2,1,1,8,1,0
P10086,H13,76,M,Medicare,63,2,0,0,5,1,0
P10087,H06,53,F,Commercial,28,3,1,0,5,0,1
P10088,H15,68,M,Commercial,65,2,1,1,5,0,1
P10089,H13,78,M,Medicaid,55,2,0,0,8,1,0
P10090,H03,51,M,Commercial,38,1,0,0,4,0,0
P10091,H01,59,M,Commercial,56,2,3,0,6,0,0
P10092,H19,86,F,Medicare,25,3,1,0,4,0,0
P10093,H02,81,M,Medicare,29,2,1,1,3,0,0
P10094,H19,66,M,Medicare,21,2,1,0,2,0,0
P10095,H10,88,M,Medicare,31,0,0,0,5,0,0
P10096,H05,49,M,Medicare,71,2,0,0,5,1,0
P10097,H14,36,M,Commercial,47,3,0,0,4,0,0
P10098,H03,62,F,Commercial,24,1,4,0,4,0,0
P10099,H11,65,M,Medicare,43,2,0,1,5,0,0
P10100,H09,84,F,Medicare,23,0,3,0,5,0,0
P10101,H02,58,F,Medicaid,76,2,0,1,7,1,0
P10102,H15,55,M,Medicare,42,1,1,0,9,0,0
P10103,H01,80,M,Medicare,43,2,2,0,4,0,0
P10104,H01,58,M,Medicare,7,2,1,0,2,0,0
P10105,H17,69,F,Commercial,36,2,1,0,3,0,0
P10106,H12,61,F,Commercial,30,1,1,1,3,0,0
P10107,H01,50,F,Commercial,46,2,0,1,8,0,0
P10108,H07,67,F,Medicaid,73,2,1,0,6,1,0
P10109,H06,76,F,Medicare,77,1,0,0,8,0,0
P10110,H11,67,F,Commercial,36,2,2,1,6,0,0
P10111,H19,55,F,Medicare,23,2,3,1,5,0,0
P10112,H10,69,F,Medicaid,82,2,0,0,7,0,0
P10113,H09,65,F,Medicare,18,1,0,0,2,0,0
P10114,H15,73,F,Medicare,48,3,0,0,5,0,0
P10115,H10,56,F,Commercial,38,5,2,1,8,0,0
P10116,H07,74,F,Medicare,65,3,0,0,7,1,0
P10117,H06,68,M,Medicaid,59,2,0,1,8,0,1
P10118,H03,65,M,Medicare,49,2,0,0,5,0,0
P10119,H05,47,F,Commercial,71,2,1,1,5,0,0
P10120,H01,46,M,Medicare,33,2,0,1,6,0,0
P10121,H15,54,F,Medicare,37,2,0,0,4,0,0
P10122,H20,57,F,Medicare,74,0,1,0,11,0,0
P10123,H07,61,M,Medicaid,81,0,1,0,6,1,0
P10124,H04,78,F,Commercial,23,3,0,1,3,1,0
P10125,H18,78,M,Medicare,50,1,1,1,8,0,0
P10126,H10,32,M,Medicaid,17,4,1,0,4,0,0
P10127,H01,51,F,Medicare,7,0,0,0,2,0,0
P10128,H13,61,F,Medicare,34,1,0,0,9,0,0
P10129,H12,42,M,Medicare,45,1,0,0,6,0,0
P10130,H07,63,M,Medicare,27,1,1,0,3,1,0
P10131,H19,58,M,Medicare,33,1,2,0,6,0,0
P10132,H15,78,M,Medicare,27,0,0,0,4,0,0
P10133,H15,60,F,Medicare,22,1,0,0,7,0,0
P10134,H01,57,M,Medicare,40,4,4,0,4,0,0
P10135,H13,77,M,Commercial,21,2,1,0,4,1,0
P10136,H05,69,M,Medicaid,51,1,1,1,6,0,0
P10137,H08,78,F,Commercial,50,2,1,0,5,0,0
P10138,H13,50,F,Medicare,55,2,0,1,5,0,0
P10139,H14,77,M,Medicare,62,1,0,0,8,0,0
P10140,H13,63,F,Commercial,64,1,1,0,10,0,0
P10141,H12,99,F,Commercial,24,1,0,1,3,0,0
P10142,H03,73,M,Medicare,51,2,0,0,5,0,0
P10143,H09,75,M,Medicare,52,3,1,0,6,0,0
P10144,H20,80,M,Medicare,57,0,1,0,5,0,0
P10145,H03,77,M,Commercial,48,1,0,0,5,0,0
P10146,H01,64,M,Medicare,35,2,1,0,5,1,0
P10147,H10,81,M,Medicare,68,2,0,1,6,1,0
P10148,H11,59,M,Medicare,78,2,0,0,6,1,0
P10149,H15,76,M,Medicare,50,3,1,0,6,0,0
P10150,H03,74,F,Medicaid,16,4,2,0,4,0,0
P10151,H16,60,M,Medicaid,29,2,1,0,3,0,0
P10152,H09,65,F,Commercial,60,0,0,1,7,0,0
P10153,H07,55,F,Commercial,40,1,0,0,8,1,0
P10154,H12,70,F,Medicare,22,1,0,1,4,0,0
P10155,H15,46,F,Commercial,7,3,1,0,2,0,0
P10156,H09,74,M,Medicaid,31,2,0,0,7,0,0
P10157,H13,72,M,Medicare,55,3,1,0,7,0,0
P10158,H20,97,M,Medicaid,5,2,3,0,3,0,0
P10159,H14,67,F,Medicare,83,0,2,1,6,1,0
P10160,H06,58,M,Medicare,35,1,0,0,4,0,0
P10161,H18,52,F,Commercial,24,2,0,0,5,0,0
P10162,H11,75,F,Medicare,41,2,0,0,4,0,0
P10163,H17,84,M,Medicare,55,2,2,1,6,0,0
P10164,H05,75,M,Medicare,46,2,0,0,8,1,0
P10165,H04,85,F,Medicare,81,3,1,0,7,1,0
P10166,H15,88,F,Commercial,23,0,0,0,3,0,0
P10167,H04,66,F,Medicare,71,0,0,0,6,0,1
P10168,H06,62,M,Medicare,60,0,0,1,6,0,0
P10169,H14,63,F,Medicare,48,5,1,0,5,0,0
P10170,H11,82,F,Medicare,72,1,3,1,6,0,1
P10171,H14,81,F,Medicare,14,2,1,0,2,0,0
P10172,H20,62,M,Medicare,17,2,1,0,3,0,0
P10173,H03,51,F,Commercial,37,1,1,0,5,0,0
P10174,H09,69,F,Medicaid,39,2,1,0,5,1,0
P10175,H04,67,F,Medicare,53,4,0,0,6,0,0
P10176,H18,72,M,Commercial,86,5,1,0,7,1,1
P10177,H14,96,F,Medicare,64,1,0,0,7,0,0
P10178,H16,73,F,Commercial,62,1,0,1,4,0,0
P10179,H20,46,F,Medicare,46,1,1,0,4,0,0
P10180,H12,44,F,Medicare,75,0,0,0,6,0,0
P10181,H05,97,M,Medicare,13,3,1,0,5,0,1
P10182,H06,53,M,Medicare,46,2,1,1,4,0,1
P10183,H04,86,M,Medicaid,31,1,2,0,3,0,0
P10184,H13,62,M,Commercial,69,1,0,0,5,0,0
P10185,H02,50,F,Medicare,34,3,0,1,5,0,0
P10186,H09,69,M,Medicare,51,2,2,0,5,0,0
P10187,H12,84,F,Medicare,51,0,2,1,4,0,0
P10188,H14,76,M,Commercial,47,0,1,1,7,0,0
P10189,H19,93,M,Commercial,68,1,2,1,9,0,0
P10190,H18,66,F,Medicare,38,1,0,1,5,0,0
P10191,H11,81,F,Medicare,22,2,0,1,8,0,0
P10192,H15,46,M,Medicare,41,2,2,0,6,0,0
P10193,H09,70,F,Commercial,57,0,0,0,5,0,0
P10194,H12,89,M,Commercial,42,3,0,0,5,0,0
P10195,H15,83,F,Medicaid,24,0,1,0,3,0,0
P10196,H07,48,F,Commercial,49,6,3,1,11,1,1
P10197,H19,53,M,Medicare,59,1,1,1,4,1,0
P10198,H15,61,F,Commercial,86,0,0,1,6,1,0
P10199,H06,82,M,Medicare,41,1,1,0,8,0,0
P10200,H16,66,F,Medicaid,7,1,2,0,3,0,0
P10201,H15,50,F,Medicaid,52,1,0,0,5,0,0
P10202,H07,57,M,Medicare,74,1,0,0,8,1,0
P10203,H19,59,M,Medicare,44,1,0,0,4,0,0
P10204,H05,90,F,Commercial,26,3,1,0,4,0,0
P10205,H08,61,M,Medicare,69,1,1,0,6,0,1
P10206,H14,63,M,Medicare,24,3,0,0,3,0,0
P10207,H17,55,M,Medicare,46,1,0,0,8,0,0
P10208,H08,75,M,Medicare,68,6,0,0,6,1,0
P10209,H18,59,M,Medicare,66,2,0,0,5,0,1
P10210,H13,65,F,Commercial,49,1,0,0,7,0,0
P10211,H07,84,M,Medicaid,70,5,0,1,5,1,0
P10212,H08,65,M,Medicaid,10,0,1,1,2,0,0
P10213,H14,54,F,Commercial,49,2,2,1,5,0,0
P10214,H20,75,F,Medicare,11,0,0,0,4,0,1
P10215,H05,60,F,Commercial,67,5,1,0,8,1,0
P10216,H15,61,M,Medicare,12,1,0,0,3,0,1
P10217,H20,65,F,Commercial,88,4,0,0,7,1,1
P10218,H18,61,F,Commercial,42,6,2,0,5,0,0
P10219,H01,64,M,Commercial,42,3,0,1,7,0,0
P10220,H02,36,M,Medicare,40,2,0,0,8,0,0
P10221,H06,61,M,Commercial,30,3,1,0,3,0,0
P10222,H06,82,F,Medicare,52,4,1,0,6,0,0
P10223,H11,66,F,Medicare,25,3,0,0,3,0,0
P10224,H09,71,F,Medicare,64,0,2,0,10,0,0
P10225,H06,64,M,Medicaid,28,1,0,0,2,0,0
P10226,H13,55,M,Medicare,70,2,3,0,10,1,1
P10227,H12,80,F,Medicare,43,2,1,0,4,1,0
P10228,H03,50,F,Commercial,59,1,1,0,5,0,0
P10229,H08,57,M,Medicare,23,1,2,0,6,0,0
P10230,H20,54,F,Medicare,24,4,1,0,6,0,0
P10231,H15,59,M,Commercial,73,4,0,0,5,1,0
P10232,H18,80,F,Commercial,44,2,1,0,5,0,0
P10233,H14,55,M,Medicare,52,5,0,0,5,0,0
P10234,H10,64,F,Commercial,68,4,1,0,5,1,0
P10235,H20,87,M,Commercial,36,1,0,0,4,0,0
P10236,H02,87,F,Commercial,8,5,2,0,3,0,0
P10237,H04,73,M,Commercial,71,4,0,1,7,0,1
P10238,H03,64,F,Medicaid,33,0,0,0,6,0,0
P10239,H18,63,M,Medicare,59,1,0,0,4,0,1
P10240,H08,71,M,Commercial,50,3,1,0,4,0,1
P10241,H09,71,M,Medicare,74,3,1,1,7,1,1
P10242,H12,66,F,Commercial,58,2,0,1,5,0,0
P10243,H17,78,F,Medicare,59,0,2,1,7,0,0
P10244,H17,60,F,Medicare,19,1,0,0,8,0,0
P10245,H08,57,M,Medicare,39,3,2,0,4,0,0
P10246,H13,63,F,Medicare,51,2,0,0,5,0,1
P10247,H20,67,M,Medicare,60,1,2,0,7,0,0
P10248,H02,65,M,Medicare,81,4,0,0,8,1,1
P10249,H16,56,M,Commercial,24,2,0,1,4,0,0
P10250,H03,61,M,Medicare,8,3,1,0,2,0,0
P10251,H07,65,M,Commercial,24,3,2,1,4,1,1
P10252,H11,57,F,Medicare,18,2,1,0,5,0,0
P10253,H13,62,M,Medicaid,40,1,0,1,4,0,0
P10254,H05,59,M,Medicaid,82,1,0,1,6,0,0
P10255,H05,88,M,Medicare,6,3,2,0,3,0,0
P10256,H02,61,F,Medicare,57,1,2,0,8,0,0
P10257,H20,63,F,Medicare,27,1,1,0,4,0,0
P10258,H09,54,M,Commercial,37,4,2,0,4,0,0
P10259,H16,73,M,Commercial,39,2,0,0,5,0,0
P10260,H15,52,F,Medicare,53,0,0,1,6,0,0
P10261,H15,42,M,Commercial,58,1,0,1,5,0,0
P10262,H15,69,M,Medicare,16,2,0,0,4,0,0
P10263,H05,70,M,Commercial,42,0,2,0,8,0,0
P10264,H17,56,M,Commercial,26,2,0,1,3,0,0
P10265,H13,63,F,Medicaid,12,1,0,0,3,0,0
P10266,H08,65,M,Medicare,47,1,0,1,7,0,0
P10267,H19,57,M,Commercial,40,1,1,0,7,1,1
P10268,H02,89,M,Medicare,31,0,0,1,4,0,1
P10269,H14,64,F,Medicare,75,3,2,0,7,1,0
P10270,H14,81,M,Medicare,41,2,2,0,6,1,1
P10271,H10,69,M,Medicare,49,2,1,1,4,1,0
P10272,H02,28,M,Medicare,32,0,1,0,3,0,0
P10273,H13,87,F,Commercial,35,2,2,0,6,0,0
P10274,H18,73,F,Medicare,72,2,0,0,7,0,0
P10275,H07,65,M,Medicare,47,2,0,0,7,1,0
P10276,H17,82,F,Medicare,41,3,2,0,10,0,0
P10277,H06,68,M,Medicare,20,3,0,0,3,0,0
P10278,H05,72,M,Medicare,37,2,1,1,4,0,0
P10279,H09,47,M,Medicaid,64,0,0,0,6,0,0
P10280,H11,78,M,Medicare,20,2,0,0,3,0,0
P10281,H17,52,M,Commercial,80,1,0,0,6,0,0
P10282,H02,60,F,Medicare,20,0,0,1,3,0,0
P10283,H10,52,F,Medicare,47,5,1,0,4,0,0
P10284,H04,45,F,Medicare,34,0,1,1,5,0,0
P10285,H06,77,F,Commercial,27,1,1,0,6,0,0
P10286,H06,82,M,Medicare,43,1,3,0,4,0,0
P10287,H12,53,M,Medicare,37,0,2,1,3,0,0
P10288,H12,79,M,Medicare,74,4,2,0,6,1,0
P10289,H17,69,M,Medicaid,13,0,1,0,2,0,0
P10290,H10,81,M,Medicare,41,1,1,0,5,0,0
P10291,H02,67,F,Medicaid,35,3,0,0,3,0,0
P10292,H09,66,F,Commercial,57,1,1,0,5,0,1
P10293,H08,60,F,Medicare,58,2,1,0,5,0,0
P10294,H10,70,F,Medicare,26,2,0,0,4,0,0
P10295,H16,65,M,Medicare,36,1,0,1,5,0,0
P10296,H15,88,M,Medicare,7,4,2,0,4,0,0
P10297,H09,81,M,Medicare,19,2,0,0,2,0,0
P10298,H07,62,F,Medicaid,57,1,0,0,4,1,1
P10299,H09,37,M,Medicaid,90,1,1,0,9,1,0
P10300,H06,92,F,Medicare,63,2,0,0,5,0,0
P10301,H17,80,F,Medicare,56,1,0,0,7,0,0
P10302,H09,76,M,Medicaid,82,2,2,0,6,1,0
P10303,H19,54,F,Medicare,50,1,2,0,5,0,0
P10304,H08,67,M,Medicaid,36,1,1,0,5,0,0
P10305,H05,68,F,Commercial,60,3,3,0,5,1,0
P10306,H06,63,M,Medicare,43,2,0,1,9,0,0
P10307,H05,63,M,Medicaid,34,2,0,0,3,0,0
P10308,H12,71,F,Medicare,53,4,0,1,4,1,0
P10309,H10,71,F,Medicaid,28,3,0,0,5,0,0
P10310,H03,43,M,Medicare,27,1,0,0,4,0,0
P10311,H05,76,F,Medicare,7,2,0,0,3,0,0
P10312,H20,63,F,Commercial,72,1,1,0,5,0,0
P10313,H01,52,M,Commercial,30,1,0,0,7,0,0
P10314,H16,78,F,Medicare,70,2,2,0,5,0,0
P10315,H09,35,M,Medicare,33,2,2,0,4,0,0
P10316,H04,60,F,Medicare,99,0,1,0,7,1,1
P10317,H07,79,F,Medicaid,46,3,0,0,4,1,0
P10318,H07,47,F,Medicare,17,0,0,0,13,1,0
P10319,H18,87,F,Medicaid,80,4,0,0,7,1,1
P10320,H05,58,F,Medicaid,37,1,0,0,8,0,0
P10321,H08,54,M,Medicare,69,2,0,0,6,0,0
P10322,H06,74,F,Medicare,61,3,0,0,6,1,0
P10323,H13,73,M,Commercial,69,1,0,1,7,0,0
P10324,H03,79,M,Medicare,81,1,1,0,5,1,0
P10325,H18,62,F,Medicare,61,0,0,0,7,0,0
P10326,H19,49,F,Medicare,45,2,1,0,4,0,0
P10327,H11,52,M,Medicaid,32,1,1,0,4,0,0
P10328,H17,91,F,Medicare,58,1,0,0,5,0,0
P10329,H04,77,M,Medicare,37,1,0,1,4,0,0
P10330,H16,61,F,Commercial,88,2,1,0,8,0,1
P10331,H17,49,M,Medicare,25,1,0,0,4,0,0
P10332,H04,60,F,Medicare,29,3,0,0,5,0,0
P10333,H19,80,M,Medicaid,68,3,3,1,6,0,1
P10334,H09,66,F,Medicare,33,1,2,0,7,0,0
P10335,H14,58,M,Medicare,45,0,1,0,3,0,0
P10336,H02,61,M,Medicare,47,2,0,0,9,0,0
P10337,H08,54,M,Medicare,29,2,1,0,3,0,0
P10338,H09,74,F,Medicare,30,2,1,0,5,0,0
P10339,H08,47,F,Medicare,66,2,0,0,7,0,0
P10340,H18,66,M,Commercial,63,1,1,1,6,0,1
P10341,H03,72,F,Medicare,12,0,0,0,3,0,0
P10342,H06,78,F,Commercial,71,2,1,0,5,0,1
P10343,H15,83,F,Commercial,60,2,0,0,6,0,0
P10344,H01,73,F,Medicare,52,2,1,0,4,0,0
P10345,H06,72,M,Medicare,36,1,0,0,8,0,0
P10346,H11,59,M,Medicare,34,2,1,0,4,0,0
P10347,H16,39,M,Medicare,54,1,0,0,4,0,0
P10348,H02,69,M,Medicare,59,0,1,0,7,0,0
P10349,H16,68,F,Commercial,17,0,1,0,8,0,0
P10350,H13,52,F,Medicare,15,0,0,0,3,0,0
P10351,H12,67,F,Medicaid,38,2,1,1,5,0,0
P10352,H01,59,M,Medicare,61,0,1,0,6,0,0
P10353,H08,85,F,Medicare,71,3,1,0,5,1,1
P10354,H18,67,F,Medicare,58,4,1,0,5,1,0
P10355,H03,89,M,Commercial,51,2,1,0,4,0,0
P10356,H09,61,F,Medicare,52,2,0,1,5,0,0
P10357,H12,53,F,Medicaid,36,4,3,0,6,0,0
P10358,H15,68,F,Commercial,37,2,1,0,4,1,0
P10359,H14,74,M,Medicare,54,0,0,0,4,0,0
P10360,H04,48,F,Medicare,74,5,1,1,7,1,0
P10361,H12,74,F,Commercial,4,2,1,0,4,0,0
P10362,H05,74,F,Commercial,34,8,3,0,3,0,1
P10363,H02,62,F,Medicare,58,1,2,0,8,0,0
P10364,H14,71,F,Medicare,42,3,0,0,6,0,0
P10365,H18,68,M,Medicare,65,3,0,0,6,0,1
P10366,H08,68,F,Medicaid,26,3,0,1,7,0,0
P10367,H03,69,M,Medicare,37,1,0,0,3,0,0
P10368,H06,60,M,Medicaid,74,5,0,0,5,1,1
P10369,H06,72,F,Medicare,69,0,1,0,5,0,0
P10370,H08,79,F,Commercial,41,0,0,1,6,0,0
P10371,H13,49,M,Medicare,25,0,0,0,6,0,0
P10372,H11,69,M,Medicare,39,3,1,0,7,0,0
P10373,H20,93,F,Medicaid,40,4,0,0,4,0,0
P10374,H11,85,F,Medicare,41,2,1,0,5,0,0
P10375,H10,73,M,Commercial,53,2,0,0,4,0,0
P10376,H16,91,M,Medicare,42,5,2,0,6,1,0
P10377,H15,57,M,Medicare,56,1,1,0,4,0,0
P10378,H04,59,F,Medicare,32,1,0,1,8,0,0
P10379,H08,74,M,Medicare,52,0,1,1,4,1,0
P10380,H10,80,F,Medicare,70,1,2,0,7,0,0
P10381,H13,65,F,Medicare,20,1,1,0,6,0,0
P10382,H05,85,F,Medicare,32,1,0,0,4,1,0
P10383,H18,67,M,Medicare,6,2,0,0,2,0,0
P10384,H06,70,M,Medicare,27,2,0,1,4,0,0
P10385,H11,72,M,Commercial,36,1,1,1,4,0,0
P10386,H14,88,F,Medicaid,45,1,0,1,4,0,0
P10387,H01,74,M,Medicare,52,4,1,1,6,1,0
P10388,H05,87,F,Medicaid,42,1,2,1,4,0,0
P10389,H14,78,M,Medicare,51,0,0,0,5,0,0
P10390,H13,72,M,Medicare,15,2,0,1,8,0,0
P10391,H09,64,F,Commercial,50,1,1,0,5,0,0
P10392,H09,64,F,Commercial,83,1,0,1,7,0,0
P10393,H18,89,F,Medicare,45,2,0,0,4,0,0
P10394,H16,74,M,Medicaid,49,2,1,0,6,0,0
P10395,H13,73,F,Commercial,39,1,0,1,4,0,0
P10396,H16,65,F,Medicare,57,3,0,0,6,0,0
P10397,H12,60,F,Commercial,27,3,0,0,4,0,0
P10398,H10,68,M,Medicare,34,0,1,0,8,0,0
P10399,H16,43,M,Medicaid,62,2,0,0,5,0,0
P10400,H16,51,M,Commercial,74,4,0,0,7,1,1
P10401,H15,81,F,Medicare,50,0,1,1,6,0,0
P10402,H14,58,M,Commercial,52,4,0,0,7,1,0
P10403,H02,49,F,Commercial,39,2,1,1,11,0,0
P10404,H17,83,F,Commercial,65,2,0,0,5,0,0
P10405,H03,80,F,Medicare,41,1,1,1,4,0,0
P10406,H20,69,F,Commercial,44,3,2,1,4,0,0
P10407,H02,74,F,Medicare,64,3,0,1,6,1,0
P10408,H07,60,F,Medicare,21,2,0,0,2,1,0
P10409,H07,63,M,Medicare,34,3,0,0,3,1,0
P10410,H07,49,M,Medicaid,43,1,0,1,5,1,0
P10411,H03,72,F,Medicare,56,3,0,0,8,0,1
P10412,H04,65,M,Medicare,46,3,0,1,4,1,0
P10413,H09,91,F,Medicare,57,2,1,0,10,0,1
P10414,H14,71,M,Medicare,58,2,0,0,7,0,0
P10415,H05,64,M,Medicare,5,6,0,0,6,0,0
P10416,H07,59,M,Medicare,65,1,1,1,6,1,0
P10417,H14,40,M,Commercial,51,2,0,0,6,0,0
P10418,H10,70,M,Medicare,13,1,0,0,3,0,0
P10419,H02,69,M,Commercial,55,3,0,0,5,0,0
P10420,H09,69,M,Medicare,9,1,0,0,4,0,0
P10421,H10,80,M,Medicaid,27,3,0,0,2,0,0
P10422,H12,59,F,Commercial,32,2,1,0,5,0,0
P10423,H04,55,F,Medicare,32,1,1,0,3,0,0
P10424,H02,79,F,Medicare,70,0,3,0,6,1,0
P10425,H03,62,M,Medicare,49,2,3,0,4,0,0
P10426,H17,50,M,Medicaid,78,4,0,0,5,1,1
P10427,H07,95,M,Medicare,46,1,1,0,5,1,0
P10428,H14,77,F,Medicare,35,4,3,0,6,1,0
P10429,H02,83,M,Medicare,32,1,1,0,3,0,0
P10430,H16,75,M,Commercial,73,2,1,0,9,0,1
P10431,H13,83,F,Medicare,24,1,3,1,3,0,0
P10432,H16,81,F,Medicare,82,3,1,0,9,1,0
P10433,H15,70,M,Medicare,74,1,0,1,13,0,0
P10434,H17,67,F,Medicaid,63,2,0,0,7,0,1
P10435,H17,62,M,Medicare,33,2,0,0,7,0,0
P10436,H01,85,M,Commercial,24,2,1,1,5,0,0
P10437,H11,78,M,Medicare,31,1,0,1,3,0,0
P10438,H16,46,F,Medicare,49,1,1,0,6,0,0
P10439,H20,66,F,Medicare,20,1,2,0,7,0,0
P10440,H16,76,F,Medicare,80,1,1,0,10,0,0
P10441,H08,41,F,Medicare,13,4,2,1,4,0,0
P10442,H12,67,M,Commercial,27,3,1,1,4,0,0
P10443,H06,94,F,Commercial,48,1,1,1,7,0,0
P10444,H09,52,M,Medicare,17,4,1,1,3,0,0
P10445,H14,50,M,Medicare,17,0,1,1,3,0,0
P10446,H01,72,F,Commercial,26,0,0,1,7,0,0
P10447,H18,73,M,Medicare,8,0,0,0,3,0,0
P10448,H02,66,F,Medicare,47,2,0,1,6,0,0
P10449,H05,59,F,Medicaid,3,2,0,0,12,0,0
P10450,H03,78,M,Medicare,34,1,1,0,9,0,0
P10451,H05,61,F,Medicare,20,1,1,1,3,0,0
P10452,H15,54,F,Medicare,26,1,0,1,3,0,0
P10453,H04,75,M,Medicare,39,2,1,0,5,0,0
P10454,H15,69,F,Medicare,60,0,1,1,6,0,0
P10455,H06,74,F,Medicaid,42,1,0,0,5,1,0
P10456,H20,66,F,Medicare,46,3,0,0,8,0,0
P10457,H17,68,F,Commercial,25,0,1,1,6,0,0
P10458,H13,81,M,Commercial,26,4,0,0,6,0,0
P10459,H20,58,F,Medicare,18,2,1,1,4,0,0
P10460,H20,88,F,Medicare,36,1,1,0,3,0,0
P10461,H03,56,F,Medicare,32,6,0,0,4,0,0
P10462,H02,57,M,Medicare,53,1,0,0,5,0,1
P10463,H07,46,F,Medicare,40,0,0,0,4,1,0
P10464,H01,59,F,Commercial,75,2,0,1,6,1,0
P10465,H11,83,F,Medicare,61,2,2,1,5,0,0
P10466,H20,81,M,Commercial,58,1,3,0,5,1,1
P10467,H06,43,M,Commercial,43,1,0,1,5,0,0
P10468,H12,72,F,Medicaid,26,2,1,0,6,0,0
P10469,H14,64,M,Medicare,46,3,0,0,4,0,0
P10470,H20,72,M,Commercial,42,0,0,0,5,0,0
P10471,H02,75,F,Medicaid,80,1,2,1,7,1,0
P10472,H08,81,M,Commercial,30,2,1,0,4,0,0
P10473,H06,56,M,Medicare,70,2,2,0,7,0,1
P10474,H07,91,M,Commercial,34,1,1,0,5,1,0
P10475,H13,64,M,Medicaid,27,1,0,0,7,0,0
P10476,H07,73,F,Medicare,55,0,0,0,5,1,0
P10477,H14,76,M,Medicaid,29,0,0,0,7,0,0
P10478,H13,64,M,Medicaid,74,1,1,1,7,1,0
P10479,H03,82,M,Commercial,34,2,0,0,6,0,0
P10480,H16,80,M,Medicare,58,1,1,0,7,0,0
P10481,H18,74,M,Medicaid,64,1,1,0,7,0,0
P10482,H15,88,M,Medicare,26,4,2,1,5,0,0
P10483,H13,45,M,Medicare,30,2,1,0,5,0,0
P10484,H17,49,M,Medicare,10,3,1,0,3,0,0
P10485,H06,45,M,Medicare,31,1,0,0,3,0,0
P10486,H09,61,M,Commercial,81,2,1,0,6,1,0
P10487,H06,70,M,Medicare,68,1,1,0,6,0,0
P10488,H18,58,F,Commercial,40,2,0,0,8,0,0
P10489,H16,71,M,Commercial,50,2,2,0,4,0,0
P10490,H13,58,F,Medicare,20,3,0,0,3,0,0
P10491,H20,73,F,Medicare,20,0,0,0,3,0,0
P10492,H09,47,M,Medicare,68,5,0,1,9,1,0
P10493,H01,72,F,Medicare,44,1,2,0,9,0,0
P10494,H20,64,F,Medicare,26,1,1,1,5,0,0
P10495,H17,55,M,Medicare,9,4,1,1,5,0,0
P10496,H10,79,M,Commercial,36,3,1,0,6,0,0
P10497,H17,71,F,Medicare,38,3,0,0,3,0,0
P10498,H16,34,M,Medicare,27,2,1,0,7,0,0
P10499,H02,45,F,Medicare,39,1,0,0,3,0,0
P10500,H11,75,M,Medicaid,38,3,1,0,4,0,0
P10501,H12,89,M,Commercial,8,2,1,0,5,0,0
P10502,H14,59,F,Medicaid,56,2,0,0,5,0,1
P10503,H20,47,M,Medicare,70,2,0,1,9,0,0
P10504,H11,86,F,Medicare,52,3,1,0,6,0,0
P10505,H06,62,M,Commercial,45,4,1,0,6,0,1
P10506,H18,55,F,Medicare,55,3,0,0,8,1,0
P10507,H03,72,F,Medicare,27,1,1,0,4,0,0
P10508,H11,54,M,Commercial,59,1,0,0,6,0,0
P10509,H14,55,F,Commercial,74,3,1,1,7,1,1
P10510,H06,77,F,Commercial,62,1,0,0,6,0,0
P10511,H12,83,F,Medicare,62,2,2,0,6,0,0
P10512,H06,80,F,Medicaid,25,1,2,0,4,0,0
P10513,H16,68,F,Commercial,73,5,0,0,5,1,0
P10514,H16,79,F,Medicare,71,1,0,0,11,0,0
P10515,H16,90,F,Commercial,57,1,1,1,4,1,0
P10516,H16,57,F,Medicaid,33,3,0,0,4,0,0
P10517,H12,92,M,Commercial,24,1,0,1,3,0,0
P10518,H04,72,F,Commercial,44,4,1,1,4,0,0
P10519,H02,67,M,Medicare,13,4,0,0,2,0,0
P10520,H16,55,M,Medicare,84,0,0,0,9,0,0
P10521,H09,52,F,Commercial,23,1,0,0,2,0,0
P10522,H15,65,M,Medicaid,14,0,2,0,8,0,0
P10523,H11,81,M,Commercial,71,5,1,1,9,1,1
P10524,H13,81,M,Commercial,60,0,0,0,5,0,0
P10525,H05,63,F,Medicare,36,2,1,0,7,0,0
P10526,H18,36,F,Commercial,59,2,0,0,5,0,1
P10527,H15,55,M,Medicaid,44,5,1,0,4,0,0
P10528,H03,58,F,Medicare,7,0,1,1,2,0,0
P10529,H09,78,F,Commercial,50,2,0,0,5,0,0
P10530,H05,59,M,Medicare,47,3,0,0,10,0,0
P10531,H15,55,M,Medicare,49,2,1,0,7,0,0
P10532,H10,63,M,Commercial,76,3,1,0,8,1,1
P10533,H15,82,M,Medicare,41,1,0,0,5,0,0
P10534,H17,85,M,Medicare,48,3,0,0,8,0,0
P10535,H14,60,F,Medicaid,57,0,0,0,5,0,1
P10536,H02,60,M,Commercial,34,0,0,0,5,0,0
P10537,H20,69,M,Medicare,20,2,0,0,5,0,0
P10538,H09,76,M,Medicare,52,2,0,0,5,0,0
P10539,H11,73,F,Medicaid,50,1,0,1,4,0,0
P10540,H07,76,M,Medicare,23,3,1,1,3,1,0
P10541,H16,61,M,Medicare,38,1,3,0,9,0,0
P10542,H20,84,M,Medicare,31,1,0,0,4,0,0
P10543,H01,78,F,Medicare,47,0,1,1,4,0,0
P10544,H13,79,M,Medicare,26,0,0,0,3,0,0
P10545,H07,58,M,Medicare,67,1,0,0,5,1,0
P10546,H01,47,F,Commercial,28,2,0,1,3,0,0
P10547,H07,61,M,Commercial,39,2,0,0,4,1,0
P10548,H17,73,F,Medicare,19,1,0,0,5,0,0
P10549,H03,71,M,Medicare,54,3,3,0,8,0,0
P10550,H06,64,M,Medicare,56,1,0,0,9,0,0
P10551,H10,61,F,Medicaid,19,2,0,0,2,0,0
P10552,H04,68,M,Medicare,75,2,1,0,6,0,0
P10553,H15,80,M,Commercial,37,5,0,1,9,0,1
P10554,H18,58,M,Commercial,47,2,0,0,7,0,0
P10555,H01,88,F,Medicare,73,1,0,0,6,0,0
P10556,H02,52,M,Medicare,61,1,0,0,5,0,1
P10557,H06,59,M,Medicare,40,2,0,0,4,0,0
P10558,H16,81,F,Medicaid,56,2,3,0,7,0,1
P10559,H08,83,F,Medicare,31,0,0,0,4,0,0
P10560,H19,62,M,Medicare,19,4,0,0,5,0,0
P10561,H03,79,F,Commercial,51,3,1,0,5,0,1
P10562,H02,72,M,Commercial,29,2,1,1,8,0,0
P10563,H08,63,F,Medicare,20,1,1,0,5,0,0
P10564,H11,60,F,Commercial,48,4,1,1,5,0,0
P10565,H06,92,M,Medicare,74,2,1,0,5,0,0
P10566,H03,60,M,Commercial,31,2,0,1,3,0,0
P10567,H15,64,M,Medicaid,51,4,0,0,4,0,0
P10568,H02,77,M,Medicaid,10,4,0,1,3,0,0
P10569,H20,83,F,Medicare,21,1,0,1,5,0,0
P10570,H05,46,F,Medicare,27,1,0,0,6,0,0
P10571,H13,65,M,Medicare,30,3,0,0,4,0,0
P10572,H20,70,F,Medicare,60,2,2,0,5,0,1
P10573,H20,70,M,Medicare,16,1,0,0,6,0,0
P10574,H09,60,F,Commercial,16,2,0,0,4,0,0
P10575,H17,84,F,Medicare,33,2,0,0,3,0,0
P10576,H07,66,F,Medicare,54,0,1,1,7,1,0
P10577,H04,62,M,Medicare,30,3,0,0,4,0,1
P10578,H10,66,F,Commercial,46,1,2,0,6,0,0
P10579,H04,48,M,Commercial,73,2,1,0,6,0,0
P10580,H13,54,F,Medicaid,45,1,1,0,8,1,0
P10581,H09,73,F,Medicaid,48,2,0,0,5,0,0
P10582,H02,53,M,Medicare,33,1,2,0,7,0,0
P10583,H19,60,F,Medicare,25,1,0,0,4,0,0
P10584,H01,82,M,Medicare,42,4,0,0,8,0,0
P10585,H12,60,F,Medicare,39,4,1,0,6,0,0
P10586,H06,47,F,Commercial,16,1,1,1,2,0,0
P10587,H12,69,F,Medicaid,56,6,0,0,6,0,0
P10588,H15,83,M,Medicare,27,1,2,1,4,0,0
P10589,H16,69,M,Medicare,51,1,1,1,4,0,0
P10590,H20,55,F,Medicare,54,4,0,1,5,0,0
P10591,H14,92,F,Medicare,50,1,0,1,4,0,0
P10592,H01,95,M,Commercial,58,1,0,0,5,0,0
P10593,H02,71,M,Medicare,39,0,0,0,3,0,0
P10594,H05,61,F,Medicare,39,3,0,0,5,0,0
P10595,H01,85,M,Commercial,80,1,0,0,8,1,0
P10596,H13,62,F,Medicare,83,2,0,0,9,0,0
P10597,H03,71,F,Commercial,26,2,0,0,4,0,0
P10598,H13,76,M,Medicare,58,0,0,1,6,0,0
P10599,H03,47,F,Commercial,74,1,0,1,7,0,0
P10600,H11,62,F,Commercial,56,1,1,1,4,0,0
P10601,H16,66,F,Medicare,37,2,2,0,4,0,0
P10602,H17,47,M,Medicaid,37,0,2,1,7,0,0
P10603,H15,77,F,Commercial,12,1,1,0,3,0,0
P10604,H19,72,F,Medicare,36,0,2,0,3,0,0
P10605,H14,50,F,Medicare,32,1,1,0,3,0,0
P10606,H13,85,F,Medicare,50,1,0,0,5,0,0
P10607,H05,65,M,Medicaid,42,1,2,1,4,0,1
P10608,H16,39,F,Medicare,16,3,0,0,2,0,0
P10609,H11,71,F,Medicaid,46,2,0,1,8,0,1
P10610,H14,55,M,Medicare,23,2,2,0,4,1,0
P10611,H18,61,F,Medicare,43,1,1,0,5,0,0
P10612,H06,78,F,Medicare,24,2,0,1,4,0,0
P10613,H10,76,M,Medicare,70,4,1,0,6,0,0
P10614,H19,61,M,Medicaid,43,3,0,0,10,0,0
P10615,H13,54,M,Commercial,51,1,1,0,6,0,0
P10616,H16,68,M,Medicaid,78,2,0,0,5,0,0
P10617,H20,66,F,Commercial,67,3,0,0,5,1,1
P10618,H01,62,M,Medicare,56,2,2,1,4,0,0
P10619,H01,52,M,Medicare,73,2,0,1,6,1,0
P10620,H18,75,F,Commercial,43,1,0,0,3,0,0
P10621,H14,76,M,Medicare,3,3,0,0,2,0,0
P10622,H12,59,F,Commercial,30,2,1,0,5,0,0
P10623,H06,70,M,Medicare,72,1,1,0,9,0,0
P10624,H03,51,F,Medicare,26,0,0,1,3,1,0
P10625,H02,53,F,Medicare,11,2,1,0,3,0,0
P10626,H11,74,M,Medicare,80,2,0,0,6,0,0
P10627,H06,69,M,Medicaid,58,3,1,0,5,0,0
P10628,H08,61,F,Medicaid,41,2,2,0,4,0,0
P10629,H08,65,M,Medicare,49,4,2,0,5,0,0
P10630,H16,61,M,Medicare,25,3,1,1,3,0,1
P10631,H02,75,M,Commercial,38,2,0,0,5,0,0
P10632,H19,73,M,Commercial,52,3,0,0,5,0,0
P10633,H15,69,M,Medicare,42,0,2,1,14,1,0
P10634,H20,58,M,Commercial,26,0,1,0,3,0,0
P10635,H04,56,F,Commercial,58,3,1,1,8,0,0
P10636,H09,53,F,Commercial,39,1,2,0,5,0,0
P10637,H06,33,F,Commercial,30,3,0,0,5,0,0
P10638,H10,68,F,Medicare,36,4,1,0,7,0,0
P10639,H10,65,F,Medicare,8,3,0,1,2,0,0
P10640,H02,68,F,Commercial,56,1,0,1,5,0,0
P10641,H03,62,M,Medicare,75,1,3,1,6,1,1
P10642,H19,66,F,Commercial,38,0,0,0,5,0,0
P10643,H02,66,M,Medicaid,24,0,1,0,3,0,0
P10644,H20,50,M,Medicare,27,2,0,1,7,0,0
P10645,H03,69,M,Medicare,52,4,2,0,5,0,0
P10646,H05,57,F,Medicare,24,2,1,0,3,0,0
P10647,H08,66,F,Medicare,66,2,0,1,7,0,0
P10648,H04,94,F,Medicare,81,4,0,0,7,1,1
P10649,H17,46,M,Medicaid,60,2,2,1,4,0,0
P10650,H07,53,F,Medicare,43,5,0,0,6,1,0
P10651,H01,74,M,Medicare,40,2,0,0,7,0,0
P10652,H02,72,F,Medicare,65,2,0,1,5,0,0
P10653,H09,69,F,Medicare,81,0,1,0,7,0,0
P10654,H09,53,F,Commercial,37,1,0,1,5,0,0
P10655,H02,61,F,Medicare,54,3,0,0,9,1,0
P10656,H03,53,F,Commercial,43,3,1,1,5,0,0
P10657,H10,60,F,Medicare,36,2,0,0,6,0,0
P10658,H04,54,F,Medicaid,15,4,0,0,4,0,0
P10659,H04,46,M,Medicaid,26,2,1,0,4,0,0
P10660,H09,45,F,Medicare,21,1,0,0,4,0,0
P10661,H12,45,M,Medicare,49,4,1,0,12,0,0
P10662,H18,70,M,Medicare,24,2,2,0,3,0,0
P10663,H17,40,F,Medicare,25,3,0,0,5,0,0
P10664,H15,99,F,Medicare,62,1,0,1,5,1,0
P10665,H01,60,F,Medicare,45,3,1,1,10,0,0
P10666,H05,43,M,Commercial,48,0,0,0,4,0,0
P10667,H18,55,F,Medicaid,31,2,2,0,5,1,0
P10668,H20,71,F,Commercial,15,1,0,0,3,0,0
P10669,H15,79,F,Medicaid,73,3,0,1,8,0,0
P10670,H06,50,F,Medicare,30,1,2,0,4,0,0
P10671,H09,56,F,Medicare,65,0,0,0,7,0,0
P10672,H11,72,F,Medicaid,27,4,0,0,8,0,0
P10673,H02,74,F,Medicaid,70,0,2,1,9,0,0
P10674,H15,65,M,Medicaid,48,4,0,1,4,0,0
P10675,H11,83,M,Medicare,57,3,0,1,5,1,0
P10676,H07,71,F,Medicare,29,0,3,0,4,1,0
P10677,H15,62,F,Medicare,39,2,0,0,3,0,0
P10678,H07,78,M,Commercial,26,2,3,0,8,1,0
P10679,H19,90,M,Commercial,32,2,1,0,7,0,0
P10680,H05,46,M,Medicare,45,0,0,0,4,0,0
P10681,H09,94,F,Commercial,34,3,1,0,4,0,0
P10682,H19,77,M,Commercial,16,0,1,0,7,0,0
P10683,H17,43,F,Medicaid,59,0,2,0,6,0,0
P10684,H20,93,M,Commercial,84,2,1,1,10,0,1
P10685,H02,75,M,Commercial,5,2,3,0,2,0,0
P10686,H07,64,F,Medicaid,16,0,1,0,5,1,0
P10687,H16,75,M,Medicare,58,3,0,0,8,1,0
P10688,H12,77,M,Medicare,53,2,1,1,6,0,0
P10689,H13,68,M,Medicaid,56,0,0,0,8,0,0
P10690,H16,71,M,Medicare,12,2,0,1,3,0,0
P10691,H11,72,M,Medicare,24,1,1,0,3,0,0
P10692,H13,62,F,Medicare,30,1,1,0,3,0,0
P10693,H18,60,M,Commercial,36,0,0,0,3,0,0
P10694,H20,66,M,Medicare,37,1,0,1,3,0,0
P10695,H14,79,M,Medicare,48,1,0,1,4,0,0
P10696,H14,75,F,Medicare,38,0,0,0,4,0,0
P10697,H03,67,M,Medicare,46,0,0,0,4,0,0
P10698,H08,48,M,Medicare,59,1,1,1,6,0,0
P10699,H07,62,F,Commercial,21,2,2,0,2,1,0
P10700,H06,72,M,Medicare,25,1,2,1,3,0,0
P10701,H19,67,F,Commercial,47,2,1,1,4,0,0
P10702,H19,87,M,Medicare,20,6,2,1,5,0,0
P10703,H19,71,M,Medicaid,50,1,0,0,4,0,0
P10704,H16,64,M,Medicaid,38,2,0,0,5,0,0
P10705,H04,72,M,Commercial,58,1,1,1,8,0,0
P10706,H15,73,M,Commercial,65,2,2,0,6,0,0
P10707,H05,64,M,Medicare,37,2,1,0,4,1,0
P10708,H12,67,F,Commercial,33,2,0,0,3,0,0
P10709,H11,50,F,Medicare,84,3,0,0,6,1,0
P10710,H05,76,F,Medicare,34,0,1,1,5,0,0
P10711,H11,52,F,Medicare,26,3,0,1,5,0,1
P10712,H11,62,M,Medicare,28,2,0,0,4,0,0
P10713,H11,64,F,Medicare,55,1,0,0,5,0,1
P10714,H17,96,M,Medicare,46,1,0,0,4,0,0
P10715,H16,68,M,Medicaid,86,3,2,0,11,1,1
P10716,H11,83,F,Commercial,63,4,0,0,5,1,0
P10717,H18,70,M,Medicare,20,0,0,1,5,0,0
P10718,H15,57,M,Commercial,60,4,0,0,6,0,0
P10719,H05,57,M,Medicare,78,2,3,0,6,0,0
P10720,H19,51,M,Medicare,36,0,0,0,5,0,0
P10721,H07,61,M,Medicaid,62,0,0,0,7,1,0
P10722,H02,65,M,Commercial,63,4,0,0,10,1,0
P10723,H04,63,F,Medicare,81,2,0,0,6,0,1
P10724,H15,59,M,Medicaid,40,3,1,1,3,0,1
P10725,H14,54,M,Medicaid,11,1,0,1,4,0,0
P10726,H01,46,F,Medicare,31,0,1,0,3,0,0
P10727,H07,72,F,Medicare,45,3,0,0,5,1,0
P10728,H17,82,F,Medicare,44,1,0,1,9,0,0
P10729,H03,74,M,Medicare,53,1,1,0,6,0,0
P10730,H03,61,M,Medicaid,37,2,1,0,6,0,0
P10731,H03,61,M,Medicare,38,4,1,0,5,0,0
P10732,H01,71,F,Medicare,22,1,0,0,3,0,0
P10733,H10,82,F,Medicare,80,1,1,0,7,0,1
P10734,H02,63,M,Medicaid,55,0,0,0,5,0,0
P10735,H14,62,F,Medicare,61,6,0,0,7,1,0
P10736,H03,68,M,Medicare,47,0,0,1,5,0,0
P10737,H19,67,M,Medicare,16,4,0,0,6,0,0
P10738,H15,63,M,Medicare,71,0,1,0,7,0,0
P10739,H16,68,M,Medicare,64,2,0,0,11,0,0
P10740,H18,71,F,Medicare,44,3,1,1,8,0,0
P10741,H16,58,M,Medicare,32,1,1,0,4,0,0
P10742,H07,87,M,Commercial,42,1,0,1,4,1,0
P10743,H04,97,M,Medicare,16,1,0,1,3,0,0
P10744,H10,80,M,Commercial,20,2,1,0,2,0,0
P10745,H06,66,M,Medicare,36,3,2,0,4,1,0
P10746,H06,69,F,Medicare,38,1,1,1,4,0,0
P10747,H16,80,M,Medicare,87,1,2,0,8,0,1
P10748,H01,57,M,Commercial,40,2,0,0,3,0,0
P10749,H15,72,F,Medicaid,83,0,0,0,6,0,0
P10750,H09,82,F,Medicare,53,2,1,0,9,0,0
P10751,H07,69,M,Medicare,70,0,1,1,5,1,0
P10752,H11,57,M,Commercial,42,0,1,0,4,0,0
P10753,H03,67,M,Medicare,61,2,2,0,6,0,0
P10754,H17,61,F,Medicare,35,7,3,0,3,0,0
P10755,H06,80,F,Medicare,39,4,0,1,6,0,0
P10756,H06,78,F,Medicare,33,3,0,0,6,0,0
P10757,H05,62,M,Medicare,62,2,3,0,5,0,0
P10758,H07,99,F,Medicare,33,1,1,1,3,1,1
P10759,H08,70,F,Commercial,41,0,1,0,4,0,1
P10760,H18,66,M,Medicare,8,4,1,0,2,0,0
P10761,H11,50,F,Medicare,26,0,0,1,3,0,0
P10762,H17,48,M,Medicare,68,3,1,0,5,1,1
P10763,H19,83,F,Medicare,33,2,1,0,3,0,0
P10764,H11,55,F,Commercial,64,0,1,0,9,0,0
P10765,H07,51,M,Commercial,40,4,0,0,4,1,0
P10766,H13,71,F,Medicare,49,3,2,0,7,1,0
P10767,H02,53,F,Medicare,93,1,2,0,6,0,0
P10768,H16,73,M,Medicaid,51,1,1,0,4,0,0
P10769,H14,37,M,Commercial,39,2,1,0,3,0,0
P10770,H20,39,F,Medicare,23,0,1,1,3,0,0
P10771,H04,82,M,Medicare,34,0,1,0,5,0,0
P10772,H06,57,F,Medicare,74,3,0,0,7,1,0
P10773,H14,87,M,Medicaid,48,4,3,0,4,0,0
P10774,H15,58,F,Medicare,52,1,1,0,6,0,0
P10775,H20,87,F,Commercial,67,4,0,0,5,1,1
P10776,H20,60,F,Medicare,8,1,1,0,3,0,0
P10777,H09,40,M,Commercial,59,3,0,0,6,0,0
P10778,H20,68,F,Commercial,16,0,0,1,3,0,0
P10779,H20,78,F,Medicare,59,3,0,1,9,1,0
P10780,H09,61,M,Medicaid,29,2,1,0,5,0,0
P10781,H05,68,F,Medicare,69,6,0,0,6,1,1
P10782,H09,53,F,Commercial,67,1,1,0,5,1,0
P10783,H06,69,M,Medicaid,76,2,1,1,7,0,1
P10784,H08,61,M,Medicare,48,1,2,0,8,0,0
P10785,H04,81,F,Medicare,45,5,0,1,5,0,0
P10786,H14,57,F,Commercial,18,3,1,0,5,0,0
P10787,H07,69,F,Medicare,21,3,0,0,4,1,0
P10788,H10,47,M,Medicare,59,1,0,0,5,0,0
P10789,H10,65,M,Medicare,40,3,1,1,4,0,0
P10790,H03,44,F,Medicare,50,2,1,1,6,0,0
P10791,H16,68,M,Medicare,37,4,2,0,5,0,0
P10792,H17,78,M,Medicaid,57,2,2,0,6,0,0
P10793,H13,46,M,Medicare,37,3,3,0,4,0,0
P10794,H02,59,M,Medicare,69,2,0,1,6,1,0
P10795,H17,76,F,Medicaid,64,2,0,0,4,0,0
P10796,H18,60,F,Commercial,66,1,0,0,5,0,0
P10797,H01,74,F,Medicare,57,2,2,1,5,1,0
P10798,H06,88,M,Medicare,49,2,2,1,5,0,1
P10799,H04,54,M,Medicare,46,2,0,1,6,0,0
P10800,H18,76,M,Commercial,61,2,0,0,7,0,0
P10801,H10,71,M,Medicaid,14,3,3,0,2,0,0
P10802,H14,77,F,Medicare,53,2,0,0,6,0,0
P10803,H18,85,M,Commercial,62,3,0,0,8,1,0
P10804,H17,76,F,Medicare,37,4,2,0,4,0,0
P10805,H19,62,M,Medicare,56,1,0,1,9,0,0
P10806,H14,79,M,Medicare,37,2,0,0,6,0,0
P10807,H13,82,M,Medicare,68,4,0,0,5,1,1
P10808,H17,60,M,Commercial,3,3,1,1,2,0,0
P10809,H05,57,M,Commercial,49,1,0,0,6,0,0
P10810,H16,44,F,Medicare,15,3,1,0,5,0,0
P10811,H18,79,M,Medicaid,25,0,0,1,3,0,0
P10812,H08,88,M,Medicare,61,3,0,0,5,1,0
P10813,H03,77,M,Commercial,47,2,0,0,5,0,0
P10814,H03,40,F,Medicare,20,2,1,0,4,0,0
P10815,H09,79,M,Medicare,65,2,0,0,7,0,0
P10816,H14,58,F,Medicaid,45,7,1,0,4,0,1
P10817,H05,51,F,Medicare,52,1,0,0,5,0,0
P10818,H12,73,M,Commercial,67,3,1,0,5,0,1
P10819,H09,59,F,Medicaid,53,0,0,0,9,0,0
P10820,H16,69,M,Medicare,28,2,0,0,6,0,0
P10821,H14,82,M,Medicare,20,1,1,0,3,0,0
P10822,H19,52,F,Commercial,88,3,1,0,9,1,1
P10823,H18,74,M,Commercial,9,2,2,0,3,0,0
P10824,H12,68,M,Medicaid,62,0,0,1,6,0,1
P10825,H09,64,F,Medicare,74,1,0,0,8,1,0
P10826,H08,57,M,Medicaid,53,0,1,0,6,0,0
P10827,H12,58,F,Medicare,45,2,0,0,4,0,0
P10828,H18,99,F,Medicaid,54,3,0,0,8,0,0
P10829,H15,61,M,Commercial,36,2,0,1,5,0,0
P10830,H07,68,M,Commercial,18,2,0,0,5,1,0
P10831,H06,97,F,Medicare,49,3,3,1,4,0,1
P10832,H07,90,M,Medicare,20,2,2,0,4,1,0
P10833,H07,77,M,Medicaid,44,2,0,0,8,1,0
P10834,H10,78,F,Commercial,49,5,0,1,6,0,0
P10835,H17,48,M,Medicare,70,2,2,0,7,0,0
P10836,H15,59,F,Commercial,31,1,0,0,8,0,0
P10837,H02,93,F,Commercial,73,1,0,0,5,0,1
P10838,H18,58,M,Medicare,64,0,1,0,5,0,0
P10839,H04,76,M,Medicare,65,2,0,0,5,0,0
P10840,H05,59,F,Commercial,56,5,0,1,8,0,0
P10841,H06,61,M,Medicare,72,2,0,1,5,0,1
P10842,H11,49,F,Medicare,34,1,1,0,4,0,0
P10843,H12,40,M,Medicare,85,1,1,0,9,0,0
P10844,H01,69,M,Medicaid,65,2,1,0,5,1,0
P10845,H10,70,F,Commercial,87,2,0,0,6,0,0
P10846,H04,62,M,Medicaid,57,1,2,1,5,0,0
P10847,H04,75,M,Commercial,30,3,1,1,4,0,0
P10848,H17,55,M,Medicare,50,2,0,0,4,0,0
P10849,H20,99,F,Medicare,84,0,0,0,7,0,0
P10850,H04,65,F,Commercial,20,5,3,0,3,1,0
P10851,H18,52,M,Medicare,17,3,1,0,2,0,0
P10852,H14,71,M,Commercial,44,1,0,0,5,0,0
P10853,H06,70,F,Medicare,53,2,1,1,10,0,1
P10854,H20,72,F,Medicare,37,1,0,0,5,0,0
P10855,H07,72,F,Medicare,34,3,0,0,5,1,0
P10856,H03,62,M,Medicare,48,3,1,1,4,0,0
P10857,H11,61,M,Medicare,54,3,0,0,5,0,0
P10858,H05,73,M,Medicare,12,2,0,0,3,0,0
P10859,H09,81,F,Medicaid,81,6,0,1,6,1,1
P10860,H05,60,M,Medicare,78,4,0,0,8,1,1
P10861,H12,76,M,Medicare,38,1,0,1,5,0,0
P10862,H19,52,M,Commercial,29,0,0,1,5,0,0
P10863,H09,69,M,Medicare,32,5,0,0,6,0,1
P10864,H09,66,M,Commercial,30,4,0,0,3,0,0
P10865,H18,59,F,Commercial,52,5,0,0,5,0,0
P10866,H02,89,F,Commercial,60,2,2,1,5,0,1
P10867,H04,59,F,Medicaid,48,4,0,1,6,0,0
P10868,H17,68,M,Medicare,60,2,1,0,4,0,0
P10869,H15,72,M,Medicare,24,1,0,0,5,0,0
P10870,H06,89,F,Commercial,32,1,0,0,4,0,0
P10871,H13,81,M,Commercial,15,1,0,0,2,0,0
P10872,H10,72,F,Medicaid,63,4,1,0,8,1,1
P10873,H07,73,F,Medicaid,63,1,0,0,7,1,0
P10874,H06,62,F,Medicare,66,1,0,1,13,0,0
P10875,H07,67,M,Commercial,44,0,2,0,5,1,0
P10876,H11,82,M,Medicare,50,1,0,1,4,0,0
P10877,H17,72,F,Medicare,18,7,0,1,3,0,0
P10878,H16,43,M,Medicare,61,4,1,1,4,1,0
P10879,H10,68,M,Medicaid,52,2,2,0,7,0,0
P10880,H19,81,M,Medicare,48,1,2,0,7,0,0
P10881,H12,52,F,Medicare,63,0,0,0,5,0,0
P10882,H07,75,M,Medicaid,72,1,0,1,5,1,0
P10883,H06,73,F,Medicaid,37,4,0,0,4,0,0
P10884,H13,81,F,Medicaid,3,1,0,1,4,0,0
P10885,H08,58,M,Medicare,47,2,0,1,4,1,0
P10886,H16,91,F,Commercial,38,1,0,0,5,0,0
P10887,H10,77,F,Medicare,28,1,1,0,4,0,0
P10888,H18,48,F,Medicare,14,3,2,0,3,0,0
P10889,H10,74,F,Medicare,62,3,0,1,5,1,0
P10890,H04,66,F,Medicare,34,2,0,1,4,0,0
P10891,H16,66,M,Medicaid,19,2,0,0,3,0,0
P10892,H17,56,M,Commercial,33,5,1,0,6,0,0
P10893,H06,72,F,Medicare,51,0,1,1,5,0,0
P10894,H05,69,F,Medicare,52,2,1,1,5,0,0
P10895,H12,59,M,Commercial,22,1,1,0,3,0,0
P10896,H16,41,M,Commercial,40,2,0,1,10,0,0
P10897,H19,70,M,Medicaid,61,0,2,0,4,0,0
P10898,H07,60,F,Commercial,63,0,2,0,5,1,0
P10899,H06,67,M,Medicare,52,2,0,1,14,1,0
P10900,H07,50,M,Medicare,17,3,0,0,5,1,0
P10901,H07,83,M,Medicare,67,1,0,1,5,1,0
P10902,H05,63,F,Commercial,70,1,0,0,7,0,0
P10903,H07,78,M,Medicaid,42,1,1,0,5,1,0
P10904,H20,61,F,Commercial,57,0,1,0,4,0,0
P10905,H02,54,F,Medicare,44,1,0,0,4,0,0
P10906,H20,67,F,Medicaid,66,1,1,0,4,0,0
P10907,H20,61,F,Medicare,10,0,3,0,2,0,0
P10908,H16,84,F,Medicare,50,6,1,0,4,0,0
P10909,H12,75,F,Medicare,59,2,0,0,5,0,0
P10910,H02,51,M,Medicare,27,0,0,0,3,0,0
P10911,H20,69,F,Medicare,30,3,2,1,4,0,0
P10912,H14,74,F,Medicare,82,3,1,0,11,1,1
P10913,H05,57,F,Medicare,86,2,0,0,14,0,0
P10914,H19,63,F,Commercial,44,1,0,1,8,0,0
P10915,H17,86,F,Commercial,23,0,1,0,4,0,0
P10916,H19,71,M,Commercial,69,3,1,0,6,1,1
P10917,H04,74,M,Medicare,37,4,2,0,3,0,0
P10918,H18,57,F,Commercial,6,3,0,0,1,0,1
P10919,H02,67,F,Medicare,80,4,0,1,9,1,0
P10920,H15,66,F,Medicare,15,1,1,0,5,0,0
P10921,H18,67,F,Medicare,28,1,0,1,3,0,0
P10922,H03,63,M,Commercial,16,3,2,1,2,0,0
P10923,H11,80,M,Commercial,67,1,0,0,7,1,0
P10924,H10,58,M,Medicare,14,0,1,0,7,0,0
P10925,H10,65,M,Medicare,87,0,0,1,6,0,1
P10926,H01,76,M,Medicare,29,0,0,1,5,0,0
P10927,H04,65,F,Commercial,55,2,2,0,4,0,0
P10928,H10,61,M,Commercial,40,1,1,1,4,0,0
P10929,H20,74,M,Medicare,64,2,3,1,7,1,1
P10930,H19,67,F,Medicaid,49,2,0,0,8,0,0
P10931,H16,74,F,Medicare,43,3,1,0,5,0,0
P10932,H11,70,M,Medicare,27,0,1,1,5,0,0
P10933,H18,86,F,Medicare,24,3,1,0,4,0,0
P10934,H19,86,M,Medicare,54,1,0,0,4,0,1
P10935,H14,61,M,Commercial,61,0,1,0,5,0,0
P10936,H18,62,F,Medicare,68,1,0,0,8,0,0
P10937,H05,85,M,Medicare,62,2,0,0,5,0,0
P10938,H08,61,F,Medicare,20,4,0,0,4,0,0
P10939,H05,71,F,Medicaid,30,2,0,0,5,0,0
P10940,H18,68,F,Medicare,57,4,0,0,6,0,1
P10941,H19,77,M,Commercial,31,0,2,0,3,0,0
P10942,H13,66,M,Medicare,45,0,0,0,5,0,0
P10943,H06,56,M,Medicaid,29,3,1,0,5,0,1
P10944,H14,63,M,Medicare,14,1,0,0,4,0,0
P10945,H13,60,F,Medicaid,8,4,3,1,3,0,0
P10946,H05,64,F,Medicaid,63,3,1,0,5,0,0
P10947,H15,82,F,Medicare,32,3,1,0,5,0,0
P10948,H06,81,F,Medicaid,12,2,0,1,4,0,0
P10949,H03,69,F,Medicare,52,1,0,0,4,0,0
P10950,H07,80,F,Medicare,40,4,0,0,5,1,0
P10951,H18,73,M,Medicare,43,1,1,1,5,0,0
P10952,H02,69,M,Medicare,25,3,1,0,3,0,0
P10953,H08,45,F,Medicare,40,1,0,0,4,0,0
P10954,H19,48,F,Medicaid,46,1,0,0,7,0,0
P10955,H11,67,F,Medicaid,61,1,1,1,5,0,0
P10956,H04,79,M,Commercial,56,4,2,0,8,0,0
P10957,H14,78,M,Commercial,56,3,0,1,4,0,0
P10958,H10,80,M,Medicaid,36,0,1,0,4,1,0
P10959,H15,65,M,Commercial,19,5,1,1,6,0,0
P10960,H15,54,F,Medicaid,52,1,2,0,6,0,1
P10961,H05,63,F,Commercial,47,0,2,0,6,0,0
P10962,H09,80,M,Commercial,37,2,1,0,7,0,0
P10963,H06,52,F,Medicare,50,1,0,0,7,0,0
P10964,H20,51,M,Medicaid,55,2,0,1,5,0,0
P10965,H05,72,M,Commercial,32,1,1,0,4,0,1
P10966,H19,59,F,Commercial,28,3,0,0,4,0,0
P10967,H12,62,F,Medicare,43,0,0,0,5,0,0
P10968,H14,99,F,Commercial,21,3,0,0,4,0,0
P10969,H18,83,F,Medicaid,31,2,1,0,5,0,0
P10970,H16,73,M,Medicare,29,0,0,1,4,0,0
P10971,H03,71,M,Medicaid,53,4,1,1,5,0,0
P10972,H06,83,F,Medicare,6,1,1,0,4,0,0
P10973,H04,76,M,Medicaid,16,3,3,0,8,0,0
P10974,H11,68,F,Medicare,30,2,0,0,3,0,0
P10975,H04,40,F,Commercial,30,2,0,0,8,0,0
P10976,H05,59,M,Medicare,77,4,1,0,5,1,0
P10977,H08,83,F,Commercial,68,4,0,0,6,1,0
P10978,H12,71,F,Commercial,81,3,1,0,6,1,1
P10979,H02,76,F,Medicare,29,4,0,0,4,0,0
P10980,H04,84,M,Medicare,70,1,0,1,9,1,0
P10981,H12,70,F,Medicare,56,1,2,0,5,0,0
P10982,H19,74,F,Medicaid,35,2,0,0,5,0,0
P10983,H18,65,F,Medicaid,10,2,2,0,5,0,0
P10984,H19,54,M,Commercial,33,2,1,0,6,0,0
P10985,H02,82,F,Medicare,42,2,0,1,6,0,0
P10986,H10,80,F,Medicaid,37,2,2,0,8,0,0
P10987,H19,73,M,Medicaid,62,3,0,1,5,1,0
P10988,H09,77,F,Medicare,28,4,1,1,4,0,0
P10989,H15,74,M,Medicare,77,1,1,1,7,0,1
P10990,H08,51,M,Medicare,48,2,1,1,4,0,0
P10991,H03,70,M,Medicare,50,3,0,1,11,0,1
P10992,H08,80,F,Commercial,24,3,1,1,6,0,0
P10993,H18,82,M,Medicare,37,1,0,0,6,0,0
P10994,H07,63,F,Medicare,46,2,1,0,5,1,0
P10995,H04,94,M,Medicare,78,0,2,0,6,0,1
P10996,H11,63,M,Commercial,66,3,0,0,6,1,0
P10997,H15,57,M,Commercial,45,3,0,0,5,0,0
P10998,H03,76,M,Medicare,40,1,0,1,7,0,0
P10999,H11,98,F,Commercial,90,1,0,0,6,0,1
P11000,H04,74,M,Medicare,65,6,1,1,5,1,1
P11001,H07,69,F,Medicaid,36,0,0,0,8,1,0
P11002,H06,67,M,Medicare,22,1,0,0,3,0,0
P11003,H12,59,F,Medicare,43,2,0,1,3,0,0
P11004,H13,59,F,Medicare,68,1,2,0,5,0,0
P11005,H06,67,F,Medicare,26,4,0,1,3,0,0
P11006,H10,73,M,Commercial,23,1,2,0,3,0,0
P11007,H11,66,M,Medicaid,41,2,3,0,7,0,0
P11008,H12,47,F,Medicare,32,1,1,0,9,0,0
P11009,H08,54,M,Medicare,55,1,1,1,12,1,0
P11010,H13,61,M,Commercial,23,3,1,1,4,0,0
P11011,H08,50,F,Commercial,36,1,0,0,3,0,0
P11012,H13,65,M,Commercial,51,3,0,1,6,0,0
P11013,H03,91,M,Medicaid,52,3,2,0,7,0,1
P11014,H02,73,F,Medicare,37,1,0,0,5,0,0
P11015,H09,99,M,Commercial,71,4,0,0,7,1,1
P11016,H03,87,M,Medicare,83,0,0,1,6,1,1
P11017,H16,79,M,Medicare,42,5,0,0,5,1,0
P11018,H01,61,F,Medicare,42,8,0,0,5,0,0
P11019,H17,43,M,Medicaid,52,0,1,0,4,0,0
P11020,H13,71,M,Medicaid,52,0,1,0,4,0,0
P11021,H20,67,F,Medicaid,33,1,0,0,5,0,0
P11022,H02,63,M,Medicare,46,2,1,0,6,0,0
P11023,H08,69,F,Medicare,39,2,0,0,4,0,0
P11024,H17,65,M,Commercial,43,1,1,1,12,0,0
P11025,H12,59,M,Medicaid,69,1,2,0,6,0,0
P11026,H03,43,M,Medicare,29,1,1,0,4,0,0
P11027,H10,87,F,Medicare,68,1,0,0,5,1,0
P11028,H14,45,M,Medicaid,21,2,2,1,3,0,0
P11029,H20,62,F,Commercial,52,0,2,0,5,1,0
P11030,H09,67,F,Medicare,46,1,2,0,5,0,0
P11031,H11,76,F,Commercial,43,2,1,0,6,0,0
P11032,H01,75,M,Medicaid,32,5,0,0,6,0,0
P11033,H18,55,F,Medicaid,80,0,1,0,6,1,0
P11034,H12,77,M,Commercial,69,3,0,1,6,1,0
P11035,H04,51,M,Medicare,50,3,1,0,5,0,0
P11036,H16,72,F,Medicare,12,2,1,1,3,0,0
P11037,H11,60,M,Medicare,58,3,1,0,6,1,0
P11038,H05,61,F,Commercial,71,2,1,0,5,0,0
P11039,H16,43,F,Medicare,51,1,2,0,5,0,0
P11040,H11,57,F,Medicare,48,1,1,0,9,0,0
P11041,H02,71,M,Medicare,57,0,0,0,11,0,0
P11042,H01,54,M,Commercial,62,2,0,0,4,0,0
P11043,H18,72,F,Commercial,57,2,1,0,4,0,0
P11044,H17,55,M,Commercial,30,0,0,0,3,0,0
P11045,H08,68,F,Medicare,34,3,0,0,5,0,0
P11046,H11,78,M,Commercial,27,1,1,0,4,0,0
P11047,H02,78,M,Medicare,29,3,0,0,3,0,0
P11048,H13,66,F,Commercial,10,0,0,1,3,0,0
P11049,H11,85,M,Medicare,56,1,0,1,5,0,0
P11050,H01,86,M,Medicare,25,4,0,0,2,0,0
P11051,H03,76,M,Medicaid,63,1,1,0,13,0,0
P11052,H17,84,M,Medicare,47,1,1,1,5,1,0
P11053,H12,70,M,Commercial,49,2,1,0,6,0,0
P11054,H04,90,M,Medicare,35,1,0,1,7,0,0
P11055,H20,72,M,Medicare,27,0,0,0,5,0,0
P11056,H04,53,F,Medicare,17,2,2,0,5,0,0
P11057,H12,70,M,Medicare,63,3,0,0,7,0,0
P11058,H13,43,M,Medicare,49,3,0,1,5,0,0
P11059,H15,65,F,Medicare,68,2,2,1,10,0,1
P11060,H20,48,F,Medicare,36,3,2,0,4,0,0
P11061,H18,77,F,Medicaid,37,5,1,0,5,0,0
P11062,H09,85,M,Medicare,51,2,0,0,5,0,1
P11063,H01,53,F,Medicare,67,2,0,1,7,0,0
P11064,H18,35,M,Medicaid,46,2,0,0,6,0,0
P11065,H13,55,M,Medicare,44,0,2,0,3,0,0
P11066,H04,67,F,Medicaid,26,3,3,1,3,0,0
P11067,H12,69,M,Commercial,26,2,0,0,3,0,0
P11068,H20,99,M,Medicare,56,0,0,0,9,0,0
P11069,H15,85,M,Medicaid,65,2,1,1,6,1,0
P11070,H14,82,M,Medicaid,66,1,1,1,8,0,0
P11071,H20,56,M,Medicare,3,7,1,1,5,0,1
P11072,H15,73,M,Commercial,46,5,1,0,5,0,0
P11073,H10,70,M,Medicaid,66,4,2,1,7,1,1
P11074,H19,66,M,Medicaid,67,1,0,0,5,0,0
P11075,H15,54,M,Commercial,35,1,1,0,6,0,0
P11076,H17,60,F,Medicare,36,2,0,0,3,0,0
P11077,H14,62,M,Commercial,16,2,0,0,6,0,0
P11078,H14,74,F,Medicare,28,1,0,0,8,0,0
P11079,H17,68,F,Commercial,51,2,1,0,4,0,0
P11080,H09,71,M,Medicare,17,1,3,0,4,0,0
P11081,H16,38,F,Medicare,27,2,0,0,3,0,0
P11082,H10,71,M,Medicare,37,2,0,0,4,0,0
P11083,H20,56,F,Medicare,80,2,0,0,8,1,0
P11084,H10,67,F,Medicare,20,4,0,1,8,0,0
P11085,H08,64,M,Medicaid,54,3,2,1,4,0,0
P11086,H15,62,M,Medicare,24,1,0,0,4,0,0
P11087,H12,70,F,Medicare,74,1,0,1,8,0,0
P11088,H17,59,F,Commercial,36,2,0,1,4,1,0
P11089,H04,60,M,Commercial,58,2,2,1,7,0,0
P11090,H16,50,F,Medicare,40,3,0,0,6,0,0
P11091,H13,65,F,Medicare,12,1,0,0,5,0,0
P11092,H19,74,M,Commercial,64,2,2,0,7,1,0
P11093,H02,67,M,Commercial,67,2,0,0,10,0,1
P11094,H05,71,F,Commercial,49,1,0,0,7,0,0
P11095,H16,72,M,Commercial,77,3,0,0,5,1,1
P11096,H02,70,M,Medicare,44,0,1,0,6,0,0
P11097,H18,73,F,Medicare,18,2,2,0,3,0,0
P11098,H01,71,M,Medicaid,41,2,1,0,9,0,1
P11099,H07,62,F,Medicare,55,5,0,0,6,1,0
P11100,H19,77,F,Medicare,38,0,0,0,4,0,0
P11101,H13,74,M,Medicare,56,2,1,0,7,0,0
P11102,H06,79,F,Medicare,26,1,2,1,3,0,0
P11103,H20,68,M,Medicare,15,0,1,0,3,0,0
P11104,H19,78,F,Medicare,54,1,0,0,8,0,0
P11105,H01,70,M,Commercial,68,1,2,1,5,1,1
P11106,H05,72,F,Medicaid,60,2,0,0,7,1,0
P11107,H07,76,M,Medicare,60,2,0,1,7,1,0
P11108,H02,51,M,Medicare,72,4,1,0,8,0,0
P11109,H15,63,M,Medicaid,16,4,1,0,3,0,0
P11110,H03,70,M,Commercial,38,3,2,0,5,0,0
P11111,H03,53,F,Medicare,37,2,0,1,4,0,1
P11112,H20,76,F,Medicare,68,3,0,0,8,1,1
P11113,H05,85,F,Medicare,33,3,0,0,3,0,0
P11114,H13,77,F,Commercial,33,2,2,1,6,0,0
P11115,H10,73,M,Medicare,60,1,2,0,7,1,0
P11116,H06,68,F,Commercial,70,1,2,0,6,1,0
P11117,H17,73,M,Medicaid,28,1,1,0,6,0,0
P11118,H06,61,M,Medicaid,31,1,0,0,6,0,0
P11119,H11,77,F,Medicare,7,0,0,0,3,0,0
P11120,H13,83,F,Medicaid,29,3,0,0,5,0,0
P11121,H17,83,M,Medicare,36,2,1,0,4,0,0
P11122,H14,79,F,Medicare,82,0,0,1,9,0,0
P11123,H06,65,F,Medicare,46,1,0,0,4,0,0
P11124,H02,39,M,Medicare,84,2,1,1,6,0,0
P11125,H13,66,F,Medicare,29,1,0,0,5,0,0
P11126,H19,59,M,Medicaid,70,4,0,0,8,1,0
P11127,H20,66,M,Medicaid,38,2,1,0,4,0,0
P11128,H03,70,F,Medicare,37,1,0,0,3,0,0
P11129,H09,85,M,Medicare,10,2,0,0,3,0,0
P11130,H07,59,M,Medicaid,39,2,2,0,3,1,0
P11131,H13,91,M,Commercial,33,3,1,0,5,0,0
P11132,H11,56,F,Medicare,55,0,0,0,10,0,0
P11133,H15,64,M,Medicare,46,3,0,0,6,0,0
P11134,H17,81,F,Commercial,38,2,1,1,5,0,0
P11135,H14,73,F,Medicaid,54,3,2,0,4,1,0
P11136,H03,64,M,Medicare,45,1,0,0,5,0,0
P11137,H09,50,F,Medicare,64,2,1,0,4,1,1
P11138,H02,77,M,Medicare,53,4,0,0,5,0,0
P11139,H20,62,F,Medicare,77,0,0,0,8,0,1
P11140,H13,79,F,Commercial,36,1,2,0,8,0,1
P11141,H17,46,M,Medicaid,43,3,2,0,7,0,0
P11142,H08,58,M,Medicare,27,2,0,0,5,0,0
P11143,H05,68,F,Medicaid,36,0,2,0,3,0,0
P11144,H01,57,F,Medicaid,45,0,0,0,4,0,0
P11145,H05,70,F,Medicaid,37,2,0,0,5,0,0
P11146,H06,57,F,Medicaid,89,2,1,1,7,0,0
P11147,H01,58,M,Commercial,86,1,0,1,8,0,0
P11148,H01,73,M,Medicare,42,2,2,0,4,0,0
P11149,H09,68,F,Medicaid,42,0,0,1,10,0,0
P11150,H18,83,M,Medicare,80,2,0,0,9,0,0
P11151,H05,41,F,Medicare,24,2,3,0,6,0,0
P11152,H10,60,F,Medicare,31,5,3,1,7,0,0
P11153,H05,67,F,Medicare,25,2,0,0,4,0,0
P11154,H11,71,M,Medicare,9,3,1,0,2,0,0
P11155,H02,59,M,Commercial,37,0,1,0,7,0,0
P11156,H09,69,M,Medicare,69,0,0,0,9,0,1
P11157,H12,59,F,Medicare,66,0,1,0,9,0,0
P11158,H16,39,M,Medicare,23,2,2,0,6,0,0
P11159,H16,67,F,Commercial,58,3,1,0,5,0,0
P11160,H03,80,F,Medicare,43,3,0,0,4,0,0
P11161,H16,83,M,Medicare,40,3,5,1,7,1,1
P11162,H19,57,F,Commercial,17,2,1,1,7,0,0
P11163,H03,64,M,Commercial,53,2,2,0,6,0,1
P11164,H07,80,F,Medicare,55,3,0,0,4,1,0
P11165,H20,89,F,Commercial,44,2,1,0,5,0,0
P11166,H15,50,F,Medicare,48,4,2,1,4,0,0
P11167,H02,67,F,Commercial,49,2,1,0,4,0,0
P11168,H11,87,M,Medicaid,14,1,1,1,4,0,0
P11169,H04,86,M,Medicare,34,3,0,0,6,0,0
P11170,H14,39,F,Medicare,10,2,0,0,4,0,0
P11171,H18,69,M,Commercial,63,3,0,0,5,0,1
P11172,H02,73,M,Medicare,66,1,0,0,9,0,1
P11173,H06,75,F,Medicaid,51,2,0,0,8,0,0
P11174,H15,77,M,Commercial,58,0,1,0,5,1,0
P11175,H03,79,F,Medicare,42,1,0,1,5,0,0
P11176,H14,83,F,Commercial,18,2,1,1,2,0,1
P11177,H20,63,M,Medicare,82,2,1,0,8,0,0
P11178,H20,58,M,Commercial,31,3,0,0,4,0,0
P11179,H03,77,F,Medicare,38,1,3,0,7,0,0
P11180,H03,66,M,Medicare,75,0,0,1,5,0,0
P11181,H01,63,F,Medicaid,52,0,0,1,4,0,0
P11182,H02,71,M,Medicare,17,1,0,0,2,0,0
P11183,H12,68,M,Medicaid,28,5,0,1,4,0,0
P11184,H17,59,F,Medicare,72,3,0,0,5,0,0
P11185,H14,67,M,Medicare,37,3,0,0,10,0,0
P11186,H17,54,F,Medicare,54,2,2,1,4,0,0
P11187,H02,66,M,Commercial,66,1,1,0,6,0,0
P11188,H08,55,F,Medicaid,53,2,1,0,4,0,1
P11189,H13,60,F,Medicare,78,4,1,0,6,1,1
P11190,H20,67,F,Medicare,73,4,0,1,6,1,1
P11191,H16,72,M,Medicare,42,3,1,0,3,0,1
P11192,H05,47,F,Medicare,54,0,0,0,5,0,0
P11193,H08,62,M,Medicare,57,1,0,1,5,0,0
P11194,H11,56,F,Medicare,25,1,0,0,3,0,0
P11195,H03,59,M,Commercial,58,1,2,0,4,1,0
P11196,H13,59,F,Commercial,50,1,1,0,4,0,0
P11197,H18,59,F,Commercial,50,1,1,1,4,0,0
P11198,H07,99,F,Commercial,60,1,3,1,5,1,0
P11199,H13,75,M,Medicare,73,1,3,0,6,0,0
P11200,H08,88,F,Medicare,24,1,1,1,4,0,1
P11201,H09,57,M,Commercial,44,4,0,0,4,1,0
P11202,H04,74,F,Medicare,35,3,1,0,6,0,0
P11203,H18,65,F,Commercial,57,3,1,0,9,0,0
P11204,H08,69,F,Medicare,20,3,1,0,5,0,0
P11205,H14,58,M,Medicaid,43,2,0,1,9,0,0
P11206,H20,64,F,Medicare,28,1,0,0,3,0,0
P11207,H18,73,F,Commercial,31,5,0,0,3,0,0
P11208,H14,79,F,Medicare,19,1,0,0,4,0,0
P11209,H04,42,F,Medicare,17,0,2,0,5,0,0
P11210,H08,71,M,Medicare,37,4,0,1,8,0,1
P11211,H06,30,F,Commercial,65,1,0,0,6,0,0
P11212,H19,76,M,Medicare,45,2,0,0,3,0,0
P11213,H14,60,F,Medicare,60,3,0,1,8,0,0
P11214,H04,66,M,Medicare,45,4,1,0,5,1,0
P11215,H13,79,F,Medicaid,73,1,1,0,7,0,0
P11216,H17,45,F,Medicare,39,0,0,0,5,0,0
P11217,H11,68,M,Medicare,43,3,2,0,6,0,0
P11218,H18,66,F,Medicare,51,1,1,0,5,0,0
P11219,H04,74,F,Medicare,79,3,0,0,7,0,0
P11220,H09,60,M,Medicaid,12,2,2,0,5,0,0
P11221,H05,56,F,Medicare,56,2,0,0,7,1,0
P11222,H13,68,M,Medicare,64,1,0,1,5,0,1
P11223,H18,50,M,Commercial,80,5,1,1,5,1,1
P11224,H07,99,M,Commercial,42,3,0,0,3,1,0
P11225,H12,89,M,Medicare,70,1,0,0,9,0,0
P11226,H07,81,F,Medicare,31,4,1,1,8,1,0
P11227,H19,64,M,Medicare,34,5,1,0,6,0,0
P11228,H05,65,F,Medicare,62,2,1,0,10,1,0
P11229,H08,63,F,Medicaid,34,2,0,0,6,0,0
P11230,H16,60,F,Medicaid,26,0,0,1,7,0,0
P11231,H19,56,M,Medicare,48,1,0,1,8,0,0
P11232,H15,60,F,Medicare,50,4,0,0,6,1,1
P11233,H12,89,M,Commercial,73,2,0,0,6,1,1
P11234,H17,51,F,Medicaid,78,1,5,0,6,0,1
P11235,H15,90,M,Medicaid,58,1,0,0,9,0,0
P11236,H10,61,F,Commercial,33,1,0,0,5,0,0
P11237,H13,82,M,Medicare,54,2,2,1,13,0,0
P11238,H20,43,M,Medicare,39,1,1,0,8,0,0
P11239,H09,62,F,Medicaid,76,4,0,0,9,1,1
P11240,H19,67,M,Medicare,26,1,2,0,4,0,0
P11241,H09,40,F,Medicare,74,1,2,0,8,0,0
P11242,H08,65,F,Medicare,64,3,0,1,6,1,1
P11243,H17,43,M,Medicare,26,1,1,1,6,0,0
P11244,H20,69,F,Commercial,35,1,0,0,6,0,0
P11245,H18,69,F,Medicare,32,2,2,0,3,0,0
P11246,H11,54,M,Medicare,23,2,2,1,3,0,0
P11247,H13,79,M,Medicare,43,3,0,0,7,0,0
P11248,H03,59,F,Medicaid,46,4,2,0,4,0,0
P11249,H06,77,M,Medicaid,35,2,2,0,4,0,0
P11250,H16,82,F,Medicare,72,4,1,0,8,1,1
P11251,H01,76,F,Medicare,16,2,0,0,4,0,0
P11252,H08,74,F,Medicare,32,3,1,0,5,0,0
P11253,H09,80,F,Medicare,40,2,0,0,4,0,0
P11254,H14,81,F,Medicaid,27,4,1,0,4,0,0
P11255,H05,81,F,Commercial,15,2,3,0,2,0,0
P11256,H03,71,M,Medicare,34,0,0,0,4,0,0
P11257,H01,81,M,Medicare,56,1,0,0,8,0,0
P11258,H04,78,F,Medicare,37,2,3,1,5,0,1
P11259,H14,73,F,Medicare,16,1,0,0,7,0,0
P11260,H16,52,M,Commercial,29,0,0,0,3,0,0
P11261,H02,73,M,Commercial,48,2,0,0,9,0,0
P11262,H08,71,F,Medicare,42,1,0,1,5,0,0
P11263,H10,79,M,Medicare,66,2,3,1,6,1,0
P11264,H10,62,F,Medicaid,51,4,0,1,4,0,0
P11265,H06,54,M,Medicaid,35,0,1,0,5,0,0
P11266,H19,60,F,Medicaid,37,2,1,0,6,0,0
P11267,H08,81,M,Commercial,29,3,1,1,5,0,0
P11268,H07,75,F,Commercial,39,1,0,0,7,1,0
P11269,H04,68,F,Medicare,17,2,0,0,6,0,0
P11270,H08,67,F,Medicaid,50,3,4,0,5,1,0
P11271,H05,75,M,Medicare,42,1,2,0,4,0,0
P11272,H12,64,M,Medicare,37,3,2,0,3,0,1
P11273,H17,26,F,Medicare,69,0,0,0,6,0,0
P11274,H04,86,M,Medicare,37,2,2,0,3,0,0
P11275,H13,69,F,Medicare,56,3,1,1,4,0,0
P11276,H17,41,F,Medicaid,51,2,1,0,4,0,0
P11277,H20,60,M,Medicare,16,1,0,1,7,0,0
P11278,H20,64,M,Medicare,46,7,0,0,6,0,0
P11279,H06,59,F,Commercial,55,2,2,0,5,0,0
P11280,H15,47,F,Medicare,57,1,1,0,7,0,0
P11281,H20,61,M,Commercial,26,3,1,0,6,0,0
P11282,H03,64,M,Medicare,28,3,1,1,3,0,0
P11283,H01,65,M,Medicare,43,2,0,1,6,0,0
P11284,H04,65,M,Medicaid,72,2,1,1,6,0,1
P11285,H07,44,M,Medicare,16,1,1,0,7,1,0
P11286,H08,85,M,Medicare,7,2,0,0,2,0,0
P11287,H16,97,M,Medicaid,84,1,2,0,6,1,1
P11288,H08,73,M,Commercial,22,2,1,0,8,0,0
P11289,H15,66,M,Medicare,60,4,1,1,4,0,0
P11290,H01,39,M,Medicare,48,1,1,0,4,0,0
P11291,H12,80,F,Commercial,23,1,0,0,4,0,0
P11292,H03,68,M,Medicare,90,0,0,0,7,1,0
P11293,H06,99,M,Medicare,33,0,2,1,4,0,0
P11294,H11,92,F,Commercial,40,0,0,0,4,0,1
P11295,H02,70,F,Commercial,14,0,1,0,5,0,0
P11296,H01,46,F,Medicare,15,2,1,0,5,0,0
P11297,H13,63,F,Commercial,80,2,1,0,8,0,0
P11298,H10,67,M,Medicare,15,4,1,0,4,0,0
P11299,H14,66,M,Commercial,59,1,1,1,9,0,0
P11300,H02,57,M,Medicare,74,2,0,0,7,0,0
P11301,H15,65,F,Medicare,20,0,0,1,3,0,0
P11302,H02,53,F,Commercial,18,3,0,0,4,0,0
P11303,H09,54,M,Medicare,59,1,0,0,5,0,0
P11304,H08,70,F,Medicare,32,3,0,1,7,0,0
P11305,H10,71,M,Medicare,20,2,0,0,5,0,0
P11306,H13,69,F,Medicare,64,1,0,0,7,0,0
P11307,H01,70,F,Commercial,70,1,1,0,9,1,1
P11308,H19,68,M,Medicare,19,4,0,0,3,0,0
P11309,H09,78,F,Medicaid,21,6,0,0,5,0,0
P11310,H11,68,F,Medicaid,61,2,1,0,5,0,0
P11311,H20,75,F,Medicare,6,4,0,0,6,0,0
P11312,H20,75,M,Medicare,20,4,0,1,4,0,0
P11313,H13,50,M,Medicare,20,1,0,0,3,0,0
P11314,H14,60,M,Medicare,4,1,0,0,3,0,0
P11315,H04,45,M,Commercial,33,2,2,0,3,0,0
P11316,H14,71,F,Commercial,47,1,0,0,7,0,0
P11317,H20,80,M,Commercial,23,0,0,0,3,0,0
P11318,H20,82,F,Medicaid,15,4,0,1,8,0,0
P11319,H18,80,M,Medicare,33,0,0,0,8,0,0
P11320,H11,79,F,Medicare,25,4,0,1,3,0,0
P11321,H13,91,F,Commercial,68,4,0,1,5,0,1
P11322,H04,73,F,Medicare,35,4,1,1,7,0,0
P11323,H03,63,F,Commercial,44,2,0,0,5,0,0
P11324,H17,62,F,Medicare,19,2,0,0,4,0,0
P11325,H03,76,F,Medicare,55,2,2,0,7,0,0
P11326,H12,70,M,Commercial,22,1,0,0,5,1,0
P11327,H19,60,F,Medicare,45,4,0,1,4,0,0
P11328,H14,59,M,Medicare,84,3,2,0,7,1,1
P11329,H17,76,F,Medicare,62,1,3,0,9,0,0
P11330,H15,34,M,Medicare,42,0,0,0,6,0,0
P11331,H08,41,F,Medicare,24,3,0,0,4,0,0
P11332,H03,65,F,Medicare,13,3,1,0,6,0,0
P11333,H04,88,M,Medicare,74,3,1,1,6,1,0
P11334,H05,65,M,Medicare,33,0,0,0,5,0,0
P11335,H14,70,M,Medicare,10,2,1,0,5,0,0
P11336,H18,41,M,Medicare,62,0,0,0,10,0,0
P11337,H11,68,M,Medicare,46,6,0,0,5,0,0
P11338,H14,59,M,Medicare,66,0,1,0,5,1,0
P11339,H07,62,F,Medicaid,13,1,1,0,3,1,0
P11340,H16,89,F,Medicare,50,4,1,0,5,0,1
P11341,H14,81,M,Medicare,38,0,0,1,3,0,0
P11342,H07,60,F,Commercial,18,0,1,0,4,1,0
P11343,H16,61,M,Commercial,17,3,1,1,5,0,0
P11344,H01,67,M,Medicaid,57,0,1,0,11,0,0
P11345,H16,65,F,Medicare,37,1,1,0,3,0,1
P11346,H20,69,F,Commercial,24,1,0,0,3,0,0
P11347,H05,67,M,Medicaid,55,1,1,0,7,0,0
P11348,H06,68,M,Medicare,52,2,0,0,4,0,0
P11349,H18,67,M,Commercial,58,3,2,0,7,0,0
P11350,H05,84,F,Commercial,56,3,3,1,5,0,0
P11351,H08,65,M,Medicare,49,3,1,0,7,0,0
P11352,H14,48,F,Medicare,21,3,0,0,4,0,0
P11353,H06,65,F,Medicaid,12,1,2,1,8,0,0
P11354,H15,80,F,Medicare,28,2,0,1,3,0,0
P11355,H14,60,F,Medicare,44,1,2,0,5,0,0
P11356,H16,59,F,Medicaid,58,0,0,1,8,0,1
P11357,H03,76,F,Commercial,38,2,0,1,5,0,0
P11358,H04,75,M,Medicare,39,1,0,0,6,0,0
P11359,H07,81,F,Commercial,20,4,0,0,3,1,0
P11360,H15,71,F,Medicaid,46,3,0,0,4,0,1
P11361,H19,56,M,Medicare,36,2,3,0,3,0,0
P11362,H07,65,M,Medicare,31,2,0,0,7,1,0
P11363,H14,56,F,Medicare,22,1,1,1,8,0,0
P11364,H10,38,M,Commercial,73,0,0,0,6,0,0
P11365,H11,53,F,Medicare,46,2,1,1,4,0,0
P11366,H09,45,M,Medicare,53,1,0,0,7,0,0
P11367,H07,68,F,Medicare,59,2,0,0,7,1,0
P11368,H08,77,F,Medicare,72,0,1,0,6,1,0
P11369,H16,59,M,Medicare,53,1,0,0,7,0,0
P11370,H06,64,F,Commercial,34,1,0,0,8,0,0
P11371,H18,56,F,Commercial,68,2,0,1,5,1,0
P11372,H20,45,M,Medicare,64,4,0,0,8,1,0
P11373,H03,69,M,Medicare,19,2,3,1,3,0,0
P11374,H13,74,M,Medicaid,72,2,1,0,5,1,0
P11375,H14,65,F,Medicaid,77,1,0,0,13,0,0
P11376,H02,44,F,Commercial,75,3,0,0,8,1,0
P11377,H10,71,F,Medicare,35,3,1,0,3,0,0
P11378,H07,89,M,Medicaid,50,2,1,1,5,1,0
P11379,H02,65,M,Medicare,14,1,3,0,4,0,0
P11380,H10,55,F,Medicaid,19,3,1,1,3,0,0
P11381,H17,63,M,Medicare,53,1,1,0,4,0,0
P11382,H12,69,M,Medicare,36,3,0,0,3,0,0
P11383,H17,82,M,Medicare,49,1,0,0,6,0,0
P11384,H12,53,F,Commercial,13,3,0,0,2,0,0
P11385,H17,74,M,Medicare,25,4,0,0,3,0,0
P11386,H11,74,M,Medicare,68,2,1,1,5,0,0
P11387,H10,40,M,Medicare,60,2,1,0,9,0,0
P11388,H15,72,M,Medicare,34,0,2,0,5,0,0
P11389,H01,47,F,Medicare,35,2,0,0,3,0,0
P11390,H03,67,F,Medicare,34,3,0,0,4,0,0
P11391,H07,55,F,Medicaid,10,2,1,0,4,1,0
P11392,H18,72,M,Commercial,28,1,1,0,6,0,1
P11393,H16,63,F,Medicare,33,2,2,0,3,0,0
P11394,H03,67,M,Commercial,54,1,0,0,4,0,0
P11395,H15,73,F,Medicaid,30,3,1,0,3,0,0
P11396,H18,52,M,Medicare,33,0,0,0,9,0,0
P11397,H11,84,M,Medicaid,16,1,3,0,3,0,0
P11398,H01,55,M,Medicare,46,1,1,0,4,0,0
P11399,H05,78,M,Medicare,82,1,0,0,9,0,0
P11400,H19,58,M,Medicare,51,2,0,0,4,0,0
P11401,H18,68,F,Medicare,56,1,0,1,4,0,0
P11402,H11,73,M,Commercial,24,1,0,0,4,0,0
P11403,H17,75,M,Medicare,37,2,1,0,8,0,0
P11404,H12,79,M,Commercial,42,1,0,1,4,0,0
P11405,H06,92,M,Medicaid,22,3,0,1,3,0,0
P11406,H17,76,F,Medicaid,23,1,3,0,3,0,0
P11407,H03,60,F,Commercial,64,1,0,0,7,0,0
P11408,H08,71,F,Medicare,47,4,1,1,4,0,0
P11409,H07,77,F,Commercial,18,2,1,1,8,1,0
P11410,H03,82,M,Medicaid,47,2,1,1,5,0,0
P11411,H04,70,F,Medicare,21,3,2,0,4,0,0
P11412,H08,74,M,Commercial,51,3,1,0,4,1,0
P11413,H07,83,F,Medicare,50,3,0,0,5,1,0
P11414,H17,70,M,Commercial,61,1,0,0,6,0,0
P11415,H02,61,F,Medicare,51,1,0,0,5,0,0
P11416,H10,71,M,Medicare,34,3,1,0,4,0,0
P11417,H10,65,F,Commercial,74,2,1,0,6,0,0
P11418,H03,60,M,Medicare,33,0,2,1,10,0,0
P11419,H09,67,M,Medicare,88,2,2,0,6,1,1
P11420,H17,71,M,Medicare,53,1,0,0,4,0,0
P11421,H13,72,M,Medicare,56,3,0,0,6,0,0
P11422,H11,66,F,Medicare,76,1,0,1,5,0,0
P11423,H16,82,F,Commercial,24,1,0,0,4,0,0
P11424,H11,69,M,Medicaid,19,1,0,0,3,0,0
P11425,H11,94,F,Commercial,80,2,1,0,6,1,0
P11426,H03,65,M,Medicaid,12,1,1,0,7,0,0
P11427,H13,80,F,Commercial,31,1,1,0,3,0,0
P11428,H14,78,M,Medicare,17,2,1,0,2,0,0
P11429,H11,59,M,Medicare,58,1,0,0,8,0,0
P11430,H10,67,F,Medicaid,41,0,0,0,6,0,0
P11431,H15,84,F,Commercial,63,2,1,0,7,0,0
P11432,H10,79,F,Medicare,17,3,1,0,3,0,0
P11433,H01,61,F,Medicaid,34,1,2,0,4,1,0
P11434,H07,48,F,Commercial,41,4,1,1,6,1,0
P11435,H18,56,M,Medicaid,45,3,0,0,5,0,0
P11436,H01,76,F,Medicare,61,2,0,0,7,0,0
P11437,H16,70,M,Commercial,3,2,0,0,8,0,0
P11438,H06,73,M,Commercial,59,1,0,0,4,0,0
P11439,H09,89,F,Medicaid,33,5,0,0,4,0,0
P11440,H11,87,M,Medicare,53,2,2,0,4,1,0
P11441,H09,69,M,Medicare,82,2,0,0,8,1,0
P11442,H17,66,M,Medicare,43,1,2,0,6,0,0
P11443,H12,77,M,Medicaid,82,2,1,0,7,0,1
P11444,H09,74,M,Medicare,26,0,0,0,6,0,0
P11445,H20,63,M,Medicare,8,0,1,0,2,0,0
P11446,H01,71,F,Medicare,59,2,1,1,6,0,0
P11447,H09,84,F,Medicare,84,1,1,0,6,0,1
P11448,H06,75,M,Medicare,12,1,0,1,3,0,0
P11449,H13,77,M,Medicare,47,1,1,1,4,0,0
P11450,H16,59,M,Commercial,53,3,1,1,6,0,0
P11451,H01,57,M,Commercial,22,1,0,0,6,0,0
P11452,H20,90,M,Medicaid,13,1,3,1,6,0,0
P11453,H03,56,M,Medicaid,21,2,1,0,2,0,0
P11454,H14,81,M,Medicare,45,2,2,0,7,0,0
P11455,H14,82,M,Medicare,26,1,0,1,3,0,0
P11456,H09,90,F,Medicaid,21,4,0,0,6,0,0
P11457,H01,65,M,Commercial,35,3,0,0,8,0,0
P11458,H19,47,F,Commercial,47,3,1,0,4,0,0
P11459,H10,58,F,Medicare,48,1,3,0,5,0,1
P11460,H07,66,F,Medicaid,17,4,1,0,3,1,0
P11461,H20,86,M,Medicare,36,2,1,0,7,0,0
P11462,H12,72,M,Medicaid,59,2,2,1,5,0,0
P11463,H20,58,F,Commercial,4,1,0,0,4,0,0
P11464,H09,52,F,Medicare,27,0,0,1,3,0,0
P11465,H06,60,F,Commercial,49,0,0,0,8,0,0
P11466,H07,57,M,Commercial,52,3,1,0,5,1,0
P11467,H15,91,F,Medicare,35,2,1,1,7,0,0
P11468,H11,83,F,Medicare,57,2,0,0,5,1,1
P11469,H04,88,F,Medicare,34,2,1,0,4,0,0
P11470,H13,66,F,Commercial,23,2,1,1,4,0,0
P11471,H03,50,F,Medicare,55,1,0,0,6,0,0
P11472,H12,33,F,Medicare,58,3,1,1,5,1,0
P11473,H12,67,F,Commercial,37,3,1,0,4,0,0
P11474,H07,47,M,Medicare,14,2,0,1,5,1,0
P11475,H10,78,M,Medicare,77,3,0,1,6,1,1
P11476,H12,71,M,Medicare,31,2,0,0,4,0,0
P11477,H04,62,M,Medicaid,70,1,1,1,6,0,0
P11478,H01,48,F,Commercial,34,0,0,1,5,0,0
P11479,H20,70,F,Commercial,28,1,1,1,5,0,0
P11480,H10,73,M,Commercial,64,2,0,1,5,0,0
P11481,H11,79,F,Medicaid,48,4,0,0,5,0,1
P11482,H05,65,F,Medicare,67,0,1,0,6,0,0
P11483,H05,51,M,Medicare,52,3,1,0,5,0,0
P11484,H06,57,F,Medicaid,36,3,0,0,5,0,0
P11485,H02,46,M,Medicare,44,5,1,1,8,1,0
P11486,H12,49,F,Commercial,96,4,1,0,9,1,1
P11487,H13,42,F,Medicare,25,1,1,0,5,0,0
P11488,H12,45,M,Medicare,44,1,1,0,4,0,0
P11489,H03,55,F,Medicaid,59,2,1,0,7,0,0
P11490,H15,65,M,Medicare,46,2,1,0,12,0,0
P11491,H06,59,M,Commercial,46,3,2,0,6,1,0
P11492,H12,56,F,Medicare,39,2,2,0,5,0,0
P11493,H08,61,F,Medicare,74,3,1,0,6,1,0
P11494,H19,89,M,Medicaid,15,3,1,0,7,0,0
P11495,H09,92,F,Medicaid,54,3,2,0,5,0,1
P11496,H12,80,M,Medicare,71,3,1,0,6,1,1
P11497,H11,48,F,Medicare,86,0,0,0,8,0,0
P11498,H07,92,F,Medicare,34,1,2,0,6,1,0
P11499,H04,73,M,Medicare,22,2,0,0,5,0,0
P11500,H13,72,F,Medicaid,65,3,2,0,9,1,1
P11501,H10,79,M,Commercial,18,2,1,1,3,0,0
P11502,H19,46,F,Medicare,11,0,2,0,2,0,0
P11503,H10,68,F,Medicare,75,3,0,1,9,1,0
P11504,H10,71,M,Medicare,41,3,1,0,4,1,0
P11505,H06,84,F,Medicaid,42,4,0,0,3,0,0
P11506,H10,64,F,Medicare,53,1,3,0,5,0,0
P11507,H08,62,F,Medicare,38,1,1,1,4,0,1
P11508,H09,84,F,Medicare,70,2,1,0,8,0,1
P11509,H07,62,F,Medicare,68,2,0,0,10,1,0
P11510,H05,81,M,Medicare,28,3,2,0,4,0,1
P11511,H14,68,M,Medicaid,66,1,0,1,5,0,0
P11512,H05,93,F,Medicaid,28,2,0,0,3,0,0
P11513,H02,42,F,Commercial,74,0,1,0,8,0,1
P11514,H19,67,F,Medicare,46,2,1,0,5,0,0
P11515,H18,41,M,Medicare,40,2,0,1,5,0,0
P11516,H09,67,F,Medicaid,17,3,0,0,7,0,0
P11517,H13,97,M,Medicaid,26,2,1,1,7,0,0
P11518,H13,61,M,Medicare,66,2,0,0,5,0,0
P11519,H09,89,M,Medicare,6,2,3,1,4,0,0
P11520,H20,86,M,Medicaid,12,2,0,0,7,0,0
P11521,H19,65,F,Medicare,64,4,0,1,5,0,0
P11522,H17,84,M,Medicare,5,5,0,0,3,0,0
P11523,H01,77,F,Commercial,91,1,0,0,8,0,1
P11524,H06,63,F,Medicaid,30,2,1,0,6,0,0
P11525,H18,48,M,Medicare,30,1,0,0,4,0,0
P11526,H16,50,M,Commercial,31,2,0,1,5,0,0
P11527,H01,63,F,Medicare,24,0,2,0,3,0,0
P11528,H03,64,M,Medicare,70,2,1,0,9,0,0
P11529,H06,77,M,Medicare,47,2,1,0,5,0,0
P11530,H10,69,F,Medicare,57,2,2,1,5,0,0
P11531,H18,96,M,Commercial,48,4,3,0,6,0,0
P11532,H08,84,M,Commercial,82,2,0,1,6,0,1
P11533,H08,86,F,Medicaid,58,5,1,0,4,0,0
P11534,H17,42,M,Medicare,54,1,2,0,7,0,0
P11535,H11,64,M,Medicaid,48,3,0,0,6,0,0
P11536,H18,40,M,Medicare,37,1,0,0,6,0,0
P11537,H01,78,M,Medicare,30,1,0,1,4,0,0
P11538,H15,74,F,Medicare,26,3,2,0,5,0,0
P11539,H19,63,M,Medicaid,71,1,1,0,5,0,1
P11540,H08,66,M,Medicare,36,2,1,0,3,0,0
P11541,H18,64,F,Medicare,36,3,0,0,4,0,0
P11542,H16,74,M,Commercial,48,1,0,1,5,0,0
P11543,H18,70,M,Medicare,58,1,0,0,12,0,0
P11544,H08,71,M,Commercial,53,1,0,0,8,0,0
P11545,H02,64,F,Commercial,66,0,0,0,5,0,0
P11546,H04,81,M,Medicare,24,3,0,1,8,0,0
P11547,H14,81,F,Commercial,20,0,2,1,3,0,0
P11548,H09,55,F,Medicare,76,0,0,0,5,0,1
P11549,H18,55,M,Medicare,64,2,1,0,5,0,1
P11550,H01,64,F,Medicare,34,4,2,0,4,0,0
P11551,H20,44,F,Medicare,75,4,0,1,6,1,0
P11552,H10,86,F,Medicaid,50,4,0,1,5,0,0
P11553,H18,64,F,Medicare,58,1,0,0,7,0,0
P11554,H01,79,M,Medicare,13,0,0,0,6,0,0
P11555,H17,66,M,Medicare,83,1,0,0,6,0,0
P11556,H17,99,F,Medicaid,57,2,0,0,6,0,0
P11557,H20,75,M,Commercial,54,4,0,1,4,0,0
P11558,H16,76,M,Medicare,51,4,1,0,6,0,0
P11559,H15,64,F,Medicaid,48,4,2,0,5,1,0
P11560,H03,64,M,Medicaid,24,2,1,0,2,0,0
P11561,H16,77,F,Medicare,47,1,0,0,4,0,0
P11562,H07,56,M,Commercial,51,3,0,0,6,1,0
P11563,H16,74,F,Commercial,21,1,0,0,3,0,0
P11564,H15,74,F,Commercial,62,0,1,1,5,0,0
P11565,H02,54,F,Commercial,29,1,1,0,7,0,0
P11566,H13,84,F,Medicare,32,6,0,1,3,0,0
P11567,H10,63,M,Commercial,60,1,0,0,5,0,1
P11568,H15,57,F,Medicare,58,3,0,1,10,0,0
P11569,H08,85,F,Medicare,36,1,3,0,5,0,0
P11570,H04,52,F,Medicare,52,3,1,1,7,0,0
P11571,H03,60,F,Medicare,44,3,1,0,6,0,1
P11572,H04,79,F,Medicare,54,1,0,0,4,0,0
P11573,H06,90,F,Medicaid,40,0,0,0,6,0,1
P11574,H04,61,F,Commercial,30,3,2,0,6,0,1
P11575,H01,59,F,Medicare,54,2,1,0,4,0,0
P11576,H02,53,F,Commercial,17,2,0,0,6,0,0
P11577,H09,59,F,Medicare,32,3,1,1,7,0,0
P11578,H07,83,M,Medicare,24,0,1,0,3,1,0
P11579,H02,74,F,Medicare,14,0,2,1,3,0,0
P11580,H01,68,M,Medicare,20,4,0,1,3,0,1
P11581,H07,64,F,Medicaid,46,1,0,0,4,1,0
P11582,H04,77,M,Commercial,66,0,0,0,6,1,0
P11583,H18,56,M,Medicare,75,4,2,1,6,1,0
P11584,H19,63,F,Medicare,92,2,0,0,8,1,0
P11585,H14,88,M,Medicare,24,0,2,0,3,0,0
P11586,H20,62,M,Medicare,73,2,1,0,6,1,0
P11587,H07,83,F,Medicare,22,4,2,1,2,1,0
P11588,H03,68,M,Medicare,27,4,1,0,7,0,1
P11589,H14,54,M,Medicare,44,4,0,0,6,0,1
P11590,H18,48,F,Medicaid,57,0,0,0,7,0,0
P11591,H16,65,F,Medicaid,36,3,0,0,5,0,0
P11592,H01,66,M,Medicare,65,1,0,0,7,0,0
P11593,H16,83,M,Commercial,55,1,1,1,7,0,0
P11594,H09,76,M,Commercial,33,2,0,0,5,0,0
P11595,H12,68,M,Medicare,55,0,0,0,5,0,0
P11596,H09,77,M,Commercial,31,4,2,0,5,0,0
P11597,H12,77,F,Commercial,79,2,1,0,7,0,1
P11598,H09,70,M,Medicare,20,1,0,0,3,0,0
P11599,H06,65,F,Medicare,22,0,2,0,3,0,0
P11600,H12,61,F,Medicaid,19,4,0,0,7,0,0
P11601,H03,81,M,Medicaid,62,3,0,1,7,1,0
P11602,H06,47,M,Medicare,39,5,0,0,8,0,1
P11603,H14,61,F,Medicare,40,1,0,0,4,0,0
P11604,H07,63,F,Commercial,63,2,1,0,9,1,0
P11605,H06,62,F,Commercial,76,3,1,0,6,1,1
P11606,H18,43,M,Medicare,34,1,1,0,4,0,0
P11607,H08,75,M,Commercial,32,4,0,0,6,0,0
P11608,H07,32,M,Medicare,34,1,2,0,3,1,0
P11609,H03,59,F,Medicare,67,6,1,1,5,1,1
P11610,H02,60,M,Medicaid,19,2,1,0,3,0,0
P11611,H06,61,M,Medicare,36,2,2,0,3,0,0
P11612,H05,63,M,Commercial,60,2,0,0,10,0,0
P11613,H12,71,M,Medicare,33,0,0,0,7,0,0
P11614,H02,64,F,Medicare,16,5,1,1,4,0,0
P11615,H08,63,M,Commercial,35,1,1,0,3,0,0
P11616,H10,65,M,Medicare,68,4,1,1,5,1,0
P11617,H02,81,F,Medicare,26,0,1,1,2,0,0
P11618,H08,62,M,Commercial,51,2,0,0,4,0,0
P11619,H19,62,F,Medicaid,44,0,1,0,5,0,0
P11620,H18,70,F,Medicare,84,4,0,0,7,1,1
P11621,H01,44,F,Medicare,71,1,3,1,9,1,0
P11622,H17,76,M,Medicare,12,0,3,1,4,0,0
P11623,H12,57,F,Medicare,40,1,0,0,7,0,0
P11624,H14,27,F,Commercial,70,0,1,0,7,1,0
P11625,H14,77,M,Medicare,39,2,1,0,6,0,1
P11626,H06,67,F,Medicare,44,1,1,0,7,0,0
P11627,H07,62,F,Medicare,27,3,1,0,4,1,0
P11628,H11,70,M,Medicare,48,2,0,1,15,0,0
P11629,H18,75,M,Medicaid,23,2,0,0,4,0,0
P11630,H20,64,M,Commercial,26,4,0,1,6,0,0
P11631,H16,37,F,Medicare,45,2,2,0,4,0,0
P11632,H15,62,M,Medicare,47,6,1,0,4,0,0
P11633,H05,71,F,Commercial,30,1,0,1,3,0,0
P11634,H17,79,F,Medicare,76,1,1,1,5,0,1
P11635,H06,71,M,Medicare,32,3,2,0,5,0,0
P11636,H04,62,M,Medicaid,38,3,0,0,4,0,0
P11637,H01,58,F,Medicare,84,0,1,0,13,0,0
P11638,H12,53,M,Medicare,65,1,1,0,7,1,0
P11639,H02,61,M,Medicare,62,2,0,0,7,0,0
P11640,H06,66,M,Medicare,46,0,2,1,5,0,0
P11641,H15,71,M,Commercial,29,1,0,0,4,0,1
P11642,H12,43,M,Medicare,31,2,1,1,4,0,0
P11643,H06,64,M,Commercial,67,1,0,1,5,0,1
P11644,H14,36,M,Commercial,63,1,1,1,5,0,0
P11645,H16,68,M,Medicaid,40,1,2,1,6,0,0
P11646,H11,68,M,Medicare,24,0,0,0,3,0,0
P11647,H06,44,M,Medicaid,69,0,1,1,5,1,0
P11648,H08,50,F,Medicare,72,2,1,0,6,0,0
P11649,H14,50,M,Medicare,34,1,0,1,6,0,0
P11650,H18,73,M,Medicare,61,4,2,0,9,1,1
P11651,H13,52,F,Medicare,35,1,0,0,5,0,0
P11652,H18,87,F,Medicare,91,1,0,0,6,0,1
P11653,H19,73,M,Medicare,14,3,0,1,3,0,0
P11654,H20,80,F,Commercial,52,4,0,0,7,0,0
P11655,H04,70,M,Medicare,29,6,0,0,5,0,0
P11656,H06,36,F,Commercial,20,2,0,1,4,0,0
P11657,H09,55,M,Medicare,65,0,3,0,6,1,0
P11658,H02,86,M,Medicaid,45,3,2,0,4,1,0
P11659,H04,77,M,Commercial,17,1,0,1,4,0,0
P11660,H20,42,F,Medicaid,30,1,0,1,3,0,1
P11661,H11,78,F,Medicare,45,3,0,0,4,0,0
P11662,H11,55,M,Medicaid,21,1,1,0,2,0,1
P11663,H09,48,F,Commercial,28,2,2,1,3,0,0
P11664,H15,62,M,Commercial,85,0,2,0,10,1,0
P11665,H06,56,M,Medicare,60,2,1,0,5,0,1
P11666,H17,60,M,Medicare,52,1,0,0,5,0,0
P11667,H06,64,F,Medicare,24,2,0,0,3,0,0
P11668,H19,77,M,Commercial,67,2,0,0,9,0,1
P11669,H06,54,F,Medicare,78,4,0,0,5,1,1
P11670,H16,73,F,Medicare,34,5,0,0,3,0,0
P11671,H03,90,F,Medicare,70,2,0,1,6,0,1
P11672,H16,51,F,Medicare,65,1,0,0,8,0,0
P11673,H17,79,M,Commercial,59,3,0,0,8,0,0
P11674,H06,46,F,Medicare,40,0,0,0,4,0,0
P11675,H11,65,M,Medicaid,79,1,0,0,7,0,0
P11676,H16,68,M,Commercial,55,1,2,1,9,0,0
P11677,H07,86,M,Medicare,24,1,1,0,3,1,0
P11678,H08,66,F,Commercial,32,3,0,1,8,0,1
P11679,H03,67,M,Medicare,25,1,1,0,3,0,0
P11680,H07,65,M,Medicaid,38,1,0,0,5,1,0
P11681,H07,81,F,Commercial,22,1,0,0,8,1,0
P11682,H18,84,F,Commercial,69,3,0,0,9,1,1
P11683,H18,64,F,Commercial,6,1,0,0,8,0,0
P11684,H19,65,F,Medicare,68,1,1,1,9,0,0
P11685,H15,75,F,Medicare,30,0,0,0,3,0,0
P11686,H06,53,M,Commercial,36,1,0,0,4,0,0
P11687,H16,56,M,Medicare,60,1,2,0,5,0,0
P11688,H10,46,F,Medicare,19,6,1,1,4,0,0
P11689,H05,80,M,Medicare,25,0,1,1,2,0,0
P11690,H16,61,M,Medicare,29,0,1,0,3,0,0
P11691,H20,63,F,Medicare,81,1,1,1,8,0,0
P11692,H05,72,F,Medicare,97,0,2,0,8,0,1
P11693,H03,52,M,Medicare,77,1,0,1,7,0,1
P11694,H19,65,F,Medicaid,15,2,0,1,4,0,0
P11695,H20,73,F,Medicaid,30,4,0,1,4,0,0
P11696,H11,75,F,Medicare,40,0,1,0,3,0,0
P11697,H17,65,M,Medicare,65,2,0,0,5,0,0
P11698,H05,66,F,Medicaid,36,2,0,0,3,0,0
P11699,H07,37,F,Medicare,27,2,0,0,3,1,0
P11700,H14,61,M,Medicare,27,0,0,0,5,0,0
P11701,H11,72,F,Commercial,47,1,0,1,5,0,0
P11702,H14,70,F,Medicare,65,0,1,1,7,0,0
P11703,H19,76,M,Medicare,32,3,0,0,3,0,0
P11704,H02,75,F,Medicare,47,2,1,0,4,0,0
P11705,H11,72,F,Medicare,26,5,1,1,5,0,0
P11706,H12,71,F,Medicare,66,3,1,1,5,1,0
P11707,H15,60,M,Medicare,43,1,0,0,5,0,0
P11708,H13,65,F,Medicaid,48,1,3,1,4,0,0
P11709,H20,62,M,Medicare,30,1,0,0,4,0,0
P11710,H04,76,M,Medicare,56,2,1,0,8,1,0
P11711,H02,81,F,Medicaid,60,2,1,0,11,1,0
P11712,H14,69,M,Medicare,17,3,1,0,3,0,1
P11713,H15,68,F,Medicare,56,2,1,0,4,0,0
P11714,H13,69,F,Medicare,20,2,0,0,2,0,0
P11715,H11,78,F,Medicare,21,2,1,1,3,0,0
P11716,H15,77,F,Medicaid,18,1,2,0,3,0,0
P11717,H13,34,M,Medicare,15,4,0,1,7,0,0
P11718,H10,86,M,Commercial,51,2,2,0,5,0,0
P11719,H12,57,M,Medicare,18,2,0,0,2,0,0
P11720,H20,79,M,Medicare,63,2,0,1,5,0,0
P11721,H06,55,M,Commercial,54,2,0,1,4,0,0
P11722,H18,69,F,Medicare,51,2,5,0,6,1,0
P11723,H02,53,M,Medicaid,38,1,0,1,6,0,0
P11724,H19,82,M,Medicaid,52,1,1,0,5,0,0
P11725,H12,61,F,Medicare,73,1,0,0,6,0,1
P11726,H16,86,F,Commercial,29,5,1,0,3,0,0
P11727,H19,73,M,Commercial,29,0,0,0,4,0,0
P11728,H10,57,F,Medicaid,12,1,0,0,3,0,0
P11729,H07,48,F,Medicare,41,1,0,1,3,1,0
P11730,H12,63,M,Medicare,50,1,1,0,4,0,0
P11731,H07,60,M,Medicare,58,4,1,0,5,1,0
P11732,H08,59,F,Medicare,13,2,0,0,2,0,0
P11733,H05,68,M,Medicare,36,1,1,1,4,0,0
P11734,H04,58,M,Medicare,12,2,0,0,4,0,0
P11735,H14,68,F,Medicare,30,1,3,0,5,0,1
P11736,H04,61,M,Commercial,57,3,0,1,8,0,1
P11737,H17,58,M,Medicare,18,3,2,1,4,0,0
P11738,H20,57,M,Medicare,5,1,2,0,2,0,0
P11739,H14,67,M,Commercial,33,1,0,0,4,0,0
P11740,H18,84,F,Commercial,39,0,2,1,4,0,0
P11741,H07,68,M,Medicare,35,0,0,1,4,1,0
P11742,H09,71,M,Commercial,12,3,0,0,4,0,0
P11743,H10,56,M,Commercial,82,0,0,1,9,0,1
P11744,H04,74,M,Medicaid,15,5,0,0,3,0,0
P11745,H18,54,F,Medicaid,13,2,1,0,4,0,0
P11746,H03,70,F,Medicare,20,0,0,0,6,0,0
P11747,H06,71,M,Medicaid,55,1,2,1,5,0,0
P11748,H05,73,M,Commercial,65,3,1,0,5,1,1
P11749,H08,73,F,Medicaid,57,2,0,0,4,0,0
P11750,H11,90,F,Medicare,41,2,1,0,4,0,1
P11751,H01,48,F,Commercial,57,2,1,1,7,1,1
P11752,H13,54,M,Medicare,67,3,1,0,5,1,0
P11753,H11,56,F,Medicare,47,2,0,0,5,0,0
P11754,H11,86,M,Medicare,58,1,2,1,9,0,1
P11755,H07,72,F,Commercial,82,1,1,0,9,1,0
P11756,H10,52,M,Medicare,35,0,0,0,5,0,0
P11757,H18,84,F,Commercial,41,0,0,1,6,0,0
P11758,H11,59,M,Medicare,43,2,0,1,9,0,0
P11759,H19,66,M,Medicare,10,2,0,0,4,0,1
P11760,H06,48,M,Medicaid,24,0,0,1,4,0,0
P11761,H03,64,M,Medicare,32,1,0,1,3,0,0
P11762,H15,65,M,Commercial,43,0,2,1,6,0,0
P11763,H07,69,F,Medicare,25,0,2,0,3,1,0
P11764,H01,44,F,Commercial,30,1,0,0,4,0,0
P11765,H14,72,F,Medicaid,70,2,0,1,6,0,0
P11766,H01,61,F,Medicaid,24,2,1,0,7,0,0
P11767,H09,66,M,Medicare,80,0,0,1,6,0,0
P11768,H10,80,M,Medicaid,30,0,0,1,5,0,0
P11769,H02,49,M,Commercial,23,0,0,1,4,0,0
P11770,H09,51,M,Medicaid,52,4,0,0,5,0,0
P11771,H06,34,M,Commercial,43,5,1,0,4,0,0
P11772,H19,59,M,Commercial,18,2,0,0,4,0,0
P11773,H02,56,M,Medicaid,36,1,0,0,10,0,0
P11774,H14,60,F,Medicaid,40,0,3,0,4,0,0
P11775,H15,85,M,Medicare,54,4,0,0,4,1,0
P11776,H08,67,M,Medicare,25,1,0,0,6,0,0
P11777,H18,60,M,Commercial,50,3,0,0,5,0,0
P11778,H18,77,F,Medicare,47,2,1,0,8,0,0
P11779,H01,67,F,Medicare,76,1,0,1,6,0,0
P11780,H06,61,F,Commercial,21,0,0,0,4,0,0
P11781,H18,87,F,Medicare,28,3,2,0,5,0,0
P11782,H10,94,M,Medicare,38,1,0,0,4,0,0
P11783,H08,67,M,Medicare,54,2,0,0,6,0,0
P11784,H14,63,F,Medicare,26,1,0,0,3,0,0
P11785,H13,63,M,Medicaid,6,3,1,1,4,0,1
P11786,H07,58,M,Medicare,48,4,0,0,5,1,0
P11787,H09,68,F,Medicare,55,3,0,0,4,0,0
P11788,H07,64,F,Medicaid,71,1,1,0,6,1,0
P11789,H04,67,M,Medicare,59,1,0,0,7,0,0
P11790,H08,50,F,Medicare,28,4,0,0,3,0,0
P11791,H02,44,F,Medicare,20,0,1,1,2,0,0
P11792,H19,55,F,Medicaid,47,1,1,0,4,0,0
P11793,H19,87,F,Commercial,24,0,2,0,4,0,0
P11794,H14,71,M,Commercial,71,0,0,0,7,0,0
P11795,H03,68,M,Medicare,55,0,0,0,8,0,0
P11796,H04,71,F,Medicaid,55,3,0,0,5,0,0
P11797,H04,28,M,Commercial,77,1,0,1,6,0,0
P11798,H02,66,F,Commercial,59,2,1,0,5,0,0
P11799,H20,78,M,Medicare,10,1,0,0,6,0,0
P11800,H08,63,M,Commercial,72,4,0,0,7,1,1
P11801,H14,88,M,Medicare,34,1,0,0,5,0,0
P11802,H19,53,F,Medicare,49,3,1,1,5,0,0
P11803,H17,73,M,Commercial,34,5,0,0,4,0,0
P11804,H12,73,F,Medicaid,1,5,0,0,4,0,0
P11805,H20,56,M,Medicare,20,2,0,0,4,0,0
P11806,H18,72,M,Medicare,79,4,0,1,6,1,0
P11807,H09,54,F,Medicare,33,1,0,0,4,0,0
P11808,H18,59,M,Medicare,67,4,0,0,5,1,0
P11809,H09,59,F,Medicare,7,1,0,0,3,0,0
P11810,H01,47,F,Medicaid,75,1,1,0,8,1,0
P11811,H11,74,M,Medicare,39,1,0,0,8,0,0
P11812,H04,64,M,Medicare,36,1,0,1,3,0,0
P11813,H14,85,M,Medicaid,60,1,0,0,9,0,0
P11814,H01,54,F,Commercial,61,2,2,0,10,1,0
P11815,H03,46,F,Commercial,21,2,3,1,4,0,0
P11816,H20,56,M,Medicare,37,1,2,0,4,0,0
P11817,H05,75,M,Commercial,38,2,1,0,6,0,0
P11818,H01,54,M,Medicare,39,0,1,1,8,0,0
P11819,H17,57,F,Medicare,5,1,1,0,2,0,0
P11820,H10,47,F,Commercial,56,1,0,1,6,0,0
P11821,H01,99,M,Medicare,7,4,0,0,3,0,0
P11822,H01,77,F,Medicare,56,1,0,1,6,0,0
P11823,H04,80,F,Medicare,37,1,2,1,5,0,0
P11824,H10,39,M,Medicare,58,1,1,0,5,0,0
P11825,H01,55,M,Medicare,35,1,0,0,6,0,0
P11826,H18,58,M,Medicare,44,0,1,0,5,0,0
P11827,H13,85,F,Medicare,67,1,1,0,4,1,0
P11828,H07,43,M,Commercial,72,5,2,0,6,1,0
P11829,H10,81,M,Medicare,40,1,1,1,5,0,1
P11830,H13,55,F,Medicare,21,3,0,0,3,1,0
P11831,H17,72,F,Commercial,28,1,0,0,4,0,0
P11832,H02,73,M,Medicaid,62,3,0,0,6,1,0
P11833,H12,83,M,Medicare,69,3,0,1,5,1,0
P11834,H19,70,F,Medicare,44,4,1,0,9,0,0
P11835,H15,99,F,Commercial,11,3,0,1,3,0,0
P11836,H17,50,M,Medicare,26,0,0,1,3,0,0
P11837,H15,79,M,Medicaid,85,2,0,1,6,1,0
P11838,H03,79,F,Medicare,61,3,0,0,8,1,1
P11839,H16,79,M,Medicaid,21,2,0,1,5,0,0
P11840,H01,56,M,Medicare,49,2,0,1,5,0,0
P11841,H03,52,M,Medicaid,43,3,1,0,7,0,1
P11842,H19,51,F,Medicaid,27,2,2,0,3,0,0
P11843,H18,60,F,Commercial,69,3,1,0,7,1,0
P11844,H04,84,F,Medicare,66,0,0,0,7,0,0
P11845,H13,96,M,Commercial,32,1,0,1,4,0,0
P11846,H12,49,M,Medicare,52,7,1,1,7,1,1
P11847,H18,65,M,Medicaid,40,0,0,0,4,0,0
P11848,H01,58,M,Commercial,39,2,1,0,4,0,0
P11849,H07,42,M,Medicaid,52,2,1,0,4,1,0
P11850,H10,84,M,Commercial,71,2,0,0,7,0,0
P11851,H08,64,M,Medicare,91,2,0,1,10,0,1
P11852,H09,66,F,Commercial,23,1,0,1,4,0,0
P11853,H09,72,M,Medicaid,55,3,1,1,7,0,1
P11854,H17,89,F,Medicare,13,3,1,0,3,0,0
P11855,H04,64,F,Commercial,19,3,0,0,4,0,0
P11856,H16,82,M,Medicare,88,1,0,1,7,0,1
P11857,H04,78,M,Medicaid,56,1,0,1,6,0,0
P11858,H18,62,F,Medicare,59,5,0,0,6,0,1
P11859,H04,70,F,Medicare,35,3,1,0,4,0,0
P11860,H14,58,F,Commercial,63,0,0,1,9,0,0
P11861,H06,77,F,Medicare,84,2,0,0,9,0,1
P11862,H11,84,F,Medicaid,12,1,0,0,2,0,0
P11863,H03,73,F,Medicare,48,2,2,0,4,0,0
P11864,H11,52,M,Commercial,64,5,2,0,6,1,0
P11865,H04,63,M,Commercial,48,2,0,0,4,0,0
P11866,H15,62,F,Medicare,21,3,2,1,3,0,0
P11867,H14,76,M,Commercial,35,1,1,1,4,0,0
P11868,H11,52,F,Medicaid,45,0,0,0,6,0,0
P11869,H12,79,M,Medicare,17,3,0,0,3,0,0
P11870,H12,73,F,Commercial,31,3,1,0,3,0,0
P11871,H07,72,F,Commercial,24,3,1,1,4,1,0
P11872,H04,87,M,Medicare,67,3,1,0,6,1,1
P11873,H20,45,M,Medicare,21,3,1,0,3,0,0
P11874,H19,69,M,Medicare,55,3,0,1,6,0,1
P11875,H02,76,M,Commercial,27,2,0,0,4,0,0
P11876,H16,63,F,Commercial,40,0,1,0,4,0,0
P11877,H19,78,M,Commercial,72,1,1,0,5,1,1
P11878,H17,67,M,Commercial,24,2,1,0,5,0,0
P11879,H02,91,M,Medicaid,21,4,1,0,8,0,0
P11880,H14,51,F,Medicare,21,3,0,0,5,0,0
P11881,H18,63,F,Commercial,27,4,0,0,3,1,0
P11882,H15,63,M,Medicare,21,2,0,0,2,0,0
P11883,H18,58,F,Medicare,54,3,1,0,4,0,0
P11884,H01,46,F,Medicare,48,5,0,1,5,0,0
P11885,H11,68,F,Medicare,43,3,0,0,4,0,0
P11886,H02,91,M,Medicaid,27,3,0,0,5,0,0
P11887,H15,66,F,Medicare,43,1,1,1,4,1,0
P11888,H12,68,F,Medicare,75,2,0,0,6,0,0
P11889,H15,64,F,Medicare,40,1,0,0,4,0,0
P11890,H15,77,M,Medicare,12,1,2,1,3,0,0
P11891,H10,93,M,Commercial,46,0,2,1,4,0,1
P11892,H13,89,F,Medicare,5,4,1,1,5,0,0
P11893,H13,86,F,Medicaid,69,3,1,0,5,1,0
P11894,H12,51,F,Medicare,34,1,0,0,6,0,1
P11895,H05,56,F,Medicare,64,3,1,1,8,1,1
P11896,H09,82,M,Medicare,53,2,2,0,5,0,0
P11897,H08,61,M,Medicaid,62,3,1,0,5,1,0
P11898,H07,62,F,Commercial,51,3,1,1,6,1,0
P11899,H08,66,M,Medicare,27,0,2,0,9,0,0
P11900,H07,74,F,Commercial,82,0,0,0,5,1,0
P11901,H09,81,F,Medicare,66,1,0,1,10,0,0
P11902,H03,82,F,Medicare,49,1,0,0,6,0,0
P11903,H15,60,F,Medicare,69,2,1,0,5,0,0
P11904,H01,66,F,Medicare,13,1,2,0,9,0,0
P11905,H01,60,F,Medicare,77,2,1,0,6,1,0
P11906,H17,78,M,Medicare,75,1,0,1,10,0,1
P11907,H16,69,M,Medicare,40,6,0,1,6,0,0
P11908,H09,72,F,Medicaid,15,1,0,0,2,0,0
P11909,H02,95,F,Medicare,33,7,0,0,3,0,0
P11910,H19,76,M,Medicaid,23,3,1,0,8,0,0
P11911,H11,59,M,Medicare,9,1,0,0,7,0,1
P11912,H11,74,F,Commercial,24,2,0,0,3,0,0
P11913,H05,82,F,Commercial,31,2,1,1,13,0,0
P11914,H19,72,M,Commercial,37,1,0,1,7,0,0
P11915,H02,47,M,Medicaid,41,1,2,0,8,0,0
P11916,H12,60,M,Commercial,70,1,0,0,6,0,0
P11917,H14,52,F,Medicare,70,0,0,0,6,0,1
P11918,H05,81,M,Commercial,24,4,0,0,5,0,0
P11919,H13,72,F,Medicare,68,4,0,0,8,1,0
P11920,H13,56,F,Medicare,56,3,1,0,5,0,0
P11921,H19,81,M,Medicaid,27,1,2,0,3,0,0
P11922,H06,40,F,Medicaid,43,1,1,0,5,0,0
P11923,H02,60,M,Commercial,41,0,1,1,5,0,0
P11924,H05,83,M,Medicare,75,1,0,1,8,0,0
P11925,H16,85,F,Medicare,50,1,1,0,6,0,0
P11926,H06,56,F,Commercial,64,3,2,1,5,0,1
P11927,H15,59,M,Medicare,63,0,0,0,9,0,0
P11928,H07,77,M,Commercial,14,1,1,0,2,1,0
P11929,H16,81,M,Medicare,47,2,1,0,5,0,1
P11930,H04,72,F,Medicaid,56,2,0,1,6,0,0
P11931,H14,51,M,Medicare,64,0,0,0,7,0,0
P11932,H02,62,F,Medicare,30,1,0,1,4,0,1
P11933,H15,68,M,Commercial,80,1,0,0,6,0,0
P11934,H01,53,M,Medicare,66,1,0,0,8,0,0
P11935,H16,65,F,Medicaid,58,0,1,0,4,0,0
P11936,H17,37,M,Medicare,91,4,1,1,8,1,1
P11937,H07,71,M,Medicaid,70,1,0,0,6,1,0
P11938,H07,63,F,Medicare,62,1,0,0,7,1,1
P11939,H17,69,M,Commercial,54,2,0,0,5,0,0
P11940,H16,61,M,Medicare,47,2,0,0,4,0,0
P11941,H13,57,F,Medicaid,7,4,0,0,2,0,0
P11942,H06,75,F,Medicare,12,3,0,0,4,0,0
P11943,H10,46,F,Medicare,51,3,0,0,5,0,0
P11944,H16,64,M,Medicare,32,1,1,0,3,0,0
P11945,H14,45,F,Medicare,53,3,0,0,5,0,0
P11946,H16,55,F,Medicare,28,4,0,0,3,0,0
P11947,H06,58,M,Medicare,36,1,0,0,3,0,0
P11948,H12,86,F,Medicare,54,2,0,0,6,0,0
P11949,H13,76,M,Commercial,52,1,0,1,5,0,1
P11950,H17,70,F,Medicare,60,2,1,0,5,0,0
P11951,H08,46,F,Medicaid,32,2,0,1,3,0,0
P11952,H19,73,M,Commercial,67,2,0,0,6,0,0
P11953,H15,60,F,Medicare,29,5,1,1,3,0,0
P11954,H02,80,F,Commercial,48,4,0,0,4,0,0
P11955,H03,87,F,Medicaid,17,0,2,0,5,0,0
P11956,H14,62,M,Medicare,58,1,1,1,6,0,1
P11957,H12,65,M,Commercial,21,1,4,0,10,0,1
P11958,H10,57,M,Medicare,77,4,0,1,5,1,0
P11959,H15,75,M,Commercial,36,0,0,1,4,0,0
P11960,H03,93,F,Medicare,77,1,1,0,5,0,0
P11961,H03,59,F,Commercial,79,1,0,1,7,0,1
P11962,H19,74,F,Medicare,34,2,0,0,4,0,0
P11963,H14,58,M,Medicare,12,2,1,1,6,0,0
P11964,H15,79,F,Commercial,14,4,0,0,3,0,0
P11965,H14,65,M,Medicaid,22,1,2,0,6,0,0
P11966,H18,99,M,Medicaid,84,1,1,0,8,0,1
P11967,H04,49,F,Medicaid,22,3,0,0,4,0,0
P11968,H16,80,M,Commercial,57,1,1,0,5,0,0
P11969,H12,63,M,Commercial,65,6,0,0,7,1,0
P11970,H11,71,M,Medicare,32,1,0,0,4,0,0
P11971,H15,59,F,Medicare,40,1,0,0,10,0,0
P11972,H17,99,M,Medicare,67,2,1,0,5,1,0
P11973,H09,79,M,Medicare,7,0,0,0,2,0,0
P11974,H08,62,M,Commercial,89,5,0,0,10,0,1
P11975,H20,56,F,Medicare,56,5,1,1,5,0,0
P11976,H17,74,F,Medicare,25,3,1,0,12,0,0
P11977,H18,64,M,Commercial,32,7,2,0,4,0,0
P11978,H02,66,F,Medicare,16,4,1,1,2,0,0
P11979,H03,51,F,Medicare,37,4,0,0,3,0,0
P11980,H07,53,M,Medicare,43,0,1,0,6,1,0
P11981,H09,68,M,Medicare,27,1,1,1,4,0,0
P11982,H06,95,M,Medicare,62,1,1,1,5,0,0
P11983,H18,82,M,Medicare,55,0,0,1,7,0,0
P11984,H11,54,F,Commercial,12,3,0,0,5,0,0
P11985,H10,75,M,Commercial,35,4,1,0,4,0,0
P11986,H10,57,M,Medicaid,64,3,1,1,8,0,0
P11987,H15,86,M,Medicare,45,2,0,0,4,0,0
P11988,H06,56,M,Medicare,71,2,2,0,6,1,0
P11989,H03,77,F,Medicaid,92,4,0,0,7,0,0
P11990,H09,77,F,Medicare,38,0,3,0,4,0,1
P11991,H12,65,M,Medicare,28,3,1,0,4,0,0
P11992,H04,85,M,Medicare,26,1,0,0,3,0,0
P11993,H01,70,F,Medicare,67,1,0,0,5,1,0
P11994,H06,64,F,Commercial,22,1,1,0,4,0,0
P11995,H10,61,F,Commercial,45,2,2,0,8,0,0
P11996,H18,59,M,Medicaid,37,2,0,0,4,0,0
P11997,H09,60,M,Commercial,35,0,1,0,3,0,0
P11998,H02,99,F,Commercial,84,3,0,0,6,1,1
P11999,H01,81,M,Medicaid,16,0,0,0,4,0,0
P12000,H06,81,F,Medicare,57,4,0,0,6,0,0
P12001,H08,87,F,Commercial,48,2,0,0,6,0,0
P12002,H03,54,M,Medicaid,13,2,1,1,7,0,0
P12003,H05,74,M,Medicare,28,2,0,0,4,0,0
P12004,H12,64,M,Medicare,74,1,0,1,5,0,0
P12005,H09,72,F,Medicaid,5,3,1,1,2,0,0
P12006,H02,69,F,Medicare,41,2,0,0,4,0,0
P12007,H15,36,F,Medicare,37,3,1,0,4,0,0
P12008,H16,55,M,Medicare,37,0,2,0,8,0,0
P12009,H20,63,M,Commercial,65,1,0,1,6,0,0
P12010,H09,44,F,Commercial,39,2,1,0,4,0,0
P12011,H19,27,M,Medicare,37,1,0,0,3,0,0
P12012,H14,72,M,Medicare,38,2,0,1,5,0,0
P12013,H17,61,M,Medicare,66,1,0,0,6,1,0
P12014,H02,83,F,Medicaid,10,3,2,1,5,0,0
P12015,H19,64,M,Commercial,58,1,2,0,6,1,0
P12016,H20,71,M,Medicare,30,3,1,0,4,0,0
P12017,H17,65,F,Medicaid,57,2,0,1,6,1,0
P12018,H14,54,M,Medicare,45,1,0,0,8,0,0
P12019,H13,69,M,Medicare,66,5,0,0,11,0,1
P12020,H15,72,F,Medicare,38,7,0,1,4,0,0
P12021,H18,57,M,Medicare,35,1,0,1,4,0,0
P12022,H03,87,F,Medicare,42,4,0,1,5,0,0
P12023,H06,72,F,Medicaid,60,2,1,0,5,0,0
P12024,H16,45,M,Medicaid,29,3,1,1,5,0,0
P12025,H18,62,F,Medicare,3,0,1,1,3,0,0
P12026,H05,74,F,Medicare,18,1,0,0,3,0,0
P12027,H06,72,F,Medicare,46,4,0,0,4,0,0
P12028,H15,91,F,Medicare,74,2,1,0,6,1,0
P12029,H08,41,M,Commercial,79,1,0,1,10,0,0
P12030,H18,43,F,Medicare,14,5,0,0,3,0,0
P12031,H07,84,F,Medicare,48,2,1,1,6,1,0
P12032,H18,76,M,Medicaid,13,2,1,0,3,0,0
P12033,H04,43,M,Medicaid,43,0,1,0,5,0,0
P12034,H06,57,F,Medicare,45,2,1,0,4,0,0
P12035,H20,74,M,Medicaid,39,2,1,1,5,0,0
P12036,H16,38,F,Commercial,56,2,0,0,4,0,1
P12037,H03,55,M,Medicare,58,1,0,0,5,0,1
P12038,H19,90,F,Medicaid,69,2,2,0,7,0,0
P12039,H11,63,M,Medicaid,57,5,1,1,7,0,0
P12040,H06,69,M,Medicare,78,2,0,0,6,1,0
P12041,H14,72,M,Commercial,70,1,1,0,6,0,1
P12042,H15,77,F,Commercial,51,1,0,0,5,0,0
P12043,H09,93,M,Commercial,31,2,0,1,4,0,0
P12044,H13,63,M,Medicare,45,4,0,1,7,0,0
P12045,H07,90,M,Medicare,71,2,1,0,6,1,0
P12046,H14,76,F,Medicare,36,2,2,0,8,1,0
P12047,H07,67,F,Commercial,11,2,3,0,3,1,0
P12048,H17,34,M,Medicare,60,0,0,0,6,0,0
P12049,H15,70,M,Medicaid,68,2,2,0,5,0,0
P12050,H06,58,F,Commercial,20,2,1,0,2,0,0
P12051,H04,78,M,Medicaid,57,2,0,0,9,0,0
P12052,H01,73,F,Medicare,48,1,2,0,4,0,0
P12053,H09,91,F,Medicare,31,1,1,0,6,0,0
P12054,H04,83,M,Medicare,3,2,2,0,5,0,0
P12055,H06,66,M,Medicaid,51,2,0,0,5,0,0
P12056,H07,77,F,Medicare,38,4,0,0,4,1,0
P12057,H09,58,M,Medicare,15,2,0,1,3,0,0
P12058,H08,72,M,Commercial,6,5,0,1,4,0,0
P12059,H03,53,M,Medicare,73,4,1,1,9,1,0
P12060,H09,96,M,Medicare,64,0,1,1,4,0,0
P12061,H11,65,M,Commercial,70,2,1,0,6,0,0
P12062,H05,66,F,Commercial,18,3,1,0,3,0,1
P12063,H03,72,F,Commercial,35,2,0,0,5,0,0
P12064,H10,67,M,Commercial,34,2,3,0,4,0,0
P12065,H14,78,F,Commercial,51,1,1,0,5,0,0
P12066,H19,60,M,Commercial,66,3,0,0,5,1,0
P12067,H01,85,M,Commercial,21,0,2,0,7,0,0
P12068,H07,65,M,Medicare,81,4,0,1,8,1,1
P12069,H02,67,M,Medicaid,72,2,0,0,5,0,0
P12070,H14,61,M,Commercial,37,1,2,0,7,0,0
P12071,H09,75,M,Medicare,38,0,0,0,6,0,0
P12072,H06,74,F,Medicare,57,1,0,0,6,0,0
P12073,H13,71,F,Commercial,80,1,2,1,8,0,0
P12074,H01,64,F,Medicare,11,2,0,0,2,0,0
P12075,H03,97,M,Medicare,35,1,1,0,4,0,0
P12076,H13,67,F,Medicaid,59,6,1,0,11,0,0
P12077,H20,60,M,Medicaid,46,1,2,0,4,0,0
P12078,H14,52,F,Commercial,33,4,1,1,3,0,0
P12079,H12,52,M,Medicaid,65,3,0,1,9,1,0
P12080,H06,83,M,Medicaid,42,3,1,0,7,1,0
P12081,H12,83,M,Medicaid,46,3,0,1,5,0,0
P12082,H19,75,M,Medicare,31,1,1,0,4,0,0
P12083,H06,91,F,Medicare,53,4,0,0,4,1,0
P12084,H06,62,F,Medicare,81,2,3,0,8,0,0
P12085,H17,60,M,Medicare,42,3,3,0,5,0,1
P12086,H15,54,F,Medicare,42,0,2,0,7,0,1
P12087,H15,76,F,Medicaid,57,3,1,1,6,0,0
P12088,H20,84,M,Medicare,20,2,1,0,3,0,0
P12089,H08,66,M,Commercial,57,4,2,0,8,1,0
P12090,H10,61,M,Medicaid,38,3,0,0,3,0,0
P12091,H16,88,M,Medicaid,67,3,1,0,5,1,0
P12092,H12,71,F,Commercial,45,2,0,0,5,0,0
P12093,H15,50,M,Medicare,74,1,1,0,7,0,0
P12094,H13,68,F,Medicare,34,2,1,0,3,0,0
P12095,H06,76,F,Medicare,75,2,0,0,11,0,0
P12096,H09,71,F,Commercial,87,1,0,0,6,1,0
P12097,H10,64,M,Medicaid,66,3,1,0,6,1,1
P12098,H17,67,M,Commercial,82,1,0,0,7,0,0
P12099,H07,76,M,Medicare,23,0,1,0,5,1,0
P12100,H12,78,F,Medicaid,59,2,2,0,6,1,0
P12101,H15,76,M,Commercial,26,0,0,0,3,0,0
P12102,H17,51,F,Medicaid,55,2,0,0,4,0,0
P12103,H15,63,M,Medicaid,15,1,1,0,3,0,0
P12104,H10,52,M,Commercial,34,3,0,1,4,0,0
P12105,H09,73,F,Commercial,52,3,0,0,6,0,0
P12106,H06,69,M,Medicare,43,3,0,0,6,0,0
P12107,H03,79,M,Medicare,32,0,0,0,8,0,0
P12108,H14,89,F,Commercial,74,3,1,1,5,1,0
P12109,H12,79,F,Medicaid,28,0,0,0,5,0,0
P12110,H07,76,F,Medicaid,30,1,0,0,5,1,0
P12111,H19,41,F,Medicaid,11,2,0,0,3,0,0
P12112,H09,84,M,Commercial,54,2,2,0,6,1,0
P12113,H10,77,M,Medicare,55,2,0,0,5,0,1
P12114,H05,55,F,Medicare,59,3,1,1,6,0,0
P12115,H16,71,F,Medicare,45,3,0,0,5,0,0
P12116,H17,63,F,Medicare,18,4,1,0,2,0,0
P12117,H03,70,F,Medicaid,11,2,1,0,4,0,0
P12118,H06,74,M,Medicaid,30,1,1,1,4,0,0
P12119,H19,78,F,Medicare,41,1,0,0,4,0,0
P12120,H05,74,F,Medicare,40,1,3,1,6,0,0
P12121,H09,70,F,Medicaid,39,1,1,0,5,0,0
P12122,H01,60,M,Commercial,83,3,0,0,10,1,0
P12123,H01,64,M,Medicaid,65,2,2,0,9,1,0
P12124,H04,71,F,Medicare,83,3,1,0,9,1,1
P12125,H07,76,F,Commercial,49,1,0,1,5,1,0
P12126,H17,52,M,Medicare,85,4,0,0,5,0,1
P12127,H09,74,M,Medicare,24,0,3,0,4,0,0
P12128,H19,50,F,Commercial,43,3,0,0,5,0,0
P12129,H03,88,F,Medicare,46,3,0,1,4,0,0
P12130,H14,59,F,Medicare,32,2,2,0,4,0,0
P12131,H02,75,M,Commercial,25,2,1,0,3,0,0
P12132,H04,75,F,Medicare,77,3,0,1,8,1,0
P12133,H04,99,F,Commercial,66,1,2,0,5,0,0
P12134,H05,55,F,Medicare,66,2,0,0,5,0,0
P12135,H14,86,M,Medicare,32,1,0,0,3,0,0
P12136,H10,80,F,Medicare,67,2,0,1,6,0,0
P12137,H06,57,M,Medicare,74,1,0,1,11,0,1
P12138,H18,76,M,Medicare,51,2,0,0,5,1,0
P12139,H08,80,F,Commercial,28,3,1,1,4,0,0
P12140,H16,69,M,Medicare,24,1,0,0,3,0,0
P12141,H15,89,M,Medicare,27,0,1,0,3,0,0
P12142,H08,65,F,Medicare,29,4,0,1,5,0,0
P12143,H12,84,M,Commercial,75,2,1,0,6,1,0
P12144,H20,69,F,Commercial,17,1,1,0,3,0,0
P12145,H12,51,F,Medicare,56,0,0,1,5,0,0
P12146,H10,49,F,Commercial,64,3,1,0,7,1,1
P12147,H10,59,M,Medicare,55,0,1,0,6,0,0
P12148,H08,34,F,Commercial,50,2,1,0,5,0,0
P12149,H09,74,F,Medicare,43,1,0,0,11,0,0
P12150,H13,90,M,Medicare,23,1,0,0,3,0,0
P12151,H05,76,F,Commercial,71,0,1,0,6,0,0
P12152,H11,44,M,Medicare,27,1,1,1,5,0,0
P12153,H15,75,F,Medicare,23,1,0,1,2,0,0
P12154,H03,90,M,Medicare,22,1,2,0,3,0,0
P12155,H03,75,M,Medicare,73,2,2,1,5,0,1
P12156,H05,74,F,Medicaid,27,3,0,0,3,0,0
P12157,H14,77,F,Medicare,35,0,1,1,4,0,0
P12158,H08,51,F,Commercial,58,1,0,1,5,1,0
P12159,H14,72,F,Commercial,72,2,2,0,8,1,0
P12160,H12,71,M,Medicare,52,0,0,0,7,0,0
P12161,H04,81,F,Medicare,15,4,2,1,6,0,1
P12162,H19,74,M,Medicaid,79,1,0,1,5,0,0
P12163,H11,69,F,Medicaid,37,4,2,0,4,0,0
P12164,H18,83,M,Commercial,87,3,0,0,7,1,1
P12165,H07,53,M,Medicare,65,5,0,0,6,1,0
P12166,H17,50,F,Medicaid,42,2,0,0,7,0,0
P12167,H14,74,M,Medicare,13,2,2,0,5,0,0
P12168,H02,72,M,Commercial,35,1,1,0,5,0,0
P12169,H03,80,M,Medicare,60,1,1,0,5,0,0
P12170,H04,52,M,Medicare,75,4,1,0,9,1,1
P12171,H15,63,F,Medicaid,31,3,1,0,6,0,1
P12172,H18,59,F,Medicare,48,4,2,0,4,0,0
P12173,H16,63,F,Medicare,50,0,0,1,5,0,0
P12174,H03,62,F,Commercial,69,7,2,0,6,1,1
P12175,H05,76,M,Medicare,33,3,1,1,4,0,0
P12176,H20,80,F,Medicaid,44,3,1,1,9,0,1
P12177,H20,96,M,Medicare,87,3,1,0,8,1,1
P12178,H08,46,F,Medicare,29,5,1,0,4,0,0
P12179,H08,75,M,Medicaid,77,2,0,0,11,0,0
P12180,H14,65,M,Medicaid,56,0,1,0,5,0,0
P12181,H02,67,M,Medicaid,58,4,0,0,8,0,0
P12182,H13,46,M,Medicare,71,0,3,0,5,1,0
P12183,H11,64,F,Medicaid,77,0,0,0,11,0,0
P12184,H20,61,M,Medicaid,43,3,2,0,5,0,0
P12185,H09,58,F,Commercial,11,1,1,1,4,0,0
P12186,H06,60,F,Medicaid,56,2,1,0,4,0,0
P12187,H03,99,M,Medicare,59,3,2,0,12,1,1
P12188,H18,79,M,Commercial,87,1,0,1,9,0,0
P12189,H12,45,F,Commercial,43,1,1,0,5,0,0
P12190,H01,85,F,Commercial,61,3,3,1,6,1,1
P12191,H15,54,F,Medicare,68,0,0,1,5,0,0
P12192,H19,46,F,Medicare,72,2,0,1,6,1,1
P12193,H09,85,F,Medicare,45,1,3,0,5,0,0
P12194,H08,47,M,Medicaid,24,0,0,0,9,0,0
P12195,H06,89,F,Medicare,15,3,0,0,3,0,0
P12196,H09,65,F,Commercial,39,3,1,0,5,0,0
P12197,H20,70,M,Commercial,78,3,0,0,10,1,1
P12198,H03,64,F,Commercial,33,1,2,0,10,0,0
P12199,H06,77,F,Commercial,37,0,0,0,8,0,0
P12200,H19,84,M,Medicare,50,2,0,0,7,0,0
P12201,H09,59,F,Commercial,64,1,0,0,5,0,0
P12202,H13,77,F,Medicare,30,4,1,1,5,0,0
P12203,H01,69,F,Medicaid,19,3,0,0,7,0,0
P12204,H03,68,M,Medicare,21,1,1,1,3,0,0
P12205,H09,51,M,Medicare,69,1,1,0,7,0,0
P12206,H04,62,F,Medicaid,15,0,4,1,3,0,0
P12207,H10,63,F,Medicare,67,3,1,0,6,1,1
P12208,H07,58,F,Medicare,49,4,1,0,6,1,0
P12209,H19,71,M,Commercial,13,2,3,0,6,0,0
P12210,H03,71,M,Medicare,46,4,1,0,9,0,0
P12211,H17,65,F,Medicare,27,1,0,0,3,0,0
P12212,H01,89,M,Medicare,61,4,1,0,9,0,0
P12213,H07,71,M,Medicare,37,0,0,1,4,1,0
P12214,H18,61,M,Medicare,54,3,1,0,5,0,0
P12215,H12,68,M,Commercial,28,1,1,0,5,0,0
P12216,H06,80,F,Medicaid,26,3,0,1,3,0,0
P12217,H16,64,F,Medicare,50,3,0,0,5,0,0
P12218,H13,69,F,Medicare,79,0,2,0,9,0,0
P12219,H13,93,M,Medicare,36,2,0,0,3,0,0
P12220,H03,69,F,Medicaid,49,1,0,1,4,0,0
P12221,H12,70,M,Medicaid,45,0,0,0,5,0,0
P12222,H09,62,M,Medicare,44,2,4,0,4,0,0
P12223,H20,68,F,Medicare,71,1,1,1,5,1,0
P12224,H14,55,M,Medicare,54,1,0,1,5,0,0
P12225,H16,53,M,Commercial,16,2,1,1,5,0,0
P12226,H08,32,M,Commercial,21,2,1,1,10,0,0
P12227,H11,53,F,Medicare,57,3,1,0,9,0,0
P12228,H06,70,M,Commercial,36,0,1,0,5,0,0
P12229,H11,63,M,Commercial,23,1,3,0,4,0,0
P12230,H10,75,F,Medicare,14,0,0,0,7,0,0
P12231,H09,90,F,Medicare,45,2,0,0,8,0,0
P12232,H01,59,F,Commercial,10,2,0,0,4,0,0
P12233,H06,81,F,Medicaid,47,1,0,0,6,0,0
P12234,H07,70,F,Medicare,35,3,3,0,3,1,0
P12235,H06,69,M,Commercial,37,1,0,0,9,0,0
P12236,H13,51,F,Medicare,13,1,1,0,5,0,0
P12237,H15,64,F,Medicare,57,2,1,0,6,0,0
P12238,H07,72,F,Commercial,24,1,1,1,2,1,0
P12239,H06,62,M,Commercial,57,1,0,0,5,0,0
P12240,H19,62,F,Medicare,56,2,0,0,6,0,0
P12241,H14,55,M,Commercial,51,2,2,0,5,0,1
P12242,H14,63,M,Medicare,43,3,0,1,4,0,0
P12243,H13,74,F,Medicare,52,4,0,0,8,0,0
P12244,H20,68,M,Medicare,14,1,0,0,4,0,1
P12245,H17,77,F,Medicare,67,2,0,0,11,0,0
P12246,H03,52,M,Medicare,43,2,2,0,9,0,0
P12247,H17,82,F,Medicare,29,1,1,1,4,0,0
P12248,H07,75,M,Medicare,7,2,0,0,2,1,0
P12249,H16,70,M,Medicaid,37,2,2,1,4,0,0
P12250,H13,80,F,Medicare,16,1,0,0,2,0,0
P12251,H12,56,M,Medicaid,33,2,0,0,5,0,0
P12252,H17,72,F,Medicaid,5,0,1,0,6,0,0
P12253,H17,69,M,Commercial,43,1,1,0,5,0,0
P12254,H01,54,M,Medicare,85,1,2,0,8,0,1
P12255,H05,66,M,Medicare,39,3,0,0,5,0,0
P12256,H12,57,M,Commercial,65,1,0,0,4,0,0
P12257,H02,89,F,Commercial,91,2,1,0,7,0,1
P12258,H11,63,M,Medicare,37,3,1,0,4,0,1
P12259,H03,75,F,Medicare,42,2,1,1,5,0,0
P12260,H09,59,F,Medicare,33,3,1,1,6,0,0
P12261,H12,65,F,Medicaid,59,0,0,1,4,0,0
P12262,H16,62,M,Medicaid,27,1,0,0,5,0,0
P12263,H07,60,F,Medicare,31,1,3,0,3,1,0
P12264,H09,83,M,Medicare,38,1,1,0,4,0,0
P12265,H13,62,M,Commercial,70,3,1,0,7,1,0
P12266,H08,69,F,Medicare,67,3,2,1,8,1,0
P12267,H17,86,F,Medicare,34,1,0,0,5,0,0
P12268,H03,72,F,Medicare,25,3,0,0,4,0,0
P12269,H19,70,M,Medicare,51,5,0,1,6,1,0
P12270,H18,42,F,Medicare,17,2,1,0,2,0,0
P12271,H06,55,M,Medicare,58,2,0,0,4,0,0
P12272,H14,66,F,Medicare,32,5,2,0,4,0,0
P12273,H14,93,F,Commercial,30,1,0,0,5,0,1
P12274,H13,64,M,Medicaid,39,5,1,0,5,0,0
P12275,H04,78,F,Medicare,38,2,1,1,5,0,0
P12276,H02,53,M,Medicare,50,0,2,0,4,0,0
P12277,H03,59,M,Medicare,38,1,0,0,5,0,0
P12278,H03,79,F,Commercial,32,1,1,0,3,0,0
P12279,H05,68,F,Medicare,65,3,1,0,6,1,0
P12280,H16,56,M,Medicare,39,2,1,0,4,0,0
P12281,H05,56,F,Medicare,46,0,1,0,9,0,0
P12282,H11,64,M,Commercial,57,2,1,0,4,0,0
P12283,H18,46,M,Medicare,31,3,0,0,5,0,0
P12284,H07,62,M,Commercial,34,1,4,0,3,1,1
P12285,H19,76,M,Medicare,35,5,1,0,5,0,0
P12286,H19,55,M,Medicare,62,4,1,0,8,1,0
P12287,H02,52,M,Commercial,70,7,0,0,7,1,1
P12288,H15,80,M,Commercial,35,2,0,0,4,0,0
P12289,H01,80,M,Medicare,82,4,0,1,10,1,0
P12290,H16,49,M,Commercial,37,4,1,0,3,0,0
P12291,H03,53,M,Medicare,46,0,0,0,4,0,0
P12292,H05,59,F,Medicare,40,5,0,0,4,0,0
P12293,H07,67,F,Medicare,36,0,1,1,4,1,0
P12294,H19,50,M,Medicare,74,3,0,1,5,1,0
P12295,H13,81,M,Commercial,54,4,1,1,4,0,1
P12296,H13,59,F,Medicare,55,5,0,0,6,0,0
P12297,H17,58,F,Commercial,78,2,1,0,8,0,0
P12298,H04,71,F,Commercial,58,2,2,0,5,0,0
P12299,H02,66,M,Medicare,76,0,1,1,9,0,0
P12300,H09,84,F,Medicare,73,3,0,0,6,1,1
P12301,H02,75,M,Medicare,14,2,1,0,3,0,0
P12302,H12,52,M,Medicare,28,0,0,1,4,0,0
P12303,H03,53,F,Commercial,8,3,1,0,2,0,0
P12304,H08,99,M,Medicare,48,0,2,1,8,0,0
P12305,H08,90,M,Medicaid,49,2,0,1,4,0,0
P12306,H20,69,F,Commercial,24,4,0,0,3,0,0
P12307,H02,60,F,Medicaid,25,1,0,1,5,0,0
P12308,H16,75,F,Medicare,36,3,1,0,3,0,0
P12309,H12,75,M,Medicaid,32,3,0,0,4,0,0
P12310,H20,59,M,Medicare,52,2,3,0,8,0,1
P12311,H17,79,M,Medicaid,50,1,0,0,4,0,0
P12312,H05,62,M,Medicare,28,2,1,1,6,0,0
P12313,H09,78,M,Commercial,77,1,0,0,5,0,1
P12314,H05,74,F,Medicare,65,1,1,0,5,0,1
P12315,H08,83,M,Medicaid,12,1,0,0,2,0,0
P12316,H10,81,M,Medicare,63,6,1,0,7,1,1
P12317,H01,61,F,Commercial,32,4,0,0,5,0,0
P12318,H19,62,M,Commercial,80,1,0,1,6,1,1
P12319,H14,50,F,Commercial,32,2,0,1,4,0,0
P12320,H07,85,F,Medicare,74,2,1,0,5,1,0
P12321,H11,71,M,Commercial,62,1,1,0,4,0,0
P12322,H07,82,F,Medicare,80,2,0,0,8,1,1
P12323,H10,67,F,Commercial,29,0,1,0,3,1,0
P12324,H15,75,M,Medicare,41,0,1,1,3,0,0
P12325,H02,79,M,Medicaid,25,1,1,0,9,0,0
P12326,H20,79,M,Commercial,23,1,0,0,3,0,0
P12327,H14,57,F,Medicare,77,3,0,1,6,1,0
P12328,H03,64,M,Commercial,12,0,3,1,5,0,0
P12329,H13,51,F,Commercial,31,1,1,0,4,0,0
P12330,H06,46,F,Commercial,9,2,0,0,8,0,0
P12331,H02,57,F,Medicaid,51,4,1,1,4,0,0
P12332,H16,68,F,Medicare,37,3,0,0,4,0,0
P12333,H03,70,F,Commercial,63,1,0,1,5,0,0
P12334,H04,63,F,Medicare,18,1,0,0,3,0,0
P12335,H05,69,F,Commercial,80,1,0,0,8,1,0
P12336,H14,41,F,Medicaid,56,1,0,0,6,0,0
P12337,H20,60,F,Medicare,32,2,1,0,3,0,0
P12338,H12,69,M,Medicare,35,0,0,0,4,0,0
P12339,H17,62,M,Medicare,28,0,1,0,3,0,0
P12340,H15,74,F,Medicare,19,0,0,0,2,0,0
P12341,H06,45,M,Medicare,46,0,1,0,7,0,0
P12342,H15,47,F,Medicare,40,3,1,0,4,0,0
P12343,H10,48,M,Medicare,30,0,1,0,3,0,0
P12344,H05,72,F,Medicare,87,1,0,0,7,0,0
P12345,H06,64,M,Medicaid,35,4,0,0,8,0,0
P12346,H17,70,M,Medicare,72,2,1,1,8,1,0
P12347,H16,37,M,Medicare,43,2,0,0,4,0,0
P12348,H14,71,F,Medicare,62,0,1,0,4,0,0
P12349,H17,50,F,Commercial,65,5,1,0,5,1,1
P12350,H02,57,M,Commercial,35,4,1,1,3,0,0
P12351,H08,62,F,Medicare,61,1,1,0,6,0,0
P12352,H01,75,M,Medicaid,35,2,0,0,4,0,0
P12353,H17,54,F,Medicare,14,2,0,0,3,0,0
P12354,H19,72,M,Medicare,41,2,0,0,6,0,0
P12355,H01,54,F,Commercial,47,2,0,0,4,0,0
P12356,H17,60,F,Commercial,89,2,1,0,6,1,0
P12357,H03,99,F,Commercial,46,1,1,0,10,0,0
P12358,H07,83,F,Medicare,26,3,1,1,3,1,0
P12359,H01,77,M,Medicare,55,2,0,0,10,0,0
P12360,H09,73,F,Medicare,76,3,1,0,8,1,0
P12361,H12,58,F,Medicaid,47,2,2,0,5,0,1
P12362,H11,43,F,Medicaid,33,2,1,0,3,0,0
P12363,H09,65,F,Commercial,56,2,1,0,6,0,1
P12364,H01,66,F,Medicare,45,1,2,0,6,0,0
P12365,H06,72,M,Medicaid,31,6,0,0,6,0,0
P12366,H07,81,F,Medicare,60,0,0,0,6,1,0
P12367,H16,39,M,Commercial,15,2,1,0,2,0,0
P12368,H13,63,M,Commercial,57,3,0,0,6,0,0
P12369,H08,51,F,Commercial,21,1,1,1,4,0,0
P12370,H01,75,M,Commercial,32,1,1,0,4,0,0
P12371,H19,83,F,Medicare,47,0,0,0,7,0,0
P12372,H17,53,M,Commercial,66,0,0,1,5,0,0
P12373,H16,58,M,Commercial,57,4,0,0,7,0,1
P12374,H13,61,M,Medicare,37,4,0,1,5,0,0
P12375,H12,69,F,Medicare,51,1,1,1,5,0,0
P12376,H11,61,F,Medicaid,58,1,1,0,8,0,1
P12377,H06,72,F,Medicare,77,1,0,1,6,0,0
P12378,H07,77,M,Medicare,62,1,1,0,5,1,0
P12379,H11,51,F,Medicare,48,4,0,0,6,0,0
P12380,H15,69,M,Medicare,65,2,1,1,8,0,1
P12381,H12,58,F,Commercial,64,4,0,0,5,1,0
P12382,H12,71,M,Medicare,64,0,1,1,4,0,0
P12383,H04,50,M,Medicare,39,2,1,0,4,0,0
P12384,H08,68,F,Medicare,58,3,1,0,7,1,0
P12385,H20,57,F,Medicaid,38,4,3,0,3,0,0
P12386,H16,63,M,Commercial,82,0,2,0,8,1,1
P12387,H15,85,M,Commercial,19,1,0,0,3,0,0
P12388,H03,90,M,Medicare,50,1,0,1,8,0,0
P12389,H20,56,F,Medicaid,39,1,0,0,5,0,0
P12390,H04,65,F,Medicaid,13,0,0,0,2,0,0
P12391,H10,74,F,Medicare,25,1,1,1,3,0,0
P12392,H20,83,F,Medicare,27,2,0,0,3,0,0
P12393,H02,75,F,Commercial,42,2,0,1,7,0,1
P12394,H12,66,F,Commercial,12,2,1,0,2,0,0
P12395,H14,52,M,Medicare,55,3,2,0,6,0,0
P12396,H17,73,F,Medicare,77,1,0,1,6,0,0
P12397,H11,96,M,Medicare,37,2,0,0,5,0,0
P12398,H11,79,M,Commercial,44,2,0,0,4,0,0
P12399,H15,76,F,Commercial,46,0,1,0,5,0,0
P12400,H17,94,F,Medicare,25,1,0,0,6,0,0
P12401,H08,59,M,Medicare,49,3,0,0,5,0,0
P12402,H18,49,M,Commercial,57,0,1,1,4,0,0
P12403,H01,69,M,Commercial,37,4,0,0,3,0,1
P12404,H03,85,F,Medicare,23,2,0,0,3,0,0
P12405,H17,53,M,Medicare,75,3,0,1,7,1,1
P12406,H17,73,F,Commercial,17,1,0,0,5,0,0
P12407,H07,80,M,Medicare,38,2,2,0,3,1,0
P12408,H16,91,F,Medicare,68,3,0,0,6,1,0
P12409,H17,66,F,Medicare,49,2,0,1,6,0,0
P12410,H04,44,M,Commercial,39,1,0,1,5,0,0
P12411,H17,80,F,Medicaid,25,2,1,0,3,0,0
P12412,H16,71,F,Medicare,87,2,2,0,6,0,0
P12413,H04,94,F,Medicaid,28,0,0,1,6,0,1
P12414,H19,51,M,Commercial,13,2,0,1,4,0,0
P12415,H06,75,M,Commercial,19,1,1,1,5,0,0
P12416,H07,75,F,Medicare,60,2,1,0,7,1,0
P12417,H09,81,F,Medicaid,49,6,2,0,6,1,0
P12418,H13,64,F,Medicare,32,1,1,0,6,0,0
P12419,H07,79,F,Medicaid,12,1,1,0,2,1,0
P12420,H07,65,F,Medicare,22,0,0,0,5,1,0
P12421,H02,59,F,Medicare,82,3,1,0,6,1,1
P12422,H19,73,F,Commercial,20,1,0,0,5,0,0
P12423,H14,63,M,Commercial,19,3,1,0,6,0,0
P12424,H14,81,F,Medicaid,86,0,0,1,9,0,0
P12425,H14,72,M,Medicare,67,2,1,1,6,0,0
P12426,H19,87,M,Medicare,28,1,0,0,3,0,0
P12427,H17,52,F,Medicare,27,3,0,0,8,0,0
P12428,H07,63,M,Commercial,66,0,0,0,5,1,0
P12429,H14,80,M,Medicaid,34,2,0,0,7,0,0
P12430,H12,69,M,Medicaid,60,4,2,0,4,1,0
P12431,H10,81,F,Commercial,20,1,1,0,4,0,0
P12432,H01,76,F,Commercial,14,4,2,0,6,0,0
P12433,H02,67,F,Medicare,28,1,1,0,4,0,0
P12434,H01,54,M,Medicare,41,1,0,0,3,0,1
P12435,H13,77,F,Medicare,94,3,0,1,10,1,1
P12436,H15,56,M,Commercial,64,2,0,0,6,0,0
P12437,H02,77,M,Medicaid,53,2,1,0,5,0,0
P12438,H20,44,M,Commercial,29,1,0,1,4,1,0
P12439,H17,95,M,Medicaid,54,3,0,0,6,0,0
P12440,H18,84,F,Medicare,60,4,1,0,9,1,1
P12441,H08,77,F,Medicare,87,2,0,1,8,0,1
P12442,H13,69,F,Medicare,14,1,2,0,5,0,1
P12443,H12,67,M,Medicare,18,2,0,0,2,0,0
P12444,H06,70,F,Commercial,25,3,1,0,7,0,0
P12445,H09,68,M,Medicare,71,2,0,1,6,0,0
P12446,H20,63,F,Medicaid,47,4,1,0,6,0,0
P12447,H02,83,F,Medicare,55,2,0,1,7,0,1
P12448,H20,73,M,Commercial,22,2,0,0,3,0,0
P12449,H14,64,F,Medicaid,62,5,2,0,7,1,0
P12450,H03,79,F,Medicaid,43,3,1,0,6,0,0
P12451,H03,34,F,Medicare,40,3,2,1,6,0,0
P12452,H11,83,M,Commercial,78,2,0,0,6,0,0
P12453,H12,65,F,Medicare,37,1,2,0,6,0,0
P12454,H15,83,M,Commercial,21,2,0,0,4,0,0
P12455,H02,60,M,Commercial,86,1,0,0,14,0,0
P12456,H12,72,M,Medicare,55,1,3,0,5,0,0
P12457,H12,53,F,Medicare,76,2,1,1,6,0,0
P12458,H19,38,M,Medicare,73,2,0,0,5,0,1
P12459,H03,90,F,Medicare,15,5,1,0,3,0,0
P12460,H04,64,M,Medicaid,38,1,2,1,9,0,0
P12461,H02,72,M,Medicare,61,3,0,0,6,1,0
P12462,H04,54,F,Medicare,25,0,0,0,4,0,0
P12463,H05,76,F,Commercial,51,2,0,1,4,0,0
P12464,H07,39,M,Medicare,41,2,1,0,4,1,0
P12465,H14,48,F,Medicare,65,2,0,0,6,0,1
P12466,H15,72,F,Commercial,39,4,0,0,6,0,0
P12467,H05,64,M,Commercial,55,0,3,0,4,0,1
P12468,H02,72,F,Medicaid,23,2,0,0,6,0,0
P12469,H14,61,M,Commercial,71,1,0,1,5,0,0
P12470,H09,66,F,Medicare,13,1,1,0,2,0,0
P12471,H19,84,M,Medicare,26,6,1,0,4,0,0
P12472,H05,62,F,Commercial,90,0,0,0,11,0,0
P12473,H14,81,F,Medicare,28,2,0,1,3,0,0
P12474,H06,51,F,Medicare,52,3,0,1,4,0,0
P12475,H17,77,M,Medicare,17,1,0,0,2,0,0
P12476,H17,57,M,Commercial,29,5,1,0,3,0,0
P12477,H09,66,M,Medicaid,76,2,1,1,6,0,1
P12478,H16,65,M,Medicare,19,3,0,0,3,0,0
P12479,H19,81,M,Medicare,46,4,0,0,5,0,0
P12480,H02,68,F,Medicare,18,3,1,0,5,0,0
P12481,H06,84,M,Medicare,21,2,2,1,8,0,0
P12482,H18,66,F,Medicare,69,4,1,0,6,1,0
P12483,H14,61,M,Medicare,14,3,2,1,5,0,0
P12484,H20,73,F,Commercial,9,3,2,1,4,0,0
P12485,H09,67,M,Medicare,65,2,1,0,5,0,0
P12486,H20,68,M,Commercial,81,1,0,0,7,0,1
P12487,H09,58,F,Commercial,32,0,1,1,4,0,0
P12488,H03,69,F,Medicare,57,1,0,0,9,0,0
P12489,H03,52,F,Medicare,44,2,0,1,8,0,1
P12490,H19,64,M,Medicare,63,2,3,0,9,0,1
P12491,H16,74,F,Medicare,45,2,0,0,6,0,0
P12492,H01,54,F,Medicare,54,3,2,0,6,0,0
P12493,H17,69,M,Commercial,30,1,0,1,5,0,0
P12494,H08,65,M,Medicare,39,1,1,0,4,0,0
P12495,H20,81,M,Medicaid,63,0,2,0,5,1,0
P12496,H19,59,M,Medicare,13,4,0,1,3,0,0
P12497,H10,81,M,Medicaid,29,4,0,0,3,0,0
P12498,H18,74,M,Medicare,25,0,0,0,3,0,0
P12499,H15,65,M,Commercial,32,4,0,1,3,0,0
P12500,H11,61,M,Medicare,57,0,0,1,8,0,0
P12501,H10,66,M,Medicaid,50,0,1,0,4,0,0
P12502,H12,60,M,Commercial,26,4,0,1,3,0,0
P12503,H14,89,F,Medicare,62,2,1,1,7,0,0
P12504,H02,70,M,Medicare,31,3,0,1,7,0,0
P12505,H16,59,F,Medicare,51,0,1,0,7,0,0
P12506,H15,58,M,Medicare,30,4,1,0,5,0,0
P12507,H02,73,F,Commercial,60,3,2,0,5,1,0
P12508,H03,88,M,Commercial,59,1,2,0,9,0,0
P12509,H03,70,F,Medicare,61,6,0,1,10,1,0
P12510,H10,70,F,Medicare,29,3,0,1,4,0,1
P12511,H20,57,M,Medicare,66,2,0,0,8,0,0
P12512,H16,91,M,Commercial,41,2,0,1,4,0,0
P12513,H04,69,M,Commercial,39,1,2,1,6,0,0
P12514,H13,35,M,Medicaid,24,1,0,1,4,0,0
P12515,H02,66,M,Commercial,94,2,1,0,7,0,1
P12516,H16,59,F,Commercial,59,0,0,1,9,0,0
P12517,H09,58,M,Commercial,52,2,0,1,8,0,0
P12518,H12,78,M,Medicare,44,5,3,1,6,0,1
P12519,H05,71,M,Commercial,40,2,3,0,4,0,0
P12520,H15,58,F,Medicaid,87,1,0,1,6,0,0
P12521,H08,83,F,Medicaid,42,3,0,0,6,0,1
P12522,H02,60,F,Medicare,70,4,2,0,9,1,1
P12523,H12,78,F,Commercial,21,2,2,1,5,0,0
P12524,H09,73,M,Medicaid,92,1,0,1,12,0,1
P12525,H01,54,M,Medicaid,59,2,0,0,6,0,0
P12526,H14,63,M,Medicare,92,1,1,0,8,1,1
P12527,H09,68,F,Commercial,64,0,0,0,9,0,0
P12528,H10,37,F,Commercial,39,4,3,1,5,0,1
P12529,H13,76,M,Medicare,57,1,0,0,5,0,1
P12530,H16,76,F,Medicare,42,1,1,1,5,0,0
P12531,H07,55,F,Medicare,20,2,1,0,4,1,0
P12532,H18,41,F,Medicaid,77,0,0,1,6,0,0
P12533,H07,61,M,Medicaid,82,3,0,0,9,1,1
P12534,H08,61,M,Commercial,63,1,1,1,5,0,0
P12535,H11,66,F,Commercial,69,3,2,0,7,1,1
P12536,H08,88,M,Commercial,48,3,0,1,5,0,1
P12537,H19,65,M,Commercial,11,0,0,0,4,0,0
P12538,H19,77,M,Commercial,50,2,0,0,9,0,0
P12539,H04,78,F,Medicare,47,1,0,1,5,0,0
P12540,H07,64,F,Medicare,45,0,1,0,4,1,0
P12541,H07,77,F,Medicaid,60,1,2,1,6,1,0
P12542,H05,64,F,Commercial,44,2,1,0,6,0,0
P12543,H02,71,F,Commercial,49,3,2,0,4,0,0
P12544,H18,51,M,Medicare,7,1,2,0,3,0,0
P12545,H02,62,M,Commercial,78,2,1,1,11,0,1
P12546,H03,61,F,Medicare,72,3,1,0,12,1,1
P12547,H18,56,M,Commercial,91,4,0,0,6,1,1
P12548,H06,71,F,Commercial,50,2,0,0,8,0,0
P12549,H19,56,F,Medicaid,42,1,0,0,8,0,0
P12550,H06,61,M,Medicare,8,0,1,1,3,0,0
P12551,H06,55,F,Medicare,66,0,0,0,7,0,1
P12552,H10,73,F,Commercial,50,2,0,0,4,0,0
P12553,H20,65,M,Medicare,51,1,0,0,7,0,0
P12554,H07,76,M,Medicare,23,1,3,1,3,1,0
P12555,H16,77,F,Medicaid,7,3,0,1,5,0,0
P12556,H19,57,M,Medicare,44,1,0,0,6,0,0
P12557,H05,73,M,Commercial,34,2,0,0,4,0,0
P12558,H01,64,M,Medicare,55,2,2,0,5,0,1
P12559,H14,89,M,Medicare,61,0,0,0,6,0,0
P12560,H20,84,M,Medicare,49,2,1,1,7,0,0
P12561,H01,82,F,Medicaid,36,2,0,0,4,0,0
P12562,H08,80,M,Medicare,83,0,2,0,6,1,0
P12563,H14,75,F,Medicaid,35,3,0,0,4,0,0
P12564,H13,70,F,Medicare,42,0,2,0,7,0,0
P12565,H11,89,M,Commercial,7,1,0,0,9,0,0
P12566,H14,71,M,Medicare,26,4,0,0,3,0,0
P12567,H11,59,F,Commercial,42,4,0,0,5,0,0
P12568,H14,77,M,Medicare,65,1,4,0,6,0,1
P12569,H08,74,F,Medicare,47,1,1,1,6,0,0
P12570,H01,58,M,Commercial,50,2,2,0,5,1,0
P12571,H14,57,M,Medicare,46,5,0,0,5,0,0
P12572,H17,72,M,Medicaid,63,2,0,0,8,0,0
P12573,H18,86,M,Commercial,52,3,2,0,6,0,0
P12574,H06,81,M,Medicaid,62,1,0,0,5,0,0
P12575,H08,64,M,Medicare,51,0,0,0,5,0,0
P12576,H13,74,M,Medicaid,30,0,2,0,4,0,0
P12577,H06,49,F,Medicare,70,1,1,0,6,1,1
P12578,H19,60,F,Medicare,12,3,0,1,7,0,0
P12579,H01,84,F,Medicare,66,2,2,0,5,0,0
P12580,H05,93,M,Medicare,25,5,0,0,3,0,0
P12581,H16,80,F,Medicaid,42,2,1,0,3,0,0
P12582,H09,59,M,Medicaid,39,3,1,1,4,0,0
P12583,H11,69,M,Medicare,26,3,0,0,5,0,0
P12584,H20,72,F,Medicare,48,1,0,0,4,0,0
P12585,H12,67,F,Medicare,78,3,0,1,5,1,1
P12586,H11,66,F,Commercial,66,1,0,1,8,0,0
P12587,H03,75,F,Medicare,42,1,0,0,5,0,0
P12588,H13,62,F,Medicare,42,1,0,0,4,0,0
P12589,H01,60,F,Medicare,34,2,0,0,5,0,0
P12590,H19,65,F,Commercial,39,3,0,0,4,0,0
P12591,H17,76,F,Medicare,64,0,0,0,6,0,0
P12592,H11,54,F,Medicare,73,4,0,0,12,1,1
P12593,H08,76,M,Medicaid,16,1,0,0,3,0,0
P12594,H12,76,M,Medicare,70,5,3,0,5,1,1
P12595,H01,60,F,Commercial,29,0,0,1,3,0,0
P12596,H11,68,F,Medicare,76,3,2,0,5,1,1
P12597,H17,58,M,Commercial,45,3,0,0,4,0,0
P12598,H16,38,F,Medicare,59,3,1,0,8,0,0
P12599,H15,65,M,Medicaid,62,3,0,0,6,1,0
P12600,H11,64,M,Commercial,46,3,0,0,5,0,0
P12601,H06,57,M,Commercial,60,1,0,1,10,0,0
P12602,H02,69,M,Medicare,71,1,0,0,9,0,1
P12603,H02,37,M,Commercial,26,1,0,0,5,0,0
P12604,H04,66,F,Medicare,57,2,1,0,5,0,0
P12605,H18,84,M,Commercial,16,2,1,1,3,0,0
P12606,H04,89,F,Medicare,61,1,1,1,8,0,0
P12607,H18,46,M,Medicare,70,2,0,1,6,1,0
P12608,H13,64,F,Commercial,58,1,1,0,7,1,0
P12609,H12,69,F,Medicare,21,1,1,0,4,0,0
P12610,H03,60,M,Medicare,82,3,0,0,9,0,1
P12611,H09,90,F,Medicare,79,1,0,0,7,0,1
P12612,H10,55,M,Medicare,66,3,1,0,6,1,0
P12613,H10,41,M,Medicare,87,3,1,0,13,1,1
P12614,H14,73,F,Medicare,19,0,3,0,3,0,0
P12615,H13,45,M,Medicare,48,3,0,0,3,0,0
P12616,H09,76,M,Medicare,21,2,0,0,5,0,0
P12617,H16,56,M,Medicare,45,1,1,0,9,0,0
P12618,H07,58,M,Medicare,45,1,1,1,6,1,0
P12619,H03,67,F,Medicaid,67,0,1,0,8,0,0
P12620,H03,66,F,Medicare,14,1,0,0,3,0,0
P12621,H07,71,M,Medicare,15,5,1,1,3,1,0
P12622,H07,59,F,Medicare,46,2,1,1,8,1,0
P12623,H01,85,F,Medicare,46,4,1,1,4,0,0
P12624,H13,46,F,Medicaid,65,2,1,0,8,0,0
P12625,H19,79,M,Commercial,22,0,0,1,9,0,0
P12626,H07,63,F,Medicare,44,1,0,0,3,1,0
P12627,H14,52,F,Commercial,25,2,2,1,6,0,1
P12628,H13,73,M,Commercial,52,4,0,1,5,0,0
P12629,H02,43,F,Commercial,53,3,0,1,6,0,0
P12630,H06,77,M,Medicaid,44,0,0,1,7,0,0
P12631,H07,81,M,Medicare,38,1,3,1,3,1,0
P12632,H08,95,F,Medicare,16,3,2,0,4,0,0
P12633,H11,77,M,Medicare,47,3,1,1,5,0,0
P12634,H05,68,M,Medicaid,31,1,0,1,4,0,0
P12635,H09,90,F,Medicare,5,1,1,0,6,0,0
P12636,H10,55,F,Commercial,51,3,1,0,5,1,0
P12637,H10,66,F,Medicare,65,0,1,1,7,0,0
P12638,H11,72,F,Medicare,87,4,1,0,6,1,1
P12639,H04,71,F,Medicare,48,0,1,1,6,0,0
P12640,H16,83,M,Medicaid,14,0,0,0,6,0,0
P12641,H20,58,F,Commercial,12,3,0,0,3,0,0
P12642,H03,66,M,Medicare,66,3,0,0,6,0,0
P12643,H08,59,M,Medicare,53,2,0,0,9,0,0
P12644,H09,65,M,Medicare,47,1,0,0,3,0,1
P12645,H06,58,M,Medicare,73,1,1,1,5,0,1
P12646,H18,49,F,Medicaid,79,3,0,0,6,1,0
P12647,H04,68,M,Medicare,41,2,1,0,5,0,0
P12648,H11,76,F,Medicare,80,3,0,0,6,1,1
P12649,H07,81,F,Medicaid,40,0,2,0,5,1,0
P12650,H04,80,M,Medicare,59,1,0,0,8,0,1
P12651,H04,70,M,Commercial,34,2,0,0,13,0,0
P12652,H11,65,M,Medicare,58,1,2,1,4,0,0
P12653,H14,83,M,Commercial,91,1,0,0,7,0,0
P12654,H06,81,M,Medicare,31,3,1,1,4,0,0
P12655,H17,71,F,Medicare,52,3,1,1,5,0,0
P12656,H03,67,F,Medicare,24,3,1,0,4,0,0
P12657,H15,57,F,Medicare,47,1,1,1,5,0,0
P12658,H09,63,M,Commercial,60,2,1,0,6,1,0
P12659,H14,64,M,Commercial,13,2,1,1,2,0,0
P12660,H01,65,M,Commercial,26,0,0,0,4,0,0
P12661,H20,62,F,Medicare,43,0,3,0,6,0,0
P12662,H14,74,M,Medicare,62,0,0,0,5,0,0
P12663,H10,46,M,Medicare,22,2,1,0,4,0,0
P12664,H17,43,M,Commercial,74,0,0,1,5,0,0
P12665,H14,53,M,Commercial,66,0,1,0,5,1,0
P12666,H19,61,M,Medicaid,20,0,1,0,5,0,0
P12667,H05,76,M,Medicare,56,2,0,0,6,0,0
P12668,H14,67,M,Medicare,10,1,0,0,2,0,0
P12669,H06,64,F,Commercial,28,1,1,1,3,0,0
P12670,H12,74,F,Commercial,37,2,3,0,3,0,0
P12671,H03,51,M,Medicare,60,2,0,1,5,1,0
P12672,H17,57,M,Medicare,46,3,1,0,8,0,0
P12673,H17,40,M,Medicare,12,6,0,0,2,0,0
P12674,H05,70,F,Medicare,53,1,4,1,6,1,1
P12675,H11,63,M,Commercial,14,0,0,0,5,0,0
P12676,H04,71,F,Medicare,46,1,0,1,4,0,0
P12677,H12,48,M,Medicaid,27,0,1,1,2,0,0
P12678,H02,68,F,Medicaid,14,4,1,0,5,0,0
P12679,H10,77,F,Medicaid,6,3,1,0,4,0,0
P12680,H12,68,M,Commercial,93,0,0,0,6,0,0
P12681,H14,64,M,Medicaid,65,6,1,1,6,1,0
P12682,H18,48,M,Commercial,9,5,2,0,2,0,1
P12683,H07,79,M,Medicare,81,2,2,1,7,1,1
P12684,H14,61,M,Medicare,24,1,0,0,5,0,0
P12685,H12,31,F,Medicare,69,4,3,0,5,1,1
P12686,H01,55,F,Medicare,34,2,1,0,7,0,0
P12687,H10,57,F,Commercial,34,5,1,0,3,0,0
P12688,H08,79,M,Medicaid,49,1,0,0,8,0,0
P12689,H04,64,M,Commercial,66,0,1,1,5,0,0
P12690,H14,45,F,Medicaid,9,3,2,1,3,0,0
P12691,H19,64,F,Medicaid,12,2,1,0,4,0,0
P12692,H13,62,M,Medicaid,45,2,0,0,5,0,0
P12693,H19,75,F,Medicaid,66,1,1,0,4,0,0
P12694,H13,67,M,Medicaid,73,1,0,0,7,0,0
P12695,H05,71,M,Medicare,61,3,1,1,5,1,1
P12696,H04,80,M,Medicare,47,4,0,0,8,0,0
P12697,H15,51,F,Medicare,53,2,1,0,5,0,0
P12698,H15,86,F,Medicaid,76,3,0,0,9,1,0
P12699,H18,82,M,Commercial,23,1,1,0,10,0,0
P12700,H17,66,M,Commercial,36,4,0,0,6,1,0
P12701,H05,64,M,Medicaid,68,1,0,0,5,0,0
P12702,H08,71,F,Medicare,76,3,0,0,6,1,1
P12703,H16,89,F,Medicare,36,4,0,0,3,0,0
P12704,H12,41,F,Medicare,39,4,2,0,6,1,0
P12705,H02,68,F,Medicaid,43,3,2,0,4,0,0
P12706,H17,86,M,Medicaid,54,0,2,0,6,0,0
P12707,H03,61,M,Commercial,4,3,1,0,3,0,0
P12708,H06,72,M,Medicare,41,2,1,1,4,0,0
P12709,H08,74,F,Medicaid,15,2,0,0,5,0,0
P12710,H13,63,F,Commercial,34,1,0,1,3,0,0
P12711,H17,64,F,Medicare,70,2,1,0,10,1,0
P12712,H16,69,M,Medicaid,63,3,0,0,5,1,1
P12713,H02,67,F,Medicare,63,3,2,0,8,1,1
P12714,H18,65,F,Medicare,37,2,1,0,5,0,0
P12715,H01,68,F,Medicare,52,1,0,0,4,0,0
P12716,H01,71,M,Medicare,78,2,1,0,10,0,1
P12717,H17,77,M,Commercial,45,3,1,0,7,0,0
P12718,H05,90,F,Medicare,20,1,0,0,2,0,0
P12719,H18,76,M,Medicaid,52,0,1,0,6,0,0
P12720,H11,46,F,Commercial,5,3,0,0,6,0,0
P12721,H14,61,M,Medicare,55,0,1,0,5,0,0
P12722,H14,95,F,Medicare,86,3,0,0,8,1,1
P12723,H17,62,M,Medicare,29,2,1,1,7,0,0
P12724,H11,76,M,Medicare,91,3,0,1,7,1,0
P12725,H03,68,M,Medicare,23,0,1,0,4,0,0
P12726,H09,55,F,Commercial,27,1,0,1,4,0,0
P12727,H08,57,M,Medicare,54,1,0,0,4,0,0
P12728,H20,75,M,Medicare,93,0,0,0,12,0,1
P12729,H01,67,M,Medicare,20,3,1,0,6,0,0
P12730,H11,70,M,Medicare,37,4,2,1,4,0,0
P12731,H15,64,F,Commercial,31,1,0,0,5,0,0
P12732,H20,81,M,Medicaid,30,4,2,0,3,0,0
P12733,H10,54,M,Medicaid,8,0,0,1,3,0,0
P12734,H16,80,F,Commercial,61,1,2,1,7,0,0
P12735,H18,70,M,Medicaid,18,1,0,0,3,0,0
P12736,H05,73,F,Medicare,79,1,2,0,10,0,0
P12737,H07,76,F,Medicare,47,2,1,0,4,1,1
P12738,H14,44,M,Medicaid,91,3,1,0,8,1,1
P12739,H17,66,F,Commercial,25,2,1,0,4,0,0
P12740,H12,54,M,Medicare,26,4,0,0,3,0,0
P12741,H01,81,M,Commercial,43,1,1,0,3,0,0
P12742,H05,99,M,Medicare,48,4,1,0,4,0,0
P12743,H19,59,F,Medicare,18,2,0,0,4,0,0
P12744,H17,80,M,Medicare,38,4,0,0,5,0,0
P12745,H13,64,M,Commercial,71,2,1,0,5,1,0
P12746,H20,61,F,Medicare,69,2,2,1,11,0,1
P12747,H04,69,M,Medicare,64,2,1,0,5,0,0
P12748,H16,67,F,Medicaid,42,2,1,1,5,0,1
P12749,H18,65,F,Medicare,83,2,1,0,9,0,1
P12750,H06,70,M,Medicare,57,1,1,0,8,0,0
P12751,H20,61,F,Medicare,6,6,0,0,4,0,0
P12752,H14,67,F,Medicare,13,3,1,1,5,0,0
P12753,H09,59,M,Medicare,31,3,0,0,4,0,0
P12754,H04,92,M,Commercial,41,2,1,0,6,0,0
P12755,H13,63,F,Medicaid,37,2,0,1,3,0,0
P12756,H16,64,F,Commercial,24,0,2,0,4,0,0
P12757,H07,72,F,Commercial,30,1,0,0,3,1,0
P12758,H01,51,F,Commercial,58,1,1,0,4,0,0
P12759,H11,56,M,Commercial,35,2,1,0,5,0,0
P12760,H03,76,F,Medicare,34,1,1,1,7,0,0
P12761,H01,54,F,Medicare,54,0,2,1,4,0,0
P12762,H12,73,F,Medicare,29,4,0,0,4,0,0
P12763,H15,84,M,Commercial,62,3,0,0,7,1,1
P12764,H05,64,M,Medicare,48,5,2,1,6,0,0
P12765,H13,55,M,Medicare,35,1,1,1,5,0,0
P12766,H20,66,F,Commercial,14,2,1,0,3,0,0
P12767,H01,50,M,Commercial,80,2,0,0,14,0,0
P12768,H17,66,F,Medicare,42,4,0,1,4,0,0
P12769,H16,77,F,Medicare,53,1,0,0,5,0,0
P12770,H05,71,F,Medicare,76,3,0,1,6,1,1
P12771,H18,81,F,Medicaid,44,4,0,1,6,0,0
P12772,H03,66,M,Commercial,75,1,0,0,7,0,1
P12773,H16,58,F,Medicare,53,2,1,1,4,0,0
P12774,H02,49,M,Commercial,57,0,1,1,8,0,1
P12775,H08,61,M,Medicare,84,4,0,1,7,1,1
P12776,H11,72,F,Medicaid,35,0,0,1,6,0,0
P12777,H16,65,M,Medicare,8,1,0,0,3,0,0
P12778,H09,43,F,Medicare,42,1,0,1,8,0,0
P12779,H14,77,F,Medicaid,55,0,0,0,7,0,0
P12780,H13,76,M,Commercial,11,1,1,1,4,0,0
P12781,H08,74,M,Medicaid,43,3,0,0,6,0,0
P12782,H07,50,M,Commercial,30,2,0,0,6,1,0
P12783,H15,51,F,Commercial,40,1,0,1,4,0,0
P12784,H15,87,M,Medicare,19,1,2,1,2,0,0
P12785,H07,77,M,Medicare,53,1,0,0,7,1,0
P12786,H01,59,F,Medicare,80,1,0,0,8,1,1
P12787,H17,71,M,Medicare,80,0,0,0,7,0,0
P12788,H18,75,F,Medicare,30,1,1,1,6,0,0
P12789,H01,65,F,Medicare,47,2,0,0,6,0,0
P12790,H08,74,M,Medicare,33,0,0,0,5,0,0
P12791,H04,55,M,Medicare,59,1,1,0,5,0,1
P12792,H11,55,F,Medicare,81,1,1,1,6,1,0
P12793,H03,61,F,Commercial,23,1,0,0,3,0,0
P12794,H11,60,F,Commercial,34,1,2,1,5,0,0
P12795,H05,66,M,Medicare,28,0,0,0,3,0,0
P12796,H13,66,F,Medicare,66,2,0,0,5,0,0
P12797,H10,70,M,Commercial,43,2,0,1,4,0,0
P12798,H02,69,F,Commercial,20,3,0,0,7,0,0
P12799,H14,56,F,Medicare,65,5,0,0,7,1,1
P12800,H18,68,F,Medicaid,74,3,0,0,6,1,0
P12801,H13,64,M,Medicare,26,1,2,1,6,0,0
P12802,H07,70,M,Medicaid,73,2,1,0,13,1,0
P12803,H01,66,M,Medicare,36,2,1,0,8,0,0
P12804,H19,57,M,Medicaid,26,2,0,0,3,0,0
P12805,H12,51,M,Medicare,23,2,0,1,4,1,0
P12806,H10,94,F,Medicaid,26,3,0,0,2,0,0
P12807,H09,62,F,Medicaid,18,2,1,0,9,0,0
P12808,H05,66,F,Commercial,31,1,0,1,4,0,0
P12809,H13,64,F,Medicaid,46,1,0,0,4,1,0
P12810,H08,82,M,Medicaid,13,3,1,0,4,0,0
P12811,H03,57,M,Commercial,11,0,1,1,5,0,0
P12812,H05,74,F,Medicare,48,2,1,1,5,0,0
P12813,H11,70,M,Medicare,61,3,1,0,5,1,1
P12814,H09,33,F,Commercial,27,3,1,0,6,0,0
P12815,H12,58,M,Commercial,44,1,1,0,3,0,0
P12816,H11,73,F,Medicaid,44,3,3,0,4,0,1
P12817,H13,54,F,Commercial,34,6,1,0,6,0,0
P12818,H01,97,M,Medicare,76,3,0,0,5,1,1
P12819,H17,65,F,Medicaid,15,1,0,0,3,0,0
P12820,H14,70,M,Medicare,10,5,0,1,6,0,1
P12821,H17,65,F,Medicare,33,2,0,0,3,0,0
P12822,H08,69,F,Commercial,23,2,3,0,5,0,0
P12823,H06,59,M,Medicare,11,0,0,1,5,0,0
P12824,H02,68,F,Medicaid,20,1,1,1,3,0,0
P12825,H09,61,M,Commercial,64,3,1,0,4,1,1
P12826,H03,82,F,Medicare,27,1,1,1,3,0,0
P12827,H05,71,F,Commercial,51,2,2,0,4,0,1
P12828,H14,95,M,Medicare,25,2,1,1,5,0,0
P12829,H12,65,M,Medicare,27,2,0,1,6,0,0
P12830,H16,54,F,Medicare,48,2,0,1,6,0,0
P12831,H14,45,M,Medicare,30,1,2,1,6,0,0
P12832,H20,91,F,Commercial,63,1,0,0,5,0,1
P12833,H15,76,M,Medicare,29,4,0,0,3,0,0
P12834,H05,85,F,Medicare,44,1,0,0,4,0,0
P12835,H15,74,M,Medicaid,54,3,0,0,4,0,0
P12836,H20,81,F,Commercial,36,3,3,0,4,0,0
P12837,H14,82,F,Commercial,41,2,3,0,7,0,1
P12838,H17,66,F,Commercial,4,2,2,0,3,0,0
P12839,H17,83,F,Medicaid,23,1,2,1,3,0,0
P12840,H15,71,F,Medicare,33,1,1,1,5,0,0
P12841,H15,46,M,Medicaid,36,4,0,0,5,0,0
P12842,H16,74,M,Commercial,16,2,2,0,4,0,0
P12843,H16,62,M,Medicare,37,0,0,1,5,0,0
P12844,H19,60,F,Medicare,20,2,0,1,4,0,0
P12845,H09,71,F,Medicare,61,2,1,0,10,1,0
P12846,H09,49,F,Commercial,93,2,2,0,7,1,1
P12847,H11,78,M,Commercial,10,0,1,0,3,0,0
P12848,H01,50,F,Medicare,77,2,2,1,9,1,0
P12849,H09,69,M,Medicare,40,5,2,0,3,0,0
P12850,H08,53,F,Medicare,13,5,0,1,4,0,0
P12851,H13,67,M,Medicare,33,4,1,0,6,0,0
P12852,H01,39,M,Commercial,15,2,0,1,2,0,0
P12853,H01,71,M,Medicare,43,4,1,0,7,0,0
P12854,H04,80,M,Medicare,37,4,1,0,3,0,0
P12855,H12,71,F,Commercial,56,1,0,1,5,0,0
P12856,H12,59,M,Medicare,24,0,2,1,3,0,1
P12857,H10,96,M,Medicare,76,3,0,0,7,1,1
P12858,H08,82,M,Medicare,73,1,1,1,9,1,0
P12859,H12,74,M,Medicaid,38,1,0,0,5,1,0
P12860,H20,73,M,Medicare,82,2,0,0,10,0,0
P12861,H02,81,F,Commercial,31,2,0,0,4,0,0
P12862,H11,85,M,Medicare,63,0,0,0,16,0,0
P12863,H17,73,M,Medicare,7,1,2,0,4,0,0
P12864,H05,50,M,Medicaid,25,2,1,0,3,0,1
P12865,H17,83,M,Commercial,56,0,1,0,10,0,0
P12866,H18,65,F,Commercial,35,2,1,1,3,0,0
P12867,H13,72,M,Medicare,28,2,0,0,3,0,1
P12868,H16,61,F,Medicare,72,1,2,0,8,0,0
P12869,H12,73,M,Medicare,46,2,0,0,8,0,0
P12870,H20,67,F,Medicare,63,5,0,0,5,1,0
P12871,H04,57,M,Medicaid,47,2,1,0,4,0,1
P12872,H13,62,F,Commercial,32,1,0,0,6,0,0
P12873,H18,83,F,Commercial,39,1,1,0,4,0,0
P12874,H19,73,F,Medicare,40,2,0,0,7,0,0
P12875,H19,67,M,Medicare,86,0,1,0,6,0,1
P12876,H19,77,F,Medicare,49,2,0,1,15,0,0
P12877,H07,63,F,Commercial,24,0,0,0,5,1,0
P12878,H12,60,M,Medicare,34,1,1,1,3,0,0
P12879,H16,77,F,Medicaid,67,1,0,0,6,0,0
P12880,H16,73,M,Medicare,39,1,1,0,4,0,0
P12881,H14,79,F,Commercial,32,0,1,0,4,0,0
P12882,H09,87,M,Medicare,28,3,0,0,6,0,0
P12883,H15,59,F,Medicare,65,2,0,1,5,0,1
P12884,H04,60,M,Medicare,39,2,4,0,7,0,0
P12885,H07,70,M,Medicare,24,0,0,1,5,1,0
P12886,H08,85,F,Medicare,4,4,2,0,2,0,1
P12887,H19,59,F,Commercial,78,1,0,0,6,0,0
P12888,H02,62,M,Medicare,48,3,0,1,4,0,0
P12889,H15,70,F,Commercial,50,2,2,0,8,1,0
P12890,H13,67,F,Medicare,31,2,0,0,3,0,0
P12891,H01,63,M,Commercial,46,3,0,0,6,1,1
P12892,H16,54,M,Medicare,38,3,1,0,8,0,0
P12893,H14,59,F,Medicaid,23,0,1,1,3,0,0
P12894,H01,55,F,Commercial,20,2,0,0,2,0,0
P12895,H11,84,F,Commercial,40,1,1,0,4,0,1
P12896,H15,61,F,Medicaid,57,0,1,1,5,0,0
P12897,H20,43,M,Medicare,63,4,1,1,8,0,1
P12898,H13,80,M,Medicaid,91,1,0,0,7,0,0
P12899,H10,67,M,Medicaid,43,2,0,0,4,0,0
P12900,H05,89,F,Commercial,46,3,0,0,5,0,1
P12901,H04,73,M,Commercial,51,1,0,0,7,0,0
P12902,H18,55,M,Commercial,24,1,2,0,3,1,0
P12903,H18,56,F,Commercial,61,3,1,0,6,1,1
P12904,H19,45,M,Medicaid,43,2,0,0,8,0,0
P12905,H19,87,F,Commercial,24,2,0,1,6,0,0
P12906,H03,79,M,Commercial,86,0,0,0,8,1,1
P12907,H18,61,F,Medicare,47,2,3,0,11,0,0
P12908,H10,85,F,Medicare,38,1,0,0,3,0,0
P12909,H10,69,M,Commercial,51,1,1,0,6,0,0
P12910,H19,81,M,Medicaid,45,1,0,1,4,0,0
P12911,H11,53,F,Medicare,67,0,1,0,5,0,0
P12912,H16,89,F,Medicare,61,4,0,0,5,1,1
P12913,H04,66,M,Medicaid,61,5,0,1,5,1,0
P12914,H08,87,F,Medicare,33,2,3,0,3,0,0
P12915,H16,76,M,Commercial,61,1,0,0,6,0,1
P12916,H06,86,M,Medicaid,34,2,1,0,4,0,0
P12917,H11,69,F,Commercial,30,3,1,0,4,0,0
P12918,H02,69,F,Medicare,79,2,0,1,11,1,1
P12919,H12,65,F,Commercial,19,4,2,0,3,0,0
P12920,H04,69,F,Medicare,22,3,1,0,5,0,0
P12921,H02,81,M,Medicare,20,1,1,0,3,0,0
P12922,H03,71,F,Medicaid,39,3,0,0,3,0,1
P12923,H07,66,M,Medicare,23,0,0,0,6,1,0
P12924,H06,70,M,Commercial,30,1,0,0,5,0,0
P12925,H06,63,M,Medicare,14,2,1,1,7,0,0
P12926,H15,80,M,Medicaid,61,0,0,1,6,0,0
P12927,H09,70,F,Commercial,51,3,1,0,4,0,0
P12928,H01,60,F,Medicare,47,2,1,0,5,1,0
P12929,H05,70,M,Medicare,7,5,0,0,2,0,0
P12930,H05,73,F,Medicare,41,3,1,0,5,0,0
P12931,H12,61,F,Commercial,48,4,1,0,4,0,0
P12932,H14,65,M,Medicaid,74,1,1,1,9,0,0
P12933,H12,61,F,Medicare,35,2,2,1,12,0,0
P12934,H08,83,F,Commercial,42,5,0,1,5,0,0
P12935,H01,96,F,Medicare,19,1,1,1,3,0,0
P12936,H17,59,F,Commercial,69,3,2,0,7,1,0
P12937,H07,51,F,Medicare,35,3,1,0,4,1,0
P12938,H07,99,M,Commercial,39,3,0,0,5,1,0
P12939,H15,53,F,Medicare,37,0,1,0,4,0,0
P12940,H07,55,M,Medicare,34,1,1,0,7,1,0
P12941,H18,81,F,Medicare,45,0,2,1,5,0,0
P12942,H15,77,F,Medicare,14,0,2,1,7,0,0
P12943,H15,69,F,Medicare,49,1,1,0,4,0,0
P12944,H02,58,F,Medicare,72,3,0,1,8,1,0
P12945,H04,88,F,Medicare,60,0,0,0,4,1,0
P12946,H18,59,M,Commercial,31,3,1,0,6,0,1
P12947,H06,82,M,Medicare,13,4,1,1,7,0,0
P12948,H05,54,M,Medicaid,36,4,0,0,4,0,0
P12949,H10,80,F,Commercial,17,3,0,1,2,0,0
P12950,H07,51,M,Medicaid,9,3,0,1,3,1,0
P12951,H05,50,M,Medicare,26,1,0,0,7,0,0
P12952,H11,83,M,Medicare,21,2,1,0,6,0,0
P12953,H02,44,M,Commercial,29,1,0,0,7,0,0
P12954,H02,48,F,Commercial,32,2,0,0,4,0,0
P12955,H06,49,F,Medicare,32,1,0,0,5,0,0
P12956,H10,67,F,Medicaid,27,2,1,0,10,0,0
P12957,H04,72,F,Medicare,66,0,2,0,6,1,0
P12958,H16,73,M,Medicare,41,2,1,1,5,0,0
P12959,H09,56,F,Medicaid,50,2,3,1,8,0,1
P12960,H16,58,F,Medicare,78,2,0,0,9,1,0
P12961,H17,52,F,Medicare,29,0,1,0,8,0,0
P12962,H08,57,F,Medicare,52,5,1,0,4,0,1
P12963,H05,70,F,Commercial,24,2,1,1,4,0,0
P12964,H10,82,F,Medicare,82,3,0,0,7,1,0
P12965,H04,62,F,Commercial,28,2,1,0,5,0,0
P12966,H09,72,M,Medicare,63,0,1,0,11,0,0
P12967,H06,74,M,Medicare,46,0,0,1,7,0,0
P12968,H02,69,M,Commercial,45,2,0,1,7,0,0
P12969,H18,63,M,Medicare,60,3,0,0,5,0,1
P12970,H20,43,M,Medicare,34,2,1,0,4,0,1
P12971,H05,80,M,Medicaid,76,1,0,0,7,0,1
P12972,H13,65,F,Commercial,10,5,3,0,2,0,0
P12973,H20,86,F,Medicare,60,5,1,0,7,1,0
P12974,H19,81,M,Medicare,24,3,2,1,4,0,0
P12975,H07,47,M,Medicare,80,3,1,0,7,1,0
P12976,H09,72,M,Medicare,17,1,0,0,2,0,0
P12977,H15,57,M,Medicare,56,0,1,0,5,0,0
P12978,H07,65,F,Medicare,50,1,0,1,7,1,0
P12979,H15,65,F,Medicare,29,3,0,0,4,0,0
P12980,H12,69,F,Medicare,22,0,1,1,3,0,0
P12981,H01,50,M,Medicare,15,2,1,0,4,0,0
P12982,H19,64,F,Commercial,46,2,1,0,5,0,0
P12983,H17,45,M,Medicare,26,3,0,1,5,0,0
P12984,H19,43,F,Medicare,43,3,1,0,5,0,0
P12985,H04,30,F,Commercial,32,1,0,1,5,0,0
P12986,H15,48,F,Medicare,30,1,0,0,4,0,0
P12987,H11,69,F,Commercial,47,3,0,0,4,1,0
P12988,H16,56,M,Medicare,29,3,1,0,3,0,0
P12989,H14,65,F,Medicare,38,2,3,0,8,0,0
P12990,H07,62,M,Medicare,45,3,1,0,6,1,1
P12991,H01,87,F,Medicaid,52,4,3,0,7,0,0
P12992,H17,72,F,Medicaid,57,2,0,0,7,0,0
P12993,H02,69,M,Medicare,63,2,0,1,5,0,0
P12994,H13,85,F,Medicare,55,3,2,0,5,0,0
P12995,H20,65,M,Medicare,43,3,0,0,5,0,0
P12996,H19,65,F,Medicare,57,1,0,0,5,0,0
P12997,H04,70,M,Medicaid,33,3,0,0,3,0,0
P12998,H20,77,M,Medicare,11,4,2,0,2,0,0
P12999,H18,60,M,Medicaid,58,0,0,0,6,0,0
P13000,H15,72,M,Medicare,13,4,0,1,4,0,0
P13001,H01,72,F,Commercial,73,4,0,0,11,1,0
P13002,H15,69,F,Commercial,30,2,2,1,4,0,0
P13003,H15,42,M,Medicare,76,2,0,0,7,0,0
P13004,H19,85,M,Medicare,56,1,1,1,6,0,0
P13005,H11,52,M,Commercial,49,2,0,0,4,0,0
P13006,H16,69,F,Commercial,25,3,1,0,3,0,0
P13007,H05,56,M,Medicare,17,3,0,1,4,0,0
P13008,H20,77,F,Medicare,31,1,2,0,7,0,0
P13009,H02,85,F,Medicare,50,0,3,0,5,0,0
P13010,H18,52,M,Medicare,47,1,0,1,5,0,0
P13011,H08,76,F,Medicare,56,2,0,0,6,0,0
P13012,H13,46,M,Medicare,46,2,0,1,5,0,0
P13013,H10,66,F,Medicare,29,1,0,0,9,0,0
P13014,H09,70,F,Medicaid,21,2,0,1,3,0,0
P13015,H20,85,M,Medicare,46,2,0,1,4,0,0
P13016,H16,74,M,Medicare,31,1,1,0,7,0,0
P13017,H09,71,F,Medicaid,71,1,0,0,8,0,0
P13018,H11,76,F,Medicare,39,2,2,1,4,0,0
P13019,H17,84,M,Medicare,64,1,1,1,10,0,0
P13020,H03,86,M,Commercial,81,2,1,0,7,0,1
P13021,H04,67,F,Commercial,18,0,0,0,6,0,0
P13022,H17,64,M,Medicaid,21,4,0,0,3,0,1
P13023,H08,64,M,Medicaid,16,1,0,0,3,0,0
P13024,H05,72,F,Medicare,45,3,0,0,9,0,0
P13025,H06,69,M,Medicaid,62,1,1,1,6,0,1
P13026,H06,58,F,Medicare,51,1,1,0,13,0,1
P13027,H17,52,M,Commercial,68,0,0,1,6,0,0
P13028,H12,57,F,Medicaid,3,2,0,0,1,0,0
P13029,H20,82,F,Medicare,71,2,0,0,5,0,0
P13030,H06,72,M,Commercial,70,2,1,0,7,0,0
P13031,H06,53,F,Medicare,64,2,1,1,6,0,1
P13032,H03,52,F,Medicare,32,4,0,0,4,0,0
P13033,H01,59,M,Commercial,40,4,1,1,7,0,0
P13034,H03,68,F,Medicare,30,1,1,1,4,0,0
P13035,H08,55,M,Medicare,25,2,0,1,5,0,0
P13036,H17,70,M,Commercial,20,1,1,0,2,0,0
P13037,H01,69,F,Medicare,77,0,1,0,11,0,1
P13038,H03,69,F,Commercial,28,2,0,1,8,0,1
P13039,H11,58,M,Medicare,65,2,0,1,6,0,0
P13040,H07,86,M,Commercial,7,2,1,0,2,1,0
P13041,H04,49,M,Medicare,12,0,1,0,6,0,0
P13042,H06,87,F,Commercial,25,2,1,0,3,0,0
P13043,H18,88,F,Medicare,14,1,1,0,2,0,0
P13044,H14,71,F,Medicaid,62,1,1,0,4,0,1
P13045,H19,56,M,Medicare,40,1,0,0,4,0,0
P13046,H05,76,M,Medicare,50,0,1,1,7,1,0
P13047,H11,39,M,Medicare,49,3,0,1,5,0,0
P13048,H10,94,F,Medicare,17,0,4,0,3,0,0
P13049,H07,70,F,Medicare,18,1,3,1,2,1,0
P13050,H12,51,F,Medicare,52,2,1,1,7,0,1
P13051,H06,88,M,Medicare,50,1,4,0,4,0,0
P13052,H03,68,M,Commercial,63,2,0,1,5,0,1
P13053,H19,71,M,Commercial,11,2,1,0,5,0,0
P13054,H09,71,F,Medicare,45,1,0,0,5,0,0
P13055,H19,67,M,Medicare,78,0,2,1,8,0,0
P13056,H09,84,F,Medicare,20,1,2,0,5,0,0
P13057,H18,49,F,Medicare,17,3,0,0,3,0,0
P13058,H04,79,F,Medicare,33,1,0,0,4,0,0
P13059,H05,89,F,Medicaid,18,5,3,0,3,0,0
P13060,H05,60,F,Medicaid,10,3,2,0,2,0,0
P13061,H07,55,M,Medicaid,43,0,3,0,4,1,0
P13062,H13,69,F,Medicaid,54,4,1,0,6,0,0
P13063,H17,70,M,Medicare,60,4,1,0,5,1,1
P13064,H15,60,M,Medicare,41,6,1,0,5,0,0
P13065,H14,54,F,Medicare,10,5,1,0,5,0,0
P13066,H18,84,M,Medicare,65,5,0,0,11,1,0
P13067,H20,76,M,Medicaid,52,1,0,1,6,0,0
P13068,H04,61,F,Commercial,33,1,0,0,4,0,0
P13069,H19,63,F,Medicare,38,2,0,1,4,0,0
P13070,H16,34,M,Medicaid,80,2,1,0,7,1,1
P13071,H10,71,M,Medicaid,25,2,2,0,3,0,0
P13072,H10,85,M,Medicare,21,2,1,1,5,0,1
P13073,H14,54,F,Medicare,73,1,2,0,6,0,0
P13074,H04,73,M,Medicaid,37,3,0,0,3,0,0
P13075,H14,81,M,Medicaid,9,2,0,0,2,0,0
P13076,H04,71,F,Medicare,43,0,1,1,4,0,0
P13077,H19,61,F,Medicare,44,2,1,0,4,0,0
P13078,H06,62,F,Medicaid,42,0,1,0,3,0,0
P13079,H09,76,M,Medicaid,19,1,1,0,5,0,0
P13080,H18,56,F,Medicare,43,1,0,0,5,1,0
P13081,H17,64,M,Medicare,39,2,1,0,6,0,0
P13082,H03,81,F,Medicare,11,3,1,0,2,0,0
P13083,H18,57,M,Medicaid,54,1,2,1,5,1,0
P13084,H10,64,M,Medicare,64,3,1,0,9,1,1
P13085,H11,91,M,Medicaid,29,5,0,0,3,0,0
P13086,H02,69,F,Medicare,26,2,1,0,4,0,0
P13087,H19,52,M,Medicare,62,1,0,0,9,0,0
P13088,H17,71,M,Commercial,38,1,1,0,5,0,0
P13089,H14,99,F,Commercial,40,0,1,0,6,1,0
P13090,H17,60,F,Commercial,47,1,1,0,8,0,0
P13091,H04,57,M,Medicaid,40,1,1,0,7,0,0
P13092,H11,64,F,Medicare,36,1,1,0,5,0,0
P13093,H13,62,F,Medicare,37,4,0,0,5,0,0
P13094,H16,86,M,Medicare,77,2,1,0,6,0,1
P13095,H18,79,F,Medicare,8,4,1,0,3,0,0
P13096,H05,64,M,Medicare,76,3,0,0,6,1,1
P13097,H14,80,F,Medicaid,66,1,1,0,10,0,0
P13098,H17,57,F,Medicaid,55,2,1,1,9,0,0
P13099,H07,65,M,Commercial,46,1,1,0,5,1,1
P13100,H05,45,M,Medicaid,59,1,1,1,4,0,0
P13101,H08,70,M,Medicaid,45,0,1,0,6,1,0
P13102,H12,80,F,Medicare,70,3,1,1,5,1,1
P13103,H03,80,M,Medicare,41,1,1,0,4,0,0
P13104,H02,59,F,Medicare,57,3,0,1,5,0,0
P13105,H06,67,M,Medicare,40,1,1,0,10,0,0
P13106,H13,95,F,Medicare,27,1,0,0,5,0,0
P13107,H19,63,M,Commercial,69,3,1,0,5,1,1
P13108,H08,52,M,Medicare,78,3,2,0,6,1,1
P13109,H15,98,M,Commercial,42,2,0,0,4,0,0
P13110,H14,46,F,Medicare,28,2,0,1,9,0,0
P13111,H07,37,F,Commercial,66,2,1,0,5,1,0
P13112,H04,86,M,Medicaid,57,1,0,0,5,0,0
P13113,H02,72,M,Medicare,46,1,1,1,7,0,0
P13114,H11,65,M,Medicaid,10,4,0,0,3,0,0
P13115,H14,72,F,Medicare,24,2,0,0,3,0,0
P13116,H20,45,F,Medicare,49,0,0,0,4,0,0
P13117,H08,76,M,Commercial,14,0,1,0,4,0,0
P13118,H03,77,F,Commercial,57,1,1,0,5,0,0
P13119,H07,84,M,Medicare,56,3,0,0,7,1,0
P13120,H04,31,F,Commercial,66,1,2,1,6,0,0
P13121,H11,63,F,Medicaid,54,2,1,0,6,0,0
P13122,H04,77,M,Medicare,53,1,1,1,7,1,0
P13123,H07,86,M,Commercial,72,3,1,0,12,1,0
P13124,H05,78,F,Medicaid,49,2,0,0,8,0,0
P13125,H11,77,M,Medicare,25,2,1,1,5,0,0
P13126,H08,56,M,Medicare,54,2,0,0,6,0,0
P13127,H17,74,F,Medicare,50,2,0,0,7,0,0
P13128,H06,64,M,Medicare,25,3,0,0,5,0,0
P13129,H06,71,F,Commercial,66,3,0,1,10,1,1
P13130,H14,64,F,Commercial,77,0,0,0,8,1,1
P13131,H02,60,F,Medicare,63,0,0,0,7,0,0
P13132,H13,62,M,Commercial,48,3,1,1,4,0,0
P13133,H17,88,F,Medicare,62,1,1,1,11,0,0
P13134,H06,99,M,Medicare,57,3,0,0,4,1,0
P13135,H06,81,M,Medicare,39,3,0,0,4,0,0
P13136,H20,79,F,Medicare,35,3,0,0,3,0,0
P13137,H17,69,F,Medicare,47,2,0,1,5,0,0
P13138,H04,72,M,Medicare,73,0,1,1,6,0,1
P13139,H10,62,M,Medicare,25,3,1,1,3,0,0
P13140,H10,76,F,Medicare,78,4,1,1,12,1,1
P13141,H03,86,M,Medicare,34,0,4,0,6,0,1
P13142,H13,59,M,Commercial,47,1,0,1,6,0,0
P13143,H19,67,M,Medicaid,24,2,1,0,14,0,0
P13144,H08,88,F,Commercial,25,1,0,0,3,0,0
P13145,H07,64,M,Medicaid,8,2,0,1,2,1,0
P13146,H12,53,M,Medicare,39,1,0,1,4,0,0
P13147,H15,62,M,Medicare,71,3,2,0,8,1,0
P13148,H17,77,F,Medicaid,71,3,1,0,8,1,0
P13149,H13,61,F,Medicare,52,3,0,0,6,0,0
P13150,H10,81,M,Commercial,46,3,0,0,5,0,0
P13151,H20,76,F,Medicaid,5,1,1,0,3,0,1
P13152,H09,76,M,Medicare,65,5,1,0,7,1,1
P13153,H08,51,M,Medicare,56,2,1,0,5,0,0
P13154,H07,70,M,Medicare,39,2,0,0,4,1,1
P13155,H13,64,M,Medicare,23,3,1,1,4,0,0
P13156,H19,71,M,Commercial,83,1,1,0,12,0,1
P13157,H06,83,F,Medicare,60,3,0,1,7,0,1
P13158,H18,84,F,Medicaid,14,3,1,0,4,0,0
P13159,H06,59,F,Medicaid,73,5,0,0,7,1,0
P13160,H18,72,F,Medicare,70,1,1,0,7,0,0
P13161,H13,67,M,Medicare,12,2,0,0,5,0,0
P13162,H07,56,M,Medicare,9,1,0,0,4,1,0
P13163,H10,91,M,Medicare,60,3,2,0,6,1,0
P13164,H11,62,F,Medicare,67,2,1,0,5,0,0
P13165,H03,61,F,Commercial,34,0,0,0,4,0,0
P13166,H01,56,F,Medicare,40,4,0,1,4,0,0
P13167,H19,39,M,Medicare,42,1,2,0,7,0,0
P13168,H10,79,F,Commercial,54,3,1,0,4,0,0
P13169,H15,99,M,Medicare,30,2,1,0,3,0,1
P13170,H13,61,M,Medicare,22,2,1,1,5,0,0
P13171,H16,60,M,Medicare,68,1,0,1,8,0,0
P13172,H20,48,M,Medicaid,55,0,1,1,9,0,0
P13173,H08,64,M,Commercial,27,2,0,0,5,0,0
P13174,H01,69,M,Medicare,23,4,0,0,5,0,0
P13175,H18,72,F,Medicare,45,0,1,1,4,0,0
P13176,H14,62,F,Medicare,33,2,1,0,5,0,0
P13177,H05,58,F,Medicare,42,5,1,0,3,0,0
P13178,H05,76,F,Commercial,49,2,1,0,5,0,0
P13179,H15,79,F,Medicare,31,3,1,0,6,0,0
P13180,H15,78,F,Medicaid,76,3,2,1,7,1,0
P13181,H20,67,F,Medicare,40,1,1,1,6,0,0
P13182,H20,64,F,Commercial,54,2,0,0,5,0,0
P13183,H16,69,M,Medicare,38,1,1,1,5,0,0
P13184,H19,66,F,Medicaid,69,2,0,1,6,0,0
P13185,H07,55,M,Commercial,66,0,1,1,8,1,0
P13186,H02,61,M,Medicaid,18,2,1,0,4,0,0
P13187,H14,64,M,Medicare,71,2,1,0,5,0,0
P13188,H10,70,F,Medicare,66,5,0,0,6,0,1
P13189,H09,44,F,Medicare,56,1,0,0,4,0,0
P13190,H09,86,M,Medicaid,55,4,1,0,4,0,0
P13191,H18,69,M,Medicare,18,4,1,0,10,0,1
P13192,H09,95,M,Medicare,68,3,2,0,13,1,1
P13193,H13,66,M,Medicare,21,1,0,1,3,0,0
P13194,H19,83,M,Medicare,27,4,3,1,3,0,0
P13195,H19,62,F,Medicare,59,0,0,0,6,0,0
P13196,H04,53,F,Medicaid,46,2,0,0,5,0,1
P13197,H12,71,F,Commercial,53,2,0,0,4,0,0
P13198,H17,52,F,Medicare,50,3,0,0,6,0,0
P13199,H01,82,F,Medicare,32,3,0,0,3,0,0
P13200,H18,61,F,Medicaid,41,3,1,1,5,0,1
P13201,H19,68,M,Medicaid,34,3,1,1,6,0,0
P13202,H07,71,F,Commercial,43,1,1,0,9,1,0
P13203,H18,81,F,Medicaid,32,4,0,1,4,0,0
P13204,H01,72,M,Commercial,48,2,2,0,6,0,0
P13205,H10,91,F,Medicare,63,1,0,0,6,0,0
P13206,H15,76,F,Medicare,19,2,1,0,2,0,0
P13207,H08,89,M,Medicare,59,1,2,0,7,0,1
P13208,H08,74,M,Medicare,77,1,1,1,12,1,0
P13209,H14,70,F,Commercial,63,3,2,1,6,1,0
P13210,H04,89,M,Medicare,49,3,0,1,9,0,0
P13211,H03,42,F,Medicare,59,2,1,1,8,0,0
P13212,H17,97,F,Commercial,91,0,0,0,13,0,0
P13213,H13,45,F,Medicare,19,1,1,0,5,0,0
P13214,H19,59,F,Medicare,26,4,0,1,3,0,0
P13215,H10,64,F,Medicare,86,5,0,1,8,1,0
P13216,H03,68,M,Medicaid,55,3,1,1,6,1,0
P13217,H02,27,M,Commercial,13,2,0,0,7,0,0
P13218,H09,71,M,Medicaid,45,1,0,0,6,0,0
P13219,H12,76,M,Commercial,54,3,1,0,7,0,0
P13220,H07,94,F,Commercial,40,8,0,0,4,1,0
P13221,H09,79,M,Medicare,60,3,0,0,7,1,0
P13222,H18,47,M,Medicare,36,3,0,0,7,0,0
P13223,H16,56,M,Medicare,48,0,2,0,9,0,0
P13224,H03,51,M,Commercial,44,2,1,1,6,0,0
P13225,H19,58,F,Commercial,25,1,2,0,3,0,0
P13226,H05,73,M,Medicare,43,2,0,0,4,0,0
P13227,H09,31,F,Medicare,31,1,1,0,4,0,0
P13228,H13,81,F,Medicare,20,5,2,1,6,0,0
P13229,H10,67,F,Medicare,47,2,1,0,8,0,1
P13230,H09,81,F,Medicare,31,1,0,1,5,0,0
P13231,H18,57,F,Commercial,88,1,0,1,10,0,1
P13232,H08,70,F,Medicaid,80,2,0,1,9,0,1
P13233,H06,99,F,Medicare,39,4,2,0,5,0,0
P13234,H04,53,F,Medicare,32,2,1,0,4,0,0
P13235,H06,54,F,Medicare,15,1,0,0,8,0,0
P13236,H14,52,F,Medicaid,65,2,1,0,6,0,0
P13237,H14,96,M,Commercial,53,1,0,1,5,0,0
P13238,H09,58,F,Medicare,59,4,0,0,5,0,0
P13239,H08,86,F,Medicare,14,1,0,0,5,0,0
P13240,H12,84,F,Medicare,67,3,0,0,6,0,1
P13241,H19,50,F,Commercial,36,2,0,0,3,0,0
P13242,H12,58,M,Medicare,16,4,0,1,3,0,0
P13243,H10,76,F,Medicare,24,4,0,0,2,0,0
P13244,H04,67,F,Medicaid,61,3,0,0,8,1,1
P13245,H08,49,M,Medicare,39,2,0,0,7,0,0
P13246,H14,56,M,Commercial,54,1,1,1,4,0,0
P13247,H12,89,F,Commercial,28,2,0,0,4,0,0
P13248,H05,77,F,Medicare,32,4,1,0,5,0,0
P13249,H08,83,M,Medicare,64,0,0,1,5,0,0
P13250,H09,69,F,Medicare,41,1,1,0,4,0,0
P13251,H04,64,F,Medicare,39,0,1,1,5,0,0
P13252,H09,68,F,Commercial,57,5,1,0,5,0,0
P13253,H03,57,F,Commercial,70,3,1,0,5,1,0
P13254,H08,61,M,Medicare,50,5,0,1,5,0,0
P13255,H01,50,F,Medicare,67,2,2,1,6,1,1
P13256,H16,69,F,Commercial,34,1,1,0,4,0,0
P13257,H19,61,F,Medicare,21,1,0,0,4,0,0
P13258,H01,56,M,Medicaid,45,1,1,0,6,0,0
P13259,H19,73,M,Medicare,69,4,0,0,5,1,0
P13260,H05,68,F,Commercial,75,4,1,0,11,0,1
P13261,H08,78,F,Medicaid,22,0,0,0,3,0,0
P13262,H12,69,M,Medicaid,56,0,0,1,7,0,0
P13263,H15,62,F,Medicare,97,2,1,0,10,0,1
P13264,H13,73,F,Medicare,96,4,2,1,7,1,1
P13265,H13,70,F,Commercial,61,1,1,0,8,0,0
P13266,H04,66,F,Commercial,11,3,0,0,5,0,0
P13267,H01,64,F,Medicare,48,3,2,0,7,0,0
P13268,H05,71,M,Commercial,44,2,1,1,6,0,0
P13269,H09,53,M,Medicare,50,4,0,0,4,0,0
P13270,H06,80,M,Commercial,62,1,0,0,5,0,0
P13271,H05,66,M,Medicare,61,0,0,0,4,0,0
P13272,H20,61,F,Medicare,21,1,2,0,3,0,0
P13273,H19,73,F,Medicare,24,1,0,0,5,0,0
P13274,H17,76,F,Medicaid,74,2,0,0,6,0,0
P13275,H07,84,F,Medicare,64,2,0,0,7,1,0
P13276,H02,89,F,Medicare,23,1,1,1,5,0,0
P13277,H06,39,F,Medicare,68,3,0,0,6,1,0
P13278,H18,84,F,Medicare,53,1,0,0,12,0,0
P13279,H15,73,M,Medicare,40,2,1,0,4,0,0
P13280,H10,67,F,Medicaid,31,2,0,1,9,0,0
P13281,H10,51,M,Commercial,25,1,0,1,3,0,0
P13282,H02,51,F,Medicare,59,1,1,0,6,0,0
P13283,H06,60,F,Medicare,49,4,1,1,6,1,0
P13284,H15,70,F,Medicare,76,0,3,1,5,0,1
P13285,H19,90,F,Medicare,81,3,2,0,7,1,1
P13286,H16,82,F,Medicare,88,4,1,0,10,1,1
P13287,H17,76,M,Medicare,50,4,2,0,7,0,0
P13288,H09,87,M,Medicare,64,1,0,0,5,0,1
P13289,H10,63,M,Medicare,39,2,0,1,4,0,0
P13290,H09,62,F,Medicare,21,1,0,0,4,0,0
P13291,H04,99,M,Medicare,73,2,2,1,7,1,0
P13292,H04,77,M,Medicare,35,4,0,0,4,0,0
P13293,H10,76,M,Medicare,51,3,1,0,6,0,0
P13294,H19,54,F,Medicare,35,2,1,0,5,0,0
P13295,H05,62,F,Medicare,87,3,0,0,10,1,1
P13296,H14,64,F,Medicare,48,3,1,0,7,0,0
P13297,H09,76,F,Medicare,60,2,0,0,5,1,0
P13298,H17,67,F,Medicare,68,2,1,0,6,0,0
P13299,H18,54,F,Commercial,19,3,1,0,3,0,0
P13300,H16,77,M,Medicaid,51,1,1,1,6,0,1
P13301,H10,51,M,Medicaid,35,3,1,1,6,0,0
P13302,H06,76,M,Commercial,30,1,1,0,5,0,0
P13303,H19,54,F,Commercial,23,2,3,0,10,0,0
P13304,H20,79,M,Medicare,54,5,1,0,4,0,0
P13305,H14,57,F,Commercial,32,1,1,0,5,0,0
P13306,H01,84,F,Medicaid,38,1,0,0,5,0,0
P13307,H07,71,F,Medicare,12,0,2,1,2,1,0
P13308,H10,63,M,Medicare,94,6,0,0,8,1,0
P13309,H15,61,F,Medicare,65,1,1,0,6,0,0
P13310,H17,46,F,Medicaid,32,2,0,0,4,0,0
P13311,H12,65,F,Medicare,58,2,0,0,6,0,0
P13312,H08,66,M,Commercial,28,3,2,0,5,0,0
P13313,H17,61,F,Commercial,15,3,2,1,3,0,0
P13314,H03,78,F,Medicaid,61,3,1,0,5,1,0
P13315,H13,99,F,Medicaid,29,2,0,1,3,0,0
P13316,H02,55,M,Medicare,45,1,0,0,7,0,0
P13317,H13,60,F,Medicare,42,6,0,0,3,0,0
P13318,H04,99,M,Medicare,82,3,0,0,7,1,1
P13319,H05,67,M,Medicare,26,0,1,0,7,0,0
P13320,H17,92,F,Medicare,52,2,0,0,5,0,0
P13321,H19,84,M,Medicaid,42,1,0,0,4,0,0
P13322,H03,71,M,Medicaid,78,3,1,0,6,1,1
P13323,H14,79,F,Commercial,58,3,1,0,7,0,0
P13324,H08,76,F,Medicare,17,1,0,0,4,0,0
P13325,H14,62,F,Medicare,9,2,0,0,2,0,0
P13326,H07,63,M,Commercial,26,3,2,1,3,1,0
P13327,H12,70,M,Medicare,18,5,1,0,4,0,0
P13328,H05,44,F,Medicare,49,2,1,0,5,0,0
P13329,H07,66,M,Medicare,70,2,0,0,6,1,0
P13330,H15,60,M,Medicare,48,3,0,1,4,0,0
P13331,H17,46,M,Commercial,25,3,2,0,4,0,0
P13332,H05,77,F,Medicare,28,3,2,0,6,0,0
P13333,H19,62,M,Medicare,50,1,1,1,4,0,0
P13334,H11,49,M,Medicare,60,3,2,0,5,1,0
P13335,H03,63,F,Medicare,3,0,0,0,1,0,0
P13336,H20,58,F,Commercial,20,2,1,0,6,0,0
P13337,H04,68,F,Medicare,25,3,1,1,5,0,0
P13338,H06,64,M,Medicare,15,1,0,0,3,0,0
P13339,H01,83,F,Medicare,45,3,1,0,3,0,0
P13340,H05,40,F,Commercial,41,3,1,1,6,0,0
P13341,H05,66,F,Commercial,22,0,2,0,3,0,0
P13342,H16,81,M,Commercial,43,2,2,0,5,0,1
P13343,H18,63,F,Medicaid,67,3,0,1,5,1,0
P13344,H06,69,F,Medicare,12,2,1,0,2,0,0
P13345,H18,74,F,Medicare,62,0,0,0,5,0,0
P13346,H05,66,M,Commercial,14,1,2,1,8,0,0
P13347,H17,84,F,Medicaid,61,1,0,1,12,1,0
P13348,H10,68,M,Medicaid,41,1,2,1,4,0,0
P13349,H17,72,F,Medicare,64,1,1,1,5,0,0
P13350,H13,63,M,Commercial,33,3,1,0,6,0,0
P13351,H15,69,M,Medicare,43,4,1,1,8,0,1
P13352,H19,83,M,Commercial,52,2,0,0,4,0,0
P13353,H16,56,F,Commercial,19,4,0,0,4,0,1
P13354,H14,77,M,Medicare,33,1,0,0,4,0,0
P13355,H19,74,M,Medicaid,68,2,0,0,5,0,0
P13356,H03,65,M,Medicare,60,2,1,1,6,1,0
P13357,H07,72,F,Medicare,74,1,0,0,6,1,0
P13358,H08,63,F,Commercial,58,1,0,0,6,0,0
P13359,H06,75,F,Medicare,73,2,0,0,8,0,1
P13360,H16,65,F,Commercial,64,2,0,0,7,1,0
P13361,H02,67,M,Medicare,40,1,0,1,6,0,0
P13362,H12,76,M,Medicare,3,3,0,0,4,0,0
P13363,H03,67,F,Medicaid,50,0,0,0,6,0,0
P13364,H08,69,M,Medicare,36,0,2,0,3,0,0
P13365,H18,76,F,Medicaid,33,3,1,0,6,0,0
P13366,H10,45,M,Medicare,38,2,2,0,4,0,0
P13367,H11,49,F,Medicare,75,2,1,0,8,1,0
P13368,H07,53,F,Medicare,52,1,0,1,7,1,0
P13369,H18,47,F,Medicaid,24,3,0,1,4,0,0
P13370,H01,60,F,Medicaid,57,1,0,0,5,0,1
P13371,H16,76,M,Medicare,40,2,2,0,5,0,0
P13372,H05,61,F,Medicaid,43,0,0,1,4,0,0
P13373,H09,56,M,Medicare,19,3,0,0,4,0,0
P13374,H05,65,F,Medicare,19,2,0,1,3,0,0
P13375,H10,52,F,Commercial,12,1,1,0,7,0,0
P13376,H18,89,M,Commercial,34,2,2,0,5,0,0
P13377,H06,60,M,Commercial,70,1,1,0,8,1,0
P13378,H10,68,M,Medicaid,12,0,1,1,3,0,0
P13379,H06,77,M,Medicaid,51,0,0,0,5,0,0
P13380,H16,64,M,Commercial,41,4,2,0,5,0,0
P13381,H12,42,M,Commercial,61,3,1,0,6,1,1
P13382,H12,80,M,Commercial,61,3,1,0,5,1,1
P13383,H09,85,F,Commercial,17,0,1,1,2,0,0
P13384,H06,58,M,Medicare,21,1,0,1,5,0,0
P13385,H20,57,F,Medicare,71,5,1,0,5,1,0
P13386,H04,67,F,Commercial,19,3,1,0,3,0,0
P13387,H14,45,F,Medicare,32,3,1,0,6,0,0
P13388,H10,56,F,Medicare,17,2,2,0,3,0,0
P13389,H18,41,F,Medicare,53,0,1,1,6,0,0
P13390,H07,63,M,Medicaid,43,1,1,1,9,1,0
P13391,H14,62,M,Medicaid,30,0,1,1,4,0,0
P13392,H08,56,F,Medicare,43,4,0,1,10,0,0
P13393,H13,73,M,Medicare,82,3,1,0,8,1,1
P13394,H20,89,F,Commercial,40,2,2,0,3,0,0
P13395,H18,72,M,Medicaid,39,1,1,1,3,0,0
P13396,H14,64,F,Medicare,75,2,0,0,7,1,0
P13397,H05,77,F,Commercial,14,1,1,0,4,0,0
P13398,H05,73,M,Commercial,45,1,1,0,11,0,0
P13399,H02,57,M,Commercial,43,4,1,0,9,1,1
P13400,H06,60,F,Medicare,24,2,0,1,3,0,0
P13401,H05,72,F,Medicare,41,0,0,1,4,0,0
P13402,H06,72,M,Medicare,29,4,1,1,5,0,0
P13403,H16,68,F,Medicare,40,1,2,0,9,0,0
P13404,H14,69,F,Commercial,78,2,1,0,5,0,1
P13405,H18,69,F,Commercial,61,3,1,1,5,1,1
P13406,H12,54,F,Commercial,29,2,0,0,3,0,1
P13407,H17,70,M,Medicare,42,0,0,0,4,0,0
P13408,H03,61,F,Medicare,27,1,3,0,3,0,0
P13409,H11,79,M,Medicaid,42,1,0,0,4,0,0
P13410,H19,47,F,Medicaid,50,2,1,0,14,0,0
P13411,H08,71,M,Medicare,16,2,0,0,2,0,0
P13412,H15,77,F,Medicare,65,2,1,0,6,0,0
P13413,H15,86,F,Medicaid,21,3,1,0,4,0,0
P13414,H07,69,M,Medicare,60,5,0,0,7,1,1
P13415,H19,71,M,Medicare,38,1,1,1,8,0,0
P13416,H03,74,M,Commercial,53,3,1,1,9,0,0
P13417,H08,63,F,Medicare,57,3,1,1,5,0,1
P13418,H20,65,M,Medicare,47,0,2,1,9,0,0
P13419,H14,64,F,Medicare,54,3,0,1,8,0,0
P13420,H04,71,M,Commercial,46,3,2,0,9,0,0
P13421,H04,80,F,Medicare,61,5,1,0,6,1,1
P13422,H04,53,F,Medicare,78,2,0,0,8,0,0
P13423,H11,49,F,Medicare,65,3,3,0,8,1,1
P13424,H13,99,M,Medicare,26,2,0,0,3,0,0
P13425,H04,74,M,Medicare,38,2,0,0,7,0,0
P13426,H14,64,F,Medicare,55,3,0,0,5,0,0
P13427,H08,72,F,Medicare,76,1,0,0,6,1,1
P13428,H06,43,M,Medicaid,60,1,0,1,7,0,0
P13429,H08,80,F,Medicaid,13,2,0,1,2,0,0
P13430,H14,87,M,Medicaid,63,3,1,0,5,0,1
P13431,H12,50,F,Medicare,32,0,1,0,4,0,0
P13432,H02,66,M,Commercial,50,2,2,0,6,1,0
P13433,H17,62,F,Commercial,55,2,1,0,5,0,0
P13434,H14,72,M,Medicare,35,1,1,0,4,0,0
P13435,H10,49,F,Medicaid,79,2,0,0,8,0,0
P13436,H20,62,F,Medicare,35,0,1,0,4,0,0
P13437,H03,77,F,Medicare,67,1,0,0,8,0,0
P13438,H17,54,F,Commercial,27,2,1,0,4,0,0
P13439,H05,69,F,Commercial,54,1,0,0,4,0,0
P13440,H08,99,M,Medicare,45,0,2,0,5,0,1
P13441,H11,68,F,Medicare,48,3,1,0,6,0,0
P13442,H15,67,F,Commercial,52,2,0,0,6,1,0
P13443,H20,62,F,Medicare,44,3,0,1,5,0,0
P13444,H14,59,F,Medicare,22,3,0,1,5,0,0
P13445,H02,72,F,Medicare,50,4,0,1,6,0,0
P13446,H02,81,M,Medicare,64,3,0,0,5,1,0
P13447,H02,77,M,Medicare,33,2,0,0,3,0,0
P13448,H10,78,M,Medicaid,65,4,0,0,6,0,1
P13449,H10,62,M,Medicare,7,2,1,0,3,0,0
P13450,H20,69,M,Medicare,50,2,0,1,6,0,0
P13451,H15,68,F,Medicaid,76,3,2,1,10,1,0
P13452,H14,77,F,Medicare,7,3,0,0,2,0,0
P13453,H14,51,F,Medicare,60,5,0,1,5,1,0
P13454,H08,56,F,Medicare,26,3,0,0,4,0,0
P13455,H04,67,F,Commercial,43,1,1,0,5,0,0
P13456,H13,74,M,Medicare,70,2,1,0,7,0,0
P13457,H09,76,M,Medicare,85,4,0,0,10,1,1
P13458,H02,66,M,Medicare,82,0,1,0,6,0,1
P13459,H14,75,F,Medicare,41,4,1,0,4,0,0
P13460,H07,53,M,Commercial,47,1,0,0,5,1,0
P13461,H01,91,M,Medicare,64,6,0,0,4,0,1
P13462,H06,57,F,Medicare,38,3,0,1,7,0,0
P13463,H11,45,M,Medicaid,42,1,0,0,6,0,0
P13464,H10,36,M,Medicare,26,2,0,0,3,1,0
P13465,H20,60,F,Medicare,38,2,0,0,7,0,0
P13466,H03,89,M,Medicare,19,2,1,0,3,0,0
P13467,H17,68,M,Medicare,30,5,1,0,9,0,0
P13468,H01,63,M,Medicaid,45,2,0,0,6,0,0
P13469,H06,71,M,Commercial,37,4,0,0,9,0,0
P13470,H13,47,F,Medicare,10,1,0,1,4,0,0
P13471,H10,67,F,Commercial,42,2,0,1,4,0,0
P13472,H07,76,F,Commercial,34,4,2,0,3,1,0
P13473,H08,29,F,Commercial,23,0,0,1,3,0,0
P13474,H04,49,M,Medicare,44,3,2,0,5,0,0
P13475,H14,65,F,Medicaid,49,3,1,0,5,0,0
P13476,H20,47,M,Medicare,37,3,0,0,4,0,0
P13477,H11,68,F,Commercial,28,3,0,0,4,0,0
P13478,H11,85,F,Medicare,76,3,0,1,9,0,1
P13479,H15,66,M,Commercial,9,2,1,1,5,0,0
P13480,H05,77,F,Medicare,32,5,0,1,4,0,0
P13481,H16,79,M,Commercial,79,3,0,0,6,1,0
P13482,H13,62,M,Medicaid,57,2,0,0,5,0,0
P13483,H17,85,F,Medicare,32,1,1,0,8,0,0
P13484,H12,64,M,Commercial,10,1,1,0,7,0,0
P13485,H08,92,M,Commercial,73,3,1,1,5,1,1
P13486,H16,60,F,Commercial,45,1,1,0,7,0,0
P13487,H13,55,M,Commercial,61,5,0,0,8,0,0
P13488,H10,70,F,Commercial,48,1,0,0,4,0,0
P13489,H12,82,F,Medicare,6,2,1,1,1,0,0
P13490,H12,53,F,Medicare,15,0,2,0,6,0,0
P13491,H09,50,M,Medicare,70,3,1,0,7,1,1
P13492,H10,38,F,Medicare,39,2,3,1,9,0,0
P13493,H12,68,M,Medicare,34,2,0,0,5,0,0
P13494,H04,84,F,Medicaid,14,3,1,0,3,0,0
P13495,H04,66,M,Commercial,51,0,0,0,5,0,0
P13496,H11,58,M,Commercial,15,4,0,0,3,0,0
P13497,H20,65,M,Medicare,32,2,1,0,5,0,0
P13498,H02,57,M,Commercial,34,1,0,1,5,0,0
P13499,H18,59,M,Medicare,53,1,0,0,6,0,0
P13500,H11,53,M,Medicare,18,1,0,0,3,0,0
P13501,H01,93,M,Commercial,61,4,1,0,6,1,0
P13502,H04,72,F,Medicare,39,1,1,1,5,0,0
P13503,H05,80,M,Medicare,59,3,2,0,5,0,0
P13504,H09,70,M,Medicare,40,2,0,1,7,0,0
P13505,H12,69,M,Medicare,52,2,1,0,11,0,0
P13506,H14,91,F,Medicare,46,3,1,1,5,0,0
P13507,H01,57,M,Medicare,75,2,1,1,6,0,1
P13508,H09,69,M,Commercial,72,0,1,1,8,0,0
P13509,H17,61,F,Medicare,85,1,0,1,6,0,0
P13510,H01,79,M,Medicare,40,1,1,1,5,0,0
P13511,H07,59,M,Commercial,32,1,0,0,7,1,0
P13512,H08,88,F,Medicare,57,1,1,0,5,0,0
P13513,H11,64,M,Medicaid,27,2,1,0,3,0,0
P13514,H05,66,F,Medicaid,61,3,3,0,5,1,1
P13515,H07,64,M,Commercial,35,2,3,1,3,1,0
P13516,H14,79,F,Medicare,45,0,2,0,3,0,0
P13517,H11,76,F,Medicare,49,2,0,0,6,0,0
P13518,H14,61,M,Commercial,6,1,1,0,4,0,0
P13519,H15,72,F,Commercial,39,2,2,0,4,0,1
P13520,H04,89,F,Commercial,64,4,1,0,6,1,1
P13521,H18,57,M,Medicare,39,1,2,0,4,0,0
P13522,H16,78,M,Medicare,38,5,1,0,5,0,0
P13523,H06,77,M,Medicare,62,0,1,0,6,0,0
P13524,H14,66,M,Commercial,22,2,0,0,4,0,0
P13525,H16,52,F,Medicare,74,1,0,1,9,0,1
P13526,H09,73,F,Medicaid,71,2,0,0,6,0,0
P13527,H16,51,F,Medicaid,31,1,2,0,4,0,0
P13528,H11,63,M,Commercial,63,0,0,1,5,0,0
P13529,H08,82,F,Commercial,47,4,0,0,6,0,1
P13530,H19,74,F,Medicare,65,1,1,0,5,0,0
P13531,H02,70,F,Commercial,67,1,1,0,7,0,1
P13532,H17,52,F,Commercial,29,2,0,1,3,0,0
P13533,H18,89,F,Medicaid,22,1,1,0,3,0,0
P13534,H03,93,F,Medicaid,75,2,0,0,7,0,0
P13535,H18,27,F,Medicare,36,2,0,0,7,0,0
P13536,H16,84,F,Commercial,25,4,0,0,4,0,1
P13537,H08,50,M,Medicaid,34,2,0,0,4,0,0
P13538,H04,68,M,Medicare,60,2,1,0,6,0,0
P13539,H02,70,F,Medicare,46,3,1,1,7,0,1
P13540,H06,64,M,Medicare,28,3,1,0,5,0,0
P13541,H10,78,M,Medicare,58,1,2,0,7,0,1
P13542,H06,82,M,Medicaid,72,2,0,1,7,0,0
P13543,H15,58,M,Commercial,56,4,0,0,8,0,0
P13544,H05,61,F,Medicare,18,2,0,0,4,0,0
P13545,H16,84,F,Commercial,53,3,0,1,6,0,1
P13546,H13,60,M,Commercial,60,2,2,0,6,1,0
P13547,H07,57,F,Commercial,55,3,2,1,9,1,0
P13548,H07,70,F,Medicare,16,1,2,0,4,1,0
P13549,H04,75,M,Medicare,32,1,3,0,3,0,1
P13550,H12,61,M,Medicaid,47,0,1,0,8,0,0
P13551,H02,63,F,Medicaid,21,1,0,0,9,0,0
P13552,H18,94,M,Medicaid,44,2,0,1,8,0,0
P13553,H14,76,M,Medicare,37,1,1,0,3,0,0
P13554,H19,76,M,Medicare,13,3,0,0,5,0,0
P13555,H16,61,M,Medicare,66,2,0,0,6,1,0
P13556,H18,85,M,Medicare,52,6,0,1,4,0,1
P13557,H16,79,F,Medicare,61,0,0,0,8,0,0
P13558,H19,68,F,Commercial,53,0,1,1,5,0,0
P13559,H12,49,M,Medicare,74,3,0,0,6,1,0
P13560,H01,68,M,Medicare,33,1,1,0,4,0,0
P13561,H20,62,F,Medicare,32,1,1,0,5,0,0
P13562,H09,61,F,Commercial,34,2,1,0,8,0,0
P13563,H19,39,F,Medicare,67,2,2,0,6,0,1
P13564,H01,63,F,Medicaid,73,2,2,1,9,0,0
P13565,H01,76,M,Medicare,16,1,1,0,3,0,0
P13566,H05,89,F,Medicare,32,2,1,0,3,1,0
P13567,H08,69,M,Medicare,54,6,0,0,10,0,0
P13568,H18,45,M,Medicare,22,1,0,1,4,0,0
P13569,H17,47,M,Commercial,71,3,0,0,7,1,0
P13570,H18,78,M,Commercial,40,3,0,0,6,0,0
P13571,H02,70,F,Commercial,53,0,0,0,5,0,0
P13572,H07,59,F,Commercial,73,1,0,1,5,1,1
P13573,H19,66,M,Medicare,22,1,0,0,7,0,1
P13574,H10,64,F,Medicare,13,1,0,0,5,0,0
P13575,H04,58,M,Medicare,54,1,0,0,8,0,0
P13576,H16,93,F,Medicare,29,1,1,1,6,0,0
P13577,H03,72,M,Medicare,53,5,0,0,7,0,0
P13578,H13,66,M,Medicare,43,2,1,1,5,0,0
P13579,H05,54,F,Medicare,35,0,1,0,7,0,0
P13580,H01,69,F,Medicare,47,3,1,0,8,0,0
P13581,H07,46,M,Medicaid,47,2,1,0,8,1,0
P13582,H17,60,M,Medicare,25,2,1,1,6,0,0
P13583,H19,57,F,Medicare,56,1,0,0,7,0,0
P13584,H12,60,M,Commercial,27,0,2,1,3,0,0
P13585,H17,70,M,Commercial,52,1,0,0,9,0,0
P13586,H18,28,M,Medicare,37,2,0,1,4,0,0
P13587,H18,90,M,Medicare,71,1,1,0,5,1,0
P13588,H18,53,F,Commercial,69,5,0,0,6,1,0
P13589,H10,61,F,Medicare,69,1,1,0,7,0,1
P13590,H04,75,M,Medicare,38,2,0,0,5,0,0
P13591,H07,57,F,Medicare,51,4,1,0,4,1,0
P13592,H09,58,M,Commercial,78,1,0,0,7,0,0
P13593,H08,71,M,Medicare,54,1,1,0,5,0,1
P13594,H04,66,M,Medicare,46,4,1,0,5,0,0
P13595,H03,75,M,Medicare,58,2,0,1,5,0,1
P13596,H16,70,M,Medicaid,54,5,0,0,4,0,0
P13597,H02,87,M,Medicare,7,2,0,0,4,0,0
P13598,H19,69,M,Medicare,16,3,0,0,6,0,0
P13599,H01,68,M,Medicare,1,3,1,0,2,0,0
P13600,H17,73,M,Medicaid,63,4,0,0,5,1,1
P13601,H18,64,M,Medicare,58,2,0,1,8,0,0
P13602,H14,82,F,Medicare,40,0,0,0,6,0,0
P13603,H11,74,M,Commercial,23,1,0,1,3,0,0
P13604,H04,55,M,Commercial,73,6,0,1,8,1,1
P13605,H11,63,M,Medicaid,30,0,1,1,4,0,0
P13606,H05,61,M,Commercial,73,0,0,1,6,1,0
P13607,H02,41,M,Medicare,18,1,1,0,3,0,0
P13608,H03,63,F,Medicare,61,2,1,1,7,0,1
P13609,H20,66,M,Medicare,33,3,0,0,5,0,0
P13610,H03,59,M,Medicare,72,2,2,0,6,1,0
P13611,H13,53,M,Medicare,64,2,1,0,6,0,0
P13612,H14,61,F,Medicaid,42,6,1,0,5,0,0
P13613,H11,55,M,Medicaid,21,1,0,1,4,0,0
P13614,H10,91,F,Medicare,36,1,0,0,4,0,0
P13615,H15,70,M,Medicare,32,2,1,0,4,0,0
P13616,H17,71,M,Commercial,54,1,1,1,5,0,0
P13617,H16,62,F,Medicare,61,2,0,0,4,0,0
P13618,H06,64,F,Medicare,30,0,1,0,5,0,0
P13619,H19,49,M,Commercial,35,3,2,0,5,0,0
P13620,H19,62,M,Commercial,42,0,1,0,5,0,1
P13621,H17,67,F,Medicaid,33,2,0,0,5,0,0
P13622,H12,48,F,Medicare,33,2,0,0,7,0,0
P13623,H16,61,M,Medicare,65,0,0,0,8,0,0
P13624,H02,56,M,Medicaid,12,3,1,0,4,0,0
P13625,H15,64,F,Commercial,7,1,0,0,1,0,0
P13626,H13,87,M,Medicare,42,2,1,0,4,1,0
P13627,H08,77,F,Medicare,31,4,1,0,7,0,0
P13628,H17,85,F,Commercial,80,1,0,1,6,0,1
P13629,H07,66,M,Medicare,78,3,1,0,6,1,1
P13630,H11,63,F,Medicare,76,4,2,0,8,1,1
P13631,H15,67,F,Medicare,49,2,2,1,6,0,0
P13632,H15,91,M,Medicaid,42,0,0,0,6,0,1
P13633,H15,79,F,Medicare,73,3,1,0,7,1,0
P13634,H06,64,F,Medicaid,36,2,0,1,4,0,0
P13635,H17,79,F,Medicare,54,4,0,1,9,0,1
P13636,H09,92,F,Medicare,47,1,0,0,3,0,0
P13637,H19,76,M,Medicare,12,1,0,0,2,0,0
P13638,H16,82,M,Medicare,24,1,1,1,5,0,0
P13639,H06,65,F,Medicaid,13,8,0,1,4,0,0
P13640,H20,57,F,Commercial,83,2,1,0,6,0,0
P13641,H11,80,F,Medicare,44,0,1,1,4,0,0
P13642,H05,62,F,Commercial,20,0,2,0,3,0,1
P13643,H07,51,M,Medicare,60,3,2,0,5,1,0
P13644,H15,56,M,Commercial,47,1,1,0,4,0,0
P13645,H17,66,F,Medicare,17,2,1,0,4,0,0
P13646,H01,43,F,Commercial,13,2,1,0,5,0,0
P13647,H16,66,F,Medicare,60,1,0,1,4,0,0
P13648,H01,75,M,Commercial,68,3,0,0,8,1,0
P13649,H13,79,M,Medicare,26,0,1,1,4,0,0
P13650,H02,67,M,Medicare,30,1,1,0,4,0,0
P13651,H17,68,M,Medicaid,29,1,1,0,3,0,0
P13652,H08,62,F,Commercial,62,1,0,0,6,0,0
P13653,H04,61,F,Medicaid,33,0,1,0,6,0,0
P13654,H12,67,M,Medicare,59,2,0,0,5,0,0
P13655,H03,66,F,Commercial,65,0,0,0,6,0,0
P13656,H09,51,M,Commercial,60,4,3,0,6,0,0
P13657,H01,61,F,Medicare,42,3,0,0,5,0,0
P13658,H05,83,F,Medicare,56,2,0,0,7,0,0
P13659,H03,63,M,Medicare,74,1,0,0,5,0,0
P13660,H13,66,M,Medicare,21,2,0,0,4,0,0
P13661,H16,60,M,Medicare,63,1,2,0,6,0,0
P13662,H07,59,F,Medicaid,20,2,1,0,3,1,0
P13663,H11,74,F,Commercial,37,4,0,1,3,0,0
P13664,H10,65,M,Commercial,61,0,1,1,9,0,0
P13665,H15,56,F,Medicare,64,2,0,0,5,1,1
P13666,H12,61,F,Commercial,39,2,0,1,3,0,0
P13667,H03,62,M,Commercial,30,4,0,1,11,0,0
P13668,H03,51,F,Medicaid,82,3,0,0,7,1,0
P13669,H09,48,F,Medicaid,53,2,1,0,6,0,0
P13670,H02,74,F,Medicaid,8,2,0,0,4,0,0
P13671,H04,59,M,Commercial,35,3,0,1,7,0,0
P13672,H19,70,F,Commercial,27,2,1,0,3,1,0
P13673,H17,55,M,Commercial,46,2,0,0,7,0,0
P13674,H17,59,F,Medicare,59,6,0,0,4,0,0
P13675,H20,76,M,Medicare,5,5,0,0,2,0,0
P13676,H13,80,F,Medicaid,35,6,1,0,6,0,1
P13677,H15,59,F,Medicare,27,4,1,0,6,0,0
P13678,H05,60,F,Medicare,50,4,1,0,5,0,0
P13679,H01,88,M,Medicare,34,4,1,0,4,0,0
P13680,H06,61,M,Commercial,34,3,0,0,8,0,0
P13681,H15,76,M,Commercial,49,2,1,0,4,0,0
P13682,H01,72,M,Medicare,38,4,0,0,3,0,0
P13683,H16,80,M,Commercial,62,3,0,0,5,1,1
P13684,H07,62,M,Medicare,32,4,0,1,5,1,1
P13685,H16,75,M,Medicare,38,2,2,0,5,0,0
P13686,H20,72,F,Commercial,66,0,0,0,5,0,0
P13687,H09,53,F,Medicare,46,2,1,0,9,0,0
P13688,H08,52,F,Medicaid,33,5,1,0,3,0,0
P13689,H18,53,F,Commercial,2,3,1,1,4,0,0
P13690,H05,69,F,Medicare,77,3,0,0,9,1,0
P13691,H05,63,M,Commercial,49,3,3,1,7,0,1
P13692,H14,18,M,Commercial,88,2,1,1,7,1,0
P13693,H08,85,M,Medicare,53,1,2,0,5,0,0
P13694,H18,61,M,Commercial,38,3,0,0,4,0,0
P13695,H16,57,M,Medicare,46,4,0,0,5,0,0
P13696,H20,83,M,Medicare,49,3,0,0,5,0,0
P13697,H01,82,M,Medicare,66,2,2,0,10,1,0
P13698,H10,54,M,Medicare,21,1,0,0,4,0,0
P13699,H04,76,M,Medicare,37,1,1,0,5,0,0
P13700,H12,61,F,Medicare,42,2,0,0,4,0,0
P13701,H07,55,F,Medicare,87,2,0,1,6,1,0
P13702,H06,59,F,Medicare,23,2,0,1,5,0,0
P13703,H12,47,M,Medicare,14,4,1,0,2,0,0
P13704,H10,86,F,Medicare,49,1,0,0,8,0,0
P13705,H19,62,F,Commercial,38,3,0,0,4,0,0
P13706,H16,51,F,Medicare,57,4,0,0,6,0,0
P13707,H12,72,M,Medicaid,6,3,0,0,3,1,0
P13708,H14,62,F,Medicare,62,2,1,0,6,0,0
P13709,H19,54,M,Medicaid,87,1,0,0,6,0,0
P13710,H11,93,F,Medicare,55,0,0,1,5,0,0
P13711,H14,60,M,Medicare,39,1,1,1,5,1,0
P13712,H18,60,F,Medicaid,38,2,1,1,5,0,0
P13713,H08,76,M,Commercial,41,0,0,0,4,0,0
P13714,H09,38,M,Medicare,55,0,0,0,4,0,0
P13715,H10,45,F,Medicaid,69,1,1,0,6,1,1
P13716,H01,68,M,Medicare,47,3,0,0,6,0,0
P13717,H10,83,M,Medicare,33,1,0,0,4,0,0
P13718,H13,59,M,Medicare,23,2,0,0,6,0,0
P13719,H02,61,M,Commercial,28,2,0,0,4,0,0
P13720,H14,96,M,Commercial,63,1,0,0,4,1,0
P13721,H07,51,M,Medicare,47,3,0,1,4,1,0
P13722,H11,64,F,Medicare,82,2,0,1,7,1,1
P13723,H09,78,M,Medicare,71,1,1,1,5,0,0
P13724,H20,96,M,Commercial,48,5,1,0,6,0,0
P13725,H03,44,F,Commercial,55,0,1,0,9,0,0
P13726,H08,91,F,Medicare,20,1,0,0,3,0,0
P13727,H17,79,F,Medicare,87,1,0,0,9,1,0
P13728,H16,45,F,Medicaid,9,2,1,0,2,0,0
P13729,H03,89,M,Medicaid,64,4,0,0,5,1,0
P13730,H11,73,F,Commercial,34,1,0,0,4,0,0
P13731,H03,78,F,Commercial,59,2,0,0,5,0,0
P13732,H03,67,M,Medicare,62,2,0,0,7,0,0
P13733,H20,64,F,Medicare,55,3,1,1,4,0,0
P13734,H17,46,M,Medicare,65,1,1,0,4,0,1
P13735,H04,61,M,Medicaid,66,0,1,0,6,0,0
P13736,H12,64,F,Commercial,16,1,1,0,2,0,0
P13737,H05,77,M,Medicare,75,2,0,1,9,1,0
P13738,H18,73,F,Medicare,28,2,0,0,5,0,0
P13739,H10,59,M,Medicaid,57,2,0,0,4,0,0
P13740,H11,66,M,Medicare,33,1,1,0,6,0,0
P13741,H17,66,M,Medicare,51,1,0,1,4,0,0
P13742,H10,56,F,Commercial,53,2,0,1,5,1,0
P13743,H03,36,M,Medicare,57,4,0,0,5,0,0
P13744,H20,94,F,Medicaid,42,4,1,1,4,0,0
P13745,H09,63,M,Medicare,49,3,0,0,8,0,0
P13746,H08,68,M,Medicare,34,2,1,0,3,0,0
P13747,H01,99,F,Medicare,45,3,1,0,7,0,0
P13748,H12,33,M,Medicare,34,2,1,1,6,0,0
P13749,H04,45,F,Medicare,13,2,1,1,7,0,0
P13750,H07,75,M,Medicare,25,4,0,0,13,1,0
P13751,H10,67,M,Medicare,51,1,0,0,7,0,0
P13752,H16,83,F,Medicare,35,1,1,0,11,0,0
P13753,H13,92,M,Commercial,39,1,2,0,8,0,0
P13754,H13,54,M,Medicare,21,2,1,0,3,0,0
P13755,H12,55,M,Medicare,37,2,0,1,4,0,0
P13756,H11,59,M,Medicare,63,5,0,1,6,1,0
P13757,H18,87,F,Medicare,56,5,0,0,6,0,0
P13758,H03,61,F,Medicaid,33,2,1,0,4,0,0
P13759,H14,63,M,Medicare,43,0,0,0,4,0,0
P13760,H10,63,M,Medicare,89,3,1,0,6,1,1
P13761,H11,47,F,Medicaid,51,2,1,1,4,0,0
P13762,H03,56,F,Medicare,55,2,0,1,6,0,0
P13763,H02,67,F,Medicare,69,5,1,0,6,1,0
P13764,H07,50,F,Medicaid,18,7,2,1,3,1,0
P13765,H08,59,F,Medicare,65,0,1,0,7,0,0
P13766,H07,48,M,Commercial,48,2,0,1,7,1,0
P13767,H19,48,M,Medicare,69,1,1,1,5,0,0
P13768,H15,99,M,Medicaid,36,2,0,1,4,0,0
P13769,H02,75,M,Commercial,53,1,2,0,5,0,0
P13770,H09,96,M,Medicare,69,2,1,1,7,1,0
P13771,H19,62,M,Commercial,15,4,1,0,2,0,0
P13772,H06,87,M,Medicare,66,1,2,1,8,0,0
P13773,H02,48,M,Commercial,37,2,2,0,3,0,0
P13774,H16,56,M,Medicare,64,2,1,0,7,1,1
P13775,H03,72,M,Medicare,50,5,3,0,5,0,0
P13776,H07,46,M,Commercial,52,4,0,1,5,1,0
P13777,H07,47,M,Medicare,80,2,0,0,8,1,0
P13778,H09,70,F,Medicaid,38,1,1,0,4,0,0
P13779,H17,78,M,Commercial,41,2,0,1,4,0,0
P13780,H02,67,F,Medicare,40,0,0,0,8,0,0
P13781,H11,65,F,Medicaid,59,0,2,0,5,0,0
P13782,H12,58,M,Medicare,41,2,0,0,8,0,1
P13783,H18,63,M,Medicaid,44,0,1,0,8,0,0
P13784,H12,83,M,Commercial,66,2,0,1,5,1,0
P13785,H02,56,F,Commercial,27,0,0,0,5,0,0
P13786,H04,56,F,Medicare,81,0,0,0,8,0,0
P13787,H03,56,M,Medicaid,47,0,1,0,6,0,0
P13788,H12,66,M,Commercial,46,2,0,0,9,0,1
P13789,H19,72,M,Medicare,78,1,0,0,7,0,0
P13790,H02,62,F,Medicare,64,1,1,0,6,0,0
P13791,H03,50,M,Medicare,43,5,1,0,4,0,0
P13792,H09,63,M,Commercial,44,4,2,0,6,0,0
P13793,H16,66,F,Medicare,88,0,0,0,6,0,0
P13794,H05,68,F,Medicare,72,3,0,0,8,1,1
P13795,H07,69,M,Medicare,55,0,1,0,4,1,0
P13796,H13,85,F,Medicare,51,1,1,0,9,0,0
P13797,H19,62,F,Medicare,47,4,0,0,5,0,0
P13798,H02,53,F,Commercial,9,1,1,1,8,0,1
P13799,H20,59,M,Medicare,30,2,0,0,12,0,0
P13800,H20,84,M,Medicare,45,2,2,0,4,0,0
P13801,H20,77,F,Medicaid,46,5,0,0,12,0,0
P13802,H13,70,M,Medicare,60,3,2,0,8,1,1
P13803,H09,55,F,Commercial,54,1,2,1,6,0,0
P13804,H01,84,F,Commercial,38,0,0,0,4,0,0
P13805,H07,55,M,Medicaid,68,4,0,0,6,1,0
P13806,H03,52,M,Commercial,48,0,1,0,8,0,0
P13807,H17,66,M,Commercial,43,1,2,0,7,0,0
P13808,H13,72,M,Medicare,23,1,1,0,7,0,0
P13809,H04,75,F,Medicare,31,4,0,0,4,0,1
P13810,H18,84,F,Medicaid,34,4,1,1,6,0,0
P13811,H12,48,F,Medicare,24,3,0,0,8,0,0
P13812,H05,84,M,Medicaid,62,1,0,0,5,0,0
P13813,H19,65,F,Medicare,52,0,0,0,6,0,0
P13814,H06,78,F,Commercial,43,0,2,0,6,0,1
P13815,H01,66,M,Commercial,69,2,1,1,7,0,0
P13816,H12,77,M,Medicaid,27,1,1,0,4,0,0
P13817,H19,47,M,Medicare,65,3,1,0,6,1,0
P13818,H18,62,M,Commercial,48,3,1,0,8,1,0
P13819,H06,65,M,Medicare,23,5,1,0,5,0,0
P13820,H19,44,F,Commercial,22,1,0,0,2,0,0
P13821,H04,56,F,Medicaid,21,2,1,1,2,0,0
P13822,H06,64,M,Medicaid,63,4,0,0,7,1,0
P13823,H06,82,M,Commercial,27,2,1,0,5,0,0
P13824,H17,52,M,Medicare,57,1,3,1,5,0,0
P13825,H07,67,M,Medicare,48,1,0,1,6,1,0
P13826,H07,69,F,Medicare,51,1,0,0,4,1,0
P13827,H01,64,M,Medicare,35,0,0,0,9,0,0
P13828,H15,67,M,Medicare,43,1,0,0,5,0,0
P13829,H06,39,F,Medicare,29,0,1,0,8,0,0
P13830,H17,55,F,Medicare,40,2,0,0,7,0,0
P13831,H12,73,F,Medicaid,21,1,1,0,6,0,0
P13832,H18,56,F,Medicare,23,1,1,1,6,0,0
P13833,H02,63,F,Medicaid,60,1,0,0,6,0,0
P13834,H09,79,M,Medicare,31,0,0,0,4,0,0
P13835,H02,60,M,Medicare,54,1,0,0,8,0,0
P13836,H05,65,M,Medicare,55,2,1,0,4,0,0
P13837,H06,74,M,Medicaid,61,2,0,0,5,0,0
P13838,H10,53,M,Medicare,36,2,3,1,8,0,0
P13839,H10,60,F,Medicare,69,3,1,0,7,1,0
P13840,H11,54,F,Medicare,72,3,0,1,6,1,0
P13841,H11,93,F,Medicare,62,4,1,1,6,1,1
P13842,H12,56,F,Commercial,21,4,3,0,3,0,1
P13843,H09,88,F,Medicare,9,6,2,0,2,0,0
P13844,H20,60,F,Commercial,66,4,0,0,9,1,0
P13845,H15,83,F,Medicare,11,2,1,0,4,0,0
P13846,H07,57,F,Medicare,81,2,2,1,12,1,0
P13847,H12,79,M,Medicare,19,1,0,0,2,0,0
P13848,H02,60,M,Commercial,42,3,2,1,4,0,0
P13849,H03,48,F,Commercial,67,0,0,0,7,0,0
P13850,H07,68,F,Commercial,62,3,1,0,6,1,0
P13851,H08,61,M,Medicare,27,4,0,1,3,1,0
P13852,H04,81,F,Medicaid,27,1,0,0,3,0,0
P13853,H03,56,F,Commercial,55,3,1,0,7,0,0
P13854,H06,84,M,Medicare,54,1,0,0,6,0,0
P13855,H15,52,F,Medicaid,8,2,2,0,4,0,1
P13856,H13,54,M,Medicare,32,2,0,1,9,0,0
P13857,H01,63,F,Commercial,71,6,2,1,10,1,1
P13858,H11,65,M,Medicare,72,0,0,1,8,0,0
P13859,H03,41,F,Medicare,26,3,0,0,8,0,0
P13860,H04,85,F,Medicare,58,1,1,0,4,0,0
P13861,H04,81,F,Medicare,13,1,1,0,6,0,0
P13862,H13,57,F,Commercial,53,1,0,0,7,0,0
P13863,H09,62,F,Medicaid,53,3,1,0,5,0,0
P13864,H11,66,F,Medicare,25,1,1,1,4,0,0
P13865,H16,60,F,Medicaid,30,2,2,0,3,1,0
P13866,H02,55,F,Medicare,47,1,2,0,3,0,0
P13867,H09,52,M,Medicare,66,0,0,0,12,0,0
P13868,H01,61,M,Commercial,45,4,0,0,7,0,1
P13869,H01,89,F,Medicaid,68,2,1,0,5,1,0
P13870,H18,64,F,Medicare,48,0,2,1,4,0,0
P13871,H12,84,F,Medicare,26,1,0,0,7,0,0
P13872,H04,38,M,Medicare,46,1,1,1,5,0,0
P13873,H10,45,F,Medicare,71,1,0,1,8,0,0
P13874,H11,70,M,Commercial,63,1,2,0,5,0,1
P13875,H03,72,F,Commercial,33,3,1,0,4,0,0
P13876,H06,61,M,Medicare,51,0,0,0,4,0,0
P13877,H08,55,F,Medicare,38,1,2,0,6,0,0
P13878,H18,65,M,Medicare,17,1,0,0,5,0,0
P13879,H18,58,M,Medicare,60,5,1,0,6,1,0
P13880,H13,67,F,Medicare,29,0,0,1,3,0,0
P13881,H17,73,M,Medicaid,52,2,1,1,8,0,0
P13882,H17,58,F,Commercial,64,3,0,0,5,0,0
P13883,H02,74,M,Commercial,44,1,1,0,4,0,0
P13884,H10,65,F,Medicare,72,3,0,0,7,0,1
P13885,H05,65,M,Medicaid,73,2,0,0,6,0,0
P13886,H16,47,F,Medicare,46,1,2,0,5,0,0
P13887,H03,93,F,Medicare,35,2,0,0,4,0,0
P13888,H14,63,M,Commercial,29,1,0,0,5,0,0
P13889,H13,62,F,Medicaid,37,3,0,1,4,0,0
P13890,H09,76,F,Medicare,56,0,1,0,5,0,0
P13891,H01,69,F,Medicare,45,3,2,0,14,0,0
P13892,H16,78,M,Medicaid,60,2,1,0,6,1,0
P13893,H05,56,F,Medicare,30,0,0,0,6,0,0
P13894,H13,64,M,Medicaid,46,2,0,0,6,0,0
P13895,H17,64,F,Commercial,72,2,0,1,8,0,0
P13896,H13,81,M,Medicare,10,2,1,0,3,0,0
P13897,H11,66,M,Commercial,76,1,0,0,8,1,0
P13898,H03,61,M,Medicare,8,2,0,0,2,0,0
P13899,H13,65,M,Medicare,59,1,1,1,6,0,1
P13900,H05,93,F,Medicare,58,4,0,0,4,0,0
P13901,H06,88,M,Medicaid,61,2,2,0,6,0,0
P13902,H13,69,M,Medicare,70,2,0,0,7,0,1
P13903,H14,65,M,Medicare,50,2,0,1,5,1,0
P13904,H18,61,M,Medicare,26,1,2,0,6,0,0
P13905,H14,99,M,Medicare,35,1,1,0,8,0,0
P13906,H13,44,M,Medicare,34,1,1,0,4,0,0
P13907,H09,81,F,Medicare,32,3,1,0,4,0,0
P13908,H17,80,M,Medicare,55,3,1,1,10,0,1
P13909,H16,64,F,Medicare,48,0,0,1,12,0,0
P13910,H11,86,F,Commercial,71,1,2,1,6,0,0
P13911,H10,66,M,Commercial,55,0,1,0,8,0,0
P13912,H20,64,F,Medicare,47,1,1,0,5,1,0
P13913,H16,54,M,Medicare,55,2,1,0,7,0,0
P13914,H12,75,M,Commercial,2,1,0,0,2,0,0
P13915,H02,82,M,Medicaid,39,3,1,0,4,0,1
P13916,H10,72,F,Medicare,55,3,1,0,9,1,0
P13917,H07,56,F,Medicare,36,4,2,0,3,1,0
P13918,H10,53,F,Medicare,56,5,1,1,4,0,0
P13919,H10,58,F,Medicare,14,2,0,0,2,0,0
P13920,H01,66,M,Medicare,32,1,1,0,3,0,0
P13921,H05,86,M,Medicare,52,3,0,0,4,0,1
P13922,H20,93,F,Medicare,3,5,0,0,2,0,0
P13923,H06,70,F,Medicare,57,2,1,0,4,0,0
P13924,H11,82,M,Commercial,34,3,0,1,8,0,0
P13925,H07,65,F,Commercial,13,4,0,0,8,1,0
P13926,H20,69,M,Medicare,26,1,1,1,10,0,0
P13927,H09,60,M,Medicaid,28,2,1,0,4,0,0
P13928,H07,58,M,Medicare,55,0,0,0,4,1,0
P13929,H05,67,F,Commercial,79,4,2,0,5,1,1
P13930,H13,58,F,Medicaid,53,0,0,0,14,0,0
P13931,H16,35,M,Commercial,8,3,1,0,3,0,0
P13932,H02,68,F,Commercial,41,0,2,0,5,0,0
P13933,H02,83,F,Medicare,42,3,0,1,5,0,1
P13934,H16,57,M,Medicare,29,2,1,0,3,0,0
P13935,H19,88,M,Medicaid,36,3,1,1,4,0,0
P13936,H01,61,M,Medicare,41,1,0,1,7,0,0
P13937,H09,74,M,Medicare,91,0,3,0,6,1,0
P13938,H06,50,M,Commercial,59,3,1,0,5,0,0
P13939,H16,57,F,Commercial,27,4,2,0,3,0,0
P13940,H12,73,M,Medicare,42,0,4,0,4,0,0
P13941,H01,88,F,Medicare,28,0,0,0,3,0,0
P13942,H10,75,M,Medicare,9,1,2,0,5,0,0
P13943,H20,73,M,Commercial,46,1,0,0,6,0,0
P13944,H08,54,M,Medicare,76,3,2,0,10,1,1
P13945,H06,74,F,Medicare,52,2,3,1,12,0,0
P13946,H11,56,M,Medicare,59,3,0,1,7,0,0
P13947,H20,46,F,Medicaid,75,0,0,0,6,0,0
P13948,H09,64,M,Medicare,55,2,2,0,8,0,0
P13949,H11,54,M,Medicare,30,1,0,0,5,0,0
P13950,H11,51,M,Medicare,31,5,1,0,3,0,0
P13951,H03,51,M,Commercial,27,1,0,1,3,0,0
P13952,H03,64,F,Medicare,27,0,1,0,8,0,0
P13953,H07,50,F,Medicare,52,3,2,0,6,1,0
P13954,H08,83,F,Commercial,61,3,0,1,6,1,0
P13955,H19,62,F,Medicaid,8,0,1,0,10,0,0
P13956,H08,72,M,Medicaid,30,1,2,1,6,0,0
P13957,H13,20,F,Medicare,31,4,1,0,5,0,0
P13958,H13,78,F,Medicaid,71,4,0,0,5,1,1
P13959,H05,46,M,Medicaid,74,4,0,0,10,1,0
P13960,H11,59,M,Commercial,53,2,1,0,5,0,0
P13961,H04,63,M,Medicare,60,0,1,0,8,0,0
P13962,H12,70,M,Medicaid,20,0,0,0,4,0,0
P13963,H06,78,F,Medicaid,54,2,1,1,9,1,0
P13964,H09,69,M,Commercial,83,3,0,0,7,1,1
P13965,H08,42,M,Medicare,21,2,0,0,4,0,0
P13966,H17,99,F,Medicaid,48,1,0,1,5,0,0
P13967,H08,61,F,Medicare,54,2,0,0,4,0,0
P13968,H08,70,F,Medicaid,61,2,0,1,4,0,0
P13969,H06,69,M,Medicare,29,0,1,0,3,0,0
P13970,H08,61,M,Medicare,54,1,1,1,6,1,0
P13971,H07,55,M,Medicare,39,4,0,0,3,1,0
P13972,H18,78,M,Commercial,74,2,2,0,8,1,0
P13973,H12,66,M,Medicaid,82,2,2,0,6,0,1
P13974,H01,62,F,Medicare,54,1,0,0,5,1,0
P13975,H02,51,M,Commercial,76,0,0,0,6,0,0
P13976,H05,63,M,Commercial,53,1,0,1,4,0,0
P13977,H13,62,F,Medicare,84,0,1,1,6,0,0
P13978,H15,70,M,Medicare,30,1,0,0,6,0,0
P13979,H14,61,F,Medicare,27,2,1,0,3,0,0
P13980,H04,59,M,Commercial,21,0,0,0,4,0,0
P13981,H05,68,F,Commercial,45,0,0,1,7,0,0
P13982,H05,99,M,Medicaid,35,0,1,0,5,0,0
P13983,H04,77,M,Medicare,78,4,0,1,7,1,1
P13984,H17,73,F,Medicare,48,3,0,0,4,0,0
P13985,H02,65,M,Medicaid,34,1,0,0,4,0,0
P13986,H17,86,F,Medicare,54,0,0,0,7,0,0
P13987,H16,68,F,Medicare,28,2,1,0,5,0,0
P13988,H16,90,M,Medicaid,35,1,2,1,5,0,0
P13989,H12,69,F,Medicaid,57,2,1,0,5,0,0
P13990,H11,65,M,Medicaid,14,4,0,0,2,0,0
P13991,H01,96,F,Medicare,79,4,0,1,5,1,1
P13992,H15,51,M,Medicaid,77,4,2,0,7,1,1
P13993,H15,58,M,Medicare,62,5,1,1,8,1,1
P13994,H09,55,M,Medicare,8,2,0,0,2,0,0
P13995,H15,57,F,Medicare,49,1,1,1,5,0,0
P13996,H05,81,F,Commercial,52,2,2,0,5,0,0
P13997,H06,66,F,Medicare,51,2,1,0,8,0,0
P13998,H16,63,F,Medicare,28,0,1,0,6,0,0
P13999,H12,89,F,Medicare,41,2,3,0,5,0,1
P14000,H14,52,F,Medicare,25,1,1,1,4,0,0
P14001,H04,65,M,Commercial,45,4,1,0,8,1,0
P14002,H16,43,F,Medicare,69,1,0,0,9,0,1
P14003,H10,54,M,Medicare,28,2,2,0,6,0,0
P14004,H02,86,F,Commercial,18,1,1,0,4,0,0
P14005,H15,61,F,Commercial,56,1,1,0,5,0,0
P14006,H13,46,F,Commercial,35,4,2,0,4,0,0
P14007,H16,68,M,Commercial,8,1,1,1,3,0,0
P14008,H07,65,M,Medicaid,47,1,0,0,5,1,0
P14009,H05,66,F,Medicare,85,4,2,1,9,1,1
P14010,H09,80,M,Medicare,45,4,0,0,7,0,0
P14011,H05,84,M,Commercial,47,1,0,0,6,0,0
P14012,H15,67,F,Medicare,42,5,0,0,7,0,0
P14013,H05,70,F,Commercial,53,1,2,0,4,0,1
P14014,H01,84,M,Medicare,20,3,0,0,14,0,0
P14015,H01,89,F,Commercial,53,0,0,1,5,0,0
P14016,H09,73,F,Commercial,34,6,2,0,3,0,0
P14017,H19,97,M,Medicaid,72,2,0,0,7,1,0
P14018,H15,51,F,Commercial,41,1,1,1,4,0,0
P14019,H10,70,F,Commercial,52,1,0,0,6,0,0
P14020,H07,69,M,Medicare,66,2,2,0,5,1,1
P14021,H06,59,F,Medicare,85,2,0,0,7,0,1
P14022,H07,61,F,Commercial,45,2,1,0,9,1,0
P14023,H18,65,F,Commercial,5,2,0,1,4,0,0
P14024,H13,63,M,Medicaid,30,3,0,0,3,0,0
P14025,H12,87,F,Medicare,23,2,0,0,7,0,0
P14026,H16,49,F,Medicare,68,2,1,0,7,0,0
P14027,H17,65,F,Medicare,47,3,0,1,6,0,0
P14028,H19,89,M,Commercial,32,3,1,1,3,0,0
P14029,H16,38,F,Medicare,37,0,1,1,5,0,0
P14030,H04,82,M,Medicare,87,4,0,0,6,1,1
P14031,H10,65,M,Medicare,40,0,0,0,6,0,0
P14032,H01,56,F,Medicare,43,1,0,0,5,1,0
P14033,H16,64,M,Commercial,6,1,1,0,4,0,0
P14034,H15,76,M,Medicare,68,2,3,0,5,0,0
P14035,H17,59,M,Medicare,53,3,1,1,4,0,1
P14036,H10,66,M,Medicaid,58,2,0,0,5,0,0
P14037,H14,55,F,Medicaid,28,3,1,1,3,0,0
P14038,H11,78,F,Commercial,18,2,1,0,5,0,0
P14039,H16,75,M,Medicare,73,2,1,0,5,1,0
P14040,H09,53,M,Commercial,15,1,1,0,4,0,0
P14041,H07,61,F,Medicare,56,2,1,0,4,1,0
P14042,H11,65,F,Medicare,3,3,0,1,2,0,0
P14043,H10,82,M,Medicare,54,1,1,0,9,0,1
P14044,H18,75,M,Medicare,34,3,2,0,4,0,1
P14045,H13,86,F,Medicare,56,2,2,0,6,0,0
P14046,H15,69,F,Medicare,54,4,0,0,5,0,0
P14047,H05,78,M,Medicare,49,1,0,1,7,0,0
P14048,H07,84,F,Medicare,82,2,2,0,7,1,1
P14049,H06,65,M,Commercial,74,3,1,0,6,1,1
P14050,H07,57,F,Medicare,63,1,1,0,6,1,0
P14051,H18,79,F,Medicare,16,0,1,1,3,0,0
P14052,H06,77,F,Medicare,66,2,0,0,8,0,0
P14053,H19,76,M,Medicare,39,4,0,0,6,0,0
P14054,H14,56,M,Medicare,32,2,0,0,7,0,0
P14055,H05,58,F,Medicare,19,4,0,1,7,0,0
P14056,H17,64,F,Medicare,61,2,1,0,5,0,0
P14057,H03,76,M,Commercial,47,3,1,0,7,0,1
P14058,H06,99,F,Medicare,53,0,0,1,6,0,0
P14059,H02,53,F,Medicare,30,1,1,0,5,0,0
P14060,H04,53,F,Medicare,26,2,0,0,3,0,0
P14061,H15,67,M,Medicare,51,3,3,0,5,0,0
P14062,H06,74,F,Commercial,19,2,0,0,3,0,0
P14063,H07,53,F,Medicaid,59,1,3,1,7,1,0
P14064,H09,86,M,Medicare,32,3,0,0,6,0,0
P14065,H09,43,M,Medicaid,25,4,1,0,3,0,0
P14066,H14,63,M,Medicaid,44,2,3,1,4,0,0
P14067,H04,61,F,Medicaid,31,1,0,0,5,0,0
P14068,H09,70,F,Medicare,43,2,1,0,5,0,0
P14069,H18,55,M,Medicaid,33,3,1,0,3,0,0
P14070,H18,66,F,Medicare,5,2,1,0,4,0,1
P14071,H19,63,F,Medicare,64,1,1,0,5,0,1
P14072,H02,79,M,Commercial,33,1,0,0,8,0,0
P14073,H14,62,F,Medicare,7,2,0,0,4,0,0
P14074,H04,79,F,Medicare,25,1,0,0,3,0,0
P14075,H14,85,M,Medicaid,49,6,0,0,11,0,1
P14076,H01,53,M,Commercial,57,7,0,0,5,0,0
P14077,H09,38,M,Commercial,29,0,0,0,6,1,0
P14078,H17,50,M,Medicare,17,0,1,0,2,1,0
P14079,H13,51,F,Medicaid,62,3,1,1,5,1,1
P14080,H12,87,M,Commercial,40,5,0,0,4,0,0
P14081,H20,78,M,Commercial,83,4,0,0,10,1,1
P14082,H19,69,F,Commercial,41,1,0,0,5,0,0
P14083,H08,84,M,Medicare,56,1,2,0,9,0,0
P14084,H18,48,F,Medicare,39,1,1,0,6,0,0
P14085,H02,76,M,Commercial,47,2,0,1,4,0,0
P14086,H03,71,F,Commercial,23,3,1,0,3,0,0
P14087,H08,71,F,Medicare,8,3,3,0,1,0,0
P14088,H15,46,M,Commercial,13,1,0,0,4,0,0
P14089,H01,65,F,Medicare,60,4,0,0,5,1,0
P14090,H17,88,F,Medicare,19,2,0,0,8,0,0
P14091,H17,79,M,Commercial,21,2,0,0,5,0,0
P14092,H20,55,M,Medicare,77,1,0,0,7,0,0
P14093,H12,75,F,Medicare,76,4,1,0,7,1,1
P14094,H05,55,M,Medicare,31,2,0,1,9,0,0
P14095,H05,43,M,Commercial,56,1,1,0,5,1,0
P14096,H13,47,F,Medicare,59,2,0,0,5,0,0
P14097,H07,78,M,Medicare,35,1,2,0,4,1,0
P14098,H13,65,M,Medicare,57,6,4,1,6,1,1
P14099,H01,76,F,Medicaid,43,6,1,1,4,0,0
P14100,H06,48,M,Medicaid,74,1,1,1,5,1,1
P14101,H12,82,M,Medicare,45,1,0,0,4,0,0
P14102,H11,51,F,Medicaid,31,3,2,0,8,0,0
P14103,H14,62,F,Medicare,64,2,1,0,8,1,0
P14104,H18,60,M,Medicaid,73,3,0,0,8,1,1
P14105,H03,64,F,Medicare,46,0,0,0,4,0,0
P14106,H14,58,M,Medicare,48,3,1,1,5,0,0
P14107,H17,60,M,Medicare,21,2,2,0,7,0,0
P14108,H11,88,M,Commercial,38,3,1,0,10,0,1
P14109,H14,70,M,Medicaid,58,2,0,0,8,0,0
P14110,H01,75,F,Medicaid,39,1,0,0,7,0,0
P14111,H01,81,M,Medicare,61,6,1,1,5,1,0
P14112,H11,71,M,Commercial,10,1,0,0,2,0,0
P14113,H11,41,M,Medicare,68,3,0,1,5,0,0
P14114,H12,78,F,Medicare,4,2,0,1,2,0,0
P14115,H13,73,F,Medicare,42,4,0,0,10,0,0
P14116,H04,53,M,Medicare,49,2,0,0,4,0,0
P14117,H02,58,F,Medicaid,15,0,1,1,3,0,0
P14118,H01,79,M,Medicare,45,2,1,0,6,0,0
P14119,H01,62,F,Medicare,56,5,0,1,5,0,1
P14120,H16,63,F,Commercial,57,1,1,0,7,0,0
P14121,H20,48,F,Medicaid,70,4,0,0,7,1,0
P14122,H18,74,F,Commercial,41,2,0,1,4,0,0
P14123,H08,83,F,Medicare,37,0,2,1,6,0,0
P14124,H11,73,M,Medicare,10,5,1,1,4,1,0
P14125,H01,76,F,Medicaid,26,2,0,0,4,0,0
P14126,H20,64,M,Medicare,75,1,0,0,9,0,0
P14127,H15,60,M,Medicare,75,4,2,0,5,1,1
P14128,H08,78,F,Commercial,96,1,0,0,6,1,0
P14129,H11,61,M,Commercial,16,2,0,0,11,0,0
P14130,H03,74,M,Medicare,44,2,0,0,5,0,0
P14131,H11,92,M,Commercial,25,1,1,0,4,0,0
P14132,H09,44,F,Medicare,36,2,0,1,8,0,0
P14133,H01,43,M,Medicaid,65,4,3,0,5,1,1
P14134,H20,64,F,Commercial,43,1,0,1,5,0,0
P14135,H03,36,M,Medicare,77,0,0,0,8,0,1
P14136,H09,61,F,Commercial,18,2,1,0,3,0,0
P14137,H19,65,F,Commercial,49,4,2,1,4,0,0
P14138,H05,87,M,Medicaid,76,2,0,1,6,1,1
P14139,H04,64,M,Medicaid,21,3,0,1,4,0,0
P14140,H04,83,F,Commercial,31,3,1,0,3,0,0
P14141,H05,51,F,Commercial,74,1,0,0,7,0,0
P14142,H19,92,F,Medicare,15,2,0,0,2,0,0
P14143,H05,56,M,Medicare,23,0,2,0,4,0,0
P14144,H10,78,F,Commercial,13,3,0,0,3,0,0
P14145,H02,72,M,Medicaid,29,2,1,0,3,0,0
P14146,H18,77,F,Commercial,21,3,1,0,5,0,1
P14147,H03,96,M,Medicare,59,1,2,0,4,0,0
P14148,H07,67,M,Medicare,86,1,0,0,10,1,0
P14149,H13,63,F,Commercial,30,0,1,1,3,0,0
P14150,H15,41,F,Medicare,52,1,2,0,5,0,0
P14151,H11,89,M,Medicare,56,3,1,1,5,0,0
P14152,H01,62,M,Commercial,18,3,1,0,4,0,0
P14153,H10,58,M,Medicare,19,5,0,1,3,0,0
P14154,H12,47,F,Medicare,43,1,1,1,6,0,0
P14155,H08,55,M,Medicare,23,2,1,1,3,0,0
P14156,H15,57,F,Medicare,16,0,0,0,3,0,0
P14157,H11,66,M,Medicare,45,2,2,0,4,0,0
P14158,H12,50,M,Commercial,7,1,0,0,3,0,0
P14159,H03,73,F,Commercial,9,3,0,0,7,0,0
P14160,H13,71,M,Medicare,51,2,0,0,4,1,0
P14161,H03,80,M,Medicare,50,2,0,1,4,0,0
P14162,H05,66,M,Medicare,46,1,1,0,9,0,0
P14163,H12,40,M,Medicare,42,0,3,0,7,1,0
P14164,H12,74,F,Medicare,28,3,0,1,3,0,0
P14165,H18,84,M,Medicare,74,2,3,0,7,1,0
P14166,H06,56,M,Medicare,84,3,1,1,7,1,1
P14167,H01,71,M,Medicare,39,2,1,0,5,0,1
P14168,H05,68,F,Medicare,30,3,1,0,8,0,0
P14169,H20,80,F,Medicare,75,1,1,0,5,0,0
P14170,H08,61,F,Medicare,78,0,1,0,7,0,1
P14171,H20,48,M,Medicare,83,1,1,1,6,0,1
P14172,H02,91,F,Medicaid,27,2,0,1,4,0,0
P14173,H02,57,F,Medicare,12,0,1,1,3,0,0
P14174,H20,58,M,Commercial,4,2,1,0,2,0,0
P14175,H07,80,M,Commercial,51,3,1,0,8,1,1
P14176,H02,59,F,Medicare,38,4,0,1,5,0,0
P14177,H01,84,F,Medicaid,53,1,1,1,7,0,0
P14178,H03,57,F,Medicare,12,2,1,0,4,1,0
P14179,H20,77,F,Medicare,94,2,0,0,7,0,1
P14180,H18,57,F,Medicare,38,2,1,0,5,0,0
P14181,H05,60,F,Medicaid,42,1,1,0,4,0,0
P14182,H09,63,F,Medicaid,45,4,0,0,4,1,1
P14183,H17,86,F,Commercial,39,1,2,0,3,0,0
P14184,H12,60,M,Medicare,17,4,0,0,3,0,0
P14185,H02,67,M,Medicare,21,2,1,1,4,0,0
P14186,H04,69,F,Medicaid,15,1,2,0,4,0,0
P14187,H16,60,M,Medicare,39,1,0,0,6,0,0
P14188,H05,91,F,Medicare,79,1,0,0,6,0,0
P14189,H09,78,M,Commercial,48,4,0,0,6,0,0
P14190,H06,91,M,Medicare,44,5,1,0,4,1,0
P14191,H11,71,F,Commercial,52,3,2,0,6,0,0
P14192,H09,57,F,Commercial,57,3,0,0,6,0,0
P14193,H02,73,F,Medicare,42,0,1,0,11,0,0
P14194,H12,74,F,Medicare,22,2,1,0,4,0,0
P14195,H19,68,F,Medicare,29,2,1,1,4,0,0
P14196,H10,59,M,Medicare,17,1,1,0,3,0,0
P14197,H10,78,M,Medicare,67,1,0,0,5,0,0
P14198,H13,34,M,Medicare,57,2,0,1,6,0,0
P14199,H07,56,M,Medicaid,36,1,0,0,4,1,0
P14200,H01,77,M,Medicare,23,1,1,0,12,0,0
P14201,H07,45,M,Medicare,53,2,0,0,5,1,0
P14202,H14,62,F,Medicare,42,4,2,1,6,1,0
P14203,H10,52,F,Commercial,54,2,1,0,7,0,1
P14204,H12,66,M,Medicaid,41,2,2,0,3,0,0
P14205,H11,85,F,Medicare,49,1,1,0,9,0,0
P14206,H02,68,F,Medicare,33,4,1,1,4,0,0
P14207,H01,52,F,Commercial,58,1,0,0,4,0,0
P14208,H01,73,M,Medicare,60,3,1,0,5,0,1
P14209,H19,73,F,Medicaid,54,3,0,0,4,0,0
P14210,H13,70,F,Medicare,10,2,0,1,5,0,0
P14211,H14,65,M,Commercial,22,2,1,0,4,0,0
P14212,H13,70,M,Medicare,53,2,1,0,7,0,0
P14213,H03,47,M,Medicare,49,2,0,0,5,0,0
P14214,H14,84,M,Medicaid,47,3,1,0,4,0,0
P14215,H19,68,F,Commercial,48,1,2,0,7,0,0
P14216,H07,49,F,Medicare,14,0,0,0,9,1,0
P14217,H11,90,M,Medicaid,46,0,1,1,4,0,0
P14218,H19,72,F,Commercial,10,2,0,0,2,0,0
P14219,H15,95,M,Medicare,29,1,0,0,4,0,0
P14220,H03,51,F,Commercial,46,1,0,0,3,0,0
P14221,H14,71,M,Medicare,38,4,2,1,4,0,0
P14222,H03,89,F,Commercial,19,1,2,0,4,0,0
P14223,H04,55,M,Medicare,54,2,1,1,4,0,0
P14224,H08,51,F,Medicare,45,3,1,0,6,0,0
P14225,H05,85,M,Medicaid,55,2,0,1,6,0,0
P14226,H14,73,F,Commercial,56,1,2,0,4,0,0
P14227,H01,75,F,Medicare,50,0,0,1,5,0,1
P14228,H02,60,M,Medicare,86,2,0,0,11,0,1
P14229,H07,64,M,Commercial,73,1,0,0,10,1,0
P14230,H19,62,M,Medicare,69,2,0,0,9,0,1
P14231,H04,74,F,Medicare,30,2,0,1,8,0,0
P14232,H20,71,F,Medicare,50,1,0,0,4,0,0
P14233,H17,67,M,Medicare,67,2,0,0,9,0,0
P14234,H14,67,F,Medicare,68,2,2,1,5,0,1
P14235,H20,80,M,Medicare,69,4,1,1,9,1,1
P14236,H07,78,M,Medicaid,25,1,1,1,4,1,0
P14237,H08,66,M,Commercial,40,5,0,1,6,0,0
P14238,H16,38,F,Medicaid,12,0,1,0,2,0,0
P14239,H12,40,M,Commercial,17,1,1,0,4,0,0
P14240,H09,75,F,Commercial,64,3,0,0,6,1,0
P14241,H02,62,F,Medicare,77,2,0,0,5,0,0
P14242,H15,91,F,Medicare,41,0,2,0,11,0,0
P14243,H11,72,M,Medicare,69,3,1,0,5,1,1
P14244,H02,44,M,Commercial,14,3,0,0,6,0,0
P14245,H15,39,M,Commercial,16,2,1,0,3,0,0
P14246,H14,61,F,Medicare,46,3,2,0,4,0,0
P14247,H17,80,M,Medicare,25,5,0,0,5,0,0
P14248,H04,74,F,Medicare,51,1,1,1,5,0,0
P14249,H01,72,F,Medicare,22,0,0,1,3,0,0
P14250,H01,87,M,Medicare,61,1,1,0,5,1,0
P14251,H02,65,F,Medicare,20,2,1,1,3,0,0
P14252,H01,59,F,Commercial,76,1,0,0,6,0,1
P14253,H14,70,M,Commercial,59,0,1,0,4,0,0
P14254,H06,64,F,Commercial,16,0,1,0,4,0,0
P14255,H07,81,F,Medicare,39,2,0,1,5,1,0
P14256,H15,76,M,Medicare,28,4,1,0,5,0,0
P14257,H14,80,M,Medicare,89,4,0,0,8,1,1
P14258,H09,82,M,Medicare,57,3,0,1,6,0,1
P14259,H07,85,F,Commercial,40,2,1,0,4,1,0
P14260,H06,60,F,Medicare,49,1,0,0,7,0,0
P14261,H05,63,F,Medicare,44,3,1,1,4,0,0
P14262,H13,78,M,Medicaid,42,0,2,0,4,0,0
P14263,H10,80,F,Medicaid,54,0,0,1,6,0,0
P14264,H04,77,M,Commercial,74,3,3,0,7,1,1
P14265,H06,58,M,Medicare,69,3,1,1,6,1,1
P14266,H18,66,F,Commercial,18,2,0,0,3,0,0
P14267,H01,71,F,Medicaid,64,3,2,0,5,1,1
P14268,H07,64,F,Medicare,35,4,1,0,4,1,0
P14269,H19,88,F,Medicare,70,1,1,0,7,0,0
P14270,H07,78,F,Medicare,64,2,0,1,9,1,0
P14271,H02,67,F,Medicare,62,1,0,0,5,0,1
P14272,H06,57,F,Medicaid,31,1,0,0,5,0,0
P14273,H05,42,F,Medicare,10,1,1,1,6,0,0
P14274,H05,62,M,Medicare,65,2,0,0,7,0,0
P14275,H09,63,M,Medicare,65,2,1,0,10,1,0
P14276,H07,62,M,Commercial,41,2,2,0,5,1,0
P14277,H13,49,M,Commercial,59,6,1,0,10,0,1
P14278,H07,37,M,Medicare,32,1,0,1,5,1,0
P14279,H14,63,F,Commercial,44,1,0,0,3,0,0
P14280,H20,87,M,Commercial,54,1,0,1,5,0,0
P14281,H08,39,F,Medicaid,22,3,2,0,2,0,0
P14282,H16,70,M,Medicaid,47,3,0,0,4,0,1
P14283,H08,92,F,Medicaid,24,2,0,0,5,0,0
P14284,H18,50,F,Medicare,35,4,1,0,7,0,0
P14285,H13,69,F,Medicare,34,1,2,0,4,0,0
P14286,H02,54,M,Medicare,36,1,0,0,4,0,0
P14287,H18,72,F,Commercial,46,1,4,1,4,1,0
P14288,H10,26,F,Medicare,23,0,0,0,4,0,0
P14289,H05,85,F,Medicare,27,2,1,0,3,0,1
P14290,H13,77,F,Commercial,66,1,0,1,5,0,0
P14291,H03,62,M,Commercial,50,0,0,0,5,1,0
P14292,H14,66,M,Medicare,44,0,0,0,4,1,0
P14293,H15,63,M,Commercial,48,3,1,0,6,0,0
P14294,H02,80,M,Medicare,29,0,1,0,4,0,0
P14295,H08,73,F,Medicaid,22,1,1,0,3,0,0
P14296,H09,71,M,Medicaid,33,3,0,0,4,0,0
P14297,H17,39,M,Medicare,26,5,0,0,3,0,0
P14298,H07,72,F,Medicare,58,3,1,0,5,1,0
P14299,H10,61,M,Medicare,77,4,1,1,5,1,1
P14300,H19,59,M,Medicare,50,2,0,0,4,0,0
P14301,H15,95,F,Medicare,35,0,0,1,6,0,0
P14302,H16,60,F,Medicare,29,3,0,0,3,1,0
P14303,H17,79,F,Medicaid,30,4,0,0,5,0,0
P14304,H18,66,F,Commercial,52,2,0,1,4,0,0
P14305,H03,67,M,Commercial,64,1,1,1,5,0,0
P14306,H15,50,F,Medicare,84,3,0,1,6,1,1
P14307,H14,63,F,Medicaid,35,3,0,0,5,0,0
P14308,H11,60,F,Medicaid,66,1,1,0,7,0,0
P14309,H20,79,M,Medicaid,53,0,1,0,10,0,0
P14310,H11,58,F,Medicare,76,2,1,1,7,0,0
P14311,H10,79,M,Commercial,30,1,2,0,5,0,0
P14312,H18,71,F,Medicare,26,0,1,1,5,0,0
P14313,H02,45,F,Medicaid,12,7,0,1,2,0,0
P14314,H05,43,F,Commercial,32,3,0,1,4,0,0
P14315,H03,69,M,Medicare,51,1,1,0,5,0,0
P14316,H02,65,F,Medicare,13,5,0,0,2,0,0
P14317,H02,64,F,Medicare,54,3,0,1,5,0,0
P14318,H07,66,M,Medicare,60,5,0,1,4,1,0
P14319,H19,57,M,Commercial,27,3,1,1,5,0,0
P14320,H13,87,F,Medicaid,47,6,2,0,5,0,1
P14321,H08,82,F,Medicare,55,1,2,0,10,0,1
P14322,H11,64,M,Medicare,39,0,2,0,4,0,0
P14323,H06,70,M,Medicare,74,1,2,0,5,1,0
P14324,H19,64,F,Medicare,47,1,0,0,9,0,0
P14325,H15,51,M,Medicaid,40,4,0,0,6,1,0
P14326,H03,78,F,Medicare,28,0,0,0,4,0,0
P14327,H08,75,M,Medicare,17,1,0,0,4,0,0
P14328,H10,63,M,Medicare,33,3,0,0,4,0,0
P14329,H01,49,F,Medicare,39,2,0,1,4,0,0
P14330,H13,27,M,Commercial,16,2,0,0,4,0,0
P14331,H02,46,F,Commercial,62,2,0,1,7,0,0
P14332,H10,68,M,Medicare,60,1,0,0,7,0,0
P14333,H20,65,M,Medicare,88,0,0,1,7,0,0
P14334,H17,66,M,Medicare,75,1,1,0,11,1,0
P14335,H09,83,F,Medicaid,53,9,0,0,4,0,0
P14336,H02,70,M,Commercial,29,2,1,1,7,0,0
P14337,H09,70,F,Medicaid,65,3,0,1,7,1,0
P14338,H20,59,M,Medicare,33,3,0,1,5,0,0
P14339,H20,43,F,Medicare,29,3,0,0,5,0,0
P14340,H10,67,F,Commercial,17,4,2,0,6,0,0
P14341,H07,93,F,Medicare,52,1,0,0,6,1,1
P14342,H11,70,M,Medicaid,34,6,3,0,6,0,1
P14343,H09,45,M,Medicare,36,4,0,0,3,0,0
P14344,H07,92,M,Commercial,61,0,0,0,9,1,0
P14345,H15,71,M,Commercial,68,1,0,0,8,1,0
P14346,H12,77,F,Medicare,74,2,1,0,6,1,1
P14347,H18,71,F,Medicare,45,2,1,0,6,0,0
P14348,H10,81,M,Medicare,45,2,0,0,7,0,0
P14349,H17,75,M,Commercial,25,0,0,0,5,0,0
P14350,H16,90,M,Medicare,61,1,1,0,10,0,0
P14351,H12,68,M,Medicare,34,2,0,0,5,0,0
P14352,H12,68,M,Medicare,37,1,0,1,4,0,0
P14353,H06,89,M,Commercial,58,1,1,0,4,0,0
P14354,H16,49,M,Medicaid,7,1,1,1,2,0,0
P14355,H08,55,M,Medicaid,73,2,0,0,9,0,1
P14356,H04,52,M,Medicaid,18,4,3,0,3,0,0
P14357,H18,68,M,Medicaid,50,6,1,1,4,0,0
P14358,H19,38,F,Medicare,34,2,0,0,4,0,0
P14359,H14,74,F,Medicaid,41,4,0,0,4,0,0
P14360,H17,62,M,Commercial,18,3,2,1,4,0,1
P14361,H11,98,F,Medicare,34,4,0,0,4,0,0
P14362,H07,51,M,Medicare,39,5,0,0,5,1,0
P14363,H10,67,M,Medicare,21,3,3,0,4,0,0
P14364,H07,70,M,Commercial,48,1,0,0,4,1,0
P14365,H02,60,F,Medicare,15,2,0,1,5,0,0
P14366,H05,71,F,Medicare,30,2,0,0,7,0,0
P14367,H18,57,M,Commercial,58,0,0,0,7,0,0
P14368,H08,59,M,Medicaid,5,3,1,0,3,0,0
P14369,H09,79,F,Medicare,65,1,0,0,8,0,0
P14370,H06,67,M,Medicare,17,0,1,1,2,0,0
P14371,H07,77,F,Medicare,50,5,1,0,6,1,0
P14372,H17,46,F,Commercial,51,6,1,1,14,0,0
P14373,H17,70,M,Commercial,47,0,0,0,5,0,0
P14374,H16,70,F,Medicare,61,3,0,0,5,0,0
P14375,H14,76,F,Commercial,38,2,2,0,5,0,0
P14376,H09,54,F,Medicare,66,5,0,0,8,1,1
P14377,H16,60,M,Medicaid,22,3,1,1,3,0,0
P14378,H14,43,M,Commercial,30,3,1,1,8,0,0
P14379,H06,88,M,Medicare,29,2,0,0,5,0,0
P14380,H02,85,M,Medicare,29,0,0,1,4,0,0
P14381,H02,92,F,Medicare,31,1,0,0,5,0,0
P14382,H16,66,M,Commercial,41,2,0,1,8,0,0
P14383,H17,65,F,Commercial,38,3,1,0,3,0,0
P14384,H15,77,F,Medicare,17,3,1,1,2,0,0
P14385,H16,67,M,Medicaid,29,1,0,0,7,0,0
P14386,H04,98,F,Medicare,46,2,1,0,4,0,1
P14387,H04,70,M,Medicare,57,1,2,1,8,0,1
P14388,H03,67,F,Medicare,40,4,0,0,4,0,0
P14389,H03,61,M,Medicare,69,4,0,1,5,1,1
P14390,H08,63,F,Medicare,23,1,1,1,4,0,0
P14391,H12,66,F,Medicaid,73,6,0,0,9,1,0
P14392,H14,55,M,Commercial,30,0,0,0,6,0,0
P14393,H11,57,M,Medicare,80,2,0,0,6,1,1
P14394,H01,89,M,Commercial,48,1,2,0,6,0,0
P14395,H19,53,M,Medicaid,48,4,0,0,5,0,0
P14396,H03,90,M,Medicaid,70,2,3,0,7,0,1
P14397,H01,74,M,Medicare,35,3,1,0,6,0,0
P14398,H13,80,M,Medicare,60,3,1,0,6,1,1
P14399,H02,81,M,Medicaid,52,1,0,0,4,0,0
P14400,H16,64,F,Commercial,62,2,0,1,4,0,0
P14401,H20,57,F,Medicare,78,1,0,0,6,1,1
P14402,H04,64,M,Medicare,29,1,1,0,4,0,0
P14403,H20,72,M,Medicaid,24,7,0,1,4,0,0
P14404,H15,62,M,Medicaid,41,2,1,1,3,0,0
P14405,H04,70,F,Medicaid,49,1,0,1,4,0,0
P14406,H12,72,M,Medicare,52,1,1,0,6,0,0
P14407,H09,71,F,Medicare,33,2,3,0,3,0,0
P14408,H12,85,M,Commercial,16,2,1,0,3,0,0
P14409,H13,66,M,Medicare,37,4,0,0,4,0,0
P14410,H07,57,F,Medicare,61,1,0,0,8,1,0
P14411,H14,54,F,Medicare,67,2,1,1,9,0,1
P14412,H07,50,F,Medicare,31,1,2,0,4,1,0
P14413,H17,69,F,Commercial,62,1,0,1,7,0,0
P14414,H14,71,M,Medicare,65,3,1,0,7,1,0
P14415,H18,64,F,Commercial,30,3,4,0,10,0,0
P14416,H17,48,M,Commercial,56,4,0,1,5,0,0
P14417,H13,67,F,Commercial,35,3,0,1,3,0,0
P14418,H01,68,F,Medicare,29,0,0,0,3,0,0
P14419,H20,62,M,Medicare,77,1,0,0,9,0,0
P14420,H13,38,M,Medicaid,55,1,0,0,5,0,0
P14421,H10,69,M,Commercial,61,1,0,0,16,0,0
P14422,H07,73,M,Medicare,21,3,1,0,4,1,0
P14423,H17,54,M,Medicaid,61,0,0,0,7,0,0
P14424,H15,67,M,Medicare,73,2,1,0,5,0,0
P14425,H01,84,F,Medicare,41,2,0,0,5,0,0
P14426,H09,71,F,Medicare,43,3,0,0,5,0,0
P14427,H13,89,M,Medicare,68,2,2,0,6,0,0
P14428,H18,65,F,Medicaid,44,1,0,1,4,0,0
P14429,H16,88,M,Medicare,39,0,1,0,6,0,0
P14430,H17,75,F,Medicare,27,0,0,0,4,0,0
P14431,H15,60,M,Commercial,37,0,2,1,3,0,1
P14432,H19,49,M,Medicaid,3,1,1,0,9,0,0
P14433,H05,83,M,Commercial,34,1,0,0,7,0,0
P14434,H13,65,M,Medicare,52,2,1,1,5,0,0
P14435,H20,60,M,Medicare,22,2,1,0,3,0,0
P14436,H01,55,F,Medicare,28,1,0,0,7,0,0
P14437,H17,71,F,Commercial,46,2,0,0,5,0,0
P14438,H19,59,F,Medicaid,10,3,2,0,5,0,0
P14439,H09,60,M,Medicaid,7,1,1,1,2,0,0
P14440,H02,73,M,Medicaid,53,2,1,1,7,0,0
P14441,H10,56,M,Commercial,38,5,0,0,6,0,1
P14442,H18,66,F,Medicaid,45,3,0,0,6,0,0
P14443,H09,53,F,Medicare,78,0,0,0,9,1,0
P14444,H05,80,F,Medicaid,35,1,0,0,4,0,0
P14445,H16,68,F,Medicare,32,3,1,1,6,0,0
P14446,H03,69,M,Medicare,36,3,0,1,3,0,0
P14447,H19,54,M,Medicare,59,2,0,0,5,0,0
P14448,H19,54,F,Commercial,33,4,0,0,5,0,0
P14449,H04,56,F,Medicare,80,0,1,0,8,0,1
P14450,H10,63,F,Medicare,21,1,0,0,3,0,0
P14451,H10,78,M,Medicare,30,3,1,0,4,0,1
P14452,H16,75,M,Medicaid,87,2,2,0,6,1,0
P14453,H20,66,F,Medicare,59,2,0,0,4,0,0
P14454,H10,84,F,Medicare,35,0,2,0,3,0,0
P14455,H05,91,M,Medicare,20,3,0,1,5,1,0
P14456,H08,69,F,Medicare,28,1,2,1,6,0,1
P14457,H18,64,M,Medicare,15,0,0,1,4,0,0
P14458,H12,53,M,Medicare,55,4,0,1,6,0,0
P14459,H20,82,F,Commercial,62,3,1,0,6,1,1
P14460,H03,85,F,Medicare,71,3,1,0,5,1,1
P14461,H03,57,M,Medicaid,72,3,0,0,7,0,1
P14462,H06,70,F,Commercial,56,2,1,0,5,0,0
P14463,H19,74,F,Medicare,32,1,0,0,5,0,0
P14464,H05,96,M,Commercial,63,1,0,0,6,0,0
P14465,H10,83,M,Medicaid,38,0,1,0,5,0,0
P14466,H08,77,M,Commercial,64,3,0,0,5,1,1
P14467,H05,51,F,Medicare,48,0,0,0,5,0,0
P14468,H11,66,M,Commercial,21,2,1,0,3,0,0
P14469,H18,73,M,Medicare,76,2,0,0,7,1,0
P14470,H17,69,F,Medicare,83,2,0,1,7,0,0
P14471,H15,69,M,Medicaid,59,2,0,1,4,0,0
P14472,H13,38,M,Medicare,59,2,0,0,7,1,0
P14473,H14,83,M,Commercial,46,2,1,1,9,0,0
P14474,H17,51,F,Medicare,42,3,0,0,6,0,0
P14475,H12,71,F,Medicare,58,0,0,0,7,0,0
P14476,H01,30,F,Commercial,64,2,2,1,6,1,1
P14477,H12,59,F,Medicare,86,3,1,0,11,1,1
P14478,H07,77,M,Medicare,11,6,1,0,2,1,0
P14479,H09,92,M,Medicare,37,6,2,0,5,0,0
P14480,H04,79,F,Medicare,19,2,0,0,4,0,0
P14481,H05,74,F,Medicare,61,5,1,0,10,1,0
P14482,H03,65,F,Commercial,8,3,0,0,1,0,0
P14483,H12,75,F,Medicaid,32,2,0,0,7,0,0
P14484,H14,55,M,Medicare,73,3,1,0,5,1,1
P14485,H03,55,F,Medicare,28,1,0,1,5,0,0
P14486,H19,75,M,Medicare,35,1,1,0,9,0,1
P14487,H01,73,M,Medicare,74,3,1,0,9,1,0
P14488,H09,67,M,Medicare,10,2,1,0,3,0,0
P14489,H08,79,F,Medicare,9,5,1,1,4,0,0
P14490,H06,78,F,Medicare,55,1,1,0,7,0,0
P14491,H17,56,F,Commercial,20,1,1,0,4,0,0
P14492,H13,81,F,Medicare,45,0,0,1,5,0,0
P14493,H18,62,F,Medicare,60,4,0,0,5,0,0
P14494,H11,81,M,Commercial,57,2,1,0,5,0,0
P14495,H10,45,F,Commercial,55,5,0,0,4,0,1
P14496,H06,66,F,Medicare,67,2,0,1,5,0,0
P14497,H10,49,F,Medicare,70,0,0,0,7,1,0
P14498,H14,70,M,Commercial,68,1,0,0,6,0,0
P14499,H11,59,M,Medicare,25,5,0,1,5,0,0
P14500,H12,51,F,Medicare,43,2,1,1,5,0,0
P14501,H11,70,F,Medicare,46,2,0,1,11,0,0
P14502,H01,75,M,Medicaid,61,2,2,1,6,0,0
P14503,H06,66,M,Commercial,16,5,1,0,3,0,0
P14504,H17,56,F,Medicare,52,0,1,0,4,0,0
P14505,H01,49,M,Medicare,8,4,1,0,2,0,0
P14506,H20,74,M,Medicare,18,2,0,1,5,0,0
P14507,H05,73,F,Commercial,70,1,0,0,6,0,0
P14508,H06,39,M,Medicare,63,1,3,0,7,0,1
P14509,H14,71,M,Commercial,38,3,0,1,3,0,1
P14510,H18,70,F,Medicare,61,2,1,0,8,0,0
P14511,H15,70,M,Commercial,33,2,0,0,5,0,0
P14512,H03,45,F,Medicare,77,3,0,0,5,1,1
P14513,H01,61,F,Commercial,62,0,0,0,6,0,0
P14514,H06,62,F,Medicare,57,2,1,0,5,1,0
P14515,H14,58,M,Medicare,38,2,1,1,3,0,0
P14516,H03,60,M,Commercial,61,0,0,1,8,0,0
P14517,H20,63,F,Medicaid,24,1,2,0,4,0,0
P14518,H09,75,M,Medicaid,23,3,0,0,7,0,0
P14519,H08,39,M,Medicare,50,2,0,0,12,0,0
P14520,H10,79,M,Commercial,74,1,1,1,5,0,0
P14521,H12,87,M,Medicare,24,2,0,0,3,0,0
P14522,H03,76,M,Medicare,30,3,0,1,6,0,0
P14523,H02,65,F,Medicare,89,1,0,1,7,0,0
P14524,H06,70,M,Commercial,31,4,2,0,7,0,1
P14525,H07,54,F,Medicare,29,3,2,0,3,1,0
P14526,H12,80,F,Medicare,29,1,2,0,3,0,0
P14527,H10,81,M,Medicare,50,3,2,0,5,0,0
P14528,H11,46,M,Medicare,12,1,0,0,3,0,0
P14529,H07,85,F,Medicaid,31,2,4,0,8,1,0
P14530,H12,68,M,Medicare,16,1,0,0,2,0,0
P14531,H20,99,F,Medicare,23,2,0,0,6,0,0
P14532,H11,53,M,Medicare,42,0,0,0,3,0,0
P14533,H14,50,F,Medicare,24,6,0,0,4,0,0
P14534,H01,39,M,Medicare,62,0,0,0,7,0,0
P14535,H07,72,F,Commercial,28,0,2,0,3,1,0
P14536,H06,45,F,Medicare,38,0,1,0,8,0,0
P14537,H10,81,F,Medicare,19,2,0,0,5,0,0
P14538,H12,64,M,Medicare,71,2,2,1,7,0,1
P14539,H13,58,M,Medicare,12,1,0,0,5,0,0
P14540,H15,65,M,Medicaid,64,2,1,0,6,1,0
P14541,H19,44,F,Medicaid,82,4,0,0,9,1,1
P14542,H18,57,F,Medicare,43,3,0,0,4,1,0
P14543,H07,73,M,Medicare,40,1,2,1,6,1,0
P14544,H16,48,F,Medicare,36,3,1,0,4,0,0
P14545,H11,60,F,Medicaid,41,4,0,0,4,0,0
P14546,H19,64,M,Medicaid,31,4,1,0,3,1,0
P14547,H12,77,M,Medicaid,2,1,0,0,3,0,0
P14548,H14,67,M,Commercial,30,3,1,0,4,0,0
P14549,H14,46,F,Medicare,60,2,1,0,5,0,0
P14550,H08,69,M,Medicare,57,2,0,1,5,0,0
P14551,H19,64,F,Medicaid,87,2,1,0,9,0,0
P14552,H05,70,M,Medicare,6,2,0,0,4,0,1
P14553,H11,86,M,Medicare,32,0,2,1,6,0,0
P14554,H19,96,M,Medicaid,68,1,0,0,7,0,0
P14555,H06,68,M,Medicare,35,1,0,0,6,0,0
P14556,H10,72,F,Medicare,61,5,0,0,5,1,0
P14557,H05,74,F,Commercial,60,1,0,1,4,0,0
P14558,H16,82,M,Medicare,42,1,1,0,3,0,0
P14559,H01,65,M,Medicare,58,1,0,0,4,0,0
P14560,H20,77,F,Medicare,56,2,2,1,6,1,0
P14561,H08,51,F,Commercial,38,1,2,1,6,0,1
P14562,H19,63,M,Medicaid,82,3,0,0,6,1,1
P14563,H17,64,M,Medicare,52,2,1,0,7,0,0
P14564,H13,86,M,Medicare,51,3,0,1,8,0,0
P14565,H01,72,F,Medicare,9,4,0,0,2,0,0
P14566,H12,76,M,Medicaid,62,4,0,0,7,1,1
P14567,H04,67,F,Medicare,25,2,2,0,4,0,0
P14568,H04,62,F,Commercial,28,5,0,0,6,0,0
P14569,H08,74,M,Medicare,33,1,2,0,7,0,0
P14570,H19,60,F,Medicare,37,0,1,0,4,0,0
P14571,H14,61,M,Medicare,12,2,1,0,2,0,0
P14572,H13,86,F,Medicare,41,2,2,0,4,0,0
P14573,H13,76,F,Medicare,4,1,1,1,3,0,0
P14574,H05,59,F,Medicare,42,1,1,1,4,1,0
P14575,H04,75,M,Medicare,39,1,1,0,4,0,0
P14576,H11,69,M,Commercial,34,5,0,0,7,0,0
P14577,H18,47,M,Medicaid,29,3,1,0,7,0,0
P14578,H11,67,F,Medicaid,49,0,2,0,5,0,0
P14579,H06,67,F,Medicaid,33,2,0,0,3,0,0
P14580,H06,88,M,Medicare,49,1,1,0,5,0,0
P14581,H13,55,M,Commercial,55,0,1,0,6,0,1
P14582,H07,61,M,Medicaid,28,3,1,0,3,1,0
P14583,H14,68,F,Medicare,60,1,1,0,5,0,0
P14584,H03,53,M,Medicaid,23,3,0,0,3,0,0
P14585,H05,41,F,Medicaid,65,0,2,0,6,0,1
P14586,H05,81,M,Medicare,25,3,2,0,3,0,0
P14587,H19,66,F,Commercial,23,0,2,0,3,0,0
P14588,H06,64,F,Medicare,52,4,1,1,4,1,1
P14589,H06,69,F,Medicare,24,3,1,1,3,0,0
P14590,H12,56,F,Commercial,5,2,2,1,7,0,0
P14591,H13,56,F,Medicare,67,3,0,0,7,1,0
P14592,H19,94,F,Medicaid,54,1,0,0,4,0,0
P14593,H19,70,F,Medicare,38,1,0,0,4,0,0
P14594,H16,68,F,Medicare,59,1,0,0,4,0,0
P14595,H14,75,F,Commercial,57,1,1,1,6,0,0
P14596,H05,71,M,Medicare,42,2,1,0,4,0,0
P14597,H05,93,M,Medicaid,42,2,0,0,4,0,1
P14598,H01,49,F,Commercial,49,3,3,0,7,0,0
P14599,H19,54,F,Medicaid,52,4,0,0,6,0,0
P14600,H17,55,M,Medicare,73,4,1,0,6,1,0
P14601,H16,62,M,Medicare,72,3,0,0,6,1,0
P14602,H08,84,F,Medicare,28,3,2,1,3,0,0
P14603,H11,62,F,Medicaid,52,1,0,0,9,0,0
P14604,H04,69,M,Medicare,40,1,0,1,5,1,0
P14605,H17,70,M,Medicare,63,5,0,0,5,1,0
P14606,H01,55,M,Medicare,91,1,3,0,9,1,1
P14607,H05,77,F,Medicare,42,3,0,0,4,0,0
P14608,H01,67,F,Medicare,23,0,1,1,4,0,0
P14609,H12,99,F,Medicare,61,3,0,0,9,1,1
P14610,H07,54,F,Commercial,53,2,0,0,8,1,0
P14611,H19,68,F,Medicaid,38,1,1,0,5,0,0
P14612,H06,58,M,Commercial,39,0,1,0,3,0,0
P14613,H10,74,F,Commercial,3,2,2,0,2,0,0
P14614,H01,75,M,Medicare,70,4,3,0,6,1,0
P14615,H04,68,F,Medicare,65,2,1,0,6,1,0
P14616,H15,71,F,Medicare,18,2,1,1,3,0,0
P14617,H05,64,M,Medicaid,63,2,0,1,5,0,0
P14618,H05,67,F,Medicaid,32,5,1,1,4,0,1
P14619,H09,57,M,Medicare,39,2,1,0,5,0,1
P14620,H02,67,F,Medicare,70,2,1,0,7,0,1
P14621,H14,67,M,Medicare,23,3,0,0,3,0,0
P14622,H20,67,F,Medicare,65,2,1,0,5,0,0
P14623,H14,54,M,Commercial,28,1,0,0,5,0,0
P14624,H04,67,M,Commercial,50,4,1,1,4,0,0
P14625,H17,61,M,Medicare,50,0,0,0,4,0,0
P14626,H07,58,F,Medicare,59,2,1,0,5,1,0
P14627,H01,67,M,Medicare,51,5,0,1,4,0,0
P14628,H17,45,M,Medicare,62,0,1,0,6,0,0
P14629,H09,42,M,Medicaid,45,2,0,0,4,0,0
P14630,H05,56,F,Medicare,22,2,1,1,5,0,0
P14631,H15,48,F,Commercial,61,7,1,0,6,0,1
P14632,H05,91,F,Medicare,5,2,0,1,3,0,0
P14633,H12,65,M,Medicaid,62,1,1,1,5,0,0
P14634,H15,57,M,Medicare,24,5,0,0,3,0,1
P14635,H02,68,F,Commercial,78,2,1,0,6,0,1
P14636,H01,90,M,Medicare,31,5,1,0,4,0,0
P14637,H20,30,M,Medicaid,29,1,0,1,5,0,0
P14638,H06,82,F,Medicare,46,2,0,0,5,0,0
P14639,H04,55,F,Medicare,31,2,0,0,7,0,0
P14640,H09,51,F,Commercial,43,2,2,1,5,0,0
P14641,H17,80,F,Medicare,69,1,2,0,7,0,0
P14642,H04,51,F,Medicare,70,1,0,0,10,0,0
P14643,H01,66,M,Medicare,40,0,3,0,4,0,0
P14644,H05,86,M,Medicare,71,8,1,0,5,1,1
P14645,H15,73,F,Commercial,35,0,0,0,8,0,0
P14646,H13,63,M,Medicare,52,3,1,1,10,0,0
P14647,H06,43,M,Medicare,41,1,1,1,5,0,0
P14648,H12,64,F,Medicare,52,1,0,0,5,0,0
P14649,H11,79,M,Medicare,41,1,0,1,5,0,0
P14650,H13,81,F,Medicare,74,2,0,0,5,0,0
P14651,H05,57,F,Medicare,46,1,0,0,4,0,0
P14652,H09,40,F,Medicare,10,2,1,0,6,0,0
P14653,H06,68,M,Medicare,15,5,0,0,10,0,0
P14654,H19,55,F,Medicaid,63,2,1,0,5,0,1
P14655,H20,60,F,Medicare,36,2,1,0,7,0,0
P14656,H16,85,F,Medicare,45,2,0,0,6,0,0
P14657,H05,79,M,Medicare,77,3,1,1,6,1,1
P14658,H11,57,M,Commercial,61,1,0,0,6,0,0
P14659,H06,57,F,Medicare,42,1,0,0,5,0,0
P14660,H19,63,M,Medicare,39,2,1,1,3,0,0
P14661,H12,69,F,Commercial,22,2,0,0,3,0,0
P14662,H20,80,M,Medicare,53,5,0,0,12,0,1
P14663,H15,44,F,Medicare,25,2,1,0,3,0,0
P14664,H04,57,F,Commercial,36,1,1,0,4,0,0
P14665,H04,52,F,Medicare,54,2,0,1,4,0,0
P14666,H02,80,M,Commercial,46,1,0,0,6,0,0
P14667,H13,83,F,Medicare,57,3,2,1,7,0,0
P14668,H05,40,F,Medicaid,82,1,1,1,6,1,0
P14669,H08,70,F,Medicare,79,2,0,0,8,0,0
P14670,H08,70,M,Medicaid,91,1,0,0,6,0,1
P14671,H08,89,M,Medicare,60,1,0,0,6,0,0
P14672,H05,50,F,Medicaid,89,2,1,0,7,0,1
P14673,H04,79,F,Commercial,16,3,0,0,5,0,0
P14674,H15,41,F,Medicare,34,1,1,1,6,0,0
P14675,H09,55,M,Medicare,42,2,0,0,5,0,0
P14676,H10,77,M,Medicaid,19,3,1,1,3,0,0
P14677,H11,54,F,Medicare,42,1,0,0,7,0,0
P14678,H01,66,F,Medicare,47,3,0,1,5,0,0
P14679,H20,58,F,Medicaid,40,0,1,0,5,0,0
P14680,H07,75,F,Commercial,29,4,1,0,2,1,0
P14681,H16,33,F,Medicare,53,4,1,1,4,1,0
P14682,H04,61,F,Medicaid,45,1,2,1,7,0,1
P14683,H17,97,F,Commercial,53,2,0,0,4,0,0
P14684,H07,87,F,Medicaid,26,3,0,1,5,1,0
P14685,H20,55,M,Commercial,31,2,0,0,6,0,0
P14686,H06,60,M,Commercial,13,2,0,1,5,0,0
P14687,H01,52,M,Medicaid,50,4,1,0,5,0,1
P14688,H07,69,F,Medicaid,38,3,0,0,4,1,0
P14689,H14,53,M,Commercial,31,2,1,0,5,0,0
P14690,H09,53,M,Commercial,23,5,1,0,7,0,0
P14691,H14,54,M,Medicare,76,1,1,1,7,1,1
P14692,H18,86,F,Medicaid,79,2,1,0,7,0,0
P14693,H03,70,F,Medicaid,55,1,0,0,6,0,0
P14694,H16,64,F,Medicare,82,3,0,0,5,1,0
P14695,H16,85,F,Medicaid,34,0,1,0,3,0,0
P14696,H07,67,F,Medicare,65,1,0,1,7,1,0
P14697,H03,64,M,Medicare,20,4,3,0,3,0,0
P14698,H12,65,F,Medicare,27,4,2,0,5,0,1
P14699,H09,63,F,Medicare,76,3,1,0,6,1,0
P14700,H01,57,M,Medicare,32,6,1,0,5,0,0
P14701,H03,58,F,Medicaid,73,1,1,0,6,0,0
P14702,H16,44,M,Medicare,57,2,1,0,5,1,0
P14703,H04,77,M,Medicare,31,2,0,1,4,0,0
P14704,H01,40,F,Medicare,23,2,1,0,4,0,0
P14705,H09,71,F,Commercial,75,2,1,0,5,1,0
P14706,H07,81,F,Medicare,26,3,0,0,4,1,0
P14707,H06,48,F,Medicare,37,7,2,1,4,0,0
P14708,H13,75,F,Medicare,7,3,0,0,3,0,0
P14709,H06,65,M,Medicare,23,3,0,0,4,0,0
P14710,H11,64,M,Commercial,43,2,0,1,5,0,0
P14711,H05,61,M,Medicaid,17,0,0,0,6,0,0
P14712,H14,71,M,Medicaid,37,4,0,1,9,0,1
P14713,H10,63,F,Medicaid,15,2,0,0,6,0,0
P14714,H09,56,M,Medicare,32,3,0,0,5,0,0
P14715,H17,58,F,Commercial,62,1,2,0,5,0,0
P14716,H17,65,M,Commercial,26,1,1,0,8,0,0
P14717,H15,67,M,Medicare,68,2,1,0,6,0,1
P14718,H14,65,F,Medicare,41,1,1,0,4,0,0
P14719,H06,83,M,Medicare,56,2,0,0,6,0,0
P14720,H17,77,F,Commercial,60,0,0,0,6,0,0
P14721,H18,95,F,Medicaid,64,2,0,0,5,1,0
P14722,H10,79,F,Medicare,36,0,1,0,11,0,0
P14723,H16,68,F,Commercial,54,0,1,0,6,0,0
P14724,H04,94,F,Commercial,43,2,0,0,6,0,0
P14725,H11,80,F,Medicare,32,2,1,1,9,0,0
P14726,H09,75,M,Commercial,26,1,0,0,2,0,0
P14727,H06,55,F,Medicaid,72,1,0,1,7,1,0
P14728,H07,54,M,Medicare,45,1,1,0,4,1,0
P14729,H11,68,M,Commercial,12,1,0,0,2,0,0
P14730,H05,69,F,Medicare,31,1,0,0,9,0,0
P14731,H11,64,F,Commercial,48,2,0,0,7,0,0
P14732,H11,56,F,Commercial,68,2,1,0,5,0,0
P14733,H03,69,M,Commercial,34,3,2,0,4,0,0
P14734,H14,82,F,Medicare,45,2,0,0,4,0,0
P14735,H06,69,F,Medicare,67,4,0,0,7,1,1
P14736,H03,69,F,Commercial,74,0,0,0,7,0,0
P14737,H15,40,F,Medicare,90,1,0,0,7,0,0
P14738,H05,56,F,Medicaid,31,3,0,0,5,0,0
P14739,H03,64,M,Medicare,18,2,0,0,7,0,0
P14740,H05,72,F,Medicaid,55,2,0,0,5,0,0
P14741,H03,69,M,Medicare,63,3,2,0,4,1,0
P14742,H19,45,F,Medicare,51,0,0,0,5,0,0
P14743,H04,69,M,Medicaid,36,1,1,0,5,0,0
P14744,H09,35,M,Commercial,48,4,1,0,11,0,0
P14745,H12,61,M,Medicare,35,1,0,1,4,0,0
P14746,H01,53,F,Medicaid,33,1,2,0,3,0,0
P14747,H10,72,F,Commercial,68,5,0,0,12,1,1
P14748,H07,62,M,Medicare,44,3,1,0,3,1,0
P14749,H09,79,F,Commercial,74,4,1,1,5,1,1
P14750,H04,75,M,Commercial,33,1,1,0,9,0,0
P14751,H05,38,F,Medicare,29,3,1,0,4,0,0
P14752,H09,75,F,Commercial,69,1,1,0,6,0,0
P14753,H02,87,M,Medicare,29,1,1,1,2,0,0
P14754,H11,82,M,Medicare,44,3,2,0,6,0,0
P14755,H20,87,F,Medicaid,51,3,0,0,8,0,1
P14756,H01,73,M,Commercial,32,2,0,1,3,0,0
P14757,H13,71,M,Medicare,30,3,0,1,9,0,0
P14758,H08,85,F,Commercial,34,0,0,1,7,0,0
P14759,H03,51,F,Medicare,44,1,0,0,5,0,0
P14760,H10,71,M,Medicare,32,0,2,1,5,0,0
P14761,H04,78,F,Medicare,79,0,1,0,7,0,0
P14762,H02,60,M,Medicare,80,2,0,0,7,0,0
P14763,H15,68,F,Medicare,58,0,2,1,5,0,0
P14764,H18,65,M,Medicare,74,2,1,0,8,0,1
P14765,H10,75,F,Commercial,13,2,0,1,6,0,0
P14766,H10,49,M,Medicaid,43,2,0,0,5,0,0
P14767,H03,66,M,Medicaid,41,2,1,1,5,0,0
P14768,H20,83,M,Medicare,14,4,1,1,4,0,0
P14769,H13,67,F,Medicare,59,1,1,0,5,0,0
P14770,H19,88,F,Medicaid,20,1,1,0,12,0,0
P14771,H16,54,M,Medicare,25,1,3,0,3,0,0
P14772,H10,55,M,Medicaid,56,0,1,0,8,0,0
P14773,H01,59,M,Medicare,29,0,0,0,10,0,0
P14774,H14,53,F,Commercial,21,4,0,1,4,0,0
P14775,H03,64,M,Medicare,34,0,0,0,9,0,0
P14776,H09,74,M,Medicare,12,3,2,1,3,0,0
P14777,H07,64,M,Medicare,36,1,3,0,4,1,1
P14778,H19,80,F,Medicare,61,6,2,1,8,1,1
P14779,H08,69,F,Medicare,69,1,1,1,9,0,0
P14780,H13,77,F,Medicare,34,3,0,0,3,0,0
P14781,H06,81,F,Medicare,41,2,2,0,6,0,0
P14782,H02,76,M,Medicaid,60,4,1,0,4,1,0
P14783,H15,92,M,Medicaid,26,1,0,0,6,0,0
P14784,H16,78,M,Medicare,62,0,0,0,6,0,0
P14785,H08,79,M,Commercial,27,2,0,0,4,0,0
P14786,H15,66,F,Medicare,42,2,2,1,4,0,0
P14787,H18,68,F,Commercial,20,1,1,0,5,0,0
P14788,H20,58,F,Medicaid,21,5,1,0,5,1,0
P14789,H12,63,M,Medicaid,38,4,1,0,4,0,0
P14790,H16,64,M,Commercial,64,1,1,0,10,0,0
P14791,H15,75,M,Medicare,13,1,1,1,3,0,0
P14792,H17,75,F,Medicaid,27,4,0,0,4,0,0
P14793,H09,63,M,Commercial,76,0,3,0,6,0,1
P14794,H17,64,F,Commercial,63,0,0,0,5,0,1
P14795,H18,67,F,Commercial,75,1,3,0,6,0,0
P14796,H08,98,M,Medicaid,56,5,1,0,4,0,1
P14797,H19,71,M,Medicaid,54,4,1,0,5,0,0
P14798,H08,99,F,Medicare,62,1,2,0,10,0,0
P14799,H17,61,F,Medicare,57,4,1,0,10,0,1
P14800,H13,47,F,Commercial,63,2,0,0,10,0,0
P14801,H12,75,M,Commercial,40,6,2,1,5,0,1
P14802,H06,66,F,Medicaid,56,3,1,1,6,0,0
P14803,H10,75,M,Medicaid,70,3,1,0,5,1,0
P14804,H07,58,M,Commercial,49,3,0,1,4,1,0
P14805,H04,62,M,Commercial,23,7,0,0,6,0,0
P14806,H16,80,M,Commercial,53,4,1,0,6,0,0
P14807,H02,93,M,Medicare,37,0,0,0,7,0,0
P14808,H14,77,M,Medicare,26,5,0,0,3,0,0
P14809,H03,74,M,Medicare,40,0,1,1,4,0,0
P14810,H08,65,M,Medicare,45,3,2,1,6,0,1
P14811,H11,79,F,Medicare,78,3,1,0,5,0,1
P14812,H08,57,F,Commercial,28,1,0,0,3,0,0
P14813,H13,84,F,Medicare,35,0,2,1,5,0,0
P14814,H05,70,M,Commercial,37,2,0,1,4,0,0
P14815,H16,69,M,Medicaid,40,2,1,1,5,0,0
P14816,H17,75,M,Medicare,37,1,2,1,4,0,0
P14817,H11,47,F,Medicare,27,2,1,0,3,0,0
P14818,H07,92,M,Medicare,36,1,1,0,4,1,0
P14819,H18,74,F,Medicare,56,4,2,1,4,0,0
P14820,H06,76,F,Medicare,12,0,1,0,6,0,0
P14821,H01,61,M,Medicare,41,3,0,1,6,0,0
P14822,H20,68,M,Medicare,84,0,1,0,6,0,1
P14823,H02,62,F,Medicare,87,2,1,0,8,1,1
P14824,H08,65,F,Medicare,69,4,1,1,11,0,1
P14825,H08,73,M,Medicare,34,4,3,0,5,0,0
P14826,H02,84,F,Medicare,44,3,1,0,7,0,0
P14827,H18,57,F,Medicare,45,2,1,1,4,0,0
P14828,H12,65,M,Medicaid,61,3,0,1,5,0,1
P14829,H08,44,F,Medicare,58,4,0,0,4,0,1
P14830,H16,75,F,Medicare,70,1,0,0,7,1,0
P14831,H19,64,M,Medicare,30,0,0,0,6,0,0
P14832,H04,60,F,Commercial,13,4,0,0,3,0,0
P14833,H06,73,M,Medicaid,21,3,0,0,5,0,0
P14834,H12,82,M,Medicaid,3,4,0,1,3,0,0
P14835,H12,99,F,Medicaid,23,2,1,0,3,0,0
P14836,H06,62,F,Commercial,43,2,1,0,4,0,0
P14837,H19,99,F,Commercial,15,4,2,0,3,0,0
P14838,H13,72,M,Commercial,42,1,1,0,4,0,0
P14839,H13,88,M,Medicare,32,2,0,1,5,0,0
P14840,H09,91,M,Medicare,35,2,0,0,6,0,1
P14841,H06,63,M,Medicare,8,1,0,1,2,0,0
P14842,H07,60,M,Medicare,35,1,1,1,9,1,0
P14843,H18,73,M,Commercial,16,3,0,0,3,0,0
P14844,H05,56,F,Medicare,71,1,1,1,6,0,0
P14845,H02,79,F,Commercial,24,2,2,0,4,0,0
P14846,H12,67,M,Medicare,67,4,1,1,6,1,0
P14847,H07,82,F,Medicare,34,4,0,0,3,1,0
P14848,H20,20,M,Medicare,34,5,0,0,4,0,0
P14849,H09,86,M,Medicare,39,2,2,0,4,0,0
P14850,H01,76,F,Commercial,70,2,0,0,6,1,1
P14851,H15,55,M,Medicare,23,2,2,0,4,0,0
P14852,H04,57,F,Commercial,80,1,1,0,10,1,0
P14853,H02,92,M,Commercial,33,0,1,0,4,0,0
P14854,H16,65,M,Medicare,17,1,0,1,2,0,0
P14855,H05,59,M,Medicaid,50,1,0,0,8,0,0
P14856,H03,79,M,Medicare,62,0,0,0,8,0,0
P14857,H13,66,M,Medicare,31,0,0,1,7,0,0
P14858,H04,72,F,Medicare,66,2,1,1,6,1,0
P14859,H07,70,M,Medicare,21,0,0,0,3,1,0
P14860,H12,70,F,Medicare,16,0,1,1,3,0,0
P14861,H06,52,F,Commercial,27,5,0,0,4,0,0
P14862,H16,74,F,Medicare,44,4,1,0,4,0,1
P14863,H10,60,M,Medicare,33,2,1,0,4,0,0
P14864,H17,86,M,Medicare,52,0,1,0,7,0,0
P14865,H09,65,F,Medicare,59,1,0,1,6,0,0
P14866,H10,50,M,Medicaid,84,2,0,0,7,1,0
P14867,H17,72,M,Medicare,56,0,0,1,6,0,0
P14868,H11,81,F,Commercial,12,3,1,0,3,0,0
P14869,H09,61,F,Medicare,31,1,1,0,4,0,0
P14870,H10,73,F,Medicare,30,4,0,0,3,0,0
P14871,H13,46,M,Commercial,50,1,0,0,5,0,0
P14872,H02,73,F,Medicare,50,2,1,1,4,0,0
P14873,H20,60,F,Medicare,58,2,0,0,12,0,0
P14874,H10,72,M,Medicare,92,4,2,0,8,1,1
P14875,H14,46,M,Medicaid,19,3,1,0,5,0,0
P14876,H16,73,M,Commercial,48,0,0,0,6,0,0
P14877,H13,85,M,Medicare,60,2,1,0,4,0,0
P14878,H01,56,M,Medicare,65,2,1,0,5,0,0
P14879,H19,85,F,Medicare,68,1,1,0,10,0,0
P14880,H17,57,F,Medicare,43,2,1,0,8,0,0
P14881,H20,72,M,Medicare,33,4,0,1,4,0,0
P14882,H16,66,F,Medicaid,72,0,1,1,5,0,0
P14883,H12,77,F,Commercial,69,0,0,0,6,1,0
P14884,H17,43,M,Medicaid,40,2,0,0,5,0,0
P14885,H03,78,M,Medicare,45,4,2,1,7,0,0
P14886,H13,71,M,Commercial,57,0,0,1,5,0,0
P14887,H10,47,F,Medicare,53,1,1,0,8,0,0
P14888,H07,73,F,Commercial,46,6,1,0,5,1,0
P14889,H01,56,M,Medicaid,28,1,1,0,4,0,0
P14890,H11,67,M,Medicare,46,0,3,0,7,0,0
P14891,H20,78,M,Medicare,41,1,2,1,4,1,0
P14892,H07,71,F,Medicare,36,0,0,0,11,1,0
P14893,H01,33,F,Medicare,36,3,0,1,6,0,0
P14894,H16,77,F,Medicare,66,2,0,0,7,0,0
P14895,H17,61,M,Medicaid,45,4,0,0,4,0,1
P14896,H14,56,F,Commercial,55,6,0,0,12,0,0
P14897,H11,51,F,Medicare,19,4,2,0,3,0,1
P14898,H18,74,M,Medicare,70,2,0,0,7,0,0
P14899,H20,60,F,Medicare,38,3,0,1,5,0,0
P14900,H13,65,F,Medicare,28,1,2,1,3,0,0
P14901,H13,55,M,Medicare,10,4,0,0,3,0,0
P14902,H18,72,F,Medicare,89,4,0,0,6,1,1
P14903,H08,51,M,Medicare,66,3,0,0,6,1,0
P14904,H20,85,F,Medicare,71,1,1,0,6,0,1
P14905,H11,81,F,Medicaid,75,3,1,0,8,1,1
P14906,H12,71,M,Medicare,88,1,3,0,7,1,1
P14907,H02,77,M,Medicare,34,1,2,1,7,0,1
P14908,H06,61,F,Commercial,79,2,0,0,7,1,0
P14909,H06,50,F,Medicare,15,1,0,0,5,0,0
P14910,H18,75,M,Commercial,55,2,0,1,5,0,0
P14911,H13,62,M,Medicare,17,1,1,0,4,0,0
P14912,H17,55,F,Medicare,19,4,1,0,4,0,0
P14913,H14,73,F,Commercial,66,1,1,0,6,0,0
P14914,H12,59,M,Medicare,53,3,1,1,5,0,0
P14915,H16,46,M,Commercial,10,3,2,0,4,0,0
P14916,H10,88,F,Medicaid,45,3,0,0,8,0,1
P14917,H10,56,M,Medicare,84,1,0,0,7,0,1
P14918,H14,60,F,Commercial,42,1,1,1,4,0,0
P14919,H19,62,M,Medicaid,32,3,0,0,5,0,0
P14920,H02,51,F,Medicare,60,0,2,0,7,0,0
P14921,H17,71,F,Commercial,31,3,0,0,5,0,0
P14922,H02,50,F,Medicaid,50,4,1,0,4,0,0
P14923,H15,60,M,Medicare,30,4,1,0,3,0,0
P14924,H15,55,M,Medicare,4,1,1,1,3,0,0
P14925,H03,47,M,Commercial,25,2,0,0,3,0,0
P14926,H14,63,M,Medicare,28,2,0,0,4,0,0
P14927,H11,76,M,Medicare,65,6,0,0,8,1,0
P14928,H05,76,F,Medicare,27,2,0,1,6,0,0
P14929,H03,65,M,Medicare,14,1,3,0,4,0,0
P14930,H09,55,M,Commercial,48,1,0,1,4,0,0
P14931,H01,72,F,Medicaid,54,1,1,0,9,0,0
P14932,H13,52,F,Medicaid,30,2,0,0,4,0,0
P14933,H11,99,F,Medicare,15,3,0,0,7,0,0
P14934,H08,78,F,Medicaid,83,2,0,0,6,0,1
P14935,H19,63,F,Medicare,57,1,0,1,6,0,0
P14936,H03,77,M,Medicare,74,0,1,1,7,0,1
P14937,H03,73,F,Medicare,42,2,1,0,8,0,0
P14938,H06,65,F,Medicare,41,1,0,1,4,0,0
P14939,H12,78,F,Commercial,39,0,1,0,5,0,0
P14940,H16,75,M,Medicare,67,2,0,0,7,0,0
P14941,H12,63,M,Medicare,57,5,0,0,9,0,0
P14942,H20,72,M,Medicare,24,2,2,0,6,0,0
P14943,H05,81,F,Medicare,17,0,2,0,3,0,0
P14944,H13,97,M,Medicare,19,3,0,0,3,0,0
P14945,H11,59,M,Medicare,52,2,1,1,5,0,0
P14946,H14,64,M,Medicaid,34,1,1,0,7,0,0
P14947,H02,85,F,Commercial,7,0,1,1,3,0,0
P14948,H13,79,F,Commercial,60,2,0,1,9,0,0
P14949,H12,52,M,Commercial,16,0,0,0,2,0,0
P14950,H15,62,M,Medicaid,47,1,0,0,7,0,0
P14951,H02,82,M,Commercial,37,0,1,0,4,0,0
P14952,H05,59,M,Commercial,37,2,1,0,4,0,0
P14953,H11,94,M,Medicare,1,1,0,0,1,0,0
P14954,H13,56,M,Medicare,34,1,0,1,3,0,0
P14955,H16,84,F,Medicaid,30,3,0,1,4,0,0
P14956,H15,61,F,Commercial,74,5,1,1,5,1,1
P14957,H11,53,F,Medicare,58,1,0,0,6,0,0
P14958,H18,63,M,Medicare,5,1,3,0,1,0,0
P14959,H14,67,F,Medicare,48,6,2,0,4,0,0
P14960,H11,69,M,Medicare,8,0,0,0,2,0,0
P14961,H02,70,M,Medicare,40,3,2,1,3,1,0
P14962,H09,58,M,Medicare,37,1,1,1,6,0,0
P14963,H14,78,M,Medicare,35,0,1,1,4,0,0
P14964,H08,50,M,Medicare,22,1,0,0,2,0,0
P14965,H10,39,M,Commercial,34,3,1,0,7,0,0
P14966,H01,86,M,Medicare,57,4,0,0,7,0,0
P14967,H17,75,M,Medicaid,61,0,0,0,5,0,0
P14968,H10,59,F,Medicare,58,2,4,0,8,1,1
P14969,H06,69,M,Medicare,35,1,2,0,3,0,0
P14970,H19,51,M,Medicare,36,1,1,0,4,0,0
P14971,H05,60,M,Medicare,88,1,1,1,6,1,1
P14972,H06,60,M,Commercial,33,4,0,0,7,0,0
P14973,H19,60,F,Medicaid,25,3,0,0,8,0,0
P14974,H01,62,M,Commercial,39,2,1,0,5,0,0
P14975,H17,79,F,Commercial,30,0,0,1,7,0,0
P14976,H10,62,M,Commercial,25,2,0,0,6,0,0
P14977,H16,76,M,Medicare,47,0,2,0,4,0,0
P14978,H06,47,F,Medicaid,20,0,0,0,6,0,0
P14979,H20,41,F,Medicare,71,1,2,0,8,0,1
P14980,H11,76,F,Commercial,57,4,0,1,9,0,0
P14981,H02,82,F,Medicare,30,3,0,0,10,0,0
P14982,H10,71,M,Medicare,17,1,1,0,2,0,0
P14983,H06,55,M,Medicare,47,1,0,0,5,0,0
P14984,H12,60,M,Medicare,67,2,0,0,6,0,0
P14985,H10,66,F,Medicare,84,3,0,0,6,1,1
P14986,H09,69,F,Medicare,28,2,0,1,5,0,0
P14987,H05,59,M,Commercial,45,1,0,1,4,0,0
P14988,H05,63,F,Medicare,63,3,0,0,6,0,1
P14989,H10,55,F,Commercial,38,1,2,1,4,0,1
P14990,H02,72,M,Medicare,24,0,0,0,7,0,0
P14991,H12,62,M,Medicare,69,3,0,1,8,0,1
P14992,H13,81,F,Commercial,82,4,1,0,6,1,1
P14993,H06,70,M,Medicaid,21,1,1,1,4,0,0
P14994,H13,55,F,Medicare,32,3,1,1,4,0,0
P14995,H13,80,M,Medicare,70,2,2,0,6,0,0
P14996,H04,58,F,Medicare,24,1,0,0,4,0,0
P14997,H10,79,M,Medicare,35,3,0,1,5,0,0
P14998,H12,74,F,Medicaid,41,4,1,1,5,0,0
P14999,H18,76,F,Medicaid,54,1,0,0,5,0,0
P15000,H17,67,M,Medicare,45,0,1,0,6,0,0
P15001,H15,57,F,Medicare,56,2,0,1,6,0,0
P15002,H12,50,M,Commercial,46,0,1,0,5,0,0
P15003,H15,63,F,Medicare,64,1,0,0,6,0,0
P15004,H14,84,M,Medicaid,14,2,0,0,4,0,0
P15005,H01,72,M,Medicare,33,0,0,0,5,0,0
P15006,H17,81,F,Medicaid,44,0,0,1,5,0,0
P15007,H01,66,F,Commercial,65,2,0,0,5,0,0
P15008,H01,64,F,Commercial,71,3,0,0,5,1,0
P15009,H12,60,F,Medicaid,58,1,0,1,6,0,0
P15010,H19,94,F,Commercial,41,2,0,1,4,0,0
P15011,H03,78,F,Medicaid,27,2,0,0,4,0,0
P15012,H10,62,M,Medicare,59,1,2,0,13,0,0
P15013,H16,73,M,Medicare,22,2,0,0,2,0,0
P15014,H19,77,M,Medicare,24,1,0,0,3,0,0
P15015,H05,74,F,Medicare,34,2,1,0,4,0,0
P15016,H18,68,F,Commercial,33,4,0,0,3,0,0
P15017,H06,56,F,Medicare,43,2,0,0,6,0,0
P15018,H20,65,M,Commercial,40,2,0,0,3,0,0
P15019,H19,83,F,Medicare,22,2,0,0,3,0,0
P15020,H04,89,F,Medicare,34,0,0,0,5,0,0
P15021,H10,36,M,Commercial,70,4,1,0,5,1,1
P15022,H12,73,M,Medicaid,49,2,1,1,6,0,1
P15023,H10,63,F,Medicaid,75,2,0,1,6,0,1
P15024,H13,73,M,Commercial,62,0,0,0,9,0,0
P15025,H20,70,F,Medicare,15,4,0,1,3,0,0
P15026,H15,76,M,Medicare,41,1,0,1,8,0,0
P15027,H01,76,F,Medicare,25,2,1,0,4,0,0
P15028,H03,54,F,Medicare,18,3,0,0,3,0,0
P15029,H02,65,M,Medicare,70,2,2,0,6,0,0
P15030,H04,55,F,Commercial,40,3,0,0,5,0,0
P15031,H03,65,M,Medicare,56,1,0,0,7,0,0
P15032,H05,76,F,Medicare,30,0,0,0,7,0,0
P15033,H20,55,M,Commercial,66,1,0,0,7,0,0
P15034,H19,84,F,Medicare,61,1,1,1,9,0,0
P15035,H01,65,M,Medicaid,80,4,2,0,7,1,1
P15036,H08,73,F,Medicare,21,2,1,0,4,0,0
P15037,H19,83,F,Commercial,21,0,0,0,3,0,0
P15038,H15,79,F,Medicare,57,2,2,0,7,0,0
P15039,H07,64,M,Medicare,56,0,0,0,5,1,0
P15040,H03,76,M,Medicare,40,2,0,1,6,0,0
P15041,H02,83,F,Commercial,47,2,0,0,4,0,0
P15042,H15,73,F,Medicaid,33,0,1,1,5,0,0
P15043,H20,35,M,Commercial,21,0,0,1,7,0,0
P15044,H06,71,F,Medicaid,20,6,0,0,3,0,0
P15045,H15,73,F,Medicare,76,1,0,1,6,1,0
P15046,H17,81,F,Medicaid,43,1,1,0,4,0,0
P15047,H16,73,F,Medicare,28,2,1,0,7,0,0
P15048,H12,53,F,Medicare,66,0,3,0,5,1,0
P15049,H01,95,F,Medicare,23,0,1,1,10,0,0
P15050,H16,63,F,Medicare,12,2,1,0,6,0,0
P15051,H17,81,F,Commercial,34,2,1,1,4,0,0
P15052,H01,73,M,Medicare,43,4,0,0,6,0,0
P15053,H07,58,M,Medicare,73,4,1,0,6,1,1
P15054,H14,69,F,Commercial,58,2,0,0,9,0,0
P15055,H08,46,M,Medicare,54,2,0,0,6,0,0
P15056,H20,83,M,Medicaid,44,1,0,0,7,0,0
P15057,H19,66,F,Medicare,18,1,0,0,4,0,0
P15058,H19,59,M,Medicare,61,1,2,0,7,0,0
P15059,H02,92,F,Commercial,18,2,0,0,5,0,0
P15060,H08,61,F,Medicare,18,0,2,0,6,0,0
P15061,H03,57,M,Medicare,50,5,0,0,8,0,0
P15062,H12,76,M,Medicare,40,2,0,1,6,0,0
P15063,H09,67,F,Commercial,73,1,0,0,8,0,0
P15064,H06,74,F,Commercial,33,2,2,0,5,0,0
P15065,H15,46,M,Medicare,43,3,0,1,7,0,0
P15066,H03,73,F,Medicare,32,4,2,0,8,0,0
P15067,H15,70,M,Medicare,80,4,0,0,8,0,0
P15068,H20,68,M,Commercial,35,2,0,1,5,0,0
P15069,H19,60,M,Commercial,52,3,1,1,6,0,0
P15070,H16,72,M,Commercial,7,0,1,0,4,0,0
P15071,H15,61,F,Medicare,46,4,0,0,5,0,0
P15072,H06,69,F,Medicare,35,0,0,0,6,0,0
P15073,H12,68,M,Medicare,54,1,2,0,5,0,1
P15074,H02,86,M,Medicare,45,2,1,1,4,0,0
P15075,H20,72,F,Medicare,37,2,2,0,8,0,0
P15076,H09,89,M,Commercial,18,3,0,0,2,0,0
P15077,H16,77,M,Medicaid,68,3,3,1,6,1,1
P15078,H06,47,M,Commercial,57,3,3,0,6,0,1
P15079,H17,56,M,Medicare,58,1,0,0,7,0,0
P15080,H06,72,F,Commercial,54,1,0,0,6,1,0
P15081,H05,76,M,Medicaid,12,5,0,0,3,0,0
P15082,H16,70,M,Medicare,7,2,0,1,4,0,0
P15083,H11,54,M,Commercial,66,2,1,0,4,0,1
P15084,H20,90,M,Medicaid,33,2,1,0,6,0,1
P15085,H14,93,F,Medicaid,55,4,0,0,4,0,0
P15086,H12,82,M,Medicare,28,0,0,0,4,0,0
P15087,H17,77,F,Commercial,52,0,3,0,8,0,0
P15088,H08,84,M,Medicare,10,3,1,0,5,0,0
P15089,H20,57,M,Medicare,36,6,0,1,8,0,0
P15090,H05,72,F,Medicare,50,2,1,1,4,0,0
P15091,H11,53,M,Medicare,37,1,0,0,6,0,0
P15092,H10,85,F,Medicare,37,1,1,0,7,0,0
P15093,H07,66,F,Medicaid,30,0,0,1,3,1,0
P15094,H12,57,F,Medicaid,30,1,1,0,3,0,0
P15095,H05,78,F,Commercial,40,2,0,0,3,0,0
P15096,H12,72,M,Commercial,78,1,1,0,6,1,1
P15097,H08,70,M,Medicare,28,2,0,0,3,0,0
P15098,H11,57,M,Medicare,32,2,0,1,3,0,0
P15099,H12,77,M,Medicaid,36,2,0,0,6,0,0
P15100,H04,69,F,Medicare,27,2,1,0,5,0,0
P15101,H20,50,M,Medicaid,5,4,1,0,2,0,0
P15102,H11,72,F,Medicaid,71,1,1,0,7,0,0
P15103,H20,81,M,Commercial,19,2,0,0,5,0,0
P15104,H06,97,M,Medicaid,59,5,1,0,6,0,0
P15105,H08,82,M,Medicare,25,2,0,1,8,0,0
P15106,H12,64,F,Medicaid,35,3,0,0,3,0,0
P15107,H14,72,M,Medicare,80,0,0,0,6,0,0
P15108,H17,55,F,Medicare,91,6,1,0,9,1,1
P15109,H10,67,M,Medicare,48,2,1,0,4,0,1
P15110,H14,66,M,Medicaid,11,2,2,1,3,0,0
P15111,H08,53,F,Medicare,6,0,0,0,5,0,0
P15112,H01,99,F,Medicare,30,0,1,0,3,0,0
P15113,H03,65,M,Commercial,14,1,0,0,4,0,0
P15114,H01,36,F,Medicaid,67,2,0,0,6,0,0
P15115,H11,61,F,Medicaid,39,1,1,1,6,0,0
P15116,H03,65,M,Medicare,63,1,2,1,4,0,0
P15117,H15,82,F,Commercial,69,1,0,0,6,0,1
P15118,H03,62,F,Medicare,54,0,0,1,5,0,0
P15119,H14,70,M,Medicare,55,1,0,0,5,0,0
P15120,H13,84,M,Medicare,26,5,0,0,6,0,0
P15121,H17,66,M,Medicare,43,4,1,0,3,0,0
P15122,H10,76,F,Medicare,28,1,1,1,5,0,0
P15123,H02,39,M,Medicare,59,0,3,0,6,0,1
P15124,H05,71,M,Medicare,36,4,1,1,4,0,0
P15125,H04,64,M,Medicare,45,1,1,0,8,0,0
P15126,H07,72,M,Commercial,29,3,0,1,9,1,0
P15127,H13,58,M,Medicare,46,2,1,0,3,0,0
P15128,H06,61,M,Medicare,35,2,0,0,4,0,0
P15129,H08,57,M,Medicare,56,1,2,0,5,1,0
P15130,H10,68,M,Commercial,14,1,1,1,3,0,0
P15131,H07,45,M,Commercial,46,2,0,0,7,1,0
P15132,H04,85,M,Commercial,17,4,0,0,4,0,1
P15133,H19,47,M,Commercial,38,1,0,1,8,0,0
P15134,H04,76,F,Medicaid,51,3,1,0,5,0,0
P15135,H08,59,F,Medicare,12,1,1,0,3,0,0
P15136,H16,46,F,Medicaid,74,0,1,0,6,1,0
P15137,H16,58,F,Medicaid,38,2,0,1,5,0,0
P15138,H16,80,M,Medicare,89,1,0,0,11,1,0
P15139,H14,55,F,Medicare,57,4,1,0,6,0,1
P15140,H16,52,F,Medicaid,72,6,1,0,11,1,0
P15141,H16,83,M,Medicare,54,1,0,0,6,0,0
P15142,H09,83,M,Medicaid,17,2,1,0,3,0,0
P15143,H08,88,F,Medicaid,38,2,1,0,5,0,0
P15144,H03,87,M,Commercial,44,1,0,0,8,0,0
P15145,H02,80,F,Commercial,41,2,0,0,3,0,1
P15146,H17,72,F,Medicaid,16,2,0,0,2,0,0
P15147,H18,80,M,Commercial,56,0,0,1,4,0,0
P15148,H07,64,M,Medicaid,67,0,0,1,7,1,0
P15149,H08,44,F,Medicare,24,2,0,0,4,0,0
P15150,H18,76,F,Commercial,28,5,0,1,3,0,0
P15151,H12,56,M,Commercial,39,2,1,1,3,0,0
P15152,H01,71,F,Medicaid,66,4,1,0,6,1,0
P15153,H08,53,M,Commercial,49,3,0,1,4,0,0
P15154,H19,83,F,Medicare,18,2,0,1,3,0,0
P15155,H20,54,M,Medicaid,76,2,3,1,6,0,1
P15156,H07,83,F,Medicaid,30,1,1,0,4,1,0
P15157,H07,52,F,Medicare,48,4,2,0,4,1,0
P15158,H02,68,M,Medicare,25,1,0,1,3,0,0
P15159,H07,68,F,Medicare,42,4,0,1,6,1,0
P15160,H02,64,F,Medicare,85,2,0,0,13,0,0
P15161,H04,71,M,Commercial,69,3,0,0,9,1,0
P15162,H08,56,M,Medicare,57,2,1,1,4,0,0
P15163,H11,78,M,Commercial,80,0,0,0,6,0,0
P15164,H06,67,F,Medicaid,15,2,0,1,2,0,0
P15165,H09,78,M,Medicare,51,1,0,0,5,0,0
P15166,H02,63,F,Medicare,23,2,0,0,4,0,0
P15167,H14,59,M,Medicare,46,1,0,1,4,0,0
P15168,H15,72,F,Medicare,62,1,1,1,6,0,0
P15169,H15,51,M,Medicaid,45,1,1,0,5,0,0
P15170,H04,55,F,Medicare,51,3,1,0,5,0,0
P15171,H19,63,M,Medicare,41,3,2,0,5,0,1
P15172,H14,69,M,Commercial,17,1,0,1,4,0,0
P15173,H13,87,M,Commercial,51,1,1,0,5,0,0
P15174,H07,59,F,Medicare,76,2,0,0,8,1,0
P15175,H06,76,F,Medicare,46,7,6,1,4,0,1
P15176,H12,51,F,Medicare,64,1,1,0,6,0,0
P15177,H18,84,F,Medicare,16,1,0,0,3,0,0
P15178,H20,40,M,Medicare,35,3,2,0,3,0,0
P15179,H07,73,F,Commercial,61,0,1,0,4,1,0
P15180,H08,62,F,Medicare,35,0,0,0,6,0,0
P15181,H04,74,F,Medicaid,67,5,2,0,8,1,0
P15182,H16,99,F,Commercial,90,2,0,1,7,1,0
P15183,H14,66,M,Medicare,57,4,2,1,8,1,0
P15184,H11,85,F,Medicare,74,4,1,1,6,1,0
P15185,H12,59,F,Medicare,64,3,1,1,6,1,1
P15186,H20,88,M,Medicare,29,1,0,0,4,0,0
P15187,H12,58,M,Medicaid,69,3,0,0,5,1,0
P15188,H08,78,M,Medicare,27,3,0,1,3,0,0
P15189,H20,49,M,Medicare,42,2,2,1,4,0,0
P15190,H12,79,M,Medicare,62,3,0,0,8,1,0
P15191,H20,80,F,Medicare,36,2,1,1,7,0,0
P15192,H15,76,M,Medicare,15,3,2,0,3,0,0
P15193,H10,52,F,Medicare,23,3,1,0,2,0,0
P15194,H15,89,M,Medicaid,64,0,0,0,5,0,0
P15195,H12,64,F,Medicare,57,3,1,1,5,0,0
P15196,H14,79,M,Medicare,47,3,0,0,5,0,0
P15197,H19,93,F,Medicare,52,0,0,0,4,0,0
P15198,H03,57,F,Commercial,41,2,0,1,7,1,0
P15199,H14,65,M,Medicare,37,1,0,0,13,0,0
P15200,H15,52,M,Medicare,45,2,1,0,5,0,0
P15201,H12,68,M,Commercial,62,0,1,1,6,0,0
P15202,H16,81,F,Medicaid,71,0,1,0,7,0,0
P15203,H14,73,F,Medicare,33,2,0,0,5,0,1
P15204,H01,54,M,Medicaid,53,3,1,0,5,0,0
P15205,H17,55,M,Medicare,36,1,0,0,4,0,0
P15206,H10,46,F,Medicare,19,6,0,0,2,0,0
P15207,H09,73,M,Medicaid,74,0,0,0,5,0,0
P15208,H13,61,M,Commercial,52,1,0,1,5,0,0
P15209,H03,70,M,Medicare,29,2,0,0,6,0,0
P15210,H01,93,M,Commercial,35,0,2,1,4,0,0
P15211,H03,75,F,Medicare,68,6,1,1,9,1,0
P15212,H17,91,M,Medicare,45,0,0,0,7,0,0
P15213,H10,75,M,Medicaid,67,1,1,0,11,1,0
P15214,H01,29,M,Medicare,26,1,0,0,5,0,0
P15215,H04,59,F,Medicare,40,1,4,0,5,0,0
P15216,H20,52,F,Medicare,44,1,2,1,5,0,0
P15217,H09,71,M,Medicare,15,3,1,1,8,0,0
P15218,H07,84,F,Medicare,65,3,1,1,7,1,0
P15219,H19,50,F,Commercial,33,2,0,1,4,1,0
P15220,H16,59,M,Commercial,65,2,0,1,7,0,0
P15221,H04,73,F,Medicaid,22,0,0,0,4,0,0
P15222,H16,68,F,Medicaid,59,3,1,1,6,0,0
P15223,H06,46,F,Commercial,56,2,0,0,7,0,0
P15224,H20,69,F,Medicare,54,0,0,0,6,0,0
P15225,H20,68,F,Commercial,43,2,0,0,4,0,0
P15226,H15,69,F,Medicaid,72,2,1,0,5,0,1
P15227,H05,77,F,Medicare,28,1,0,1,3,0,0
P15228,H06,78,F,Medicare,43,2,0,0,4,0,0
P15229,H16,57,M,Commercial,66,3,0,1,5,1,0
P15230,H05,57,M,Commercial,38,1,1,1,4,0,0
P15231,H20,69,F,Medicare,79,3,1,0,13,1,0
P15232,H04,74,M,Medicaid,28,1,1,0,4,0,0
P15233,H18,52,F,Medicare,82,2,0,1,8,0,1
P15234,H11,76,M,Medicaid,26,3,0,0,3,0,0
P15235,H07,65,M,Medicare,46,2,0,0,4,1,0
P15236,H16,48,M,Medicare,44,4,1,1,7,0,0
P15237,H07,78,M,Commercial,28,0,1,0,7,1,0
P15238,H17,60,M,Medicare,63,2,2,0,5,0,0
P15239,H06,76,M,Medicare,94,0,3,0,7,0,1
P15240,H13,58,M,Commercial,50,2,1,1,5,0,0
P15241,H07,39,F,Medicare,22,3,3,1,3,1,0
P15242,H05,41,F,Medicare,26,3,1,1,4,0,0
P15243,H12,59,M,Medicare,50,1,0,0,4,0,0
P15244,H09,57,M,Medicare,58,0,2,0,5,0,1
P15245,H11,66,M,Medicare,55,4,1,0,4,0,1
P15246,H16,65,M,Medicaid,33,2,0,1,4,0,1
P15247,H12,70,F,Medicare,43,1,0,1,6,0,0
P15248,H11,52,M,Medicare,82,1,0,1,16,1,0
P15249,H20,32,F,Medicare,54,2,1,0,6,0,0
P15250,H01,54,F,Medicare,26,2,0,0,5,0,0
P15251,H16,73,M,Medicare,66,5,1,0,6,1,1
P15252,H08,95,M,Medicare,61,3,1,1,4,1,0
P15253,H04,66,M,Commercial,39,1,1,1,8,0,0
P15254,H09,67,M,Medicare,74,3,1,0,5,1,0
P15255,H10,88,M,Medicare,22,1,0,1,4,0,0
P15256,H19,63,F,Commercial,23,2,1,1,5,0,0
P15257,H03,54,F,Commercial,43,2,0,0,8,0,0
P15258,H14,71,F,Commercial,29,3,0,0,6,0,0
P15259,H19,67,M,Medicare,47,0,1,1,11,0,0
P15260,H05,65,F,Medicare,34,1,1,0,3,0,0
P15261,H01,86,M,Commercial,57,3,3,0,11,0,1
P15262,H06,52,M,Medicaid,39,1,1,0,5,0,0
P15263,H18,58,M,Medicaid,23,0,0,1,4,0,0
P15264,H05,83,F,Commercial,51,1,1,1,7,0,1
P15265,H09,80,F,Medicare,27,0,1,1,3,0,0
P15266,H15,84,F,Medicare,40,0,0,1,5,0,0
P15267,H11,69,M,Medicaid,47,2,0,0,9,0,0
P15268,H19,52,F,Commercial,33,0,0,1,7,0,1
P15269,H16,61,M,Medicare,48,2,0,0,4,0,0
P15270,H07,60,M,Medicaid,25,0,2,0,3,1,0
P15271,H09,75,F,Commercial,11,1,2,0,4,0,0
P15272,H02,72,M,Medicare,49,5,0,0,7,0,0
P15273,H20,60,M,Commercial,18,1,1,1,4,0,0
P15274,H06,60,M,Medicare,58,0,0,0,6,0,0
P15275,H15,46,F,Medicare,33,0,0,0,6,0,0
P15276,H15,81,F,Medicare,78,6,1,0,8,1,1
P15277,H05,51,F,Medicare,71,2,1,1,7,0,0
P15278,H19,66,M,Medicaid,27,1,1,0,3,0,0
P15279,H02,45,M,Medicaid,42,0,0,0,5,0,0
P15280,H03,63,F,Medicaid,13,1,2,1,5,0,0
P15281,H14,78,M,Medicare,47,3,1,0,5,0,0
P15282,H18,65,M,Medicare,58,1,1,0,5,0,1
P15283,H09,77,F,Commercial,48,0,0,0,5,0,0
P15284,H08,58,M,Medicare,24,1,0,1,6,0,0
P15285,H19,74,F,Commercial,60,3,2,0,4,1,0
P15286,H06,89,M,Medicare,61,3,0,0,5,1,0
P15287,H08,35,M,Commercial,67,2,0,1,4,0,0
P15288,H13,60,M,Commercial,40,2,2,0,5,0,0
P15289,H12,80,F,Medicare,6,2,0,1,2,0,0
P15290,H06,63,M,Medicare,37,2,2,0,7,0,0
P15291,H02,91,F,Commercial,36,2,1,0,6,0,0
P15292,H15,57,F,Medicare,46,4,0,0,6,0,0
P15293,H01,67,F,Medicaid,95,2,0,0,7,1,0
P15294,H02,73,F,Medicare,22,0,2,1,9,0,0
P15295,H07,76,F,Medicare,70,2,3,1,5,1,1
P15296,H12,60,M,Medicare,31,1,1,1,3,0,0
P15297,H17,73,F,Medicare,41,1,0,0,8,0,0
P15298,H11,59,M,Medicare,22,3,2,0,6,0,0
P15299,H13,64,M,Commercial,63,4,1,1,5,1,1
P15300,H01,68,F,Commercial,8,1,0,0,2,0,0
P15301,H18,78,M,Commercial,47,3,0,1,4,0,0
P15302,H12,68,M,Medicare,35,0,1,0,4,0,0
P15303,H20,84,M,Medicaid,36,2,1,1,4,0,0
P15304,H11,69,F,Medicare,78,3,0,0,8,1,0
P15305,H06,65,F,Medicaid,36,3,0,0,3,0,0
P15306,H04,80,F,Medicaid,58,2,0,0,11,0,0
P15307,H20,71,F,Commercial,13,1,2,0,6,0,0
P15308,H07,52,F,Medicare,42,2,0,0,7,1,0
P15309,H14,75,M,Medicare,24,0,3,0,6,0,0
P15310,H08,73,F,Medicare,59,3,0,1,5,0,1
P15311,H08,65,F,Commercial,19,1,0,0,4,0,0
P15312,H16,58,M,Commercial,54,3,1,0,4,0,0
P15313,H01,59,F,Commercial,46,1,2,1,5,0,0
P15314,H17,88,M,Commercial,10,3,1,0,3,0,0
P15315,H15,62,F,Commercial,55,2,0,0,4,0,0
P15316,H07,72,M,Commercial,28,1,1,0,4,1,0
P15317,H11,74,F,Medicare,45,1,0,1,7,0,0
P15318,H11,82,F,Medicare,38,3,1,1,4,0,0
P15319,H14,74,F,Medicare,79,2,1,0,8,0,0
P15320,H17,48,F,Medicare,54,3,0,1,5,0,0
P15321,H04,76,M,Medicare,67,2,0,1,6,0,0
P15322,H08,56,F,Medicaid,21,3,1,0,3,0,0
P15323,H12,79,F,Medicare,36,3,1,0,6,0,0
P15324,H14,59,F,Medicare,39,3,1,1,4,0,1
P15325,H20,74,M,Commercial,9,3,0,0,3,0,0
P15326,H09,83,F,Medicare,51,2,0,0,8,0,0
P15327,H07,66,M,Medicare,63,2,1,0,8,1,0
P15328,H02,58,M,Medicare,35,4,1,0,5,0,0
P15329,H13,69,M,Medicare,72,1,0,0,12,0,1
P15330,H05,48,M,Medicare,23,2,0,1,2,0,0
P15331,H19,57,F,Commercial,70,3,1,0,6,1,0
P15332,H07,69,M,Commercial,26,1,1,1,4,1,0
P15333,H18,76,F,Medicare,71,3,1,0,7,1,1
P15334,H18,40,F,Medicare,10,1,0,0,3,0,0
P15335,H10,85,M,Commercial,22,4,0,0,4,0,0
P15336,H18,58,M,Medicare,33,2,2,0,4,0,0
P15337,H05,63,F,Medicare,39,0,0,0,5,0,0
P15338,H01,72,F,Medicaid,73,1,2,1,7,1,0
P15339,H17,77,M,Medicaid,53,0,1,0,5,0,0
P15340,H11,56,M,Medicare,66,3,3,0,6,0,1
P15341,H16,91,F,Medicare,37,3,0,0,3,0,0
P15342,H17,64,F,Commercial,36,1,0,0,5,0,0
P15343,H15,81,F,Medicare,24,1,0,0,4,0,0
P15344,H02,73,F,Commercial,72,2,0,0,11,0,0
P15345,H10,59,F,Commercial,73,0,1,0,8,1,0
P15346,H19,87,M,Medicare,50,6,2,0,6,0,0
P15347,H07,50,F,Medicaid,42,3,0,0,5,1,0
P15348,H03,76,M,Medicare,87,1,0,1,8,0,0
P15349,H19,71,M,Commercial,44,1,0,0,4,0,0
P15350,H05,57,M,Medicaid,67,0,0,0,5,0,0
P15351,H09,85,F,Medicare,60,0,1,0,5,0,1
P15352,H13,56,M,Medicare,55,3,2,0,5,0,0
P15353,H04,83,F,Medicare,40,3,0,0,7,0,0
P15354,H13,79,M,Medicare,69,1,1,1,7,0,1
P15355,H01,48,M,Commercial,48,4,0,1,11,0,0
P15356,H01,90,F,Medicare,51,2,0,0,5,0,0
P15357,H17,78,M,Commercial,42,3,1,0,4,0,0
P15358,H17,58,F,Medicare,60,1,1,0,7,0,0
P15359,H11,66,M,Medicaid,17,3,1,0,2,0,0
P15360,H12,43,M,Medicare,23,0,0,0,4,0,0
P15361,H01,69,M,Medicaid,57,3,1,1,7,1,0
P15362,H06,75,M,Medicare,46,5,0,0,8,0,0
P15363,H16,52,F,Medicare,79,2,0,0,5,0,1
P15364,H14,73,M,Commercial,34,1,1,1,4,0,0
P15365,H17,72,M,Medicare,85,2,0,0,6,1,0
P15366,H13,53,M,Medicare,22,3,1,0,2,0,0
P15367,H20,59,M,Medicare,62,3,1,0,5,1,0
P15368,H16,69,F,Commercial,58,4,1,0,7,0,0
P15369,H11,67,F,Medicaid,15,1,1,0,2,0,0
P15370,H10,49,F,Commercial,53,3,1,1,6,0,0
P15371,H12,69,M,Medicare,97,2,0,0,7,1,0
P15372,H07,59,F,Commercial,68,1,0,1,7,1,0
P15373,H01,82,M,Commercial,72,3,1,0,11,1,1
P15374,H09,87,F,Medicaid,24,2,0,1,4,0,0
P15375,H10,65,M,Commercial,13,4,0,0,3,0,0
P15376,H02,51,M,Commercial,74,0,0,0,5,0,1
P15377,H11,84,F,Medicare,22,2,0,1,5,0,0
P15378,H08,58,M,Medicare,19,2,1,0,2,0,0
P15379,H20,63,M,Commercial,71,3,1,0,5,1,1
P15380,H12,57,M,Medicare,20,5,2,0,2,0,0
P15381,H06,69,F,Medicare,60,5,1,0,4,1,0
P15382,H01,51,M,Medicare,12,0,0,0,2,0,0
P15383,H10,53,M,Medicaid,46,3,1,1,7,0,0
P15384,H01,65,M,Medicare,43,2,0,0,4,0,0
P15385,H07,65,F,Medicare,36,4,0,0,4,1,0
P15386,H10,47,M,Medicaid,4,3,0,0,3,0,0
P15387,H09,81,M,Medicare,27,2,1,0,4,0,0
P15388,H07,74,F,Commercial,30,4,1,0,6,1,0
P15389,H18,67,F,Medicaid,79,5,0,0,8,1,0
P15390,H13,70,F,Commercial,37,2,1,0,5,0,0
P15391,H04,79,F,Medicare,29,1,2,1,6,0,0
P15392,H08,66,F,Commercial,64,1,1,1,5,0,1
P15393,H08,90,F,Medicare,64,2,0,0,11,0,1
P15394,H13,76,M,Commercial,27,1,0,0,4,1,0
P15395,H17,67,M,Medicaid,53,2,1,1,5,0,1
P15396,H09,55,F,Medicare,53,1,3,0,7,0,0
P15397,H17,45,M,Medicare,34,4,1,0,4,0,0
P15398,H18,78,F,Medicare,72,3,0,0,6,1,0
P15399,H20,50,M,Medicare,69,4,0,0,5,1,1
P15400,H01,69,M,Commercial,67,3,1,0,5,1,0
P15401,H08,65,F,Medicare,2,2,0,0,4,0,0
P15402,H07,86,M,Medicaid,82,1,1,1,8,1,0
P15403,H07,56,F,Medicare,43,4,1,1,6,1,0
P15404,H19,57,M,Commercial,46,4,1,0,5,1,0
P15405,H11,68,F,Commercial,80,1,0,0,5,0,0
P15406,H06,99,F,Medicare,47,2,0,1,7,0,0
P15407,H05,71,F,Commercial,40,1,0,0,5,0,0
P15408,H04,66,M,Medicare,33,3,1,0,5,0,0
P15409,H16,69,F,Medicare,30,2,0,0,5,0,0
P15410,H01,67,F,Medicare,51,4,0,0,6,0,0
P15411,H04,88,F,Medicare,63,0,1,1,6,0,1
P15412,H11,70,M,Medicare,34,3,0,0,5,0,0
P15413,H03,70,F,Medicare,26,1,0,0,4,0,0
P15414,H15,66,M,Medicare,56,4,0,0,7,0,0
P15415,H06,59,M,Medicare,23,2,0,0,6,0,0
P15416,H07,73,F,Medicare,60,2,0,1,7,1,0
P15417,H17,90,M,Commercial,57,3,0,0,9,0,0
P15418,H07,72,M,Commercial,24,5,0,0,3,1,0
P15419,H06,53,F,Commercial,72,3,0,1,6,1,1
P15420,H18,53,F,Medicare,80,2,1,1,6,0,1
P15421,H02,53,M,Medicare,64,3,1,0,6,0,0
P15422,H19,49,M,Medicare,22,0,0,0,6,0,0
P15423,H15,56,M,Medicaid,13,3,2,0,4,0,0
P15424,H10,73,M,Medicaid,34,2,1,0,6,0,0
P15425,H01,55,M,Medicare,78,2,0,0,10,0,0
P15426,H10,66,M,Medicare,33,4,1,0,6,0,0
P15427,H20,67,M,Medicare,58,2,0,0,8,0,0
P15428,H08,46,F,Medicare,61,4,0,0,7,1,0
P15429,H15,62,F,Medicare,12,0,0,0,4,0,0
P15430,H02,66,F,Medicare,57,6,2,0,7,0,1
P15431,H20,65,F,Medicare,70,1,1,0,8,0,0
P15432,H11,59,M,Medicare,39,2,1,0,7,0,0
P15433,H10,39,M,Medicaid,36,2,0,0,4,0,0
P15434,H12,47,M,Medicare,29,2,0,1,10,0,0
P15435,H03,60,F,Medicaid,47,2,0,0,8,0,0
P15436,H19,41,F,Medicare,46,1,0,0,5,0,0
P15437,H05,48,F,Medicare,24,4,0,0,4,0,0
P15438,H01,70,M,Medicare,70,2,1,0,6,0,0
P15439,H08,67,M,Commercial,22,4,1,0,7,0,0
P15440,H20,70,M,Medicaid,14,1,0,0,5,0,0
P15441,H19,51,F,Medicare,78,2,0,0,6,0,1
P15442,H11,62,M,Commercial,66,3,0,0,7,1,0
P15443,H18,50,F,Medicare,43,3,1,0,6,0,0
P15444,H20,55,F,Commercial,47,1,0,0,7,0,1
P15445,H05,81,M,Medicare,92,3,0,1,7,1,1
P15446,H03,81,M,Commercial,55,6,0,1,5,0,1
P15447,H11,72,M,Medicaid,59,2,0,1,5,0,0
P15448,H05,74,M,Commercial,39,1,1,0,6,0,0
P15449,H08,60,M,Medicaid,67,0,2,1,8,0,0
P15450,H14,68,M,Medicare,53,2,0,0,5,0,0
P15451,H05,73,F,Medicare,14,2,4,1,4,0,0
P15452,H18,67,F,Medicare,66,1,2,0,7,0,0
P15453,H12,78,M,Medicare,15,1,0,1,2,0,0
P15454,H14,52,M,Medicare,27,6,0,0,4,0,0
P15455,H19,73,M,Commercial,57,2,2,1,6,0,1
P15456,H10,67,M,Medicaid,50,4,1,0,8,1,0
P15457,H14,93,M,Commercial,48,2,1,0,7,0,0
P15458,H08,67,M,Medicaid,76,4,1,0,6,1,1
P15459,H08,87,F,Medicaid,46,3,0,0,7,0,0
P15460,H12,94,F,Commercial,16,0,1,0,4,0,0
P15461,H01,57,M,Commercial,28,1,0,1,3,0,0
P15462,H20,74,F,Medicare,28,2,1,0,5,0,0
P15463,H10,77,M,Medicare,32,1,0,0,4,0,0
P15464,H05,78,M,Medicare,19,1,1,0,2,0,0
P15465,H08,39,M,Commercial,74,2,0,1,5,0,0
P15466,H20,92,F,Medicare,39,0,1,1,6,0,0
P15467,H03,86,M,Commercial,59,0,2,1,5,0,0
P15468,H19,63,F,Commercial,44,1,4,0,4,0,0
P15469,H07,79,F,Commercial,42,1,0,0,4,1,0
P15470,H15,72,F,Medicare,68,2,1,0,7,0,1
P15471,H12,72,M,Commercial,56,2,0,0,4,0,0
P15472,H16,77,M,Medicare,31,0,0,1,3,0,0
P15473,H02,85,F,Medicare,52,2,1,0,4,0,0
P15474,H18,94,F,Medicare,39,1,0,0,6,0,1
P15475,H14,56,M,Medicare,52,1,1,1,5,0,0
P15476,H13,64,M,Commercial,28,0,1,0,3,0,0
P15477,H04,50,M,Medicare,54,2,1,0,4,0,0
P15478,H14,72,M,Medicare,43,2,0,1,6,0,0
P15479,H20,66,F,Medicare,21,0,0,0,3,0,0
P15480,H04,74,M,Medicare,69,1,0,0,8,1,0
P15481,H11,64,F,Medicare,4,0,1,0,3,0,0
P15482,H16,49,M,Medicare,59,4,1,0,5,0,0
P15483,H16,69,F,Medicare,36,4,0,0,4,0,0
P15484,H05,75,F,Commercial,59,1,2,0,10,1,0
P15485,H08,91,M,Medicare,41,4,0,1,5,1,0
P15486,H20,65,F,Medicare,49,1,2,1,7,0,0
P15487,H15,71,M,Medicaid,54,1,0,0,6,0,0
P15488,H20,73,F,Medicare,64,0,0,0,5,0,0
P15489,H02,67,M,Medicare,81,4,3,0,8,1,1
P15490,H14,94,F,Medicare,53,2,0,1,7,0,0
P15491,H17,64,F,Commercial,21,3,2,0,3,0,0
P15492,H17,80,M,Medicaid,31,2,1,0,5,0,0
P15493,H13,58,F,Medicare,52,2,1,0,6,0,0
P15494,H07,57,F,Commercial,45,1,1,0,5,1,0
P15495,H01,66,M,Medicare,75,3,0,0,8,1,0
P15496,H20,52,M,Commercial,43,2,0,0,5,0,0
P15497,H05,93,M,Medicare,72,2,1,0,5,0,1
P15498,H06,79,F,Medicaid,13,2,0,0,3,0,0
P15499,H05,75,F,Commercial,30,2,0,0,5,0,0
P15500,H20,65,M,Medicare,28,6,1,0,6,0,0
P15501,H15,53,F,Medicare,58,1,1,0,5,0,0
P15502,H07,58,F,Commercial,56,1,3,0,7,1,1
P15503,H08,53,M,Commercial,7,2,2,0,3,0,0
P15504,H14,50,F,Medicaid,55,1,1,0,5,0,1
P15505,H07,48,F,Medicaid,80,1,0,1,5,1,0
P15506,H17,90,M,Commercial,23,1,0,0,5,0,0
P15507,H18,55,F,Medicaid,30,3,0,1,4,0,0
P15508,H01,94,F,Medicare,24,0,0,0,5,0,0
P15509,H15,46,M,Commercial,50,3,1,0,6,0,0
P15510,H19,72,M,Medicaid,26,1,0,0,3,0,0
P15511,H01,51,M,Commercial,45,3,1,0,10,0,0
P15512,H18,76,F,Commercial,45,6,1,0,4,0,0
P15513,H14,54,F,Medicare,26,1,2,0,6,0,0
P15514,H02,56,M,Medicare,34,4,0,1,3,0,0
P15515,H03,57,F,Commercial,27,2,0,1,7,0,0
P15516,H01,87,F,Medicaid,78,3,3,1,8,1,1
P15517,H02,75,F,Medicaid,54,2,0,1,6,0,0
P15518,H14,57,M,Commercial,79,3,2,0,6,1,1
P15519,H20,55,M,Medicaid,53,2,1,0,4,0,0
P15520,H14,71,M,Commercial,17,3,1,0,3,0,0
P15521,H05,71,F,Medicare,32,1,0,1,3,0,0
P15522,H16,56,F,Medicare,40,3,0,0,8,0,0
P15523,H03,60,M,Medicare,28,3,0,1,4,0,0
P15524,H16,82,M,Medicare,68,4,0,0,10,1,1
P15525,H14,60,F,Commercial,66,0,1,1,13,0,0
P15526,H19,61,F,Commercial,56,1,3,0,5,0,0
P15527,H15,76,F,Commercial,24,2,1,1,3,0,0
P15528,H20,66,M,Medicare,49,2,1,1,4,0,0
P15529,H17,83,M,Medicare,19,1,0,1,5,0,0
P15530,H07,70,F,Commercial,70,1,0,1,5,1,0
P15531,H01,75,F,Medicaid,48,0,2,0,6,0,0
P15532,H12,58,F,Commercial,36,3,0,0,4,0,0
P15533,H17,61,M,Medicare,42,2,1,1,5,0,0
P15534,H01,73,F,Medicare,13,1,2,0,3,0,0
P15535,H15,86,F,Medicare,39,1,0,0,4,0,0
P15536,H09,72,M,Commercial,38,3,0,0,5,0,0
P15537,H06,69,M,Medicare,76,5,0,0,11,1,0
P15538,H16,49,F,Commercial,42,3,0,1,4,0,0
P15539,H15,59,M,Medicare,68,2,1,0,7,0,0
P15540,H12,53,F,Medicare,16,2,0,1,3,0,0
P15541,H04,82,F,Medicare,44,5,2,0,6,1,0
P15542,H11,67,M,Commercial,19,1,1,0,5,0,0
P15543,H15,59,F,Medicare,17,2,0,0,3,0,0
P15544,H20,43,F,Commercial,45,0,1,0,5,0,0
P15545,H13,77,M,Medicare,52,1,1,0,10,0,0
P15546,H19,52,M,Medicare,35,2,0,0,4,0,0
P15547,H18,80,M,Medicaid,32,1,0,1,4,0,0
P15548,H13,48,F,Medicare,17,3,0,0,5,0,1
P15549,H02,77,M,Commercial,47,1,2,0,5,0,0
P15550,H17,66,M,Commercial,9,4,1,1,2,0,0
P15551,H17,62,M,Medicare,18,3,0,1,5,0,0
P15552,H01,93,F,Medicare,22,1,1,0,9,0,0
P15553,H18,75,M,Medicare,32,0,0,0,4,0,0
P15554,H03,69,M,Medicare,56,0,2,0,5,0,0
P15555,H08,69,M,Medicaid,60,2,1,0,6,0,0
P15556,H17,53,M,Commercial,28,3,1,0,3,0,0
P15557,H20,88,M,Medicare,18,1,1,0,4,0,0
P15558,H07,67,F,Medicare,44,0,0,1,6,1,0
P15559,H12,69,M,Commercial,64,2,0,0,6,0,0
P15560,H09,46,M,Medicare,1,1,0,0,4,0,0
P15561,H09,62,M,Medicare,37,2,0,0,5,0,0
P15562,H08,68,M,Commercial,11,3,0,1,4,0,0
P15563,H17,63,M,Commercial,16,2,0,0,3,0,0
P15564,H08,32,F,Medicaid,21,0,0,0,3,0,0
P15565,H04,72,F,Medicare,73,2,2,0,5,0,1
P15566,H18,43,F,Medicare,40,2,0,0,5,0,0
P15567,H14,58,M,Commercial,15,2,1,1,3,0,0
P15568,H09,90,M,Medicare,75,4,0,1,6,1,1
P15569,H18,52,M,Commercial,59,4,1,1,5,0,0
P15570,H02,71,M,Commercial,84,6,0,0,10,1,1
P15571,H06,48,F,Medicare,46,2,0,0,4,0,0
P15572,H04,60,F,Medicaid,50,2,3,0,6,0,1
P15573,H17,59,M,Commercial,37,1,0,0,5,0,0
P15574,H03,83,F,Commercial,42,2,1,0,4,0,0
P15575,H16,54,M,Medicare,10,1,1,1,3,0,0
P15576,H03,79,F,Medicare,67,3,0,0,5,1,0
P15577,H19,93,M,Medicare,54,3,2,1,7,0,0
P15578,H14,68,F,Medicaid,8,1,0,0,3,0,0
P15579,H02,78,F,Medicare,34,3,1,0,5,0,0
P15580,H05,75,M,Medicare,32,5,1,1,3,0,0
P15581,H16,55,F,Medicare,13,3,3,0,3,0,0
P15582,H14,47,F,Medicaid,42,1,0,0,3,0,0
P15583,H17,99,F,Commercial,64,2,2,0,6,0,0
P15584,H04,59,F,Medicare,50,4,0,0,8,0,0
P15585,H04,60,F,Medicaid,30,2,1,0,5,0,0
P15586,H01,72,F,Medicare,75,1,0,0,5,0,0
P15587,H05,74,F,Medicare,29,4,1,0,3,0,0
P15588,H10,73,F,Commercial,50,1,1,0,6,0,0
P15589,H13,82,F,Medicare,85,2,0,0,6,1,1
P15590,H11,64,M,Commercial,41,2,0,0,5,0,0
P15591,H09,66,F,Medicare,74,3,0,0,5,1,0
P15592,H19,55,M,Medicare,13,0,0,0,7,0,0
P15593,H09,53,F,Medicare,28,3,1,0,6,0,0
P15594,H11,62,F,Commercial,54,2,1,0,6,0,0
P15595,H19,68,M,Medicare,79,1,0,1,6,1,0
P15596,H03,75,F,Medicaid,52,4,0,0,5,0,0
P15597,H03,71,M,Commercial,25,2,1,0,4,0,0
P15598,H19,67,F,Medicare,86,5,0,0,7,1,1
P15599,H01,62,M,Commercial,42,2,2,0,5,1,1
P15600,H11,57,M,Medicare,41,2,0,0,4,0,0
P15601,H19,67,F,Medicare,88,2,0,1,6,1,0
P15602,H06,52,F,Medicare,18,1,1,1,2,0,0
P15603,H18,71,F,Medicaid,41,3,0,0,5,0,0
P15604,H10,53,F,Medicaid,9,3,1,0,2,0,0
P15605,H02,61,F,Commercial,11,2,0,0,2,0,0
P15606,H01,67,F,Medicare,37,2,0,0,5,0,0
P15607,H10,63,M,Medicare,40,2,0,0,4,0,0
P15608,H15,59,F,Medicare,25,2,1,0,5,0,0
P15609,H03,54,M,Medicare,74,3,2,1,6,1,1
P15610,H17,40,F,Medicaid,43,2,0,0,4,0,0
P15611,H06,71,F,Medicare,70,0,0,0,6,0,1
P15612,H03,60,M,Commercial,34,3,1,0,5,0,0
P15613,H20,56,F,Medicaid,43,1,3,1,4,0,0
P15614,H02,72,M,Medicare,57,1,0,0,10,0,0
P15615,H12,40,M,Medicare,14,0,0,1,2,0,0
P15616,H03,90,M,Commercial,49,0,0,1,5,0,0
P15617,H02,71,F,Medicare,39,1,0,0,4,0,0
P15618,H11,74,M,Medicare,57,0,0,1,4,0,0
P15619,H04,66,F,Medicaid,66,5,1,0,7,1,1
P15620,H07,42,F,Medicare,32,2,0,0,4,1,0
P15621,H15,76,M,Commercial,50,1,1,0,5,0,0
P15622,H17,68,F,Medicaid,10,3,0,1,4,0,0
P15623,H10,66,M,Medicaid,74,2,0,0,7,1,0
P15624,H15,63,F,Medicare,44,2,0,1,6,0,0
P15625,H02,88,M,Medicare,37,1,1,1,5,0,0
P15626,H08,67,M,Commercial,62,3,0,1,8,1,0
P15627,H20,59,M,Medicare,51,1,1,0,5,1,0
P15628,H06,77,F,Medicare,49,5,0,0,5,0,0
P15629,H15,85,M,Medicare,35,2,1,0,5,0,0
P15630,H19,55,F,Commercial,59,5,0,0,5,1,0
P15631,H02,62,F,Commercial,40,1,2,0,5,0,0
P15632,H08,85,F,Medicare,58,0,0,0,10,0,0
P15633,H08,72,F,Commercial,54,2,0,1,5,1,0
P15634,H20,55,M,Medicare,21,1,1,1,3,0,0
P15635,H01,70,F,Medicare,52,3,1,0,9,0,1
P15636,H20,65,F,Medicare,69,1,1,0,6,0,0
P15637,H10,68,M,Medicare,53,2,2,0,5,0,0
P15638,H05,67,F,Commercial,67,2,0,1,5,0,0
P15639,H17,74,F,Commercial,39,3,1,0,6,0,0
P15640,H13,80,F,Medicare,84,1,2,0,6,1,1
P15641,H15,67,M,Medicaid,68,1,0,1,7,0,1
P15642,H18,59,M,Medicare,58,5,0,0,6,0,1
P15643,H03,64,M,Medicare,39,2,0,0,3,0,0
P15644,H13,61,M,Medicaid,22,3,1,0,4,0,0
P15645,H16,63,F,Medicare,46,2,0,0,4,0,0
P15646,H10,47,M,Commercial,29,2,0,0,3,0,0
P15647,H17,48,M,Medicare,12,4,2,0,5,0,0
P15648,H11,78,F,Medicaid,85,1,1,0,6,0,1
P15649,H03,70,F,Commercial,17,6,1,1,4,0,0
P15650,H06,67,F,Medicare,11,0,3,0,3,0,0
P15651,H05,68,F,Medicare,24,1,1,1,4,0,0
P15652,H08,85,M,Medicare,50,2,1,0,5,0,0
P15653,H12,69,M,Medicaid,41,2,1,0,7,0,0
P15654,H01,71,M,Medicare,48,2,0,0,7,1,1
P15655,H13,85,M,Medicare,35,1,0,0,4,0,0
P15656,H14,59,M,Commercial,26,1,1,0,4,0,0
P15657,H18,66,M,Commercial,18,3,0,0,3,0,0
P15658,H10,61,M,Medicare,50,3,0,0,4,0,0
P15659,H03,48,F,Medicaid,18,2,2,0,4,0,0
P15660,H01,66,F,Medicare,17,3,2,0,2,0,0
P15661,H03,68,F,Commercial,46,2,1,0,9,0,0
P15662,H03,67,M,Medicaid,32,4,0,1,5,0,0
P15663,H20,66,F,Commercial,52,3,0,0,8,0,0
P15664,H13,78,F,Medicare,10,4,0,1,3,0,0
P15665,H14,53,M,Medicare,53,1,0,0,6,0,0
P15666,H16,74,M,Medicaid,62,2,1,1,5,0,0
P15667,H05,72,F,Medicare,10,3,1,0,4,0,0
P15668,H14,83,F,Medicare,33,3,1,0,6,0,0
P15669,H12,70,M,Commercial,35,1,1,0,5,1,0
P15670,H01,76,M,Medicare,25,0,0,0,4,0,0
P15671,H13,66,M,Medicare,54,1,1,0,9,0,0
P15672,H17,74,M,Commercial,93,2,1,0,9,0,1
P15673,H09,83,M,Commercial,59,3,0,1,4,0,0
P15674,H11,55,M,Medicare,31,1,1,1,3,0,0
P15675,H05,92,F,Commercial,16,6,0,0,5,0,0
P15676,H16,81,F,Medicare,18,0,2,0,6,0,0
P15677,H01,65,M,Medicare,8,3,0,0,5,0,0
P15678,H07,63,F,Medicare,33,1,0,1,3,1,0
P15679,H12,56,M,Medicaid,81,1,2,0,9,0,1
P15680,H04,83,M,Medicare,24,0,2,0,3,0,0
P15681,H09,59,M,Medicare,52,2,1,0,6,0,0
P15682,H03,53,M,Medicaid,35,2,2,0,11,0,0
P15683,H09,62,F,Medicare,80,3,1,0,8,1,1
P15684,H17,53,F,Medicare,35,2,1,1,9,0,0
P15685,H10,58,F,Medicare,61,6,1,0,5,1,1
P15686,H06,72,F,Medicare,38,3,0,0,13,0,0
P15687,H10,66,F,Medicare,52,3,1,0,4,0,0
P15688,H14,63,F,Medicare,23,0,1,1,6,0,0
P15689,H15,95,F,Medicare,69,1,1,1,6,0,0
P15690,H19,74,M,Medicare,39,4,2,1,3,0,0
P15691,H06,71,F,Commercial,55,0,0,0,4,0,0
P15692,H19,67,F,Medicare,39,5,1,0,5,0,0
P15693,H14,79,F,Medicare,52,1,2,1,6,0,0
P15694,H11,64,F,Medicaid,20,1,1,0,8,0,0
P15695,H15,73,M,Medicaid,47,4,0,0,5,1,0
P15696,H18,63,M,Commercial,49,0,1,0,4,0,0
P15697,H03,72,F,Medicaid,20,2,1,0,4,0,0
P15698,H07,43,M,Commercial,33,1,0,0,5,1,0
P15699,H14,52,M,Medicaid,49,4,1,1,11,0,1
P15700,H19,84,M,Medicare,41,2,1,0,5,0,1
P15701,H02,61,F,Medicare,26,2,0,1,7,0,0
P15702,H13,78,F,Medicaid,33,1,3,0,4,0,0
P15703,H06,88,M,Commercial,29,4,0,1,4,0,1
P15704,H16,66,F,Medicare,38,0,0,1,5,0,0
P15705,H20,70,M,Medicare,83,2,1,1,5,0,0
P15706,H06,77,F,Medicare,75,1,0,0,7,0,0
P15707,H12,86,F,Commercial,49,2,1,0,4,0,0
P15708,H16,59,F,Commercial,33,1,0,1,6,0,0
P15709,H16,74,F,Medicare,40,2,0,0,9,0,0
P15710,H19,53,M,Commercial,58,4,1,1,5,0,0
P15711,H19,98,M,Medicare,17,1,1,1,4,0,1
P15712,H12,85,M,Medicare,6,4,0,0,2,0,1
P15713,H14,52,F,Medicare,31,4,0,0,3,0,0
P15714,H13,67,M,Medicare,53,2,0,0,4,0,0
P15715,H15,49,M,Medicaid,35,7,0,0,8,0,0
P15716,H08,61,M,Medicare,28,2,2,1,4,0,0
P15717,H10,54,F,Medicare,54,2,0,0,4,0,0
P15718,H05,45,M,Medicare,49,0,0,0,10,0,0
P15719,H19,51,F,Medicaid,66,2,0,0,5,0,0
P15720,H05,85,F,Medicare,37,3,1,0,3,0,1
P15721,H10,81,F,Medicare,73,1,0,1,5,0,0
P15722,H14,60,F,Medicaid,18,1,1,0,5,0,0
P15723,H19,82,F,Medicare,29,4,1,0,8,0,0
P15724,H08,85,M,Medicare,37,5,0,0,9,0,0
P15725,H08,66,F,Medicare,60,1,0,0,6,0,1
P15726,H11,43,M,Commercial,45,2,0,0,4,0,0
P15727,H03,68,F,Medicare,38,2,0,0,6,0,0
P15728,H11,72,F,Commercial,45,1,0,0,4,0,0
P15729,H14,68,F,Medicaid,62,2,1,0,6,0,0
P15730,H04,81,M,Medicare,26,0,0,1,5,0,0
P15731,H12,74,M,Medicare,13,2,2,0,2,0,0
P15732,H16,58,M,Medicaid,26,1,3,0,5,0,0
P15733,H09,59,F,Medicare,27,4,1,0,3,0,0
P15734,H12,63,M,Commercial,30,0,0,0,7,0,0
P15735,H04,79,F,Medicaid,16,2,1,0,2,0,0
P15736,H19,52,F,Medicare,50,3,1,0,10,1,0
P15737,H09,54,M,Commercial,11,3,0,0,3,0,0
P15738,H20,51,M,Medicare,48,0,2,1,7,0,0
P15739,H06,71,M,Medicare,54,3,2,0,7,0,0
P15740,H03,91,F,Medicare,52,2,2,0,5,0,0
P15741,H03,56,M,Commercial,82,1,1,1,10,0,1
P15742,H05,60,F,Commercial,13,0,1,1,6,0,0
P15743,H13,75,F,Commercial,23,2,2,0,4,0,0
P15744,H15,71,M,Medicaid,26,0,0,0,4,0,0
P15745,H07,79,M,Medicare,36,2,1,0,5,1,0
P15746,H05,73,F,Medicaid,28,1,2,0,3,0,0
P15747,H13,61,M,Medicare,17,2,2,0,3,1,0
P15748,H16,43,F,Medicaid,70,1,2,0,12,0,0
P15749,H09,49,F,Commercial,79,0,1,0,6,0,0
P15750,H12,88,M,Medicaid,59,4,0,0,8,0,0
P15751,H01,84,F,Medicaid,62,3,1,0,6,1,1
P15752,H07,72,M,Commercial,64,2,0,0,6,1,0
P15753,H06,57,F,Commercial,47,0,0,0,4,0,0
P15754,H12,48,M,Commercial,17,5,0,1,5,0,1
P15755,H13,52,M,Medicare,9,4,0,0,7,0,0
P15756,H20,71,F,Commercial,25,2,0,1,3,0,0
P15757,H09,62,F,Commercial,26,4,1,0,5,0,1
P15758,H11,67,F,Medicaid,28,1,4,0,3,0,0
P15759,H13,75,M,Medicaid,39,3,1,1,4,0,0
P15760,H07,48,F,Medicare,40,1,2,0,11,1,0
P15761,H14,66,M,Commercial,11,3,0,0,3,0,0
P15762,H04,64,M,Medicaid,4,2,0,0,2,0,0
P15763,H14,50,M,Commercial,66,2,2,0,5,1,0
P15764,H01,64,M,Commercial,39,3,0,1,7,1,0
P15765,H11,49,F,Commercial,38,1,0,0,3,0,0
P15766,H11,45,F,Commercial,26,1,2,0,6,0,1
P15767,H02,66,F,Commercial,57,2,0,0,6,0,0
P15768,H09,42,F,Medicare,40,2,2,1,5,1,0
P15769,H05,65,F,Commercial,76,0,1,0,7,0,0
P15770,H15,59,M,Medicare,30,2,0,0,6,0,0
P15771,H12,68,M,Medicare,36,1,1,0,6,0,0
P15772,H17,49,F,Medicaid,37,2,1,0,7,0,1
P15773,H02,68,F,Commercial,12,1,1,0,2,0,0
P15774,H18,56,M,Medicaid,54,4,0,1,5,0,0
P15775,H07,99,F,Medicare,55,4,1,0,5,1,0
P15776,H17,72,F,Commercial,60,2,0,1,6,0,0
P15777,H07,70,F,Medicare,35,1,2,0,6,1,0
P15778,H19,81,F,Medicaid,42,1,0,0,6,1,0
P15779,H17,66,F,Commercial,42,5,2,0,3,0,0
P15780,H20,48,F,Medicare,30,1,0,1,3,0,0
P15781,H10,70,F,Medicare,41,3,1,0,4,0,0
P15782,H09,60,M,Medicare,37,3,1,0,9,0,0
P15783,H05,80,F,Commercial,82,2,1,0,8,0,0
P15784,H12,39,M,Commercial,38,1,1,0,4,0,0
P15785,H15,51,M,Commercial,39,1,0,0,4,0,0
P15786,H04,65,F,Medicaid,52,1,1,0,10,0,0
P15787,H14,56,F,Medicaid,40,2,1,1,4,0,0
P15788,H04,76,F,Medicare,60,2,0,0,6,0,0
P15789,H03,75,M,Medicare,72,4,1,0,8,1,1
P15790,H02,71,F,Medicare,42,0,1,0,7,0,0
P15791,H18,59,M,Medicare,58,1,1,1,11,0,1
P15792,H20,74,M,Medicare,32,4,0,1,5,0,0
P15793,H04,53,F,Medicare,32,7,1,0,5,0,0
P15794,H12,75,M,Commercial,39,0,0,0,4,1,0
P15795,H06,72,M,Commercial,45,1,1,1,4,0,0
P15796,H16,69,F,Medicare,70,2,0,0,8,0,1
P15797,H20,59,M,Medicare,43,3,0,0,4,0,0
P15798,H10,69,M,Medicare,35,1,0,1,5,0,1
P15799,H11,48,M,Commercial,20,2,0,0,7,0,0
P15800,H14,76,M,Medicare,65,5,0,0,5,1,0
P15801,H02,35,M,Medicaid,30,2,0,1,4,0,0
P15802,H13,63,F,Medicare,16,0,0,0,3,0,0
P15803,H03,68,F,Medicare,71,1,0,0,6,0,0
P15804,H08,84,F,Medicare,53,1,0,1,6,0,0
P15805,H20,62,M,Medicare,44,3,0,0,3,0,1
P15806,H15,60,M,Medicare,26,1,1,0,5,0,0
P15807,H06,74,M,Medicaid,94,1,0,0,6,1,1
P15808,H08,20,F,Commercial,19,1,0,0,3,0,0
P15809,H08,83,F,Medicare,61,1,1,1,5,0,0
P15810,H18,75,M,Commercial,13,3,0,1,3,0,0
P15811,H17,62,F,Medicare,55,0,1,0,9,0,0
P15812,H19,62,F,Medicare,23,3,1,0,6,0,0
P15813,H16,54,M,Commercial,43,1,1,0,4,0,0
P15814,H09,77,M,Medicare,80,2,0,1,5,0,1
P15815,H14,64,F,Commercial,49,2,0,0,5,0,0
P15816,H08,82,F,Commercial,61,2,2,0,7,0,0
P15817,H20,55,F,Medicaid,66,1,0,0,9,0,0
P15818,H07,58,M,Commercial,30,2,2,0,3,1,0
P15819,H17,69,F,Commercial,62,1,0,1,5,0,0
P15820,H19,73,M,Commercial,63,2,2,1,8,0,0
P15821,H20,52,F,Commercial,14,2,0,1,3,0,0
P15822,H12,64,M,Medicare,73,2,1,0,8,1,0
P15823,H16,78,M,Commercial,83,3,2,0,10,1,1
P15824,H07,84,M,Medicare,15,3,3,1,3,1,0
P15825,H03,82,M,Medicare,60,4,1,0,6,1,0
P15826,H10,63,M,Medicare,45,0,3,0,9,1,0
P15827,H09,78,F,Medicare,18,1,1,0,3,0,0
P15828,H07,75,M,Medicaid,52,1,0,0,7,1,0
P15829,H10,76,F,Medicare,72,1,1,0,8,0,0
P15830,H12,52,M,Medicare,23,1,0,0,8,0,0
P15831,H07,38,F,Medicaid,56,2,0,1,6,1,0
P15832,H10,75,M,Medicare,57,0,0,1,5,0,0
P15833,H20,35,M,Medicare,56,3,0,0,5,0,0
P15834,H18,72,M,Commercial,50,1,1,0,6,0,0
P15835,H05,61,F,Medicare,42,1,0,0,7,0,0
P15836,H11,53,F,Medicare,69,2,1,0,8,1,0
P15837,H03,78,F,Medicare,24,2,1,0,6,0,0
P15838,H19,66,M,Commercial,81,2,2,0,7,1,0
P15839,H16,74,M,Medicare,84,1,0,1,5,1,0
P15840,H02,87,M,Medicaid,81,4,0,0,7,1,1
P15841,H12,58,M,Commercial,14,2,1,0,3,0,0
P15842,H17,84,M,Commercial,48,2,1,1,5,0,0
P15843,H18,69,M,Commercial,17,1,0,0,5,0,1
P15844,H05,52,M,Medicare,72,2,1,1,7,0,0
P15845,H03,44,M,Medicaid,25,1,0,1,7,0,0
P15846,H18,72,F,Medicare,11,1,0,0,2,0,0
P15847,H12,77,F,Medicare,31,2,1,1,3,0,0
P15848,H01,56,M,Commercial,36,1,1,0,8,0,0
P15849,H09,91,F,Medicare,34,4,1,1,3,0,0
P15850,H16,63,F,Medicare,57,4,3,0,4,0,0
P15851,H11,68,F,Medicare,7,3,0,0,5,0,0
P15852,H20,66,F,Medicare,61,4,1,1,6,1,0
P15853,H11,79,M,Medicare,69,3,2,1,6,1,1
P15854,H14,64,F,Medicaid,36,0,2,0,5,0,0
P15855,H04,66,F,Medicare,63,3,3,0,6,1,1
P15856,H20,36,F,Commercial,23,1,2,0,2,0,0
P15857,H01,55,F,Medicare,30,1,1,0,15,0,0
P15858,H11,78,M,Medicare,9,5,0,0,2,0,0
P15859,H16,71,F,Medicare,34,2,1,0,3,0,0
P15860,H05,77,F,Medicare,3,3,0,0,3,0,0
P15861,H03,74,M,Medicaid,38,3,2,1,4,0,0
P15862,H18,66,F,Commercial,19,2,1,0,2,0,0
P15863,H03,68,F,Medicaid,34,0,1,1,7,0,0
P15864,H06,69,F,Medicare,65,2,1,1,8,0,0
P15865,H12,74,M,Commercial,48,1,1,0,5,1,0
P15866,H07,62,F,Medicare,45,4,0,0,4,1,0
P15867,H15,59,M,Medicare,16,2,0,0,3,0,0
P15868,H09,80,F,Commercial,28,1,1,0,3,0,0
P15869,H19,66,F,Medicaid,38,2,4,1,4,0,0
P15870,H08,85,F,Medicare,51,1,0,0,5,0,0
P15871,H13,59,M,Medicare,72,1,0,1,13,0,0
P15872,H03,52,M,Medicare,36,4,0,1,11,0,0
P15873,H10,53,F,Medicaid,21,5,1,0,4,1,0
P15874,H03,70,F,Medicare,40,3,1,0,3,0,0
P15875,H12,60,M,Medicare,73,2,0,0,6,0,1
P15876,H01,68,F,Commercial,28,4,0,0,3,0,0
P15877,H14,44,M,Commercial,65,3,0,0,7,1,0
P15878,H09,61,F,Medicare,34,0,0,0,6,0,0
P15879,H07,76,F,Medicare,52,0,0,1,5,1,0
P15880,H01,94,F,Medicare,40,1,0,1,6,0,0
P15881,H10,69,M,Medicare,45,1,0,0,5,0,0
P15882,H11,34,M,Medicaid,62,0,2,1,9,0,0
P15883,H17,51,M,Commercial,10,0,2,1,2,0,0
P15884,H05,47,M,Medicare,34,1,0,1,4,0,0
P15885,H05,71,M,Medicaid,58,2,0,0,4,0,0
P15886,H13,71,M,Medicare,50,3,0,1,4,0,1
P15887,H11,63,M,Medicare,50,3,1,0,5,0,0
P15888,H18,77,F,Medicaid,58,0,2,0,5,0,0
P15889,H07,61,F,Medicare,33,1,1,0,4,1,0
P15890,H17,45,F,Medicare,40,2,2,1,5,0,0
P15891,H01,36,M,Medicare,52,4,0,1,5,0,0
P15892,H17,61,F,Commercial,79,3,0,0,7,0,1
P15893,H20,43,M,Commercial,12,2,1,0,7,0,0
P15894,H19,62,F,Commercial,71,2,1,0,5,0,1
P15895,H20,48,M,Medicare,31,2,1,0,8,0,0
P15896,H12,63,M,Commercial,57,0,1,1,7,0,0
P15897,H10,52,F,Medicare,67,1,1,1,7,1,0
P15898,H20,61,M,Medicare,40,3,0,0,6,0,1
P15899,H05,55,F,Medicare,24,3,1,0,5,0,0
P15900,H15,54,M,Medicaid,88,3,1,0,9,1,1
P15901,H18,59,F,Commercial,13,1,2,0,6,0,0
P15902,H01,57,F,Medicare,27,4,1,0,7,0,0
P15903,H08,69,M,Medicare,10,0,0,0,3,0,1
P15904,H04,75,M,Commercial,76,6,1,1,6,1,0
P15905,H10,77,M,Medicaid,55,5,0,0,6,0,0
P15906,H06,49,F,Medicare,35,1,0,1,3,0,0
P15907,H11,78,M,Commercial,29,2,1,0,6,0,0
P15908,H06,89,F,Medicaid,28,2,0,0,4,0,0
P15909,H12,71,F,Medicare,10,0,3,0,2,0,0
P15910,H04,98,M,Medicare,68,1,0,0,6,0,0
P15911,H12,79,F,Medicare,49,3,0,1,4,0,0
P15912,H06,60,F,Medicaid,60,3,2,1,5,1,0
P15913,H16,57,M,Commercial,30,1,2,1,3,0,0
P15914,H18,74,F,Commercial,40,3,1,0,3,0,0
P15915,H02,80,M,Commercial,40,5,1,0,5,0,0
P15916,H16,79,M,Medicare,74,2,1,0,6,0,0
P15917,H03,72,F,Commercial,37,1,0,0,6,0,0
P15918,H09,53,F,Medicare,48,2,1,0,4,0,0
P15919,H12,74,M,Medicare,73,3,0,1,6,1,1
P15920,H13,67,M,Medicare,18,3,0,0,7,0,0
P15921,H16,68,M,Medicare,16,5,1,1,2,0,0
P15922,H05,87,F,Commercial,49,1,0,1,7,0,0
P15923,H11,57,F,Medicare,46,2,1,0,10,0,1
P15924,H01,56,F,Commercial,46,4,0,0,5,0,1
P15925,H18,84,M,Medicaid,62,1,1,0,6,0,0
P15926,H04,79,F,Medicare,31,1,1,0,3,0,0
P15927,H16,50,F,Medicare,67,0,0,0,5,0,0
P15928,H20,50,M,Commercial,51,3,1,1,5,1,0
P15929,H10,61,F,Commercial,39,1,1,0,3,0,0
P15930,H03,66,M,Medicaid,48,0,1,1,4,0,0
P15931,H20,65,F,Medicare,51,4,0,0,5,0,0
P15932,H20,73,F,Commercial,26,0,0,0,5,0,0
P15933,H20,46,F,Commercial,66,0,1,0,5,0,0
P15934,H11,58,M,Commercial,45,3,2,0,5,0,0
P15935,H11,47,M,Medicare,66,1,3,0,7,1,0
P15936,H03,66,M,Medicaid,44,3,0,1,6,0,0
P15937,H12,84,F,Medicare,29,0,1,0,3,0,0
P15938,H10,51,M,Medicaid,16,0,0,1,5,0,0
P15939,H08,85,M,Commercial,46,3,0,0,6,0,0
P15940,H05,87,F,Commercial,37,2,0,1,8,0,0
P15941,H08,77,F,Medicare,67,1,0,0,5,0,0
P15942,H09,84,F,Medicaid,49,2,3,0,8,0,0
P15943,H17,46,M,Commercial,29,0,0,0,5,0,0
P15944,H17,68,M,Medicare,40,0,0,1,4,0,0
P15945,H17,48,F,Medicare,31,1,0,0,5,0,0
P15946,H09,64,M,Medicare,50,5,1,1,10,0,0
P15947,H09,48,F,Commercial,19,1,0,0,4,0,0
P15948,H06,80,M,Medicare,58,4,0,1,6,0,0
P15949,H08,71,F,Medicare,34,2,0,0,6,0,0
P15950,H10,61,F,Medicaid,50,2,0,1,6,0,0
P15951,H01,81,M,Commercial,56,0,2,1,6,0,0
P15952,H13,46,M,Medicare,51,2,0,0,4,0,0
P15953,H08,72,M,Medicaid,57,0,1,1,8,1,1
P15954,H14,61,M,Commercial,36,2,1,0,3,0,0
P15955,H01,90,M,Medicare,63,5,0,1,11,1,1
P15956,H07,53,F,Medicaid,65,2,0,0,5,1,0
P15957,H02,88,F,Medicare,46,4,0,0,4,0,0
P15958,H10,62,F,Medicare,30,1,1,1,4,0,0
P15959,H14,67,F,Medicare,45,3,0,0,5,0,0
P15960,H06,57,F,Medicare,63,0,0,1,6,0,0
P15961,H20,86,F,Commercial,42,3,1,0,8,0,0
P15962,H19,52,F,Medicare,46,1,0,0,4,0,0
P15963,H08,60,M,Medicare,31,0,0,0,8,0,0
P15964,H11,57,M,Medicare,87,5,1,0,8,1,1
P15965,H07,96,F,Commercial,25,3,0,0,5,1,1
P15966,H11,91,M,Commercial,33,2,1,0,7,0,0
P15967,H15,76,F,Medicare,71,1,0,1,5,0,0
P15968,H06,78,F,Medicare,73,4,1,0,5,1,1
P15969,H02,76,F,Commercial,25,4,0,0,6,0,0
P15970,H17,58,F,Medicare,64,3,2,1,10,1,1
P15971,H19,69,F,Medicare,77,1,0,0,6,0,0
P15972,H07,80,M,Commercial,49,0,0,0,8,1,0
P15973,H19,68,F,Medicare,48,1,0,0,4,0,0
P15974,H06,55,M,Medicare,16,1,0,0,6,0,0
P15975,H19,72,M,Medicare,46,3,1,0,5,0,0
P15976,H15,41,F,Commercial,17,5,0,0,3,0,0
P15977,H09,66,F,Medicaid,66,2,0,1,8,0,0
P15978,H19,64,M,Medicare,33,1,2,0,10,0,0
P15979,H16,71,M,Medicare,78,2,0,1,13,0,1
P15980,H06,63,M,Medicaid,27,1,0,1,3,0,0
P15981,H12,80,F,Medicaid,60,2,0,0,5,0,0
P15982,H08,61,M,Medicare,51,1,0,0,7,0,0
P15983,H13,67,M,Medicare,56,4,1,0,7,0,0
P15984,H09,82,M,Medicaid,57,3,2,0,5,0,0
P15985,H09,76,F,Commercial,36,2,1,0,4,0,0
P15986,H03,59,M,Commercial,20,1,0,1,3,0,0
P15987,H02,67,F,Commercial,22,2,2,0,2,0,0
P15988,H10,59,F,Commercial,47,3,0,0,6,0,0
P15989,H09,72,F,Medicaid,87,1,0,0,6,1,1
P15990,H02,64,M,Medicare,35,3,1,0,4,0,0
P15991,H13,57,F,Medicare,33,3,0,0,3,0,0
P15992,H01,99,M,Medicare,55,0,0,1,4,0,0
P15993,H14,64,F,Medicare,52,1,1,0,4,0,0
P15994,H08,72,F,Commercial,57,0,0,1,6,0,0
P15995,H02,68,F,Commercial,37,2,0,0,6,0,0
P15996,H20,44,M,Medicare,61,1,2,0,6,0,0
P15997,H08,57,M,Commercial,36,0,0,0,4,0,0
P15998,H17,80,M,Medicare,42,4,1,0,13,0,0
P15999,H09,71,F,Medicare,65,2,1,0,6,0,0
P16000,H04,64,F,Commercial,19,4,0,0,4,0,1
P16001,H18,53,M,Commercial,58,2,2,0,6,0,0
P16002,H20,77,M,Medicaid,46,4,2,0,4,0,0
P16003,H17,71,F,Medicare,17,4,0,0,4,0,0
P16004,H09,53,F,Medicare,11,3,0,1,2,0,0
P16005,H13,61,F,Commercial,19,0,0,0,4,0,0
P16006,H19,85,F,Medicare,19,1,0,0,4,0,0
P16007,H02,69,M,Commercial,38,2,0,0,7,0,0
P16008,H16,50,M,Commercial,79,2,0,0,5,1,0
P16009,H01,70,F,Medicaid,72,0,2,0,6,1,1
P16010,H18,55,M,Medicaid,86,2,2,0,6,1,1
P16011,H07,54,F,Medicaid,41,3,2,1,5,1,0
P16012,H14,52,F,Medicare,42,5,0,0,4,0,0
P16013,H03,61,F,Medicaid,50,1,0,1,4,0,0
P16014,H10,75,M,Medicare,70,1,1,0,6,0,1
P16015,H11,51,F,Medicare,18,1,0,0,3,0,1
P16016,H16,56,M,Commercial,22,4,3,0,5,0,0
P16017,H09,76,F,Medicare,14,1,0,0,4,0,0
P16018,H02,77,F,Medicaid,41,0,1,0,13,0,0
P16019,H03,63,M,Medicaid,77,2,0,1,7,0,0
P16020,H18,77,F,Medicare,44,1,0,0,4,0,0
P16021,H07,43,F,Medicaid,38,2,0,0,6,1,0
P16022,H05,69,F,Medicare,46,4,1,0,4,0,0
P16023,H20,68,M,Commercial,23,3,2,0,7,0,0
P16024,H20,72,M,Medicare,47,1,0,1,4,0,0
P16025,H01,88,F,Commercial,56,2,2,0,8,0,0
P16026,H12,61,M,Commercial,39,1,0,0,8,0,0
P16027,H18,86,M,Medicare,20,1,1,1,7,0,0
P16028,H19,57,M,Medicaid,34,0,2,0,6,0,0
P16029,H16,55,F,Medicare,70,4,0,0,7,1,0
P16030,H15,67,M,Medicare,37,2,0,1,6,0,0
P16031,H04,60,M,Medicare,66,1,1,0,5,0,0
P16032,H08,70,F,Commercial,95,2,0,0,10,0,0
P16033,H02,61,M,Commercial,16,1,0,1,8,0,0
P16034,H09,79,F,Commercial,50,4,1,1,8,0,0
P16035,H18,81,F,Commercial,43,3,1,0,5,0,0
P16036,H04,50,F,Medicaid,50,5,0,0,5,0,1
P16037,H08,54,M,Medicaid,8,4,0,0,2,0,0
P16038,H10,82,F,Commercial,75,2,0,0,5,0,1
P16039,H17,67,F,Medicare,11,0,1,0,3,0,0
P16040,H04,65,M,Medicare,76,2,0,0,6,0,0
P16041,H09,45,F,Medicare,37,0,0,0,9,0,0
P16042,H18,82,F,Medicare,44,4,0,0,4,0,0
P16043,H05,68,F,Medicare,79,5,1,1,8,1,0
P16044,H14,60,F,Medicaid,67,1,1,0,6,0,0
P16045,H01,48,F,Commercial,93,2,1,0,13,0,0
P16046,H15,78,F,Commercial,10,2,1,0,4,0,0
P16047,H13,93,F,Commercial,25,2,2,0,5,0,0
P16048,H07,73,F,Medicare,30,1,0,0,3,1,0
P16049,H12,85,M,Medicare,49,3,2,0,4,0,0
P16050,H06,64,F,Medicaid,79,0,0,1,6,0,1
P16051,H10,65,M,Commercial,69,3,2,0,6,1,1
P16052,H19,48,F,Medicare,54,1,2,0,6,0,0
P16053,H09,68,F,Commercial,41,2,1,0,4,0,0
P16054,H17,73,M,Commercial,17,1,1,0,2,0,0
P16055,H03,72,F,Medicare,85,1,0,0,8,0,1
P16056,H16,51,M,Medicaid,18,2,0,0,5,0,0
P16057,H05,65,F,Medicare,73,1,0,0,7,0,0
P16058,H12,65,F,Medicaid,20,2,1,0,13,0,0
P16059,H15,48,M,Medicaid,30,1,1,0,4,0,0
P16060,H09,59,F,Commercial,42,2,0,1,6,0,0
P16061,H15,65,M,Medicaid,42,5,1,0,5,0,0
P16062,H14,66,M,Medicaid,67,3,0,0,5,1,1
P16063,H05,82,F,Medicare,63,1,1,1,5,0,0
P16064,H04,67,M,Commercial,36,2,0,0,4,0,0
P16065,H18,73,F,Commercial,75,1,1,0,5,0,0
P16066,H06,45,M,Medicare,32,2,1,0,4,0,0
P16067,H14,39,F,Medicaid,60,1,0,0,6,0,0
P16068,H03,42,M,Medicaid,55,2,0,0,7,0,0
P16069,H17,61,F,Commercial,30,1,0,0,3,0,0
P16070,H10,63,M,Medicare,63,1,0,0,4,0,0
P16071,H06,63,F,Commercial,47,0,0,0,9,1,0
P16072,H01,73,M,Commercial,10,4,3,0,4,0,1
P16073,H13,63,M,Medicare,47,2,2,0,8,0,0
P16074,H04,71,M,Medicare,50,0,1,1,5,0,0
P16075,H02,54,M,Medicare,84,1,1,1,6,0,1
P16076,H18,74,F,Medicare,12,2,0,0,4,0,0
P16077,H13,69,F,Medicare,69,2,1,0,5,1,0
P16078,H17,55,M,Commercial,22,3,0,1,5,0,0
P16079,H19,85,F,Medicare,44,1,1,1,4,0,0
P16080,H14,76,M,Medicare,68,2,1,1,5,0,1
P16081,H18,78,M,Commercial,34,1,0,0,5,0,0
P16082,H15,76,F,Medicare,56,4,1,0,8,0,1
P16083,H02,58,F,Medicaid,67,2,2,1,6,1,1
P16084,H14,74,M,Commercial,54,3,1,0,7,0,1
P16085,H05,59,M,Medicare,53,3,0,0,10,0,0
P16086,H17,99,M,Medicaid,17,2,0,1,2,0,0
P16087,H19,62,M,Medicare,27,3,0,1,4,0,0
P16088,H07,79,F,Medicare,49,2,1,0,5,1,1
P16089,H16,67,F,Commercial,81,2,0,0,11,0,1
P16090,H06,84,F,Medicare,48,3,0,0,4,0,0
P16091,H17,73,F,Commercial,47,4,0,0,6,0,0
P16092,H02,88,M,Medicaid,22,3,0,0,2,0,0
P16093,H10,77,M,Commercial,63,1,0,0,6,0,0
P16094,H05,50,M,Medicare,49,2,0,0,5,0,0
P16095,H09,64,M,Medicare,60,2,0,0,5,0,0
P16096,H10,60,M,Commercial,25,1,0,0,3,0,0
P16097,H02,72,M,Medicare,65,1,0,0,5,0,1
P16098,H02,72,M,Medicare,47,1,1,0,6,0,0
P16099,H08,60,M,Medicare,58,2,1,1,6,1,0
P16100,H10,57,F,Commercial,53,2,1,0,4,0,0
P16101,H14,67,F,Commercial,17,2,0,1,2,0,0
P16102,H11,64,F,Medicare,65,0,1,0,10,0,0
P16103,H04,64,M,Commercial,46,2,0,0,9,1,0
P16104,H01,72,M,Commercial,38,1,0,0,3,0,0
P16105,H01,71,F,Commercial,46,1,2,0,6,0,0
P16106,H08,74,M,Commercial,19,1,0,0,4,0,1
P16107,H10,60,M,Medicare,22,4,0,0,3,0,0
P16108,H03,62,M,Commercial,58,0,0,0,5,0,0
P16109,H14,68,M,Commercial,41,3,0,0,4,0,0
P16110,H14,63,M,Commercial,38,3,0,1,3,0,0
P16111,H20,63,F,Medicaid,44,0,3,1,5,0,0
P16112,H07,63,M,Medicare,50,3,3,1,6,1,1
P16113,H08,48,M,Medicare,84,4,1,0,7,1,0
P16114,H18,58,M,Medicaid,27,0,1,1,2,0,0
P16115,H06,76,M,Medicaid,27,3,0,0,2,0,0
P16116,H10,58,F,Commercial,46,3,0,0,6,0,0
P16117,H04,68,M,Medicare,21,3,2,0,3,0,1
P16118,H06,64,M,Medicare,45,5,0,0,6,0,1
P16119,H12,89,M,Medicaid,43,0,0,1,5,0,0
P16120,H05,48,M,Medicaid,29,3,1,0,9,0,0
P16121,H20,82,M,Medicare,12,2,0,0,5,0,0
P16122,H13,61,F,Commercial,74,2,1,0,7,0,0
P16123,H13,70,M,Commercial,60,2,1,0,10,0,0
P16124,H13,59,F,Medicare,30,2,1,0,4,0,0
P16125,H05,49,M,Commercial,17,1,1,0,3,0,0
P16126,H01,85,M,Medicaid,37,1,0,0,5,0,0
P16127,H18,66,M,Commercial,26,2,0,0,4,0,0
P16128,H12,61,F,Commercial,27,1,0,0,4,0,0
P16129,H10,77,F,Medicare,64,3,3,0,6,1,0
P16130,H07,51,M,Medicare,29,3,1,1,3,1,0
P16131,H02,80,M,Medicaid,22,4,2,1,3,0,1
P16132,H14,52,F,Commercial,20,1,1,1,3,0,0
P16133,H12,45,F,Medicare,63,0,0,0,6,0,0
P16134,H15,67,M,Medicaid,17,0,1,1,3,0,0
P16135,H04,87,M,Medicaid,28,2,1,1,5,0,0
P16136,H07,48,M,Medicare,49,1,2,0,7,1,0
P16137,H07,72,F,Medicare,33,1,1,0,3,1,0
P16138,H19,58,F,Medicare,38,2,1,0,5,0,0
P16139,H17,65,M,Medicare,42,2,0,1,5,0,0
P16140,H05,61,F,Commercial,11,2,1,0,5,0,0
P16141,H12,48,F,Medicare,25,3,3,0,4,0,0
P16142,H06,81,M,Medicaid,49,1,0,0,4,0,0
P16143,H01,67,M,Medicare,13,2,1,1,2,0,0
P16144,H18,65,M,Medicare,40,1,1,0,7,0,0
P16145,H08,70,F,Medicare,33,2,0,1,3,0,0
P16146,H14,81,M,Medicaid,67,3,0,0,7,1,0
P16147,H05,70,M,Commercial,36,1,2,1,3,0,0
P16148,H03,57,M,Commercial,27,3,0,1,3,0,0
P16149,H15,83,F,Medicaid,8,0,1,1,5,0,0
P16150,H07,59,F,Medicare,44,1,0,0,5,1,0
P16151,H16,61,F,Medicare,18,5,1,1,3,0,0
P16152,H11,81,M,Medicare,57,1,1,1,6,1,0
P16153,H05,71,M,Medicaid,55,2,2,0,4,0,0
P16154,H06,55,M,Medicare,92,2,2,0,11,0,0
P16155,H17,85,M,Commercial,69,2,1,0,8,0,0
P16156,H11,53,M,Commercial,87,2,1,0,6,0,0
P16157,H04,71,M,Medicare,39,1,1,0,5,0,0
P16158,H09,66,M,Commercial,15,4,0,0,5,0,0
P16159,H19,91,F,Medicaid,88,3,1,0,7,1,1
P16160,H04,54,F,Commercial,75,1,0,0,5,0,0
P16161,H09,69,F,Medicare,40,2,0,0,3,0,0
P16162,H06,72,F,Medicare,16,3,0,0,5,0,0
P16163,H16,72,F,Medicare,40,2,1,0,5,0,0
P16164,H04,70,M,Medicaid,19,0,0,0,7,0,0
P16165,H19,96,F,Commercial,76,2,0,1,6,0,1
P16166,H18,65,F,Medicare,34,1,0,0,4,0,0
P16167,H13,68,M,Medicare,20,1,1,0,3,0,0
P16168,H06,36,F,Medicaid,49,0,2,0,5,0,1
P16169,H09,59,M,Commercial,34,3,1,0,7,0,0
P16170,H03,50,M,Medicare,15,1,0,1,3,0,0
P16171,H01,73,M,Medicaid,29,3,1,0,7,0,0
P16172,H15,81,M,Commercial,42,0,1,0,7,0,0
P16173,H13,99,M,Commercial,64,5,0,1,5,1,0
P16174,H03,60,M,Medicare,49,5,0,1,4,0,1
P16175,H16,69,M,Medicaid,63,3,0,0,6,1,0
P16176,H07,99,M,Commercial,18,0,1,0,4,1,0
P16177,H05,74,M,Medicare,44,4,2,0,5,0,1
P16178,H14,54,M,Medicare,33,1,1,0,3,0,0
P16179,H04,75,M,Medicare,51,2,0,0,6,0,0
P16180,H06,58,F,Medicare,39,1,1,0,5,0,0
P16181,H13,72,F,Commercial,64,3,0,0,6,1,0
P16182,H13,77,M,Medicare,14,0,0,1,8,0,0
P16183,H13,78,F,Commercial,59,3,1,0,5,0,0
P16184,H09,71,M,Commercial,29,2,0,1,8,0,0
P16185,H05,52,M,Medicare,54,0,1,0,5,0,0
P16186,H01,57,F,Medicare,46,0,0,0,6,0,0
P16187,H02,87,F,Commercial,50,3,1,0,4,0,1
P16188,H13,61,F,Medicaid,67,3,2,0,6,1,1
P16189,H14,73,M,Medicare,57,0,1,0,6,0,0
P16190,H07,69,M,Medicare,37,2,2,1,6,1,0
P16191,H01,59,F,Medicaid,32,3,0,0,4,0,0
P16192,H11,76,F,Medicare,2,1,0,1,2,0,0
P16193,H18,77,M,Medicare,32,3,1,1,3,0,0
P16194,H02,64,M,Medicare,61,2,0,1,5,0,0
P16195,H18,83,M,Commercial,53,3,1,1,7,0,0
P16196,H05,74,M,Medicare,62,2,1,0,6,0,0
P16197,H10,89,M,Medicaid,36,1,3,0,4,0,0
P16198,H10,53,F,Commercial,31,2,1,0,4,0,0
P16199,H20,67,M,Medicare,43,2,0,0,5,0,0
P16200,H19,88,F,Medicare,45,3,0,0,6,0,0
P16201,H04,49,F,Medicare,45,0,1,0,5,0,0
P16202,H12,44,M,Medicare,49,3,1,0,9,0,0
P16203,H20,70,M,Medicare,46,3,2,1,5,0,0
P16204,H02,71,M,Medicare,29,3,0,1,3,0,0
P16205,H05,62,F,Medicare,57,2,1,0,5,1,1
P16206,H02,56,F,Medicaid,31,1,2,0,10,0,0
P16207,H15,66,M,Medicare,31,3,0,0,3,0,0
P16208,H14,55,M,Commercial,38,3,0,0,4,0,1
P16209,H07,60,M,Medicaid,20,2,0,0,4,1,0
P16210,H02,87,F,Medicare,14,1,0,0,4,0,0
P16211,H20,95,M,Medicare,19,2,1,1,10,0,0
P16212,H07,57,M,Medicare,50,3,1,0,7,1,0
P16213,H18,68,M,Medicaid,62,4,1,0,5,1,1
P16214,H11,80,F,Medicaid,38,1,1,0,6,0,0
P16215,H18,76,M,Medicare,51,3,0,0,4,0,0
P16216,H04,58,F,Medicaid,27,1,1,0,4,0,0
P16217,H05,82,M,Commercial,67,1,1,0,5,0,1
P16218,H09,61,M,Medicare,47,1,0,0,4,0,0
P16219,H11,67,M,Medicare,53,1,1,0,5,0,0
P16220,H04,64,M,Commercial,79,6,1,0,6,1,1
P16221,H10,61,M,Commercial,20,1,1,1,3,0,0
P16222,H13,80,M,Commercial,71,4,1,1,7,1,0
P16223,H10,68,M,Medicare,61,1,2,0,9,1,0
P16224,H04,60,F,Medicaid,49,1,1,0,8,0,1
P16225,H04,63,M,Medicare,43,0,0,0,5,0,0
P16226,H05,48,F,Commercial,19,2,0,0,3,0,0
P16227,H13,83,F,Medicare,38,3,1,1,6,0,0
P16228,H11,53,F,Medicare,48,0,1,0,8,0,0
P16229,H05,92,M,Medicare,32,4,1,0,3,0,0
P16230,H13,60,M,Commercial,34,3,2,0,4,0,0
P16231,H07,49,F,Commercial,38,2,1,1,5,1,0
P16232,H17,69,M,Medicare,32,0,0,0,8,0,0
P16233,H03,61,M,Commercial,73,2,0,0,6,0,0
P16234,H17,74,M,Medicare,63,4,0,1,6,1,0
P16235,H20,70,F,Medicaid,64,0,2,1,6,0,0
P16236,H11,66,F,Commercial,41,4,0,1,6,0,0
P16237,H15,76,M,Medicare,52,4,0,0,5,0,0
P16238,H17,66,F,Medicare,35,3,1,1,4,0,1
P16239,H11,76,F,Medicare,72,3,0,1,5,1,0
P16240,H04,48,F,Commercial,38,1,1,1,5,0,0
P16241,H03,75,M,Medicare,50,2,1,0,5,0,0
P16242,H11,81,M,Medicaid,19,0,2,1,5,0,0
P16243,H20,64,M,Medicare,17,2,0,0,4,0,0
P16244,H14,74,F,Medicaid,22,2,2,0,3,0,0
P16245,H12,75,F,Medicare,12,3,0,0,3,0,0
P16246,H02,71,F,Commercial,39,0,1,0,4,0,0
P16247,H08,46,M,Medicare,20,2,1,1,4,0,0
P16248,H17,63,F,Medicare,69,3,2,0,5,1,0
P16249,H05,76,F,Medicare,16,2,3,0,4,0,0
P16250,H12,75,F,Commercial,29,4,0,1,5,0,0
P16251,H04,46,F,Medicare,60,1,0,0,5,0,0
P16252,H07,46,F,Medicaid,40,2,0,1,7,1,0
P16253,H11,59,M,Medicare,51,1,1,1,4,0,0
P16254,H01,56,F,Commercial,30,3,0,0,3,0,0
P16255,H20,51,F,Medicare,44,4,0,1,7,0,0
P16256,H09,78,F,Medicare,21,1,0,0,7,0,0
P16257,H08,98,F,Commercial,15,5,0,0,3,0,0
P16258,H18,83,M,Medicare,42,1,0,1,6,1,0
P16259,H17,94,M,Medicare,19,1,0,1,4,0,0
P16260,H07,60,M,Medicaid,10,2,1,0,2,1,0
P16261,H20,68,F,Medicare,21,1,2,1,3,0,0
P16262,H13,70,M,Medicaid,61,1,0,0,4,0,0
P16263,H04,56,M,Commercial,12,4,1,0,4,0,0
P16264,H19,57,M,Commercial,67,0,0,0,6,0,0
P16265,H13,73,F,Medicaid,64,0,0,0,5,0,0
P16266,H19,65,F,Medicare,14,1,3,0,2,0,0
P16267,H14,37,F,Medicaid,17,4,0,0,4,0,0
P16268,H10,55,M,Medicare,8,1,1,0,3,0,0
P16269,H11,64,F,Medicare,65,3,0,0,8,1,1
P16270,H08,66,F,Medicare,41,5,0,1,5,0,0
P16271,H11,66,F,Commercial,10,2,0,0,4,0,0
P16272,H09,68,F,Medicare,29,6,0,0,9,0,0
P16273,H11,69,M,Commercial,45,3,2,0,5,0,0
P16274,H02,71,F,Commercial,50,0,1,0,17,0,0
P16275,H13,87,M,Medicare,33,1,0,0,4,0,0
P16276,H18,79,F,Commercial,53,6,1,1,4,0,1
P16277,H11,72,F,Commercial,38,1,0,0,4,0,0
P16278,H01,45,M,Medicare,30,0,1,0,4,0,0
P16279,H12,76,M,Commercial,34,1,0,1,10,0,0
P16280,H03,51,F,Medicaid,60,1,0,1,6,0,0
P16281,H12,78,M,Medicaid,39,3,0,0,4,0,0
P16282,H20,61,F,Commercial,56,3,0,0,6,0,0
P16283,H12,76,M,Medicare,41,1,3,0,5,0,0
P16284,H12,72,F,Medicaid,32,0,0,0,11,0,0
P16285,H13,66,M,Medicare,12,2,1,0,2,0,0
P16286,H19,72,M,Medicaid,47,3,0,0,5,0,0
P16287,H04,67,M,Medicare,32,2,0,0,3,0,0
P16288,H06,72,F,Medicare,39,0,0,0,5,0,0
P16289,H09,31,F,Medicaid,62,3,0,1,7,1,0
P16290,H12,47,F,Commercial,12,3,0,1,3,0,0
P16291,H07,79,F,Medicaid,54,2,1,0,5,1,0
P16292,H02,32,M,Commercial,43,2,3,0,8,0,0
P16293,H14,71,M,Commercial,48,0,0,1,5,0,0
P16294,H05,73,F,Medicare,27,1,0,0,6,0,0
P16295,H07,66,F,Commercial,78,0,3,0,5,1,0
P16296,H03,97,M,Medicaid,29,1,0,1,3,0,0
P16297,H09,82,F,Medicaid,38,2,1,0,3,0,0
P16298,H13,81,F,Medicare,52,0,1,0,12,0,0
P16299,H20,47,M,Commercial,65,2,1,0,4,0,0
P16300,H10,91,M,Commercial,21,1,0,0,5,0,0
P16301,H15,39,F,Commercial,36,4,0,0,3,0,0
P16302,H02,66,M,Medicare,17,5,2,0,3,0,0
P16303,H15,57,F,Medicare,8,1,0,0,2,0,0
P16304,H09,58,F,Medicare,63,2,1,0,5,0,1
P16305,H15,67,F,Commercial,20,1,0,0,3,0,0
P16306,H08,72,F,Commercial,58,2,1,1,5,0,0
P16307,H04,54,M,Medicaid,32,2,0,0,3,0,0
P16308,H14,98,M,Medicaid,44,1,0,0,7,0,0
P16309,H05,64,F,Medicare,70,4,0,0,6,1,0
P16310,H14,59,M,Commercial,81,0,0,1,11,0,0
P16311,H16,63,F,Commercial,21,4,1,0,8,0,0
P16312,H09,51,M,Commercial,48,4,1,0,4,0,0
P16313,H02,58,M,Medicare,47,0,2,0,8,0,0
P16314,H12,59,M,Medicare,16,3,2,0,4,0,0
P16315,H12,90,F,Commercial,68,3,0,1,6,0,1
P16316,H20,68,M,Medicare,46,0,2,0,5,0,0
P16317,H12,74,M,Medicare,17,4,2,1,4,0,1
P16318,H15,51,F,Medicare,29,1,1,0,4,0,0
P16319,H17,72,F,Commercial,13,2,1,0,3,0,1
P16320,H05,63,F,Medicare,15,1,0,1,2,0,0
P16321,H16,91,M,Commercial,28,0,1,0,4,0,0
P16322,H08,58,F,Medicare,35,5,2,1,7,0,0
P16323,H17,83,M,Medicare,63,4,0,0,12,0,0
P16324,H04,77,F,Medicare,74,2,0,0,7,0,0
P16325,H08,60,F,Medicare,11,1,0,0,2,0,0
P16326,H10,79,F,Medicare,51,2,1,0,10,0,1
P16327,H06,94,F,Medicaid,46,2,0,0,4,0,0
P16328,H07,88,F,Medicaid,45,1,1,0,5,1,0
P16329,H15,92,F,Medicaid,40,1,1,0,4,0,1
P16330,H08,56,F,Medicare,78,1,0,1,8,0,0
P16331,H06,61,F,Commercial,23,2,2,0,4,0,0
P16332,H12,94,F,Commercial,26,2,2,1,3,0,0
P16333,H03,69,M,Medicare,38,0,2,0,6,0,0
P16334,H17,58,F,Medicare,44,3,0,0,6,0,0
P16335,H12,85,M,Medicare,33,3,1,1,3,0,0
P16336,H02,60,M,Commercial,60,1,1,0,6,0,0
P16337,H20,60,M,Medicaid,84,3,1,1,7,1,1
P16338,H08,95,F,Medicare,60,0,0,1,7,0,0
P16339,H01,63,M,Medicare,19,4,0,0,4,0,0
P16340,H13,71,M,Medicare,34,2,0,0,5,0,0
P16341,H13,58,F,Commercial,39,1,0,0,4,0,0
P16342,H08,66,F,Commercial,43,3,0,0,4,0,0
P16343,H03,48,M,Medicare,73,3,0,0,6,1,1
P16344,H10,42,M,Medicaid,68,2,0,0,6,0,0
P16345,H20,84,M,Medicare,74,3,0,0,7,0,1
P16346,H10,65,M,Medicare,37,1,0,0,4,0,1
P16347,H14,54,M,Medicare,8,2,0,0,2,0,0
P16348,H04,49,M,Medicare,57,0,0,0,6,0,0
P16349,H02,46,F,Medicare,67,0,0,1,5,0,0
P16350,H16,77,F,Commercial,54,3,1,0,4,0,1
P16351,H08,71,F,Medicare,71,1,0,0,5,0,0
P16352,H16,59,M,Commercial,77,2,0,1,6,0,1
P16353,H10,71,F,Medicare,73,2,0,1,5,0,0
P16354,H08,68,M,Medicare,26,2,1,0,11,0,0
P16355,H02,60,F,Commercial,55,5,0,1,6,0,0
P16356,H13,58,F,Medicaid,10,3,0,0,2,0,0
P16357,H05,69,F,Medicaid,84,3,3,0,8,1,1
P16358,H06,77,F,Commercial,10,6,0,0,3,0,0
P16359,H11,39,M,Medicaid,45,1,0,0,5,0,0
P16360,H02,58,M,Medicare,51,5,0,1,6,0,0
P16361,H17,65,M,Commercial,31,3,0,1,3,0,0
P16362,H17,89,M,Medicare,22,2,2,0,5,0,0
P16363,H15,55,F,Medicare,57,1,0,0,5,0,0
P16364,H18,71,F,Medicare,51,2,1,0,4,0,0
P16365,H14,59,F,Commercial,61,0,0,0,6,0,1
P16366,H07,56,F,Commercial,25,1,1,1,6,1,0
P16367,H05,69,F,Medicare,19,1,2,0,3,0,0
P16368,H06,68,F,Commercial,26,0,1,1,6,0,0
P16369,H19,74,F,Medicare,29,2,1,0,6,0,0
P16370,H17,66,M,Medicaid,60,6,1,0,9,1,1
P16371,H19,64,F,Commercial,3,2,1,1,2,0,0
P16372,H09,64,F,Medicare,14,3,0,0,4,0,0
P16373,H15,56,M,Medicare,30,2,0,0,5,0,0
P16374,H02,63,M,Commercial,84,1,1,0,8,0,0
P16375,H19,62,M,Medicaid,59,2,1,0,4,0,1
P16376,H10,65,M,Medicaid,50,1,1,0,4,0,0
P16377,H05,67,F,Medicare,76,3,1,0,7,1,0
P16378,H11,37,F,Medicaid,69,2,2,0,6,1,0
P16379,H06,54,M,Medicaid,62,0,0,0,8,0,0
P16380,H11,89,M,Commercial,52,2,1,0,5,0,0
P16381,H03,52,F,Medicare,47,3,0,1,5,0,0
P16382,H19,46,M,Medicare,80,3,0,1,6,1,0
P16383,H04,71,F,Medicare,79,4,0,0,5,1,0
P16384,H20,74,M,Medicaid,84,3,1,0,6,1,1
P16385,H19,69,M,Medicare,77,4,0,0,6,1,1
P16386,H11,47,M,Commercial,50,1,1,0,4,0,0
P16387,H08,73,F,Medicaid,13,2,0,1,3,0,0
P16388,H05,79,F,Medicare,51,2,2,0,9,1,0
P16389,H18,99,F,Medicaid,43,0,1,0,3,0,0
P16390,H15,49,M,Commercial,55,0,1,0,9,1,0
P16391,H07,76,F,Medicare,74,1,1,0,6,1,0
P16392,H13,43,M,Commercial,64,3,0,0,6,1,0
P16393,H09,47,M,Commercial,13,7,0,0,3,0,0
P16394,H03,69,M,Commercial,41,3,0,0,4,0,0
P16395,H18,72,M,Medicare,63,1,1,0,6,0,0
P16396,H17,68,F,Medicare,24,2,2,1,3,0,0
P16397,H15,56,F,Medicare,56,1,1,0,5,0,1
P16398,H13,55,F,Commercial,76,1,0,1,7,0,0
P16399,H09,68,F,Commercial,15,1,0,0,4,0,0
P16400,H14,42,F,Medicare,81,2,0,1,7,0,0
P16401,H14,74,F,Commercial,78,0,1,0,7,0,1
P16402,H03,68,F,Medicare,4,1,4,0,2,0,0
P16403,H19,65,F,Medicare,25,3,1,0,4,0,0
P16404,H18,84,M,Medicaid,23,0,0,0,3,0,0
P16405,H15,60,M,Medicaid,10,6,4,0,5,0,0
P16406,H12,58,F,Medicare,28,1,2,0,3,0,0
P16407,H17,53,M,Medicaid,13,0,0,0,3,0,0
P16408,H11,71,F,Medicare,44,1,1,0,5,0,0
P16409,H10,59,M,Commercial,60,2,0,0,9,0,0
P16410,H16,99,F,Medicare,52,3,0,1,6,0,0
P16411,H14,52,M,Medicare,6,2,3,1,3,0,0
P16412,H08,59,F,Medicare,70,1,0,0,6,0,0
P16413,H17,70,F,Medicare,62,1,0,0,6,0,0
P16414,H16,64,F,Medicare,15,3,1,0,4,0,0
P16415,H08,64,M,Medicaid,19,3,1,1,2,0,0
P16416,H01,60,M,Commercial,61,5,0,1,5,1,1
P16417,H15,68,M,Medicare,60,2,0,0,6,0,0
P16418,H16,54,M,Commercial,74,2,0,1,6,0,1
P16419,H10,49,M,Commercial,86,2,0,1,6,0,0
P16420,H12,53,F,Medicare,8,1,2,0,2,0,0
P16421,H19,53,F,Medicare,18,1,0,1,5,0,0
P16422,H10,71,F,Medicare,38,2,0,1,5,0,0
P16423,H07,96,F,Commercial,15,3,0,0,4,1,0
P16424,H06,65,F,Medicare,87,1,0,0,10,0,1
P16425,H08,39,M,Medicaid,61,2,0,0,4,0,0
P16426,H10,78,M,Medicare,15,0,0,1,3,0,0
P16427,H14,72,M,Medicaid,57,2,0,1,6,0,1
P16428,H12,74,F,Medicaid,69,1,0,0,6,0,0
P16429,H03,55,M,Medicaid,20,3,0,0,3,0,0
P16430,H12,75,M,Medicare,56,4,1,0,7,0,0
P16431,H15,95,F,Commercial,39,4,0,0,6,0,0
P16432,H13,58,F,Medicare,20,0,1,0,2,0,0
P16433,H06,76,F,Commercial,56,5,0,0,5,0,0
P16434,H05,64,M,Medicare,67,2,1,0,6,0,0
P16435,H01,58,M,Medicare,33,4,0,0,8,0,0
P16436,H19,62,F,Medicare,24,5,0,1,3,0,1
P16437,H16,56,M,Medicare,29,4,2,0,4,0,0
P16438,H08,64,M,Medicare,78,0,1,1,7,0,0
P16439,H02,77,F,Medicare,53,0,1,1,5,0,0
P16440,H20,59,M,Medicaid,12,1,0,0,4,0,0
P16441,H07,69,F,Medicaid,20,2,0,1,2,1,0
P16442,H18,84,F,Medicare,54,4,1,0,5,0,0
P16443,H03,76,M,Commercial,37,2,1,1,7,0,0
P16444,H15,54,F,Medicare,24,0,1,0,7,0,0
P16445,H08,48,F,Medicare,59,3,1,0,7,0,0
P16446,H19,99,F,Medicaid,6,1,0,0,3,0,0
P16447,H10,64,M,Commercial,26,1,2,0,4,0,0
P16448,H06,41,M,Medicare,4,1,0,1,3,0,0
P16449,H10,71,M,Medicare,17,2,1,1,4,0,0
P16450,H20,67,F,Medicare,14,1,1,0,15,0,0
P16451,H15,94,F,Medicare,55,1,1,0,7,0,0
P16452,H17,54,F,Commercial,32,5,1,0,4,0,0
P16453,H06,80,F,Medicare,74,3,1,0,5,1,0
P16454,H08,81,F,Medicare,69,2,0,0,10,0,0
P16455,H20,70,M,Medicare,25,1,0,0,4,0,0
P16456,H18,63,F,Commercial,18,1,0,0,3,0,0
P16457,H08,56,M,Commercial,38,4,0,0,4,0,0
P16458,H08,55,F,Commercial,70,4,0,0,6,1,1
P16459,H06,89,F,Medicare,27,1,2,0,4,0,0
P16460,H15,53,F,Commercial,73,4,1,0,8,0,0
P16461,H03,77,F,Commercial,25,2,0,1,2,0,1
P16462,H04,79,M,Commercial,24,4,2,0,4,0,0
P16463,H09,86,F,Medicare,39,3,0,0,7,0,0
P16464,H14,58,F,Medicare,79,1,0,0,9,0,0
P16465,H09,58,F,Medicare,56,2,1,1,5,1,1
P16466,H19,66,M,Medicaid,44,2,1,0,4,0,1
P16467,H08,66,M,Commercial,56,0,1,0,5,0,0
P16468,H01,79,F,Medicare,49,1,0,0,6,0,0
P16469,H01,52,M,Medicare,21,2,0,0,3,0,0
P16470,H12,80,M,Medicaid,64,0,1,0,7,0,0
P16471,H16,74,M,Medicare,67,2,0,0,8,0,0
P16472,H15,55,M,Commercial,16,1,1,1,6,0,0
P16473,H14,72,F,Medicare,44,1,0,0,6,0,0
P16474,H19,75,M,Medicare,21,2,0,1,3,0,0
P16475,H20,63,M,Medicaid,66,5,1,0,8,1,1
P16476,H06,67,F,Medicare,40,3,0,0,5,0,0
P16477,H01,78,F,Medicare,69,2,2,1,5,0,0
P16478,H07,64,F,Commercial,51,2,2,0,5,1,0
P16479,H17,79,F,Commercial,40,0,0,1,6,0,0
P16480,H03,54,F,Commercial,70,2,1,1,7,0,0
P16481,H15,80,F,Medicare,29,1,1,0,6,0,0
P16482,H13,56,F,Commercial,7,2,2,0,3,0,0
P16483,H06,55,M,Medicare,34,0,0,0,3,0,0
P16484,H05,54,M,Commercial,46,4,0,1,4,0,0
P16485,H19,83,M,Medicare,63,3,0,0,5,1,0
P16486,H12,97,M,Medicare,31,1,1,0,10,0,0
P16487,H03,78,F,Medicaid,49,1,0,0,5,0,0
P16488,H07,84,M,Commercial,18,4,0,1,4,1,0
P16489,H19,66,M,Medicare,39,3,0,1,4,0,0
P16490,H05,84,M,Commercial,26,2,0,0,6,0,0
P16491,H20,76,M,Medicare,29,1,1,0,8,0,0
P16492,H20,73,M,Commercial,40,0,1,0,5,0,0
P16493,H05,79,F,Commercial,37,4,1,0,4,0,0
P16494,H04,89,M,Medicare,38,6,2,0,5,0,0
P16495,H04,60,M,Medicare,57,0,0,1,4,0,0
P16496,H19,85,F,Commercial,29,3,2,0,6,0,0
P16497,H19,46,F,Medicare,81,2,0,0,5,0,0
P16498,H18,77,M,Medicare,16,0,2,0,3,0,0
P16499,H05,90,F,Medicare,61,2,0,0,9,1,0
P16500,H17,88,M,Medicare,38,3,1,0,4,0,0
P16501,H01,65,F,Medicare,40,3,1,0,3,0,0
P16502,H14,66,F,Medicare,28,2,0,0,6,0,0
P16503,H20,96,M,Medicare,23,4,0,1,3,0,0
P16504,H18,56,M,Medicare,30,0,1,0,4,0,0
P16505,H04,51,M,Medicaid,65,3,0,0,12,0,1
P16506,H20,66,F,Medicare,54,1,2,0,9,0,0
P16507,H13,62,F,Commercial,44,2,2,0,4,0,0
P16508,H14,66,F,Commercial,45,6,0,0,6,0,0
P16509,H17,51,M,Commercial,33,1,2,0,4,0,0
P16510,H10,82,M,Medicare,67,1,0,1,6,0,1
P16511,H04,56,M,Medicare,51,3,3,0,5,0,0
P16512,H18,69,F,Medicare,12,4,0,1,3,0,0
P16513,H11,71,M,Commercial,49,1,0,0,4,0,0
P16514,H13,62,M,Medicare,2,3,0,0,3,0,0
P16515,H10,75,F,Medicaid,41,3,1,0,6,0,0
P16516,H12,80,F,Medicaid,71,6,0,0,8,1,0
P16517,H12,54,F,Medicare,28,1,0,0,4,0,0
P16518,H14,74,M,Medicare,49,2,1,0,5,1,0
P16519,H09,76,M,Medicaid,33,1,1,0,4,0,0
P16520,H10,54,F,Medicare,38,0,1,0,6,0,0
P16521,H01,85,F,Medicare,72,5,0,1,8,1,0
P16522,H16,76,M,Commercial,85,3,0,0,6,1,1
P16523,H16,73,F,Medicaid,34,3,3,0,12,0,1
P16524,H20,69,M,Medicaid,23,2,1,0,4,0,0
P16525,H16,63,M,Medicaid,38,3,0,1,5,0,0
P16526,H13,73,M,Commercial,41,1,0,0,3,0,0
P16527,H12,75,M,Commercial,67,4,2,0,6,1,1
P16528,H18,74,M,Medicare,50,1,0,1,5,0,0
P16529,H16,95,M,Medicare,16,0,1,1,7,0,0
P16530,H09,90,M,Commercial,17,0,0,0,11,0,0
P16531,H02,50,F,Medicare,18,4,3,1,9,0,0
P16532,H08,57,M,Medicaid,38,1,1,1,6,0,0
P16533,H01,50,M,Medicaid,49,2,0,1,4,0,0
P16534,H20,77,M,Medicaid,26,5,1,1,10,0,0
P16535,H15,90,M,Commercial,23,1,1,0,6,0,1
P16536,H07,62,M,Medicare,59,1,1,0,6,1,0
P16537,H04,54,F,Commercial,23,2,0,1,5,0,0
P16538,H03,92,F,Commercial,2,3,2,0,5,0,0
P16539,H11,79,M,Medicare,34,1,1,0,6,0,0
P16540,H12,74,M,Medicare,15,1,1,0,3,0,0
P16541,H11,64,F,Commercial,53,5,1,0,4,0,0
P16542,H19,75,M,Medicare,32,3,0,0,4,0,0
P16543,H11,94,M,Medicaid,54,4,1,1,5,0,0
P16544,H19,55,M,Commercial,28,2,1,0,3,0,0
P16545,H18,67,F,Commercial,39,2,0,0,3,0,0
P16546,H15,57,M,Medicare,50,4,0,0,4,0,1
P16547,H14,45,F,Commercial,49,1,2,1,6,0,1
P16548,H07,87,M,Commercial,45,1,1,0,5,1,0
P16549,H14,69,M,Commercial,45,2,0,1,4,0,0
P16550,H09,71,F,Medicare,63,1,0,0,16,0,0
P16551,H01,52,F,Medicaid,66,0,1,0,5,0,0
P16552,H02,57,M,Medicare,34,2,0,0,4,0,0
P16553,H03,76,F,Medicare,37,2,1,0,6,0,1
P16554,H01,76,M,Medicaid,31,2,1,0,4,0,0
P16555,H20,71,F,Commercial,59,2,0,0,7,0,0
P16556,H15,61,F,Medicare,88,2,0,0,9,0,0
P16557,H06,74,M,Commercial,48,1,2,0,4,0,0
P16558,H04,58,F,Medicare,73,5,1,0,6,1,0
P16559,H19,81,F,Commercial,48,3,0,0,3,0,1
P16560,H06,71,M,Medicaid,45,3,0,1,5,0,0
P16561,H16,94,M,Medicare,84,2,0,0,8,0,0
P16562,H02,36,M,Medicare,62,4,0,1,7,1,1
P16563,H10,63,F,Medicare,9,4,2,0,5,0,0
P16564,H04,70,M,Medicare,55,1,0,0,4,0,0
P16565,H11,61,M,Commercial,76,1,2,0,6,0,1
P16566,H05,54,M,Medicaid,69,1,0,0,5,0,0
P16567,H18,77,M,Medicare,72,4,0,1,14,1,0
P16568,H12,76,F,Medicaid,74,2,0,0,9,0,0
P16569,H15,56,F,Commercial,31,6,0,1,4,0,0
P16570,H02,51,F,Medicare,64,3,0,0,6,1,1
P16571,H18,74,F,Medicare,42,4,0,1,3,0,0
P16572,H02,72,M,Medicare,49,2,0,0,5,0,0
P16573,H08,77,M,Commercial,31,1,1,1,5,0,0
P16574,H10,60,F,Commercial,63,0,0,0,8,0,0
P16575,H03,75,M,Medicare,47,4,0,0,8,0,0
P16576,H03,57,M,Medicaid,52,2,0,0,4,0,0
P16577,H05,81,M,Medicare,61,1,0,1,6,0,0
P16578,H20,55,F,Medicare,35,3,0,0,8,0,0
P16579,H04,64,M,Medicaid,16,1,1,0,3,0,0
P16580,H02,45,M,Medicaid,20,4,0,0,3,0,1
P16581,H17,81,F,Medicare,4,1,0,0,2,0,0
P16582,H13,67,M,Medicare,66,2,0,1,5,0,0
P16583,H12,53,F,Medicaid,60,2,0,0,5,0,0
P16584,H02,58,F,Commercial,30,4,1,0,5,0,0
P16585,H19,62,M,Medicare,34,2,0,1,3,0,0
P16586,H12,51,F,Medicare,47,2,1,1,7,0,0
P16587,H19,46,M,Medicare,38,3,1,0,3,0,0
P16588,H11,85,M,Medicaid,36,0,0,0,3,0,0
P16589,H05,66,F,Medicare,24,4,0,0,4,0,0
P16590,H10,75,M,Medicaid,22,1,2,0,3,0,0
P16591,H13,68,M,Medicare,42,2,0,0,4,0,0
P16592,H18,52,F,Medicare,38,2,0,0,4,0,0
P16593,H02,87,F,Medicare,12,3,0,0,5,0,0
P16594,H15,59,F,Medicare,30,0,0,1,6,0,1
P16595,H13,97,M,Commercial,34,1,3,0,7,0,0
P16596,H16,77,M,Medicaid,14,0,0,0,4,0,0
P16597,H05,62,M,Medicare,57,1,0,0,6,0,0
P16598,H01,74,F,Commercial,35,1,0,0,6,0,0
P16599,H19,42,F,Medicaid,85,0,1,1,7,0,0
P16600,H02,53,F,Medicare,31,0,0,0,6,0,0
P16601,H09,86,F,Medicaid,15,3,1,1,2,0,0
P16602,H18,67,F,Medicaid,79,0,1,0,5,0,1
P16603,H11,45,F,Medicare,26,3,1,1,5,0,0
P16604,H11,61,F,Commercial,39,1,0,1,7,0,0
P16605,H13,47,M,Medicaid,32,2,1,1,4,0,0
P16606,H16,56,M,Commercial,21,7,1,0,2,0,0
P16607,H09,77,F,Commercial,34,2,0,0,10,0,0
P16608,H19,51,M,Medicare,33,3,1,0,4,0,0
P16609,H15,62,F,Medicare,67,0,0,0,8,0,0
P16610,H11,57,M,Medicare,8,4,0,0,7,0,0
P16611,H14,68,F,Medicare,46,1,2,1,4,0,0
P16612,H11,84,F,Commercial,22,4,0,1,3,0,0
P16613,H18,59,F,Commercial,66,1,2,1,5,0,0
P16614,H13,67,M,Commercial,44,1,2,0,5,0,0
P16615,H17,77,F,Commercial,24,0,0,1,10,0,0
P16616,H17,38,F,Medicare,21,1,2,1,11,0,0
P16617,H15,55,F,Medicare,39,2,0,0,4,0,0
P16618,H12,36,M,Medicare,42,0,2,0,5,0,0
P16619,H16,57,F,Commercial,39,1,0,0,3,0,0
P16620,H18,78,F,Medicare,43,3,1,1,7,0,0
P16621,H17,80,F,Medicaid,9,0,0,0,2,0,0
P16622,H19,71,F,Medicare,63,3,1,0,5,1,1
P16623,H04,93,M,Commercial,76,2,0,0,5,0,0
P16624,H06,77,M,Medicaid,32,2,2,0,3,0,0
P16625,H14,76,M,Commercial,30,1,1,0,4,0,1
P16626,H08,50,F,Medicare,68,3,1,0,5,1,0
P16627,H07,81,M,Medicare,14,1,0,0,4,1,0
P16628,H09,54,M,Medicare,45,0,1,0,4,0,1
P16629,H19,85,M,Commercial,74,3,0,1,8,1,0
P16630,H10,56,M,Medicare,53,5,0,0,5,0,0
P16631,H13,79,M,Medicare,23,2,0,0,3,0,0
P16632,H13,82,M,Commercial,51,3,1,0,5,0,0
P16633,H06,64,F,Medicaid,34,1,1,0,4,0,0
P16634,H02,68,M,Commercial,50,3,2,0,9,0,0
P16635,H11,39,M,Medicare,76,0,0,1,8,0,0
P16636,H16,57,F,Medicare,24,3,0,1,3,0,0
P16637,H19,73,M,Medicare,80,4,0,0,5,1,0
P16638,H05,64,M,Medicaid,66,3,1,0,7,0,1
P16639,H13,73,M,Commercial,89,1,0,0,6,0,1
P16640,H02,64,M,Medicaid,30,0,0,0,5,0,0
P16641,H06,79,F,Medicare,51,1,0,0,7,0,0
P16642,H02,76,F,Medicare,15,4,0,0,4,0,0
P16643,H05,85,F,Medicare,62,2,0,0,8,0,0
P16644,H08,80,F,Commercial,58,2,1,0,7,0,0
P16645,H03,42,F,Medicare,18,1,2,0,3,0,0
P16646,H20,89,F,Medicare,83,2,0,0,6,0,1
P16647,H15,69,M,Commercial,42,1,0,0,3,0,0
P16648,H13,80,F,Commercial,60,1,2,0,6,0,0
P16649,H08,66,F,Medicare,39,0,1,0,6,0,0
P16650,H02,92,M,Medicare,61,2,0,1,8,0,0
P16651,H04,50,F,Medicare,93,1,0,0,10,0,0
P16652,H03,66,M,Medicaid,74,2,0,1,5,0,0
P16653,H11,54,F,Medicare,28,1,0,0,3,0,0
P16654,H18,73,M,Medicare,25,0,0,0,9,0,0
P16655,H03,71,M,Commercial,42,1,0,0,3,1,0
P16656,H08,56,F,Medicare,81,4,0,0,6,1,1
P16657,H06,40,F,Medicare,67,0,1,0,5,1,0
P16658,H05,73,M,Medicaid,42,1,0,0,3,0,0
P16659,H06,86,F,Medicare,83,2,1,0,6,1,1
P16660,H16,47,F,Medicare,60,1,0,0,6,0,0
P16661,H10,83,M,Medicaid,38,1,0,1,7,0,0
P16662,H04,95,M,Commercial,56,3,1,1,8,0,0
P16663,H14,81,F,Medicaid,46,2,1,0,4,0,0
P16664,H17,65,F,Medicare,52,0,1,0,4,0,0
P16665,H03,59,F,Commercial,45,1,1,1,5,0,0
P16666,H12,80,M,Medicare,69,1,2,0,8,0,0
P16667,H01,56,M,Medicare,40,2,1,0,3,1,0
P16668,H04,75,F,Medicare,18,4,2,1,7,0,0
P16669,H02,41,F,Commercial,69,4,1,1,6,1,0
P16670,H06,58,M,Medicare,46,2,1,0,4,0,0
P16671,H01,61,M,Medicaid,53,3,0,1,4,0,1
P16672,H18,77,F,Medicare,24,1,0,1,3,0,0
P16673,H06,71,M,Medicare,31,2,1,0,4,1,1
P16674,H19,65,F,Medicare,23,5,1,1,6,0,0
P16675,H17,60,M,Medicare,4,1,0,0,3,0,0
P16676,H09,71,F,Medicaid,24,2,2,0,5,0,0
P16677,H08,80,F,Medicare,70,4,1,0,10,1,1
P16678,H15,45,M,Commercial,29,4,1,1,4,0,0
P16679,H12,72,F,Medicaid,63,5,2,1,11,1,1
P16680,H08,67,M,Medicare,22,2,1,0,2,0,0
P16681,H13,68,M,Commercial,21,1,1,0,3,0,0
P16682,H05,57,F,Medicare,14,1,0,0,2,0,0
P16683,H16,84,M,Medicare,16,1,0,1,7,0,0
P16684,H03,52,F,Commercial,14,1,0,1,3,0,0
P16685,H14,57,M,Medicare,37,3,0,1,5,0,0
P16686,H20,79,F,Medicare,69,4,1,0,6,1,1
P16687,H18,53,F,Medicare,52,4,0,0,6,0,0
P16688,H04,57,M,Medicaid,79,0,1,1,5,0,0
P16689,H12,65,F,Medicare,92,5,1,0,7,1,1
P16690,H06,57,M,Medicaid,63,2,0,1,5,0,1
P16691,H16,77,F,Medicare,47,3,1,0,5,1,0
P16692,H09,62,M,Commercial,43,1,0,0,4,0,0
P16693,H20,78,M,Commercial,66,0,0,0,5,0,0
P16694,H09,72,F,Medicaid,31,1,0,0,4,0,0
P16695,H11,79,F,Medicare,34,1,1,0,5,0,0
P16696,H16,65,F,Medicare,73,0,1,1,6,0,1
P16697,H15,63,F,Medicare,17,3,0,0,5,0,0
P16698,H09,73,F,Medicare,13,4,0,0,4,0,0
P16699,H15,68,M,Medicare,76,3,1,1,7,0,0
P16700,H02,61,F,Commercial,43,0,0,0,6,0,0
P16701,H13,72,M,Medicare,42,5,1,0,9,0,0
P16702,H06,53,F,Medicare,34,1,0,0,5,0,0
P16703,H13,71,M,Medicare,12,2,0,0,2,0,0
P16704,H04,79,F,Medicare,76,1,1,0,7,0,0
P16705,H20,50,M,Medicaid,21,0,0,0,7,0,0
P16706,H15,59,F,Medicare,56,2,0,1,9,0,0
P16707,H11,94,M,Medicare,61,6,2,0,9,1,1
P16708,H05,59,F,Medicare,15,1,0,1,5,0,0
P16709,H17,93,M,Medicare,20,2,0,0,3,0,0
P16710,H14,85,F,Commercial,28,6,0,1,3,0,0
P16711,H13,78,M,Medicaid,64,5,0,0,5,1,1
P16712,H14,61,M,Medicare,46,2,1,0,6,0,0
P16713,H02,60,F,Medicaid,27,0,2,0,4,0,0
P16714,H17,74,F,Medicare,42,2,1,0,5,0,0
P16715,H03,73,M,Medicare,57,1,1,1,4,0,0
P16716,H09,74,F,Medicare,47,1,0,1,4,1,0
P16717,H19,70,M,Commercial,37,2,0,0,6,0,0
P16718,H02,87,F,Medicaid,47,0,0,1,3,0,0
P16719,H17,71,M,Medicare,50,2,0,0,8,0,0
P16720,H11,61,F,Commercial,27,1,0,0,9,0,0
P16721,H16,62,M,Medicare,63,1,0,0,9,0,0
P16722,H03,48,M,Commercial,77,2,0,0,7,0,0
P16723,H11,84,F,Commercial,83,2,0,1,5,0,1
P16724,H08,70,F,Medicare,10,1,0,1,3,0,0
P16725,H14,77,M,Medicare,86,2,2,0,9,0,0
P16726,H19,58,F,Medicaid,33,2,0,0,7,0,0
P16727,H04,56,M,Commercial,69,0,0,1,5,0,0
P16728,H09,70,M,Medicare,66,5,3,0,5,1,1
P16729,H05,94,M,Medicaid,50,2,0,1,5,0,0
P16730,H09,71,M,Commercial,33,1,1,1,7,0,0
P16731,H18,71,M,Commercial,67,0,3,0,6,1,0
P16732,H12,50,M,Medicare,22,1,0,0,10,0,0
P16733,H14,49,F,Medicare,49,1,1,0,5,0,1
P16734,H01,66,M,Medicare,78,3,0,1,6,1,1
P16735,H15,74,M,Medicare,85,0,0,1,6,0,0
P16736,H15,39,M,Medicare,52,2,1,1,6,0,0
P16737,H09,63,F,Medicaid,69,4,0,0,7,1,1
P16738,H02,72,M,Commercial,67,0,0,0,5,0,1
P16739,H08,72,F,Medicare,37,2,1,1,6,0,0
P16740,H20,51,M,Medicare,60,1,0,0,5,0,0
P16741,H15,72,M,Medicare,24,5,1,0,3,0,0
P16742,H14,75,M,Medicare,57,2,0,1,7,0,0
P16743,H12,52,F,Medicare,48,2,1,0,5,0,0
P16744,H02,65,M,Medicare,43,5,0,1,5,0,0
P16745,H03,79,M,Medicare,29,2,1,1,6,0,0
P16746,H16,76,M,Medicare,57,1,0,1,7,1,0
P16747,H15,82,M,Commercial,48,2,1,1,4,0,0
P16748,H06,46,M,Commercial,21,2,0,0,3,0,0
P16749,H18,61,F,Medicare,40,2,1,1,7,0,0
P16750,H20,51,M,Medicare,33,5,1,0,4,1,0
P16751,H06,91,M,Medicare,53,2,0,0,6,0,0
P16752,H12,84,M,Medicare,12,1,2,1,6,0,0
P16753,H14,43,M,Medicare,30,1,2,0,7,0,0
P16754,H14,78,F,Medicare,60,1,2,0,6,0,0
P16755,H14,39,F,Medicare,63,2,3,0,5,1,0
P16756,H02,50,F,Medicare,51,1,1,0,6,0,0
P16757,H11,70,F,Medicaid,41,1,0,0,4,0,0
P16758,H11,69,M,Medicare,64,4,0,1,5,0,0
P16759,H04,63,M,Medicare,6,1,2,0,3,0,0
P16760,H09,58,M,Medicare,43,2,0,0,3,0,0
P16761,H03,70,F,Medicare,94,1,0,0,8,0,0
P16762,H06,68,F,Medicare,65,2,2,1,7,0,0
P16763,H06,65,M,Medicare,36,2,1,0,9,0,0
P16764,H05,76,F,Commercial,27,0,0,1,3,0,0
P16765,H05,40,M,Medicaid,50,1,1,1,4,0,0
P16766,H04,67,M,Commercial,83,2,1,0,7,1,0
P16767,H06,66,M,Medicare,41,2,1,1,6,0,0
P16768,H14,81,F,Medicare,47,0,0,0,4,0,0
P16769,H19,80,M,Medicare,49,5,2,0,9,0,0
P16770,H06,84,F,Medicare,52,1,2,0,8,0,0
P16771,H05,79,F,Commercial,36,2,2,0,3,0,0
P16772,H19,51,F,Commercial,44,3,1,0,4,0,0
P16773,H18,73,M,Medicaid,41,2,0,0,4,0,0
P16774,H01,62,M,Medicaid,22,1,1,1,3,0,1
P16775,H11,47,F,Medicare,46,1,0,1,5,0,0
P16776,H05,52,M,Medicare,52,1,1,0,6,0,0
P16777,H19,79,M,Medicaid,75,3,0,1,5,1,0
P16778,H20,72,F,Medicare,20,1,1,1,4,0,0
P16779,H07,73,M,Medicare,18,1,1,0,3,1,0
P16780,H10,49,F,Medicaid,80,1,0,1,10,0,1
P16781,H03,67,F,Medicare,16,3,0,0,3,0,0
P16782,H01,51,F,Commercial,16,1,1,1,3,0,0
P16783,H14,70,M,Commercial,25,4,1,1,3,0,0
P16784,H14,71,F,Medicare,50,1,0,1,4,0,0
P16785,H07,64,F,Medicare,71,1,0,0,5,1,1
P16786,H04,77,F,Medicare,34,1,1,0,6,0,0
P16787,H09,62,M,Medicaid,71,3,0,0,5,0,1
P16788,H17,62,F,Medicare,33,1,1,1,7,0,0
P16789,H02,67,M,Medicaid,35,1,0,1,9,0,0
P16790,H01,46,M,Medicaid,28,3,0,0,4,0,0
P16791,H11,43,M,Medicare,68,1,1,0,5,0,1
P16792,H05,55,F,Medicaid,82,3,1,1,9,1,1
P16793,H02,61,M,Medicaid,42,4,2,1,4,1,0
P16794,H10,67,F,Medicare,49,1,0,0,7,0,0
P16795,H08,70,F,Medicaid,15,2,0,1,2,0,0
P16796,H19,75,M,Medicare,54,1,0,0,5,0,0
P16797,H05,46,F,Medicaid,35,2,2,1,3,0,0
P16798,H08,56,M,Medicaid,43,1,0,0,4,0,0
P16799,H03,46,M,Commercial,41,6,0,0,4,0,0
P16800,H19,78,F,Commercial,47,5,1,0,5,0,0
P16801,H07,51,F,Commercial,55,1,0,0,5,1,0
P16802,H16,69,F,Medicare,54,1,1,0,4,1,1
P16803,H12,66,M,Medicare,18,1,0,0,4,0,0
P16804,H03,73,F,Medicare,47,2,2,0,8,0,0
P16805,H18,68,M,Commercial,75,2,0,0,6,0,0
P16806,H07,46,M,Medicare,21,2,2,0,3,1,0
P16807,H02,75,M,Medicare,11,2,1,0,5,0,0
P16808,H01,77,F,Medicare,37,4,0,0,4,0,0
P16809,H12,59,F,Medicaid,44,2,2,0,6,0,0
P16810,H14,77,M,Medicare,11,2,1,0,3,1,0
P16811,H11,53,M,Medicare,29,1,0,0,7,0,0
P16812,H11,75,F,Medicaid,83,1,0,0,9,0,1
P16813,H10,63,F,Commercial,21,4,0,1,5,0,0
P16814,H18,89,M,Commercial,14,2,2,0,6,0,0
P16815,H05,98,M,Commercial,52,1,2,0,4,1,0
P16816,H01,79,M,Commercial,46,0,1,0,4,0,0
P16817,H18,57,M,Medicare,59,2,2,1,9,0,0
P16818,H13,62,M,Medicare,42,1,0,1,4,1,0
P16819,H08,67,M,Commercial,24,1,0,0,3,0,0
P16820,H10,84,F,Medicare,27,3,1,1,4,0,0
P16821,H19,66,F,Medicare,38,1,1,0,7,0,0
P16822,H01,82,F,Medicare,64,4,1,0,6,0,1
P16823,H10,77,F,Medicare,17,1,0,1,3,0,0
P16824,H01,58,F,Commercial,71,2,0,0,6,0,1
P16825,H15,87,M,Medicare,26,1,0,1,3,0,0
P16826,H17,51,M,Commercial,26,3,1,1,5,0,0
P16827,H10,59,M,Medicare,54,2,0,0,6,0,0
P16828,H05,88,M,Commercial,24,2,1,0,3,0,0
P16829,H11,72,M,Commercial,75,2,0,0,8,0,1
P16830,H03,75,F,Medicaid,60,1,1,1,6,1,0
P16831,H05,50,F,Medicare,33,3,1,1,3,0,0
P16832,H04,67,F,Medicare,25,4,1,1,4,0,0
P16833,H02,56,F,Medicare,67,2,0,0,10,0,0
P16834,H18,73,M,Medicaid,25,3,1,0,2,0,0
P16835,H15,44,F,Medicare,11,1,2,1,8,0,0
P16836,H03,48,F,Medicare,54,0,0,1,7,0,0
P16837,H08,68,M,Medicare,51,4,0,0,4,0,0
P16838,H16,67,M,Medicare,10,2,1,0,3,0,0
P16839,H19,76,F,Medicaid,35,2,2,0,4,0,0
P16840,H12,50,M,Commercial,42,1,1,0,4,1,0
P16841,H02,86,F,Medicare,39,2,1,0,6,1,0
P16842,H15,52,M,Medicare,35,2,1,1,3,0,0
P16843,H18,81,M,Commercial,82,1,1,0,7,0,0
P16844,H04,31,M,Medicare,46,0,0,1,5,0,0
P16845,H18,50,F,Medicare,10,3,1,0,3,0,0
P16846,H20,65,F,Medicaid,62,1,0,1,5,0,0
P16847,H11,69,M,Medicare,53,3,1,0,4,0,0
P16848,H02,55,M,Commercial,47,0,1,0,5,0,0
P16849,H19,77,M,Commercial,22,0,0,1,2,0,0
P16850,H08,76,F,Medicare,47,1,0,0,9,0,0
P16851,H20,66,F,Medicare,28,1,0,1,6,0,0
P16852,H11,58,M,Medicaid,35,1,0,1,5,0,0
P16853,H10,54,M,Medicare,70,0,1,0,5,0,0
P16854,H20,39,F,Medicare,48,2,0,0,8,0,0
P16855,H16,80,F,Medicare,77,0,0,0,6,0,0
P16856,H12,77,F,Commercial,17,2,0,0,5,0,0
P16857,H11,71,M,Commercial,32,1,0,1,4,0,0
P16858,H07,72,F,Medicare,22,0,2,0,5,1,0
P16859,H09,56,F,Commercial,41,0,1,1,4,0,0
P16860,H10,50,M,Medicaid,54,1,3,0,5,1,0
P16861,H12,44,F,Commercial,84,0,0,1,7,1,0
P16862,H04,53,F,Commercial,36,2,0,0,12,0,0
P16863,H10,66,M,Commercial,27,1,2,0,4,0,0
P16864,H02,66,M,Medicare,20,2,0,0,5,0,0
P16865,H01,54,F,Commercial,36,1,0,0,9,0,0
P16866,H06,75,M,Medicare,28,1,0,0,6,0,0
P16867,H08,82,M,Medicare,49,4,1,0,6,0,0
P16868,H02,48,M,Commercial,18,2,1,0,3,0,0
P16869,H16,49,M,Medicare,35,2,1,0,6,0,0
P16870,H10,82,F,Medicare,48,4,1,0,8,0,1
P16871,H15,67,F,Medicaid,38,2,1,1,4,0,0
P16872,H11,57,M,Commercial,16,0,0,0,2,0,0
P16873,H06,42,M,Commercial,39,2,1,0,4,0,1
P16874,H08,70,M,Medicaid,66,1,1,0,5,0,0
P16875,H02,67,F,Medicare,24,2,0,1,2,0,1
P16876,H09,61,M,Medicare,29,1,2,1,5,0,0
P16877,H13,84,F,Medicaid,65,2,1,0,10,0,0
P16878,H09,39,F,Medicaid,44,3,1,0,5,0,0
P16879,H08,77,F,Medicaid,44,2,1,0,6,0,0
P16880,H15,84,M,Medicaid,56,3,1,0,8,0,0
P16881,H13,62,M,Commercial,16,3,0,0,3,0,0
P16882,H05,74,F,Medicare,45,1,1,0,5,0,1
P16883,H06,68,F,Medicare,41,2,0,0,3,0,0
P16884,H11,52,M,Commercial,42,0,1,0,4,0,0
P16885,H05,69,F,Commercial,58,1,2,0,12,0,0
P16886,H05,63,F,Medicare,32,3,1,0,5,1,0
P16887,H14,79,M,Medicare,43,1,1,0,3,0,0
P16888,H14,74,M,Medicaid,91,2,0,0,10,0,1
P16889,H11,42,M,Commercial,16,2,0,1,2,0,0
P16890,H17,57,F,Medicaid,17,3,0,0,3,0,0
P16891,H04,75,M,Commercial,13,2,1,0,2,0,1
P16892,H18,67,F,Medicare,32,6,0,0,3,0,0
P16893,H01,62,F,Medicare,22,4,0,1,3,0,0
P16894,H20,82,M,Medicare,42,2,0,0,4,0,0
P16895,H14,66,F,Commercial,56,4,0,1,4,0,0
P16896,H07,55,M,Medicare,64,2,1,0,7,1,0
P16897,H08,77,F,Medicaid,35,2,4,0,4,0,0
P16898,H14,71,F,Medicare,86,4,0,1,6,1,1
P16899,H01,84,F,Medicare,24,2,0,0,3,0,0
P16900,H20,74,F,Medicare,17,3,3,1,4,0,0
P16901,H05,85,M,Commercial,15,1,0,1,4,0,0
P16902,H08,52,M,Medicare,62,0,0,0,8,0,0
P16903,H05,83,M,Commercial,66,1,2,0,6,1,0
P16904,H16,66,M,Commercial,36,3,1,0,4,0,0
P16905,H12,40,M,Medicare,70,0,3,1,6,0,1
P16906,H20,40,M,Commercial,20,2,0,0,3,0,0
P16907,H12,70,M,Commercial,43,7,2,1,9,0,0
P16908,H02,80,M,Commercial,34,1,0,0,5,0,0
P16909,H17,62,M,Medicare,62,6,0,0,5,1,1
P16910,H08,80,M,Commercial,32,3,0,0,4,0,1
P16911,H13,60,F,Medicare,38,1,2,0,5,0,0
P16912,H10,58,F,Commercial,11,1,2,0,2,0,0
P16913,H05,64,F,Commercial,84,0,1,1,6,1,0
P16914,H18,66,M,Medicare,9,1,1,0,2,0,0
P16915,H18,60,M,Medicare,49,0,1,0,4,0,0
P16916,H14,73,F,Medicare,75,3,0,0,6,1,0
P16917,H14,58,F,Commercial,81,1,1,1,6,0,0
P16918,H09,47,F,Commercial,8,0,2,1,6,0,0
P16919,H11,52,M,Medicare,56,3,1,0,5,1,0
P16920,H20,56,F,Medicare,42,1,0,0,6,0,0
P16921,H04,57,F,Medicare,22,3,0,1,2,0,0
P16922,H02,56,F,Medicaid,22,5,0,0,3,0,0
P16923,H17,84,F,Commercial,17,1,1,0,2,0,0
P16924,H14,42,M,Medicare,48,2,1,0,5,0,1
P16925,H19,60,M,Medicare,25,1,2,1,2,0,1
P16926,H10,68,M,Medicaid,75,1,4,0,7,1,0
P16927,H10,55,F,Medicare,31,2,1,1,6,0,0
P16928,H16,56,M,Medicare,37,0,2,1,3,0,0
P16929,H20,64,M,Medicare,44,2,0,0,6,0,0
P16930,H12,86,F,Medicare,10,2,0,0,3,0,0
P16931,H09,69,F,Medicaid,41,4,1,0,4,0,0
P16932,H11,38,M,Medicaid,45,4,0,0,4,1,0
P16933,H06,61,M,Medicare,28,3,0,0,5,0,0
P16934,H01,50,F,Medicare,1,3,1,1,6,0,0
P16935,H11,75,F,Commercial,51,3,2,1,7,0,0
P16936,H11,64,M,Medicare,27,0,1,0,6,0,0
P16937,H20,72,F,Medicare,69,1,1,0,8,0,0
P16938,H05,76,M,Medicare,68,1,0,0,5,0,1
P16939,H09,77,M,Medicare,19,2,1,1,7,0,0
P16940,H06,74,F,Medicare,74,2,2,0,7,1,0
P16941,H02,78,M,Medicare,36,1,0,0,6,0,0
P16942,H14,74,M,Medicare,22,0,0,0,4,0,0
P16943,H20,40,F,Medicare,20,2,1,1,9,0,0
P16944,H20,53,F,Medicaid,48,0,0,0,9,0,0
P16945,H02,67,M,Medicare,48,1,1,0,4,0,0
P16946,H01,74,F,Medicare,13,1,0,1,7,0,0
P16947,H12,63,M,Medicare,25,1,3,0,3,0,0
P16948,H10,85,F,Medicaid,64,1,0,1,9,0,0
P16949,H09,64,F,Commercial,33,1,0,0,3,0,0
P16950,H15,76,M,Medicare,45,3,1,0,4,0,0
P16951,H18,83,F,Medicare,59,0,0,1,6,0,0
P16952,H06,57,F,Medicare,80,4,0,0,15,1,0
P16953,H15,71,M,Medicaid,76,0,0,1,8,0,1
P16954,H04,73,F,Medicare,62,2,0,0,6,0,0
P16955,H11,80,F,Medicare,17,2,1,0,6,0,0
P16956,H15,65,M,Medicare,76,2,2,1,5,0,0
P16957,H12,63,M,Medicare,66,6,1,0,5,1,1
P16958,H17,64,M,Commercial,49,3,1,0,8,0,1
P16959,H10,58,F,Medicare,28,3,1,0,5,0,0
P16960,H06,58,F,Medicare,53,1,0,0,5,0,0
P16961,H10,50,F,Medicare,44,2,0,0,4,0,0
P16962,H08,67,M,Medicare,22,3,1,0,7,0,0
P16963,H12,48,M,Medicare,58,2,0,0,5,0,0
P16964,H02,56,F,Medicaid,51,1,0,0,5,1,1
P16965,H01,49,F,Medicare,31,3,1,0,4,0,0
P16966,H05,61,F,Medicare,24,2,0,0,4,0,0
P16967,H04,67,M,Medicare,18,3,0,0,6,0,0
P16968,H01,77,M,Medicare,12,0,2,0,5,0,1
P16969,H19,55,M,Medicare,26,0,2,1,4,0,0
P16970,H01,74,M,Medicare,50,2,0,0,8,0,1
P16971,H05,78,F,Commercial,29,0,0,1,4,0,0
P16972,H08,78,F,Commercial,23,2,0,0,6,0,0
P16973,H08,84,M,Medicaid,18,1,0,1,3,0,0
P16974,H03,67,M,Medicaid,13,3,3,0,7,0,0
P16975,H17,60,M,Medicare,42,3,0,1,8,0,0
P16976,H17,77,F,Medicaid,67,0,0,1,8,0,0
P16977,H10,53,M,Commercial,22,1,3,0,2,0,0
P16978,H18,54,F,Medicare,44,1,1,0,9,0,0
P16979,H12,60,M,Medicare,63,0,1,0,6,0,0
P16980,H14,48,M,Medicaid,12,4,0,0,2,0,0
P16981,H14,66,M,Medicare,45,3,0,0,4,0,0
P16982,H06,63,F,Commercial,84,1,1,0,11,1,0
P16983,H11,57,M,Medicare,14,2,0,0,6,0,0
P16984,H07,65,F,Medicare,46,1,2,0,7,1,0
P16985,H14,84,F,Medicare,31,1,0,0,3,0,0
P16986,H05,66,F,Medicare,18,1,1,0,4,0,0
P16987,H03,39,F,Medicare,30,2,1,0,3,0,0
P16988,H11,64,F,Commercial,49,3,0,0,5,0,0
P16989,H14,63,F,Commercial,26,1,0,0,8,0,1
P16990,H14,89,F,Commercial,69,3,3,0,6,0,0
P16991,H12,68,F,Medicare,66,0,0,0,7,0,0
P16992,H15,80,M,Commercial,29,1,2,0,4,0,1
P16993,H02,54,F,Medicare,67,1,1,0,6,0,1
P16994,H01,61,M,Medicare,42,3,3,0,4,0,0
P16995,H02,84,M,Commercial,26,0,0,1,5,0,0
P16996,H08,58,M,Medicare,11,1,1,0,9,0,0
P16997,H14,42,F,Medicare,69,3,0,1,5,1,0
P16998,H06,66,M,Medicare,37,1,1,1,4,1,0
P16999,H06,61,M,Medicare,51,1,0,0,4,0,1
P17000,H09,52,M,Medicare,76,2,1,0,5,1,0
P17001,H07,71,M,Medicaid,59,1,1,1,4,1,0
P17002,H10,82,M,Medicaid,62,4,0,0,5,1,0
P17003,H09,53,M,Commercial,79,3,1,0,7,1,1
P17004,H08,73,F,Commercial,39,0,2,0,4,0,0
P17005,H02,72,M,Medicare,20,4,0,1,3,0,1
P17006,H09,43,F,Commercial,51,1,0,0,6,0,0
P17007,H16,36,F,Medicare,41,4,0,0,5,0,0
P17008,H19,63,M,Medicare,24,0,1,1,5,0,0
P17009,H02,60,M,Medicare,42,4,3,0,7,0,0
P17010,H16,53,M,Commercial,46,5,1,1,5,0,0
P17011,H16,93,F,Commercial,63,4,1,1,5,0,0
P17012,H18,70,F,Medicaid,60,2,1,0,5,0,1
P17013,H19,57,F,Commercial,93,1,0,1,7,1,0
P17014,H01,81,M,Medicare,35,3,0,0,6,0,0
P17015,H05,37,M,Medicare,6,0,0,0,3,0,0
P17016,H17,74,M,Medicaid,30,1,1,0,5,0,0
P17017,H16,25,F,Medicare,51,2,2,1,6,0,0
P17018,H18,82,M,Commercial,52,1,0,0,5,0,0
P17019,H12,72,M,Medicaid,45,1,0,0,4,0,0
P17020,H07,30,M,Medicare,28,2,0,0,3,1,0
P17021,H12,54,M,Medicare,22,2,2,0,4,0,0
P17022,H01,62,M,Medicare,11,3,1,0,3,0,0
P17023,H18,69,F,Medicaid,25,3,0,0,5,0,0
P17024,H14,59,M,Medicaid,40,1,1,0,4,0,0
P17025,H13,81,M,Medicare,33,1,0,0,10,0,0
P17026,H18,52,F,Commercial,40,1,2,0,4,0,1
P17027,H15,52,M,Commercial,67,0,0,0,5,0,0
P17028,H16,61,F,Medicaid,52,5,1,0,6,0,1
P17029,H17,87,F,Medicaid,51,3,1,0,5,0,1
P17030,H15,45,M,Medicare,12,1,0,0,4,0,0
P17031,H05,76,F,Medicare,24,1,0,0,8,0,1
P17032,H20,59,F,Commercial,29,1,2,0,3,0,0
P17033,H14,75,M,Commercial,98,3,3,1,7,1,1
P17034,H12,75,F,Medicare,82,1,0,0,9,1,0
P17035,H17,57,F,Medicare,27,3,0,0,4,0,0
P17036,H08,57,F,Medicare,65,0,0,0,7,0,0
P17037,H15,77,F,Medicare,71,1,0,0,8,0,0
P17038,H11,78,M,Medicare,48,2,0,0,5,0,0
P17039,H19,76,F,Commercial,40,1,1,1,3,0,0
P17040,H20,75,M,Medicare,80,1,1,0,5,0,1
P17041,H19,74,F,Medicare,35,2,1,0,11,0,0
P17042,H15,70,F,Medicare,56,2,2,1,6,0,1
P17043,H05,60,F,Medicare,13,3,0,0,3,0,0
P17044,H07,72,F,Medicaid,34,2,0,0,6,1,0
P17045,H19,62,F,Commercial,40,1,2,0,5,0,0
P17046,H17,64,M,Medicaid,65,2,0,1,6,0,0
P17047,H20,79,M,Medicare,83,3,1,0,8,1,0
P17048,H14,60,F,Medicare,21,3,2,0,3,0,0
P17049,H17,77,M,Medicare,42,2,0,0,5,0,0
P17050,H12,84,M,Commercial,25,2,2,1,2,0,0
P17051,H12,78,F,Medicaid,59,2,0,0,6,0,0
P17052,H17,92,F,Medicare,52,0,1,0,8,0,1
P17053,H01,59,M,Commercial,48,1,0,0,6,0,0
P17054,H02,58,F,Medicare,62,2,0,0,6,0,0
P17055,H11,52,F,Medicaid,22,2,1,0,4,0,0
P17056,H11,84,M,Medicaid,78,0,0,1,5,0,0
P17057,H02,41,F,Commercial,33,4,0,0,4,0,1
P17058,H20,69,F,Medicaid,32,1,0,1,4,0,0
P17059,H12,45,M,Medicare,21,2,0,0,2,0,0
P17060,H08,72,F,Commercial,44,2,1,1,6,0,0
P17061,H01,42,F,Medicare,25,1,0,0,2,0,0
P17062,H02,53,F,Medicare,37,2,2,0,3,0,1
P17063,H18,82,F,Medicare,46,3,0,0,8,0,1
P17064,H06,60,M,Commercial,53,0,0,1,4,0,0
P17065,H20,51,M,Medicare,55,2,0,0,4,0,0
P17066,H15,60,M,Commercial,30,1,1,0,3,0,0
P17067,H05,53,M,Commercial,15,1,2,0,3,0,0
P17068,H12,50,F,Medicare,74,1,1,0,5,0,0
P17069,H07,56,F,Medicare,51,1,1,1,8,1,1
P17070,H20,67,M,Medicaid,49,3,1,0,13,0,0
P17071,H05,64,M,Commercial,39,1,0,0,10,0,0
P17072,H11,69,M,Medicaid,33,1,2,0,4,0,0
P17073,H02,58,F,Commercial,49,0,1,1,10,0,0
P17074,H14,71,M,Medicaid,45,3,0,0,7,0,0
P17075,H04,59,F,Medicare,41,2,2,1,7,0,0
P17076,H01,65,M,Medicare,19,4,1,1,4,0,1
P17077,H07,61,F,Medicare,10,3,2,0,5,1,0
P17078,H14,84,M,Medicare,18,2,0,0,8,0,0
P17079,H01,64,F,Medicaid,18,3,0,1,4,0,0
P17080,H20,56,F,Commercial,33,2,0,0,8,0,0
P17081,H14,61,M,Commercial,41,1,1,0,4,0,0
P17082,H03,76,M,Medicare,45,1,2,0,6,0,0
P17083,H18,57,M,Medicaid,85,4,0,0,6,1,1
P17084,H06,57,M,Commercial,70,3,1,0,8,1,1
P17085,H03,70,F,Commercial,59,4,0,0,6,0,0
P17086,H13,57,F,Commercial,78,1,1,1,5,1,0
P17087,H18,71,M,Commercial,36,0,0,1,8,0,0
P17088,H01,79,F,Medicare,16,2,1,0,5,0,0
P17089,H10,55,M,Medicare,71,8,0,1,8,1,1
P17090,H03,52,F,Medicare,62,1,1,1,12,1,0
P17091,H12,58,M,Medicaid,19,3,2,0,4,0,0
P17092,H19,76,F,Commercial,63,1,2,1,6,0,0
P17093,H18,69,M,Medicaid,12,3,0,1,3,0,1
P17094,H09,43,F,Medicaid,55,2,0,0,5,0,0
P17095,H17,77,F,Commercial,59,1,1,0,5,0,0
P17096,H01,67,F,Medicare,45,2,2,0,4,0,0
P17097,H09,47,F,Commercial,43,1,0,1,7,0,0
P17098,H08,71,F,Commercial,55,0,0,0,6,0,0
P17099,H16,76,M,Commercial,37,5,0,0,5,0,0
P17100,H03,74,M,Medicare,27,1,1,0,3,0,0
P17101,H03,44,F,Commercial,65,5,0,0,16,1,1
P17102,H19,88,M,Medicare,26,5,0,0,4,0,0
P17103,H08,55,M,Medicare,32,2,1,0,3,0,1
P17104,H10,99,F,Medicaid,45,1,1,0,8,1,0
P17105,H11,59,F,Medicare,54,6,0,0,6,0,0
P17106,H06,61,M,Medicare,56,1,1,0,7,0,0
P17107,H09,63,F,Commercial,55,3,0,0,4,0,0
P17108,H10,56,F,Commercial,33,2,1,0,6,0,0
P17109,H10,59,M,Medicare,61,5,1,0,6,1,0
P17110,H19,67,M,Medicare,55,1,0,1,6,0,0
P17111,H08,80,M,Medicaid,34,0,0,1,3,0,0
P17112,H08,91,M,Commercial,43,5,0,0,6,0,0
P17113,H10,73,M,Medicaid,64,0,0,0,5,0,0
P17114,H05,68,F,Medicare,60,1,0,1,7,0,0
P17115,H06,77,F,Medicare,45,2,2,1,7,0,0
P17116,H05,84,F,Medicare,54,4,1,0,4,1,0
P17117,H01,53,M,Medicaid,48,0,0,0,5,0,0
P17118,H05,68,M,Medicare,79,1,0,0,5,0,0
P17119,H10,78,F,Medicare,75,2,1,1,6,0,0
P17120,H20,46,F,Commercial,11,0,0,0,4,0,0
P17121,H17,90,M,Commercial,33,1,0,0,4,0,0
P17122,H14,70,F,Medicaid,8,2,0,1,4,0,0
P17123,H16,73,F,Medicare,14,1,0,1,4,0,1
P17124,H08,72,M,Medicare,56,1,0,1,8,0,0
P17125,H15,62,M,Commercial,64,0,0,1,5,0,0
P17126,H18,73,F,Medicare,38,2,0,0,5,0,1
P17127,H20,69,M,Medicare,18,1,3,0,2,0,0
P17128,H07,61,F,Commercial,47,2,0,0,5,1,0
P17129,H06,51,F,Commercial,31,2,1,1,7,0,0
P17130,H01,67,F,Medicare,62,1,0,0,5,0,0
P17131,H14,69,M,Medicare,65,1,1,0,5,0,0
P17132,H11,67,F,Medicare,56,0,0,0,4,1,0
P17133,H19,58,F,Medicare,33,0,1,0,3,0,0
P17134,H11,54,F,Medicare,43,1,0,1,3,0,0
P17135,H13,64,M,Commercial,57,5,0,0,5,0,0
P17136,H03,55,F,Medicaid,24,2,0,0,4,0,0
P17137,H16,66,M,Commercial,41,0,0,0,9,0,0
P17138,H05,72,M,Commercial,61,0,0,0,8,0,1
P17139,H12,68,M,Commercial,48,0,0,1,5,0,0
P17140,H20,77,F,Medicare,59,4,0,1,5,0,0
P17141,H09,70,F,Medicare,15,3,2,1,3,0,0
P17142,H20,75,F,Commercial,57,2,0,1,5,0,0
P17143,H01,84,M,Medicare,30,1,1,0,4,0,0
P17144,H02,60,M,Medicare,28,1,0,0,3,0,0
P17145,H06,71,F,Commercial,72,1,0,0,7,1,0
P17146,H07,57,M,Medicare,46,1,2,1,12,1,0
P17147,H08,35,M,Commercial,11,3,2,1,3,0,0
P17148,H05,69,M,Medicare,87,1,0,0,6,0,0
P17149,H03,52,F,Medicare,20,6,0,0,2,0,0
P17150,H17,83,M,Medicare,22,1,1,1,9,0,0
P17151,H03,64,M,Medicaid,57,5,2,0,7,0,0
P17152,H11,68,M,Medicaid,27,1,1,1,9,0,0
P17153,H05,53,M,Medicare,57,2,0,0,4,0,0
P17154,H19,58,F,Medicare,12,1,0,0,2,0,0
P17155,H14,50,M,Medicare,62,2,1,0,6,0,0
P17156,H08,54,F,Medicaid,62,1,1,0,8,0,0
P17157,H14,61,F,Medicaid,49,6,0,0,5,0,0
P17158,H12,70,M,Medicare,39,1,0,0,3,0,0
P17159,H19,76,M,Medicaid,37,1,1,0,3,0,0
P17160,H13,70,F,Medicaid,8,0,1,1,6,0,0
P17161,H18,74,M,Commercial,66,2,2,0,6,0,0
P17162,H11,88,F,Commercial,10,1,2,0,4,0,0
P17163,H17,58,F,Medicare,50,3,1,0,5,0,0
P17164,H10,67,M,Medicaid,50,1,1,1,7,0,0
P17165,H07,66,M,Medicaid,62,0,3,1,7,1,0
P17166,H11,82,M,Medicaid,40,1,2,0,5,0,0
P17167,H13,49,M,Medicare,38,1,0,0,3,0,0
P17168,H12,82,M,Medicaid,52,4,1,0,6,0,0
P17169,H17,73,F,Medicaid,58,2,1,1,6,1,0
P17170,H18,66,F,Medicare,37,1,0,0,3,0,0
P17171,H13,91,F,Medicaid,47,4,1,0,9,0,0
P17172,H15,93,F,Commercial,37,3,1,1,5,0,0
P17173,H02,69,F,Medicaid,25,4,0,0,3,0,0
P17174,H08,69,M,Commercial,71,1,2,1,8,0,0
P17175,H06,55,F,Medicaid,26,1,1,0,3,0,0
P17176,H09,48,F,Medicare,76,3,0,0,9,1,1
P17177,H17,77,M,Commercial,62,3,1,0,10,1,0
P17178,H11,68,F,Medicare,36,2,0,0,7,0,0
P17179,H11,63,F,Medicare,33,2,1,0,4,0,0
P17180,H09,76,F,Medicare,34,1,0,0,3,0,0
P17181,H13,47,M,Medicare,71,1,0,0,5,0,0
P17182,H16,65,M,Medicare,45,1,1,1,5,0,0
P17183,H03,60,F,Medicaid,45,2,0,0,6,0,0
P17184,H19,69,F,Medicare,65,0,0,1,5,0,1
P17185,H02,83,F,Medicare,31,2,0,0,3,0,0
P17186,H17,54,F,Commercial,31,0,1,0,3,0,0
P17187,H14,54,M,Medicare,53,3,1,0,4,0,0
P17188,H16,89,M,Medicare,29,2,0,0,3,0,0
P17189,H17,47,F,Medicare,19,4,0,0,5,0,0
P17190,H08,68,M,Medicare,42,2,0,0,5,0,1
P17191,H12,61,F,Commercial,26,2,3,0,3,0,0
P17192,H19,66,M,Medicare,64,0,0,0,5,0,0
P17193,H13,64,F,Medicaid,17,2,1,0,4,0,0
P17194,H10,58,F,Medicare,57,3,0,0,6,0,0
P17195,H13,73,M,Medicaid,52,0,1,0,4,0,0
P17196,H10,85,M,Medicaid,11,2,1,0,2,0,0
P17197,H07,91,M,Medicare,41,4,2,0,6,1,0
P17198,H01,58,M,Medicare,8,2,2,0,2,0,0
P17199,H10,87,F,Medicare,38,3,1,1,6,0,0
P17200,H16,91,M,Medicare,19,4,1,1,5,0,1
P17201,H17,64,M,Medicare,91,2,0,0,8,1,0
P17202,H10,67,F,Medicaid,60,2,0,0,6,1,0
P17203,H18,75,M,Medicare,75,3,1,0,6,1,0
P17204,H12,54,F,Medicaid,29,1,1,0,3,0,0
P17205,H10,62,F,Commercial,23,2,1,0,5,0,0
P17206,H20,81,M,Medicare,40,0,0,0,7,1,0
P17207,H14,77,M,Medicare,18,1,0,0,16,0,0
P17208,H09,69,M,Medicaid,46,5,0,1,8,0,0
P17209,H11,66,F,Medicare,85,1,1,0,7,0,0
P17210,H02,72,F,Commercial,54,0,0,0,6,0,0
P17211,H19,63,M,Commercial,40,2,0,0,3,0,0
P17212,H14,59,M,Commercial,21,3,1,0,6,0,0
P17213,H11,72,M,Medicare,63,5,1,0,7,1,1
P17214,H20,67,F,Medicare,40,6,0,0,4,0,0
P17215,H15,74,M,Medicaid,71,1,1,0,5,0,0
P17216,H10,65,F,Medicare,22,4,2,1,4,0,0
P17217,H19,84,M,Medicare,17,3,0,0,3,0,0
P17218,H03,56,M,Medicare,51,2,1,0,4,0,0
P17219,H06,68,F,Commercial,4,2,0,0,5,0,0
P17220,H11,99,M,Medicare,31,1,1,0,4,0,0
P17221,H20,75,F,Medicare,39,3,0,0,3,0,0
P17222,H02,67,F,Medicare,20,0,1,0,6,0,0
P17223,H11,78,M,Commercial,83,2,0,1,10,0,0
P17224,H15,50,F,Commercial,55,6,1,1,8,0,1
P17225,H15,69,M,Medicaid,46,1,0,0,4,0,0
P17226,H10,53,F,Medicare,65,3,0,0,5,1,0
P17227,H07,95,F,Medicare,73,1,0,0,7,1,0
P17228,H07,80,M,Medicaid,69,1,1,0,9,1,0
P17229,H06,82,M,Medicare,46,5,1,0,11,0,0
P17230,H04,61,F,Medicare,58,0,0,1,5,0,0
P17231,H17,67,M,Medicare,35,4,1,0,3,0,0
P17232,H14,82,F,Medicare,51,0,0,0,6,0,0
P17233,H01,48,F,Medicare,38,1,1,0,9,0,0
P17234,H05,99,F,Medicare,31,1,2,0,3,0,0
P17235,H15,64,F,Commercial,45,1,0,1,6,0,0
P17236,H18,79,M,Medicaid,23,0,2,0,2,0,0
P17237,H11,58,F,Medicaid,74,1,1,0,6,1,1
P17238,H17,79,F,Medicare,25,0,0,1,6,0,0
P17239,H20,76,F,Medicaid,12,2,1,0,2,0,0
P17240,H20,73,F,Medicare,24,2,0,0,4,0,0
P17241,H16,49,F,Medicare,81,3,1,0,7,1,1
P17242,H11,52,F,Medicaid,27,1,0,0,4,0,0
P17243,H11,55,M,Medicaid,32,2,0,1,7,0,0
P17244,H12,80,M,Medicare,37,1,1,0,5,0,0
P17245,H01,77,M,Commercial,16,2,0,0,3,0,0
P17246,H07,62,M,Medicaid,30,4,0,0,4,1,0
P17247,H01,38,F,Medicaid,6,1,0,0,3,0,0
P17248,H14,76,M,Commercial,33,5,2,0,3,0,0
P17249,H04,80,F,Medicare,38,4,0,0,3,0,0
P17250,H01,57,F,Medicare,8,4,2,0,3,0,0
P17251,H06,61,M,Medicare,72,3,1,1,8,1,0
P17252,H05,57,M,Medicare,67,4,1,0,5,1,0
P17253,H04,53,F,Medicare,38,1,0,1,7,0,0
P17254,H13,78,M,Medicare,48,1,1,0,5,0,0
P17255,H19,68,F,Commercial,33,2,1,1,3,0,0
P17256,H06,74,M,Medicare,18,0,1,0,4,0,0
P17257,H12,75,F,Medicare,48,2,0,1,4,0,0
P17258,H05,62,M,Medicare,48,1,1,0,5,1,0
P17259,H05,44,F,Commercial,57,3,1,0,7,0,0
P17260,H14,92,F,Commercial,27,5,0,1,4,0,0
P17261,H07,75,F,Commercial,64,3,2,1,6,1,0
P17262,H06,63,F,Medicare,68,4,3,0,5,1,1
P17263,H04,75,F,Commercial,43,2,1,0,5,0,0
P17264,H09,75,F,Medicare,63,1,0,0,16,0,0
P17265,H07,89,M,Commercial,61,1,1,1,11,1,0
P17266,H15,73,M,Medicare,64,0,1,0,6,0,0
P17267,H02,60,M,Commercial,37,3,0,1,3,0,0
P17268,H08,49,F,Commercial,27,3,1,1,3,0,0
P17269,H05,70,M,Commercial,72,2,1,1,5,0,0
P17270,H15,68,F,Medicare,29,1,0,0,8,0,0
P17271,H16,62,M,Commercial,42,1,1,0,9,0,0
P17272,H05,65,M,Medicaid,22,3,1,0,3,0,0
P17273,H10,70,F,Medicare,34,0,0,0,4,0,0
P17274,H12,60,F,Commercial,95,3,0,0,6,1,0
P17275,H09,70,M,Medicaid,83,3,0,0,8,1,1
P17276,H06,65,M,Medicaid,46,2,1,0,5,0,0
P17277,H09,66,M,Medicare,36,3,0,0,12,0,0
P17278,H03,57,M,Medicare,61,7,3,0,4,1,1
P17279,H20,80,F,Medicare,55,0,1,0,5,0,0
P17280,H02,68,F,Medicaid,44,1,1,0,5,0,0
P17281,H03,66,F,Medicaid,43,1,3,0,3,0,0
P17282,H19,77,F,Medicare,39,3,1,0,6,1,0
P17283,H07,78,M,Commercial,55,2,1,0,10,1,0
P17284,H08,79,F,Medicare,72,1,3,0,6,1,0
P17285,H06,58,F,Medicare,20,5,1,1,3,0,0
P17286,H02,53,F,Medicare,52,2,0,0,7,0,1
P17287,H10,26,M,Medicaid,23,0,0,0,4,0,0
P17288,H20,70,F,Commercial,24,1,0,0,6,0,0
P17289,H08,80,M,Medicare,27,3,0,0,5,0,0
P17290,H13,74,M,Commercial,16,2,0,1,2,0,0
P17291,H13,74,M,Medicaid,43,1,0,0,8,0,0
P17292,H11,69,F,Commercial,25,3,0,1,4,0,0
P17293,H13,64,F,Medicaid,68,1,0,1,6,0,1
P17294,H08,75,F,Medicare,69,3,1,0,6,1,1
P17295,H10,68,F,Commercial,71,1,3,0,6,0,1
P17296,H03,63,M,Medicare,14,2,2,1,5,0,0
P17297,H04,45,M,Medicare,64,3,0,1,5,1,1
P17298,H14,83,M,Medicare,30,1,3,0,3,0,0
P17299,H01,60,M,Medicare,47,4,2,1,6,1,1
P17300,H09,67,M,Medicare,42,3,2,1,5,0,0
P17301,H13,70,M,Medicare,75,1,1,0,8,0,0
P17302,H12,99,F,Medicare,33,3,1,0,3,0,0
P17303,H11,60,F,Medicare,48,3,0,1,6,0,0
P17304,H15,71,F,Commercial,70,1,0,1,6,0,0
P17305,H07,53,M,Commercial,49,3,1,0,5,1,0
P17306,H03,80,M,Medicaid,10,3,1,0,4,0,0
P17307,H02,64,F,Medicare,73,3,0,0,10,1,0
P17308,H09,69,M,Commercial,49,2,0,0,5,0,0
P17309,H02,70,F,Medicare,67,0,0,0,6,0,1
P17310,H16,82,F,Commercial,70,4,1,0,6,1,1
P17311,H17,57,M,Medicare,63,1,1,0,7,0,0
P17312,H12,68,M,Medicare,52,6,1,0,9,0,0
P17313,H20,87,M,Commercial,39,2,1,0,7,0,0
P17314,H15,65,F,Commercial,28,8,1,0,9,0,0
P17315,H02,76,M,Medicare,7,4,0,0,2,0,0
P17316,H07,73,M,Commercial,64,4,1,0,7,1,1
P17317,H08,65,F,Commercial,44,1,1,0,5,0,0
P17318,H19,78,F,Medicare,33,2,1,0,3,0,0
P17319,H07,75,M,Medicare,80,4,1,0,6,1,1
P17320,H15,74,F,Medicare,47,4,2,0,6,0,0
P17321,H05,58,M,Medicare,61,0,0,0,7,1,0
P17322,H19,62,M,Medicaid,33,2,0,0,6,0,0
P17323,H16,54,M,Medicare,75,1,1,0,6,0,1
P17324,H13,57,F,Commercial,47,1,0,0,7,0,0
P17325,H09,89,M,Medicaid,27,3,3,0,3,0,0
P17326,H02,72,M,Medicare,15,0,0,1,4,0,0
P17327,H06,81,M,Commercial,39,0,1,0,5,0,0
P17328,H06,66,M,Commercial,43,5,0,1,5,0,0
P17329,H03,54,M,Medicare,58,4,1,0,8,0,0
P17330,H09,38,M,Medicare,54,0,1,0,4,0,0
P17331,H15,74,F,Medicare,27,3,1,0,8,0,0
P17332,H02,63,M,Medicaid,60,2,0,0,6,0,0
P17333,H12,67,M,Medicaid,3,2,1,0,3,0,1
P17334,H11,83,F,Medicaid,63,0,1,0,5,0,0
P17335,H17,65,M,Medicare,30,3,0,0,7,0,0
P17336,H19,75,F,Commercial,40,1,1,0,7,0,0
P17337,H03,45,M,Medicare,45,2,0,0,5,0,0
P17338,H01,45,M,Medicare,58,2,0,0,6,0,0
P17339,H12,65,F,Commercial,17,3,1,0,6,0,0
P17340,H17,69,F,Commercial,12,3,0,0,5,0,0
P17341,H05,38,F,Medicare,45,4,1,0,5,0,0
P17342,H01,75,F,Medicare,63,1,0,0,6,0,0
P17343,H06,73,M,Commercial,16,3,3,0,4,0,0
P17344,H10,67,M,Medicare,18,6,0,0,4,0,0
P17345,H19,84,F,Commercial,26,4,1,0,3,0,0
P17346,H18,68,M,Medicare,62,2,1,0,8,0,0
P17347,H12,49,M,Medicare,9,5,2,0,7,0,0
P17348,H17,73,F,Medicare,14,3,0,1,3,0,0
P17349,H11,70,M,Medicare,39,0,0,0,7,0,0
P17350,H11,95,M,Medicare,28,1,0,1,4,0,0
P17351,H19,49,F,Commercial,23,1,0,0,3,0,0
P17352,H06,91,F,Medicare,31,4,2,1,3,1,0
P17353,H13,63,M,Medicare,15,2,0,0,2,0,0
P17354,H01,80,M,Medicare,37,0,2,0,8,0,0
P17355,H11,66,M,Medicaid,9,1,0,1,7,0,0
P17356,H11,54,F,Medicare,86,2,1,0,6,0,0
P17357,H01,91,F,Medicare,30,2,1,0,5,0,0
P17358,H02,72,M,Medicare,49,1,2,0,8,0,1
P17359,H05,91,M,Medicaid,43,3,0,0,5,0,0
P17360,H09,86,M,Medicaid,33,1,1,0,4,0,0
P17361,H09,70,F,Medicare,23,5,0,1,4,1,0
P17362,H02,60,M,Medicare,45,0,1,1,7,0,1
P17363,H07,56,F,Commercial,23,6,1,1,4,1,0
P17364,H11,64,F,Medicaid,53,3,0,1,8,0,0
P17365,H12,47,F,Commercial,58,2,0,1,6,0,1
P17366,H03,72,F,Medicare,21,0,0,0,5,0,0
P17367,H07,70,F,Medicare,23,1,2,0,8,1,0
P17368,H08,90,M,Commercial,31,3,0,0,4,0,0
P17369,H17,66,F,Commercial,55,2,0,0,4,0,0
P17370,H20,68,M,Medicare,41,1,1,0,5,0,0
P17371,H18,74,F,Medicaid,42,4,0,0,9,0,0
P17372,H09,78,F,Commercial,57,1,1,0,9,0,1
P17373,H08,74,F,Medicare,46,1,2,0,7,0,0
P17374,H16,56,F,Medicare,30,4,0,1,6,0,0
P17375,H15,71,F,Medicaid,37,3,1,0,4,0,0
P17376,H03,69,M,Medicare,63,2,1,1,5,1,0
P17377,H09,70,F,Medicare,35,5,0,1,10,0,0
P17378,H20,73,M,Medicare,35,0,1,0,3,0,0
P17379,H04,50,F,Medicaid,14,2,2,0,3,0,0
P17380,H08,53,F,Medicare,53,1,0,1,12,0,0
P17381,H12,71,F,Commercial,55,2,1,0,5,0,1
P17382,H10,73,M,Commercial,27,1,2,1,7,0,0
P17383,H14,81,M,Medicare,20,1,1,0,4,0,0
P17384,H11,53,F,Medicare,64,3,1,0,7,1,0
P17385,H04,58,M,Medicare,28,3,2,0,3,0,0
P17386,H05,60,F,Medicare,30,0,1,1,5,0,0
P17387,H06,47,F,Medicare,38,0,1,0,8,0,0
P17388,H13,63,M,Medicare,28,0,1,0,4,0,0
P17389,H16,69,F,Medicaid,63,2,1,0,5,0,0
P17390,H09,81,F,Medicaid,62,1,0,1,7,0,0
P17391,H05,69,F,Commercial,42,1,2,0,7,1,0
P17392,H10,55,F,Commercial,56,1,1,0,7,0,0
P17393,H09,78,M,Medicare,17,3,0,0,3,0,1
P17394,H15,32,M,Medicare,66,0,0,0,8,0,0
P17395,H10,71,F,Medicare,48,1,1,0,5,0,0
P17396,H02,73,M,Medicaid,25,3,1,0,5,0,1
P17397,H03,80,M,Medicare,11,1,0,1,3,0,0
P17398,H05,94,F,Medicare,64,2,0,0,8,1,0
P17399,H09,62,F,Medicaid,57,1,0,0,7,0,0
P17400,H06,87,F,Commercial,28,6,2,1,5,0,0
P17401,H04,76,F,Medicare,8,4,1,0,2,0,0
P17402,H06,69,M,Commercial,14,4,0,1,2,0,0
P17403,H10,70,M,Medicare,35,2,4,1,5,0,0
P17404,H17,46,F,Medicare,56,1,0,0,5,0,0
P17405,H11,53,F,Commercial,58,2,1,1,6,0,0
P17406,H02,81,F,Medicare,50,2,0,0,5,0,0
P17407,H16,54,F,Commercial,84,1,0,1,7,0,0
P17408,H08,61,M,Medicare,7,2,0,0,4,0,0
P17409,H20,64,M,Commercial,32,3,0,1,9,0,0
P17410,H11,53,M,Medicare,59,2,0,1,5,0,0
P17411,H06,79,F,Medicare,54,0,1,0,9,0,0
P17412,H06,46,F,Commercial,28,1,2,1,3,0,0
P17413,H16,48,M,Medicaid,34,1,1,0,3,0,0
P17414,H07,64,F,Medicare,29,1,0,1,3,1,0
P17415,H05,66,F,Medicare,52,2,1,0,4,0,0
P17416,H09,59,M,Medicare,27,3,1,0,4,0,0
P17417,H01,66,M,Medicaid,42,0,2,0,5,0,0
P17418,H03,43,M,Medicare,48,2,1,1,4,0,0
P17419,H03,71,F,Commercial,45,5,1,1,6,0,0
P17420,H17,46,F,Commercial,59,2,1,0,8,0,1
P17421,H15,56,F,Commercial,78,0,0,0,8,0,0
P17422,H14,67,M,Medicaid,54,2,1,0,4,0,1
P17423,H03,56,F,Commercial,83,1,0,1,6,1,0
P17424,H03,63,F,Medicare,42,2,1,0,4,0,0
P17425,H14,70,F,Medicare,36,4,1,0,5,0,0
P17426,H08,51,M,Medicaid,52,0,1,0,6,0,0
P17427,H01,75,F,Commercial,13,3,0,0,5,0,0
P17428,H06,99,F,Commercial,47,3,3,0,4,0,0
P17429,H10,76,F,Commercial,16,2,1,0,4,0,0
P17430,H17,84,F,Medicare,11,3,1,0,2,0,0
P17431,H20,83,F,Medicare,39,2,1,0,8,0,0
P17432,H06,58,M,Commercial,39,0,0,0,6,0,0
P17433,H17,69,M,Commercial,62,3,1,1,7,1,1
P17434,H06,66,F,Medicaid,37,1,1,0,4,0,0
P17435,H17,77,F,Medicare,44,1,0,0,3,0,0
P17436,H18,86,M,Medicare,27,1,0,0,7,0,0
P17437,H04,66,F,Medicaid,47,1,0,1,5,0,0
P17438,H20,78,M,Commercial,19,1,0,1,4,0,0
P17439,H04,68,M,Medicare,19,7,1,0,3,0,0
P17440,H18,85,M,Medicare,40,1,0,0,4,0,0
P17441,H04,52,M,Medicare,24,1,1,0,3,0,0
P17442,H05,77,F,Medicare,83,4,0,0,6,1,1
P17443,H14,63,F,Medicaid,64,0,2,0,4,0,0
P17444,H20,56,F,Medicare,26,1,0,0,3,0,0
P17445,H15,97,F,Medicare,15,1,0,1,3,0,0
P17446,H19,94,F,Medicare,12,0,0,0,9,0,0
P17447,H09,50,M,Commercial,39,4,0,1,5,0,0
P17448,H18,58,F,Medicare,24,1,1,0,3,0,0
P17449,H01,58,F,Commercial,84,1,0,0,6,0,0
P17450,H18,69,F,Medicare,35,1,0,0,7,0,0
P17451,H03,73,M,Commercial,79,2,1,1,7,0,1
P17452,H14,58,M,Medicare,28,2,1,0,5,0,1
P17453,H17,62,M,Commercial,23,2,2,1,3,0,0
P17454,H06,40,M,Medicaid,55,2,2,0,9,0,0
P17455,H07,67,F,Commercial,18,2,0,1,8,1,0
P17456,H16,60,F,Medicaid,23,0,1,1,3,0,0
P17457,H12,73,M,Commercial,47,5,0,0,4,0,0
P17458,H08,78,F,Medicaid,30,3,1,0,7,0,0
P17459,H14,84,M,Commercial,63,2,0,1,5,0,1
P17460,H13,70,M,Medicare,41,0,1,0,5,0,0
P17461,H13,71,F,Commercial,38,3,1,1,5,0,0
P17462,H20,67,F,Medicare,49,2,1,0,14,0,0
P17463,H13,66,F,Medicare,60,2,0,0,7,0,0
P17464,H08,76,F,Medicare,36,2,0,0,5,0,0
P17465,H07,59,F,Medicaid,67,2,0,0,11,1,0
P17466,H14,80,F,Commercial,23,2,0,1,4,0,0
P17467,H12,76,F,Commercial,52,4,0,1,4,0,1
P17468,H10,79,F,Commercial,33,4,0,0,8,0,0
P17469,H13,85,M,Commercial,54,1,2,0,4,0,0
P17470,H02,63,M,Medicare,46,5,2,0,4,0,0
P17471,H01,41,F,Commercial,66,5,0,0,5,1,1
P17472,H09,72,M,Medicare,40,1,2,0,4,0,0
P17473,H08,89,M,Commercial,18,3,2,0,3,0,0
P17474,H18,85,M,Commercial,43,3,2,0,3,0,0
P17475,H08,57,F,Commercial,45,2,1,1,14,0,0
P17476,H18,54,M,Commercial,54,4,1,0,7,0,0
P17477,H01,52,M,Medicare,45,4,2,0,10,0,1
P17478,H14,32,F,Commercial,54,3,0,1,6,0,0
P17479,H15,66,M,Commercial,74,3,0,1,7,1,0
P17480,H05,77,M,Medicare,20,0,2,0,3,0,0
P17481,H15,59,F,Medicare,58,2,0,1,5,0,0
P17482,H15,91,M,Medicare,37,4,0,0,4,0,0
P17483,H16,76,M,Medicare,17,2,0,1,3,0,0
P17484,H19,81,F,Medicare,60,1,1,0,6,0,0
P17485,H13,42,M,Medicare,40,1,1,0,11,0,0
P17486,H08,61,M,Medicaid,44,3,1,0,6,1,0
P17487,H20,51,F,Medicare,18,2,0,0,9,0,0
P17488,H12,97,F,Medicare,49,0,2,0,4,0,1
P17489,H17,77,F,Medicare,12,0,0,0,6,0,0
P17490,H07,59,F,Medicare,39,0,0,1,4,1,0
P17491,H11,56,F,Commercial,67,2,1,0,5,0,0
P17492,H17,56,F,Medicaid,48,1,0,0,8,0,0
P17493,H08,48,F,Medicaid,79,1,2,0,8,0,0
P17494,H19,67,F,Commercial,53,0,0,0,5,0,0
P17495,H20,81,M,Commercial,43,1,1,0,4,0,0
P17496,H03,42,M,Commercial,7,0,2,0,2,0,0
P17497,H20,76,F,Medicare,52,3,1,0,5,0,0
P17498,H14,55,F,Medicare,46,2,1,1,6,0,1
P17499,H08,79,F,Commercial,26,0,0,0,4,0,0
P17500,H13,56,M,Medicare,14,5,2,0,3,0,0
P17501,H10,61,F,Medicare,13,3,1,0,3,0,0
P17502,H18,71,M,Medicare,27,3,1,1,4,0,0
P17503,H17,69,M,Medicare,9,2,1,0,6,0,0
P17504,H12,80,F,Medicare,50,1,0,0,6,0,1
P17505,H06,45,M,Commercial,25,1,2,0,4,0,0
P17506,H05,88,F,Medicare,43,1,0,0,8,0,0
P17507,H05,95,F,Commercial,35,1,1,1,6,0,0
P17508,H06,59,M,Medicare,25,2,1,1,4,0,0
P17509,H19,75,F,Medicaid,82,2,1,0,7,1,0
P17510,H16,57,M,Medicaid,61,3,0,0,6,0,1
P17511,H01,54,F,Medicare,58,2,1,0,8,0,0
P17512,H12,80,M,Medicaid,16,0,3,0,5,0,0
P17513,H20,58,F,Commercial,74,4,1,0,9,1,1
P17514,H16,82,M,Medicare,29,1,1,0,4,0,0
P17515,H13,57,M,Medicare,62,2,1,1,6,1,0
P17516,H13,60,F,Commercial,36,2,0,0,3,0,0
P17517,H04,44,M,Medicaid,9,1,0,0,5,0,0
P17518,H09,68,M,Medicare,34,2,1,0,4,0,0
P17519,H19,82,M,Medicare,18,5,0,0,3,1,0
P17520,H13,74,M,Medicare,18,4,1,0,4,0,0
P17521,H11,73,F,Medicare,27,4,0,0,5,0,0
P17522,H06,83,F,Commercial,46,2,0,1,6,0,0
P17523,H19,71,M,Medicare,14,0,0,0,3,0,0
P17524,H03,82,M,Commercial,35,0,0,0,6,0,0
P17525,H11,79,F,Commercial,36,2,0,0,4,0,0
P17526,H14,52,M,Medicare,23,3,0,0,5,0,0
P17527,H05,91,M,Medicare,82,0,0,0,8,0,0
P17528,H16,60,M,Medicaid,48,2,0,0,4,1,0
P17529,H02,59,M,Commercial,38,1,1,0,3,0,0
P17530,H08,62,M,Medicare,20,1,0,0,2,0,0
P17531,H16,91,M,Commercial,35,2,3,0,5,0,0
P17532,H19,44,M,Medicare,61,3,0,1,7,1,0
P17533,H15,85,M,Commercial,25,2,3,0,2,0,1
P17534,H02,70,M,Commercial,21,1,0,1,3,0,0
P17535,H04,56,F,Commercial,63,5,1,0,10,0,1
P17536,H20,72,M,Medicare,47,3,0,0,4,0,0
P17537,H20,56,F,Medicare,48,0,1,0,6,0,0
P17538,H09,81,F,Medicaid,12,0,0,0,3,0,0
P17539,H19,57,F,Commercial,64,2,1,1,6,0,0
P17540,H20,73,M,Medicare,58,1,1,0,7,0,0
P17541,H10,59,M,Medicare,22,1,1,0,5,0,1
P17542,H03,39,M,Medicaid,57,0,0,1,9,0,0
P17543,H16,22,F,Commercial,31,0,2,0,4,0,0
P17544,H15,83,F,Commercial,25,2,0,0,4,0,0
P17545,H02,51,F,Medicare,40,1,0,1,4,0,0
P17546,H04,59,F,Medicare,78,3,1,1,7,1,1
P17547,H13,63,M,Commercial,2,5,1,0,5,0,1
P17548,H14,83,F,Commercial,34,2,0,1,5,0,0
P17549,H04,83,F,Medicaid,48,3,0,1,5,1,0
P17550,H11,70,M,Medicare,38,0,1,0,4,0,0
P17551,H05,75,M,Medicare,16,1,1,0,7,0,0
P17552,H06,75,F,Medicare,76,3,0,0,9,1,1
P17553,H13,79,F,Medicaid,54,6,1,0,8,0,0
P17554,H15,64,M,Commercial,49,1,1,1,4,0,0
P17555,H01,61,F,Commercial,26,5,0,0,4,0,0
P17556,H03,66,F,Medicaid,42,2,0,0,4,0,0
P17557,H17,54,M,Medicare,71,3,1,0,5,1,0
P17558,H15,48,F,Medicare,53,2,2,1,5,0,1
P17559,H09,84,M,Commercial,51,0,0,0,9,0,0
P17560,H18,80,M,Commercial,94,1,0,1,10,0,1
P17561,H10,89,M,Medicare,8,2,0,0,3,0,0
P17562,H17,74,F,Medicare,50,1,1,1,9,0,0
P17563,H09,75,M,Medicare,12,3,0,0,3,0,0
P17564,H06,79,M,Commercial,53,0,1,0,7,0,0
P17565,H17,57,F,Medicare,63,2,1,0,6,0,0
P17566,H11,78,M,Medicaid,47,2,1,0,10,0,0
P17567,H19,47,F,Medicare,18,2,1,0,3,0,0
P17568,H14,77,M,Commercial,44,2,1,0,3,0,0
P17569,H02,46,M,Medicare,37,0,1,0,5,0,0
P17570,H05,75,M,Medicaid,47,1,0,0,5,0,0
P17571,H07,61,F,Commercial,53,1,0,0,5,1,0
P17572,H01,56,M,Medicare,31,3,0,1,6,0,0
P17573,H03,49,M,Medicare,32,3,0,0,4,0,0
P17574,H01,74,M,Medicare,66,1,0,1,5,0,1
P17575,H09,92,F,Medicaid,41,3,1,1,8,0,0
P17576,H14,64,F,Medicare,17,5,0,1,7,0,0
P17577,H04,61,M,Medicaid,21,1,0,1,2,0,0
P17578,H17,52,M,Medicare,54,3,0,0,5,0,0
P17579,H03,91,M,Commercial,53,3,0,0,8,0,0
P17580,H10,55,M,Commercial,37,1,0,0,3,0,0
P17581,H03,89,F,Commercial,42,1,0,1,15,0,0
P17582,H12,53,M,Commercial,29,0,0,0,4,0,0
P17583,H07,69,M,Medicare,52,3,0,0,5,1,1
P17584,H15,66,F,Medicare,11,4,1,0,4,0,0
P17585,H15,61,M,Commercial,87,0,1,0,8,0,0
P17586,H20,66,F,Medicare,17,2,0,0,18,0,0
P17587,H19,62,M,Commercial,59,2,1,0,10,0,0
P17588,H02,62,M,Medicare,41,1,1,0,4,0,0
P17589,H04,50,M,Medicare,35,0,1,0,6,0,0
P17590,H01,62,M,Medicaid,58,0,1,1,4,0,0
P17591,H08,71,F,Medicaid,58,2,1,1,7,0,0
P17592,H05,55,F,Medicare,12,0,1,1,5,0,0
P17593,H11,65,M,Medicaid,42,1,1,0,13,0,0
P17594,H10,65,M,Commercial,26,3,2,0,6,0,0
P17595,H11,82,M,Commercial,64,3,1,0,6,1,1
P17596,H13,54,M,Medicaid,30,0,0,1,5,0,0
P17597,H06,69,F,Commercial,13,0,1,0,2,0,0
P17598,H13,59,F,Medicare,26,3,0,1,3,0,0
P17599,H01,69,F,Medicaid,73,5,0,0,9,1,1
P17600,H03,61,M,Medicare,58,1,1,0,5,0,0
P17601,H04,61,F,Medicare,77,2,1,0,8,0,1
P17602,H19,59,F,Commercial,81,4,1,0,6,1,1
P17603,H04,58,M,Commercial,41,5,0,0,7,0,0
P17604,H04,66,F,Medicare,42,3,0,1,6,0,0
P17605,H19,59,F,Medicaid,27,1,0,0,9,0,0
P17606,H13,90,M,Commercial,30,1,0,1,3,0,0
P17607,H12,65,M,Medicare,54,3,0,0,4,0,0
P17608,H16,37,F,Commercial,41,1,0,0,4,0,0
P17609,H01,82,F,Medicaid,29,6,0,0,3,0,0
P17610,H16,91,M,Medicare,68,7,1,0,6,1,1
P17611,H04,92,M,Medicaid,78,3,0,1,7,1,1
P17612,H12,63,F,Commercial,18,2,0,1,3,0,0
P17613,H06,83,M,Medicaid,28,2,0,0,5,0,0
P17614,H13,74,M,Commercial,4,0,1,0,2,1,0
P17615,H19,82,M,Commercial,29,2,0,0,4,0,0
P17616,H09,77,M,Medicare,19,2,1,0,2,0,1
P17617,H15,81,F,Medicare,14,3,0,1,4,0,0
P17618,H17,99,M,Commercial,62,3,1,0,5,1,1
P17619,H14,71,M,Commercial,22,2,0,0,5,0,0
P17620,H08,70,F,Medicare,22,1,0,0,5,0,0
P17621,H02,59,F,Medicare,51,3,0,1,5,0,0
P17622,H05,58,M,Medicaid,68,1,2,0,5,0,0
P17623,H03,63,F,Medicare,22,5,0,0,6,0,0
P17624,H11,76,M,Medicare,24,3,1,0,6,0,0
P17625,H06,64,M,Medicaid,25,1,1,0,3,0,0
P17626,H11,72,F,Medicaid,21,3,2,0,3,0,0
P17627,H16,54,F,Commercial,19,2,1,0,2,0,0
P17628,H20,60,M,Commercial,22,3,2,1,4,0,0
P17629,H12,59,M,Commercial,40,2,1,0,5,0,0
P17630,H04,57,F,Commercial,33,3,1,0,7,0,0
P17631,H16,66,F,Medicare,71,0,0,1,5,0,1
P17632,H04,52,F,Medicare,24,2,1,1,2,0,0
P17633,H07,75,M,Commercial,4,2,1,0,2,1,0
P17634,H07,70,F,Medicare,16,1,0,0,4,1,0
P17635,H19,67,M,Medicaid,65,4,0,1,9,0,1
P17636,H03,83,M,Medicaid,38,4,2,0,5,0,1
P17637,H17,83,M,Commercial,53,7,1,0,10,0,0
P17638,H08,72,F,Commercial,53,2,0,0,5,0,0
P17639,H17,50,M,Commercial,47,3,0,0,4,0,0
P17640,H04,48,F,Medicaid,53,0,0,0,5,0,0
P17641,H16,90,M,Medicare,14,0,0,1,11,0,0
P17642,H14,71,M,Medicare,41,2,0,0,5,0,0
P17643,H11,67,F,Commercial,58,1,2,0,6,0,0
P17644,H13,86,M,Medicare,63,1,1,0,8,0,0
P17645,H18,49,F,Commercial,34,1,1,1,8,0,0
P17646,H06,68,M,Medicare,49,2,1,0,4,0,0
P17647,H07,52,F,Medicare,45,2,0,0,6,1,0
P17648,H03,72,F,Medicare,32,5,0,0,5,0,0
P17649,H02,56,M,Medicare,34,0,4,0,12,0,1
P17650,H13,67,M,Medicare,40,2,0,0,3,0,0
P17651,H20,72,F,Commercial,51,5,0,0,5,0,0
P17652,H04,75,M,Medicare,44,2,1,1,5,0,0
P17653,H19,63,M,Commercial,53,0,0,1,8,0,0
P17654,H13,72,M,Medicare,73,5,0,1,6,1,0
P17655,H05,66,M,Medicare,48,3,1,0,6,0,0
P17656,H04,91,M,Commercial,30,3,2,1,3,0,0
P17657,H16,79,F,Commercial,63,1,1,0,5,0,0
P17658,H19,41,M,Medicaid,34,3,0,0,5,0,0
P17659,H17,80,M,Commercial,37,0,0,1,4,0,0
P17660,H03,99,M,Medicaid,66,3,1,1,8,1,0
P17661,H14,68,M,Commercial,49,0,0,0,8,0,1
P17662,H20,54,M,Commercial,68,2,1,0,9,0,0
P17663,H05,86,M,Medicare,30,3,2,1,3,0,0
P17664,H06,82,M,Medicaid,56,3,1,0,7,0,0
P17665,H01,62,M,Medicare,49,2,0,1,12,0,0
P17666,H09,73,F,Medicare,19,1,0,0,3,0,0
P17667,H09,68,F,Commercial,42,2,0,1,3,0,0
P17668,H11,56,M,Medicare,60,2,0,0,6,0,0
P17669,H02,68,M,Commercial,48,2,0,1,5,0,0
P17670,H05,88,M,Commercial,54,0,0,0,5,0,0
P17671,H20,57,M,Commercial,28,2,1,0,6,0,0
P17672,H08,60,M,Medicaid,63,3,0,1,8,1,0
P17673,H09,68,F,Medicaid,70,2,1,0,6,1,0
P17674,H07,52,F,Medicare,46,3,2,0,7,1,0
P17675,H19,60,M,Commercial,41,0,0,0,4,0,0
P17676,H09,52,F,Medicaid,55,3,1,0,4,0,0
P17677,H10,69,F,Medicare,29,1,1,0,3,0,0
P17678,H19,54,F,Medicare,12,2,0,0,4,0,0
P17679,H13,54,F,Commercial,67,1,0,0,10,0,0
P17680,H05,60,M,Medicare,13,3,1,1,5,0,0
P17681,H11,94,F,Medicaid,55,1,0,1,4,0,1
P17682,H09,77,F,Commercial,23,1,0,1,4,0,0
P17683,H17,61,F,Medicare,64,7,0,0,8,1,0
P17684,H07,77,M,Commercial,22,2,1,0,4,1,0
P17685,H16,86,M,Medicaid,75,4,4,0,7,1,1
P17686,H11,63,F,Medicaid,40,0,0,0,6,0,0
P17687,H01,62,M,Medicare,21,0,1,0,9,0,1
P17688,H01,80,M,Commercial,39,1,0,0,9,0,0
P17689,H20,27,M,Commercial,55,2,1,0,6,0,0
P17690,H06,62,F,Medicare,25,3,0,0,4,0,0
P17691,H17,67,F,Medicare,51,2,1,0,6,1,0
P17692,H07,58,F,Medicare,82,1,0,1,7,1,0
P17693,H16,73,F,Commercial,29,0,1,0,5,0,0
P17694,H04,65,F,Medicaid,64,2,2,1,5,0,0
P17695,H05,69,F,Medicare,26,1,0,0,5,0,0
P17696,H18,66,M,Medicare,44,0,1,1,6,0,0
P17697,H18,69,M,Medicaid,21,3,2,0,3,0,0
P17698,H14,96,M,Medicaid,40,2,1,0,5,0,0
P17699,H01,59,F,Medicaid,64,4,0,0,6,1,0
P17700,H07,61,F,Medicare,24,2,1,0,3,1,0
P17701,H07,76,M,Medicaid,44,1,1,0,4,1,0
P17702,H18,58,M,Medicaid,77,1,0,0,8,0,0
P17703,H15,59,F,Medicare,27,4,0,0,3,0,1
P17704,H07,56,M,Medicare,51,1,0,0,4,1,0
P17705,H10,47,F,Medicare,48,2,0,0,4,0,0
P17706,H15,66,F,Medicare,34,1,2,0,7,0,0
P17707,H12,52,F,Commercial,41,4,2,1,9,0,0
P17708,H12,70,F,Medicare,73,1,0,0,7,0,0
P17709,H06,51,M,Medicare,37,3,1,0,5,0,0
P17710,H15,63,F,Medicare,22,2,0,0,5,0,0
P17711,H07,54,M,Medicare,75,4,1,0,6,1,1
P17712,H07,64,F,Commercial,42,1,2,0,7,1,0
P17713,H04,71,F,Medicaid,55,2,1,0,4,0,0
P17714,H07,50,F,Medicaid,46,2,0,0,4,1,0
P17715,H19,71,M,Medicare,20,1,1,0,5,0,0
P17716,H20,59,F,Commercial,48,2,1,0,5,0,0
P17717,H02,64,M,Commercial,27,0,0,1,3,0,0
P17718,H05,63,M,Commercial,28,2,0,0,3,0,1
P17719,H07,71,M,Medicare,65,1,1,1,7,1,1
P17720,H16,83,M,Commercial,38,1,1,0,4,0,1
P17721,H14,62,M,Commercial,38,1,0,0,9,0,0
P17722,H15,70,F,Medicare,37,0,2,1,3,0,1
P17723,H12,75,M,Commercial,60,1,0,0,10,0,0
P17724,H17,78,F,Medicaid,50,3,0,0,5,0,0
P17725,H14,47,M,Medicare,71,3,0,0,6,0,1
P17726,H02,81,M,Medicare,48,1,0,0,4,0,0
P17727,H04,79,M,Medicare,24,5,0,1,4,0,0
P17728,H01,56,M,Commercial,45,1,1,0,5,0,0
P17729,H19,67,M,Commercial,30,0,0,1,4,1,0
P17730,H17,57,M,Commercial,48,2,2,0,6,0,0
P17731,H17,57,F,Commercial,29,2,1,0,3,0,0
P17732,H17,73,F,Commercial,61,2,0,0,6,0,0
P17733,H01,71,M,Medicare,73,4,1,0,12,1,0
P17734,H11,80,F,Medicare,86,1,0,1,6,0,1
P17735,H10,59,F,Commercial,18,1,0,0,3,0,0
P17736,H10,30,M,Medicaid,80,0,0,1,9,0,0
P17737,H18,59,F,Commercial,26,2,0,0,4,0,0
P17738,H10,82,M,Medicaid,18,2,1,0,4,0,0
P17739,H13,62,F,Commercial,85,3,2,0,11,1,1
P17740,H15,58,F,Medicare,44,2,2,0,6,0,0
P17741,H07,38,M,Medicare,57,1,1,0,5,1,0
P17742,H02,56,F,Medicare,89,1,1,1,8,1,1
P17743,H20,66,F,Medicare,30,2,1,1,3,0,0
P17744,H06,66,M,Medicare,47,2,2,0,5,0,0
P17745,H10,51,F,Commercial,55,0,1,1,5,0,0
P17746,H09,73,F,Commercial,25,1,2,0,4,0,0
P17747,H20,83,F,Medicare,61,3,0,1,7,1,0
P17748,H11,77,M,Medicaid,51,1,2,0,5,0,0
P17749,H04,66,F,Medicare,83,3,1,1,6,1,1
P17750,H12,45,M,Medicare,73,3,2,0,8,0,1
P17751,H08,59,F,Medicare,63,1,0,1,4,0,0
P17752,H12,69,F,Medicare,60,4,2,1,4,1,1
P17753,H19,71,M,Commercial,7,4,0,0,5,0,0
P17754,H07,50,F,Medicare,20,1,0,0,3,1,0
P17755,H05,70,F,Medicare,17,2,2,0,4,0,0
P17756,H10,55,F,Medicare,13,2,0,1,7,0,0
P17757,H17,41,M,Medicaid,73,1,0,0,6,0,1
P17758,H07,59,M,Medicare,34,2,1,0,3,1,0
P17759,H20,63,M,Medicare,34,1,0,1,4,0,1
P17760,H12,90,M,Commercial,18,1,0,0,4,0,0
P17761,H18,61,F,Medicaid,55,2,2,0,5,0,1
P17762,H06,53,F,Commercial,73,2,1,0,10,0,0
P17763,H20,53,F,Medicare,72,1,1,0,6,1,1
P17764,H05,61,F,Medicare,11,3,0,0,3,0,0
P17765,H09,50,F,Medicare,38,1,0,0,3,0,0
P17766,H01,68,F,Medicaid,29,0,2,0,5,0,0
P17767,H02,87,M,Medicare,32,2,2,1,5,0,0
P17768,H08,77,M,Medicare,21,1,1,0,3,0,0
P17769,H18,77,M,Medicaid,49,5,1,0,8,0,0
P17770,H10,57,M,Medicaid,35,1,0,0,6,0,0
P17771,H15,84,M,Commercial,59,1,0,0,6,0,1
P17772,H04,52,M,Medicare,10,5,3,1,3,0,0
P17773,H20,49,F,Medicare,39,1,1,0,4,0,0
P17774,H09,50,F,Medicare,73,1,1,0,6,0,0
P17775,H13,99,F,Commercial,53,1,2,1,5,0,0
P17776,H10,71,F,Medicare,31,3,2,1,6,0,0
P17777,H09,65,M,Medicaid,43,6,2,1,6,1,0
P17778,H02,70,M,Medicare,45,2,1,0,6,0,0
P17779,H09,55,F,Commercial,55,1,1,0,6,0,0
P17780,H12,63,M,Medicare,10,3,1,1,4,0,0
P17781,H20,62,M,Medicare,87,4,3,1,7,1,1
P17782,H03,99,M,Medicaid,61,1,0,1,7,0,1
P17783,H13,87,M,Medicare,20,1,0,0,8,0,0
P17784,H14,78,M,Medicare,40,2,2,0,4,0,0
P17785,H04,71,M,Medicare,62,3,2,1,5,1,1
P17786,H10,73,F,Commercial,56,2,0,0,5,0,0
P17787,H06,76,M,Medicare,47,1,0,0,5,0,0
P17788,H18,69,F,Medicare,71,1,0,1,9,0,0
P17789,H14,66,F,Medicaid,9,2,2,0,4,0,0
P17790,H08,83,M,Commercial,31,2,2,1,8,0,0
P17791,H07,54,F,Medicare,69,2,1,0,7,1,0
P17792,H08,63,F,Medicare,37,3,0,1,5,0,0
P17793,H18,71,M,Commercial,37,2,2,0,6,0,0
P17794,H19,83,M,Commercial,41,3,0,1,4,0,0
P17795,H16,56,M,Commercial,10,0,1,0,2,0,0
P17796,H20,75,M,Medicare,58,5,2,0,5,1,0
P17797,H01,65,F,Medicare,62,1,2,0,7,0,0
P17798,H14,46,M,Commercial,45,0,2,0,7,0,0
P17799,H03,83,F,Commercial,58,3,0,0,7,0,0
P17800,H06,41,F,Medicare,20,2,1,0,4,0,0
P17801,H20,61,M,Medicare,29,5,1,0,5,0,0
P17802,H10,78,M,Commercial,63,1,1,0,5,0,0
P17803,H10,76,M,Medicare,15,3,1,0,7,0,0
P17804,H07,89,M,Commercial,61,2,0,0,5,1,0
P17805,H04,47,F,Medicare,40,1,1,0,3,0,0
P17806,H11,65,F,Medicare,33,2,1,0,7,0,0
P17807,H07,52,M,Medicare,75,1,0,0,6,1,0
P17808,H09,50,F,Commercial,65,2,0,0,9,0,0
P17809,H01,68,F,Medicaid,55,1,1,0,5,0,0
P17810,H10,72,F,Medicare,63,0,1,0,5,0,0
P17811,H17,72,M,Medicare,31,3,2,0,4,0,0
P17812,H12,84,F,Medicare,34,3,0,1,6,0,1
P17813,H05,84,F,Commercial,64,3,0,0,5,1,0
P17814,H20,65,F,Commercial,45,1,3,1,5,0,0
P17815,H03,65,M,Medicaid,60,0,1,0,9,0,0
P17816,H16,68,M,Commercial,29,2,1,0,4,0,0
P17817,H17,75,M,Medicare,42,5,0,0,9,0,0
P17818,H09,50,F,Medicaid,69,1,0,0,5,0,0
P17819,H19,64,M,Medicare,33,5,0,0,4,0,0
P17820,H08,60,M,Commercial,61,2,0,1,6,0,0
P17821,H06,72,M,Commercial,49,0,2,1,5,0,0
P17822,H09,80,M,Commercial,62,1,2,0,7,1,0
P17823,H16,66,M,Commercial,77,0,1,0,11,0,0
P17824,H20,87,F,Medicare,31,0,0,1,5,0,0
P17825,H12,84,M,Medicare,66,1,0,0,8,0,0
P17826,H01,75,M,Medicare,37,4,3,0,4,0,0
P17827,H14,67,M,Medicaid,48,1,0,1,7,0,0
P17828,H18,78,F,Medicaid,31,3,1,0,3,0,0
P17829,H12,73,F,Medicare,54,1,0,0,8,0,0
P17830,H10,70,M,Medicaid,71,2,1,0,5,0,0
P17831,H09,84,F,Medicare,95,2,1,0,9,0,0
P17832,H09,48,M,Commercial,31,1,3,0,4,1,0
P17833,H02,45,M,Medicare,11,1,1,1,11,0,0
P17834,H15,45,F,Commercial,26,1,0,0,6,0,0
P17835,H01,80,M,Medicare,54,1,0,1,10,0,0
P17836,H14,68,F,Medicare,27,2,0,0,3,0,0
P17837,H05,64,F,Commercial,40,1,2,0,6,0,0
P17838,H18,54,M,Medicare,47,1,0,1,13,0,0
P17839,H10,34,M,Commercial,35,3,1,0,5,0,1
P17840,H18,42,F,Medicare,39,1,0,0,5,0,0
P17841,H13,65,F,Medicare,82,2,0,0,7,0,0
P17842,H01,84,F,Medicare,71,4,3,0,9,1,1
P17843,H03,74,M,Medicare,9,1,0,0,5,0,0
P17844,H06,59,F,Medicare,66,3,0,0,5,1,1
P17845,H03,57,M,Medicare,69,3,0,0,5,1,0
P17846,H17,90,M,Medicare,44,4,1,0,4,0,0
P17847,H03,66,F,Medicaid,50,0,0,0,4,0,0
P17848,H20,62,M,Medicaid,30,2,0,0,3,0,0
P17849,H12,50,M,Medicare,39,4,2,0,4,0,0
P17850,H19,49,M,Medicare,79,1,0,0,14,0,1
P17851,H13,86,M,Medicaid,20,3,0,1,4,0,0
P17852,H04,58,F,Medicare,51,3,1,1,5,0,0
P17853,H19,67,M,Medicare,45,0,0,1,5,0,0
P17854,H12,79,F,Medicare,81,3,0,0,13,1,1
P17855,H13,78,M,Medicare,24,2,2,1,8,0,0
P17856,H08,39,F,Commercial,66,1,1,0,7,0,0
P17857,H12,63,F,Medicare,30,3,1,0,3,0,0
P17858,H07,67,F,Medicare,78,2,1,1,6,1,1
P17859,H02,53,M,Medicare,69,5,1,0,7,1,1
P17860,H19,69,M,Commercial,48,2,1,0,4,0,0
P17861,H15,59,F,Medicare,63,4,0,0,20,1,1
P17862,H16,66,F,Medicare,73,4,0,1,6,0,1
P17863,H14,54,F,Medicare,21,3,0,1,6,0,0
P17864,H17,68,F,Medicare,27,5,1,0,4,0,0
P17865,H20,65,F,Medicare,32,5,2,1,6,0,0
P17866,H06,62,F,Commercial,28,2,1,0,7,0,0
P17867,H05,64,F,Medicaid,17,1,1,1,5,0,0
P17868,H08,62,F,Commercial,30,1,0,0,4,0,0
P17869,H19,59,F,Medicare,58,3,1,0,6,0,1
P17870,H08,66,M,Medicare,49,1,2,0,11,0,0
P17871,H10,60,M,Medicaid,94,0,0,0,6,0,1
P17872,H16,57,M,Medicare,85,4,0,1,11,1,0
P17873,H11,62,F,Medicare,47,3,0,0,4,0,0
P17874,H19,83,M,Medicare,41,0,0,0,5,0,0
P17875,H16,64,F,Medicare,46,3,0,1,5,0,0
P17876,H07,80,M,Commercial,64,1,0,0,7,1,0
P17877,H11,55,F,Medicaid,48,1,0,0,4,0,0
P17878,H04,64,F,Commercial,26,0,1,0,6,0,0
P17879,H07,46,M,Medicaid,35,2,1,0,4,1,0
P17880,H04,84,F,Medicaid,31,1,0,0,4,0,0
P17881,H03,55,F,Medicare,60,3,0,0,5,0,1
P17882,H09,61,M,Medicare,67,4,0,0,11,1,1
P17883,H04,65,F,Medicaid,19,3,0,0,9,0,0
P17884,H08,58,F,Medicare,95,0,2,0,10,1,0
P17885,H14,74,F,Medicare,80,1,0,1,9,1,0
P17886,H02,60,F,Commercial,27,4,0,0,3,0,0
P17887,H07,83,M,Commercial,65,5,1,1,7,1,0
P17888,H15,71,M,Medicare,65,0,0,0,8,0,0
P17889,H16,62,M,Medicare,42,7,0,0,6,0,1
P17890,H07,61,F,Medicare,58,3,0,0,5,1,0
P17891,H10,62,M,Medicare,77,5,1,0,9,1,1
P17892,H17,41,F,Commercial,29,3,0,0,3,0,0
P17893,H16,64,M,Medicare,31,4,0,0,3,0,0
P17894,H17,76,F,Medicare,76,0,1,0,7,0,0
P17895,H17,58,M,Medicare,76,1,0,1,5,1,0
P17896,H02,70,M,Medicare,52,3,0,1,5,0,0
P17897,H18,67,M,Commercial,71,1,0,1,7,0,0
P17898,H06,54,F,Medicare,62,0,0,0,7,0,0
P17899,H13,61,M,Commercial,57,3,0,1,5,0,1
P17900,H17,40,F,Medicare,18,3,1,1,3,0,0
P17901,H04,62,F,Commercial,25,1,2,0,4,0,0
P17902,H06,63,F,Medicare,14,2,1,0,3,0,0
P17903,H11,68,F,Medicaid,34,2,3,1,3,0,0
P17904,H02,75,M,Medicare,25,1,2,0,5,0,0
P17905,H09,76,F,Medicare,47,3,1,0,5,0,0
P17906,H07,51,F,Medicare,48,1,0,1,12,1,0
P17907,H19,63,F,Commercial,31,5,0,0,7,0,0
P17908,H04,79,M,Medicare,27,3,0,0,4,0,0
P17909,H03,62,F,Medicare,46,1,0,1,4,0,0
P17910,H17,56,M,Medicaid,31,1,1,0,5,0,0
P17911,H09,75,M,Medicare,22,2,1,0,8,0,0
P17912,H06,67,F,Medicare,48,1,0,1,5,0,1
P17913,H19,70,F,Medicare,10,1,0,0,5,0,0
P17914,H09,75,M,Medicare,84,3,3,0,6,1,1
P17915,H13,75,M,Medicare,69,3,0,0,8,1,0
P17916,H11,70,M,Medicare,27,4,1,0,3,0,1
P17917,H01,80,F,Medicaid,83,2,0,0,9,0,0
P17918,H03,73,F,Medicare,31,1,0,1,3,0,0
P17919,H15,66,F,Medicaid,34,3,3,0,7,1,0
P17920,H12,70,F,Medicaid,28,0,0,0,4,0,0
P17921,H09,73,M,Medicare,56,2,1,0,9,0,0
P17922,H19,63,F,Medicare,65,2,1,0,8,0,0
P17923,H04,45,F,Commercial,60,0,0,1,5,0,0
P17924,H14,47,M,Medicaid,65,2,0,0,5,0,0
P17925,H12,47,F,Medicare,18,2,2,1,3,0,0
P17926,H15,99,M,Commercial,25,2,2,1,5,0,0
P17927,H18,68,M,Medicare,47,2,3,1,4,0,0
P17928,H09,55,F,Medicaid,61,2,3,1,4,0,0
P17929,H19,84,F,Medicaid,19,1,1,0,5,0,0
P17930,H03,58,M,Medicaid,52,2,1,0,5,0,0
P17931,H04,46,M,Medicare,60,3,0,0,4,1,1
P17932,H16,63,M,Commercial,80,1,0,0,10,0,0
P17933,H05,55,F,Commercial,44,0,0,0,7,0,0
P17934,H07,67,M,Medicare,76,4,1,0,5,1,1
P17935,H02,69,M,Medicare,34,1,0,0,4,0,0
P17936,H18,57,F,Medicare,46,2,2,0,8,0,0
P17937,H03,44,M,Medicaid,19,2,1,0,3,0,0
P17938,H06,36,M,Medicare,26,2,0,0,6,0,0
P17939,H03,39,M,Commercial,44,1,1,0,6,0,0
P17940,H03,71,F,Commercial,31,4,2,0,6,0,0
P17941,H15,74,F,Medicare,42,0,0,0,5,0,0
P17942,H17,59,F,Medicare,57,0,0,0,7,0,0
P17943,H03,99,M,Medicare,52,2,0,0,9,0,0
P17944,H11,99,F,Medicare,20,1,2,1,9,0,0
P17945,H15,44,M,Commercial,75,1,3,0,7,1,0
P17946,H04,61,F,Commercial,55,2,0,1,6,1,0
P17947,H03,64,F,Medicaid,45,2,1,0,6,0,0
P17948,H11,85,F,Medicaid,73,3,1,0,5,1,1
P17949,H14,75,M,Medicare,13,3,1,0,4,0,0
P17950,H10,75,M,Medicare,22,1,0,1,7,0,0
P17951,H16,74,M,Medicare,39,1,1,0,9,0,0
P17952,H10,49,F,Medicare,54,1,1,0,5,1,0
P17953,H07,61,F,Medicaid,45,1,0,0,5,1,0
P17954,H20,72,M,Commercial,33,3,0,0,6,0,0
P17955,H05,74,M,Medicare,25,2,2,1,7,0,0
P17956,H20,68,M,Commercial,23,4,1,0,5,0,0
P17957,H07,74,M,Medicaid,15,2,1,0,2,1,0
P17958,H11,65,M,Commercial,40,1,1,0,4,0,0
P17959,H08,68,F,Medicare,27,2,1,1,4,0,0
P17960,H13,65,M,Medicare,77,0,0,0,8,0,0
P17961,H07,82,M,Commercial,57,2,0,0,10,1,0
P17962,H09,90,F,Commercial,55,2,1,0,5,0,0
P17963,H12,50,M,Medicare,24,2,0,0,3,0,0
P17964,H04,60,M,Medicare,64,6,0,1,5,1,1
P17965,H19,58,F,Medicare,34,0,0,1,4,0,0
P17966,H13,61,F,Medicare,63,2,0,1,9,0,0
P17967,H06,41,F,Medicaid,7,2,2,0,2,0,0
P17968,H18,67,F,Commercial,27,1,1,0,4,0,0
P17969,H11,37,M,Medicare,55,0,2,0,6,1,0
P17970,H20,75,M,Commercial,18,2,1,0,2,0,0
P17971,H19,75,M,Medicare,25,1,0,0,4,0,0
P17972,H04,79,F,Commercial,81,2,0,0,10,1,0
P17973,H16,77,F,Medicare,68,2,1,1,8,1,0
P17974,H19,73,F,Medicare,55,4,1,0,6,0,0
P17975,H14,49,F,Medicare,23,1,0,0,4,0,0
P17976,H15,70,F,Medicaid,42,3,1,0,6,0,0
P17977,H08,64,F,Medicaid,59,1,1,0,6,0,0
P17978,H12,37,M,Medicare,45,0,0,0,6,0,0
P17979,H04,86,F,Medicare,41,2,1,1,5,1,0
P17980,H12,80,F,Commercial,68,3,2,0,5,1,1
P17981,H03,45,M,Medicare,44,0,0,0,4,0,0
P17982,H05,50,F,Medicaid,57,4,1,0,10,0,0
P17983,H05,62,F,Commercial,46,2,0,0,5,0,0
P17984,H03,85,M,Medicaid,32,1,0,0,5,0,0
P17985,H13,29,M,Medicare,24,3,1,1,7,0,0
P17986,H20,71,F,Commercial,31,2,1,1,4,0,0
P17987,H17,88,M,Medicare,33,1,1,0,7,0,0
P17988,H15,66,M,Medicaid,12,2,0,0,7,0,0
P17989,H07,95,F,Medicaid,52,4,2,1,4,1,0
P17990,H16,86,M,Medicare,40,1,0,0,4,0,0
P17991,H04,69,M,Medicare,89,4,0,0,8,1,1
P17992,H08,66,M,Medicare,6,0,2,1,1,0,0
P17993,H07,63,F,Medicare,30,1,0,0,4,1,0
P17994,H12,56,F,Medicare,26,2,0,1,3,0,0
P17995,H13,60,M,Medicare,39,2,2,0,4,0,1
P17996,H05,71,M,Medicare,58,1,0,1,5,0,1
P17997,H01,74,F,Medicare,37,1,0,0,9,0,0
P17998,H14,67,F,Medicare,21,3,0,0,6,0,0
P17999,H04,77,F,Medicaid,53,4,0,1,6,0,0
P18000,H15,84,M,Medicare,42,2,0,0,6,0,0
